canonical_record_id,primary_manifestation_id,title,year,source_channels,doi,pmid,openalex_id,official_document_number,member_manifestation_count,member_manifestation_ids,duplicate_status,duplicate_basis,preferred_version_reason,screening_status,provenance_status
CANON-00001,LEGAL:05/2026/TT-BKHCN,Ban hành Khung đạo đức trí tuệ nhân tạo quốc gia,2026,LEGAL_OFFICIAL_PORTAL,NOT_REPORTED,NOT_APPLICABLE,NOT_APPLICABLE,05/2026/TT-BKHCN,1,LEGAL:05/2026/TT-BKHCN,UNIQUE,NOT_APPLICABLE,Official legal/authority document priority.,PENDING_SCREENING,VERIFIED_RAW_MANIFEST
CANON-00002,PR07:MANIF-MINISTRY-01,Bác sĩ AI và bài toán nhân lực y tế: Hợp tác giữa công nghệ và ...,2026,PR07_PUBLIC_SOURCE,NOT_REPORTED,NOT_APPLICABLE,NOT_APPLICABLE,NOT_APPLICABLE,1,PR07:MANIF-MINISTRY-01,UNIQUE,NOT_APPLICABLE,Official legal/authority document priority.,PENDING_SCREENING,VERIFIED_RAW_MANIFEST
CANON-00003,PR07:MANIF-SENTINEL-02,"Hội thảo ứng dụng trí tuệ nhân tạo trong khám, chữa bệnh và ...",2026,PR07_PUBLIC_SOURCE,NOT_REPORTED,NOT_APPLICABLE,NOT_APPLICABLE,NOT_APPLICABLE,1,PR07:MANIF-SENTINEL-02,UNIQUE,NOT_APPLICABLE,Official legal/authority document priority.,PENDING_SCREENING,VERIFIED_RAW_MANIFEST
CANON-00004,LEGAL:134/2025/QH15,Luật Trí tuệ nhân tạo,2025,LEGAL_OFFICIAL_PORTAL,NOT_REPORTED,NOT_APPLICABLE,NOT_APPLICABLE,134/2025/QH15,1,LEGAL:134/2025/QH15,UNIQUE,NOT_APPLICABLE,Official legal/authority document priority.,PENDING_SCREENING,VERIFIED_RAW_MANIFEST
CANON-00005,LEGAL:55/2025/NĐ-CP,Nghị định 55/2025/NĐ-CP quy định chi tiết về quản lý và vận hành hệ thống thông tin y tế số,2025,LEGAL_OFFICIAL_PORTAL,NOT_REPORTED,NOT_APPLICABLE,NOT_APPLICABLE,55/2025/NĐ-CP,1,LEGAL:55/2025/NĐ-CP,UNIQUE,NOT_APPLICABLE,Official legal/authority document priority.,PENDING_SCREENING,VERIFIED_RAW_MANIFEST
CANON-00006,LEGAL:142/2026/NĐ-CP,Quy định chi tiết một số điều và biện pháp thi hành Luật Trí tuệ nhân tạo,2026,LEGAL_OFFICIAL_PORTAL,NOT_REPORTED,NOT_APPLICABLE,NOT_APPLICABLE,142/2026/NĐ-CP,1,LEGAL:142/2026/NĐ-CP,UNIQUE,NOT_APPLICABLE,Official legal/authority document priority.,PENDING_SCREENING,VERIFIED_RAW_MANIFEST
CANON-00007,PR07:MANIF-SENTINEL-03,Tìm hiểu ứng dụng trí tuệ nhân tạo trong y tế,2026,PR07_PUBLIC_SOURCE,NOT_REPORTED,NOT_APPLICABLE,NOT_APPLICABLE,NOT_APPLICABLE,1,PR07:MANIF-SENTINEL-03,UNIQUE,NOT_APPLICABLE,Official legal/authority document priority.,PENDING_SCREENING,VERIFIED_RAW_MANIFEST
CANON-00008,PR07:MANIF-MINISTRY-02,Tập huấn Ứng dụng trí tuệ nhân tạo trong công tác dân số,2026,PR07_PUBLIC_SOURCE,NOT_REPORTED,NOT_APPLICABLE,NOT_APPLICABLE,NOT_APPLICABLE,1,PR07:MANIF-MINISTRY-02,UNIQUE,NOT_APPLICABLE,Official legal/authority document priority.,PENDING_SCREENING,VERIFIED_RAW_MANIFEST
CANON-00009,PR07:MANIF-SENTINEL-05,Ứng dụng của trí tuệ nhân tạo AI trong chẩn đoán ung thư ...,2026,PR07_PUBLIC_SOURCE,NOT_REPORTED,NOT_APPLICABLE,NOT_APPLICABLE,NOT_APPLICABLE,1,PR07:MANIF-SENTINEL-05,UNIQUE,NOT_APPLICABLE,Official legal/authority document priority.,PENDING_SCREENING,VERIFIED_RAW_MANIFEST
CANON-00010,PR07:MANIF-SENTINEL-04,Ứng dụng trí tuệ nhân tạo góp phần nâng cao hiệu quả ...,2026,PR07_PUBLIC_SOURCE,NOT_REPORTED,NOT_APPLICABLE,NOT_APPLICABLE,NOT_APPLICABLE,1,PR07:MANIF-SENTINEL-04,UNIQUE,NOT_APPLICABLE,Official legal/authority document priority.,PENDING_SCREENING,VERIFIED_RAW_MANIFEST
CANON-00011,OPENALEX:W3174173373,"Internet of Things (IoT), Artificial Intelligence (AI) Applications for Various Sectors in Emerging Markets - and Risk Management Information System (RMIS) Issues",2021,OPENALEX,NOT_REPORTED,NOT_APPLICABLE,W3174173373,NOT_APPLICABLE,1,OPENALEX:W3174173373,UNIQUE,NOT_APPLICABLE,Single unique manifestation.,PENDING_SCREENING,VERIFIED_RAW_MANIFEST
CANON-00012,OPENALEX:W4367048429,A New Hope in the Fight Against Antimicrobial Resistance with Artificial Intelligence,2022,OPENALEX,NOT_REPORTED,NOT_APPLICABLE,W4367048429,NOT_APPLICABLE,1,OPENALEX:W4367048429,UNIQUE,NOT_APPLICABLE,Single unique manifestation.,PENDING_SCREENING,VERIFIED_RAW_MANIFEST
CANON-00013,OPENALEX:W7119234883,A Hybrid Architecture for Multi-Stage Claim Document Understanding: Combining Vision-Language Models and Machine Learning for Real-Time Processing,2026,OPENALEX,NOT_REPORTED,NOT_APPLICABLE,W7119234883,NOT_APPLICABLE,1,OPENALEX:W7119234883,UNIQUE,NOT_APPLICABLE,Single unique manifestation.,PENDING_SCREENING,VERIFIED_RAW_MANIFEST
CANON-00014,OPENALEX:W7128555477,ViHERMES: A Graph-Grounded Multihop Question Answering Benchmark and System for Vietnamese Healthcare Regulations,2026,OPENALEX,NOT_REPORTED,NOT_APPLICABLE,W7128555477,NOT_APPLICABLE,1,OPENALEX:W7128555477,UNIQUE,NOT_APPLICABLE,Single unique manifestation.,PENDING_SCREENING,VERIFIED_RAW_MANIFEST
CANON-00015,OPENALEX:W7131731536,PSF-Med: Measuring and Explaining Paraphrase Sensitivity in Medical Vision Language Models,2026,OPENALEX,NOT_REPORTED,NOT_APPLICABLE,W7131731536,NOT_APPLICABLE,1,OPENALEX:W7131731536,UNIQUE,NOT_APPLICABLE,Single unique manifestation.,PENDING_SCREENING,VERIFIED_RAW_MANIFEST
CANON-00016,OPENALEX:W7133407978,IP Frameworks and Innovation in the Agricultural Sector in Southeast Asia - A Legal Perspective,2024,OPENALEX,NOT_REPORTED,NOT_APPLICABLE,W7133407978,NOT_APPLICABLE,1,OPENALEX:W7133407978,UNIQUE,NOT_APPLICABLE,Single unique manifestation.,PENDING_SCREENING,VERIFIED_RAW_MANIFEST
CANON-00017,OPENALEX:W7133592185,Predictive modeling of direct medical costs among frail older adults with diabetes mellitus in a rural outpatient setting,2026,OPENALEX,NOT_REPORTED,NOT_APPLICABLE,W7133592185,NOT_APPLICABLE,1,OPENALEX:W7133592185,UNIQUE,NOT_APPLICABLE,Single unique manifestation.,PENDING_SCREENING,VERIFIED_RAW_MANIFEST
CANON-00018,OPENALEX:W7163777289,Toward Pre-Deployment Assurance for Enterprise AI Agents: Ontology-Grounded Simulation and Trust Certification,2026,OPENALEX,NOT_REPORTED,NOT_APPLICABLE,W7163777289,NOT_APPLICABLE,1,OPENALEX:W7163777289,UNIQUE,NOT_APPLICABLE,Single unique manifestation.,PENDING_SCREENING,VERIFIED_RAW_MANIFEST
CANON-00019,OPENALEX:W7165285162,A Comparison of Machine Learning Methods for Alzheimer's Disease Classification in Vietnamese Patients,2025,OPENALEX,NOT_REPORTED,NOT_APPLICABLE,W7165285162,NOT_APPLICABLE,1,OPENALEX:W7165285162,UNIQUE,NOT_APPLICABLE,Single unique manifestation.,PENDING_SCREENING,VERIFIED_RAW_MANIFEST
CANON-00020,PMID:35062809,The Impact of Cultural Dimensions of Clinicians on the Adoption of Artificial Intelligence in Healthcare.,2022,OPENALEX | PUBMED,NOT_REPORTED,35062809,NOT_APPLICABLE,NOT_APPLICABLE,2,OPENALEX:W4207093336 | PMID:35062809,DUPLICATE_ALIAS,PMID,Highest metadata completeness.,PENDING_SCREENING,VERIFIED_RAW_MANIFEST
CANON-00021,PMID:40960827,Accuracy of Artificial Intelligence vs Professionally Translated Discharge Instructions.,2025,OPENALEX | PUBMED,10.1001/jamanetworkopen.2025.32312,40960827,NOT_APPLICABLE,NOT_APPLICABLE,2,OPENALEX:W4414280387 | PMID:40960827,DUPLICATE_ALIAS,DOI | PMID,Highest metadata completeness.,PENDING_SCREENING,VERIFIED_RAW_MANIFEST
CANON-00022,OPENALEX:W4412117279,Perspectives on year 1 of <i>Alzheimer's &amp; Dementia: Behavior and Socioeconomics of Aging (BSEA)</i>,2025,OPENALEX,10.1002/bsa3.70026,NOT_APPLICABLE,W4412117279,NOT_APPLICABLE,1,OPENALEX:W4412117279,UNIQUE,NOT_APPLICABLE,Single unique manifestation.,PENDING_SCREENING,VERIFIED_RAW_MANIFEST
CANON-00023,OPENALEX:W2979564905,PROTOCOL: Megamap of systematic reviews and evidence and gap maps on the effectiveness of interventions to improve child well‐being in low‐ and middle‐income countries,2019,OPENALEX,10.1002/cl2.1057,37016600,W2979564905,NOT_APPLICABLE,1,OPENALEX:W2979564905,UNIQUE,NOT_APPLICABLE,Single unique manifestation.,PENDING_SCREENING,VERIFIED_RAW_MANIFEST
CANON-00024,PMID:39165074,A simple nomogram to predict dengue shock syndrome: A study of 4522 south east Asian children.,2024,OPENALEX | PUBMED,10.1002/jmv.29874,39165074,NOT_APPLICABLE,NOT_APPLICABLE,2,OPENALEX:W4401717407 | PMID:39165074,DUPLICATE_ALIAS,DOI | PMID,Highest metadata completeness.,PENDING_SCREENING,VERIFIED_RAW_MANIFEST
CANON-00025,OPENALEX:W3115853236,2020 Global Pediatric Pulmonology Alliance (GPPA) Forum on COVID‐19,2020,OPENALEX,10.1002/ped4.12229,33376948,W3115853236,NOT_APPLICABLE,1,OPENALEX:W3115853236,UNIQUE,NOT_APPLICABLE,Single unique manifestation.,PENDING_SCREENING,VERIFIED_RAW_MANIFEST
CANON-00026,OPENALEX:W7116755653,A New Face of <i>Respirology</i> : Keeping Up With the Rich Tradition While Embracing New Developments,2025,OPENALEX,10.1002/resp.70188,41423349,W7116755653,NOT_APPLICABLE,1,OPENALEX:W7116755653,UNIQUE,NOT_APPLICABLE,Single unique manifestation.,PENDING_SCREENING,VERIFIED_RAW_MANIFEST
CANON-00027,OPENALEX:W4392706664,Research activities at Hanoi National University of Education ‐ 70 years of development,2022,OPENALEX,10.1002/vjch.202200133,NOT_APPLICABLE,W4392706664,NOT_APPLICABLE,1,OPENALEX:W4392706664,UNIQUE,NOT_APPLICABLE,Single unique manifestation.,PENDING_SCREENING,VERIFIED_RAW_MANIFEST
CANON-00028,OPENALEX:W4205979214,Patient Classification Based on Symptoms Using Machine Learning Algorithms Supporting Hospital Admission,2021,OPENALEX,10.1007/978-3-030-92942-8_4,NOT_APPLICABLE,W4205979214,NOT_APPLICABLE,1,OPENALEX:W4205979214,UNIQUE,NOT_APPLICABLE,Single unique manifestation.,PENDING_SCREENING,VERIFIED_RAW_MANIFEST
CANON-00029,OPENALEX:W4389510789,Selection of Optimal Mathematical Models for Simulating and Forecasting Vertical Movements,2023,OPENALEX,10.1007/978-3-031-43759-5_23,NOT_APPLICABLE,W4389510789,NOT_APPLICABLE,1,OPENALEX:W4389510789,UNIQUE,NOT_APPLICABLE,Single unique manifestation.,PENDING_SCREENING,VERIFIED_RAW_MANIFEST
CANON-00030,OPENALEX:W4387789526,DIKO: A Two-Stage Hybrid Network for Knee Osteoarthritis Diagnosis Using Deep Learning,2023,OPENALEX,10.1007/978-3-031-46573-4_33,NOT_APPLICABLE,W4387789526,NOT_APPLICABLE,1,OPENALEX:W4387789526,UNIQUE,NOT_APPLICABLE,Single unique manifestation.,PENDING_SCREENING,VERIFIED_RAW_MANIFEST
CANON-00031,OPENALEX:W4391176491,Investigating Air Pollution Dynamics in Ho Chi Minh City: A Spatiotemporal Study Leveraging XAI-SHAP Clustering Methodology,2024,OPENALEX,10.1007/978-3-031-50485-3_20,NOT_APPLICABLE,W4391176491,NOT_APPLICABLE,1,OPENALEX:W4391176491,UNIQUE,NOT_APPLICABLE,Single unique manifestation.,PENDING_SCREENING,VERIFIED_RAW_MANIFEST
CANON-00032,OPENALEX:W4393337089,"Structural Health Monitoring, Real Applications of Bridges in Vietnam",2024,OPENALEX,10.1007/978-3-031-57224-1_26,NOT_APPLICABLE,W4393337089,NOT_APPLICABLE,1,OPENALEX:W4393337089,UNIQUE,NOT_APPLICABLE,Single unique manifestation.,PENDING_SCREENING,VERIFIED_RAW_MANIFEST
CANON-00033,OPENALEX:W4411042308,Towards ADHD Identification in Children Through Eye Tracker Data Analysis,2025,OPENALEX,10.1007/978-3-031-90194-2_22,NOT_APPLICABLE,W4411042308,NOT_APPLICABLE,1,OPENALEX:W4411042308,UNIQUE,NOT_APPLICABLE,Single unique manifestation.,PENDING_SCREENING,VERIFIED_RAW_MANIFEST
CANON-00034,OPENALEX:W7118365856,Enhancing Health Insurance for Farmers in Vietnam’s Mekong Delta: Influential Factors and Policy Directions,2026,OPENALEX,10.1007/978-3-032-03183-9_5,NOT_APPLICABLE,W7118365856,NOT_APPLICABLE,1,OPENALEX:W7118365856,UNIQUE,NOT_APPLICABLE,Single unique manifestation.,PENDING_SCREENING,VERIFIED_RAW_MANIFEST
CANON-00035,OPENALEX:W7149578558,Towards Interpretable Martial Arts Training: A Lightweight Attention-Based Approach for Vovinam Action Recognition,2026,OPENALEX,10.1007/978-3-032-21625-0_38,NOT_APPLICABLE,W7149578558,NOT_APPLICABLE,1,OPENALEX:W7149578558,UNIQUE,NOT_APPLICABLE,Single unique manifestation.,PENDING_SCREENING,VERIFIED_RAW_MANIFEST
CANON-00036,OPENALEX:W3214421139,Covid-19 Face Mask Prediction Using Machine Learning Techniques,2021,OPENALEX,10.1007/978-981-16-3690-5_69,NOT_APPLICABLE,W3214421139,NOT_APPLICABLE,1,OPENALEX:W3214421139,UNIQUE,NOT_APPLICABLE,Single unique manifestation.,PENDING_SCREENING,VERIFIED_RAW_MANIFEST
CANON-00037,OPENALEX:W4226333433,"Technology Devices in Sport Education, Technology Applications with Wearable Sensor and Accelerometer in Physical Exercises—And Ho Chi Minh and Lenin Ideologies on Physical Exercise for the Youth",2022,OPENALEX,10.1007/978-981-16-9756-2_17,NOT_APPLICABLE,W4226333433,NOT_APPLICABLE,1,OPENALEX:W4226333433,UNIQUE,NOT_APPLICABLE,Single unique manifestation.,PENDING_SCREENING,VERIFIED_RAW_MANIFEST
CANON-00038,OPENALEX:W4226367125,"Applications of Statistic Softwares, IT and Artificial Intelligence—A Research Case on ByPass Behavior of Patients at Vietnam Hospitals",2022,OPENALEX,10.1007/978-981-16-9756-2_18,NOT_APPLICABLE,W4226367125,NOT_APPLICABLE,1,OPENALEX:W4226367125,UNIQUE,NOT_APPLICABLE,Single unique manifestation.,PENDING_SCREENING,VERIFIED_RAW_MANIFEST
CANON-00039,OPENALEX:W4312581401,Predictive Modelling of Diseases Based on a Network and Machine Learning Approach,2022,OPENALEX,10.1007/978-981-19-8234-7_50,NOT_APPLICABLE,W4312581401,NOT_APPLICABLE,1,OPENALEX:W4312581401,UNIQUE,NOT_APPLICABLE,Single unique manifestation.,PENDING_SCREENING,VERIFIED_RAW_MANIFEST
CANON-00040,OPENALEX:W7164387246,ViHERMES: A Graph-Grounded Multihop Question Answering Benchmark and System for Vietnamese Healthcare Regulations,2026,OPENALEX,10.1007/978-981-92-0071-9_22,NOT_APPLICABLE,W7164387246,NOT_APPLICABLE,1,OPENALEX:W7164387246,UNIQUE,NOT_APPLICABLE,Single unique manifestation.,PENDING_SCREENING,VERIFIED_RAW_MANIFEST
CANON-00041,OPENALEX:W7164428448,Identifying Distress in Vietnamese Narratives: Dataset Construction and Model Benchmarking,2026,OPENALEX,10.1007/978-981-92-0071-9_36,NOT_APPLICABLE,W7164428448,NOT_APPLICABLE,1,OPENALEX:W7164428448,UNIQUE,NOT_APPLICABLE,Single unique manifestation.,PENDING_SCREENING,VERIFIED_RAW_MANIFEST
CANON-00042,OPENALEX:W7168423530,Graph Retrieval-Augmented Language Model for Question Answering of Vietnamese Law,2026,OPENALEX,10.1007/978-981-92-2885-0_22,NOT_APPLICABLE,W7168423530,NOT_APPLICABLE,1,OPENALEX:W7168423530,UNIQUE,NOT_APPLICABLE,Single unique manifestation.,PENDING_SCREENING,VERIFIED_RAW_MANIFEST
CANON-00043,OPENALEX:W7168293668,NEM: A Numerical Exact Match Subtype-Aware Metric Family for eXplainable Numerical Accuracy in Specialized Chatbots,2026,OPENALEX,10.1007/978-981-92-2891-1_5,NOT_APPLICABLE,W7168293668,NOT_APPLICABLE,1,OPENALEX:W7168293668,UNIQUE,NOT_APPLICABLE,Single unique manifestation.,PENDING_SCREENING,VERIFIED_RAW_MANIFEST
CANON-00044,OPENALEX:W4416508169,Applying Ensemble Machine Learning Model to Explain the Causes of Stroke,2025,OPENALEX,10.1007/978-981-95-4963-4_14,NOT_APPLICABLE,W4416508169,NOT_APPLICABLE,1,OPENALEX:W4416508169,UNIQUE,NOT_APPLICABLE,Single unique manifestation.,PENDING_SCREENING,VERIFIED_RAW_MANIFEST
CANON-00045,OPENALEX:W4416279159,Intelligent Post-operative Room Systems: A Cost-Effective Design for Enhanced Patient Care in Resource-Limited Settings,2025,OPENALEX,10.1007/978-981-96-6250-0_5,NOT_APPLICABLE,W4416279159,NOT_APPLICABLE,1,OPENALEX:W4416279159,UNIQUE,NOT_APPLICABLE,Single unique manifestation.,PENDING_SCREENING,VERIFIED_RAW_MANIFEST
CANON-00046,OPENALEX:W4412923159,Social Pharmacy,2025,OPENALEX,10.1007/978-981-97-0821-5_121-1,NOT_APPLICABLE,W4412923159,NOT_APPLICABLE,1,OPENALEX:W4412923159,UNIQUE,NOT_APPLICABLE,Single unique manifestation.,PENDING_SCREENING,VERIFIED_RAW_MANIFEST
CANON-00047,OPENALEX:W4404160554,A Comparative Analysis of Machine Learning Algorithms to Predict Dengue Shock Syndrome,2024,OPENALEX,10.1007/978-981-97-9793-6_19,NOT_APPLICABLE,W4404160554,NOT_APPLICABLE,1,OPENALEX:W4404160554,UNIQUE,NOT_APPLICABLE,Single unique manifestation.,PENDING_SCREENING,VERIFIED_RAW_MANIFEST
CANON-00048,OPENALEX:W7117488622,Teaching the machine to heal in Vietnam,2025,OPENALEX,10.1007/s00146-025-02794-w,NOT_APPLICABLE,W7117488622,NOT_APPLICABLE,1,OPENALEX:W7117488622,UNIQUE,NOT_APPLICABLE,Single unique manifestation.,PENDING_SCREENING,VERIFIED_RAW_MANIFEST
CANON-00049,PMID:42258012,Integrating google trends and hybrid statistical-machine learning models for dengue surveillance in an inland vietnamese province: a 94-month evaluation (2013-2021) with search-signal anomaly screening.,2026,OPENALEX | PUBMED,10.1007/s00484-026-03241-1,42258012,NOT_APPLICABLE,NOT_APPLICABLE,2,OPENALEX:W7163924730 | PMID:42258012,DUPLICATE_ALIAS,DOI | PMID,Highest metadata completeness.,PENDING_SCREENING,VERIFIED_RAW_MANIFEST
CANON-00050,PMID:41134419,"Assessment of climate change impacts on arsenic contamination in groundwater through machine learning, remote sensing, and GIS: a review.",2025,OPENALEX | PUBMED,10.1007/s10653-025-02837-7,41134419,NOT_APPLICABLE,NOT_APPLICABLE,2,OPENALEX:W4415493928 | PMID:41134419,DUPLICATE_ALIAS,DOI | PMID,Highest metadata completeness.,PENDING_SCREENING,VERIFIED_RAW_MANIFEST
CANON-00051,PMID:39714636,Mapping of high-resolution daily particulate matter (PM(2.5)) concentration at the city level through a machine learning-based downscaling approach.,2024,OPENALEX | PUBMED,10.1007/s10661-024-13562-6,39714636,NOT_APPLICABLE,NOT_APPLICABLE,2,OPENALEX:W4405692007 | PMID:39714636,DUPLICATE_ALIAS,DOI | PMID,Highest metadata completeness.,PENDING_SCREENING,VERIFIED_RAW_MANIFEST
CANON-00052,PMID:41575711,Machine Learning-Assisted Autism Risk Stratification in Toddlers Using the Vietnamese M-CHAT-R and Perinatal Predictors: A Cross-Sectional Study in Vietnam.,2026,OPENALEX | PUBMED,10.1007/s10803-026-07227-1,41575711,NOT_APPLICABLE,NOT_APPLICABLE,2,OPENALEX:W7125482525 | PMID:41575711,DUPLICATE_ALIAS,DOI | PMID,Highest metadata completeness.,PENDING_SCREENING,VERIFIED_RAW_MANIFEST
CANON-00053,OPENALEX:W4280604323,Predicting Hypertension Based on Machine Learning Methods: A Case Study in Northwest Vietnam,2022,OPENALEX,10.1007/s11036-022-01984-w,NOT_APPLICABLE,W4280604323,NOT_APPLICABLE,1,OPENALEX:W4280604323,UNIQUE,NOT_APPLICABLE,Single unique manifestation.,PENDING_SCREENING,VERIFIED_RAW_MANIFEST
CANON-00054,OPENALEX:W4408332091,Assessing flood susceptibility in Hanoi using machine learning and remote sensing: implications for urban health and resilience,2025,OPENALEX,10.1007/s11069-025-07211-5,NOT_APPLICABLE,W4408332091,NOT_APPLICABLE,1,OPENALEX:W4408332091,UNIQUE,NOT_APPLICABLE,Single unique manifestation.,PENDING_SCREENING,VERIFIED_RAW_MANIFEST
CANON-00055,PMID:31916153,Inland harmful cyanobacterial bloom prediction in the eutrophic Tri An Reservoir using satellite band ratio and machine learning approaches.,2020,PUBMED,10.1007/s11356-019-07519-3,31916153,NOT_APPLICABLE,NOT_APPLICABLE,1,PMID:31916153,UNIQUE,NOT_APPLICABLE,Single unique manifestation.,PENDING_SCREENING,VERIFIED_RAW_MANIFEST
CANON-00056,OPENALEX:W4205227880,"Use of GIS and machine learning to predict disease in shrimp farmed on the east coast of the Mekong Delta, Vietnam",2022,OPENALEX,10.1007/s12562-021-01577-8,NOT_APPLICABLE,W4205227880,NOT_APPLICABLE,1,OPENALEX:W4205227880,UNIQUE,NOT_APPLICABLE,Single unique manifestation.,PENDING_SCREENING,VERIFIED_RAW_MANIFEST
CANON-00057,OPENALEX:W4416105290,"AI-Driven Climate-Health Forecasting: A Machine Learning Model for Epidemic Risk Prediction in Ba Ria-Vung Tau, Vietnam",2025,OPENALEX,10.1007/s41748-025-00906-6,NOT_APPLICABLE,W4416105290,NOT_APPLICABLE,1,OPENALEX:W4416105290,UNIQUE,NOT_APPLICABLE,Single unique manifestation.,PENDING_SCREENING,VERIFIED_RAW_MANIFEST
CANON-00058,OPENALEX:W7161937371,"Machine Learning-Based Geospatial Modeling of Typhoon-Induced Urban Flood Susceptibility Using Gradient Boosting Machine, Deep Neural Network, and SHAP Interpretability",2026,OPENALEX,10.1007/s41976-026-00291-2,NOT_APPLICABLE,W7161937371,NOT_APPLICABLE,1,OPENALEX:W7161937371,UNIQUE,NOT_APPLICABLE,Single unique manifestation.,PENDING_SCREENING,VERIFIED_RAW_MANIFEST
CANON-00059,OPENALEX:W7166089943,Ethics meets innovation: Navigating public health and sustainable agriculture in the battle against AMR,2026,OPENALEX,10.1016/b978-0-443-27781-8.00021-x,NOT_APPLICABLE,W7166089943,NOT_APPLICABLE,1,OPENALEX:W7166089943,UNIQUE,NOT_APPLICABLE,Single unique manifestation.,PENDING_SCREENING,VERIFIED_RAW_MANIFEST
CANON-00060,OPENALEX:W4404613884,Identification of the risk of osteoporosis in older Vietnamese women using artificial intelligence and machine learning,2024,OPENALEX,10.1016/b978-0-443-32892-3.00005-1,NOT_APPLICABLE,W4404613884,NOT_APPLICABLE,1,OPENALEX:W4404613884,UNIQUE,NOT_APPLICABLE,Single unique manifestation.,PENDING_SCREENING,VERIFIED_RAW_MANIFEST
CANON-00061,PMID:41232742,"Harnessing artificial intelligence for dengue forecasting in climate-vulnerable regions: A narrative review with insights from Ba Ria-Vung Tau, Vietnam.",2025,OPENALEX | PUBMED,10.1016/j.actatropica.2025.107909,41232742,NOT_APPLICABLE,NOT_APPLICABLE,2,OPENALEX:W4416146169 | PMID:41232742,DUPLICATE_ALIAS,DOI | PMID,Highest metadata completeness.,PENDING_SCREENING,VERIFIED_RAW_MANIFEST
CANON-00062,PMID:42497621,"AI awareness, AI fear of missing out, and work demotivation as pathways to occupational strain in Vietnamese hospitality employees.",2026,PUBMED,10.1016/j.actpsy.2026.107517,42497621,NOT_APPLICABLE,NOT_APPLICABLE,1,PMID:42497621,UNIQUE,NOT_APPLICABLE,Single unique manifestation.,PENDING_SCREENING,VERIFIED_RAW_MANIFEST
CANON-00063,PMID:41969604,Artificial intelligence-assisted screening reveals high prevalence of osteoporosis in Vietnamese adults using pelvic and hip radiographs.,2026,OPENALEX | PUBMED,10.1016/j.afos.2026.01.002,41969604,NOT_APPLICABLE,NOT_APPLICABLE,2,OPENALEX:W7128002164 | PMID:41969604,DUPLICATE_ALIAS,DOI | PMID,Highest metadata completeness.,PENDING_SCREENING,VERIFIED_RAW_MANIFEST
CANON-00064,OPENALEX:W7167820862,An integrated deep learning and large language model for automated knee osteoarthritis grading and reporting from the Vietnam Osteoporosis Study,2026,OPENALEX,10.1016/j.afos.2026.05.003,NOT_APPLICABLE,W7167820862,NOT_APPLICABLE,1,OPENALEX:W7167820862,UNIQUE,NOT_APPLICABLE,Single unique manifestation.,PENDING_SCREENING,VERIFIED_RAW_MANIFEST
CANON-00065,OPENALEX:W4319994231,New year greetings from the Editor-in-Chief of the Asia–Pacific Journal of Oncology Nursing,2023,OPENALEX,10.1016/j.apjon.2023.100185,36814522,W4319994231,NOT_APPLICABLE,1,OPENALEX:W4319994231,UNIQUE,NOT_APPLICABLE,Single unique manifestation.,PENDING_SCREENING,VERIFIED_RAW_MANIFEST
CANON-00066,OPENALEX:W3094688352,Pushing Back Against Ageism,2020,OPENALEX,10.1016/j.carage.2020.10.023,NOT_APPLICABLE,W3094688352,NOT_APPLICABLE,1,OPENALEX:W3094688352,UNIQUE,NOT_APPLICABLE,Single unique manifestation.,PENDING_SCREENING,VERIFIED_RAW_MANIFEST
CANON-00067,PMID:38817706,Feasibility of Using an Artificial Intelligence-based Telephone Application for Dietary Assessment and Nudging to Improve the Quality of Food Choices of Female Adolescents in Vietnam: Evidence from a Randomized Pilot Study.,2024,PUBMED,10.1016/j.cdnut.2023.102063,38817706,NOT_APPLICABLE,NOT_APPLICABLE,1,PMID:38817706,UNIQUE,NOT_APPLICABLE,Single unique manifestation.,PENDING_SCREENING,VERIFIED_RAW_MANIFEST
CANON-00068,OPENALEX:W4413123648,Moderating the AI Revolution: Perceived threat and generative AI implementation in Vietnamese hospitals,2025,OPENALEX,10.1016/j.chbr.2025.100774,NOT_APPLICABLE,W4413123648,NOT_APPLICABLE,1,OPENALEX:W4413123648,UNIQUE,NOT_APPLICABLE,Single unique manifestation.,PENDING_SCREENING,VERIFIED_RAW_MANIFEST
CANON-00069,PMID:34118630,Performance evaluation of nanotubular halloysites from weathered pegmatites in removing heavy metals from water through novel artificial intelligence-based models and human-based optimization algorithm.,2021,OPENALEX | PUBMED,10.1016/j.chemosphere.2021.131012,34118630,NOT_APPLICABLE,NOT_APPLICABLE,2,OPENALEX:W3169122073 | PMID:34118630,DUPLICATE_ALIAS,DOI | PMID,Highest metadata completeness.,PENDING_SCREENING,VERIFIED_RAW_MANIFEST
CANON-00070,PMID:39154769,Accurate PM(2.5) urban air pollution forecasting using multivariate ensemble learning Accounting for evolving target distributions.,2024,PUBMED,10.1016/j.chemosphere.2024.143097,39154769,NOT_APPLICABLE,NOT_APPLICABLE,1,PMID:39154769,UNIQUE,NOT_APPLICABLE,Single unique manifestation.,PENDING_SCREENING,VERIFIED_RAW_MANIFEST
CANON-00071,PMID:39987667,Fine-tuning large language models for improved health communication in low-resource languages.,2025,OPENALEX | PUBMED,10.1016/j.cmpb.2025.108655,39987667,NOT_APPLICABLE,NOT_APPLICABLE,2,OPENALEX:W4407393353 | PMID:39987667,DUPLICATE_ALIAS,DOI | PMID,Highest metadata completeness.,PENDING_SCREENING,VERIFIED_RAW_MANIFEST
CANON-00072,PMID:38815363,Towards a machine-learning assisted non-invasive classification of dengue severity using wearable PPG data: a prospective clinical study.,2024,OPENALEX | PUBMED,10.1016/j.ebiom.2024.105164,38815363,NOT_APPLICABLE,NOT_APPLICABLE,2,OPENALEX:W4399129797 | PMID:38815363,DUPLICATE_ALIAS,DOI | PMID,Highest metadata completeness.,PENDING_SCREENING,VERIFIED_RAW_MANIFEST
CANON-00073,OPENALEX:W4393339458,"Microplastic pollution in Vietnam's estuarine, coastal and riverine environments: Research advances and future prospects",2024,OPENALEX,10.1016/j.ecss.2024.108749,NOT_APPLICABLE,W4393339458,NOT_APPLICABLE,1,OPENALEX:W4393339458,UNIQUE,NOT_APPLICABLE,Single unique manifestation.,PENDING_SCREENING,VERIFIED_RAW_MANIFEST
CANON-00074,PMID:39922126,"Generative AI chatbots for reliable cancer information: Evaluating web-search, multilingual, and reference capabilities of emerging large language models.",2025,OPENALEX | PUBMED,10.1016/j.ejca.2025.115274,39922126,NOT_APPLICABLE,NOT_APPLICABLE,2,OPENALEX:W4407095344 | PMID:39922126,DUPLICATE_ALIAS,DOI | PMID,Highest metadata completeness.,PENDING_SCREENING,VERIFIED_RAW_MANIFEST
CANON-00075,OPENALEX:W4317470412,Antimicrobial stewardship at the emergency department: Dead bugs do not mutate!,2023,OPENALEX,10.1016/j.ejim.2023.01.014,36669904,W4317470412,NOT_APPLICABLE,1,OPENALEX:W4317470412,UNIQUE,NOT_APPLICABLE,Single unique manifestation.,PENDING_SCREENING,VERIFIED_RAW_MANIFEST
CANON-00076,PMID:36842381,"Multi-output machine learning model for regional air pollution forecasting in Ho Chi Minh City, Vietnam.",2023,OPENALEX | PUBMED,10.1016/j.envint.2023.107848,36842381,NOT_APPLICABLE,NOT_APPLICABLE,2,OPENALEX:W4321595697 | PMID:36842381,DUPLICATE_ALIAS,DOI | PMID,Highest metadata completeness.,PENDING_SCREENING,VERIFIED_RAW_MANIFEST
CANON-00077,OPENALEX:W4407008122,Navigating ASEAN region Artificial Intelligence (AI) governance readiness in healthcare,2025,OPENALEX,10.1016/j.hlpt.2025.100981,NOT_APPLICABLE,W4407008122,NOT_APPLICABLE,1,OPENALEX:W4407008122,UNIQUE,NOT_APPLICABLE,Single unique manifestation.,PENDING_SCREENING,VERIFIED_RAW_MANIFEST
CANON-00078,PMID:40584461,"Early prediction of the outbreak risk of dengue fever in Ba Ria-Vung Tau province, Vietnam: An analysis based on Google trends and statistical models.",2025,PUBMED,10.1016/j.idm.2025.03.001,40584461,NOT_APPLICABLE,NOT_APPLICABLE,1,PMID:40584461,UNIQUE,NOT_APPLICABLE,Single unique manifestation.,PENDING_SCREENING,VERIFIED_RAW_MANIFEST
CANON-00079,OPENALEX:W4377043317,A PROSPECTIVE CLINICAL STUDY ON THE USE OF A NON-INVASIVE WEARABLE DEVICE AND NEURAL NETWORK MODELS FOR PATIENTS WITH DENGUE,2023,OPENALEX,10.1016/j.ijid.2023.04.017,NOT_APPLICABLE,W4377043317,NOT_APPLICABLE,1,OPENALEX:W4377043317,UNIQUE,NOT_APPLICABLE,Single unique manifestation.,PENDING_SCREENING,VERIFIED_RAW_MANIFEST
CANON-00080,OPENALEX:W4321368510,"CRT-101.00 Acute Coronary Syndrome in Patients &gt; 80 Was Due to Slow Flow, Only Few Severe Lesions: An Angiographic Coronary Flow and Machine Learning Analysis for Personalized Medicine Management",2023,OPENALEX,10.1016/j.jcin.2023.01.042,NOT_APPLICABLE,W4321368510,NOT_APPLICABLE,1,OPENALEX:W4321368510,UNIQUE,NOT_APPLICABLE,Single unique manifestation.,PENDING_SCREENING,VERIFIED_RAW_MANIFEST
CANON-00081,OPENALEX:W4401956163,Identify characteristics of Vietnamese oral squamous cell carcinoma patients by machine learning on transcriptome and clinical-histopathological analysis,2024,OPENALEX,10.1016/j.jds.2024.08.013,39807441,W4401956163,NOT_APPLICABLE,1,OPENALEX:W4401956163,UNIQUE,NOT_APPLICABLE,Single unique manifestation.,PENDING_SCREENING,VERIFIED_RAW_MANIFEST
CANON-00082,OPENALEX:W3109983083,"Flood risk assessment using hybrid artificial intelligence models integrated with multi-criteria decision analysis in Quang Nam Province, Vietnam",2020,OPENALEX,10.1016/j.jhydrol.2020.125815,NOT_APPLICABLE,W3109983083,NOT_APPLICABLE,1,OPENALEX:W3109983083,UNIQUE,NOT_APPLICABLE,Single unique manifestation.,PENDING_SCREENING,VERIFIED_RAW_MANIFEST
CANON-00083,OPENALEX:W2917979868,A novel machine-learning-based infection screening system via 2013–2017 seasonal influenza patients' vital signs as training datasets,2019,OPENALEX,10.1016/j.jinf.2019.02.008,30797793,W2917979868,NOT_APPLICABLE,1,OPENALEX:W2917979868,UNIQUE,NOT_APPLICABLE,Single unique manifestation.,PENDING_SCREENING,VERIFIED_RAW_MANIFEST
CANON-00084,PMID:40090592,Circulating lncRNAs as biomarkers for severe dengue using a machine learning approach.,2025,OPENALEX | PUBMED,10.1016/j.jinf.2025.106471,40090592,NOT_APPLICABLE,NOT_APPLICABLE,2,OPENALEX:W4408427454 | PMID:40090592,DUPLICATE_ALIAS,DOI | PMID,Highest metadata completeness.,PENDING_SCREENING,VERIFIED_RAW_MANIFEST
CANON-00085,PMID:37283981,Development and Asian-wide validation of the Grade for Interpretable Field Triage (GIFT) for predicting mortality in pre-hospital patients using the Pan-Asian Trauma Outcomes Study (PATOS).,2023,OPENALEX | PUBMED,10.1016/j.lanwpc.2023.100733,37283981,NOT_APPLICABLE,NOT_APPLICABLE,2,OPENALEX:W4323074472 | PMID:37283981,DUPLICATE_ALIAS,DOI | PMID,Highest metadata completeness.,PENDING_SCREENING,VERIFIED_RAW_MANIFEST
CANON-00086,PMID:41120019,"Reimagining ethnopharmacology with generative AI: Towards inclusive, ethical, and data-driven traditional medicine.",2025,OPENALEX | PUBMED,10.1016/j.phrs.2025.108002,41120019,NOT_APPLICABLE,NOT_APPLICABLE,2,OPENALEX:W4415341843 | PMID:41120019,DUPLICATE_ALIAS,DOI | PMID,Highest metadata completeness.,PENDING_SCREENING,VERIFIED_RAW_MANIFEST
CANON-00087,OPENALEX:W4304112139,"AI-based air quality PM2.5 forecasting models for developing countries: A case study of Ho Chi Minh City, Vietnam",2022,OPENALEX,10.1016/j.uclim.2022.101315,NOT_APPLICABLE,W4304112139,NOT_APPLICABLE,1,OPENALEX:W4304112139,UNIQUE,NOT_APPLICABLE,Single unique manifestation.,PENDING_SCREENING,VERIFIED_RAW_MANIFEST
CANON-00088,PMID:42292762,Machine learning-based model for prediction of carbamazepine- and allopurinol-induced severe cutaneous adverse reactions in Vietnamese.,2026,OPENALEX | PUBMED,10.1016/j.waojou.2026.101408,42292762,NOT_APPLICABLE,NOT_APPLICABLE,2,OPENALEX:W7163188207 | PMID:42292762,DUPLICATE_ALIAS,DOI | PMID,Highest metadata completeness.,PENDING_SCREENING,VERIFIED_RAW_MANIFEST
CANON-00089,PMID:40256318,Deep Learning-Driven Glaucoma Medication Bottle Recognition: A Multilingual Clinical Validation Study in Patients with Impaired Vision.,2025,PUBMED,10.1016/j.xops.2025.100758,40256318,NOT_APPLICABLE,NOT_APPLICABLE,1,PMID:40256318,UNIQUE,NOT_APPLICABLE,Single unique manifestation.,PENDING_SCREENING,VERIFIED_RAW_MANIFEST
CANON-00090,PMID:40480990,STEMI-OP in-hospital mortality prediction algorithms: Frailty-integrated machine learning in older patients undergoing primary PCI.,2025,OPENALEX | PUBMED,10.1038/s41514-025-00238-9,40480990,NOT_APPLICABLE,NOT_APPLICABLE,2,OPENALEX:W4411080095 | PMID:40480990,DUPLICATE_ALIAS,DOI | PMID,Highest metadata completeness.,PENDING_SCREENING,VERIFIED_RAW_MANIFEST
CANON-00091,PMID:31253823,Cross-serotype interactions and disease outcome prediction of dengue infections in Vietnam.,2019,OPENALEX | PUBMED,10.1038/s41598-019-45816-6,31253823,NOT_APPLICABLE,NOT_APPLICABLE,2,OPENALEX:W2956118262 | PMID:31253823,DUPLICATE_ALIAS,DOI | PMID,Highest metadata completeness.,PENDING_SCREENING,VERIFIED_RAW_MANIFEST
CANON-00092,PMID:36418408,Predicting the risk of osteoporosis in older Vietnamese women using machine learning approaches.,2022,OPENALEX | PUBMED,10.1038/s41598-022-24181-x,36418408,NOT_APPLICABLE,NOT_APPLICABLE,2,OPENALEX:W4309865374 | PMID:36418408,DUPLICATE_ALIAS,DOI | PMID,Highest metadata completeness.,PENDING_SCREENING,VERIFIED_RAW_MANIFEST
CANON-00093,PMID:38858466,Mitigating machine learning bias between high income and low-middle income countries for enhanced model fairness and generalizability.,2024,OPENALEX | PUBMED,10.1038/s41598-024-64210-5,38858466,NOT_APPLICABLE,NOT_APPLICABLE,2,OPENALEX:W4399492816 | PMID:38858466,DUPLICATE_ALIAS,DOI | PMID,Highest metadata completeness.,PENDING_SCREENING,VERIFIED_RAW_MANIFEST
CANON-00094,PMID:41545675,Foundation models enable wearable signal screening for cardiovascular disease among people living with HIV.,2026,PUBMED,10.1038/s43856-025-01331-6,41545675,NOT_APPLICABLE,NOT_APPLICABLE,1,PMID:41545675,UNIQUE,NOT_APPLICABLE,Single unique manifestation.,PENDING_SCREENING,VERIFIED_RAW_MANIFEST
CANON-00095,PMID:38833268,A theoretical screening of phytochemical constituents from Millettia brandisiana as inhibitors against acetylcholinesterase.,2024,PUBMED,10.1039/d3cp05350d,38833268,NOT_APPLICABLE,NOT_APPLICABLE,1,PMID:38833268,UNIQUE,NOT_APPLICABLE,Single unique manifestation.,PENDING_SCREENING,VERIFIED_RAW_MANIFEST
CANON-00096,PMID:32431851,Severity detection tool for patients with infectious disease.,2020,OPENALEX | PUBMED,10.1049/htl.2019.0030,32431851,NOT_APPLICABLE,NOT_APPLICABLE,2,OPENALEX:W2996312388 | PMID:32431851,DUPLICATE_ALIAS,DOI | PMID,Highest metadata completeness.,PENDING_SCREENING,VERIFIED_RAW_MANIFEST
CANON-00097,PMID:36386862,Quantifying mangrove leaf area index from Sentinel-2 imagery using hybrid models and active learning.,2022,OPENALEX | PUBMED,10.1080/01431161.2021.2024912,36386862,NOT_APPLICABLE,NOT_APPLICABLE,2,OPENALEX:W4221070098 | PMID:36386862,DUPLICATE_ALIAS,DOI | PMID,Highest metadata completeness.,PENDING_SCREENING,VERIFIED_RAW_MANIFEST
CANON-00098,PMID:42339680,"Budget impact of implementing AI-enabled chest X-ray based incidental pulmonary nodule detection for early lung cancer diagnosis: models from Colombia, Costa Rica, Mexico, Thailand and Vietnam.",2026,PUBMED,10.1080/13696998.2026.2682681,42339680,NOT_APPLICABLE,NOT_APPLICABLE,1,PMID:42339680,UNIQUE,NOT_APPLICABLE,Single unique manifestation.,PENDING_SCREENING,VERIFIED_RAW_MANIFEST
CANON-00099,OPENALEX:W4409804271,Dynamic weighting and genetic algorithm-based hybrid SVR-Ridge model for improving PM <sub>2.5</sub> forecasting in open-pit copper mines,2025,OPENALEX,10.1080/17480930.2025.2492086,NOT_APPLICABLE,W4409804271,NOT_APPLICABLE,1,OPENALEX:W4409804271,UNIQUE,NOT_APPLICABLE,Single unique manifestation.,PENDING_SCREENING,VERIFIED_RAW_MANIFEST
CANON-00100,OPENALEX:W4382192984,A LASSO-based model for financial distress of the Vietnamese listed firms: Does the covid-19 pandemic matter?,2023,OPENALEX,10.1080/23322039.2023.2210361,NOT_APPLICABLE,W4382192984,NOT_APPLICABLE,1,OPENALEX:W4382192984,UNIQUE,NOT_APPLICABLE,Single unique manifestation.,PENDING_SCREENING,VERIFIED_RAW_MANIFEST
CANON-00101,OPENALEX:W4412373819,"Artificial intelligence ethics in authoritarian Vietnam: governance, trust, and societal tensions",2025,OPENALEX,10.1080/25741292.2025.2529625,NOT_APPLICABLE,W4412373819,NOT_APPLICABLE,1,OPENALEX:W4412373819,UNIQUE,NOT_APPLICABLE,Single unique manifestation.,PENDING_SCREENING,VERIFIED_RAW_MANIFEST
CANON-00102,OPENALEX:W4200419339,Preface,2021,OPENALEX,10.1088/1742-6596/2089/1/011001,NOT_APPLICABLE,W4200419339,NOT_APPLICABLE,1,OPENALEX:W4200419339,UNIQUE,NOT_APPLICABLE,Single unique manifestation.,PENDING_SCREENING,VERIFIED_RAW_MANIFEST
CANON-00103,OPENALEX:W4393403311,"Evaluation of models and drought-wetness factors contributing to predicting the vegetation health index in Dak Nong Province, Vietnam",2024,OPENALEX,10.1088/2515-7620/ad39a4,NOT_APPLICABLE,W4393403311,NOT_APPLICABLE,1,OPENALEX:W4393403311,UNIQUE,NOT_APPLICABLE,Single unique manifestation.,PENDING_SCREENING,VERIFIED_RAW_MANIFEST
CANON-00104,OPENALEX:W3016560194,Sex and Gender Disparities in the COVID-19 Pandemic,2020,OPENALEX,10.1089/jwh.2020.8472,32320331,W3016560194,NOT_APPLICABLE,1,OPENALEX:W3016560194,UNIQUE,NOT_APPLICABLE,Single unique manifestation.,PENDING_SCREENING,VERIFIED_RAW_MANIFEST
CANON-00105,PMID:33095109,Assessment of User Needs for Telemedicine Robots in a Developing Nation Hospital Setting.,2021,PUBMED,10.1089/tmj.2020.0215,33095109,NOT_APPLICABLE,NOT_APPLICABLE,1,PMID:33095109,UNIQUE,NOT_APPLICABLE,Single unique manifestation.,PENDING_SCREENING,VERIFIED_RAW_MANIFEST
CANON-00106,OPENALEX:W4396722502,Artificial intelligence helps drive new frontiers in ecology,2024,OPENALEX,10.1093/biosci/biae016,38854635,W4396722502,NOT_APPLICABLE,1,OPENALEX:W4396722502,UNIQUE,NOT_APPLICABLE,Single unique manifestation.,PENDING_SCREENING,VERIFIED_RAW_MANIFEST
CANON-00107,OPENALEX:W3004288447,The United Nations Sustainable Development Goals,2020,OPENALEX,10.1093/biosci/biz155,NOT_APPLICABLE,W3004288447,NOT_APPLICABLE,1,OPENALEX:W3004288447,UNIQUE,NOT_APPLICABLE,Single unique manifestation.,PENDING_SCREENING,VERIFIED_RAW_MANIFEST
CANON-00108,OPENALEX:W3041831661,Progress Towards Developing a Rapid Triage/Referral Test for Tuberculosis,2020,OPENALEX,10.1093/clinchem/hvaa124,32642751,W3041831661,NOT_APPLICABLE,1,OPENALEX:W3041831661,UNIQUE,NOT_APPLICABLE,Single unique manifestation.,PENDING_SCREENING,VERIFIED_RAW_MANIFEST
CANON-00109,OPENALEX:W3173761619,A (Not Very) Distant Mirror,2021,OPENALEX,10.1093/dh/dhab001,NOT_APPLICABLE,W3173761619,NOT_APPLICABLE,1,OPENALEX:W3173761619,UNIQUE,NOT_APPLICABLE,Single unique manifestation.,PENDING_SCREENING,VERIFIED_RAW_MANIFEST
CANON-00110,OPENALEX:W4210580279,Preventing stroke in atrial fibrillation patients,2022,OPENALEX,10.1093/eurheartj/ehac019,35084445,W4210580279,NOT_APPLICABLE,1,OPENALEX:W4210580279,UNIQUE,NOT_APPLICABLE,Single unique manifestation.,PENDING_SCREENING,VERIFIED_RAW_MANIFEST
CANON-00111,OPENALEX:W4411744051,P-080 Machine Learning with Synthetic Minority Over-Sampling Technique for Predicting Sperm Retrieval in Azoospermia Micro-TESE,2025,OPENALEX,10.1093/humrep/deaf097.389,NOT_APPLICABLE,W4411744051,NOT_APPLICABLE,1,OPENALEX:W4411744051,UNIQUE,NOT_APPLICABLE,Single unique manifestation.,PENDING_SCREENING,VERIFIED_RAW_MANIFEST
CANON-00112,OPENALEX:W4409402820,Data privacy laws in Central Asia: between ex-SSR and ‘Belt &amp; Road’,2025,OPENALEX,10.1093/idpl/ipaf001,NOT_APPLICABLE,W4409402820,NOT_APPLICABLE,1,OPENALEX:W4409402820,UNIQUE,NOT_APPLICABLE,Single unique manifestation.,PENDING_SCREENING,VERIFIED_RAW_MANIFEST
CANON-00113,OPENALEX:W3163884986,Lecture No. 3 Current status and future outlook for collection of cancer-related data in Asia,2020,OPENALEX,10.1093/jjco/hyaa269,34002791,W3163884986,NOT_APPLICABLE,1,OPENALEX:W3163884986,UNIQUE,NOT_APPLICABLE,Single unique manifestation.,PENDING_SCREENING,VERIFIED_RAW_MANIFEST
CANON-00114,PMID:41064697,Accelerating Cough-Based Algorithms for Pulmonary Tuberculosis Screening: Results From the CODA TB DREAM Challenge.,2025,OPENALEX | PUBMED,10.1093/ofid/ofaf572,41064697,NOT_APPLICABLE,NOT_APPLICABLE,2,OPENALEX:W4414368625 | PMID:41064697,DUPLICATE_ALIAS,DOI | PMID,Highest metadata completeness.,PENDING_SCREENING,VERIFIED_RAW_MANIFEST
CANON-00115,OPENALEX:W4413786197,Fighter Pilot Meets Match With Lymphoma &amp; CAR T-Cell Therapy Battles Back,2025,OPENALEX,10.1097/01.cot.0000000000000164,NOT_APPLICABLE,W4413786197,NOT_APPLICABLE,1,OPENALEX:W4413786197,UNIQUE,NOT_APPLICABLE,Single unique manifestation.,PENDING_SCREENING,VERIFIED_RAW_MANIFEST
CANON-00116,PMID:41591267,What Substitution and Prediction Strategies Address the Challenge of an Unmeasurable C2-7 Cobb Angle?,2026,OPENALEX | PUBMED,10.1097/corr.0000000000003812,41591267,NOT_APPLICABLE,NOT_APPLICABLE,2,OPENALEX:W7125791067 | PMID:41591267,DUPLICATE_ALIAS,DOI | PMID,Highest metadata completeness.,PENDING_SCREENING,VERIFIED_RAW_MANIFEST
CANON-00117,OPENALEX:W4387091800,Measuring Racial Sentiment Using Social Media Is Harder Than It Seems,2023,OPENALEX,10.1097/ede.0000000000001672,37756311,W4387091800,NOT_APPLICABLE,1,OPENALEX:W4387091800,UNIQUE,NOT_APPLICABLE,Single unique manifestation.,PENDING_SCREENING,VERIFIED_RAW_MANIFEST
CANON-00118,OPENALEX:W2943496630,Data as a Substitute for Judgment,2019,OPENALEX,10.1097/opx.0000000000001391,31046013,W2943496630,NOT_APPLICABLE,1,OPENALEX:W2943496630,UNIQUE,NOT_APPLICABLE,Single unique manifestation.,PENDING_SCREENING,VERIFIED_RAW_MANIFEST
CANON-00119,OPENALEX:W3206241719,Exploration before Exploitation can Drive Research Training Success,2021,OPENALEX,10.1097/opx.0000000000001807,34678833,W3206241719,NOT_APPLICABLE,1,OPENALEX:W3206241719,UNIQUE,NOT_APPLICABLE,Single unique manifestation.,PENDING_SCREENING,VERIFIED_RAW_MANIFEST
CANON-00120,OPENALEX:W4323825254,The US National Academy of Medicine,2023,OPENALEX,10.1097/phm.0000000000002234,36898014,W4323825254,NOT_APPLICABLE,1,OPENALEX:W4323825254,UNIQUE,NOT_APPLICABLE,Single unique manifestation.,PENDING_SCREENING,VERIFIED_RAW_MANIFEST
CANON-00121,OPENALEX:W4403543638,Urology,2024,OPENALEX,10.1097/xcs.0000000000001182,NOT_APPLICABLE,W4403543638,NOT_APPLICABLE,1,OPENALEX:W4403543638,UNIQUE,NOT_APPLICABLE,Single unique manifestation.,PENDING_SCREENING,VERIFIED_RAW_MANIFEST
CANON-00122,OPENALEX:W4391515285,Mitigating Machine Learning Bias Between High Income and Low-Middle Income Countries for Enhanced Model Fairness and Generalizability,2024,OPENALEX,10.1101/2024.02.01.24302010,NOT_APPLICABLE,W4391515285,NOT_APPLICABLE,1,OPENALEX:W4391515285,UNIQUE,NOT_APPLICABLE,Single unique manifestation.,PENDING_SCREENING,VERIFIED_RAW_MANIFEST
CANON-00123,OPENALEX:W4396937317,Accelerating cough-based algorithms for pulmonary tuberculosis screening: Results from the CODA TB DREAM Challenge,2024,OPENALEX,10.1101/2024.05.13.24306584,NOT_APPLICABLE,W4396937317,NOT_APPLICABLE,1,OPENALEX:W4396937317,UNIQUE,NOT_APPLICABLE,Single unique manifestation.,PENDING_SCREENING,VERIFIED_RAW_MANIFEST
CANON-00124,OPENALEX:W4410280727,Leveraging AI and Transfer Learning to Enhance Outcome Prediction for Out-of-Hospital Cardiac Arrest in Diverse Settings: Insights from the Pan-Asian Resuscitation Outcomes Study,2025,OPENALEX,10.1101/2025.05.11.25327388,NOT_APPLICABLE,W4410280727,NOT_APPLICABLE,1,OPENALEX:W4410280727,UNIQUE,NOT_APPLICABLE,Single unique manifestation.,PENDING_SCREENING,VERIFIED_RAW_MANIFEST
CANON-00125,OPENALEX:W4413009419,Developing an AI-Enhanced Individualized Prediction Tool for Psychopathological Symptoms in Vietnam: A Study Protocol,2025,OPENALEX,10.1101/2025.08.03.25332928,NOT_APPLICABLE,W4413009419,NOT_APPLICABLE,1,OPENALEX:W4413009419,UNIQUE,NOT_APPLICABLE,Single unique manifestation.,PENDING_SCREENING,VERIFIED_RAW_MANIFEST
CANON-00126,OPENALEX:W2981063136,Understanding and predicting ciprofloxacin minimum inhibitory concentration in <i>Escherichia coli</i> with machine learning,2019,OPENALEX,10.1101/806760,NOT_APPLICABLE,W2981063136,NOT_APPLICABLE,1,OPENALEX:W2981063136,UNIQUE,NOT_APPLICABLE,Single unique manifestation.,PENDING_SCREENING,VERIFIED_RAW_MANIFEST
CANON-00127,OPENALEX:W4253666347,Index,2019,OPENALEX,10.1108/978-1-78756-911-920191001,NOT_APPLICABLE,W4253666347,NOT_APPLICABLE,1,OPENALEX:W4253666347,UNIQUE,NOT_APPLICABLE,Single unique manifestation.,PENDING_SCREENING,VERIFIED_RAW_MANIFEST
CANON-00128,OPENALEX:W4233838670,Index,2021,OPENALEX,10.1108/978-1-80071-348-220211013,NOT_APPLICABLE,W4233838670,NOT_APPLICABLE,1,OPENALEX:W4233838670,UNIQUE,NOT_APPLICABLE,Single unique manifestation.,PENDING_SCREENING,VERIFIED_RAW_MANIFEST
CANON-00129,OPENALEX:W4206629756,Index,2022,OPENALEX,10.1108/978-1-80117-139-720211014,NOT_APPLICABLE,W4206629756,NOT_APPLICABLE,1,OPENALEX:W4206629756,UNIQUE,NOT_APPLICABLE,Single unique manifestation.,PENDING_SCREENING,VERIFIED_RAW_MANIFEST
CANON-00130,OPENALEX:W4292958755,Index,2022,OPENALEX,10.1108/978-1-80117-226-420221017,NOT_APPLICABLE,W4292958755,NOT_APPLICABLE,1,OPENALEX:W4292958755,UNIQUE,NOT_APPLICABLE,Single unique manifestation.,PENDING_SCREENING,VERIFIED_RAW_MANIFEST
CANON-00131,OPENALEX:W4318619546,Index,2023,OPENALEX,10.1108/978-1-80262-277-520231024,NOT_APPLICABLE,W4318619546,NOT_APPLICABLE,1,OPENALEX:W4318619546,UNIQUE,NOT_APPLICABLE,Single unique manifestation.,PENDING_SCREENING,VERIFIED_RAW_MANIFEST
CANON-00132,OPENALEX:W4283799763,Index,2022,OPENALEX,10.1108/978-1-80262-637-720221018,NOT_APPLICABLE,W4283799763,NOT_APPLICABLE,1,OPENALEX:W4283799763,UNIQUE,NOT_APPLICABLE,Single unique manifestation.,PENDING_SCREENING,VERIFIED_RAW_MANIFEST
CANON-00133,OPENALEX:W4383961821,Index,2023,OPENALEX,10.1108/978-1-80455-588-020231017,NOT_APPLICABLE,W4383961821,NOT_APPLICABLE,1,OPENALEX:W4383961821,UNIQUE,NOT_APPLICABLE,Single unique manifestation.,PENDING_SCREENING,VERIFIED_RAW_MANIFEST
CANON-00134,OPENALEX:W4404866984,Risk Assessment Models for the Health Insurance Sector,2024,OPENALEX,10.1108/978-1-83608-582-920241032,NOT_APPLICABLE,W4404866984,NOT_APPLICABLE,1,OPENALEX:W4404866984,UNIQUE,NOT_APPLICABLE,Single unique manifestation.,PENDING_SCREENING,VERIFIED_RAW_MANIFEST
CANON-00135,OPENALEX:W4205253758,Index,2022,OPENALEX,10.1108/978-1-83982-900-020211035,NOT_APPLICABLE,W4205253758,NOT_APPLICABLE,1,OPENALEX:W4205253758,UNIQUE,NOT_APPLICABLE,Single unique manifestation.,PENDING_SCREENING,VERIFIED_RAW_MANIFEST
CANON-00136,OPENALEX:W4401317771,Guest editorial: Transnationalization of higher education: challenges and opportunities,2024,OPENALEX,10.1108/aeds-06-2024-294,NOT_APPLICABLE,W4401317771,NOT_APPLICABLE,1,OPENALEX:W4401317771,UNIQUE,NOT_APPLICABLE,Single unique manifestation.,PENDING_SCREENING,VERIFIED_RAW_MANIFEST
CANON-00137,OPENALEX:W7127104083,Psychological safety and AI adoption as antecedents of teaching burnout: the mediating effect of work–life balance,2026,OPENALEX,10.1108/aeds-06-2025-0285,NOT_APPLICABLE,W7127104083,NOT_APPLICABLE,1,OPENALEX:W7127104083,UNIQUE,NOT_APPLICABLE,Single unique manifestation.,PENDING_SCREENING,VERIFIED_RAW_MANIFEST
CANON-00138,OPENALEX:W4406814715,Editorial: “Redefining impact: digital libraries and their communities”,2025,OPENALEX,10.1108/dlp-02-2025-153,NOT_APPLICABLE,W4406814715,NOT_APPLICABLE,1,OPENALEX:W4406814715,UNIQUE,NOT_APPLICABLE,Single unique manifestation.,PENDING_SCREENING,VERIFIED_RAW_MANIFEST
CANON-00139,OPENALEX:W7128434791,How Healthqual drives willingness to pay a premium and revisit intention in health-care sector: the moderation role of AI-enabled service,2026,OPENALEX,10.1108/ijqss-09-2025-0225,NOT_APPLICABLE,W7128434791,NOT_APPLICABLE,1,OPENALEX:W7128434791,UNIQUE,NOT_APPLICABLE,Single unique manifestation.,PENDING_SCREENING,VERIFIED_RAW_MANIFEST
CANON-00140,OPENALEX:W7154719521,Guest editorial: Defining new frontiers of business research across Asian countries,2026,OPENALEX,10.1108/jabs-04-2026-702,NOT_APPLICABLE,W7154719521,NOT_APPLICABLE,1,OPENALEX:W7154719521,UNIQUE,NOT_APPLICABLE,Single unique manifestation.,PENDING_SCREENING,VERIFIED_RAW_MANIFEST
CANON-00141,OPENALEX:W7163877191,Editorial,2026,OPENALEX,10.1108/jedt-07-2026-756,NOT_APPLICABLE,W7163877191,NOT_APPLICABLE,1,OPENALEX:W7163877191,UNIQUE,NOT_APPLICABLE,Single unique manifestation.,PENDING_SCREENING,VERIFIED_RAW_MANIFEST
CANON-00142,OPENALEX:W7171557032,Editorial,2026,OPENALEX,10.1108/jedt-09-2026-758,NOT_APPLICABLE,W7171557032,NOT_APPLICABLE,1,OPENALEX:W7171557032,UNIQUE,NOT_APPLICABLE,Single unique manifestation.,PENDING_SCREENING,VERIFIED_RAW_MANIFEST
CANON-00143,OPENALEX:W4416914743,Guest editorial: Sustainability management from a behavioral perspective in hospitality and tourism,2025,OPENALEX,10.1108/jhti-09-2025-995,NOT_APPLICABLE,W4416914743,NOT_APPLICABLE,1,OPENALEX:W4416914743,UNIQUE,NOT_APPLICABLE,Single unique manifestation.,PENDING_SCREENING,VERIFIED_RAW_MANIFEST
CANON-00144,OPENALEX:W7167895805,"Guest editorial: Beyond Industry 4.0: humancentricity, resilience and sustainability in the age of digital transformation",2026,OPENALEX,10.1108/jsma-08-2026-526,NOT_APPLICABLE,W7167895805,NOT_APPLICABLE,1,OPENALEX:W7167895805,UNIQUE,NOT_APPLICABLE,Single unique manifestation.,PENDING_SCREENING,VERIFIED_RAW_MANIFEST
CANON-00145,OPENALEX:W7127120959,Artificial Intelligence in In Vitro Diagnostics (IVD): A Comprehensive Review of the New Frontier,2026,OPENALEX,10.1109/access.2026.3660065,NOT_APPLICABLE,W7127120959,NOT_APPLICABLE,1,OPENALEX:W7127120959,UNIQUE,NOT_APPLICABLE,Single unique manifestation.,PENDING_SCREENING,VERIFIED_RAW_MANIFEST
CANON-00146,OPENALEX:W4413204152,Development of Effective Malnutrition Level Detection Models,2025,OPENALEX,10.1109/bmeicon66226.2025.11113717,NOT_APPLICABLE,W4413204152,NOT_APPLICABLE,1,OPENALEX:W4413204152,UNIQUE,NOT_APPLICABLE,Single unique manifestation.,PENDING_SCREENING,VERIFIED_RAW_MANIFEST
CANON-00147,OPENALEX:W7152560976,Application of IoT and AI in Monitoring structural Load-bearing capacity of Buildings,2025,OPENALEX,10.1109/eee-am66675.2025.11473802,NOT_APPLICABLE,W7152560976,NOT_APPLICABLE,1,OPENALEX:W7152560976,UNIQUE,NOT_APPLICABLE,Single unique manifestation.,PENDING_SCREENING,VERIFIED_RAW_MANIFEST
CANON-00148,OPENALEX:W7138934170,Prediction of Non-Alcoholic Fatty Liver Disease Based on Anthropometric and Paraclinical Laboratory Data in the Vietnamese Population,2025,OPENALEX,10.1109/ichst66555.2025.11428378,NOT_APPLICABLE,W7138934170,NOT_APPLICABLE,1,OPENALEX:W7138934170,UNIQUE,NOT_APPLICABLE,Single unique manifestation.,PENDING_SCREENING,VERIFIED_RAW_MANIFEST
CANON-00149,OPENALEX:W7138931663,Developing an AI-Enhanced Individualized Prediction Tool for Psychopathological Symptoms in Vietnam: A Study Protocol,2025,OPENALEX,10.1109/ichst66555.2025.11428741,NOT_APPLICABLE,W7138931663,NOT_APPLICABLE,1,OPENALEX:W7138931663,UNIQUE,NOT_APPLICABLE,Single unique manifestation.,PENDING_SCREENING,VERIFIED_RAW_MANIFEST
CANON-00150,OPENALEX:W4413823528,Ovarian Malignance Risk Prediction from Medical Notes: a case study in Vietnam,2025,OPENALEX,10.1109/mapr67746.2025.11133955,NOT_APPLICABLE,W4413823528,NOT_APPLICABLE,1,OPENALEX:W4413823528,UNIQUE,NOT_APPLICABLE,Single unique manifestation.,PENDING_SCREENING,VERIFIED_RAW_MANIFEST
CANON-00151,OPENALEX:W7127321268,GPTViet: An Open-Source Vietnamese Foundation Model from Pretraining to Domain Specialization,2025,OPENALEX,10.1109/rivf68649.2025.11365054,NOT_APPLICABLE,W7127321268,NOT_APPLICABLE,1,OPENALEX:W7127321268,UNIQUE,NOT_APPLICABLE,Single unique manifestation.,PENDING_SCREENING,VERIFIED_RAW_MANIFEST
CANON-00152,OPENALEX:W7127307595,Agentic AI Framework for Adaptive Clinical Workflow Orchestration,2025,OPENALEX,10.1109/rivf68649.2025.11365087,NOT_APPLICABLE,W7127307595,NOT_APPLICABLE,1,OPENALEX:W7127307595,UNIQUE,NOT_APPLICABLE,Single unique manifestation.,PENDING_SCREENING,VERIFIED_RAW_MANIFEST
CANON-00153,OPENALEX:W7127417295,Artificial Intelligence (AI) Applications in Construction Industry: A Big Data-driven Bibliometric Analysis,2025,OPENALEX,10.1109/rivf68649.2025.11365231,NOT_APPLICABLE,W7127417295,NOT_APPLICABLE,1,OPENALEX:W7127417295,UNIQUE,NOT_APPLICABLE,Single unique manifestation.,PENDING_SCREENING,VERIFIED_RAW_MANIFEST
CANON-00154,OPENALEX:W7131858720,Adaptive Modeling for Air Quality: A Continual Learning Framework for PM₂.₅ Estimation in Vietnam,2026,OPENALEX,10.1109/tgrs.2026.3668935,NOT_APPLICABLE,W7131858720,NOT_APPLICABLE,1,OPENALEX:W7131858720,UNIQUE,NOT_APPLICABLE,Single unique manifestation.,PENDING_SCREENING,VERIFIED_RAW_MANIFEST
CANON-00155,OPENALEX:W4283015290,The Chinese Metabolic Management Centers,2022,OPENALEX,10.1111/1753-0407.13290,35712984,W4283015290,NOT_APPLICABLE,1,OPENALEX:W4283015290,UNIQUE,NOT_APPLICABLE,Single unique manifestation.,PENDING_SCREENING,VERIFIED_RAW_MANIFEST
CANON-00156,OPENALEX:W4256155401,Reflections,2019,OPENALEX,10.1111/aor.13457,31016739,W4256155401,NOT_APPLICABLE,1,OPENALEX:W4256155401,UNIQUE,NOT_APPLICABLE,Single unique manifestation.,PENDING_SCREENING,VERIFIED_RAW_MANIFEST
CANON-00157,OPENALEX:W4389489459,IAB 16th World Congress,2023,OPENALEX,10.1111/bioe.13252,38063456,W4389489459,NOT_APPLICABLE,1,OPENALEX:W4389489459,UNIQUE,NOT_APPLICABLE,Single unique manifestation.,PENDING_SCREENING,VERIFIED_RAW_MANIFEST
CANON-00158,OPENALEX:W7151608334,"Worker Well‐Being, Human Factors and the Gig Economy: Interdisciplinary Perspectives",2026,OPENALEX,10.1111/bjir.70059,NOT_APPLICABLE,W7151608334,NOT_APPLICABLE,1,OPENALEX:W7151608334,UNIQUE,NOT_APPLICABLE,Single unique manifestation.,PENDING_SCREENING,VERIFIED_RAW_MANIFEST
CANON-00159,PMID:41131739,Tracking the Debate: Geo-Temporal Sentiment Analysis of Community Water Fluoridation on 'X' (Formerly Twitter) With Five-Year Forecast.,2026,PUBMED,10.1111/cdoe.70036,41131739,NOT_APPLICABLE,NOT_APPLICABLE,1,PMID:41131739,UNIQUE,NOT_APPLICABLE,Single unique manifestation.,PENDING_SCREENING,VERIFIED_RAW_MANIFEST
CANON-00160,OPENALEX:W4417290975,Children and Families: Everyday Digital Media Culture,2025,OPENALEX,10.1111/chso.70003,NOT_APPLICABLE,W4417290975,NOT_APPLICABLE,1,OPENALEX:W4417290975,UNIQUE,NOT_APPLICABLE,Single unique manifestation.,PENDING_SCREENING,VERIFIED_RAW_MANIFEST
CANON-00161,OPENALEX:W4416675597,Pioneers in Dermatology and Venereology: An interview with Professor Dedee F. Murrell,2025,OPENALEX,10.1111/jdv.70132,41287453,W4416675597,NOT_APPLICABLE,1,OPENALEX:W4416675597,UNIQUE,NOT_APPLICABLE,Single unique manifestation.,PENDING_SCREENING,VERIFIED_RAW_MANIFEST
CANON-00162,OPENALEX:W4416456850,Characterizing global dermatologic engagement and needs: A cross‐sectional study from 83 countries,2025,OPENALEX,10.1111/jdv.70142,41267645,W4416456850,NOT_APPLICABLE,1,OPENALEX:W4416456850,UNIQUE,NOT_APPLICABLE,Single unique manifestation.,PENDING_SCREENING,VERIFIED_RAW_MANIFEST
CANON-00163,OPENALEX:W3216738082,A comprehensive appraisal of evolutionary diversity in venomous Asian coralsnakes of the genus<i>Sinomicrurus</i>(Serpentes: Elapidae) using Bayesian coalescent inference and supervised machine learning,2021,OPENALEX,10.1111/jzs.12547,NOT_APPLICABLE,W3216738082,NOT_APPLICABLE,1,OPENALEX:W3216738082,UNIQUE,NOT_APPLICABLE,Single unique manifestation.,PENDING_SCREENING,VERIFIED_RAW_MANIFEST
CANON-00164,OPENALEX:W4383894036,Towards regional progress: <scp>APSR</scp> 2022 Big Five Lung Diseases Workshop,2023,OPENALEX,10.1111/resp.14548,37433568,W4383894036,NOT_APPLICABLE,1,OPENALEX:W4383894036,UNIQUE,NOT_APPLICABLE,Single unique manifestation.,PENDING_SCREENING,VERIFIED_RAW_MANIFEST
CANON-00165,PMID:36088657,Flood risk mapping and analysis using an integrated framework of machine learning models and analytic hierarchy process.,2023,OPENALEX | PUBMED,10.1111/risa.14018,36088657,NOT_APPLICABLE,NOT_APPLICABLE,2,OPENALEX:W4295190198 | PMID:36088657,DUPLICATE_ALIAS,DOI | PMID,Highest metadata completeness.,PENDING_SCREENING,VERIFIED_RAW_MANIFEST
CANON-00166,OPENALEX:W3144156482,Vital sign monitoring using wearable devices in a Vietnamese intensive care unit,2021,OPENALEX,10.1136/bmjinnov-2021-000707,40980081,W3144156482,NOT_APPLICABLE,1,OPENALEX:W3144156482,UNIQUE,NOT_APPLICABLE,Single unique manifestation.,PENDING_SCREENING,VERIFIED_RAW_MANIFEST
CANON-00167,OPENALEX:W7164188585,327 An ai-based retinal cardiovascular risk biomarker reflects coronary angiographic disease burden,2026,OPENALEX,10.1136/heartjnl-2026-bcs.263,NOT_APPLICABLE,W7164188585,NOT_APPLICABLE,1,OPENALEX:W7164188585,UNIQUE,NOT_APPLICABLE,Single unique manifestation.,PENDING_SCREENING,VERIFIED_RAW_MANIFEST
CANON-00168,OPENALEX:W4389366255,Evaluating Audio Feature Extraction Methods for Identifying Bee Queen Presence,2023,OPENALEX,10.1145/3628797.3628852,NOT_APPLICABLE,W4389366255,NOT_APPLICABLE,1,OPENALEX:W4389366255,UNIQUE,NOT_APPLICABLE,Single unique manifestation.,PENDING_SCREENING,VERIFIED_RAW_MANIFEST
CANON-00169,OPENALEX:W4390450387,Towards Mental Health Analysis in Social Media for Low-resourced Languages,2023,OPENALEX,10.1145/3638761,NOT_APPLICABLE,W4390450387,NOT_APPLICABLE,1,OPENALEX:W4390450387,UNIQUE,NOT_APPLICABLE,Single unique manifestation.,PENDING_SCREENING,VERIFIED_RAW_MANIFEST
CANON-00170,OPENALEX:W4417418988,Perception of violence against women among college students in China and Vietnam: A Logistic-Regression-Based Analysis,2025,OPENALEX,10.1145/3772726.3772873,NOT_APPLICABLE,W4417418988,NOT_APPLICABLE,1,OPENALEX:W4417418988,UNIQUE,NOT_APPLICABLE,Single unique manifestation.,PENDING_SCREENING,VERIFIED_RAW_MANIFEST
CANON-00171,OPENALEX:W4389379814,Securing Collaborative Medical AI by Using Differential Privacy: Domain Transfer for Classification of Chest Radiographs,2023,OPENALEX,10.1148/ryai.230212,NOT_APPLICABLE,W4389379814,NOT_APPLICABLE,1,OPENALEX:W4389379814,UNIQUE,NOT_APPLICABLE,Single unique manifestation.,PENDING_SCREENING,VERIFIED_RAW_MANIFEST
CANON-00172,PMID:35069786,Shape Prediction of Nasal Bones by Digital 2D-Photogrammetry of the Nose Based on Convolution and Back-Propagation Neural Network.,2022,PUBMED,10.1155/2022/5938493,35069786,NOT_APPLICABLE,NOT_APPLICABLE,1,PMID:35069786,UNIQUE,NOT_APPLICABLE,Single unique manifestation.,PENDING_SCREENING,VERIFIED_RAW_MANIFEST
CANON-00173,OPENALEX:W4404049520,Editors’ Selections from Relevant Scientific Publications,2024,OPENALEX,10.1158/1940-6207.capr-17-11-hfl,39492621,W4404049520,NOT_APPLICABLE,1,OPENALEX:W4404049520,UNIQUE,NOT_APPLICABLE,Single unique manifestation.,PENDING_SCREENING,VERIFIED_RAW_MANIFEST
CANON-00174,OPENALEX:W4416430795,How Has War Shaped American Democracy?,2025,OPENALEX,10.1162/daed.e.935,NOT_APPLICABLE,W4416430795,NOT_APPLICABLE,1,OPENALEX:W4416430795,UNIQUE,NOT_APPLICABLE,Single unique manifestation.,PENDING_SCREENING,VERIFIED_RAW_MANIFEST
CANON-00175,OPENALEX:W4401780098,Opening Dialogue,2024,OPENALEX,10.1162/daed_a_02085,NOT_APPLICABLE,W4401780098,NOT_APPLICABLE,1,OPENALEX:W4401780098,UNIQUE,NOT_APPLICABLE,Single unique manifestation.,PENDING_SCREENING,VERIFIED_RAW_MANIFEST
CANON-00176,OPENALEX:W4410272205,Artificial Intelligence-assisted Translation and Interpretation for Communication With Patients Who Have Language Barriers: A Systematic Review,2025,OPENALEX,10.1164/ajrccm.2025.211.abstracts.a3643,NOT_APPLICABLE,W4410272205,NOT_APPLICABLE,1,OPENALEX:W4410272205,UNIQUE,NOT_APPLICABLE,Single unique manifestation.,PENDING_SCREENING,VERIFIED_RAW_MANIFEST
CANON-00177,OPENALEX:W2988568828,"With Changing Insights, Military Psychiatry Evolved Over Time",2019,OPENALEX,10.1176/appi.pn.2019.5a27,NOT_APPLICABLE,W2988568828,NOT_APPLICABLE,1,OPENALEX:W2988568828,UNIQUE,NOT_APPLICABLE,Single unique manifestation.,PENDING_SCREENING,VERIFIED_RAW_MANIFEST
CANON-00178,PMID:34282632,Analysis of Periodontal Conditions in the Provinces of Vietnam: Results From the National Dental Survey.,2022,OPENALEX | PUBMED,10.1177/10105395211029803,34282632,NOT_APPLICABLE,NOT_APPLICABLE,2,OPENALEX:W3186551429 | PMID:34282632,DUPLICATE_ALIAS,DOI | PMID,Highest metadata completeness.,PENDING_SCREENING,VERIFIED_RAW_MANIFEST
CANON-00179,OPENALEX:W4403740419,The i-CanManage program to improve exercise and symptom management for Vietnamese women after cancer: A pilot randomized controlled trial protocol,2024,OPENALEX,10.1177/20552076241293974,NOT_APPLICABLE,W4403740419,NOT_APPLICABLE,1,OPENALEX:W4403740419,UNIQUE,NOT_APPLICABLE,Single unique manifestation.,PENDING_SCREENING,VERIFIED_RAW_MANIFEST
CANON-00180,PMID:41234615,Wearable vital-sign sensors for early detection of severe dengue and sepsis: Clinical applications and implementation in resource-limited settings.,2025,OPENALEX | PUBMED,10.1177/20552076251396563,41234615,NOT_APPLICABLE,NOT_APPLICABLE,2,OPENALEX:W4416112095 | PMID:41234615,DUPLICATE_ALIAS,DOI | PMID,Highest metadata completeness.,PENDING_SCREENING,VERIFIED_RAW_MANIFEST
CANON-00181,PMID:39734422,Application of artificial intelligence in gastrointestinal endoscopy in Vietnam: a narrative review.,2024,OPENALEX | PUBMED,10.1177/26317745241306562,39734422,NOT_APPLICABLE,NOT_APPLICABLE,2,OPENALEX:W4405765146 | PMID:39734422,DUPLICATE_ALIAS,DOI | PMID,Highest metadata completeness.,PENDING_SCREENING,VERIFIED_RAW_MANIFEST
CANON-00182,PMID:42337499,Validation of online clearance monitoring and machine learning-based prediction of dialysis adequacy in Vietnamese hemodialysis patients: a cross-sectional study.,2026,OPENALEX | PUBMED,10.1186/s12882-026-05114-6,42337499,NOT_APPLICABLE,NOT_APPLICABLE,2,OPENALEX:W7165659512 | PMID:42337499,DUPLICATE_ALIAS,DOI | PMID,Highest metadata completeness.,PENDING_SCREENING,VERIFIED_RAW_MANIFEST
CANON-00183,PMID:40234807,Artificial intelligence utilization in cancer screening program across ASEAN: a scoping review.,2025,OPENALEX | PUBMED,10.1186/s12885-025-14026-x,40234807,NOT_APPLICABLE,NOT_APPLICABLE,2,OPENALEX:W4409451065 | PMID:40234807,DUPLICATE_ALIAS,DOI | PMID,Highest metadata completeness.,PENDING_SCREENING,VERIFIED_RAW_MANIFEST
CANON-00184,PMID:42063049,Artificial intelligence-powered virtual standardized patients in teaching history-taking skills to medical students: a randomized controlled trial.,2026,PUBMED,10.1186/s12909-026-09305-5,42063049,NOT_APPLICABLE,NOT_APPLICABLE,1,PMID:42063049,UNIQUE,NOT_APPLICABLE,Single unique manifestation.,PENDING_SCREENING,VERIFIED_RAW_MANIFEST
CANON-00185,PMID:42177578,Future pharmacists in the age of Artificial Intelligence: a mixed-methods study of first-year students in Vietnam.,2026,PUBMED,10.1186/s12909-026-09368-4,42177578,NOT_APPLICABLE,NOT_APPLICABLE,1,PMID:42177578,UNIQUE,NOT_APPLICABLE,Single unique manifestation.,PENDING_SCREENING,VERIFIED_RAW_MANIFEST
CANON-00186,PMID:35387649,The compensatory reserve index predicts recurrent shock in patients with severe dengue.,2022,PUBMED,10.1186/s12916-022-02311-6,35387649,NOT_APPLICABLE,NOT_APPLICABLE,1,PMID:35387649,UNIQUE,NOT_APPLICABLE,Single unique manifestation.,PENDING_SCREENING,VERIFIED_RAW_MANIFEST
CANON-00187,PMID:40721799,"Ecological epidemiology insights into clonorchiosis endemicity in Guangxi, China and Vietnam: a comprehensive machine learning analysis.",2025,OPENALEX | PUBMED,10.1186/s12942-025-00404-y,40721799,NOT_APPLICABLE,NOT_APPLICABLE,2,OPENALEX:W4412684559 | PMID:40721799,DUPLICATE_ALIAS,DOI | PMID,Highest metadata completeness.,PENDING_SCREENING,VERIFIED_RAW_MANIFEST
CANON-00188,OPENALEX:W7166291405,A data-driven governance framework for co-creation healthcare quality in public hospitals,2026,OPENALEX,10.1186/s12982-026-02342-x,NOT_APPLICABLE,W7166291405,NOT_APPLICABLE,1,OPENALEX:W7166291405,UNIQUE,NOT_APPLICABLE,Single unique manifestation.,PENDING_SCREENING,VERIFIED_RAW_MANIFEST
CANON-00189,OPENALEX:W3018428085,Protecting the gains of malaria elimination in China,2020,OPENALEX,10.1186/s40249-020-00661-y,32326979,W3018428085,NOT_APPLICABLE,1,OPENALEX:W3018428085,UNIQUE,NOT_APPLICABLE,Single unique manifestation.,PENDING_SCREENING,VERIFIED_RAW_MANIFEST
CANON-00190,OPENALEX:W4386636575,Application of AI Tools in Creating Datasets from a Real Data Component for Structural Health Monitoring,2023,OPENALEX,10.1201/9781003306924-9,NOT_APPLICABLE,W4386636575,NOT_APPLICABLE,1,OPENALEX:W4386636575,UNIQUE,NOT_APPLICABLE,Single unique manifestation.,PENDING_SCREENING,VERIFIED_RAW_MANIFEST
CANON-00191,OPENALEX:W7168031339,Feasibility of Real-Time AI Models For Clinical Tasks Involving Tetanus: Study Protocol,2026,OPENALEX,10.12688/wellcomeopenres.26814.1,NOT_APPLICABLE,W7168031339,NOT_APPLICABLE,1,OPENALEX:W7168031339,UNIQUE,NOT_APPLICABLE,Single unique manifestation.,PENDING_SCREENING,VERIFIED_RAW_MANIFEST
CANON-00192,OPENALEX:W7125699370,"Drought risk assessment in Quang Tri Province, Vietnam using Landsat multi-temporal remote sensing data and machine learning algorithm",2026,OPENALEX,10.12775/bgeo-2026-0002,NOT_APPLICABLE,W7125699370,NOT_APPLICABLE,1,OPENALEX:W7125699370,UNIQUE,NOT_APPLICABLE,Single unique manifestation.,PENDING_SCREENING,VERIFIED_RAW_MANIFEST
CANON-00193,OPENALEX:W4415710412,"Developing machine learning models for vegetation health index forecasting in the Srepok basin, Vietnam",2025,OPENALEX,10.12912/27197050/212962,NOT_APPLICABLE,W4415710412,NOT_APPLICABLE,1,OPENALEX:W4415710412,UNIQUE,NOT_APPLICABLE,Single unique manifestation.,PENDING_SCREENING,VERIFIED_RAW_MANIFEST
CANON-00194,OPENALEX:W4410143500,"Estimating forest above ground biomass in Dak Lak Province, Vietnam",2025,OPENALEX,10.13057/asianjfor/r090112,NOT_APPLICABLE,W4410143500,NOT_APPLICABLE,1,OPENALEX:W4410143500,UNIQUE,NOT_APPLICABLE,Single unique manifestation.,PENDING_SCREENING,VERIFIED_RAW_MANIFEST
CANON-00195,PMID:41285609,Continuity of Primary Care and Preventable Hospitalization for Acute Conditions: A Machine Learning-Based Record Linkage Study.,2025,PUBMED,10.1370/afm.240569,41285609,NOT_APPLICABLE,NOT_APPLICABLE,1,PMID:41285609,UNIQUE,NOT_APPLICABLE,Single unique manifestation.,PENDING_SCREENING,VERIFIED_RAW_MANIFEST
CANON-00196,PMID:36812518,Applied machine learning for the risk-stratification and clinical decision support of hospitalised patients with dengue in Vietnam.,2022,OPENALEX | PUBMED,10.1371/journal.pdig.0000005,36812518,NOT_APPLICABLE,NOT_APPLICABLE,2,OPENALEX:W4206827170 | PMID:36812518,DUPLICATE_ALIAS,DOI | PMID,Highest metadata completeness.,PENDING_SCREENING,VERIFIED_RAW_MANIFEST
CANON-00197,PMID:41662365,Early individualized risk prediction using clinical data for children during the febrile phase of dengue in outpatient settings in Vietnam and Thailand.,2026,OPENALEX | PUBMED,10.1371/journal.pdig.0001171,41662365,NOT_APPLICABLE,NOT_APPLICABLE,2,OPENALEX:W7128429800 | PMID:41662365,DUPLICATE_ALIAS,DOI | PMID,Highest metadata completeness.,PENDING_SCREENING,VERIFIED_RAW_MANIFEST
CANON-00198,PMID:39302916,"Factors associated with 90-day mortality in Vietnamese stroke patients: Prospective findings compared with explainable machine learning, multicenter study.",2024,OPENALEX | PUBMED,10.1371/journal.pone.0310522,39302916,NOT_APPLICABLE,NOT_APPLICABLE,2,OPENALEX:W4402676003 | PMID:39302916,DUPLICATE_ALIAS,DOI | PMID,Highest metadata completeness.,PENDING_SCREENING,VERIFIED_RAW_MANIFEST
CANON-00199,PMID:39642139,A machine learning-based risk score for prediction of mechanical ventilation in children with dengue shock syndrome: A retrospective cohort study.,2024,OPENALEX | PUBMED,10.1371/journal.pone.0315281,39642139,NOT_APPLICABLE,NOT_APPLICABLE,2,OPENALEX:W4405104656 | PMID:39642139,DUPLICATE_ALIAS,DOI | PMID,Highest metadata completeness.,PENDING_SCREENING,VERIFIED_RAW_MANIFEST
CANON-00200,PMID:40408340,Convolutional neural network using magnetic resonance brain imaging to predict outcome from tuberculosis meningitis.,2025,PUBMED,10.1371/journal.pone.0321655,40408340,NOT_APPLICABLE,NOT_APPLICABLE,1,PMID:40408340,UNIQUE,NOT_APPLICABLE,Single unique manifestation.,PENDING_SCREENING,VERIFIED_RAW_MANIFEST
CANON-00201,PMID:41144436,Comparison of serum lactate and lactate-derived ratios as prognostic biomarkers in pediatric dengue shock syndrome using supervised machine learning models.,2025,OPENALEX | PUBMED,10.1371/journal.pone.0335022,41144436,NOT_APPLICABLE,NOT_APPLICABLE,2,OPENALEX:W4415592503 | PMID:41144436,DUPLICATE_ALIAS,DOI | PMID,Highest metadata completeness.,PENDING_SCREENING,VERIFIED_RAW_MANIFEST
CANON-00202,OPENALEX:W7111334404,The study flowchart.,2025,OPENALEX,10.1371/journal.pone.0335022.g001,NOT_APPLICABLE,W7111334404,NOT_APPLICABLE,1,OPENALEX:W7111334404,UNIQUE,NOT_APPLICABLE,Single unique manifestation.,PENDING_SCREENING,VERIFIED_RAW_MANIFEST
CANON-00203,OPENALEX:W7111367442,Missing value chart of candidate variables.,2025,OPENALEX,10.1371/journal.pone.0335022.s004,NOT_APPLICABLE,W7111367442,NOT_APPLICABLE,1,OPENALEX:W7111367442,UNIQUE,NOT_APPLICABLE,Single unique manifestation.,PENDING_SCREENING,VERIFIED_RAW_MANIFEST
CANON-00204,OPENALEX:W7110882652,TRIPOD checklist.,2025,OPENALEX,10.1371/journal.pone.0335022.s011,NOT_APPLICABLE,W7110882652,NOT_APPLICABLE,1,OPENALEX:W7110882652,UNIQUE,NOT_APPLICABLE,Single unique manifestation.,PENDING_SCREENING,VERIFIED_RAW_MANIFEST
CANON-00205,PMID:42507686,PAP_NER: A large-scale vietnamese administrative named entity recognition corpus and hybrid deep learning architecture.,2026,PUBMED,10.1371/journal.pone.0353166,42507686,NOT_APPLICABLE,NOT_APPLICABLE,1,PMID:42507686,UNIQUE,NOT_APPLICABLE,Single unique manifestation.,PENDING_SCREENING,VERIFIED_RAW_MANIFEST
CANON-00206,OPENALEX:W7127637572,The Social Dimension of Sustainable Development andInequalities: A Multi-Method Analysis of HumanDevelopment Dynamics in CIVETSCountries,2026,OPENALEX,10.14419/8c9vpr66,NOT_APPLICABLE,W7127637572,NOT_APPLICABLE,1,OPENALEX:W7127637572,UNIQUE,NOT_APPLICABLE,Single unique manifestation.,PENDING_SCREENING,VERIFIED_RAW_MANIFEST
CANON-00207,OPENALEX:W3209013861,"IoTs, Machine Learning (ML), AI and Digital Transformation Affects Various Industries - Principles and Cybersecurity Risks Solutions",2021,OPENALEX,10.14704/web/v18si04/web18144,NOT_APPLICABLE,W3209013861,NOT_APPLICABLE,1,OPENALEX:W3209013861,UNIQUE,NOT_APPLICABLE,Single unique manifestation.,PENDING_SCREENING,VERIFIED_RAW_MANIFEST
CANON-00208,OPENALEX:W3205697285,"Genomics and big data: Research, development and applications",2021,OPENALEX,10.15625/1811-4989/16158,NOT_APPLICABLE,W3205697285,NOT_APPLICABLE,1,OPENALEX:W3205697285,UNIQUE,NOT_APPLICABLE,Single unique manifestation.,PENDING_SCREENING,VERIFIED_RAW_MANIFEST
CANON-00209,OPENALEX:W7164488307,Artificial Intelligence Integration in Medical Education: A Landscape with HOT Dimensions in Viet Nam,2026,OPENALEX,10.1596/45024,NOT_APPLICABLE,W7164488307,NOT_APPLICABLE,1,OPENALEX:W7164488307,UNIQUE,NOT_APPLICABLE,Single unique manifestation.,PENDING_SCREENING,VERIFIED_RAW_MANIFEST
CANON-00210,OPENALEX:W7138358879,VietCheckMed: Explainable Regulatory Compliance Checking for Medical Advertisements on Vietnamese Social Media,2026,OPENALEX,10.1609/aaai.v40i2.37077,NOT_APPLICABLE,W7138358879,NOT_APPLICABLE,1,OPENALEX:W7138358879,UNIQUE,NOT_APPLICABLE,Single unique manifestation.,PENDING_SCREENING,VERIFIED_RAW_MANIFEST
CANON-00211,OPENALEX:W4408807516,Editorial: Bridging tradition and innovation: from maintaining masonry bridges to using AI for better understanding bridge behaviour,2025,OPENALEX,10.1680/jbren.2025.178.2.95,NOT_APPLICABLE,W4408807516,NOT_APPLICABLE,1,OPENALEX:W4408807516,UNIQUE,NOT_APPLICABLE,Single unique manifestation.,PENDING_SCREENING,VERIFIED_RAW_MANIFEST
CANON-00212,OPENALEX:W4395081370,Using machine learning algorithms for predicting bridge vertical deflection,2024,OPENALEX,10.1680/jencm.23.00016,NOT_APPLICABLE,W4395081370,NOT_APPLICABLE,1,OPENALEX:W4395081370,UNIQUE,NOT_APPLICABLE,Single unique manifestation.,PENDING_SCREENING,VERIFIED_RAW_MANIFEST
CANON-00213,OPENALEX:W7162461848,Recovering Health Disparities When Race and Ethnicity Information is Inadequate,2026,OPENALEX,10.17605/osf.io/n5fb2,NOT_APPLICABLE,W7162461848,NOT_APPLICABLE,1,OPENALEX:W7162461848,UNIQUE,NOT_APPLICABLE,Single unique manifestation.,PENDING_SCREENING,VERIFIED_RAW_MANIFEST
CANON-00214,OPENALEX:W7166448728,TH-Hien Model: protocol and statistical analysis plan (HBeAg-negative CHB),2026,OPENALEX,10.17605/osf.io/yvxqp,NOT_APPLICABLE,W7166448728,NOT_APPLICABLE,1,OPENALEX:W7166448728,UNIQUE,NOT_APPLICABLE,Single unique manifestation.,PENDING_SCREENING,VERIFIED_RAW_MANIFEST
CANON-00215,OPENALEX:W3160639093,Déjà Vu – A New Coronavirus Challenge,2021,OPENALEX,10.17849/insm-49-1-5-10.1,33971005,W3160639093,NOT_APPLICABLE,1,OPENALEX:W3160639093,UNIQUE,NOT_APPLICABLE,Single unique manifestation.,PENDING_SCREENING,VERIFIED_RAW_MANIFEST
CANON-00216,OPENALEX:W4297884396,Multidimensional Machine Learning on 2173 COVID-19 Patients in Vietnam,2022,OPENALEX,10.20944/preprints202209.0291.v1,NOT_APPLICABLE,W4297884396,NOT_APPLICABLE,1,OPENALEX:W4297884396,UNIQUE,NOT_APPLICABLE,Single unique manifestation.,PENDING_SCREENING,VERIFIED_RAW_MANIFEST
CANON-00217,OPENALEX:W4412649646,A Systematic Framework for Investigating Algorithmic Bias as a Social Determinant of Health in Low- and Middle-Income Countries: A Research Protocol,2025,OPENALEX,10.20944/preprints202507.1698.v1,NOT_APPLICABLE,W4412649646,NOT_APPLICABLE,1,OPENALEX:W4412649646,UNIQUE,NOT_APPLICABLE,Single unique manifestation.,PENDING_SCREENING,VERIFIED_RAW_MANIFEST
CANON-00218,OPENALEX:W4415718502,Air Quality Index Prediction with Long Short‐Term Memory—Moving Average (LSTM‐MA)—Machine Learning Model,2025,OPENALEX,10.20944/preprints202510.2310.v1,NOT_APPLICABLE,W4415718502,NOT_APPLICABLE,1,OPENALEX:W4415718502,UNIQUE,NOT_APPLICABLE,Single unique manifestation.,PENDING_SCREENING,VERIFIED_RAW_MANIFEST
CANON-00219,OPENALEX:W4400089170,A Comparative assessment of ChatGPT vs. Google Translate for the translation of patient instructions,2024,OPENALEX,10.21037/jmai-24-24,NOT_APPLICABLE,W4400089170,NOT_APPLICABLE,1,OPENALEX:W4400089170,UNIQUE,NOT_APPLICABLE,Single unique manifestation.,PENDING_SCREENING,VERIFIED_RAW_MANIFEST
CANON-00220,OPENALEX:W4391164020,Downscaling daily fine Particulate Matter (PM2.5) concentration maps for Ho Chi Minh City,2024,OPENALEX,10.21203/rs.3.rs-3879162/v1,NOT_APPLICABLE,W4391164020,NOT_APPLICABLE,1,OPENALEX:W4391164020,UNIQUE,NOT_APPLICABLE,Single unique manifestation.,PENDING_SCREENING,VERIFIED_RAW_MANIFEST
CANON-00221,OPENALEX:W4398182497,Ecological Epidemiology Insights into Clonorchiosis Endemicity in Southern China and Northern Vietnam: A Comprehensive Machine Learning Analysis,2024,OPENALEX,10.21203/rs.3.rs-4399445/v1,NOT_APPLICABLE,W4398182497,NOT_APPLICABLE,1,OPENALEX:W4398182497,UNIQUE,NOT_APPLICABLE,Single unique manifestation.,PENDING_SCREENING,VERIFIED_RAW_MANIFEST
CANON-00222,OPENALEX:W3165798418,Clinical Features And Neuroimaging Findings In Acute Cerebral Infarction Patients Using RAPID Artificial Intelligent (RAPID AI) Software Analysis – A Series Of 54 Cases,2021,OPENALEX,10.21203/rs.3.rs-534389/v1,NOT_APPLICABLE,W3165798418,NOT_APPLICABLE,1,OPENALEX:W3165798418,UNIQUE,NOT_APPLICABLE,Single unique manifestation.,PENDING_SCREENING,VERIFIED_RAW_MANIFEST
CANON-00223,OPENALEX:W3214133227,Predicting as Contamination Risk in Red River Delta Using Machine Learning Algorithms,2021,OPENALEX,10.2139/ssrn.3952430,NOT_APPLICABLE,W3214133227,NOT_APPLICABLE,1,OPENALEX:W3214133227,UNIQUE,NOT_APPLICABLE,Single unique manifestation.,PENDING_SCREENING,VERIFIED_RAW_MANIFEST
CANON-00224,OPENALEX:W4285152138,"Ai Based Air Quality Pm2.5 Forecasting Models for Developing Countries: A Case Study of Ho Chi Minh City, Vietnam",2022,OPENALEX,10.2139/ssrn.4111434,NOT_APPLICABLE,W4285152138,NOT_APPLICABLE,1,OPENALEX:W4285152138,UNIQUE,NOT_APPLICABLE,Single unique manifestation.,PENDING_SCREENING,VERIFIED_RAW_MANIFEST
CANON-00225,OPENALEX:W4313690381,Characteristics of Fatal Occupational Injuries in Migrant Workers in South Korea: A Machine Learning Study,2022,OPENALEX,10.2139/ssrn.4314078,NOT_APPLICABLE,W4313690381,NOT_APPLICABLE,1,OPENALEX:W4313690381,UNIQUE,NOT_APPLICABLE,Single unique manifestation.,PENDING_SCREENING,VERIFIED_RAW_MANIFEST
CANON-00226,OPENALEX:W4385486558,Prevalence-Based Gradation (PBG) Process To Tackle Misinformation And Disinformation On Social Media,2023,OPENALEX,10.2139/ssrn.4528682,NOT_APPLICABLE,W4385486558,NOT_APPLICABLE,1,OPENALEX:W4385486558,UNIQUE,NOT_APPLICABLE,Single unique manifestation.,PENDING_SCREENING,VERIFIED_RAW_MANIFEST
CANON-00227,OPENALEX:W4392870385,Harnessing Artificial Intelligence to Enhance Electroencephalogram Record Interpretation,2024,OPENALEX,10.2139/ssrn.4752305,NOT_APPLICABLE,W4392870385,NOT_APPLICABLE,1,OPENALEX:W4392870385,UNIQUE,NOT_APPLICABLE,Single unique manifestation.,PENDING_SCREENING,VERIFIED_RAW_MANIFEST
CANON-00228,OPENALEX:W4406360845,"Climate-Driven Dynamics of Infectious Diseases: Machine Learning-Based Predictive Modeling in Ba Ria-Vung Tau, Vietnam",2025,OPENALEX,10.2139/ssrn.5095162,NOT_APPLICABLE,W4406360845,NOT_APPLICABLE,1,OPENALEX:W4406360845,UNIQUE,NOT_APPLICABLE,Single unique manifestation.,PENDING_SCREENING,VERIFIED_RAW_MANIFEST
CANON-00229,OPENALEX:W4412710977,Estimating Pm2.5 Concentration in Ho Chi Minh City Using Sentinel-5p and Machine Learning on Google Earth Engine (Gee),2025,OPENALEX,10.2139/ssrn.5370967,NOT_APPLICABLE,W4412710977,NOT_APPLICABLE,1,OPENALEX:W4412710977,UNIQUE,NOT_APPLICABLE,Single unique manifestation.,PENDING_SCREENING,VERIFIED_RAW_MANIFEST
CANON-00230,PMID:35138264,Digital Health Policy and Programs for Hospital Care in Vietnam: Scoping Review.,2022,OPENALEX | PUBMED,10.2196/32392,35138264,NOT_APPLICABLE,NOT_APPLICABLE,2,OPENALEX:W4210885547 | PMID:35138264,DUPLICATE_ALIAS,DOI | PMID,Highest metadata completeness.,PENDING_SCREENING,VERIFIED_RAW_MANIFEST
CANON-00231,PMID:36668902,Multidimensional Machine Learning for Assessing Parameters Associated With COVID-19 in Vietnam: Validation Study.,2023,OPENALEX | PUBMED,10.2196/42895,36668902,NOT_APPLICABLE,NOT_APPLICABLE,2,OPENALEX:W4317347026 | PMID:36668902,DUPLICATE_ALIAS,DOI | PMID,Highest metadata completeness.,PENDING_SCREENING,VERIFIED_RAW_MANIFEST
CANON-00232,PMID:37058576,Adapting and Scaling a Digital Health Intervention to Improve Maternal and Child Health Among Ethnic Minority Women in Vietnam Amid the COVID-19 Context: Protocol for the dMOM Project.,2023,OPENALEX | PUBMED,10.2196/44720,37058576,NOT_APPLICABLE,NOT_APPLICABLE,2,OPENALEX:W4362712530 | PMID:37058576,DUPLICATE_ALIAS,DOI | PMID,Highest metadata completeness.,PENDING_SCREENING,VERIFIED_RAW_MANIFEST
CANON-00233,PMID:38935968,The Roles of NOTCH3 p.R544C and Thrombophilia Genes in Vietnamese Patients With Ischemic Stroke: Study Involving a Hierarchical Cluster Analysis.,2024,PUBMED,10.2196/56884,38935968,NOT_APPLICABLE,NOT_APPLICABLE,1,PMID:38935968,UNIQUE,NOT_APPLICABLE,Single unique manifestation.,PENDING_SCREENING,VERIFIED_RAW_MANIFEST
CANON-00234,PMID:39924308,Assessment of Digital Capabilities by 9 Countries in the Alliance for Healthy Cities Using AI: Cross-Sectional Analysis.,2025,PUBMED,10.2196/62935,39924308,NOT_APPLICABLE,NOT_APPLICABLE,1,PMID:39924308,UNIQUE,NOT_APPLICABLE,Single unique manifestation.,PENDING_SCREENING,VERIFIED_RAW_MANIFEST
CANON-00235,PMID:40523280,Insights Into the Current and Future State of AI Adoption Within Health Systems in Southeast Asia: Cross-Sectional Qualitative Study.,2025,OPENALEX | PUBMED,10.2196/71591,40523280,NOT_APPLICABLE,NOT_APPLICABLE,2,OPENALEX:W4410252116 | PMID:40523280,DUPLICATE_ALIAS,DOI | PMID,Highest metadata completeness.,PENDING_SCREENING,VERIFIED_RAW_MANIFEST
CANON-00236,PMID:41329943,What Are the Opportunities and Challenges of Using AI in Medical Education in Vietnam?,2025,OPENALEX | PUBMED,10.2196/77817,41329943,NOT_APPLICABLE,NOT_APPLICABLE,2,OPENALEX:W4416928963 | PMID:41329943,DUPLICATE_ALIAS,DOI | PMID,Highest metadata completeness.,PENDING_SCREENING,VERIFIED_RAW_MANIFEST
CANON-00237,PMID:41973653,Comparing Large Language Models and Traditional Machine Translation Tools for Translating Medical Consultation Summaries: Quantitative Pilot Feasibility Study.,2026,OPENALEX | PUBMED,10.2196/85169,41973653,NOT_APPLICABLE,NOT_APPLICABLE,2,OPENALEX:W7129043197 | PMID:41973653,DUPLICATE_ALIAS,DOI | PMID,Highest metadata completeness.,PENDING_SCREENING,VERIFIED_RAW_MANIFEST
CANON-00238,PMID:42397674,"Knowledge, Attitudes, and Practices Related to AI in Learning and Research Among Medical Students in Vietnam: Cross-Sectional Study.",2026,OPENALEX | PUBMED,10.2196/95867,42397674,NOT_APPLICABLE,NOT_APPLICABLE,2,OPENALEX:W7167283633 | PMID:42397674,DUPLICATE_ALIAS,DOI | PMID,Highest metadata completeness.,PENDING_SCREENING,VERIFIED_RAW_MANIFEST
CANON-00239,OPENALEX:W7166875773,TLAS-YHCT VN: Development and Evaluation of a Socratic AI Teaching Assistant for Traditional Vietnamese Medicine Education — A Two-Phase Mixed-Methods Study (Preprint),2026,OPENALEX,10.2196/preprints.105820,NOT_APPLICABLE,W7166875773,NOT_APPLICABLE,1,OPENALEX:W7166875773,UNIQUE,NOT_APPLICABLE,Single unique manifestation.,PENDING_SCREENING,VERIFIED_RAW_MANIFEST
CANON-00240,OPENALEX:W4211123459,Digital Health Policy and Programs for Hospital Care in Vietnam: Scoping Review (Preprint),2021,OPENALEX,10.2196/preprints.32392,NOT_APPLICABLE,W4211123459,NOT_APPLICABLE,1,OPENALEX:W4211123459,UNIQUE,NOT_APPLICABLE,Single unique manifestation.,PENDING_SCREENING,VERIFIED_RAW_MANIFEST
CANON-00241,OPENALEX:W4297936949,Multidimensional Machine Learning for Assessing Parameters Associated With COVID-19 in Vietnam: Validation Study (Preprint),2022,OPENALEX,10.2196/preprints.42895,NOT_APPLICABLE,W4297936949,NOT_APPLICABLE,1,OPENALEX:W4297936949,UNIQUE,NOT_APPLICABLE,Single unique manifestation.,PENDING_SCREENING,VERIFIED_RAW_MANIFEST
CANON-00242,OPENALEX:W4310934232,Adapting and Scaling a Digital Health Intervention to Improve Maternal and Child Health Among Ethnic Minority Women in Vietnam Amid the COVID-19 Context: Protocol for the dMOM Project (Preprint),2022,OPENALEX,10.2196/preprints.44720,NOT_APPLICABLE,W4310934232,NOT_APPLICABLE,1,OPENALEX:W4310934232,UNIQUE,NOT_APPLICABLE,Single unique manifestation.,PENDING_SCREENING,VERIFIED_RAW_MANIFEST
CANON-00243,OPENALEX:W4389329616,Digital health technology adoption in five Vietnamese hospitals: a self-report assessment (Preprint),2023,OPENALEX,10.2196/preprints.53483,NOT_APPLICABLE,W4389329616,NOT_APPLICABLE,1,OPENALEX:W4389329616,UNIQUE,NOT_APPLICABLE,Single unique manifestation.,PENDING_SCREENING,VERIFIED_RAW_MANIFEST
CANON-00244,OPENALEX:W4406720993,Insights on the current and future state of AI adoption within health systems in Southeast Asia: A qualitative study (Preprint),2025,OPENALEX,10.2196/preprints.71591,NOT_APPLICABLE,W4406720993,NOT_APPLICABLE,1,OPENALEX:W4406720993,UNIQUE,NOT_APPLICABLE,Single unique manifestation.,PENDING_SCREENING,VERIFIED_RAW_MANIFEST
CANON-00245,OPENALEX:W4414753093,Comparing Large Language Models and Traditional Machine Translation Tools for Translating Medical Consultation Summaries – A Pilot Feasibility Study (Preprint),2025,OPENALEX,10.2196/preprints.85169,NOT_APPLICABLE,W4414753093,NOT_APPLICABLE,1,OPENALEX:W4414753093,UNIQUE,NOT_APPLICABLE,Single unique manifestation.,PENDING_SCREENING,VERIFIED_RAW_MANIFEST
CANON-00246,OPENALEX:W4412472540,Prediction of corroded reinforced concrete beam deflection using a metaheuristic optimized least squares support vector regression,2025,OPENALEX,10.24200/sci.2025.65252.9382,NOT_APPLICABLE,W4412472540,NOT_APPLICABLE,1,OPENALEX:W4412472540,UNIQUE,NOT_APPLICABLE,Single unique manifestation.,PENDING_SCREENING,VERIFIED_RAW_MANIFEST
CANON-00247,PMID:37397176,"Applying artificial intelligence and digital health technologies, Viet Nam.",2023,OPENALEX | PUBMED,10.2471/blt.22.289423,37397176,NOT_APPLICABLE,NOT_APPLICABLE,2,OPENALEX:W4382919153 | PMID:37397176,DUPLICATE_ALIAS,DOI | PMID,Highest metadata completeness.,PENDING_SCREENING,VERIFIED_RAW_MANIFEST
CANON-00248,OPENALEX:W4385990480,PhoBERT: Application in Disease Classification based on Vietnamese Symptom Analysis,2023,OPENALEX,10.2478/acss-2023-0004,NOT_APPLICABLE,W4385990480,NOT_APPLICABLE,1,OPENALEX:W4385990480,UNIQUE,NOT_APPLICABLE,Single unique manifestation.,PENDING_SCREENING,VERIFIED_RAW_MANIFEST
CANON-00249,OPENALEX:W4413217080,Application of Artificial Intelligence in Healthcare in Vietnam: A Scoping Review of Current Status and Future Research Directions,2025,OPENALEX,10.25073/2588-1132/vnumps.4799,NOT_APPLICABLE,W4413217080,NOT_APPLICABLE,1,OPENALEX:W4413217080,UNIQUE,NOT_APPLICABLE,Single unique manifestation.,PENDING_SCREENING,VERIFIED_RAW_MANIFEST
CANON-00250,OPENALEX:W7133961658,Overview of AI Agent Applications in Hospital Pharmacy Operations,2026,OPENALEX,10.25073/2588-1132/vnumps.4922,NOT_APPLICABLE,W7133961658,NOT_APPLICABLE,1,OPENALEX:W7133961658,UNIQUE,NOT_APPLICABLE,Single unique manifestation.,PENDING_SCREENING,VERIFIED_RAW_MANIFEST
CANON-00251,OPENALEX:W2987436579,Parent’s Perception and Willingness for Using Internet Based Mental Health Application for Children,2019,OPENALEX,10.25073/2588-1159/vnuer.4325,NOT_APPLICABLE,W2987436579,NOT_APPLICABLE,1,OPENALEX:W2987436579,UNIQUE,NOT_APPLICABLE,Single unique manifestation.,PENDING_SCREENING,VERIFIED_RAW_MANIFEST
CANON-00252,OPENALEX:W7154607232,Integrating Diverse Voices and Data Science: Advancing Equity in the Public Opinion Data Cycle for Health Emergencies,2026,OPENALEX,10.26190/unsworks/32205,NOT_APPLICABLE,W7154607232,NOT_APPLICABLE,1,OPENALEX:W7154607232,UNIQUE,NOT_APPLICABLE,Single unique manifestation.,PENDING_SCREENING,VERIFIED_RAW_MANIFEST
CANON-00253,OPENALEX:W7115021865,"Remote sensing for yield estimation and climate risk management for coffee in Central Highlands, Vietnam",2025,OPENALEX,10.26192/100wx8,NOT_APPLICABLE,W7115021865,NOT_APPLICABLE,1,OPENALEX:W7115021865,UNIQUE,NOT_APPLICABLE,Single unique manifestation.,PENDING_SCREENING,VERIFIED_RAW_MANIFEST
CANON-00254,OPENALEX:W7163644638,Academic use of ChatGPT among postgraduate healthcare students: Findings from a cross-sectional study,2026,OPENALEX,10.29060/taps.2026-11-3/oa3767,NOT_APPLICABLE,W7163644638,NOT_APPLICABLE,1,OPENALEX:W7163644638,UNIQUE,NOT_APPLICABLE,Single unique manifestation.,PENDING_SCREENING,VERIFIED_RAW_MANIFEST
CANON-00255,OPENALEX:W4403001276,Development and validation of machine learning-based predictive clinical decision support system for olanzapine in patients with schizophrenia,2024,OPENALEX,10.29090/psa.2024.04.24.ap0713,NOT_APPLICABLE,W4403001276,NOT_APPLICABLE,1,OPENALEX:W4403001276,UNIQUE,NOT_APPLICABLE,Single unique manifestation.,PENDING_SCREENING,VERIFIED_RAW_MANIFEST
CANON-00256,OPENALEX:W3091082229,Toward Audio Beehive Monitoring Based on IoT-AI techniques: A Survey and Perspective,2020,OPENALEX,10.31817/vjas.2020.3.1.06,NOT_APPLICABLE,W3091082229,NOT_APPLICABLE,1,OPENALEX:W3091082229,UNIQUE,NOT_APPLICABLE,Single unique manifestation.,PENDING_SCREENING,VERIFIED_RAW_MANIFEST
CANON-00257,PMID:35062181,Cory COVID-Bot: An Evidence-Based Behavior Change Chatbot for COVID-19.,2022,OPENALEX | PUBMED,10.3233/shti210948,35062181,NOT_APPLICABLE,NOT_APPLICABLE,2,OPENALEX:W4205118783 | PMID:35062181,DUPLICATE_ALIAS,DOI | PMID,Highest metadata completeness.,PENDING_SCREENING,VERIFIED_RAW_MANIFEST
CANON-00258,PMID:40776317,Transfer Learning Enhances Neurological Outcome Prediction for Out-of-Hospital Cardiac Arrest: Validation Across Diverse Geographic Contexts.,2025,OPENALEX | PUBMED,10.3233/shti251300,40776317,NOT_APPLICABLE,NOT_APPLICABLE,2,OPENALEX:W4413050530 | PMID:40776317,DUPLICATE_ALIAS,DOI | PMID,Highest metadata completeness.,PENDING_SCREENING,VERIFIED_RAW_MANIFEST
CANON-00259,PMID:42174817,Prediction of Early Functional Outcome After Acute Ischemic Stroke Using Real-World Clinical Data in Vietnam and Indonesia: Retrospective Cohort Study.,2026,OPENALEX | PUBMED,10.3233/shti260140,42174817,NOT_APPLICABLE,NOT_APPLICABLE,2,OPENALEX:W7162023752 | PMID:42174817,DUPLICATE_ALIAS,DOI | PMID,Highest metadata completeness.,PENDING_SCREENING,VERIFIED_RAW_MANIFEST
CANON-00260,OPENALEX:W7169562234,"Kiến thức, thái độ và thực hành ứng dụng trí tuệ nhân tạo trong học tập của sinh viên Điều dưỡng tại Đại học Y Dược Thành phố Hồ Chí Minh",2026,OPENALEX,10.32895/hcjm.m.2026.09.04,NOT_APPLICABLE,W7169562234,NOT_APPLICABLE,1,OPENALEX:W7169562234,UNIQUE,NOT_APPLICABLE,Single unique manifestation.,PENDING_SCREENING,VERIFIED_RAW_MANIFEST
CANON-00261,PMID:41494674,Coronary CT Angiography-Derived Fractional Flow Reserve in Asia and the United States: 2025 Status Update.,2026,OPENALEX | PUBMED,10.3348/kjr.2025.1208,41494674,NOT_APPLICABLE,NOT_APPLICABLE,2,OPENALEX:W7117967769 | PMID:41494674,DUPLICATE_ALIAS,DOI | PMID,Highest metadata completeness.,PENDING_SCREENING,VERIFIED_RAW_MANIFEST
CANON-00262,OPENALEX:W4410527718,"ChatGPT Usage for Academic Purposes and Influencing Factors Among Students at Hanoi Medical University, Vietnam",2025,OPENALEX,10.33846/hd20502,NOT_APPLICABLE,W4410527718,NOT_APPLICABLE,1,OPENALEX:W4410527718,UNIQUE,NOT_APPLICABLE,Single unique manifestation.,PENDING_SCREENING,VERIFIED_RAW_MANIFEST
CANON-00263,PMID:37900571,Ensemble learning of myocardial displacements for myocardial infarction detection in echocardiography.,2023,PUBMED,10.3389/fcvm.2023.1185172,37900571,NOT_APPLICABLE,NOT_APPLICABLE,1,PMID:37900571,UNIQUE,NOT_APPLICABLE,Single unique manifestation.,PENDING_SCREENING,VERIFIED_RAW_MANIFEST
CANON-00264,OPENALEX:W7153144856,Editorial: Multiparametric stress echocardiography in stable CAD patients. How technological advances may transform diagnosis and prognosis,2026,OPENALEX,10.3389/fcvm.2026.1811863,42039351,W7153144856,NOT_APPLICABLE,1,OPENALEX:W7153144856,UNIQUE,NOT_APPLICABLE,Single unique manifestation.,PENDING_SCREENING,VERIFIED_RAW_MANIFEST
CANON-00265,PMID:35360365,The Diagnosis of Dengue in Patients Presenting With Acute Febrile Illness Using Supervised Machine Learning and Impact of Seasonality.,2022,PUBMED,10.3389/fdgth.2022.849641,35360365,NOT_APPLICABLE,NOT_APPLICABLE,1,PMID:35360365,UNIQUE,NOT_APPLICABLE,Single unique manifestation.,PENDING_SCREENING,VERIFIED_RAW_MANIFEST
CANON-00266,PMID:35966141,Deployment and validation of an AI system for detecting abnormal chest radiographs in clinical settings.,2022,PUBMED,10.3389/fdgth.2022.890759,35966141,NOT_APPLICABLE,NOT_APPLICABLE,1,PMID:35966141,UNIQUE,NOT_APPLICABLE,Single unique manifestation.,PENDING_SCREENING,VERIFIED_RAW_MANIFEST
CANON-00267,PMID:36561922,"Measuring adherence, acceptability and likability of an artificial-intelligence-based, gamified phone application to improve the quality of dietary choices of adolescents in Ghana and Vietnam: Protocol of a randomized controlled pilot test.",2022,OPENALEX | PUBMED,10.3389/fdgth.2022.961604,36561922,NOT_APPLICABLE,NOT_APPLICABLE,2,OPENALEX:W4311631211 | PMID:36561922,DUPLICATE_ALIAS,DOI | PMID,Highest metadata completeness.,PENDING_SCREENING,VERIFIED_RAW_MANIFEST
CANON-00268,OPENALEX:W4410608473,Editorial: ICYMARE – early career researchers in marine science,2025,OPENALEX,10.3389/fmars.2025.1618554,NOT_APPLICABLE,W4410608473,NOT_APPLICABLE,1,OPENALEX:W4410608473,UNIQUE,NOT_APPLICABLE,Single unique manifestation.,PENDING_SCREENING,VERIFIED_RAW_MANIFEST
CANON-00269,OPENALEX:W4415096802,Humanizing pulmonary care in the era of acoustic artificial intelligence: toward global health equity,2025,OPENALEX,10.3389/fmed.2025.1666820,41158472,W4415096802,NOT_APPLICABLE,1,OPENALEX:W4415096802,UNIQUE,NOT_APPLICABLE,Single unique manifestation.,PENDING_SCREENING,VERIFIED_RAW_MANIFEST
CANON-00270,OPENALEX:W4407554714,Editorial: Tick-borne Bunyaviruses: an emerging public health threat,2025,OPENALEX,10.3389/fmicb.2025.1564335,40018677,W4407554714,NOT_APPLICABLE,1,OPENALEX:W4407554714,UNIQUE,NOT_APPLICABLE,Single unique manifestation.,PENDING_SCREENING,VERIFIED_RAW_MANIFEST
CANON-00271,OPENALEX:W4411389127,UET175: EEG dataset of motor imagery tasks in Vietnamese stroke patients,2025,OPENALEX,10.3389/fnins.2025.1580931,40600191,W4411389127,NOT_APPLICABLE,1,OPENALEX:W4411389127,UNIQUE,NOT_APPLICABLE,Single unique manifestation.,PENDING_SCREENING,VERIFIED_RAW_MANIFEST
CANON-00272,OPENALEX:W4414865966,"Editorial: Promoting innovative learning-oriented feedback practice: engagement, challenges, and solutions",2025,OPENALEX,10.3389/fpsyg.2025.1707902,41122290,W4414865966,NOT_APPLICABLE,1,OPENALEX:W4414865966,UNIQUE,NOT_APPLICABLE,Single unique manifestation.,PENDING_SCREENING,VERIFIED_RAW_MANIFEST
CANON-00273,PMID:40491992,"Global, regional, and national burdens of rheumatoid arthritis among people aged 60 years and older from 1990 to 2021: a trend analysis for the Global Burden of Disease Study 2021.",2025,PUBMED,10.3389/fpubh.2025.1527680,40491992,NOT_APPLICABLE,NOT_APPLICABLE,1,PMID:40491992,UNIQUE,NOT_APPLICABLE,Single unique manifestation.,PENDING_SCREENING,VERIFIED_RAW_MANIFEST
CANON-00274,OPENALEX:W7123507647,Correction: Deep learning neural networks-based traffic predictors for V2X communication networks,2026,OPENALEX,10.3389/frai.2025.1768205,41608033,W7123507647,NOT_APPLICABLE,1,OPENALEX:W7123507647,UNIQUE,NOT_APPLICABLE,Single unique manifestation.,PENDING_SCREENING,VERIFIED_RAW_MANIFEST
CANON-00275,OPENALEX:W4413803626,Editorial: Accelerating to 2030 - doubling down on HIV prevention to end HIV/AIDS as a public health threat,2025,OPENALEX,10.3389/frph.2025.1670024,40950653,W4413803626,NOT_APPLICABLE,1,OPENALEX:W4413803626,UNIQUE,NOT_APPLICABLE,Single unique manifestation.,PENDING_SCREENING,VERIFIED_RAW_MANIFEST
CANON-00276,OPENALEX:W4402994963,"Development of Machine Learning and Deep Learning Prediction Models for PM2.5 in Ho Chi Minh City, Vietnam",2024,OPENALEX,10.3390/atmos15101163,NOT_APPLICABLE,W4402994963,NOT_APPLICABLE,1,OPENALEX:W4402994963,UNIQUE,NOT_APPLICABLE,Single unique manifestation.,PENDING_SCREENING,VERIFIED_RAW_MANIFEST
CANON-00277,PMID:41595965,Cross-Cultural Identification of Acoustic Voice Features for Depression: A Cross-Sectional Study of Vietnamese and Japanese Datasets.,2025,PUBMED,10.3390/bioengineering13010033,41595965,NOT_APPLICABLE,NOT_APPLICABLE,1,PMID:41595965,UNIQUE,NOT_APPLICABLE,Single unique manifestation.,PENDING_SCREENING,VERIFIED_RAW_MANIFEST
CANON-00278,PMID:37370981,The Utilization of Machine Learning Algorithms for Assisting Physicians in the Diagnosis of Diabetes.,2023,OPENALEX | PUBMED,10.3390/diagnostics13122087,37370981,NOT_APPLICABLE,NOT_APPLICABLE,2,OPENALEX:W4380988014 | PMID:37370981,DUPLICATE_ALIAS,DOI | PMID,Highest metadata completeness.,PENDING_SCREENING,VERIFIED_RAW_MANIFEST
CANON-00279,OPENALEX:W7135023634,Reliability of Automated Cephalometric Analysis: A Comparative Assessment of Stratification Strategies Based on Chronological Age Versus Dentition Stage,2026,OPENALEX,10.3390/dj14030167,41892775,W7135023634,NOT_APPLICABLE,1,OPENALEX:W7135023634,UNIQUE,NOT_APPLICABLE,Single unique manifestation.,PENDING_SCREENING,VERIFIED_RAW_MANIFEST
CANON-00280,PMID:31412685,An Integrated Fuzzy AHP and Fuzzy TOPSIS Approach to Assess Sustainable Urban Development in an Emerging Economy.,2019,PUBMED,10.3390/ijerph16162902,31412685,NOT_APPLICABLE,NOT_APPLICABLE,1,PMID:31412685,UNIQUE,NOT_APPLICABLE,Single unique manifestation.,PENDING_SCREENING,VERIFIED_RAW_MANIFEST
CANON-00281,OPENALEX:W4413740197,Curious but Unprepared: Healthcare Students’ Perspectives on AI and Robotics in Care and the Need for Curriculum Reform,2025,OPENALEX,10.3390/ime4030030,NOT_APPLICABLE,W4413740197,NOT_APPLICABLE,1,OPENALEX:W4413740197,UNIQUE,NOT_APPLICABLE,Single unique manifestation.,PENDING_SCREENING,VERIFIED_RAW_MANIFEST
CANON-00282,OPENALEX:W4400199015,Applied Hedge Algebra Approach with Multilingual Large Language Models to Extract Hidden Rules in Datasets for Improvement of Generative AI Applications,2024,OPENALEX,10.3390/info15070381,NOT_APPLICABLE,W4400199015,NOT_APPLICABLE,1,OPENALEX:W4400199015,UNIQUE,NOT_APPLICABLE,Single unique manifestation.,PENDING_SCREENING,VERIFIED_RAW_MANIFEST
CANON-00283,PMID:30717268,Artificial Intelligence vs. Natural Stupidity: Evaluating AI readiness for the Vietnamese Medical Information System.,2019,OPENALEX | PUBMED,10.3390/jcm8020168,30717268,NOT_APPLICABLE,NOT_APPLICABLE,2,OPENALEX:W2911578273 | PMID:30717268,DUPLICATE_ALIAS,DOI | PMID,Highest metadata completeness.,PENDING_SCREENING,VERIFIED_RAW_MANIFEST
CANON-00284,OPENALEX:W4412932118,The Nexus Between Green Finance and Artificial Intelligence: A Systemic Bibliometric Analysis Based on Web of Science Database,2025,OPENALEX,10.3390/jrfm18080420,NOT_APPLICABLE,W4412932118,NOT_APPLICABLE,1,OPENALEX:W4412932118,UNIQUE,NOT_APPLICABLE,Single unique manifestation.,PENDING_SCREENING,VERIFIED_RAW_MANIFEST
CANON-00285,OPENALEX:W4416166990,AI-Driven Methane Emission Prediction in Rice Paddies: A Machine Learning and Explainability Framework,2025,OPENALEX,10.3390/methane4040028,NOT_APPLICABLE,W4416166990,NOT_APPLICABLE,1,OPENALEX:W4416166990,UNIQUE,NOT_APPLICABLE,Single unique manifestation.,PENDING_SCREENING,VERIFIED_RAW_MANIFEST
CANON-00286,OPENALEX:W4290755880,A Review of Earth Observation-Based Drought Studies in Southeast Asia,2022,OPENALEX,10.3390/rs14153763,NOT_APPLICABLE,W4290755880,NOT_APPLICABLE,1,OPENALEX:W4290755880,UNIQUE,NOT_APPLICABLE,Single unique manifestation.,PENDING_SCREENING,VERIFIED_RAW_MANIFEST
CANON-00287,PMID:35632275,Sepsis Mortality Prediction Using Wearable Monitoring in Low-Middle Income Countries.,2022,OPENALEX | PUBMED,10.3390/s22103866,35632275,NOT_APPLICABLE,NOT_APPLICABLE,2,OPENALEX:W4280531286 | PMID:35632275,DUPLICATE_ALIAS,DOI | PMID,Highest metadata completeness.,PENDING_SCREENING,VERIFIED_RAW_MANIFEST
CANON-00288,PMID:36081013,Classification of Tetanus Severity in Intensive-Care Settings for Low-Income Countries Using Wearable Sensing.,2022,OPENALEX | PUBMED,10.3390/s22176554,36081013,NOT_APPLICABLE,NOT_APPLICABLE,2,OPENALEX:W4293715374 | PMID:36081013,DUPLICATE_ALIAS,DOI | PMID,Highest metadata completeness.,PENDING_SCREENING,VERIFIED_RAW_MANIFEST
CANON-00289,OPENALEX:W4396666524,Energy Poverty and Health Expenditure: Empirical Evidence from Vietnam,2024,OPENALEX,10.3390/socsci13050253,NOT_APPLICABLE,W4396666524,NOT_APPLICABLE,1,OPENALEX:W4396666524,UNIQUE,NOT_APPLICABLE,Single unique manifestation.,PENDING_SCREENING,VERIFIED_RAW_MANIFEST
CANON-00290,PMID:37999607,Computer-Aided Detection for Chest Radiography to Improve the Quality of Tuberculosis Diagnosis in Vietnam's District Health Facilities: An Implementation Study.,2023,PUBMED,10.3390/tropicalmed8110488,37999607,NOT_APPLICABLE,NOT_APPLICABLE,1,PMID:37999607,UNIQUE,NOT_APPLICABLE,Single unique manifestation.,PENDING_SCREENING,VERIFIED_RAW_MANIFEST
CANON-00291,OPENALEX:W4410481295,Employment Opportunities Created By Artificial Intelligence (Ai),2025,OPENALEX,10.35629/5252-0704757761,NOT_APPLICABLE,W4410481295,NOT_APPLICABLE,1,OPENALEX:W4410481295,UNIQUE,NOT_APPLICABLE,Single unique manifestation.,PENDING_SCREENING,VERIFIED_RAW_MANIFEST
CANON-00292,OPENALEX:W4251098518,Regular Issue,2021,OPENALEX,10.35940/ijitee.10.4,NOT_APPLICABLE,W4251098518,NOT_APPLICABLE,1,OPENALEX:W4251098518,UNIQUE,NOT_APPLICABLE,Single unique manifestation.,PENDING_SCREENING,VERIFIED_RAW_MANIFEST
CANON-00293,OPENALEX:W4413232052,Karasteristik Sistem Pelayanan Angkutan Perkotaan Di Kota Makassar,2025,OPENALEX,10.35965/jups.v5i3.633,NOT_APPLICABLE,W4413232052,NOT_APPLICABLE,1,OPENALEX:W4413232052,UNIQUE,NOT_APPLICABLE,Single unique manifestation.,PENDING_SCREENING,VERIFIED_RAW_MANIFEST
CANON-00294,PMID:41911083,Automated 12-Lead Electrocardiograms (ECG) Digitization and WaveForm DataBase (WFDB) Standardization: Insights from Vietnamese Clinical Data.,2026,PUBMED,10.3791/70359,41911083,NOT_APPLICABLE,NOT_APPLICABLE,1,PMID:41911083,UNIQUE,NOT_APPLICABLE,Single unique manifestation.,PENDING_SCREENING,VERIFIED_RAW_MANIFEST
CANON-00295,OPENALEX:W4405214383,Prediction of building subsidence in Vietnam using machine learning techniques based on leveling results,2024,OPENALEX,10.3846/gac.2024.20237,NOT_APPLICABLE,W4405214383,NOT_APPLICABLE,1,OPENALEX:W4405214383,UNIQUE,NOT_APPLICABLE,Single unique manifestation.,PENDING_SCREENING,VERIFIED_RAW_MANIFEST
CANON-00296,OPENALEX:W7116674418,Editorial,2025,OPENALEX,10.3897/jucs.183050,NOT_APPLICABLE,W7116674418,NOT_APPLICABLE,1,OPENALEX:W7116674418,UNIQUE,NOT_APPLICABLE,Single unique manifestation.,PENDING_SCREENING,VERIFIED_RAW_MANIFEST
CANON-00297,OPENALEX:W4417273604,An Android-Based mHealth App for Color Vision Screening and Career Guidance: Design and Validation,2025,OPENALEX,10.3991/ijoe.v21i14.58157,NOT_APPLICABLE,W4417273604,NOT_APPLICABLE,1,OPENALEX:W4417273604,UNIQUE,NOT_APPLICABLE,Single unique manifestation.,PENDING_SCREENING,VERIFIED_RAW_MANIFEST
CANON-00298,OPENALEX:W4397032867,The evidence for evidence-based medicine,2023,OPENALEX,10.4103/amsr.amsr_19_23,NOT_APPLICABLE,W4397032867,NOT_APPLICABLE,1,OPENALEX:W4397032867,UNIQUE,NOT_APPLICABLE,Single unique manifestation.,PENDING_SCREENING,VERIFIED_RAW_MANIFEST
CANON-00299,OPENALEX:W7152028441,From COVID-19 to Nipah virus preparedness in low- and middle-income countries: Re-centering points of decision and responsible AI,2026,OPENALEX,10.4103/apjtm.apjtm_118_26,NOT_APPLICABLE,W7152028441,NOT_APPLICABLE,1,OPENALEX:W7152028441,UNIQUE,NOT_APPLICABLE,Single unique manifestation.,PENDING_SCREENING,VERIFIED_RAW_MANIFEST
CANON-00300,OPENALEX:W7162791292,Fluid-sparing hyperoncotic albumin in severe dengue: A retrospective case series,2026,OPENALEX,10.4103/apjtm.apjtm_142_26,NOT_APPLICABLE,W7162791292,NOT_APPLICABLE,1,OPENALEX:W7162791292,UNIQUE,NOT_APPLICABLE,Single unique manifestation.,PENDING_SCREENING,VERIFIED_RAW_MANIFEST
CANON-00301,OPENALEX:W4415947404,"Commemorating Roberto M Lang: The Man Who Knew How to Capture the Depth, Surface Texture, and Spirit of the Heart",2025,OPENALEX,10.4103/jcpc.jcpc_58_25,NOT_APPLICABLE,W4415947404,NOT_APPLICABLE,1,OPENALEX:W4415947404,UNIQUE,NOT_APPLICABLE,Single unique manifestation.,PENDING_SCREENING,VERIFIED_RAW_MANIFEST
CANON-00302,OPENALEX:W7117548376,Percutaneous versus Surgical Coronary Revascularization: The Heart Wins Either Way,2025,OPENALEX,10.4103/jcpc.jcpc_69_25,NOT_APPLICABLE,W7117548376,NOT_APPLICABLE,1,OPENALEX:W7117548376,UNIQUE,NOT_APPLICABLE,Single unique manifestation.,PENDING_SCREENING,VERIFIED_RAW_MANIFEST
CANON-00303,PMID:39430352,"Effectiveness of artificial intelligence for diabetic retinopathy screening in community in Binh Dinh Province, Vietnam.",2024,OPENALEX | PUBMED,10.4103/tjo.tjo-d-23-00101,39430352,NOT_APPLICABLE,NOT_APPLICABLE,2,OPENALEX:W4402526630 | PMID:39430352,DUPLICATE_ALIAS,DOI | PMID,Highest metadata completeness.,PENDING_SCREENING,VERIFIED_RAW_MANIFEST
CANON-00304,OPENALEX:W4414528596,VMHQA: A Vietnamese Multi-choice Dataset for Mental Health Domain Question Answering,2025,OPENALEX,10.4108/eetsis.7678,NOT_APPLICABLE,W4414528596,NOT_APPLICABLE,1,OPENALEX:W4414528596,UNIQUE,NOT_APPLICABLE,Single unique manifestation.,PENDING_SCREENING,VERIFIED_RAW_MANIFEST
CANON-00305,OPENALEX:W7160442136,AI for Sustainable Development in Middle-Income Southeast Asia,2026,OPENALEX,10.4324/9781003715689-3,NOT_APPLICABLE,W7160442136,NOT_APPLICABLE,1,OPENALEX:W7160442136,UNIQUE,NOT_APPLICABLE,Single unique manifestation.,PENDING_SCREENING,VERIFIED_RAW_MANIFEST
CANON-00306,OPENALEX:W4409352764,Optimizing machine learning models for enhanced forest fire susceptibility mapping in Gia Lai province,2024,OPENALEX,10.46326/jmes.2025.66(2).02,NOT_APPLICABLE,W4409352764,NOT_APPLICABLE,1,OPENALEX:W4409352764,UNIQUE,NOT_APPLICABLE,Single unique manifestation.,PENDING_SCREENING,VERIFIED_RAW_MANIFEST
CANON-00307,OPENALEX:W4414706958,AI-Powered Cardiovascular Risk Prediction: Integrating Wearable Biosensors and Machine Learning Algorithms,2025,OPENALEX,10.47191/jefms/v8-i9-57,NOT_APPLICABLE,W4414706958,NOT_APPLICABLE,1,OPENALEX:W4414706958,UNIQUE,NOT_APPLICABLE,Single unique manifestation.,PENDING_SCREENING,VERIFIED_RAW_MANIFEST
CANON-00308,OPENALEX:W4317000469,Feasibility and accuracy of artificial intelligence for automatic qualification of two-dimensional and three-dimensional left ventricular ejection fraction and global longitudinal strain in echocardiography,2023,OPENALEX,10.47972/vjcts.v40i.836,NOT_APPLICABLE,W4317000469,NOT_APPLICABLE,1,OPENALEX:W4317000469,UNIQUE,NOT_APPLICABLE,Single unique manifestation.,PENDING_SCREENING,VERIFIED_RAW_MANIFEST
CANON-00309,OPENALEX:W7162111234,COPD-related mechanisms and risk signatures of cognitive impairment in the aging population,2026,OPENALEX,10.48321/d14bfd6036,NOT_APPLICABLE,W7162111234,NOT_APPLICABLE,1,OPENALEX:W7162111234,UNIQUE,NOT_APPLICABLE,Single unique manifestation.,PENDING_SCREENING,VERIFIED_RAW_MANIFEST
CANON-00310,OPENALEX:W7155372537,Which Works Best for Vietnamese? A Practical Study of Information Retrieval Methods across Domains,2026,OPENALEX,10.48448/2a35-ph29,NOT_APPLICABLE,W7155372537,NOT_APPLICABLE,1,OPENALEX:W7155372537,UNIQUE,NOT_APPLICABLE,Single unique manifestation.,PENDING_SCREENING,VERIFIED_RAW_MANIFEST
CANON-00311,OPENALEX:W4388328349,Real-Time Magnetic Tracking and Diagnosis of COVID-19 via Machine Learning,2023,OPENALEX,10.48550/arxiv.2311.00737,NOT_APPLICABLE,W4388328349,NOT_APPLICABLE,1,OPENALEX:W4388328349,UNIQUE,NOT_APPLICABLE,Single unique manifestation.,PENDING_SCREENING,VERIFIED_RAW_MANIFEST
CANON-00312,OPENALEX:W4400023013,Real-time Speech Summarization for Medical Conversations,2024,OPENALEX,10.48550/arxiv.2406.15888,NOT_APPLICABLE,W4400023013,NOT_APPLICABLE,1,OPENALEX:W4400023013,UNIQUE,NOT_APPLICABLE,Single unique manifestation.,PENDING_SCREENING,VERIFIED_RAW_MANIFEST
CANON-00313,OPENALEX:W4401306284,Sentiment Reasoning for Healthcare,2024,OPENALEX,10.48550/arxiv.2407.21054,NOT_APPLICABLE,W4401306284,NOT_APPLICABLE,1,OPENALEX:W4401306284,UNIQUE,NOT_APPLICABLE,Single unique manifestation.,PENDING_SCREENING,VERIFIED_RAW_MANIFEST
CANON-00314,OPENALEX:W4414829294,"Application of machine learning models to predict the relationship between air pollution, ecosystem degradation, and health disparities and lung cancer in Vietnam",2025,OPENALEX,10.48550/arxiv.2504.08651,NOT_APPLICABLE,W4414829294,NOT_APPLICABLE,1,OPENALEX:W4414829294,UNIQUE,NOT_APPLICABLE,Single unique manifestation.,PENDING_SCREENING,VERIFIED_RAW_MANIFEST
CANON-00315,OPENALEX:W4415066414,Comparing Large Language Models and Traditional Machine Translation Tools for Translating Medical Consultation Summaries: A Pilot Study,2025,OPENALEX,10.48550/arxiv.2504.16601,NOT_APPLICABLE,W4415066414,NOT_APPLICABLE,1,OPENALEX:W4415066414,UNIQUE,NOT_APPLICABLE,Single unique manifestation.,PENDING_SCREENING,VERIFIED_RAW_MANIFEST
CANON-00316,OPENALEX:W7118783085,A Hybrid Architecture for Multi-Stage Claim Document Understanding: Combining Vision-Language Models and Machine Learning for Real-Time Processing,2026,OPENALEX,10.48550/arxiv.2601.01897,NOT_APPLICABLE,W7118783085,NOT_APPLICABLE,1,OPENALEX:W7118783085,UNIQUE,NOT_APPLICABLE,Single unique manifestation.,PENDING_SCREENING,VERIFIED_RAW_MANIFEST
CANON-00317,OPENALEX:W7128506310,ViHERMES: A Graph-Grounded Multihop Question Answering Benchmark and System for Vietnamese Healthcare Regulations,2026,OPENALEX,10.48550/arxiv.2602.07361,NOT_APPLICABLE,W7128506310,NOT_APPLICABLE,1,OPENALEX:W7128506310,UNIQUE,NOT_APPLICABLE,Single unique manifestation.,PENDING_SCREENING,VERIFIED_RAW_MANIFEST
CANON-00318,OPENALEX:W7131655899,PSF-Med: Measuring and Explaining Paraphrase Sensitivity in Medical Vision Language Models,2026,OPENALEX,10.48550/arxiv.2602.21428,NOT_APPLICABLE,W7131655899,NOT_APPLICABLE,1,OPENALEX:W7131655899,UNIQUE,NOT_APPLICABLE,Single unique manifestation.,PENDING_SCREENING,VERIFIED_RAW_MANIFEST
CANON-00319,OPENALEX:W7163583691,Toward Pre-Deployment Assurance for Enterprise AI Agents: Ontology-Grounded Simulation and Trust Certification,2026,OPENALEX,10.48550/arxiv.2606.04037,NOT_APPLICABLE,W7163583691,NOT_APPLICABLE,1,OPENALEX:W7163583691,UNIQUE,NOT_APPLICABLE,Single unique manifestation.,PENDING_SCREENING,VERIFIED_RAW_MANIFEST
CANON-00320,OPENALEX:W7171671313,Neurai-VN Benchmark: Standardized Machine Learning Models for Multimodal Digital Phenotyping in Mental Health Classification,2026,OPENALEX,10.48550/arxiv.2607.25232,NOT_APPLICABLE,W7171671313,NOT_APPLICABLE,1,OPENALEX:W7171671313,UNIQUE,NOT_APPLICABLE,Single unique manifestation.,PENDING_SCREENING,VERIFIED_RAW_MANIFEST
CANON-00321,OPENALEX:W4409928699,"DEVELOPMENT OF AN INTEGRATED NURSING COMPETENCY FRAMEWORK: SYNTHESIZING VIETNAM’S NATIONAL STANDARDS, COMPETENCY MODELS, AND ASSESSMENT INSTRUMENTS",2025,OPENALEX,10.51298/vmj.v550i1.13913,NOT_APPLICABLE,W4409928699,NOT_APPLICABLE,1,OPENALEX:W4409928699,UNIQUE,NOT_APPLICABLE,Single unique manifestation.,PENDING_SCREENING,VERIFIED_RAW_MANIFEST
CANON-00322,OPENALEX:W4410250380,Forecasting HIV Treatment loss of follow up rate Using Deep Learning and Survival Analysis in Ho Chi Minh City,2025,OPENALEX,10.51403/0868-2836/2024/2142,NOT_APPLICABLE,W4410250380,NOT_APPLICABLE,1,OPENALEX:W4410250380,UNIQUE,NOT_APPLICABLE,Single unique manifestation.,PENDING_SCREENING,VERIFIED_RAW_MANIFEST
CANON-00323,OPENALEX:W4392580413,"&amp;#160;Air Emission Inventory and AI- based Air Quality Forecasting Models for Developing Countries: A Case Study of Ho Chi Minh City, Vietnam",2024,OPENALEX,10.5194/egusphere-egu24-10056,NOT_APPLICABLE,W4392580413,NOT_APPLICABLE,1,OPENALEX:W4392580413,UNIQUE,NOT_APPLICABLE,Single unique manifestation.,PENDING_SCREENING,VERIFIED_RAW_MANIFEST
CANON-00324,OPENALEX:W7162137859,APPLICATION OF ARTIFICIAL INTELLIGENCE TO DEVELOP A MODEL FOR IDENTIFYING MANIA BASED ON VOICE: PRELIMINARY RESULTS,2026,OPENALEX,10.52163/yhc.v67ie1.5097,NOT_APPLICABLE,W7162137859,NOT_APPLICABLE,1,OPENALEX:W7162137859,UNIQUE,NOT_APPLICABLE,Single unique manifestation.,PENDING_SCREENING,VERIFIED_RAW_MANIFEST
CANON-00325,OPENALEX:W4225707844,An efficient human activity recognition model based on deep learning approaches,2022,OPENALEX,10.52549/ijeei.v10i1.3438,NOT_APPLICABLE,W4225707844,NOT_APPLICABLE,1,OPENALEX:W4225707844,UNIQUE,NOT_APPLICABLE,Single unique manifestation.,PENDING_SCREENING,VERIFIED_RAW_MANIFEST
CANON-00326,OPENALEX:W7147191292,Comprehensive Overview of Artificial Intelligence Applications in Biomedical Research and Precision Medicine (2024–2026),2026,OPENALEX,10.5281/zenodo.19372021,NOT_APPLICABLE,W7147191292,NOT_APPLICABLE,1,OPENALEX:W7147191292,UNIQUE,NOT_APPLICABLE,Single unique manifestation.,PENDING_SCREENING,VERIFIED_RAW_MANIFEST
CANON-00327,OPENALEX:W7147014134,Comprehensive Overview of Artificial Intelligence Applications in Biomedical Research and Precision Medicine (2024–2026),2026,OPENALEX,10.5281/zenodo.19372022,NOT_APPLICABLE,W7147014134,NOT_APPLICABLE,1,OPENALEX:W7147014134,UNIQUE,NOT_APPLICABLE,Single unique manifestation.,PENDING_SCREENING,VERIFIED_RAW_MANIFEST
CANON-00328,OPENALEX:W7154143679,"PREreview of ""Diagnostic Accuracy and Potential Resource Savings of Pooled Sputum Testing with Xpert MTB/RIF Ultra for Tuberculosis among adults in Vietnam: A Cross-Sectional Study""",2026,OPENALEX,10.5281/zenodo.19559781,NOT_APPLICABLE,W7154143679,NOT_APPLICABLE,1,OPENALEX:W7154143679,UNIQUE,NOT_APPLICABLE,Single unique manifestation.,PENDING_SCREENING,VERIFIED_RAW_MANIFEST
CANON-00329,OPENALEX:W7153986709,"PREreview of ""Diagnostic Accuracy and Potential Resource Savings of Pooled Sputum Testing with Xpert MTB/RIF Ultra for Tuberculosis among adults in Vietnam: A Cross-Sectional Study""",2026,OPENALEX,10.5281/zenodo.19559782,NOT_APPLICABLE,W7153986709,NOT_APPLICABLE,1,OPENALEX:W7153986709,UNIQUE,NOT_APPLICABLE,Single unique manifestation.,PENDING_SCREENING,VERIFIED_RAW_MANIFEST
CANON-00330,OPENALEX:W7154084917,"PREreview of ""Diagnostic Accuracy and Potential Resource Savings of Pooled Sputum Testing with Xpert MTB/RIF Ultra for Tuberculosis among adults in Vietnam: A Cross-Sectional Study""",2026,OPENALEX,10.5281/zenodo.19559874,NOT_APPLICABLE,W7154084917,NOT_APPLICABLE,1,OPENALEX:W7154084917,UNIQUE,NOT_APPLICABLE,Single unique manifestation.,PENDING_SCREENING,VERIFIED_RAW_MANIFEST
CANON-00331,OPENALEX:W7154140122,"PREreview of ""Diagnostic Accuracy and Potential Resource Savings of Pooled Sputum Testing with Xpert MTB/RIF Ultra for Tuberculosis among adults in Vietnam: A Cross-Sectional Study""",2026,OPENALEX,10.5281/zenodo.19559875,NOT_APPLICABLE,W7154140122,NOT_APPLICABLE,1,OPENALEX:W7154140122,UNIQUE,NOT_APPLICABLE,Single unique manifestation.,PENDING_SCREENING,VERIFIED_RAW_MANIFEST
CANON-00332,OPENALEX:W7159931699,Trustworthy RF/Microwave Biomedical AI: Information Fusion and Evaluation Design for Clinical Translation,2026,OPENALEX,10.5281/zenodo.19990363,NOT_APPLICABLE,W7159931699,NOT_APPLICABLE,1,OPENALEX:W7159931699,UNIQUE,NOT_APPLICABLE,Single unique manifestation.,PENDING_SCREENING,VERIFIED_RAW_MANIFEST
CANON-00333,OPENALEX:W7159928339,Trustworthy RF/Microwave Biomedical AI: Information Fusion and Evaluation Design for Clinical Translation,2026,OPENALEX,10.5281/zenodo.19990364,NOT_APPLICABLE,W7159928339,NOT_APPLICABLE,1,OPENALEX:W7159928339,UNIQUE,NOT_APPLICABLE,Single unique manifestation.,PENDING_SCREENING,VERIFIED_RAW_MANIFEST
CANON-00334,OPENALEX:W7159954887,Trustworthy RF/Microwave Biomedical AI: Information Fusion and Evaluation Design for Clinical Translation,2026,OPENALEX,10.5281/zenodo.19990844,NOT_APPLICABLE,W7159954887,NOT_APPLICABLE,1,OPENALEX:W7159954887,UNIQUE,NOT_APPLICABLE,Single unique manifestation.,PENDING_SCREENING,VERIFIED_RAW_MANIFEST
CANON-00335,OPENALEX:W7159973139,LEGAL CHALLENGES IN THE ERA OF ARTIFICIAL INTELLIGENCE REGARDING PATIENTS' RIGHTS: LESSON FOR VIETNAMESE MEDICAL STUDENTS,2026,OPENALEX,10.5281/zenodo.20007941,NOT_APPLICABLE,W7159973139,NOT_APPLICABLE,1,OPENALEX:W7159973139,UNIQUE,NOT_APPLICABLE,Single unique manifestation.,PENDING_SCREENING,VERIFIED_RAW_MANIFEST
CANON-00336,OPENALEX:W7159975701,LEGAL CHALLENGES IN THE ERA OF ARTIFICIAL INTELLIGENCE REGARDING PATIENTS' RIGHTS: LESSON FOR VIETNAMESE MEDICAL STUDENTS,2026,OPENALEX,10.5281/zenodo.20007942,NOT_APPLICABLE,W7159975701,NOT_APPLICABLE,1,OPENALEX:W7159975701,UNIQUE,NOT_APPLICABLE,Single unique manifestation.,PENDING_SCREENING,VERIFIED_RAW_MANIFEST
CANON-00337,OPENALEX:W7159982790,"PREreview of ""Long-read sequencing of Mycobacterial tuberculosis is comparable to short-read sequencing for antimicrobial resistance prediction and epidemiological studies""",2026,OPENALEX,10.5281/zenodo.20009360,NOT_APPLICABLE,W7159982790,NOT_APPLICABLE,1,OPENALEX:W7159982790,UNIQUE,NOT_APPLICABLE,Single unique manifestation.,PENDING_SCREENING,VERIFIED_RAW_MANIFEST
CANON-00338,OPENALEX:W7159940502,"PREreview of ""Long-read sequencing of Mycobacterial tuberculosis is comparable to short-read sequencing for antimicrobial resistance prediction and epidemiological studies""",2026,OPENALEX,10.5281/zenodo.20009361,NOT_APPLICABLE,W7159940502,NOT_APPLICABLE,1,OPENALEX:W7159940502,UNIQUE,NOT_APPLICABLE,Single unique manifestation.,PENDING_SCREENING,VERIFIED_RAW_MANIFEST
CANON-00339,OPENALEX:W7160391157,Trustworthy RF/Microwave Biomedical AI: Information Fusion and Evaluation Design for Clinical Translation,2026,OPENALEX,10.5281/zenodo.20045135,NOT_APPLICABLE,W7160391157,NOT_APPLICABLE,1,OPENALEX:W7160391157,UNIQUE,NOT_APPLICABLE,Single unique manifestation.,PENDING_SCREENING,VERIFIED_RAW_MANIFEST
CANON-00340,OPENALEX:W7161490122,"PREreview of ""SARS-CoV-2 Introductions into Lao PDR Revealed by Genomic Surveillance, 2021–2024""",2026,OPENALEX,10.5281/zenodo.20257241,NOT_APPLICABLE,W7161490122,NOT_APPLICABLE,1,OPENALEX:W7161490122,UNIQUE,NOT_APPLICABLE,Single unique manifestation.,PENDING_SCREENING,VERIFIED_RAW_MANIFEST
CANON-00341,OPENALEX:W7161495963,"PREreview of ""SARS-CoV-2 Introductions into Lao PDR Revealed by Genomic Surveillance, 2021–2024""",2026,OPENALEX,10.5281/zenodo.20257242,NOT_APPLICABLE,W7161495963,NOT_APPLICABLE,1,OPENALEX:W7161495963,UNIQUE,NOT_APPLICABLE,Single unique manifestation.,PENDING_SCREENING,VERIFIED_RAW_MANIFEST
CANON-00342,OPENALEX:W7170183232,From Data to Decisions: An AI/IT Intelligence Architecture for Asset-Light International Trading SMEs,2026,OPENALEX,10.5281/zenodo.21506114,NOT_APPLICABLE,W7170183232,NOT_APPLICABLE,1,OPENALEX:W7170183232,UNIQUE,NOT_APPLICABLE,Single unique manifestation.,PENDING_SCREENING,VERIFIED_RAW_MANIFEST
CANON-00343,OPENALEX:W7170153913,From Data to Decisions: An AI/IT Intelligence Architecture for Asset-Light International Trading SMEs,2026,OPENALEX,10.5281/zenodo.21506115,NOT_APPLICABLE,W7170153913,NOT_APPLICABLE,1,OPENALEX:W7170153913,UNIQUE,NOT_APPLICABLE,Single unique manifestation.,PENDING_SCREENING,VERIFIED_RAW_MANIFEST
CANON-00344,OPENALEX:W7164035859,Cost-Aware Distillation of a Commercial First-Trimester Preeclampsia Screening Engine in Northern Vietnam: Tiered Feature Sets and Explain Ability,2026,OPENALEX,10.52852/tcncyh.v202i5e18.4613,NOT_APPLICABLE,W7164035859,NOT_APPLICABLE,1,OPENALEX:W7164035859,UNIQUE,NOT_APPLICABLE,Single unique manifestation.,PENDING_SCREENING,VERIFIED_RAW_MANIFEST
CANON-00345,OPENALEX:W4390055369,"Machine Learning Models for Fine Particulate Matter (PM2.5) Prediction: A Case Study in Bac Ninh Province, Vietnam",2023,OPENALEX,10.52939/ijg.v19i12.2975,NOT_APPLICABLE,W4390055369,NOT_APPLICABLE,1,OPENALEX:W4390055369,UNIQUE,NOT_APPLICABLE,Single unique manifestation.,PENDING_SCREENING,VERIFIED_RAW_MANIFEST
CANON-00346,OPENALEX:W7167353707,SENTINEL-Dengue ASEAN-11: An AI-Powered Climate–Geospatial Intelligence System for Dengue Early Warning and Surveillance Prioritization Across Southeast Asia,2026,OPENALEX,10.52939/ijg.v22i6.5044,NOT_APPLICABLE,W7167353707,NOT_APPLICABLE,1,OPENALEX:W7167353707,UNIQUE,NOT_APPLICABLE,Single unique manifestation.,PENDING_SCREENING,VERIFIED_RAW_MANIFEST
CANON-00347,OPENALEX:W7140286862,Editor’s Comment,2024,OPENALEX,10.5325/studamershorstor.5.2.v,NOT_APPLICABLE,W7140286862,NOT_APPLICABLE,1,OPENALEX:W7140286862,UNIQUE,NOT_APPLICABLE,Single unique manifestation.,PENDING_SCREENING,VERIFIED_RAW_MANIFEST
CANON-00348,OPENALEX:W4212765095,"Forest Landscape Restoration and Ecosystem Services in A Luoi District, Thua Thien Hue Province, Vietnam",2021,OPENALEX,10.53846/goediss-8742,NOT_APPLICABLE,W4212765095,NOT_APPLICABLE,1,OPENALEX:W4212765095,UNIQUE,NOT_APPLICABLE,Single unique manifestation.,PENDING_SCREENING,VERIFIED_RAW_MANIFEST
CANON-00349,OPENALEX:W4405977942,Enhancing English Language Acquisition through ChatGPT: Use of Technology Acceptance Model in Linguistics,2024,OPENALEX,10.54692/jelle.2024.0604262,NOT_APPLICABLE,W4405977942,NOT_APPLICABLE,1,OPENALEX:W4405977942,UNIQUE,NOT_APPLICABLE,Single unique manifestation.,PENDING_SCREENING,VERIFIED_RAW_MANIFEST
CANON-00350,OPENALEX:W4394814294,Application of machine learning models for green andsimultaneous determination of asiaticoside andmadecassoside in Centella asiatica,2024,OPENALEX,10.55401/gpttak47,NOT_APPLICABLE,W4394814294,NOT_APPLICABLE,1,OPENALEX:W4394814294,UNIQUE,NOT_APPLICABLE,Single unique manifestation.,PENDING_SCREENING,VERIFIED_RAW_MANIFEST
CANON-00351,OPENALEX:W4399202856,"Molecular characterization of a distinct ginger chemotype from Thua Thien Hue, Vietnam, and the application of PCR-based markers for identifying unknown ginger populations in the region using machine learning",2024,OPENALEX,10.5586/aa/185311,NOT_APPLICABLE,W4399202856,NOT_APPLICABLE,1,OPENALEX:W4399202856,UNIQUE,NOT_APPLICABLE,Single unique manifestation.,PENDING_SCREENING,VERIFIED_RAW_MANIFEST
CANON-00352,OPENALEX:W4416057229,The Impact of AI-induced Ethical Conflict and the Moderating Role of Psychological Safety on the Mental Health of Accountants in Financial Technology Enterprises in Vietnam,2025,OPENALEX,10.56294/saludcyt20252468,NOT_APPLICABLE,W4416057229,NOT_APPLICABLE,1,OPENALEX:W4416057229,UNIQUE,NOT_APPLICABLE,Single unique manifestation.,PENDING_SCREENING,VERIFIED_RAW_MANIFEST
CANON-00353,OPENALEX:W7116841419,Application of Social Media Data to Enhance the Performance of Humanitarian Logistics: A Case Study of Vietnam in the Aftermath of Typhoon Yagi,2025,OPENALEX,10.56578/cis140101,NOT_APPLICABLE,W7116841419,NOT_APPLICABLE,1,OPENALEX:W7116841419,UNIQUE,NOT_APPLICABLE,Single unique manifestation.,PENDING_SCREENING,VERIFIED_RAW_MANIFEST
CANON-00354,PMID:40881211,Machine learning-based models for prediction of in-hospital mortality in patients with dengue shock syndrome.,2025,OPENALEX | PUBMED,10.5662/wjm.v15.i3.101837,40881211,NOT_APPLICABLE,NOT_APPLICABLE,2,OPENALEX:W4408211375 | PMID:40881211,DUPLICATE_ALIAS,DOI | PMID,Highest metadata completeness.,PENDING_SCREENING,VERIFIED_RAW_MANIFEST
CANON-00355,OPENALEX:W4410459385,The Impact Of Digital Diplomacy On International Politics In The Early Decades Of The 21st Century And Its Implications For Vietnam,2025,OPENALEX,10.56734/ijahss.v6n5a6,NOT_APPLICABLE,W4410459385,NOT_APPLICABLE,1,OPENALEX:W4410459385,UNIQUE,NOT_APPLICABLE,Single unique manifestation.,PENDING_SCREENING,VERIFIED_RAW_MANIFEST
CANON-00356,OPENALEX:W4297788599,Application of deep learning techniques in supportting the diagnosis of pneumonia through X-ray images,2021,OPENALEX,10.56824/vujs.2021nt24,NOT_APPLICABLE,W4297788599,NOT_APPLICABLE,1,OPENALEX:W4297788599,UNIQUE,NOT_APPLICABLE,Single unique manifestation.,PENDING_SCREENING,VERIFIED_RAW_MANIFEST
CANON-00357,PMID:42258871,Assessment of Artificial Intelligence-based Translation Tools for Emergency Department Discharge Instructions.,2026,OPENALEX | PUBMED,10.5811/westjem.48825,42258871,NOT_APPLICABLE,NOT_APPLICABLE,2,OPENALEX:W7151807628 | PMID:42258871,DUPLICATE_ALIAS,DOI | PMID,Highest metadata completeness.,PENDING_SCREENING,VERIFIED_RAW_MANIFEST
CANON-00358,OPENALEX:W7161401802,Primary School Teachers’ Intention to Adopt AI in Sexual and Reproductive Health Education: An Extended Technology Scceptance Model,2026,OPENALEX,10.5812/ijpbs-169858,NOT_APPLICABLE,W7161401802,NOT_APPLICABLE,1,OPENALEX:W7161401802,UNIQUE,NOT_APPLICABLE,Single unique manifestation.,PENDING_SCREENING,VERIFIED_RAW_MANIFEST
CANON-00359,OPENALEX:W7169506880,APPLICATION OF ARTIFICIAL INTELLIGENCE IN SCREENING FOR AUTISM SPECTRUM DISORDER IN CHILDREN AT CAN THO CHILDREN'S HOSPITAL,2026,OPENALEX,10.58490/ctjump.2026i11ta.4353,NOT_APPLICABLE,W7169506880,NOT_APPLICABLE,1,OPENALEX:W7169506880,UNIQUE,NOT_APPLICABLE,Single unique manifestation.,PENDING_SCREENING,VERIFIED_RAW_MANIFEST
CANON-00360,OPENALEX:W7133528178,Bibliometric Analysis of Human‑Centered AI Research in Southeast Asia (2015–2025),2025,OPENALEX,10.58812/esiscs.v3i02.799,NOT_APPLICABLE,W7133528178,NOT_APPLICABLE,1,OPENALEX:W7133528178,UNIQUE,NOT_APPLICABLE,Single unique manifestation.,PENDING_SCREENING,VERIFIED_RAW_MANIFEST
CANON-00361,OPENALEX:W4390447031,Predicting Load-Deflection of Composite Concrete Bridges Using Machine Learning Models,2023,OPENALEX,10.58845/jstt.utt.2023.en.3.4.44-52,NOT_APPLICABLE,W4390447031,NOT_APPLICABLE,1,OPENALEX:W4390447031,UNIQUE,NOT_APPLICABLE,Single unique manifestation.,PENDING_SCREENING,VERIFIED_RAW_MANIFEST
CANON-00362,OPENALEX:W4410591650,"Mapping Cadmium Contamination Potential in Surface Soil for Civil Engineering Applications: A Comparative Study of Machine Learning and Deep Learning Models in the Gianh River Basin, Vietnam",2025,OPENALEX,10.58845/jstt.utt.2025.en.5.2.48-70,NOT_APPLICABLE,W4410591650,NOT_APPLICABLE,1,OPENALEX:W4410591650,UNIQUE,NOT_APPLICABLE,Single unique manifestation.,PENDING_SCREENING,VERIFIED_RAW_MANIFEST
CANON-00363,OPENALEX:W4417446932,Applying Machine Learning in assessing the health of the private economy in Vietnamese localities,2025,OPENALEX,10.59276/jelb.2025.12.3032,NOT_APPLICABLE,W4417446932,NOT_APPLICABLE,1,OPENALEX:W4417446932,UNIQUE,NOT_APPLICABLE,Single unique manifestation.,PENDING_SCREENING,VERIFIED_RAW_MANIFEST
CANON-00364,OPENALEX:W4394146586,<b>Ensemble learning model identifies </b><b>adaptation classification and turning points</b><b> of river microbial communities in response to heatwaves</b>,2024,OPENALEX,10.6084/m9.figshare.24240055,NOT_APPLICABLE,W4394146586,NOT_APPLICABLE,1,OPENALEX:W4394146586,UNIQUE,NOT_APPLICABLE,Single unique manifestation.,PENDING_SCREENING,VERIFIED_RAW_MANIFEST
CANON-00365,OPENALEX:W7142353544,Machine learning models for predicting hospital readmission due to cardiovascular diseases among the elderly: a scoping review,2025,OPENALEX,10.6084/m9.figshare.30000934.v2,NOT_APPLICABLE,W7142353544,NOT_APPLICABLE,1,OPENALEX:W7142353544,UNIQUE,NOT_APPLICABLE,Single unique manifestation.,PENDING_SCREENING,VERIFIED_RAW_MANIFEST
CANON-00366,OPENALEX:W7160627606,Machine learning models for predicting hospital readmission due to cardiovascular diseases among the elderly: a scoping review,2025,OPENALEX,10.6084/m9.figshare.30000934.v3,NOT_APPLICABLE,W7160627606,NOT_APPLICABLE,1,OPENALEX:W7160627606,UNIQUE,NOT_APPLICABLE,Single unique manifestation.,PENDING_SCREENING,VERIFIED_RAW_MANIFEST
CANON-00367,OPENALEX:W7162202752,Machine learning models for predicting hospital readmission due to cardiovascular diseases among the elderly: a scoping review,2025,OPENALEX,10.6084/m9.figshare.30000934.v4,NOT_APPLICABLE,W7162202752,NOT_APPLICABLE,1,OPENALEX:W7162202752,UNIQUE,NOT_APPLICABLE,Single unique manifestation.,PENDING_SCREENING,VERIFIED_RAW_MANIFEST
CANON-00368,OPENALEX:W7134819485,"Improving accuracy, stability, and practicability of poverty-targeting tools in the context of vietnamese ethnic minorities",2025,OPENALEX,10.60848/13816,NOT_APPLICABLE,W7134819485,NOT_APPLICABLE,1,OPENALEX:W7134819485,UNIQUE,NOT_APPLICABLE,Single unique manifestation.,PENDING_SCREENING,VERIFIED_RAW_MANIFEST
CANON-00369,OPENALEX:W4414042787,Sustainable Development of Physical Education in Vietnam: Digital Transformation from 2020 to 2025 and vision to 2030,2025,OPENALEX,10.61586/qwc38,NOT_APPLICABLE,W4414042787,NOT_APPLICABLE,1,OPENALEX:W4414042787,UNIQUE,NOT_APPLICABLE,Single unique manifestation.,PENDING_SCREENING,VERIFIED_RAW_MANIFEST
CANON-00370,OPENALEX:W7167919040,"Knowledge, attitudes, and practices regarding artificial intelligence among health professions students: Implications for AI readiness",2026,OPENALEX,10.62685/tbjmp.2026.22.05,NOT_APPLICABLE,W7167919040,NOT_APPLICABLE,1,OPENALEX:W7167919040,UNIQUE,NOT_APPLICABLE,Single unique manifestation.,PENDING_SCREENING,VERIFIED_RAW_MANIFEST
CANON-00371,OPENALEX:W4414342758,ADVANCING SUSTAINABLE AGRICULTURE IN VIETNAM THROUGH BIOTECHNOLOGY AND ARTIFICIAL INTELLIGENCE,2025,OPENALEX,10.62985/j.huit_ojs.vol25.nos2_ica.214,NOT_APPLICABLE,W4414342758,NOT_APPLICABLE,1,OPENALEX:W4414342758,UNIQUE,NOT_APPLICABLE,Single unique manifestation.,PENDING_SCREENING,VERIFIED_RAW_MANIFEST
CANON-00372,OPENALEX:W4412028105,BỆNH VIỆN THỐNG NHẤT – HÀNH TRÌNH PHÁT TRIỂN VÀ ĐỊNH HƯỚNG TRỞ THÀNH TRUNG TÂM LÃO KHOA KỸ THUẬT CAO HÀNG ĐẦU VIỆT NAM,2025,OPENALEX,10.63947/bvtn.v1i1.1,NOT_APPLICABLE,W4412028105,NOT_APPLICABLE,1,OPENALEX:W4412028105,UNIQUE,NOT_APPLICABLE,Single unique manifestation.,PENDING_SCREENING,VERIFIED_RAW_MANIFEST
CANON-00373,OPENALEX:W4416598650,An overview of digital twin applications in the construction and management of bridge and road infrastructure,2025,OPENALEX,10.64588/jc.04.11.2025,NOT_APPLICABLE,W4416598650,NOT_APPLICABLE,1,OPENALEX:W4416598650,UNIQUE,NOT_APPLICABLE,Single unique manifestation.,PENDING_SCREENING,VERIFIED_RAW_MANIFEST
CANON-00374,OPENALEX:W4416631582,Application of Artificial Intelligence in the Healthcare Sector and Legal Challenges: A Study in Vietnam,2025,OPENALEX,10.64753/jcasc.v10i2.1894,NOT_APPLICABLE,W4416631582,NOT_APPLICABLE,1,OPENALEX:W4416631582,UNIQUE,NOT_APPLICABLE,Single unique manifestation.,PENDING_SCREENING,VERIFIED_RAW_MANIFEST
CANON-00375,OPENALEX:W7133557985,Large language models for self-administered conversational vignette assessment of provider competencies: A pilot and validation study in Vietnam with automated LLM-powered transcript classification,2026,OPENALEX,10.64898/2026.03.02.26347479,NOT_APPLICABLE,W7133557985,NOT_APPLICABLE,1,OPENALEX:W7133557985,UNIQUE,NOT_APPLICABLE,Single unique manifestation.,PENDING_SCREENING,VERIFIED_RAW_MANIFEST
CANON-00376,OPENALEX:W7168084297,First-Trimester Non-Invasive Prediction of Preterm Birth Using Cell-Free DNA Fragmentomics,2026,OPENALEX,10.64898/2026.07.07.736241,NOT_APPLICABLE,W7168084297,NOT_APPLICABLE,1,OPENALEX:W7168084297,UNIQUE,NOT_APPLICABLE,Single unique manifestation.,PENDING_SCREENING,VERIFIED_RAW_MANIFEST
CANON-00377,OPENALEX:W7154413480,Growing A Greener Future: Sustainable Practices in Agriculture,2026,OPENALEX,10.70593/978-93-7185-755-0,NOT_APPLICABLE,W7154413480,NOT_APPLICABLE,1,OPENALEX:W7154413480,UNIQUE,NOT_APPLICABLE,Single unique manifestation.,PENDING_SCREENING,VERIFIED_RAW_MANIFEST
CANON-00378,OPENALEX:W7144112101,"Contributions to Monitoring, Anomaly Detection and Classification Using Artificial Intelligence and Statistical Methods : Applications in Smart Manufacturing and Healthcare",2025,OPENALEX,10.70675/96bb05faz4257z4660zb2f8z7e1ba70e98d0,NOT_APPLICABLE,W7144112101,NOT_APPLICABLE,1,OPENALEX:W7144112101,UNIQUE,NOT_APPLICABLE,Single unique manifestation.,PENDING_SCREENING,VERIFIED_RAW_MANIFEST
CANON-00379,OPENALEX:W4206998084,"Decision letter: Development, validation, and application of a machine learning model to estimate salt consumption in 54 countries",2021,OPENALEX,10.7554/elife.72930.sa1,NOT_APPLICABLE,W4206998084,NOT_APPLICABLE,1,OPENALEX:W4206998084,UNIQUE,NOT_APPLICABLE,Single unique manifestation.,PENDING_SCREENING,VERIFIED_RAW_MANIFEST
CANON-00380,OPENALEX:W4206989740,"Author response: Development, validation, and application of a machine learning model to estimate salt consumption in 54 countries",2021,OPENALEX,10.7554/elife.72930.sa2,NOT_APPLICABLE,W4206989740,NOT_APPLICABLE,1,OPENALEX:W4206989740,UNIQUE,NOT_APPLICABLE,Single unique manifestation.,PENDING_SCREENING,VERIFIED_RAW_MANIFEST
CANON-00381,OPENALEX:W4237757429,2019 NCAS Abstracts,2019,OPENALEX,10.7572/jncas-d-135-3.10,NOT_APPLICABLE,W4237757429,NOT_APPLICABLE,1,OPENALEX:W4237757429,UNIQUE,NOT_APPLICABLE,Single unique manifestation.,PENDING_SCREENING,VERIFIED_RAW_MANIFEST
CANON-00382,PMID:42147526,Development and Validation of Machine Learning Models for Predicting Low Birth Weight in Singleton Pregnancies in Vietnam.,2026,OPENALEX | PUBMED,10.7759/cureus.106995,42147526,NOT_APPLICABLE,NOT_APPLICABLE,2,OPENALEX:W7154305743 | PMID:42147526,DUPLICATE_ALIAS,DOI | PMID,Highest metadata completeness.,PENDING_SCREENING,VERIFIED_RAW_MANIFEST
CANON-00383,PMID:40337565,Machine Learning Nomogram for Predicting Dengue Shock Syndrome in Pediatric Patients With Dengue Fever in Vietnam.,2025,OPENALEX | PUBMED,10.7759/cureus.81819,40337565,NOT_APPLICABLE,NOT_APPLICABLE,2,OPENALEX:W4409209905 | PMID:40337565,DUPLICATE_ALIAS,DOI | PMID,Highest metadata completeness.,PENDING_SCREENING,VERIFIED_RAW_MANIFEST
CANON-00384,OPENALEX:W3209833065,"Data-driven approaches to linking hydrology, mineralogy, and biogeochemistry of groundwater arsenic contamination from grain to basin scale",2021,OPENALEX,10.7916/d8-f32q-kp58,NOT_APPLICABLE,W3209833065,NOT_APPLICABLE,1,OPENALEX:W3209833065,UNIQUE,NOT_APPLICABLE,Single unique manifestation.,PENDING_SCREENING,VERIFIED_RAW_MANIFEST
CANON-00385,OPENALEX:W4280524672,Predicting As Contamination Risk in Red River Delta using Machine Learning Algorithms,2022,OPENALEX,10.9719/eeg.2022.55.2.127,NOT_APPLICABLE,W4280524672,NOT_APPLICABLE,1,OPENALEX:W4280524672,UNIQUE,NOT_APPLICABLE,Single unique manifestation.,PENDING_SCREENING,VERIFIED_RAW_MANIFEST
