manifestation_id,source_channel,source_record_id,title,year,doi,pmid,openalex_id,normalized_url,raw_artifact_locator,raw_artifact_checksum,retrieval_run_id,query_locator,provenance_status
LEGAL:05/2026/TT-BKHCN,LEGAL_OFFICIAL_PORTAL,05/2026/TT-BKHCN,Ban hành Khung đạo đức trí tuệ nhân tạo quốc gia,2026,,,,https://vanban.chinhphu.vn/?classid=1&docid=217165&pageid=27160&typegroupid=6,official-sources/legal-seed-retrieval-20260801T135648/raw/s03.signed.pdf,45616232b7023fef199cce2d52d5896d1db59b990a74fd40648b262d11490220,legal-seed-retrieval-20260801T135648,DQ-LEGAL-SEED-03,VERIFIED_RAW_MANIFEST
LEGAL:134/2025/QH15,LEGAL_OFFICIAL_PORTAL,134/2025/QH15,Luật Trí tuệ nhân tạo,2025,,,,https://vanban.chinhphu.vn/?classid=1&docid=216334&pageid=27160&typegroupid=3,official-sources/legal-seed-retrieval-20260801T135648/raw/s01.signed.pdf,53be2f9993e5060cc0ce723fc506d6535c9358978dbbeff11324c8d6236cae69,legal-seed-retrieval-20260801T135648,DQ-LEGAL-SEED-01,VERIFIED_RAW_MANIFEST
LEGAL:142/2026/NĐ-CP,LEGAL_OFFICIAL_PORTAL,142/2026/NĐ-CP,Quy định chi tiết một số điều và biện pháp thi hành Luật Trí tuệ nhân tạo,2026,,,,https://vanban.chinhphu.vn/?docid=218029&orggroupid=2&pageid=27160,official-sources/legal-seed-retrieval-20260801T135648/raw/s02.signed.pdf,988fa7091b9f70615b8ae984e7e43b15293eb31398a113c86cc34f26666d5e40,legal-seed-retrieval-20260801T135648,DQ-LEGAL-SEED-02,VERIFIED_RAW_MANIFEST
LEGAL:55/2025/NĐ-CP,LEGAL_OFFICIAL_PORTAL,55/2025/NĐ-CP,Nghị định 55/2025/NĐ-CP quy định chi tiết về quản lý và vận hành hệ thống thông tin y tế số,2025,,,,https://vanban.chinhphu.vn/?pageid=27160&docid=213020,official-sources/legal-relation-traversal-20260801T135720/raw/resolve-04.fulltext.pdf,96558197392fc88f1d5f3b398cc294a113f976b34df034856eace3c385bff03b,legal-relation-traversal-20260801T135720,DQ-LEGAL-REL-01,VERIFIED_RAW_MANIFEST
OPENALEX:W2911578273,OPENALEX,W2911578273,Artificial Intelligence vs. Natural Stupidity: Evaluating AI Readiness for the Vietnamese Medical Information System,2019,10.3390/jcm8020168,30717268,W2911578273,https://doi.org/10.3390/jcm8020168,openalex/openalex-api-20260731T204525+0700/page-001.raw,cc63bed157c8017baca9e3cf49611c2f7d5c2737b6915173aaf2ac7c966fbdba,openalex-api-20260731T204525+0700,DQ-OPENALEX-01,VERIFIED_RAW_MANIFEST
OPENALEX:W2917979868,OPENALEX,W2917979868,A novel machine-learning-based infection screening system via 2013–2017 seasonal influenza patients' vital signs as training datasets,2019,10.1016/j.jinf.2019.02.008,30797793,W2917979868,https://doi.org/10.1016/j.jinf.2019.02.008,openalex/openalex-api-20260731T204525+0700/page-003.raw,2ef15a7a70da1e0c1ba3a24c3396aa1a038516be2024a3f08936666427ce4457,openalex-api-20260731T204525+0700,DQ-OPENALEX-01,VERIFIED_RAW_MANIFEST
OPENALEX:W2943496630,OPENALEX,W2943496630,Data as a Substitute for Judgment,2019,10.1097/opx.0000000000001391,31046013,W2943496630,https://doi.org/10.1097/opx.0000000000001391,openalex/openalex-api-20260731T204525+0700/page-012.raw,af3ef30cc2217b5ba58dac8570cde2ed08fb515afd513bc5bab42ae127e8c0f5,openalex-api-20260731T204525+0700,DQ-OPENALEX-01,VERIFIED_RAW_MANIFEST
OPENALEX:W2956118262,OPENALEX,W2956118262,Cross-serotype interactions and disease outcome prediction of dengue infections in Vietnam,2019,10.1038/s41598-019-45816-6,31253823,W2956118262,https://doi.org/10.1038/s41598-019-45816-6,openalex/openalex-api-20260731T204525+0700/page-001.raw,cc63bed157c8017baca9e3cf49611c2f7d5c2737b6915173aaf2ac7c966fbdba,openalex-api-20260731T204525+0700,DQ-OPENALEX-01,VERIFIED_RAW_MANIFEST
OPENALEX:W2979564905,OPENALEX,W2979564905,PROTOCOL: Megamap of systematic reviews and evidence and gap maps on the effectiveness of interventions to improve child well‐being in low‐ and middle‐income countries,2019,10.1002/cl2.1057,37016600,W2979564905,https://doi.org/10.1002/cl2.1057,openalex/openalex-api-20260731T204525+0700/page-008.raw,3a2168dca2cf70e3bea241429f2263fc3ad7b52cb24c11719ee3baeda6f337e9,openalex-api-20260731T204525+0700,DQ-OPENALEX-01,VERIFIED_RAW_MANIFEST
OPENALEX:W2981063136,OPENALEX,W2981063136,Understanding and predicting ciprofloxacin minimum inhibitory concentration in <i>Escherichia coli</i> with machine learning,2019,10.1101/806760,,W2981063136,https://doi.org/10.1101/806760,openalex/openalex-api-20260731T204525+0700/page-003.raw,2ef15a7a70da1e0c1ba3a24c3396aa1a038516be2024a3f08936666427ce4457,openalex-api-20260731T204525+0700,DQ-OPENALEX-01,VERIFIED_RAW_MANIFEST
OPENALEX:W2987436579,OPENALEX,W2987436579,Parent’s Perception and Willingness for Using Internet Based Mental Health Application for Children,2019,10.25073/2588-1159/vnuer.4325,,W2987436579,https://doi.org/10.25073/2588-1159/vnuer.4325,openalex/openalex-api-20260731T204525+0700/page-010.raw,567d223c6daff1b7c3515e6c3c45bad21909518ff1d22f77271a97076d3ba2eb,openalex-api-20260731T204525+0700,DQ-OPENALEX-01,VERIFIED_RAW_MANIFEST
OPENALEX:W2988568828,OPENALEX,W2988568828,"With Changing Insights, Military Psychiatry Evolved Over Time",2019,10.1176/appi.pn.2019.5a27,,W2988568828,https://doi.org/10.1176/appi.pn.2019.5a27,openalex/openalex-api-20260731T204525+0700/page-013.raw,1e79e9ecb8063e55faa657fa937037c99544712e501b32e59db78d1fdbd1c007,openalex-api-20260731T204525+0700,DQ-OPENALEX-01,VERIFIED_RAW_MANIFEST
OPENALEX:W2996312388,OPENALEX,W2996312388,Severity detection tool for patients with infectious disease,2020,10.1049/htl.2019.0030,32431851,W2996312388,https://doi.org/10.1049/htl.2019.0030,openalex/openalex-api-20260731T204525+0700/page-009.raw,d8052c422dfee1bcc043965b6c8f38ad8e3b0206af91d662e111aa0e69b78848,openalex-api-20260731T204525+0700,DQ-OPENALEX-01,VERIFIED_RAW_MANIFEST
OPENALEX:W3004288447,OPENALEX,W3004288447,The United Nations Sustainable Development Goals,2020,10.1093/biosci/biz155,,W3004288447,https://doi.org/10.1093/biosci/biz155,openalex/openalex-api-20260731T204525+0700/page-004.raw,135103e4498bc4d83cdec049b5b6ef4cc4f66250f5729b623abee25886418a16,openalex-api-20260731T204525+0700,DQ-OPENALEX-01,VERIFIED_RAW_MANIFEST
OPENALEX:W3016560194,OPENALEX,W3016560194,Sex and Gender Disparities in the COVID-19 Pandemic,2020,10.1089/jwh.2020.8472,32320331,W3016560194,https://doi.org/10.1089/jwh.2020.8472,openalex/openalex-api-20260731T204525+0700/page-002.raw,a91f6c605ced04dfacef7bf6474726dbd67a67f11cd34608c4294b609b0cfbc7,openalex-api-20260731T204525+0700,DQ-OPENALEX-01,VERIFIED_RAW_MANIFEST
OPENALEX:W3018428085,OPENALEX,W3018428085,Protecting the gains of malaria elimination in China,2020,10.1186/s40249-020-00661-y,32326979,W3018428085,https://doi.org/10.1186/s40249-020-00661-y,openalex/openalex-api-20260731T204525+0700/page-005.raw,b1307c741cb653ca8122f1ae281aaf5935a342a4df7ea19b9676a23a68cb3764,openalex-api-20260731T204525+0700,DQ-OPENALEX-01,VERIFIED_RAW_MANIFEST
OPENALEX:W3041831661,OPENALEX,W3041831661,Progress Towards Developing a Rapid Triage/Referral Test for Tuberculosis,2020,10.1093/clinchem/hvaa124,32642751,W3041831661,https://doi.org/10.1093/clinchem/hvaa124,openalex/openalex-api-20260731T204525+0700/page-011.raw,027e305e0bb0f739e118626245e1f599cd7447df911aae82e49a72d8be3623cc,openalex-api-20260731T204525+0700,DQ-OPENALEX-01,VERIFIED_RAW_MANIFEST
OPENALEX:W3091082229,OPENALEX,W3091082229,Toward Audio Beehive Monitoring Based on IoT-AI techniques: A Survey and Perspective,2020,10.31817/vjas.2020.3.1.06,,W3091082229,https://doi.org/10.31817/vjas.2020.3.1.06,openalex/openalex-api-20260731T204525+0700/page-004.raw,135103e4498bc4d83cdec049b5b6ef4cc4f66250f5729b623abee25886418a16,openalex-api-20260731T204525+0700,DQ-OPENALEX-01,VERIFIED_RAW_MANIFEST
OPENALEX:W3094688352,OPENALEX,W3094688352,Pushing Back Against Ageism,2020,10.1016/j.carage.2020.10.023,,W3094688352,https://doi.org/10.1016/j.carage.2020.10.023,openalex/openalex-api-20260731T204525+0700/page-012.raw,af3ef30cc2217b5ba58dac8570cde2ed08fb515afd513bc5bab42ae127e8c0f5,openalex-api-20260731T204525+0700,DQ-OPENALEX-01,VERIFIED_RAW_MANIFEST
OPENALEX:W3109983083,OPENALEX,W3109983083,"Flood risk assessment using hybrid artificial intelligence models integrated with multi-criteria decision analysis in Quang Nam Province, Vietnam",2020,10.1016/j.jhydrol.2020.125815,,W3109983083,https://doi.org/10.1016/j.jhydrol.2020.125815,openalex/openalex-api-20260731T204525+0700/page-001.raw,cc63bed157c8017baca9e3cf49611c2f7d5c2737b6915173aaf2ac7c966fbdba,openalex-api-20260731T204525+0700,DQ-OPENALEX-01,VERIFIED_RAW_MANIFEST
OPENALEX:W3115853236,OPENALEX,W3115853236,2020 Global Pediatric Pulmonology Alliance (GPPA) Forum on COVID‐19,2020,10.1002/ped4.12229,33376948,W3115853236,https://doi.org/10.1002/ped4.12229,openalex/openalex-api-20260731T204525+0700/page-009.raw,d8052c422dfee1bcc043965b6c8f38ad8e3b0206af91d662e111aa0e69b78848,openalex-api-20260731T204525+0700,DQ-OPENALEX-01,VERIFIED_RAW_MANIFEST
OPENALEX:W3144156482,OPENALEX,W3144156482,Vital sign monitoring using wearable devices in a Vietnamese intensive care unit,2021,10.1136/bmjinnov-2021-000707,40980081,W3144156482,https://doi.org/10.1136/bmjinnov-2021-000707,openalex/openalex-api-20260731T204525+0700/page-001.raw,cc63bed157c8017baca9e3cf49611c2f7d5c2737b6915173aaf2ac7c966fbdba,openalex-api-20260731T204525+0700,DQ-OPENALEX-01,VERIFIED_RAW_MANIFEST
OPENALEX:W3160639093,OPENALEX,W3160639093,Déjà Vu – A New Coronavirus Challenge,2021,10.17849/insm-49-1-5-10.1,33971005,W3160639093,https://doi.org/10.17849/insm-49-1-5-10.1,openalex/openalex-api-20260731T204525+0700/page-012.raw,af3ef30cc2217b5ba58dac8570cde2ed08fb515afd513bc5bab42ae127e8c0f5,openalex-api-20260731T204525+0700,DQ-OPENALEX-01,VERIFIED_RAW_MANIFEST
OPENALEX:W3163884986,OPENALEX,W3163884986,Lecture No. 3 Current status and future outlook for collection of cancer-related data in Asia,2020,10.1093/jjco/hyaa269,34002791,W3163884986,https://doi.org/10.1093/jjco/hyaa269,openalex/openalex-api-20260731T204525+0700/page-008.raw,3a2168dca2cf70e3bea241429f2263fc3ad7b52cb24c11719ee3baeda6f337e9,openalex-api-20260731T204525+0700,DQ-OPENALEX-01,VERIFIED_RAW_MANIFEST
OPENALEX:W3165798418,OPENALEX,W3165798418,Clinical Features And Neuroimaging Findings In Acute Cerebral Infarction Patients Using RAPID Artificial Intelligent (RAPID AI) Software Analysis – A Series Of 54 Cases,2021,10.21203/rs.3.rs-534389/v1,,W3165798418,https://doi.org/10.21203/rs.3.rs-534389/v1,openalex/openalex-api-20260731T204525+0700/page-011.raw,027e305e0bb0f739e118626245e1f599cd7447df911aae82e49a72d8be3623cc,openalex-api-20260731T204525+0700,DQ-OPENALEX-01,VERIFIED_RAW_MANIFEST
OPENALEX:W3169122073,OPENALEX,W3169122073,Performance evaluation of nanotubular halloysites from weathered pegmatites in removing heavy metals from water through novel artificial intelligence-based models and human-based optimization algorithm,2021,10.1016/j.chemosphere.2021.131012,34118630,W3169122073,https://doi.org/10.1016/j.chemosphere.2021.131012,openalex/openalex-api-20260731T204525+0700/page-002.raw,a91f6c605ced04dfacef7bf6474726dbd67a67f11cd34608c4294b609b0cfbc7,openalex-api-20260731T204525+0700,DQ-OPENALEX-01,VERIFIED_RAW_MANIFEST
OPENALEX:W3173761619,OPENALEX,W3173761619,A (Not Very) Distant Mirror,2021,10.1093/dh/dhab001,,W3173761619,https://doi.org/10.1093/dh/dhab001,openalex/openalex-api-20260731T204525+0700/page-014.raw,25d78a8ffa8b11a4be6dd8b38ee00991b6902b208810f51f0ca606d3f29d72fe,openalex-api-20260731T204525+0700,DQ-OPENALEX-01,VERIFIED_RAW_MANIFEST
OPENALEX:W3174173373,OPENALEX,W3174173373,"Internet of Things (IoT), Artificial Intelligence (AI) Applications for Various Sectors in Emerging Markets - and Risk Management Information System (RMIS) Issues",2021,,,W3174173373,https://openalex.org/WW3174173373,openalex/openalex-api-20260731T204525+0700/page-001.raw,cc63bed157c8017baca9e3cf49611c2f7d5c2737b6915173aaf2ac7c966fbdba,openalex-api-20260731T204525+0700,DQ-OPENALEX-01,VERIFIED_RAW_MANIFEST
OPENALEX:W3186551429,OPENALEX,W3186551429,Analysis of Periodontal Conditions in the Provinces of Vietnam: Results From the National Dental Survey,2021,10.1177/10105395211029803,34282632,W3186551429,https://doi.org/10.1177/10105395211029803,openalex/openalex-api-20260731T204525+0700/page-004.raw,135103e4498bc4d83cdec049b5b6ef4cc4f66250f5729b623abee25886418a16,openalex-api-20260731T204525+0700,DQ-OPENALEX-01,VERIFIED_RAW_MANIFEST
OPENALEX:W3205697285,OPENALEX,W3205697285,"Genomics and big data: Research, development and applications",2021,10.15625/1811-4989/16158,,W3205697285,https://doi.org/10.15625/1811-4989/16158,openalex/openalex-api-20260731T204525+0700/page-007.raw,d5f108f7861acd6870332ef52c680948216663bbe1115312d1a285feb60b88a4,openalex-api-20260731T204525+0700,DQ-OPENALEX-01,VERIFIED_RAW_MANIFEST
OPENALEX:W3206241719,OPENALEX,W3206241719,Exploration before Exploitation can Drive Research Training Success,2021,10.1097/opx.0000000000001807,34678833,W3206241719,https://doi.org/10.1097/opx.0000000000001807,openalex/openalex-api-20260731T204525+0700/page-013.raw,1e79e9ecb8063e55faa657fa937037c99544712e501b32e59db78d1fdbd1c007,openalex-api-20260731T204525+0700,DQ-OPENALEX-01,VERIFIED_RAW_MANIFEST
OPENALEX:W3209013861,OPENALEX,W3209013861,"IoTs, Machine Learning (ML), AI and Digital Transformation Affects Various Industries - Principles and Cybersecurity Risks Solutions",2021,10.14704/web/v18si04/web18144,,W3209013861,https://doi.org/10.14704/web/v18si04/web18144,openalex/openalex-api-20260731T204525+0700/page-001.raw,cc63bed157c8017baca9e3cf49611c2f7d5c2737b6915173aaf2ac7c966fbdba,openalex-api-20260731T204525+0700,DQ-OPENALEX-01,VERIFIED_RAW_MANIFEST
OPENALEX:W3209833065,OPENALEX,W3209833065,"Data-driven approaches to linking hydrology, mineralogy, and biogeochemistry of groundwater arsenic contamination from grain to basin scale",2021,10.7916/d8-f32q-kp58,,W3209833065,https://doi.org/10.7916/d8-f32q-kp58,openalex/openalex-api-20260731T204525+0700/page-013.raw,1e79e9ecb8063e55faa657fa937037c99544712e501b32e59db78d1fdbd1c007,openalex-api-20260731T204525+0700,DQ-OPENALEX-01,VERIFIED_RAW_MANIFEST
OPENALEX:W3214133227,OPENALEX,W3214133227,Predicting as Contamination Risk in Red River Delta Using Machine Learning Algorithms,2021,10.2139/ssrn.3952430,,W3214133227,https://doi.org/10.2139/ssrn.3952430,openalex/openalex-api-20260731T204525+0700/page-003.raw,2ef15a7a70da1e0c1ba3a24c3396aa1a038516be2024a3f08936666427ce4457,openalex-api-20260731T204525+0700,DQ-OPENALEX-01,VERIFIED_RAW_MANIFEST
OPENALEX:W3214421139,OPENALEX,W3214421139,Covid-19 Face Mask Prediction Using Machine Learning Techniques,2021,10.1007/978-981-16-3690-5_69,,W3214421139,https://doi.org/10.1007/978-981-16-3690-5_69,openalex/openalex-api-20260731T204525+0700/page-003.raw,2ef15a7a70da1e0c1ba3a24c3396aa1a038516be2024a3f08936666427ce4457,openalex-api-20260731T204525+0700,DQ-OPENALEX-01,VERIFIED_RAW_MANIFEST
OPENALEX:W3216738082,OPENALEX,W3216738082,A comprehensive appraisal of evolutionary diversity in venomous Asian coralsnakes of the genus<i>Sinomicrurus</i>(Serpentes: Elapidae) using Bayesian coalescent inference and supervised machine learning,2021,10.1111/jzs.12547,,W3216738082,https://doi.org/10.1111/jzs.12547,openalex/openalex-api-20260731T204525+0700/page-003.raw,2ef15a7a70da1e0c1ba3a24c3396aa1a038516be2024a3f08936666427ce4457,openalex-api-20260731T204525+0700,DQ-OPENALEX-01,VERIFIED_RAW_MANIFEST
OPENALEX:W4200419339,OPENALEX,W4200419339,Preface,2021,10.1088/1742-6596/2089/1/011001,,W4200419339,https://doi.org/10.1088/1742-6596/2089/1/011001,openalex/openalex-api-20260731T204525+0700/page-013.raw,1e79e9ecb8063e55faa657fa937037c99544712e501b32e59db78d1fdbd1c007,openalex-api-20260731T204525+0700,DQ-OPENALEX-01,VERIFIED_RAW_MANIFEST
OPENALEX:W4205118783,OPENALEX,W4205118783,Cory COVID-Bot: An Evidence-Based Behavior Change Chatbot for COVID-19,2022,10.3233/shti210948,35062181,W4205118783,https://doi.org/10.3233/shti210948,openalex/openalex-api-20260731T204525+0700/page-006.raw,22cea224c5a15feddd5217fbd37475e1b5b0c5ebd1ba85d68136d15efcf608ea,openalex-api-20260731T204525+0700,DQ-OPENALEX-01,VERIFIED_RAW_MANIFEST
OPENALEX:W4205227880,OPENALEX,W4205227880,"Use of GIS and machine learning to predict disease in shrimp farmed on the east coast of the Mekong Delta, Vietnam",2022,10.1007/s12562-021-01577-8,,W4205227880,https://doi.org/10.1007/s12562-021-01577-8,openalex/openalex-api-20260731T204525+0700/page-002.raw,a91f6c605ced04dfacef7bf6474726dbd67a67f11cd34608c4294b609b0cfbc7,openalex-api-20260731T204525+0700,DQ-OPENALEX-01,VERIFIED_RAW_MANIFEST
OPENALEX:W4205253758,OPENALEX,W4205253758,Index,2022,10.1108/978-1-83982-900-020211035,,W4205253758,https://doi.org/10.1108/978-1-83982-900-020211035,openalex/openalex-api-20260731T204525+0700/page-014.raw,25d78a8ffa8b11a4be6dd8b38ee00991b6902b208810f51f0ca606d3f29d72fe,openalex-api-20260731T204525+0700,DQ-OPENALEX-01,VERIFIED_RAW_MANIFEST
OPENALEX:W4205979214,OPENALEX,W4205979214,Patient Classification Based on Symptoms Using Machine Learning Algorithms Supporting Hospital Admission,2021,10.1007/978-3-030-92942-8_4,,W4205979214,https://doi.org/10.1007/978-3-030-92942-8_4,openalex/openalex-api-20260731T204525+0700/page-002.raw,a91f6c605ced04dfacef7bf6474726dbd67a67f11cd34608c4294b609b0cfbc7,openalex-api-20260731T204525+0700,DQ-OPENALEX-01,VERIFIED_RAW_MANIFEST
OPENALEX:W4206629756,OPENALEX,W4206629756,Index,2022,10.1108/978-1-80117-139-720211014,,W4206629756,https://doi.org/10.1108/978-1-80117-139-720211014,openalex/openalex-api-20260731T204525+0700/page-011.raw,027e305e0bb0f739e118626245e1f599cd7447df911aae82e49a72d8be3623cc,openalex-api-20260731T204525+0700,DQ-OPENALEX-01,VERIFIED_RAW_MANIFEST
OPENALEX:W4206827170,OPENALEX,W4206827170,Applied machine learning for the risk-stratification and clinical decision support of hospitalised patients with dengue in Vietnam,2022,10.1371/journal.pdig.0000005,36812518,W4206827170,https://doi.org/10.1371/journal.pdig.0000005,openalex/openalex-api-20260731T204525+0700/page-001.raw,cc63bed157c8017baca9e3cf49611c2f7d5c2737b6915173aaf2ac7c966fbdba,openalex-api-20260731T204525+0700,DQ-OPENALEX-01,VERIFIED_RAW_MANIFEST
OPENALEX:W4206989740,OPENALEX,W4206989740,"Author response: Development, validation, and application of a machine learning model to estimate salt consumption in 54 countries",2021,10.7554/elife.72930.sa2,,W4206989740,https://doi.org/10.7554/elife.72930.sa2,openalex/openalex-api-20260731T204525+0700/page-010.raw,567d223c6daff1b7c3515e6c3c45bad21909518ff1d22f77271a97076d3ba2eb,openalex-api-20260731T204525+0700,DQ-OPENALEX-01,VERIFIED_RAW_MANIFEST
OPENALEX:W4206998084,OPENALEX,W4206998084,"Decision letter: Development, validation, and application of a machine learning model to estimate salt consumption in 54 countries",2021,10.7554/elife.72930.sa1,,W4206998084,https://doi.org/10.7554/elife.72930.sa1,openalex/openalex-api-20260731T204525+0700/page-010.raw,567d223c6daff1b7c3515e6c3c45bad21909518ff1d22f77271a97076d3ba2eb,openalex-api-20260731T204525+0700,DQ-OPENALEX-01,VERIFIED_RAW_MANIFEST
OPENALEX:W4207093336,OPENALEX,W4207093336,The Impact of Cultural Dimensions of Clinicians on the Adoption of Artificial Intelligence in Healthcare.,2022,,35062809,W4207093336,https://openalex.org/WW4207093336,openalex/openalex-api-20260731T204525+0700/page-001.raw,cc63bed157c8017baca9e3cf49611c2f7d5c2737b6915173aaf2ac7c966fbdba,openalex-api-20260731T204525+0700,DQ-OPENALEX-01,VERIFIED_RAW_MANIFEST
OPENALEX:W4210580279,OPENALEX,W4210580279,Preventing stroke in atrial fibrillation patients,2022,10.1093/eurheartj/ehac019,35084445,W4210580279,https://doi.org/10.1093/eurheartj/ehac019,openalex/openalex-api-20260731T204525+0700/page-013.raw,1e79e9ecb8063e55faa657fa937037c99544712e501b32e59db78d1fdbd1c007,openalex-api-20260731T204525+0700,DQ-OPENALEX-01,VERIFIED_RAW_MANIFEST
OPENALEX:W4210885547,OPENALEX,W4210885547,Digital Health Policy and Programs for Hospital Care in Vietnam: Scoping Review,2022,10.2196/32392,35138264,W4210885547,https://doi.org/10.2196/32392,openalex/openalex-api-20260731T204525+0700/page-001.raw,cc63bed157c8017baca9e3cf49611c2f7d5c2737b6915173aaf2ac7c966fbdba,openalex-api-20260731T204525+0700,DQ-OPENALEX-01,VERIFIED_RAW_MANIFEST
OPENALEX:W4211123459,OPENALEX,W4211123459,Digital Health Policy and Programs for Hospital Care in Vietnam: Scoping Review (Preprint),2021,10.2196/preprints.32392,,W4211123459,https://doi.org/10.2196/preprints.32392,openalex/openalex-api-20260731T204525+0700/page-005.raw,b1307c741cb653ca8122f1ae281aaf5935a342a4df7ea19b9676a23a68cb3764,openalex-api-20260731T204525+0700,DQ-OPENALEX-01,VERIFIED_RAW_MANIFEST
OPENALEX:W4212765095,OPENALEX,W4212765095,"Forest Landscape Restoration and Ecosystem Services in A Luoi District, Thua Thien Hue Province, Vietnam",2021,10.53846/goediss-8742,,W4212765095,https://doi.org/10.53846/goediss-8742,openalex/openalex-api-20260731T204525+0700/page-005.raw,b1307c741cb653ca8122f1ae281aaf5935a342a4df7ea19b9676a23a68cb3764,openalex-api-20260731T204525+0700,DQ-OPENALEX-01,VERIFIED_RAW_MANIFEST
OPENALEX:W4221070098,OPENALEX,W4221070098,Quantifying mangrove leaf area index from Sentinel-2 imagery using hybrid models and active learning,2022,10.1080/01431161.2021.2024912,36386862,W4221070098,https://doi.org/10.1080/01431161.2021.2024912,openalex/openalex-api-20260731T204525+0700/page-005.raw,b1307c741cb653ca8122f1ae281aaf5935a342a4df7ea19b9676a23a68cb3764,openalex-api-20260731T204525+0700,DQ-OPENALEX-01,VERIFIED_RAW_MANIFEST
OPENALEX:W4225707844,OPENALEX,W4225707844,An efficient human activity recognition model based on deep learning approaches,2022,10.52549/ijeei.v10i1.3438,,W4225707844,https://doi.org/10.52549/ijeei.v10i1.3438,openalex/openalex-api-20260731T204525+0700/page-007.raw,d5f108f7861acd6870332ef52c680948216663bbe1115312d1a285feb60b88a4,openalex-api-20260731T204525+0700,DQ-OPENALEX-01,VERIFIED_RAW_MANIFEST
OPENALEX:W4226333433,OPENALEX,W4226333433,"Technology Devices in Sport Education, Technology Applications with Wearable Sensor and Accelerometer in Physical Exercises—And Ho Chi Minh and Lenin Ideologies on Physical Exercise for the Youth",2022,10.1007/978-981-16-9756-2_17,,W4226333433,https://doi.org/10.1007/978-981-16-9756-2_17,openalex/openalex-api-20260731T204525+0700/page-013.raw,1e79e9ecb8063e55faa657fa937037c99544712e501b32e59db78d1fdbd1c007,openalex-api-20260731T204525+0700,DQ-OPENALEX-01,VERIFIED_RAW_MANIFEST
OPENALEX:W4226367125,OPENALEX,W4226367125,"Applications of Statistic Softwares, IT and Artificial Intelligence—A Research Case on ByPass Behavior of Patients at Vietnam Hospitals",2022,10.1007/978-981-16-9756-2_18,,W4226367125,https://doi.org/10.1007/978-981-16-9756-2_18,openalex/openalex-api-20260731T204525+0700/page-002.raw,a91f6c605ced04dfacef7bf6474726dbd67a67f11cd34608c4294b609b0cfbc7,openalex-api-20260731T204525+0700,DQ-OPENALEX-01,VERIFIED_RAW_MANIFEST
OPENALEX:W4233838670,OPENALEX,W4233838670,Index,2021,10.1108/978-1-80071-348-220211013,,W4233838670,https://doi.org/10.1108/978-1-80071-348-220211013,openalex/openalex-api-20260731T204525+0700/page-013.raw,1e79e9ecb8063e55faa657fa937037c99544712e501b32e59db78d1fdbd1c007,openalex-api-20260731T204525+0700,DQ-OPENALEX-01,VERIFIED_RAW_MANIFEST
OPENALEX:W4237757429,OPENALEX,W4237757429,2019 NCAS Abstracts,2019,10.7572/jncas-d-135-3.10,,W4237757429,https://doi.org/10.7572/jncas-d-135-3.10,openalex/openalex-api-20260731T204525+0700/page-014.raw,25d78a8ffa8b11a4be6dd8b38ee00991b6902b208810f51f0ca606d3f29d72fe,openalex-api-20260731T204525+0700,DQ-OPENALEX-01,VERIFIED_RAW_MANIFEST
OPENALEX:W4251098518,OPENALEX,W4251098518,Regular Issue,2021,10.35940/ijitee.10.4,,W4251098518,https://doi.org/10.35940/ijitee.10.4,openalex/openalex-api-20260731T204525+0700/page-014.raw,25d78a8ffa8b11a4be6dd8b38ee00991b6902b208810f51f0ca606d3f29d72fe,openalex-api-20260731T204525+0700,DQ-OPENALEX-01,VERIFIED_RAW_MANIFEST
OPENALEX:W4253666347,OPENALEX,W4253666347,Index,2019,10.1108/978-1-78756-911-920191001,,W4253666347,https://doi.org/10.1108/978-1-78756-911-920191001,openalex/openalex-api-20260731T204525+0700/page-013.raw,1e79e9ecb8063e55faa657fa937037c99544712e501b32e59db78d1fdbd1c007,openalex-api-20260731T204525+0700,DQ-OPENALEX-01,VERIFIED_RAW_MANIFEST
OPENALEX:W4256155401,OPENALEX,W4256155401,Reflections,2019,10.1111/aor.13457,31016739,W4256155401,https://doi.org/10.1111/aor.13457,openalex/openalex-api-20260731T204525+0700/page-013.raw,1e79e9ecb8063e55faa657fa937037c99544712e501b32e59db78d1fdbd1c007,openalex-api-20260731T204525+0700,DQ-OPENALEX-01,VERIFIED_RAW_MANIFEST
OPENALEX:W4280524672,OPENALEX,W4280524672,Predicting As Contamination Risk in Red River Delta using Machine Learning Algorithms,2022,10.9719/eeg.2022.55.2.127,,W4280524672,https://doi.org/10.9719/eeg.2022.55.2.127,openalex/openalex-api-20260731T204525+0700/page-003.raw,2ef15a7a70da1e0c1ba3a24c3396aa1a038516be2024a3f08936666427ce4457,openalex-api-20260731T204525+0700,DQ-OPENALEX-01,VERIFIED_RAW_MANIFEST
OPENALEX:W4280531286,OPENALEX,W4280531286,Sepsis Mortality Prediction Using Wearable Monitoring in Low–Middle Income Countries,2022,10.3390/s22103866,35632275,W4280531286,https://doi.org/10.3390/s22103866,openalex/openalex-api-20260731T204525+0700/page-001.raw,cc63bed157c8017baca9e3cf49611c2f7d5c2737b6915173aaf2ac7c966fbdba,openalex-api-20260731T204525+0700,DQ-OPENALEX-01,VERIFIED_RAW_MANIFEST
OPENALEX:W4280604323,OPENALEX,W4280604323,Predicting Hypertension Based on Machine Learning Methods: A Case Study in Northwest Vietnam,2022,10.1007/s11036-022-01984-w,,W4280604323,https://doi.org/10.1007/s11036-022-01984-w,openalex/openalex-api-20260731T204525+0700/page-001.raw,cc63bed157c8017baca9e3cf49611c2f7d5c2737b6915173aaf2ac7c966fbdba,openalex-api-20260731T204525+0700,DQ-OPENALEX-01,VERIFIED_RAW_MANIFEST
OPENALEX:W4283015290,OPENALEX,W4283015290,The Chinese Metabolic Management Centers,2022,10.1111/1753-0407.13290,35712984,W4283015290,https://doi.org/10.1111/1753-0407.13290,openalex/openalex-api-20260731T204525+0700/page-006.raw,22cea224c5a15feddd5217fbd37475e1b5b0c5ebd1ba85d68136d15efcf608ea,openalex-api-20260731T204525+0700,DQ-OPENALEX-01,VERIFIED_RAW_MANIFEST
OPENALEX:W4283799763,OPENALEX,W4283799763,Index,2022,10.1108/978-1-80262-637-720221018,,W4283799763,https://doi.org/10.1108/978-1-80262-637-720221018,openalex/openalex-api-20260731T204525+0700/page-012.raw,af3ef30cc2217b5ba58dac8570cde2ed08fb515afd513bc5bab42ae127e8c0f5,openalex-api-20260731T204525+0700,DQ-OPENALEX-01,VERIFIED_RAW_MANIFEST
OPENALEX:W4285152138,OPENALEX,W4285152138,"Ai Based Air Quality Pm2.5 Forecasting Models for Developing Countries: A Case Study of Ho Chi Minh City, Vietnam",2022,10.2139/ssrn.4111434,,W4285152138,https://doi.org/10.2139/ssrn.4111434,openalex/openalex-api-20260731T204525+0700/page-005.raw,b1307c741cb653ca8122f1ae281aaf5935a342a4df7ea19b9676a23a68cb3764,openalex-api-20260731T204525+0700,DQ-OPENALEX-01,VERIFIED_RAW_MANIFEST
OPENALEX:W4290755880,OPENALEX,W4290755880,A Review of Earth Observation-Based Drought Studies in Southeast Asia,2022,10.3390/rs14153763,,W4290755880,https://doi.org/10.3390/rs14153763,openalex/openalex-api-20260731T204525+0700/page-005.raw,b1307c741cb653ca8122f1ae281aaf5935a342a4df7ea19b9676a23a68cb3764,openalex-api-20260731T204525+0700,DQ-OPENALEX-01,VERIFIED_RAW_MANIFEST
OPENALEX:W4292958755,OPENALEX,W4292958755,Index,2022,10.1108/978-1-80117-226-420221017,,W4292958755,https://doi.org/10.1108/978-1-80117-226-420221017,openalex/openalex-api-20260731T204525+0700/page-014.raw,25d78a8ffa8b11a4be6dd8b38ee00991b6902b208810f51f0ca606d3f29d72fe,openalex-api-20260731T204525+0700,DQ-OPENALEX-01,VERIFIED_RAW_MANIFEST
OPENALEX:W4293715374,OPENALEX,W4293715374,Classification of Tetanus Severity in Intensive-Care Settings for Low-Income Countries Using Wearable Sensing,2022,10.3390/s22176554,36081013,W4293715374,https://doi.org/10.3390/s22176554,openalex/openalex-api-20260731T204525+0700/page-005.raw,b1307c741cb653ca8122f1ae281aaf5935a342a4df7ea19b9676a23a68cb3764,openalex-api-20260731T204525+0700,DQ-OPENALEX-01,VERIFIED_RAW_MANIFEST
OPENALEX:W4295190198,OPENALEX,W4295190198,Flood risk mapping and analysis using an integrated framework of machine learning models and analytic hierarchy process,2022,10.1111/risa.14018,36088657,W4295190198,https://doi.org/10.1111/risa.14018,openalex/openalex-api-20260731T204525+0700/page-001.raw,cc63bed157c8017baca9e3cf49611c2f7d5c2737b6915173aaf2ac7c966fbdba,openalex-api-20260731T204525+0700,DQ-OPENALEX-01,VERIFIED_RAW_MANIFEST
OPENALEX:W4297788599,OPENALEX,W4297788599,Application of deep learning techniques in supportting the diagnosis of pneumonia through X-ray images,2021,10.56824/vujs.2021nt24,,W4297788599,https://doi.org/10.56824/vujs.2021nt24,openalex/openalex-api-20260731T204525+0700/page-012.raw,af3ef30cc2217b5ba58dac8570cde2ed08fb515afd513bc5bab42ae127e8c0f5,openalex-api-20260731T204525+0700,DQ-OPENALEX-01,VERIFIED_RAW_MANIFEST
OPENALEX:W4297884396,OPENALEX,W4297884396,Multidimensional Machine Learning on 2173 COVID-19 Patients in Vietnam,2022,10.20944/preprints202209.0291.v1,,W4297884396,https://doi.org/10.20944/preprints202209.0291.v1,openalex/openalex-api-20260731T204525+0700/page-003.raw,2ef15a7a70da1e0c1ba3a24c3396aa1a038516be2024a3f08936666427ce4457,openalex-api-20260731T204525+0700,DQ-OPENALEX-01,VERIFIED_RAW_MANIFEST
OPENALEX:W4297936949,OPENALEX,W4297936949,Multidimensional Machine Learning for Assessing Parameters Associated With COVID-19 in Vietnam: Validation Study (Preprint),2022,10.2196/preprints.42895,,W4297936949,https://doi.org/10.2196/preprints.42895,openalex/openalex-api-20260731T204525+0700/page-007.raw,d5f108f7861acd6870332ef52c680948216663bbe1115312d1a285feb60b88a4,openalex-api-20260731T204525+0700,DQ-OPENALEX-01,VERIFIED_RAW_MANIFEST
OPENALEX:W4304112139,OPENALEX,W4304112139,"AI-based air quality PM2.5 forecasting models for developing countries: A case study of Ho Chi Minh City, Vietnam",2022,10.1016/j.uclim.2022.101315,,W4304112139,https://doi.org/10.1016/j.uclim.2022.101315,openalex/openalex-api-20260731T204525+0700/page-003.raw,2ef15a7a70da1e0c1ba3a24c3396aa1a038516be2024a3f08936666427ce4457,openalex-api-20260731T204525+0700,DQ-OPENALEX-01,VERIFIED_RAW_MANIFEST
OPENALEX:W4309865374,OPENALEX,W4309865374,Predicting the risk of osteoporosis in older Vietnamese women using machine learning approaches,2022,10.1038/s41598-022-24181-x,36418408,W4309865374,https://doi.org/10.1038/s41598-022-24181-x,openalex/openalex-api-20260731T204525+0700/page-001.raw,cc63bed157c8017baca9e3cf49611c2f7d5c2737b6915173aaf2ac7c966fbdba,openalex-api-20260731T204525+0700,DQ-OPENALEX-01,VERIFIED_RAW_MANIFEST
OPENALEX:W4310934232,OPENALEX,W4310934232,Adapting and Scaling a Digital Health Intervention to Improve Maternal and Child Health Among Ethnic Minority Women in Vietnam Amid the COVID-19 Context: Protocol for the dMOM Project (Preprint),2022,10.2196/preprints.44720,,W4310934232,https://doi.org/10.2196/preprints.44720,openalex/openalex-api-20260731T204525+0700/page-009.raw,d8052c422dfee1bcc043965b6c8f38ad8e3b0206af91d662e111aa0e69b78848,openalex-api-20260731T204525+0700,DQ-OPENALEX-01,VERIFIED_RAW_MANIFEST
OPENALEX:W4311631211,OPENALEX,W4311631211,"Measuring adherence, acceptability and likability of an artificial-intelligence-based, gamified phone application to improve the quality of dietary choices of adolescents in Ghana and Vietnam: Protocol of a randomized controlled pilot test",2022,10.3389/fdgth.2022.961604,36561922,W4311631211,https://doi.org/10.3389/fdgth.2022.961604,openalex/openalex-api-20260731T204525+0700/page-003.raw,2ef15a7a70da1e0c1ba3a24c3396aa1a038516be2024a3f08936666427ce4457,openalex-api-20260731T204525+0700,DQ-OPENALEX-01,VERIFIED_RAW_MANIFEST
OPENALEX:W4312581401,OPENALEX,W4312581401,Predictive Modelling of Diseases Based on a Network and Machine Learning Approach,2022,10.1007/978-981-19-8234-7_50,,W4312581401,https://doi.org/10.1007/978-981-19-8234-7_50,openalex/openalex-api-20260731T204525+0700/page-004.raw,135103e4498bc4d83cdec049b5b6ef4cc4f66250f5729b623abee25886418a16,openalex-api-20260731T204525+0700,DQ-OPENALEX-01,VERIFIED_RAW_MANIFEST
OPENALEX:W4313690381,OPENALEX,W4313690381,Characteristics of Fatal Occupational Injuries in Migrant Workers in South Korea: A Machine Learning Study,2022,10.2139/ssrn.4314078,,W4313690381,https://doi.org/10.2139/ssrn.4314078,openalex/openalex-api-20260731T204525+0700/page-008.raw,3a2168dca2cf70e3bea241429f2263fc3ad7b52cb24c11719ee3baeda6f337e9,openalex-api-20260731T204525+0700,DQ-OPENALEX-01,VERIFIED_RAW_MANIFEST
OPENALEX:W4317000469,OPENALEX,W4317000469,Feasibility and accuracy of artificial intelligence for automatic qualification of two-dimensional and three-dimensional left ventricular ejection fraction and global longitudinal strain in echocardiography,2023,10.47972/vjcts.v40i.836,,W4317000469,https://doi.org/10.47972/vjcts.v40i.836,openalex/openalex-api-20260731T204525+0700/page-009.raw,d8052c422dfee1bcc043965b6c8f38ad8e3b0206af91d662e111aa0e69b78848,openalex-api-20260731T204525+0700,DQ-OPENALEX-01,VERIFIED_RAW_MANIFEST
OPENALEX:W4317347026,OPENALEX,W4317347026,Multidimensional Machine Learning for Assessing Parameters Associated With COVID-19 in Vietnam: Validation Study,2023,10.2196/42895,36668902,W4317347026,https://doi.org/10.2196/42895,openalex/openalex-api-20260731T204525+0700/page-002.raw,a91f6c605ced04dfacef7bf6474726dbd67a67f11cd34608c4294b609b0cfbc7,openalex-api-20260731T204525+0700,DQ-OPENALEX-01,VERIFIED_RAW_MANIFEST
OPENALEX:W4317470412,OPENALEX,W4317470412,Antimicrobial stewardship at the emergency department: Dead bugs do not mutate!,2023,10.1016/j.ejim.2023.01.014,36669904,W4317470412,https://doi.org/10.1016/j.ejim.2023.01.014,openalex/openalex-api-20260731T204525+0700/page-010.raw,567d223c6daff1b7c3515e6c3c45bad21909518ff1d22f77271a97076d3ba2eb,openalex-api-20260731T204525+0700,DQ-OPENALEX-01,VERIFIED_RAW_MANIFEST
OPENALEX:W4318619546,OPENALEX,W4318619546,Index,2023,10.1108/978-1-80262-277-520231024,,W4318619546,https://doi.org/10.1108/978-1-80262-277-520231024,openalex/openalex-api-20260731T204525+0700/page-014.raw,25d78a8ffa8b11a4be6dd8b38ee00991b6902b208810f51f0ca606d3f29d72fe,openalex-api-20260731T204525+0700,DQ-OPENALEX-01,VERIFIED_RAW_MANIFEST
OPENALEX:W4319994231,OPENALEX,W4319994231,New year greetings from the Editor-in-Chief of the Asia–Pacific Journal of Oncology Nursing,2023,10.1016/j.apjon.2023.100185,36814522,W4319994231,https://doi.org/10.1016/j.apjon.2023.100185,openalex/openalex-api-20260731T204525+0700/page-013.raw,1e79e9ecb8063e55faa657fa937037c99544712e501b32e59db78d1fdbd1c007,openalex-api-20260731T204525+0700,DQ-OPENALEX-01,VERIFIED_RAW_MANIFEST
OPENALEX:W4321368510,OPENALEX,W4321368510,"CRT-101.00 Acute Coronary Syndrome in Patients &gt; 80 Was Due to Slow Flow, Only Few Severe Lesions: An Angiographic Coronary Flow and Machine Learning Analysis for Personalized Medicine Management",2023,10.1016/j.jcin.2023.01.042,,W4321368510,https://doi.org/10.1016/j.jcin.2023.01.042,openalex/openalex-api-20260731T204525+0700/page-008.raw,3a2168dca2cf70e3bea241429f2263fc3ad7b52cb24c11719ee3baeda6f337e9,openalex-api-20260731T204525+0700,DQ-OPENALEX-01,VERIFIED_RAW_MANIFEST
OPENALEX:W4321595697,OPENALEX,W4321595697,"Multi-output machine learning model for regional air pollution forecasting in Ho Chi Minh City, Vietnam",2023,10.1016/j.envint.2023.107848,36842381,W4321595697,https://doi.org/10.1016/j.envint.2023.107848,openalex/openalex-api-20260731T204525+0700/page-001.raw,cc63bed157c8017baca9e3cf49611c2f7d5c2737b6915173aaf2ac7c966fbdba,openalex-api-20260731T204525+0700,DQ-OPENALEX-01,VERIFIED_RAW_MANIFEST
OPENALEX:W4323074472,OPENALEX,W4323074472,Development and Asian-wide validation of the Grade for Interpretable Field Triage (GIFT) for predicting mortality in pre-hospital patients using the Pan-Asian Trauma Outcomes Study (PATOS),2023,10.1016/j.lanwpc.2023.100733,37283981,W4323074472,https://doi.org/10.1016/j.lanwpc.2023.100733,openalex/openalex-api-20260731T204525+0700/page-002.raw,a91f6c605ced04dfacef7bf6474726dbd67a67f11cd34608c4294b609b0cfbc7,openalex-api-20260731T204525+0700,DQ-OPENALEX-01,VERIFIED_RAW_MANIFEST
OPENALEX:W4323825254,OPENALEX,W4323825254,The US National Academy of Medicine,2023,10.1097/phm.0000000000002234,36898014,W4323825254,https://doi.org/10.1097/phm.0000000000002234,openalex/openalex-api-20260731T204525+0700/page-004.raw,135103e4498bc4d83cdec049b5b6ef4cc4f66250f5729b623abee25886418a16,openalex-api-20260731T204525+0700,DQ-OPENALEX-01,VERIFIED_RAW_MANIFEST
OPENALEX:W4362712530,OPENALEX,W4362712530,Adapting and Scaling a Digital Health Intervention to Improve Maternal and Child Health Among Ethnic Minority Women in Vietnam Amid the COVID-19 Context: Protocol for the dMOM Project,2023,10.2196/44720,37058576,W4362712530,https://doi.org/10.2196/44720,openalex/openalex-api-20260731T204525+0700/page-004.raw,135103e4498bc4d83cdec049b5b6ef4cc4f66250f5729b623abee25886418a16,openalex-api-20260731T204525+0700,DQ-OPENALEX-01,VERIFIED_RAW_MANIFEST
OPENALEX:W4367048429,OPENALEX,W4367048429,A New Hope in the Fight Against Antimicrobial Resistance with Artificial Intelligence,2022,,,W4367048429,https://openalex.org/WW4367048429,openalex/openalex-api-20260731T204525+0700/page-007.raw,d5f108f7861acd6870332ef52c680948216663bbe1115312d1a285feb60b88a4,openalex-api-20260731T204525+0700,DQ-OPENALEX-01,VERIFIED_RAW_MANIFEST
OPENALEX:W4377043317,OPENALEX,W4377043317,A PROSPECTIVE CLINICAL STUDY ON THE USE OF A NON-INVASIVE WEARABLE DEVICE AND NEURAL NETWORK MODELS FOR PATIENTS WITH DENGUE,2023,10.1016/j.ijid.2023.04.017,,W4377043317,https://doi.org/10.1016/j.ijid.2023.04.017,openalex/openalex-api-20260731T204525+0700/page-005.raw,b1307c741cb653ca8122f1ae281aaf5935a342a4df7ea19b9676a23a68cb3764,openalex-api-20260731T204525+0700,DQ-OPENALEX-01,VERIFIED_RAW_MANIFEST
OPENALEX:W4380988014,OPENALEX,W4380988014,The Utilization of Machine Learning Algorithms for Assisting Physicians in the Diagnosis of Diabetes,2023,10.3390/diagnostics13122087,37370981,W4380988014,https://doi.org/10.3390/diagnostics13122087,openalex/openalex-api-20260731T204525+0700/page-002.raw,a91f6c605ced04dfacef7bf6474726dbd67a67f11cd34608c4294b609b0cfbc7,openalex-api-20260731T204525+0700,DQ-OPENALEX-01,VERIFIED_RAW_MANIFEST
OPENALEX:W4382192984,OPENALEX,W4382192984,A LASSO-based model for financial distress of the Vietnamese listed firms: Does the covid-19 pandemic matter?,2023,10.1080/23322039.2023.2210361,,W4382192984,https://doi.org/10.1080/23322039.2023.2210361,openalex/openalex-api-20260731T204525+0700/page-003.raw,2ef15a7a70da1e0c1ba3a24c3396aa1a038516be2024a3f08936666427ce4457,openalex-api-20260731T204525+0700,DQ-OPENALEX-01,VERIFIED_RAW_MANIFEST
OPENALEX:W4382919153,OPENALEX,W4382919153,"Applying artificial intelligence and digital health technologies, Viet Nam",2023,10.2471/blt.22.289423,37397176,W4382919153,https://doi.org/10.2471/blt.22.289423,openalex/openalex-api-20260731T204525+0700/page-001.raw,cc63bed157c8017baca9e3cf49611c2f7d5c2737b6915173aaf2ac7c966fbdba,openalex-api-20260731T204525+0700,DQ-OPENALEX-01,VERIFIED_RAW_MANIFEST
OPENALEX:W4383894036,OPENALEX,W4383894036,Towards regional progress: <scp>APSR</scp> 2022 Big Five Lung Diseases Workshop,2023,10.1111/resp.14548,37433568,W4383894036,https://doi.org/10.1111/resp.14548,openalex/openalex-api-20260731T204525+0700/page-008.raw,3a2168dca2cf70e3bea241429f2263fc3ad7b52cb24c11719ee3baeda6f337e9,openalex-api-20260731T204525+0700,DQ-OPENALEX-01,VERIFIED_RAW_MANIFEST
OPENALEX:W4383961821,OPENALEX,W4383961821,Index,2023,10.1108/978-1-80455-588-020231017,,W4383961821,https://doi.org/10.1108/978-1-80455-588-020231017,openalex/openalex-api-20260731T204525+0700/page-012.raw,af3ef30cc2217b5ba58dac8570cde2ed08fb515afd513bc5bab42ae127e8c0f5,openalex-api-20260731T204525+0700,DQ-OPENALEX-01,VERIFIED_RAW_MANIFEST
OPENALEX:W4385486558,OPENALEX,W4385486558,Prevalence-Based Gradation (PBG) Process To Tackle Misinformation And Disinformation On Social Media,2023,10.2139/ssrn.4528682,,W4385486558,https://doi.org/10.2139/ssrn.4528682,openalex/openalex-api-20260731T204525+0700/page-013.raw,1e79e9ecb8063e55faa657fa937037c99544712e501b32e59db78d1fdbd1c007,openalex-api-20260731T204525+0700,DQ-OPENALEX-01,VERIFIED_RAW_MANIFEST
OPENALEX:W4385990480,OPENALEX,W4385990480,PhoBERT: Application in Disease Classification based on Vietnamese Symptom Analysis,2023,10.2478/acss-2023-0004,,W4385990480,https://doi.org/10.2478/acss-2023-0004,openalex/openalex-api-20260731T204525+0700/page-004.raw,135103e4498bc4d83cdec049b5b6ef4cc4f66250f5729b623abee25886418a16,openalex-api-20260731T204525+0700,DQ-OPENALEX-01,VERIFIED_RAW_MANIFEST
OPENALEX:W4386636575,OPENALEX,W4386636575,Application of AI Tools in Creating Datasets from a Real Data Component for Structural Health Monitoring,2023,10.1201/9781003306924-9,,W4386636575,https://doi.org/10.1201/9781003306924-9,openalex/openalex-api-20260731T204525+0700/page-002.raw,a91f6c605ced04dfacef7bf6474726dbd67a67f11cd34608c4294b609b0cfbc7,openalex-api-20260731T204525+0700,DQ-OPENALEX-01,VERIFIED_RAW_MANIFEST
OPENALEX:W4387091800,OPENALEX,W4387091800,Measuring Racial Sentiment Using Social Media Is Harder Than It Seems,2023,10.1097/ede.0000000000001672,37756311,W4387091800,https://doi.org/10.1097/ede.0000000000001672,openalex/openalex-api-20260731T204525+0700/page-011.raw,027e305e0bb0f739e118626245e1f599cd7447df911aae82e49a72d8be3623cc,openalex-api-20260731T204525+0700,DQ-OPENALEX-01,VERIFIED_RAW_MANIFEST
OPENALEX:W4387789526,OPENALEX,W4387789526,DIKO: A Two-Stage Hybrid Network for Knee Osteoarthritis Diagnosis Using Deep Learning,2023,10.1007/978-3-031-46573-4_33,,W4387789526,https://doi.org/10.1007/978-3-031-46573-4_33,openalex/openalex-api-20260731T204525+0700/page-008.raw,3a2168dca2cf70e3bea241429f2263fc3ad7b52cb24c11719ee3baeda6f337e9,openalex-api-20260731T204525+0700,DQ-OPENALEX-01,VERIFIED_RAW_MANIFEST
OPENALEX:W4388328349,OPENALEX,W4388328349,Real-Time Magnetic Tracking and Diagnosis of COVID-19 via Machine Learning,2023,10.48550/arxiv.2311.00737,,W4388328349,https://doi.org/10.48550/arxiv.2311.00737,openalex/openalex-api-20260731T204525+0700/page-008.raw,3a2168dca2cf70e3bea241429f2263fc3ad7b52cb24c11719ee3baeda6f337e9,openalex-api-20260731T204525+0700,DQ-OPENALEX-01,VERIFIED_RAW_MANIFEST
OPENALEX:W4389329616,OPENALEX,W4389329616,Digital health technology adoption in five Vietnamese hospitals: a self-report assessment (Preprint),2023,10.2196/preprints.53483,,W4389329616,https://doi.org/10.2196/preprints.53483,openalex/openalex-api-20260731T204525+0700/page-005.raw,b1307c741cb653ca8122f1ae281aaf5935a342a4df7ea19b9676a23a68cb3764,openalex-api-20260731T204525+0700,DQ-OPENALEX-01,VERIFIED_RAW_MANIFEST
OPENALEX:W4389366255,OPENALEX,W4389366255,Evaluating Audio Feature Extraction Methods for Identifying Bee Queen Presence,2023,10.1145/3628797.3628852,,W4389366255,https://doi.org/10.1145/3628797.3628852,openalex/openalex-api-20260731T204525+0700/page-006.raw,22cea224c5a15feddd5217fbd37475e1b5b0c5ebd1ba85d68136d15efcf608ea,openalex-api-20260731T204525+0700,DQ-OPENALEX-01,VERIFIED_RAW_MANIFEST
OPENALEX:W4389379814,OPENALEX,W4389379814,Securing Collaborative Medical AI by Using Differential Privacy: Domain Transfer for Classification of Chest Radiographs,2023,10.1148/ryai.230212,,W4389379814,https://doi.org/10.1148/ryai.230212,openalex/openalex-api-20260731T204525+0700/page-002.raw,a91f6c605ced04dfacef7bf6474726dbd67a67f11cd34608c4294b609b0cfbc7,openalex-api-20260731T204525+0700,DQ-OPENALEX-01,VERIFIED_RAW_MANIFEST
OPENALEX:W4389489459,OPENALEX,W4389489459,IAB 16th World Congress,2023,10.1111/bioe.13252,38063456,W4389489459,https://doi.org/10.1111/bioe.13252,openalex/openalex-api-20260731T204525+0700/page-006.raw,22cea224c5a15feddd5217fbd37475e1b5b0c5ebd1ba85d68136d15efcf608ea,openalex-api-20260731T204525+0700,DQ-OPENALEX-01,VERIFIED_RAW_MANIFEST
OPENALEX:W4389510789,OPENALEX,W4389510789,Selection of Optimal Mathematical Models for Simulating and Forecasting Vertical Movements,2023,10.1007/978-3-031-43759-5_23,,W4389510789,https://doi.org/10.1007/978-3-031-43759-5_23,openalex/openalex-api-20260731T204525+0700/page-012.raw,af3ef30cc2217b5ba58dac8570cde2ed08fb515afd513bc5bab42ae127e8c0f5,openalex-api-20260731T204525+0700,DQ-OPENALEX-01,VERIFIED_RAW_MANIFEST
OPENALEX:W4390055369,OPENALEX,W4390055369,"Machine Learning Models for Fine Particulate Matter (PM2.5) Prediction: A Case Study in Bac Ninh Province, Vietnam",2023,10.52939/ijg.v19i12.2975,,W4390055369,https://doi.org/10.52939/ijg.v19i12.2975,openalex/openalex-api-20260731T204525+0700/page-004.raw,135103e4498bc4d83cdec049b5b6ef4cc4f66250f5729b623abee25886418a16,openalex-api-20260731T204525+0700,DQ-OPENALEX-01,VERIFIED_RAW_MANIFEST
OPENALEX:W4390447031,OPENALEX,W4390447031,Predicting Load-Deflection of Composite Concrete Bridges Using Machine Learning Models,2023,10.58845/jstt.utt.2023.en.3.4.44-52,,W4390447031,https://doi.org/10.58845/jstt.utt.2023.en.3.4.44-52,openalex/openalex-api-20260731T204525+0700/page-003.raw,2ef15a7a70da1e0c1ba3a24c3396aa1a038516be2024a3f08936666427ce4457,openalex-api-20260731T204525+0700,DQ-OPENALEX-01,VERIFIED_RAW_MANIFEST
OPENALEX:W4390450387,OPENALEX,W4390450387,Towards Mental Health Analysis in Social Media for Low-resourced Languages,2023,10.1145/3638761,,W4390450387,https://doi.org/10.1145/3638761,openalex/openalex-api-20260731T204525+0700/page-004.raw,135103e4498bc4d83cdec049b5b6ef4cc4f66250f5729b623abee25886418a16,openalex-api-20260731T204525+0700,DQ-OPENALEX-01,VERIFIED_RAW_MANIFEST
OPENALEX:W4391164020,OPENALEX,W4391164020,Downscaling daily fine Particulate Matter (PM2.5) concentration maps for Ho Chi Minh City,2024,10.21203/rs.3.rs-3879162/v1,,W4391164020,https://doi.org/10.21203/rs.3.rs-3879162/v1,openalex/openalex-api-20260731T204525+0700/page-011.raw,027e305e0bb0f739e118626245e1f599cd7447df911aae82e49a72d8be3623cc,openalex-api-20260731T204525+0700,DQ-OPENALEX-01,VERIFIED_RAW_MANIFEST
OPENALEX:W4391176491,OPENALEX,W4391176491,Investigating Air Pollution Dynamics in Ho Chi Minh City: A Spatiotemporal Study Leveraging XAI-SHAP Clustering Methodology,2024,10.1007/978-3-031-50485-3_20,,W4391176491,https://doi.org/10.1007/978-3-031-50485-3_20,openalex/openalex-api-20260731T204525+0700/page-006.raw,22cea224c5a15feddd5217fbd37475e1b5b0c5ebd1ba85d68136d15efcf608ea,openalex-api-20260731T204525+0700,DQ-OPENALEX-01,VERIFIED_RAW_MANIFEST
OPENALEX:W4391515285,OPENALEX,W4391515285,Mitigating Machine Learning Bias Between High Income and Low-Middle Income Countries for Enhanced Model Fairness and Generalizability,2024,10.1101/2024.02.01.24302010,,W4391515285,https://doi.org/10.1101/2024.02.01.24302010,openalex/openalex-api-20260731T204525+0700/page-001.raw,cc63bed157c8017baca9e3cf49611c2f7d5c2737b6915173aaf2ac7c966fbdba,openalex-api-20260731T204525+0700,DQ-OPENALEX-01,VERIFIED_RAW_MANIFEST
OPENALEX:W4392580413,OPENALEX,W4392580413,"&amp;#160;Air Emission Inventory and AI- based Air Quality Forecasting Models for Developing Countries: A Case Study of Ho Chi Minh City, Vietnam",2024,10.5194/egusphere-egu24-10056,,W4392580413,https://doi.org/10.5194/egusphere-egu24-10056,openalex/openalex-api-20260731T204525+0700/page-011.raw,027e305e0bb0f739e118626245e1f599cd7447df911aae82e49a72d8be3623cc,openalex-api-20260731T204525+0700,DQ-OPENALEX-01,VERIFIED_RAW_MANIFEST
OPENALEX:W4392706664,OPENALEX,W4392706664,Research activities at Hanoi National University of Education ‐ 70 years of development,2022,10.1002/vjch.202200133,,W4392706664,https://doi.org/10.1002/vjch.202200133,openalex/openalex-api-20260731T204525+0700/page-014.raw,25d78a8ffa8b11a4be6dd8b38ee00991b6902b208810f51f0ca606d3f29d72fe,openalex-api-20260731T204525+0700,DQ-OPENALEX-01,VERIFIED_RAW_MANIFEST
OPENALEX:W4392870385,OPENALEX,W4392870385,Harnessing Artificial Intelligence to Enhance Electroencephalogram Record Interpretation,2024,10.2139/ssrn.4752305,,W4392870385,https://doi.org/10.2139/ssrn.4752305,openalex/openalex-api-20260731T204525+0700/page-007.raw,d5f108f7861acd6870332ef52c680948216663bbe1115312d1a285feb60b88a4,openalex-api-20260731T204525+0700,DQ-OPENALEX-01,VERIFIED_RAW_MANIFEST
OPENALEX:W4393337089,OPENALEX,W4393337089,"Structural Health Monitoring, Real Applications of Bridges in Vietnam",2024,10.1007/978-3-031-57224-1_26,,W4393337089,https://doi.org/10.1007/978-3-031-57224-1_26,openalex/openalex-api-20260731T204525+0700/page-003.raw,2ef15a7a70da1e0c1ba3a24c3396aa1a038516be2024a3f08936666427ce4457,openalex-api-20260731T204525+0700,DQ-OPENALEX-01,VERIFIED_RAW_MANIFEST
OPENALEX:W4393339458,OPENALEX,W4393339458,"Microplastic pollution in Vietnam's estuarine, coastal and riverine environments: Research advances and future prospects",2024,10.1016/j.ecss.2024.108749,,W4393339458,https://doi.org/10.1016/j.ecss.2024.108749,openalex/openalex-api-20260731T204525+0700/page-004.raw,135103e4498bc4d83cdec049b5b6ef4cc4f66250f5729b623abee25886418a16,openalex-api-20260731T204525+0700,DQ-OPENALEX-01,VERIFIED_RAW_MANIFEST
OPENALEX:W4393403311,OPENALEX,W4393403311,"Evaluation of models and drought-wetness factors contributing to predicting the vegetation health index in Dak Nong Province, Vietnam",2024,10.1088/2515-7620/ad39a4,,W4393403311,https://doi.org/10.1088/2515-7620/ad39a4,openalex/openalex-api-20260731T204525+0700/page-003.raw,2ef15a7a70da1e0c1ba3a24c3396aa1a038516be2024a3f08936666427ce4457,openalex-api-20260731T204525+0700,DQ-OPENALEX-01,VERIFIED_RAW_MANIFEST
OPENALEX:W4394146586,OPENALEX,W4394146586,<b>Ensemble learning model identifies </b><b>adaptation classification and turning points</b><b> of river microbial communities in response to heatwaves</b>,2024,10.6084/m9.figshare.24240055,,W4394146586,https://doi.org/10.6084/m9.figshare.24240055,openalex/openalex-api-20260731T204525+0700/page-014.raw,25d78a8ffa8b11a4be6dd8b38ee00991b6902b208810f51f0ca606d3f29d72fe,openalex-api-20260731T204525+0700,DQ-OPENALEX-01,VERIFIED_RAW_MANIFEST
OPENALEX:W4394814294,OPENALEX,W4394814294,Application of machine learning models for green andsimultaneous determination of asiaticoside andmadecassoside in Centella asiatica,2024,10.55401/gpttak47,,W4394814294,https://doi.org/10.55401/gpttak47,openalex/openalex-api-20260731T204525+0700/page-004.raw,135103e4498bc4d83cdec049b5b6ef4cc4f66250f5729b623abee25886418a16,openalex-api-20260731T204525+0700,DQ-OPENALEX-01,VERIFIED_RAW_MANIFEST
OPENALEX:W4395081370,OPENALEX,W4395081370,Using machine learning algorithms for predicting bridge vertical deflection,2024,10.1680/jencm.23.00016,,W4395081370,https://doi.org/10.1680/jencm.23.00016,openalex/openalex-api-20260731T204525+0700/page-004.raw,135103e4498bc4d83cdec049b5b6ef4cc4f66250f5729b623abee25886418a16,openalex-api-20260731T204525+0700,DQ-OPENALEX-01,VERIFIED_RAW_MANIFEST
OPENALEX:W4396666524,OPENALEX,W4396666524,Energy Poverty and Health Expenditure: Empirical Evidence from Vietnam,2024,10.3390/socsci13050253,,W4396666524,https://doi.org/10.3390/socsci13050253,openalex/openalex-api-20260731T204525+0700/page-002.raw,a91f6c605ced04dfacef7bf6474726dbd67a67f11cd34608c4294b609b0cfbc7,openalex-api-20260731T204525+0700,DQ-OPENALEX-01,VERIFIED_RAW_MANIFEST
OPENALEX:W4396722502,OPENALEX,W4396722502,Artificial intelligence helps drive new frontiers in ecology,2024,10.1093/biosci/biae016,38854635,W4396722502,https://doi.org/10.1093/biosci/biae016,openalex/openalex-api-20260731T204525+0700/page-002.raw,a91f6c605ced04dfacef7bf6474726dbd67a67f11cd34608c4294b609b0cfbc7,openalex-api-20260731T204525+0700,DQ-OPENALEX-01,VERIFIED_RAW_MANIFEST
OPENALEX:W4396937317,OPENALEX,W4396937317,Accelerating cough-based algorithms for pulmonary tuberculosis screening: Results from the CODA TB DREAM Challenge,2024,10.1101/2024.05.13.24306584,,W4396937317,https://doi.org/10.1101/2024.05.13.24306584,openalex/openalex-api-20260731T204525+0700/page-009.raw,d8052c422dfee1bcc043965b6c8f38ad8e3b0206af91d662e111aa0e69b78848,openalex-api-20260731T204525+0700,DQ-OPENALEX-01,VERIFIED_RAW_MANIFEST
OPENALEX:W4397032867,OPENALEX,W4397032867,The evidence for evidence-based medicine,2023,10.4103/amsr.amsr_19_23,,W4397032867,https://doi.org/10.4103/amsr.amsr_19_23,openalex/openalex-api-20260731T204525+0700/page-009.raw,d8052c422dfee1bcc043965b6c8f38ad8e3b0206af91d662e111aa0e69b78848,openalex-api-20260731T204525+0700,DQ-OPENALEX-01,VERIFIED_RAW_MANIFEST
OPENALEX:W4398182497,OPENALEX,W4398182497,Ecological Epidemiology Insights into Clonorchiosis Endemicity in Southern China and Northern Vietnam: A Comprehensive Machine Learning Analysis,2024,10.21203/rs.3.rs-4399445/v1,,W4398182497,https://doi.org/10.21203/rs.3.rs-4399445/v1,openalex/openalex-api-20260731T204525+0700/page-007.raw,d5f108f7861acd6870332ef52c680948216663bbe1115312d1a285feb60b88a4,openalex-api-20260731T204525+0700,DQ-OPENALEX-01,VERIFIED_RAW_MANIFEST
OPENALEX:W4399129797,OPENALEX,W4399129797,Towards a machine-learning assisted non-invasive classification of dengue severity using wearable PPG data: a prospective clinical study,2024,10.1016/j.ebiom.2024.105164,38815363,W4399129797,https://doi.org/10.1016/j.ebiom.2024.105164,openalex/openalex-api-20260731T204525+0700/page-002.raw,a91f6c605ced04dfacef7bf6474726dbd67a67f11cd34608c4294b609b0cfbc7,openalex-api-20260731T204525+0700,DQ-OPENALEX-01,VERIFIED_RAW_MANIFEST
OPENALEX:W4399202856,OPENALEX,W4399202856,"Molecular characterization of a distinct ginger chemotype from Thua Thien Hue, Vietnam, and the application of PCR-based markers for identifying unknown ginger populations in the region using machine learning",2024,10.5586/aa/185311,,W4399202856,https://doi.org/10.5586/aa/185311,openalex/openalex-api-20260731T204525+0700/page-004.raw,135103e4498bc4d83cdec049b5b6ef4cc4f66250f5729b623abee25886418a16,openalex-api-20260731T204525+0700,DQ-OPENALEX-01,VERIFIED_RAW_MANIFEST
OPENALEX:W4399492816,OPENALEX,W4399492816,Mitigating machine learning bias between high income and low–middle income countries for enhanced model fairness and generalizability,2024,10.1038/s41598-024-64210-5,38858466,W4399492816,https://doi.org/10.1038/s41598-024-64210-5,openalex/openalex-api-20260731T204525+0700/page-001.raw,cc63bed157c8017baca9e3cf49611c2f7d5c2737b6915173aaf2ac7c966fbdba,openalex-api-20260731T204525+0700,DQ-OPENALEX-01,VERIFIED_RAW_MANIFEST
OPENALEX:W4400023013,OPENALEX,W4400023013,Real-time Speech Summarization for Medical Conversations,2024,10.48550/arxiv.2406.15888,,W4400023013,https://doi.org/10.48550/arxiv.2406.15888,openalex/openalex-api-20260731T204525+0700/page-010.raw,567d223c6daff1b7c3515e6c3c45bad21909518ff1d22f77271a97076d3ba2eb,openalex-api-20260731T204525+0700,DQ-OPENALEX-01,VERIFIED_RAW_MANIFEST
OPENALEX:W4400089170,OPENALEX,W4400089170,A Comparative assessment of ChatGPT vs. Google Translate for the translation of patient instructions,2024,10.21037/jmai-24-24,,W4400089170,https://doi.org/10.21037/jmai-24-24,openalex/openalex-api-20260731T204525+0700/page-005.raw,b1307c741cb653ca8122f1ae281aaf5935a342a4df7ea19b9676a23a68cb3764,openalex-api-20260731T204525+0700,DQ-OPENALEX-01,VERIFIED_RAW_MANIFEST
OPENALEX:W4400199015,OPENALEX,W4400199015,Applied Hedge Algebra Approach with Multilingual Large Language Models to Extract Hidden Rules in Datasets for Improvement of Generative AI Applications,2024,10.3390/info15070381,,W4400199015,https://doi.org/10.3390/info15070381,openalex/openalex-api-20260731T204525+0700/page-001.raw,cc63bed157c8017baca9e3cf49611c2f7d5c2737b6915173aaf2ac7c966fbdba,openalex-api-20260731T204525+0700,DQ-OPENALEX-01,VERIFIED_RAW_MANIFEST
OPENALEX:W4401306284,OPENALEX,W4401306284,Sentiment Reasoning for Healthcare,2024,10.48550/arxiv.2407.21054,,W4401306284,https://doi.org/10.48550/arxiv.2407.21054,openalex/openalex-api-20260731T204525+0700/page-003.raw,2ef15a7a70da1e0c1ba3a24c3396aa1a038516be2024a3f08936666427ce4457,openalex-api-20260731T204525+0700,DQ-OPENALEX-01,VERIFIED_RAW_MANIFEST
OPENALEX:W4401317771,OPENALEX,W4401317771,Guest editorial: Transnationalization of higher education: challenges and opportunities,2024,10.1108/aeds-06-2024-294,,W4401317771,https://doi.org/10.1108/aeds-06-2024-294,openalex/openalex-api-20260731T204525+0700/page-009.raw,d8052c422dfee1bcc043965b6c8f38ad8e3b0206af91d662e111aa0e69b78848,openalex-api-20260731T204525+0700,DQ-OPENALEX-01,VERIFIED_RAW_MANIFEST
OPENALEX:W4401717407,OPENALEX,W4401717407,A simple nomogram to predict dengue shock syndrome: A study of 4522 south east Asian children,2024,10.1002/jmv.29874,39165074,W4401717407,https://doi.org/10.1002/jmv.29874,openalex/openalex-api-20260731T204525+0700/page-007.raw,d5f108f7861acd6870332ef52c680948216663bbe1115312d1a285feb60b88a4,openalex-api-20260731T204525+0700,DQ-OPENALEX-01,VERIFIED_RAW_MANIFEST
OPENALEX:W4401780098,OPENALEX,W4401780098,Opening Dialogue,2024,10.1162/daed_a_02085,,W4401780098,https://doi.org/10.1162/daed_a_02085,openalex/openalex-api-20260731T204525+0700/page-010.raw,567d223c6daff1b7c3515e6c3c45bad21909518ff1d22f77271a97076d3ba2eb,openalex-api-20260731T204525+0700,DQ-OPENALEX-01,VERIFIED_RAW_MANIFEST
OPENALEX:W4401956163,OPENALEX,W4401956163,Identify characteristics of Vietnamese oral squamous cell carcinoma patients by machine learning on transcriptome and clinical-histopathological analysis,2024,10.1016/j.jds.2024.08.013,39807441,W4401956163,https://doi.org/10.1016/j.jds.2024.08.013,openalex/openalex-api-20260731T204525+0700/page-003.raw,2ef15a7a70da1e0c1ba3a24c3396aa1a038516be2024a3f08936666427ce4457,openalex-api-20260731T204525+0700,DQ-OPENALEX-01,VERIFIED_RAW_MANIFEST
OPENALEX:W4402526630,OPENALEX,W4402526630,"Effectiveness of artificial intelligence for diabetic retinopathy screening in community in Binh Dinh Province, Vietnam",2024,10.4103/tjo.tjo-d-23-00101,39430352,W4402526630,https://doi.org/10.4103/tjo.tjo-d-23-00101,openalex/openalex-api-20260731T204525+0700/page-002.raw,a91f6c605ced04dfacef7bf6474726dbd67a67f11cd34608c4294b609b0cfbc7,openalex-api-20260731T204525+0700,DQ-OPENALEX-01,VERIFIED_RAW_MANIFEST
OPENALEX:W4402676003,OPENALEX,W4402676003,"Factors associated with 90-day mortality in Vietnamese stroke patients: Prospective findings compared with explainable machine learning, multicenter study",2024,10.1371/journal.pone.0310522,39302916,W4402676003,https://doi.org/10.1371/journal.pone.0310522,openalex/openalex-api-20260731T204525+0700/page-001.raw,cc63bed157c8017baca9e3cf49611c2f7d5c2737b6915173aaf2ac7c966fbdba,openalex-api-20260731T204525+0700,DQ-OPENALEX-01,VERIFIED_RAW_MANIFEST
OPENALEX:W4402994963,OPENALEX,W4402994963,"Development of Machine Learning and Deep Learning Prediction Models for PM2.5 in Ho Chi Minh City, Vietnam",2024,10.3390/atmos15101163,,W4402994963,https://doi.org/10.3390/atmos15101163,openalex/openalex-api-20260731T204525+0700/page-002.raw,a91f6c605ced04dfacef7bf6474726dbd67a67f11cd34608c4294b609b0cfbc7,openalex-api-20260731T204525+0700,DQ-OPENALEX-01,VERIFIED_RAW_MANIFEST
OPENALEX:W4403001276,OPENALEX,W4403001276,Development and validation of machine learning-based predictive clinical decision support system for olanzapine in patients with schizophrenia,2024,10.29090/psa.2024.04.24.ap0713,,W4403001276,https://doi.org/10.29090/psa.2024.04.24.ap0713,openalex/openalex-api-20260731T204525+0700/page-004.raw,135103e4498bc4d83cdec049b5b6ef4cc4f66250f5729b623abee25886418a16,openalex-api-20260731T204525+0700,DQ-OPENALEX-01,VERIFIED_RAW_MANIFEST
OPENALEX:W4403543638,OPENALEX,W4403543638,Urology,2024,10.1097/xcs.0000000000001182,,W4403543638,https://doi.org/10.1097/xcs.0000000000001182,openalex/openalex-api-20260731T204525+0700/page-013.raw,1e79e9ecb8063e55faa657fa937037c99544712e501b32e59db78d1fdbd1c007,openalex-api-20260731T204525+0700,DQ-OPENALEX-01,VERIFIED_RAW_MANIFEST
OPENALEX:W4403740419,OPENALEX,W4403740419,The i-CanManage program to improve exercise and symptom management for Vietnamese women after cancer: A pilot randomized controlled trial protocol,2024,10.1177/20552076241293974,,W4403740419,https://doi.org/10.1177/20552076241293974,openalex/openalex-api-20260731T204525+0700/page-010.raw,567d223c6daff1b7c3515e6c3c45bad21909518ff1d22f77271a97076d3ba2eb,openalex-api-20260731T204525+0700,DQ-OPENALEX-01,VERIFIED_RAW_MANIFEST
OPENALEX:W4404049520,OPENALEX,W4404049520,Editors’ Selections from Relevant Scientific Publications,2024,10.1158/1940-6207.capr-17-11-hfl,39492621,W4404049520,https://doi.org/10.1158/1940-6207.capr-17-11-hfl,openalex/openalex-api-20260731T204525+0700/page-012.raw,af3ef30cc2217b5ba58dac8570cde2ed08fb515afd513bc5bab42ae127e8c0f5,openalex-api-20260731T204525+0700,DQ-OPENALEX-01,VERIFIED_RAW_MANIFEST
OPENALEX:W4404160554,OPENALEX,W4404160554,A Comparative Analysis of Machine Learning Algorithms to Predict Dengue Shock Syndrome,2024,10.1007/978-981-97-9793-6_19,,W4404160554,https://doi.org/10.1007/978-981-97-9793-6_19,openalex/openalex-api-20260731T204525+0700/page-009.raw,d8052c422dfee1bcc043965b6c8f38ad8e3b0206af91d662e111aa0e69b78848,openalex-api-20260731T204525+0700,DQ-OPENALEX-01,VERIFIED_RAW_MANIFEST
OPENALEX:W4404613884,OPENALEX,W4404613884,Identification of the risk of osteoporosis in older Vietnamese women using artificial intelligence and machine learning,2024,10.1016/b978-0-443-32892-3.00005-1,,W4404613884,https://doi.org/10.1016/b978-0-443-32892-3.00005-1,openalex/openalex-api-20260731T204525+0700/page-005.raw,b1307c741cb653ca8122f1ae281aaf5935a342a4df7ea19b9676a23a68cb3764,openalex-api-20260731T204525+0700,DQ-OPENALEX-01,VERIFIED_RAW_MANIFEST
OPENALEX:W4404866984,OPENALEX,W4404866984,Risk Assessment Models for the Health Insurance Sector,2024,10.1108/978-1-83608-582-920241032,,W4404866984,https://doi.org/10.1108/978-1-83608-582-920241032,openalex/openalex-api-20260731T204525+0700/page-006.raw,22cea224c5a15feddd5217fbd37475e1b5b0c5ebd1ba85d68136d15efcf608ea,openalex-api-20260731T204525+0700,DQ-OPENALEX-01,VERIFIED_RAW_MANIFEST
OPENALEX:W4405104656,OPENALEX,W4405104656,A machine learning-based risk score for prediction of mechanical ventilation in children with dengue shock syndrome: A retrospective cohort study,2024,10.1371/journal.pone.0315281,39642139,W4405104656,https://doi.org/10.1371/journal.pone.0315281,openalex/openalex-api-20260731T204525+0700/page-002.raw,a91f6c605ced04dfacef7bf6474726dbd67a67f11cd34608c4294b609b0cfbc7,openalex-api-20260731T204525+0700,DQ-OPENALEX-01,VERIFIED_RAW_MANIFEST
OPENALEX:W4405214383,OPENALEX,W4405214383,Prediction of building subsidence in Vietnam using machine learning techniques based on leveling results,2024,10.3846/gac.2024.20237,,W4405214383,https://doi.org/10.3846/gac.2024.20237,openalex/openalex-api-20260731T204525+0700/page-007.raw,d5f108f7861acd6870332ef52c680948216663bbe1115312d1a285feb60b88a4,openalex-api-20260731T204525+0700,DQ-OPENALEX-01,VERIFIED_RAW_MANIFEST
OPENALEX:W4405692007,OPENALEX,W4405692007,Mapping of high-resolution daily particulate matter (PM2.5) concentration at the city level through a machine learning-based downscaling approach,2024,10.1007/s10661-024-13562-6,39714636,W4405692007,https://doi.org/10.1007/s10661-024-13562-6,openalex/openalex-api-20260731T204525+0700/page-004.raw,135103e4498bc4d83cdec049b5b6ef4cc4f66250f5729b623abee25886418a16,openalex-api-20260731T204525+0700,DQ-OPENALEX-01,VERIFIED_RAW_MANIFEST
OPENALEX:W4405765146,OPENALEX,W4405765146,Application of artificial intelligence in gastrointestinal endoscopy in Vietnam: a narrative review,2024,10.1177/26317745241306562,39734422,W4405765146,https://doi.org/10.1177/26317745241306562,openalex/openalex-api-20260731T204525+0700/page-002.raw,a91f6c605ced04dfacef7bf6474726dbd67a67f11cd34608c4294b609b0cfbc7,openalex-api-20260731T204525+0700,DQ-OPENALEX-01,VERIFIED_RAW_MANIFEST
OPENALEX:W4405977942,OPENALEX,W4405977942,Enhancing English Language Acquisition through ChatGPT: Use of Technology Acceptance Model in Linguistics,2024,10.54692/jelle.2024.0604262,,W4405977942,https://doi.org/10.54692/jelle.2024.0604262,openalex/openalex-api-20260731T204525+0700/page-009.raw,d8052c422dfee1bcc043965b6c8f38ad8e3b0206af91d662e111aa0e69b78848,openalex-api-20260731T204525+0700,DQ-OPENALEX-01,VERIFIED_RAW_MANIFEST
OPENALEX:W4406360845,OPENALEX,W4406360845,"Climate-Driven Dynamics of Infectious Diseases: Machine Learning-Based Predictive Modeling in Ba Ria-Vung Tau, Vietnam",2025,10.2139/ssrn.5095162,,W4406360845,https://doi.org/10.2139/ssrn.5095162,openalex/openalex-api-20260731T204525+0700/page-004.raw,135103e4498bc4d83cdec049b5b6ef4cc4f66250f5729b623abee25886418a16,openalex-api-20260731T204525+0700,DQ-OPENALEX-01,VERIFIED_RAW_MANIFEST
OPENALEX:W4406720993,OPENALEX,W4406720993,Insights on the current and future state of AI adoption within health systems in Southeast Asia: A qualitative study (Preprint),2025,10.2196/preprints.71591,,W4406720993,https://doi.org/10.2196/preprints.71591,openalex/openalex-api-20260731T204525+0700/page-011.raw,027e305e0bb0f739e118626245e1f599cd7447df911aae82e49a72d8be3623cc,openalex-api-20260731T204525+0700,DQ-OPENALEX-01,VERIFIED_RAW_MANIFEST
OPENALEX:W4406814715,OPENALEX,W4406814715,Editorial: “Redefining impact: digital libraries and their communities”,2025,10.1108/dlp-02-2025-153,,W4406814715,https://doi.org/10.1108/dlp-02-2025-153,openalex/openalex-api-20260731T204525+0700/page-014.raw,25d78a8ffa8b11a4be6dd8b38ee00991b6902b208810f51f0ca606d3f29d72fe,openalex-api-20260731T204525+0700,DQ-OPENALEX-01,VERIFIED_RAW_MANIFEST
OPENALEX:W4407008122,OPENALEX,W4407008122,Navigating ASEAN region Artificial Intelligence (AI) governance readiness in healthcare,2025,10.1016/j.hlpt.2025.100981,,W4407008122,https://doi.org/10.1016/j.hlpt.2025.100981,openalex/openalex-api-20260731T204525+0700/page-001.raw,cc63bed157c8017baca9e3cf49611c2f7d5c2737b6915173aaf2ac7c966fbdba,openalex-api-20260731T204525+0700,DQ-OPENALEX-01,VERIFIED_RAW_MANIFEST
OPENALEX:W4407095344,OPENALEX,W4407095344,"Generative AI chatbots for reliable cancer information: Evaluating web-search, multilingual, and reference capabilities of emerging large language models",2025,10.1016/j.ejca.2025.115274,39922126,W4407095344,https://doi.org/10.1016/j.ejca.2025.115274,openalex/openalex-api-20260731T204525+0700/page-001.raw,cc63bed157c8017baca9e3cf49611c2f7d5c2737b6915173aaf2ac7c966fbdba,openalex-api-20260731T204525+0700,DQ-OPENALEX-01,VERIFIED_RAW_MANIFEST
OPENALEX:W4407393353,OPENALEX,W4407393353,Fine-tuning large language models for improved health communication in low-resource languages,2025,10.1016/j.cmpb.2025.108655,39987667,W4407393353,https://doi.org/10.1016/j.cmpb.2025.108655,openalex/openalex-api-20260731T204525+0700/page-001.raw,cc63bed157c8017baca9e3cf49611c2f7d5c2737b6915173aaf2ac7c966fbdba,openalex-api-20260731T204525+0700,DQ-OPENALEX-01,VERIFIED_RAW_MANIFEST
OPENALEX:W4407554714,OPENALEX,W4407554714,Editorial: Tick-borne Bunyaviruses: an emerging public health threat,2025,10.3389/fmicb.2025.1564335,40018677,W4407554714,https://doi.org/10.3389/fmicb.2025.1564335,openalex/openalex-api-20260731T204525+0700/page-011.raw,027e305e0bb0f739e118626245e1f599cd7447df911aae82e49a72d8be3623cc,openalex-api-20260731T204525+0700,DQ-OPENALEX-01,VERIFIED_RAW_MANIFEST
OPENALEX:W4408211375,OPENALEX,W4408211375,Machine learning-based models for prediction of in-hospital mortality in patients with dengue shock syndrome,2025,10.5662/wjm.v15.i3.101837,40881211,W4408211375,https://doi.org/10.5662/wjm.v15.i3.101837,openalex/openalex-api-20260731T204525+0700/page-003.raw,2ef15a7a70da1e0c1ba3a24c3396aa1a038516be2024a3f08936666427ce4457,openalex-api-20260731T204525+0700,DQ-OPENALEX-01,VERIFIED_RAW_MANIFEST
OPENALEX:W4408332091,OPENALEX,W4408332091,Assessing flood susceptibility in Hanoi using machine learning and remote sensing: implications for urban health and resilience,2025,10.1007/s11069-025-07211-5,,W4408332091,https://doi.org/10.1007/s11069-025-07211-5,openalex/openalex-api-20260731T204525+0700/page-002.raw,a91f6c605ced04dfacef7bf6474726dbd67a67f11cd34608c4294b609b0cfbc7,openalex-api-20260731T204525+0700,DQ-OPENALEX-01,VERIFIED_RAW_MANIFEST
OPENALEX:W4408427454,OPENALEX,W4408427454,Circulating lncRNAs as biomarkers for severe dengue using a machine learning approach,2025,10.1016/j.jinf.2025.106471,40090592,W4408427454,https://doi.org/10.1016/j.jinf.2025.106471,openalex/openalex-api-20260731T204525+0700/page-003.raw,2ef15a7a70da1e0c1ba3a24c3396aa1a038516be2024a3f08936666427ce4457,openalex-api-20260731T204525+0700,DQ-OPENALEX-01,VERIFIED_RAW_MANIFEST
OPENALEX:W4408807516,OPENALEX,W4408807516,Editorial: Bridging tradition and innovation: from maintaining masonry bridges to using AI for better understanding bridge behaviour,2025,10.1680/jbren.2025.178.2.95,,W4408807516,https://doi.org/10.1680/jbren.2025.178.2.95,openalex/openalex-api-20260731T204525+0700/page-013.raw,1e79e9ecb8063e55faa657fa937037c99544712e501b32e59db78d1fdbd1c007,openalex-api-20260731T204525+0700,DQ-OPENALEX-01,VERIFIED_RAW_MANIFEST
OPENALEX:W4409209905,OPENALEX,W4409209905,Machine Learning Nomogram for Predicting Dengue Shock Syndrome in Pediatric Patients With Dengue Fever in Vietnam,2025,10.7759/cureus.81819,40337565,W4409209905,https://doi.org/10.7759/cureus.81819,openalex/openalex-api-20260731T204525+0700/page-003.raw,2ef15a7a70da1e0c1ba3a24c3396aa1a038516be2024a3f08936666427ce4457,openalex-api-20260731T204525+0700,DQ-OPENALEX-01,VERIFIED_RAW_MANIFEST
OPENALEX:W4409352764,OPENALEX,W4409352764,Optimizing machine learning models for enhanced forest fire susceptibility mapping in Gia Lai province,2024,10.46326/jmes.2025.66(2).02,,W4409352764,https://doi.org/10.46326/jmes.2025.66(2).02,openalex/openalex-api-20260731T204525+0700/page-009.raw,d8052c422dfee1bcc043965b6c8f38ad8e3b0206af91d662e111aa0e69b78848,openalex-api-20260731T204525+0700,DQ-OPENALEX-01,VERIFIED_RAW_MANIFEST
OPENALEX:W4409402820,OPENALEX,W4409402820,Data privacy laws in Central Asia: between ex-SSR and ‘Belt &amp; Road’,2025,10.1093/idpl/ipaf001,,W4409402820,https://doi.org/10.1093/idpl/ipaf001,openalex/openalex-api-20260731T204525+0700/page-003.raw,2ef15a7a70da1e0c1ba3a24c3396aa1a038516be2024a3f08936666427ce4457,openalex-api-20260731T204525+0700,DQ-OPENALEX-01,VERIFIED_RAW_MANIFEST
OPENALEX:W4409451065,OPENALEX,W4409451065,Artificial intelligence utilization in cancer screening program across ASEAN: a scoping review,2025,10.1186/s12885-025-14026-x,40234807,W4409451065,https://doi.org/10.1186/s12885-025-14026-x,openalex/openalex-api-20260731T204525+0700/page-002.raw,a91f6c605ced04dfacef7bf6474726dbd67a67f11cd34608c4294b609b0cfbc7,openalex-api-20260731T204525+0700,DQ-OPENALEX-01,VERIFIED_RAW_MANIFEST
OPENALEX:W4409804271,OPENALEX,W4409804271,Dynamic weighting and genetic algorithm-based hybrid SVR-Ridge model for improving PM <sub>2.5</sub> forecasting in open-pit copper mines,2025,10.1080/17480930.2025.2492086,,W4409804271,https://doi.org/10.1080/17480930.2025.2492086,openalex/openalex-api-20260731T204525+0700/page-009.raw,d8052c422dfee1bcc043965b6c8f38ad8e3b0206af91d662e111aa0e69b78848,openalex-api-20260731T204525+0700,DQ-OPENALEX-01,VERIFIED_RAW_MANIFEST
OPENALEX:W4409928699,OPENALEX,W4409928699,"DEVELOPMENT OF AN INTEGRATED NURSING COMPETENCY FRAMEWORK: SYNTHESIZING VIETNAM’S NATIONAL STANDARDS, COMPETENCY MODELS, AND ASSESSMENT INSTRUMENTS",2025,10.51298/vmj.v550i1.13913,,W4409928699,https://doi.org/10.51298/vmj.v550i1.13913,openalex/openalex-api-20260731T204525+0700/page-008.raw,3a2168dca2cf70e3bea241429f2263fc3ad7b52cb24c11719ee3baeda6f337e9,openalex-api-20260731T204525+0700,DQ-OPENALEX-01,VERIFIED_RAW_MANIFEST
OPENALEX:W4410143500,OPENALEX,W4410143500,"Estimating forest above ground biomass in Dak Lak Province, Vietnam",2025,10.13057/asianjfor/r090112,,W4410143500,https://doi.org/10.13057/asianjfor/r090112,openalex/openalex-api-20260731T204525+0700/page-010.raw,567d223c6daff1b7c3515e6c3c45bad21909518ff1d22f77271a97076d3ba2eb,openalex-api-20260731T204525+0700,DQ-OPENALEX-01,VERIFIED_RAW_MANIFEST
OPENALEX:W4410250380,OPENALEX,W4410250380,Forecasting HIV Treatment loss of follow up rate Using Deep Learning and Survival Analysis in Ho Chi Minh City,2025,10.51403/0868-2836/2024/2142,,W4410250380,https://doi.org/10.51403/0868-2836/2024/2142,openalex/openalex-api-20260731T204525+0700/page-013.raw,1e79e9ecb8063e55faa657fa937037c99544712e501b32e59db78d1fdbd1c007,openalex-api-20260731T204525+0700,DQ-OPENALEX-01,VERIFIED_RAW_MANIFEST
OPENALEX:W4410252116,OPENALEX,W4410252116,Insights Into the Current and Future State of AI Adoption Within Health Systems in Southeast Asia: Cross-Sectional Qualitative Study,2025,10.2196/71591,40523280,W4410252116,https://doi.org/10.2196/71591,openalex/openalex-api-20260731T204525+0700/page-003.raw,2ef15a7a70da1e0c1ba3a24c3396aa1a038516be2024a3f08936666427ce4457,openalex-api-20260731T204525+0700,DQ-OPENALEX-01,VERIFIED_RAW_MANIFEST
OPENALEX:W4410272205,OPENALEX,W4410272205,Artificial Intelligence-assisted Translation and Interpretation for Communication With Patients Who Have Language Barriers: A Systematic Review,2025,10.1164/ajrccm.2025.211.abstracts.a3643,,W4410272205,https://doi.org/10.1164/ajrccm.2025.211.abstracts.a3643,openalex/openalex-api-20260731T204525+0700/page-004.raw,135103e4498bc4d83cdec049b5b6ef4cc4f66250f5729b623abee25886418a16,openalex-api-20260731T204525+0700,DQ-OPENALEX-01,VERIFIED_RAW_MANIFEST
OPENALEX:W4410280727,OPENALEX,W4410280727,Leveraging AI and Transfer Learning to Enhance Outcome Prediction for Out-of-Hospital Cardiac Arrest in Diverse Settings: Insights from the Pan-Asian Resuscitation Outcomes Study,2025,10.1101/2025.05.11.25327388,,W4410280727,https://doi.org/10.1101/2025.05.11.25327388,openalex/openalex-api-20260731T204525+0700/page-009.raw,d8052c422dfee1bcc043965b6c8f38ad8e3b0206af91d662e111aa0e69b78848,openalex-api-20260731T204525+0700,DQ-OPENALEX-01,VERIFIED_RAW_MANIFEST
OPENALEX:W4410459385,OPENALEX,W4410459385,The Impact Of Digital Diplomacy On International Politics In The Early Decades Of The 21st Century And Its Implications For Vietnam,2025,10.56734/ijahss.v6n5a6,,W4410459385,https://doi.org/10.56734/ijahss.v6n5a6,openalex/openalex-api-20260731T204525+0700/page-010.raw,567d223c6daff1b7c3515e6c3c45bad21909518ff1d22f77271a97076d3ba2eb,openalex-api-20260731T204525+0700,DQ-OPENALEX-01,VERIFIED_RAW_MANIFEST
OPENALEX:W4410481295,OPENALEX,W4410481295,Employment Opportunities Created By Artificial Intelligence (Ai),2025,10.35629/5252-0704757761,,W4410481295,https://doi.org/10.35629/5252-0704757761,openalex/openalex-api-20260731T204525+0700/page-007.raw,d5f108f7861acd6870332ef52c680948216663bbe1115312d1a285feb60b88a4,openalex-api-20260731T204525+0700,DQ-OPENALEX-01,VERIFIED_RAW_MANIFEST
OPENALEX:W4410527718,OPENALEX,W4410527718,"ChatGPT Usage for Academic Purposes and Influencing Factors Among Students at Hanoi Medical University, Vietnam",2025,10.33846/hd20502,,W4410527718,https://doi.org/10.33846/hd20502,openalex/openalex-api-20260731T204525+0700/page-008.raw,3a2168dca2cf70e3bea241429f2263fc3ad7b52cb24c11719ee3baeda6f337e9,openalex-api-20260731T204525+0700,DQ-OPENALEX-01,VERIFIED_RAW_MANIFEST
OPENALEX:W4410591650,OPENALEX,W4410591650,"Mapping Cadmium Contamination Potential in Surface Soil for Civil Engineering Applications: A Comparative Study of Machine Learning and Deep Learning Models in the Gianh River Basin, Vietnam",2025,10.58845/jstt.utt.2025.en.5.2.48-70,,W4410591650,https://doi.org/10.58845/jstt.utt.2025.en.5.2.48-70,openalex/openalex-api-20260731T204525+0700/page-004.raw,135103e4498bc4d83cdec049b5b6ef4cc4f66250f5729b623abee25886418a16,openalex-api-20260731T204525+0700,DQ-OPENALEX-01,VERIFIED_RAW_MANIFEST
OPENALEX:W4410608473,OPENALEX,W4410608473,Editorial: ICYMARE – early career researchers in marine science,2025,10.3389/fmars.2025.1618554,,W4410608473,https://doi.org/10.3389/fmars.2025.1618554,openalex/openalex-api-20260731T204525+0700/page-014.raw,25d78a8ffa8b11a4be6dd8b38ee00991b6902b208810f51f0ca606d3f29d72fe,openalex-api-20260731T204525+0700,DQ-OPENALEX-01,VERIFIED_RAW_MANIFEST
OPENALEX:W4411042308,OPENALEX,W4411042308,Towards ADHD Identification in Children Through Eye Tracker Data Analysis,2025,10.1007/978-3-031-90194-2_22,,W4411042308,https://doi.org/10.1007/978-3-031-90194-2_22,openalex/openalex-api-20260731T204525+0700/page-013.raw,1e79e9ecb8063e55faa657fa937037c99544712e501b32e59db78d1fdbd1c007,openalex-api-20260731T204525+0700,DQ-OPENALEX-01,VERIFIED_RAW_MANIFEST
OPENALEX:W4411080095,OPENALEX,W4411080095,STEMI-OP in-hospital mortality prediction algorithms: Frailty-integrated machine learning in older patients undergoing primary PCI,2025,10.1038/s41514-025-00238-9,40480990,W4411080095,https://doi.org/10.1038/s41514-025-00238-9,openalex/openalex-api-20260731T204525+0700/page-002.raw,a91f6c605ced04dfacef7bf6474726dbd67a67f11cd34608c4294b609b0cfbc7,openalex-api-20260731T204525+0700,DQ-OPENALEX-01,VERIFIED_RAW_MANIFEST
OPENALEX:W4411389127,OPENALEX,W4411389127,UET175: EEG dataset of motor imagery tasks in Vietnamese stroke patients,2025,10.3389/fnins.2025.1580931,40600191,W4411389127,https://doi.org/10.3389/fnins.2025.1580931,openalex/openalex-api-20260731T204525+0700/page-009.raw,d8052c422dfee1bcc043965b6c8f38ad8e3b0206af91d662e111aa0e69b78848,openalex-api-20260731T204525+0700,DQ-OPENALEX-01,VERIFIED_RAW_MANIFEST
OPENALEX:W4411744051,OPENALEX,W4411744051,P-080 Machine Learning with Synthetic Minority Over-Sampling Technique for Predicting Sperm Retrieval in Azoospermia Micro-TESE,2025,10.1093/humrep/deaf097.389,,W4411744051,https://doi.org/10.1093/humrep/deaf097.389,openalex/openalex-api-20260731T204525+0700/page-005.raw,b1307c741cb653ca8122f1ae281aaf5935a342a4df7ea19b9676a23a68cb3764,openalex-api-20260731T204525+0700,DQ-OPENALEX-01,VERIFIED_RAW_MANIFEST
OPENALEX:W4412028105,OPENALEX,W4412028105,BỆNH VIỆN THỐNG NHẤT – HÀNH TRÌNH PHÁT TRIỂN VÀ ĐỊNH HƯỚNG TRỞ THÀNH TRUNG TÂM LÃO KHOA KỸ THUẬT CAO HÀNG ĐẦU VIỆT NAM,2025,10.63947/bvtn.v1i1.1,,W4412028105,https://doi.org/10.63947/bvtn.v1i1.1,openalex/openalex-api-20260731T204525+0700/page-011.raw,027e305e0bb0f739e118626245e1f599cd7447df911aae82e49a72d8be3623cc,openalex-api-20260731T204525+0700,DQ-OPENALEX-01,VERIFIED_RAW_MANIFEST
OPENALEX:W4412117279,OPENALEX,W4412117279,Perspectives on year 1 of <i>Alzheimer's &amp; Dementia: Behavior and Socioeconomics of Aging (BSEA)</i>,2025,10.1002/bsa3.70026,,W4412117279,https://doi.org/10.1002/bsa3.70026,openalex/openalex-api-20260731T204525+0700/page-013.raw,1e79e9ecb8063e55faa657fa937037c99544712e501b32e59db78d1fdbd1c007,openalex-api-20260731T204525+0700,DQ-OPENALEX-01,VERIFIED_RAW_MANIFEST
OPENALEX:W4412373819,OPENALEX,W4412373819,"Artificial intelligence ethics in authoritarian Vietnam: governance, trust, and societal tensions",2025,10.1080/25741292.2025.2529625,,W4412373819,https://doi.org/10.1080/25741292.2025.2529625,openalex/openalex-api-20260731T204525+0700/page-001.raw,cc63bed157c8017baca9e3cf49611c2f7d5c2737b6915173aaf2ac7c966fbdba,openalex-api-20260731T204525+0700,DQ-OPENALEX-01,VERIFIED_RAW_MANIFEST
OPENALEX:W4412472540,OPENALEX,W4412472540,Prediction of corroded reinforced concrete beam deflection using a metaheuristic optimized least squares support vector regression,2025,10.24200/sci.2025.65252.9382,,W4412472540,https://doi.org/10.24200/sci.2025.65252.9382,openalex/openalex-api-20260731T204525+0700/page-013.raw,1e79e9ecb8063e55faa657fa937037c99544712e501b32e59db78d1fdbd1c007,openalex-api-20260731T204525+0700,DQ-OPENALEX-01,VERIFIED_RAW_MANIFEST
OPENALEX:W4412649646,OPENALEX,W4412649646,A Systematic Framework for Investigating Algorithmic Bias as a Social Determinant of Health in Low- and Middle-Income Countries: A Research Protocol,2025,10.20944/preprints202507.1698.v1,,W4412649646,https://doi.org/10.20944/preprints202507.1698.v1,openalex/openalex-api-20260731T204525+0700/page-007.raw,d5f108f7861acd6870332ef52c680948216663bbe1115312d1a285feb60b88a4,openalex-api-20260731T204525+0700,DQ-OPENALEX-01,VERIFIED_RAW_MANIFEST
OPENALEX:W4412684559,OPENALEX,W4412684559,"Ecological epidemiology insights into clonorchiosis endemicity in Guangxi, China and Vietnam: a comprehensive machine learning analysis",2025,10.1186/s12942-025-00404-y,40721799,W4412684559,https://doi.org/10.1186/s12942-025-00404-y,openalex/openalex-api-20260731T204525+0700/page-003.raw,2ef15a7a70da1e0c1ba3a24c3396aa1a038516be2024a3f08936666427ce4457,openalex-api-20260731T204525+0700,DQ-OPENALEX-01,VERIFIED_RAW_MANIFEST
OPENALEX:W4412710977,OPENALEX,W4412710977,Estimating Pm2.5 Concentration in Ho Chi Minh City Using Sentinel-5p and Machine Learning on Google Earth Engine (Gee),2025,10.2139/ssrn.5370967,,W4412710977,https://doi.org/10.2139/ssrn.5370967,openalex/openalex-api-20260731T204525+0700/page-010.raw,567d223c6daff1b7c3515e6c3c45bad21909518ff1d22f77271a97076d3ba2eb,openalex-api-20260731T204525+0700,DQ-OPENALEX-01,VERIFIED_RAW_MANIFEST
OPENALEX:W4412923159,OPENALEX,W4412923159,Social Pharmacy,2025,10.1007/978-981-97-0821-5_121-1,,W4412923159,https://doi.org/10.1007/978-981-97-0821-5_121-1,openalex/openalex-api-20260731T204525+0700/page-006.raw,22cea224c5a15feddd5217fbd37475e1b5b0c5ebd1ba85d68136d15efcf608ea,openalex-api-20260731T204525+0700,DQ-OPENALEX-01,VERIFIED_RAW_MANIFEST
OPENALEX:W4412932118,OPENALEX,W4412932118,The Nexus Between Green Finance and Artificial Intelligence: A Systemic Bibliometric Analysis Based on Web of Science Database,2025,10.3390/jrfm18080420,,W4412932118,https://doi.org/10.3390/jrfm18080420,openalex/openalex-api-20260731T204525+0700/page-003.raw,2ef15a7a70da1e0c1ba3a24c3396aa1a038516be2024a3f08936666427ce4457,openalex-api-20260731T204525+0700,DQ-OPENALEX-01,VERIFIED_RAW_MANIFEST
OPENALEX:W4413009419,OPENALEX,W4413009419,Developing an AI-Enhanced Individualized Prediction Tool for Psychopathological Symptoms in Vietnam: A Study Protocol,2025,10.1101/2025.08.03.25332928,,W4413009419,https://doi.org/10.1101/2025.08.03.25332928,openalex/openalex-api-20260731T204525+0700/page-009.raw,d8052c422dfee1bcc043965b6c8f38ad8e3b0206af91d662e111aa0e69b78848,openalex-api-20260731T204525+0700,DQ-OPENALEX-01,VERIFIED_RAW_MANIFEST
OPENALEX:W4413050530,OPENALEX,W4413050530,Transfer Learning Enhances Neurological Outcome Prediction for Out-of-Hospital Cardiac Arrest: Validation Across Diverse Geographic Contexts,2025,10.3233/shti251300,40776317,W4413050530,https://doi.org/10.3233/shti251300,openalex/openalex-api-20260731T204525+0700/page-009.raw,d8052c422dfee1bcc043965b6c8f38ad8e3b0206af91d662e111aa0e69b78848,openalex-api-20260731T204525+0700,DQ-OPENALEX-01,VERIFIED_RAW_MANIFEST
OPENALEX:W4413123648,OPENALEX,W4413123648,Moderating the AI Revolution: Perceived threat and generative AI implementation in Vietnamese hospitals,2025,10.1016/j.chbr.2025.100774,,W4413123648,https://doi.org/10.1016/j.chbr.2025.100774,openalex/openalex-api-20260731T204525+0700/page-001.raw,cc63bed157c8017baca9e3cf49611c2f7d5c2737b6915173aaf2ac7c966fbdba,openalex-api-20260731T204525+0700,DQ-OPENALEX-01,VERIFIED_RAW_MANIFEST
OPENALEX:W4413204152,OPENALEX,W4413204152,Development of Effective Malnutrition Level Detection Models,2025,10.1109/bmeicon66226.2025.11113717,,W4413204152,https://doi.org/10.1109/bmeicon66226.2025.11113717,openalex/openalex-api-20260731T204525+0700/page-011.raw,027e305e0bb0f739e118626245e1f599cd7447df911aae82e49a72d8be3623cc,openalex-api-20260731T204525+0700,DQ-OPENALEX-01,VERIFIED_RAW_MANIFEST
OPENALEX:W4413217080,OPENALEX,W4413217080,Application of Artificial Intelligence in Healthcare in Vietnam: A Scoping Review of Current Status and Future Research Directions,2025,10.25073/2588-1132/vnumps.4799,,W4413217080,https://doi.org/10.25073/2588-1132/vnumps.4799,openalex/openalex-api-20260731T204525+0700/page-003.raw,2ef15a7a70da1e0c1ba3a24c3396aa1a038516be2024a3f08936666427ce4457,openalex-api-20260731T204525+0700,DQ-OPENALEX-01,VERIFIED_RAW_MANIFEST
OPENALEX:W4413232052,OPENALEX,W4413232052,Karasteristik Sistem Pelayanan Angkutan Perkotaan Di Kota Makassar,2025,10.35965/jups.v5i3.633,,W4413232052,https://doi.org/10.35965/jups.v5i3.633,openalex/openalex-api-20260731T204525+0700/page-013.raw,1e79e9ecb8063e55faa657fa937037c99544712e501b32e59db78d1fdbd1c007,openalex-api-20260731T204525+0700,DQ-OPENALEX-01,VERIFIED_RAW_MANIFEST
OPENALEX:W4413740197,OPENALEX,W4413740197,Curious but Unprepared: Healthcare Students’ Perspectives on AI and Robotics in Care and the Need for Curriculum Reform,2025,10.3390/ime4030030,,W4413740197,https://doi.org/10.3390/ime4030030,openalex/openalex-api-20260731T204525+0700/page-004.raw,135103e4498bc4d83cdec049b5b6ef4cc4f66250f5729b623abee25886418a16,openalex-api-20260731T204525+0700,DQ-OPENALEX-01,VERIFIED_RAW_MANIFEST
OPENALEX:W4413786197,OPENALEX,W4413786197,Fighter Pilot Meets Match With Lymphoma &amp; CAR T-Cell Therapy Battles Back,2025,10.1097/01.cot.0000000000000164,,W4413786197,https://doi.org/10.1097/01.cot.0000000000000164,openalex/openalex-api-20260731T204525+0700/page-014.raw,25d78a8ffa8b11a4be6dd8b38ee00991b6902b208810f51f0ca606d3f29d72fe,openalex-api-20260731T204525+0700,DQ-OPENALEX-01,VERIFIED_RAW_MANIFEST
OPENALEX:W4413803626,OPENALEX,W4413803626,Editorial: Accelerating to 2030 - doubling down on HIV prevention to end HIV/AIDS as a public health threat,2025,10.3389/frph.2025.1670024,40950653,W4413803626,https://doi.org/10.3389/frph.2025.1670024,openalex/openalex-api-20260731T204525+0700/page-011.raw,027e305e0bb0f739e118626245e1f599cd7447df911aae82e49a72d8be3623cc,openalex-api-20260731T204525+0700,DQ-OPENALEX-01,VERIFIED_RAW_MANIFEST
OPENALEX:W4413823528,OPENALEX,W4413823528,Ovarian Malignance Risk Prediction from Medical Notes: a case study in Vietnam,2025,10.1109/mapr67746.2025.11133955,,W4413823528,https://doi.org/10.1109/mapr67746.2025.11133955,openalex/openalex-api-20260731T204525+0700/page-006.raw,22cea224c5a15feddd5217fbd37475e1b5b0c5ebd1ba85d68136d15efcf608ea,openalex-api-20260731T204525+0700,DQ-OPENALEX-01,VERIFIED_RAW_MANIFEST
OPENALEX:W4414042787,OPENALEX,W4414042787,Sustainable Development of Physical Education in Vietnam: Digital Transformation from 2020 to 2025 and vision to 2030,2025,10.61586/qwc38,,W4414042787,https://doi.org/10.61586/qwc38,openalex/openalex-api-20260731T204525+0700/page-010.raw,567d223c6daff1b7c3515e6c3c45bad21909518ff1d22f77271a97076d3ba2eb,openalex-api-20260731T204525+0700,DQ-OPENALEX-01,VERIFIED_RAW_MANIFEST
OPENALEX:W4414280387,OPENALEX,W4414280387,Accuracy of Artificial Intelligence vs Professionally Translated Discharge Instructions,2025,10.1001/jamanetworkopen.2025.32312,40960827,W4414280387,https://doi.org/10.1001/jamanetworkopen.2025.32312,openalex/openalex-api-20260731T204525+0700/page-002.raw,a91f6c605ced04dfacef7bf6474726dbd67a67f11cd34608c4294b609b0cfbc7,openalex-api-20260731T204525+0700,DQ-OPENALEX-01,VERIFIED_RAW_MANIFEST
OPENALEX:W4414342758,OPENALEX,W4414342758,ADVANCING SUSTAINABLE AGRICULTURE IN VIETNAM THROUGH BIOTECHNOLOGY AND ARTIFICIAL INTELLIGENCE,2025,10.62985/j.huit_ojs.vol25.nos2_ica.214,,W4414342758,https://doi.org/10.62985/j.huit_ojs.vol25.nos2_ica.214,openalex/openalex-api-20260731T204525+0700/page-006.raw,22cea224c5a15feddd5217fbd37475e1b5b0c5ebd1ba85d68136d15efcf608ea,openalex-api-20260731T204525+0700,DQ-OPENALEX-01,VERIFIED_RAW_MANIFEST
OPENALEX:W4414368625,OPENALEX,W4414368625,Accelerating Cough-Based Algorithms for Pulmonary Tuberculosis Screening: Results From the CODA TB DREAM Challenge,2025,10.1093/ofid/ofaf572,41064697,W4414368625,https://doi.org/10.1093/ofid/ofaf572,openalex/openalex-api-20260731T204525+0700/page-009.raw,d8052c422dfee1bcc043965b6c8f38ad8e3b0206af91d662e111aa0e69b78848,openalex-api-20260731T204525+0700,DQ-OPENALEX-01,VERIFIED_RAW_MANIFEST
OPENALEX:W4414528596,OPENALEX,W4414528596,VMHQA: A Vietnamese Multi-choice Dataset for Mental Health Domain Question Answering,2025,10.4108/eetsis.7678,,W4414528596,https://doi.org/10.4108/eetsis.7678,openalex/openalex-api-20260731T204525+0700/page-007.raw,d5f108f7861acd6870332ef52c680948216663bbe1115312d1a285feb60b88a4,openalex-api-20260731T204525+0700,DQ-OPENALEX-01,VERIFIED_RAW_MANIFEST
OPENALEX:W4414706958,OPENALEX,W4414706958,AI-Powered Cardiovascular Risk Prediction: Integrating Wearable Biosensors and Machine Learning Algorithms,2025,10.47191/jefms/v8-i9-57,,W4414706958,https://doi.org/10.47191/jefms/v8-i9-57,openalex/openalex-api-20260731T204525+0700/page-006.raw,22cea224c5a15feddd5217fbd37475e1b5b0c5ebd1ba85d68136d15efcf608ea,openalex-api-20260731T204525+0700,DQ-OPENALEX-01,VERIFIED_RAW_MANIFEST
OPENALEX:W4414753093,OPENALEX,W4414753093,Comparing Large Language Models and Traditional Machine Translation Tools for Translating Medical Consultation Summaries – A Pilot Feasibility Study (Preprint),2025,10.2196/preprints.85169,,W4414753093,https://doi.org/10.2196/preprints.85169,openalex/openalex-api-20260731T204525+0700/page-005.raw,b1307c741cb653ca8122f1ae281aaf5935a342a4df7ea19b9676a23a68cb3764,openalex-api-20260731T204525+0700,DQ-OPENALEX-01,VERIFIED_RAW_MANIFEST
OPENALEX:W4414829294,OPENALEX,W4414829294,"Application of machine learning models to predict the relationship between air pollution, ecosystem degradation, and health disparities and lung cancer in Vietnam",2025,10.48550/arxiv.2504.08651,,W4414829294,https://doi.org/10.48550/arxiv.2504.08651,openalex/openalex-api-20260731T204525+0700/page-007.raw,d5f108f7861acd6870332ef52c680948216663bbe1115312d1a285feb60b88a4,openalex-api-20260731T204525+0700,DQ-OPENALEX-01,VERIFIED_RAW_MANIFEST
OPENALEX:W4414865966,OPENALEX,W4414865966,"Editorial: Promoting innovative learning-oriented feedback practice: engagement, challenges, and solutions",2025,10.3389/fpsyg.2025.1707902,41122290,W4414865966,https://doi.org/10.3389/fpsyg.2025.1707902,openalex/openalex-api-20260731T204525+0700/page-014.raw,25d78a8ffa8b11a4be6dd8b38ee00991b6902b208810f51f0ca606d3f29d72fe,openalex-api-20260731T204525+0700,DQ-OPENALEX-01,VERIFIED_RAW_MANIFEST
OPENALEX:W4415066414,OPENALEX,W4415066414,Comparing Large Language Models and Traditional Machine Translation Tools for Translating Medical Consultation Summaries: A Pilot Study,2025,10.48550/arxiv.2504.16601,,W4415066414,https://doi.org/10.48550/arxiv.2504.16601,openalex/openalex-api-20260731T204525+0700/page-005.raw,b1307c741cb653ca8122f1ae281aaf5935a342a4df7ea19b9676a23a68cb3764,openalex-api-20260731T204525+0700,DQ-OPENALEX-01,VERIFIED_RAW_MANIFEST
OPENALEX:W4415096802,OPENALEX,W4415096802,Humanizing pulmonary care in the era of acoustic artificial intelligence: toward global health equity,2025,10.3389/fmed.2025.1666820,41158472,W4415096802,https://doi.org/10.3389/fmed.2025.1666820,openalex/openalex-api-20260731T204525+0700/page-002.raw,a91f6c605ced04dfacef7bf6474726dbd67a67f11cd34608c4294b609b0cfbc7,openalex-api-20260731T204525+0700,DQ-OPENALEX-01,VERIFIED_RAW_MANIFEST
OPENALEX:W4415341843,OPENALEX,W4415341843,"Reimagining ethnopharmacology with generative AI: Towards inclusive, ethical, and data-driven traditional medicine",2025,10.1016/j.phrs.2025.108002,41120019,W4415341843,https://doi.org/10.1016/j.phrs.2025.108002,openalex/openalex-api-20260731T204525+0700/page-001.raw,cc63bed157c8017baca9e3cf49611c2f7d5c2737b6915173aaf2ac7c966fbdba,openalex-api-20260731T204525+0700,DQ-OPENALEX-01,VERIFIED_RAW_MANIFEST
OPENALEX:W4415493928,OPENALEX,W4415493928,"Assessment of climate change impacts on arsenic contamination in groundwater through machine learning, remote sensing, and GIS: a review",2025,10.1007/s10653-025-02837-7,41134419,W4415493928,https://doi.org/10.1007/s10653-025-02837-7,openalex/openalex-api-20260731T204525+0700/page-004.raw,135103e4498bc4d83cdec049b5b6ef4cc4f66250f5729b623abee25886418a16,openalex-api-20260731T204525+0700,DQ-OPENALEX-01,VERIFIED_RAW_MANIFEST
OPENALEX:W4415592503,OPENALEX,W4415592503,Comparison of serum lactate and lactate-derived ratios as prognostic biomarkers in pediatric dengue shock syndrome using supervised machine learning models,2025,10.1371/journal.pone.0335022,41144436,W4415592503,https://doi.org/10.1371/journal.pone.0335022,openalex/openalex-api-20260731T204525+0700/page-005.raw,b1307c741cb653ca8122f1ae281aaf5935a342a4df7ea19b9676a23a68cb3764,openalex-api-20260731T204525+0700,DQ-OPENALEX-01,VERIFIED_RAW_MANIFEST
OPENALEX:W4415710412,OPENALEX,W4415710412,"Developing machine learning models for vegetation health index forecasting in the Srepok basin, Vietnam",2025,10.12912/27197050/212962,,W4415710412,https://doi.org/10.12912/27197050/212962,openalex/openalex-api-20260731T204525+0700/page-003.raw,2ef15a7a70da1e0c1ba3a24c3396aa1a038516be2024a3f08936666427ce4457,openalex-api-20260731T204525+0700,DQ-OPENALEX-01,VERIFIED_RAW_MANIFEST
OPENALEX:W4415718502,OPENALEX,W4415718502,Air Quality Index Prediction with Long Short‐Term Memory—Moving Average (LSTM‐MA)—Machine Learning Model,2025,10.20944/preprints202510.2310.v1,,W4415718502,https://doi.org/10.20944/preprints202510.2310.v1,openalex/openalex-api-20260731T204525+0700/page-010.raw,567d223c6daff1b7c3515e6c3c45bad21909518ff1d22f77271a97076d3ba2eb,openalex-api-20260731T204525+0700,DQ-OPENALEX-01,VERIFIED_RAW_MANIFEST
OPENALEX:W4415947404,OPENALEX,W4415947404,"Commemorating Roberto M Lang: The Man Who Knew How to Capture the Depth, Surface Texture, and Spirit of the Heart",2025,10.4103/jcpc.jcpc_58_25,,W4415947404,https://doi.org/10.4103/jcpc.jcpc_58_25,openalex/openalex-api-20260731T204525+0700/page-014.raw,25d78a8ffa8b11a4be6dd8b38ee00991b6902b208810f51f0ca606d3f29d72fe,openalex-api-20260731T204525+0700,DQ-OPENALEX-01,VERIFIED_RAW_MANIFEST
OPENALEX:W4416057229,OPENALEX,W4416057229,The Impact of AI-induced Ethical Conflict and the Moderating Role of Psychological Safety on the Mental Health of Accountants in Financial Technology Enterprises in Vietnam,2025,10.56294/saludcyt20252468,,W4416057229,https://doi.org/10.56294/saludcyt20252468,openalex/openalex-api-20260731T204525+0700/page-007.raw,d5f108f7861acd6870332ef52c680948216663bbe1115312d1a285feb60b88a4,openalex-api-20260731T204525+0700,DQ-OPENALEX-01,VERIFIED_RAW_MANIFEST
OPENALEX:W4416105290,OPENALEX,W4416105290,"AI-Driven Climate-Health Forecasting: A Machine Learning Model for Epidemic Risk Prediction in Ba Ria-Vung Tau, Vietnam",2025,10.1007/s41748-025-00906-6,,W4416105290,https://doi.org/10.1007/s41748-025-00906-6,openalex/openalex-api-20260731T204525+0700/page-002.raw,a91f6c605ced04dfacef7bf6474726dbd67a67f11cd34608c4294b609b0cfbc7,openalex-api-20260731T204525+0700,DQ-OPENALEX-01,VERIFIED_RAW_MANIFEST
OPENALEX:W4416112095,OPENALEX,W4416112095,Wearable vital-sign sensors for early detection of severe dengue and sepsis: Clinical applications and implementation in resource-limited settings,2025,10.1177/20552076251396563,41234615,W4416112095,https://doi.org/10.1177/20552076251396563,openalex/openalex-api-20260731T204525+0700/page-011.raw,027e305e0bb0f739e118626245e1f599cd7447df911aae82e49a72d8be3623cc,openalex-api-20260731T204525+0700,DQ-OPENALEX-01,VERIFIED_RAW_MANIFEST
OPENALEX:W4416146169,OPENALEX,W4416146169,"Harnessing artificial intelligence for dengue forecasting in climate-vulnerable regions: A narrative review with insights from Ba Ria–Vung Tau, Vietnam",2025,10.1016/j.actatropica.2025.107909,41232742,W4416146169,https://doi.org/10.1016/j.actatropica.2025.107909,openalex/openalex-api-20260731T204525+0700/page-007.raw,d5f108f7861acd6870332ef52c680948216663bbe1115312d1a285feb60b88a4,openalex-api-20260731T204525+0700,DQ-OPENALEX-01,VERIFIED_RAW_MANIFEST
OPENALEX:W4416166990,OPENALEX,W4416166990,AI-Driven Methane Emission Prediction in Rice Paddies: A Machine Learning and Explainability Framework,2025,10.3390/methane4040028,,W4416166990,https://doi.org/10.3390/methane4040028,openalex/openalex-api-20260731T204525+0700/page-006.raw,22cea224c5a15feddd5217fbd37475e1b5b0c5ebd1ba85d68136d15efcf608ea,openalex-api-20260731T204525+0700,DQ-OPENALEX-01,VERIFIED_RAW_MANIFEST
OPENALEX:W4416279159,OPENALEX,W4416279159,Intelligent Post-operative Room Systems: A Cost-Effective Design for Enhanced Patient Care in Resource-Limited Settings,2025,10.1007/978-981-96-6250-0_5,,W4416279159,https://doi.org/10.1007/978-981-96-6250-0_5,openalex/openalex-api-20260731T204525+0700/page-011.raw,027e305e0bb0f739e118626245e1f599cd7447df911aae82e49a72d8be3623cc,openalex-api-20260731T204525+0700,DQ-OPENALEX-01,VERIFIED_RAW_MANIFEST
OPENALEX:W4416430795,OPENALEX,W4416430795,How Has War Shaped American Democracy?,2025,10.1162/daed.e.935,,W4416430795,https://doi.org/10.1162/daed.e.935,openalex/openalex-api-20260731T204525+0700/page-012.raw,af3ef30cc2217b5ba58dac8570cde2ed08fb515afd513bc5bab42ae127e8c0f5,openalex-api-20260731T204525+0700,DQ-OPENALEX-01,VERIFIED_RAW_MANIFEST
OPENALEX:W4416456850,OPENALEX,W4416456850,Characterizing global dermatologic engagement and needs: A cross‐sectional study from 83 countries,2025,10.1111/jdv.70142,41267645,W4416456850,https://doi.org/10.1111/jdv.70142,openalex/openalex-api-20260731T204525+0700/page-014.raw,25d78a8ffa8b11a4be6dd8b38ee00991b6902b208810f51f0ca606d3f29d72fe,openalex-api-20260731T204525+0700,DQ-OPENALEX-01,VERIFIED_RAW_MANIFEST
OPENALEX:W4416508169,OPENALEX,W4416508169,Applying Ensemble Machine Learning Model to Explain the Causes of Stroke,2025,10.1007/978-981-95-4963-4_14,,W4416508169,https://doi.org/10.1007/978-981-95-4963-4_14,openalex/openalex-api-20260731T204525+0700/page-005.raw,b1307c741cb653ca8122f1ae281aaf5935a342a4df7ea19b9676a23a68cb3764,openalex-api-20260731T204525+0700,DQ-OPENALEX-01,VERIFIED_RAW_MANIFEST
OPENALEX:W4416598650,OPENALEX,W4416598650,An overview of digital twin applications in the construction and management of bridge and road infrastructure,2025,10.64588/jc.04.11.2025,,W4416598650,https://doi.org/10.64588/jc.04.11.2025,openalex/openalex-api-20260731T204525+0700/page-012.raw,af3ef30cc2217b5ba58dac8570cde2ed08fb515afd513bc5bab42ae127e8c0f5,openalex-api-20260731T204525+0700,DQ-OPENALEX-01,VERIFIED_RAW_MANIFEST
OPENALEX:W4416631582,OPENALEX,W4416631582,Application of Artificial Intelligence in the Healthcare Sector and Legal Challenges: A Study in Vietnam,2025,10.64753/jcasc.v10i2.1894,,W4416631582,https://doi.org/10.64753/jcasc.v10i2.1894,openalex/openalex-api-20260731T204525+0700/page-005.raw,b1307c741cb653ca8122f1ae281aaf5935a342a4df7ea19b9676a23a68cb3764,openalex-api-20260731T204525+0700,DQ-OPENALEX-01,VERIFIED_RAW_MANIFEST
OPENALEX:W4416675597,OPENALEX,W4416675597,Pioneers in Dermatology and Venereology: An interview with Professor Dedee F. Murrell,2025,10.1111/jdv.70132,41287453,W4416675597,https://doi.org/10.1111/jdv.70132,openalex/openalex-api-20260731T204525+0700/page-014.raw,25d78a8ffa8b11a4be6dd8b38ee00991b6902b208810f51f0ca606d3f29d72fe,openalex-api-20260731T204525+0700,DQ-OPENALEX-01,VERIFIED_RAW_MANIFEST
OPENALEX:W4416914743,OPENALEX,W4416914743,Guest editorial: Sustainability management from a behavioral perspective in hospitality and tourism,2025,10.1108/jhti-09-2025-995,,W4416914743,https://doi.org/10.1108/jhti-09-2025-995,openalex/openalex-api-20260731T204525+0700/page-014.raw,25d78a8ffa8b11a4be6dd8b38ee00991b6902b208810f51f0ca606d3f29d72fe,openalex-api-20260731T204525+0700,DQ-OPENALEX-01,VERIFIED_RAW_MANIFEST
OPENALEX:W4416928963,OPENALEX,W4416928963,What Are the Opportunities and Challenges of Using AI in Medical Education in Vietnam?,2025,10.2196/77817,41329943,W4416928963,https://doi.org/10.2196/77817,openalex/openalex-api-20260731T204525+0700/page-002.raw,a91f6c605ced04dfacef7bf6474726dbd67a67f11cd34608c4294b609b0cfbc7,openalex-api-20260731T204525+0700,DQ-OPENALEX-01,VERIFIED_RAW_MANIFEST
OPENALEX:W4417273604,OPENALEX,W4417273604,An Android-Based mHealth App for Color Vision Screening and Career Guidance: Design and Validation,2025,10.3991/ijoe.v21i14.58157,,W4417273604,https://doi.org/10.3991/ijoe.v21i14.58157,openalex/openalex-api-20260731T204525+0700/page-009.raw,d8052c422dfee1bcc043965b6c8f38ad8e3b0206af91d662e111aa0e69b78848,openalex-api-20260731T204525+0700,DQ-OPENALEX-01,VERIFIED_RAW_MANIFEST
OPENALEX:W4417290975,OPENALEX,W4417290975,Children and Families: Everyday Digital Media Culture,2025,10.1111/chso.70003,,W4417290975,https://doi.org/10.1111/chso.70003,openalex/openalex-api-20260731T204525+0700/page-013.raw,1e79e9ecb8063e55faa657fa937037c99544712e501b32e59db78d1fdbd1c007,openalex-api-20260731T204525+0700,DQ-OPENALEX-01,VERIFIED_RAW_MANIFEST
OPENALEX:W4417418988,OPENALEX,W4417418988,Perception of violence against women among college students in China and Vietnam: A Logistic-Regression-Based Analysis,2025,10.1145/3772726.3772873,,W4417418988,https://doi.org/10.1145/3772726.3772873,openalex/openalex-api-20260731T204525+0700/page-010.raw,567d223c6daff1b7c3515e6c3c45bad21909518ff1d22f77271a97076d3ba2eb,openalex-api-20260731T204525+0700,DQ-OPENALEX-01,VERIFIED_RAW_MANIFEST
OPENALEX:W4417446932,OPENALEX,W4417446932,Applying Machine Learning in assessing the health of the private economy in Vietnamese localities,2025,10.59276/jelb.2025.12.3032,,W4417446932,https://doi.org/10.59276/jelb.2025.12.3032,openalex/openalex-api-20260731T204525+0700/page-006.raw,22cea224c5a15feddd5217fbd37475e1b5b0c5ebd1ba85d68136d15efcf608ea,openalex-api-20260731T204525+0700,DQ-OPENALEX-01,VERIFIED_RAW_MANIFEST
OPENALEX:W7110882652,OPENALEX,W7110882652,TRIPOD checklist.,2025,10.1371/journal.pone.0335022.s011,,W7110882652,https://doi.org/10.1371/journal.pone.0335022.s011,openalex/openalex-api-20260731T204525+0700/page-012.raw,af3ef30cc2217b5ba58dac8570cde2ed08fb515afd513bc5bab42ae127e8c0f5,openalex-api-20260731T204525+0700,DQ-OPENALEX-01,VERIFIED_RAW_MANIFEST
OPENALEX:W7111334404,OPENALEX,W7111334404,The study flowchart.,2025,10.1371/journal.pone.0335022.g001,,W7111334404,https://doi.org/10.1371/journal.pone.0335022.g001,openalex/openalex-api-20260731T204525+0700/page-012.raw,af3ef30cc2217b5ba58dac8570cde2ed08fb515afd513bc5bab42ae127e8c0f5,openalex-api-20260731T204525+0700,DQ-OPENALEX-01,VERIFIED_RAW_MANIFEST
OPENALEX:W7111367442,OPENALEX,W7111367442,Missing value chart of candidate variables.,2025,10.1371/journal.pone.0335022.s004,,W7111367442,https://doi.org/10.1371/journal.pone.0335022.s004,openalex/openalex-api-20260731T204525+0700/page-012.raw,af3ef30cc2217b5ba58dac8570cde2ed08fb515afd513bc5bab42ae127e8c0f5,openalex-api-20260731T204525+0700,DQ-OPENALEX-01,VERIFIED_RAW_MANIFEST
OPENALEX:W7115021865,OPENALEX,W7115021865,"Remote sensing for yield estimation and climate risk management for coffee in Central Highlands, Vietnam",2025,10.26192/100wx8,,W7115021865,https://doi.org/10.26192/100wx8,openalex/openalex-api-20260731T204525+0700/page-007.raw,d5f108f7861acd6870332ef52c680948216663bbe1115312d1a285feb60b88a4,openalex-api-20260731T204525+0700,DQ-OPENALEX-01,VERIFIED_RAW_MANIFEST
OPENALEX:W7116674418,OPENALEX,W7116674418,Editorial,2025,10.3897/jucs.183050,,W7116674418,https://doi.org/10.3897/jucs.183050,openalex/openalex-api-20260731T204525+0700/page-012.raw,af3ef30cc2217b5ba58dac8570cde2ed08fb515afd513bc5bab42ae127e8c0f5,openalex-api-20260731T204525+0700,DQ-OPENALEX-01,VERIFIED_RAW_MANIFEST
OPENALEX:W7116755653,OPENALEX,W7116755653,A New Face of <i>Respirology</i> : Keeping Up With the Rich Tradition While Embracing New Developments,2025,10.1002/resp.70188,41423349,W7116755653,https://doi.org/10.1002/resp.70188,openalex/openalex-api-20260731T204525+0700/page-013.raw,1e79e9ecb8063e55faa657fa937037c99544712e501b32e59db78d1fdbd1c007,openalex-api-20260731T204525+0700,DQ-OPENALEX-01,VERIFIED_RAW_MANIFEST
OPENALEX:W7116841419,OPENALEX,W7116841419,Application of Social Media Data to Enhance the Performance of Humanitarian Logistics: A Case Study of Vietnam in the Aftermath of Typhoon Yagi,2025,10.56578/cis140101,,W7116841419,https://doi.org/10.56578/cis140101,openalex/openalex-api-20260731T204525+0700/page-011.raw,027e305e0bb0f739e118626245e1f599cd7447df911aae82e49a72d8be3623cc,openalex-api-20260731T204525+0700,DQ-OPENALEX-01,VERIFIED_RAW_MANIFEST
OPENALEX:W7117488622,OPENALEX,W7117488622,Teaching the machine to heal in Vietnam,2025,10.1007/s00146-025-02794-w,,W7117488622,https://doi.org/10.1007/s00146-025-02794-w,openalex/openalex-api-20260731T204525+0700/page-008.raw,3a2168dca2cf70e3bea241429f2263fc3ad7b52cb24c11719ee3baeda6f337e9,openalex-api-20260731T204525+0700,DQ-OPENALEX-01,VERIFIED_RAW_MANIFEST
OPENALEX:W7117548376,OPENALEX,W7117548376,Percutaneous versus Surgical Coronary Revascularization: The Heart Wins Either Way,2025,10.4103/jcpc.jcpc_69_25,,W7117548376,https://doi.org/10.4103/jcpc.jcpc_69_25,openalex/openalex-api-20260731T204525+0700/page-014.raw,25d78a8ffa8b11a4be6dd8b38ee00991b6902b208810f51f0ca606d3f29d72fe,openalex-api-20260731T204525+0700,DQ-OPENALEX-01,VERIFIED_RAW_MANIFEST
OPENALEX:W7117967769,OPENALEX,W7117967769,Coronary CT Angiography-Derived Fractional Flow Reserve in Asia and the United States: 2025 Status Update,2026,10.3348/kjr.2025.1208,41494674,W7117967769,https://doi.org/10.3348/kjr.2025.1208,openalex/openalex-api-20260731T204525+0700/page-007.raw,d5f108f7861acd6870332ef52c680948216663bbe1115312d1a285feb60b88a4,openalex-api-20260731T204525+0700,DQ-OPENALEX-01,VERIFIED_RAW_MANIFEST
OPENALEX:W7118365856,OPENALEX,W7118365856,Enhancing Health Insurance for Farmers in Vietnam’s Mekong Delta: Influential Factors and Policy Directions,2026,10.1007/978-3-032-03183-9_5,,W7118365856,https://doi.org/10.1007/978-3-032-03183-9_5,openalex/openalex-api-20260731T204525+0700/page-007.raw,d5f108f7861acd6870332ef52c680948216663bbe1115312d1a285feb60b88a4,openalex-api-20260731T204525+0700,DQ-OPENALEX-01,VERIFIED_RAW_MANIFEST
OPENALEX:W7118783085,OPENALEX,W7118783085,A Hybrid Architecture for Multi-Stage Claim Document Understanding: Combining Vision-Language Models and Machine Learning for Real-Time Processing,2026,10.48550/arxiv.2601.01897,,W7118783085,https://doi.org/10.48550/arxiv.2601.01897,openalex/openalex-api-20260731T204525+0700/page-009.raw,d8052c422dfee1bcc043965b6c8f38ad8e3b0206af91d662e111aa0e69b78848,openalex-api-20260731T204525+0700,DQ-OPENALEX-01,VERIFIED_RAW_MANIFEST
OPENALEX:W7119234883,OPENALEX,W7119234883,A Hybrid Architecture for Multi-Stage Claim Document Understanding: Combining Vision-Language Models and Machine Learning for Real-Time Processing,2026,,,W7119234883,https://openalex.org/WW7119234883,openalex/openalex-api-20260731T204525+0700/page-010.raw,567d223c6daff1b7c3515e6c3c45bad21909518ff1d22f77271a97076d3ba2eb,openalex-api-20260731T204525+0700,DQ-OPENALEX-01,VERIFIED_RAW_MANIFEST
OPENALEX:W7123507647,OPENALEX,W7123507647,Correction: Deep learning neural networks-based traffic predictors for V2X communication networks,2026,10.3389/frai.2025.1768205,41608033,W7123507647,https://doi.org/10.3389/frai.2025.1768205,openalex/openalex-api-20260731T204525+0700/page-014.raw,25d78a8ffa8b11a4be6dd8b38ee00991b6902b208810f51f0ca606d3f29d72fe,openalex-api-20260731T204525+0700,DQ-OPENALEX-01,VERIFIED_RAW_MANIFEST
OPENALEX:W7125482525,OPENALEX,W7125482525,Machine Learning–Assisted Autism Risk Stratification in Toddlers Using the Vietnamese M-CHAT-R and Perinatal Predictors: A Cross-Sectional Study in Vietnam,2026,10.1007/s10803-026-07227-1,41575711,W7125482525,https://doi.org/10.1007/s10803-026-07227-1,openalex/openalex-api-20260731T204525+0700/page-003.raw,2ef15a7a70da1e0c1ba3a24c3396aa1a038516be2024a3f08936666427ce4457,openalex-api-20260731T204525+0700,DQ-OPENALEX-01,VERIFIED_RAW_MANIFEST
OPENALEX:W7125699370,OPENALEX,W7125699370,"Drought risk assessment in Quang Tri Province, Vietnam using Landsat multi-temporal remote sensing data and machine learning algorithm",2026,10.12775/bgeo-2026-0002,,W7125699370,https://doi.org/10.12775/bgeo-2026-0002,openalex/openalex-api-20260731T204525+0700/page-006.raw,22cea224c5a15feddd5217fbd37475e1b5b0c5ebd1ba85d68136d15efcf608ea,openalex-api-20260731T204525+0700,DQ-OPENALEX-01,VERIFIED_RAW_MANIFEST
OPENALEX:W7125791067,OPENALEX,W7125791067,What Substitution and Prediction Strategies Address the Challenge of an Unmeasurable C2-7 Cobb Angle?,2026,10.1097/corr.0000000000003812,41591267,W7125791067,https://doi.org/10.1097/corr.0000000000003812,openalex/openalex-api-20260731T204525+0700/page-009.raw,d8052c422dfee1bcc043965b6c8f38ad8e3b0206af91d662e111aa0e69b78848,openalex-api-20260731T204525+0700,DQ-OPENALEX-01,VERIFIED_RAW_MANIFEST
OPENALEX:W7127104083,OPENALEX,W7127104083,Psychological safety and AI adoption as antecedents of teaching burnout: the mediating effect of work–life balance,2026,10.1108/aeds-06-2025-0285,,W7127104083,https://doi.org/10.1108/aeds-06-2025-0285,openalex/openalex-api-20260731T204525+0700/page-011.raw,027e305e0bb0f739e118626245e1f599cd7447df911aae82e49a72d8be3623cc,openalex-api-20260731T204525+0700,DQ-OPENALEX-01,VERIFIED_RAW_MANIFEST
OPENALEX:W7127120959,OPENALEX,W7127120959,Artificial Intelligence in In Vitro Diagnostics (IVD): A Comprehensive Review of the New Frontier,2026,10.1109/access.2026.3660065,,W7127120959,https://doi.org/10.1109/access.2026.3660065,openalex/openalex-api-20260731T204525+0700/page-008.raw,3a2168dca2cf70e3bea241429f2263fc3ad7b52cb24c11719ee3baeda6f337e9,openalex-api-20260731T204525+0700,DQ-OPENALEX-01,VERIFIED_RAW_MANIFEST
OPENALEX:W7127307595,OPENALEX,W7127307595,Agentic AI Framework for Adaptive Clinical Workflow Orchestration,2025,10.1109/rivf68649.2025.11365087,,W7127307595,https://doi.org/10.1109/rivf68649.2025.11365087,openalex/openalex-api-20260731T204525+0700/page-004.raw,135103e4498bc4d83cdec049b5b6ef4cc4f66250f5729b623abee25886418a16,openalex-api-20260731T204525+0700,DQ-OPENALEX-01,VERIFIED_RAW_MANIFEST
OPENALEX:W7127321268,OPENALEX,W7127321268,GPTViet: An Open-Source Vietnamese Foundation Model from Pretraining to Domain Specialization,2025,10.1109/rivf68649.2025.11365054,,W7127321268,https://doi.org/10.1109/rivf68649.2025.11365054,openalex/openalex-api-20260731T204525+0700/page-008.raw,3a2168dca2cf70e3bea241429f2263fc3ad7b52cb24c11719ee3baeda6f337e9,openalex-api-20260731T204525+0700,DQ-OPENALEX-01,VERIFIED_RAW_MANIFEST
OPENALEX:W7127417295,OPENALEX,W7127417295,Artificial Intelligence (AI) Applications in Construction Industry: A Big Data-driven Bibliometric Analysis,2025,10.1109/rivf68649.2025.11365231,,W7127417295,https://doi.org/10.1109/rivf68649.2025.11365231,openalex/openalex-api-20260731T204525+0700/page-008.raw,3a2168dca2cf70e3bea241429f2263fc3ad7b52cb24c11719ee3baeda6f337e9,openalex-api-20260731T204525+0700,DQ-OPENALEX-01,VERIFIED_RAW_MANIFEST
OPENALEX:W7127637572,OPENALEX,W7127637572,The Social Dimension of Sustainable Development andInequalities: A Multi-Method Analysis of HumanDevelopment Dynamics in CIVETSCountries,2026,10.14419/8c9vpr66,,W7127637572,https://doi.org/10.14419/8c9vpr66,openalex/openalex-api-20260731T204525+0700/page-013.raw,1e79e9ecb8063e55faa657fa937037c99544712e501b32e59db78d1fdbd1c007,openalex-api-20260731T204525+0700,DQ-OPENALEX-01,VERIFIED_RAW_MANIFEST
OPENALEX:W7128002164,OPENALEX,W7128002164,Artificial intelligence-assisted screening reveals high prevalence of osteoporosis in Vietnamese adults using pelvic and hip radiographs,2026,10.1016/j.afos.2026.01.002,41969604,W7128002164,https://doi.org/10.1016/j.afos.2026.01.002,openalex/openalex-api-20260731T204525+0700/page-007.raw,d5f108f7861acd6870332ef52c680948216663bbe1115312d1a285feb60b88a4,openalex-api-20260731T204525+0700,DQ-OPENALEX-01,VERIFIED_RAW_MANIFEST
OPENALEX:W7128429800,OPENALEX,W7128429800,Early individualized risk prediction using clinical data for children during the febrile phase of dengue in outpatient settings in Vietnam and Thailand,2026,10.1371/journal.pdig.0001171,41662365,W7128429800,https://doi.org/10.1371/journal.pdig.0001171,openalex/openalex-api-20260731T204525+0700/page-007.raw,d5f108f7861acd6870332ef52c680948216663bbe1115312d1a285feb60b88a4,openalex-api-20260731T204525+0700,DQ-OPENALEX-01,VERIFIED_RAW_MANIFEST
OPENALEX:W7128434791,OPENALEX,W7128434791,How Healthqual drives willingness to pay a premium and revisit intention in health-care sector: the moderation role of AI-enabled service,2026,10.1108/ijqss-09-2025-0225,,W7128434791,https://doi.org/10.1108/ijqss-09-2025-0225,openalex/openalex-api-20260731T204525+0700/page-004.raw,135103e4498bc4d83cdec049b5b6ef4cc4f66250f5729b623abee25886418a16,openalex-api-20260731T204525+0700,DQ-OPENALEX-01,VERIFIED_RAW_MANIFEST
OPENALEX:W7128506310,OPENALEX,W7128506310,ViHERMES: A Graph-Grounded Multihop Question Answering Benchmark and System for Vietnamese Healthcare Regulations,2026,10.48550/arxiv.2602.07361,,W7128506310,https://doi.org/10.48550/arxiv.2602.07361,openalex/openalex-api-20260731T204525+0700/page-005.raw,b1307c741cb653ca8122f1ae281aaf5935a342a4df7ea19b9676a23a68cb3764,openalex-api-20260731T204525+0700,DQ-OPENALEX-01,VERIFIED_RAW_MANIFEST
OPENALEX:W7128555477,OPENALEX,W7128555477,ViHERMES: A Graph-Grounded Multihop Question Answering Benchmark and System for Vietnamese Healthcare Regulations,2026,,,W7128555477,https://openalex.org/WW7128555477,openalex/openalex-api-20260731T204525+0700/page-005.raw,b1307c741cb653ca8122f1ae281aaf5935a342a4df7ea19b9676a23a68cb3764,openalex-api-20260731T204525+0700,DQ-OPENALEX-01,VERIFIED_RAW_MANIFEST
OPENALEX:W7129043197,OPENALEX,W7129043197,Comparing Large Language Models and Traditional Machine Translation Tools for Translating Medical Consultation Summaries: Quantitative Pilot Feasibility Study,2026,10.2196/85169,41973653,W7129043197,https://doi.org/10.2196/85169,openalex/openalex-api-20260731T204525+0700/page-002.raw,a91f6c605ced04dfacef7bf6474726dbd67a67f11cd34608c4294b609b0cfbc7,openalex-api-20260731T204525+0700,DQ-OPENALEX-01,VERIFIED_RAW_MANIFEST
OPENALEX:W7131655899,OPENALEX,W7131655899,PSF-Med: Measuring and Explaining Paraphrase Sensitivity in Medical Vision Language Models,2026,10.48550/arxiv.2602.21428,,W7131655899,https://doi.org/10.48550/arxiv.2602.21428,openalex/openalex-api-20260731T204525+0700/page-006.raw,22cea224c5a15feddd5217fbd37475e1b5b0c5ebd1ba85d68136d15efcf608ea,openalex-api-20260731T204525+0700,DQ-OPENALEX-01,VERIFIED_RAW_MANIFEST
OPENALEX:W7131731536,OPENALEX,W7131731536,PSF-Med: Measuring and Explaining Paraphrase Sensitivity in Medical Vision Language Models,2026,,,W7131731536,https://openalex.org/WW7131731536,openalex/openalex-api-20260731T204525+0700/page-006.raw,22cea224c5a15feddd5217fbd37475e1b5b0c5ebd1ba85d68136d15efcf608ea,openalex-api-20260731T204525+0700,DQ-OPENALEX-01,VERIFIED_RAW_MANIFEST
OPENALEX:W7131858720,OPENALEX,W7131858720,Adaptive Modeling for Air Quality: A Continual Learning Framework for PM₂.₅ Estimation in Vietnam,2026,10.1109/tgrs.2026.3668935,,W7131858720,https://doi.org/10.1109/tgrs.2026.3668935,openalex/openalex-api-20260731T204525+0700/page-010.raw,567d223c6daff1b7c3515e6c3c45bad21909518ff1d22f77271a97076d3ba2eb,openalex-api-20260731T204525+0700,DQ-OPENALEX-01,VERIFIED_RAW_MANIFEST
OPENALEX:W7133407978,OPENALEX,W7133407978,IP Frameworks and Innovation in the Agricultural Sector in Southeast Asia - A Legal Perspective,2024,,,W7133407978,https://openalex.org/WW7133407978,openalex/openalex-api-20260731T204525+0700/page-011.raw,027e305e0bb0f739e118626245e1f599cd7447df911aae82e49a72d8be3623cc,openalex-api-20260731T204525+0700,DQ-OPENALEX-01,VERIFIED_RAW_MANIFEST
OPENALEX:W7133528178,OPENALEX,W7133528178,Bibliometric Analysis of Human‑Centered AI Research in Southeast Asia (2015–2025),2025,10.58812/esiscs.v3i02.799,,W7133528178,https://doi.org/10.58812/esiscs.v3i02.799,openalex/openalex-api-20260731T204525+0700/page-012.raw,af3ef30cc2217b5ba58dac8570cde2ed08fb515afd513bc5bab42ae127e8c0f5,openalex-api-20260731T204525+0700,DQ-OPENALEX-01,VERIFIED_RAW_MANIFEST
OPENALEX:W7133557985,OPENALEX,W7133557985,Large language models for self-administered conversational vignette assessment of provider competencies: A pilot and validation study in Vietnam with automated LLM-powered transcript classification,2026,10.64898/2026.03.02.26347479,,W7133557985,https://doi.org/10.64898/2026.03.02.26347479,openalex/openalex-api-20260731T204525+0700/page-005.raw,b1307c741cb653ca8122f1ae281aaf5935a342a4df7ea19b9676a23a68cb3764,openalex-api-20260731T204525+0700,DQ-OPENALEX-01,VERIFIED_RAW_MANIFEST
OPENALEX:W7133592185,OPENALEX,W7133592185,Predictive modeling of direct medical costs among frail older adults with diabetes mellitus in a rural outpatient setting,2026,,,W7133592185,https://openalex.org/WW7133592185,openalex/openalex-api-20260731T204525+0700/page-011.raw,027e305e0bb0f739e118626245e1f599cd7447df911aae82e49a72d8be3623cc,openalex-api-20260731T204525+0700,DQ-OPENALEX-01,VERIFIED_RAW_MANIFEST
OPENALEX:W7133961658,OPENALEX,W7133961658,Overview of AI Agent Applications in Hospital Pharmacy Operations,2026,10.25073/2588-1132/vnumps.4922,,W7133961658,https://doi.org/10.25073/2588-1132/vnumps.4922,openalex/openalex-api-20260731T204525+0700/page-007.raw,d5f108f7861acd6870332ef52c680948216663bbe1115312d1a285feb60b88a4,openalex-api-20260731T204525+0700,DQ-OPENALEX-01,VERIFIED_RAW_MANIFEST
OPENALEX:W7134819485,OPENALEX,W7134819485,"Improving accuracy, stability, and practicability of poverty-targeting tools in the context of vietnamese ethnic minorities",2025,10.60848/13816,,W7134819485,https://doi.org/10.60848/13816,openalex/openalex-api-20260731T204525+0700/page-010.raw,567d223c6daff1b7c3515e6c3c45bad21909518ff1d22f77271a97076d3ba2eb,openalex-api-20260731T204525+0700,DQ-OPENALEX-01,VERIFIED_RAW_MANIFEST
OPENALEX:W7135023634,OPENALEX,W7135023634,Reliability of Automated Cephalometric Analysis: A Comparative Assessment of Stratification Strategies Based on Chronological Age Versus Dentition Stage,2026,10.3390/dj14030167,41892775,W7135023634,https://doi.org/10.3390/dj14030167,openalex/openalex-api-20260731T204525+0700/page-013.raw,1e79e9ecb8063e55faa657fa937037c99544712e501b32e59db78d1fdbd1c007,openalex-api-20260731T204525+0700,DQ-OPENALEX-01,VERIFIED_RAW_MANIFEST
OPENALEX:W7138358879,OPENALEX,W7138358879,VietCheckMed: Explainable Regulatory Compliance Checking for Medical Advertisements on Vietnamese Social Media,2026,10.1609/aaai.v40i2.37077,,W7138358879,https://doi.org/10.1609/aaai.v40i2.37077,openalex/openalex-api-20260731T204525+0700/page-005.raw,b1307c741cb653ca8122f1ae281aaf5935a342a4df7ea19b9676a23a68cb3764,openalex-api-20260731T204525+0700,DQ-OPENALEX-01,VERIFIED_RAW_MANIFEST
OPENALEX:W7138931663,OPENALEX,W7138931663,Developing an AI-Enhanced Individualized Prediction Tool for Psychopathological Symptoms in Vietnam: A Study Protocol,2025,10.1109/ichst66555.2025.11428741,,W7138931663,https://doi.org/10.1109/ichst66555.2025.11428741,openalex/openalex-api-20260731T204525+0700/page-009.raw,d8052c422dfee1bcc043965b6c8f38ad8e3b0206af91d662e111aa0e69b78848,openalex-api-20260731T204525+0700,DQ-OPENALEX-01,VERIFIED_RAW_MANIFEST
OPENALEX:W7138934170,OPENALEX,W7138934170,Prediction of Non-Alcoholic Fatty Liver Disease Based on Anthropometric and Paraclinical Laboratory Data in the Vietnamese Population,2025,10.1109/ichst66555.2025.11428378,,W7138934170,https://doi.org/10.1109/ichst66555.2025.11428378,openalex/openalex-api-20260731T204525+0700/page-010.raw,567d223c6daff1b7c3515e6c3c45bad21909518ff1d22f77271a97076d3ba2eb,openalex-api-20260731T204525+0700,DQ-OPENALEX-01,VERIFIED_RAW_MANIFEST
OPENALEX:W7140286862,OPENALEX,W7140286862,Editor’s Comment,2024,10.5325/studamershorstor.5.2.v,,W7140286862,https://doi.org/10.5325/studamershorstor.5.2.v,openalex/openalex-api-20260731T204525+0700/page-014.raw,25d78a8ffa8b11a4be6dd8b38ee00991b6902b208810f51f0ca606d3f29d72fe,openalex-api-20260731T204525+0700,DQ-OPENALEX-01,VERIFIED_RAW_MANIFEST
OPENALEX:W7142353544,OPENALEX,W7142353544,Machine learning models for predicting hospital readmission due to cardiovascular diseases among the elderly: a scoping review,2025,10.6084/m9.figshare.30000934.v2,,W7142353544,https://doi.org/10.6084/m9.figshare.30000934.v2,openalex/openalex-api-20260731T204525+0700/page-006.raw,22cea224c5a15feddd5217fbd37475e1b5b0c5ebd1ba85d68136d15efcf608ea,openalex-api-20260731T204525+0700,DQ-OPENALEX-01,VERIFIED_RAW_MANIFEST
OPENALEX:W7144112101,OPENALEX,W7144112101,"Contributions to Monitoring, Anomaly Detection and Classification Using Artificial Intelligence and Statistical Methods : Applications in Smart Manufacturing and Healthcare",2025,10.70675/96bb05faz4257z4660zb2f8z7e1ba70e98d0,,W7144112101,https://doi.org/10.70675/96bb05faz4257z4660zb2f8z7e1ba70e98d0,openalex/openalex-api-20260731T204525+0700/page-006.raw,22cea224c5a15feddd5217fbd37475e1b5b0c5ebd1ba85d68136d15efcf608ea,openalex-api-20260731T204525+0700,DQ-OPENALEX-01,VERIFIED_RAW_MANIFEST
OPENALEX:W7147014134,OPENALEX,W7147014134,Comprehensive Overview of Artificial Intelligence Applications in Biomedical Research and Precision Medicine (2024–2026),2026,10.5281/zenodo.19372022,,W7147014134,https://doi.org/10.5281/zenodo.19372022,openalex/openalex-api-20260731T204525+0700/page-006.raw,22cea224c5a15feddd5217fbd37475e1b5b0c5ebd1ba85d68136d15efcf608ea,openalex-api-20260731T204525+0700,DQ-OPENALEX-01,VERIFIED_RAW_MANIFEST
OPENALEX:W7147191292,OPENALEX,W7147191292,Comprehensive Overview of Artificial Intelligence Applications in Biomedical Research and Precision Medicine (2024–2026),2026,10.5281/zenodo.19372021,,W7147191292,https://doi.org/10.5281/zenodo.19372021,openalex/openalex-api-20260731T204525+0700/page-006.raw,22cea224c5a15feddd5217fbd37475e1b5b0c5ebd1ba85d68136d15efcf608ea,openalex-api-20260731T204525+0700,DQ-OPENALEX-01,VERIFIED_RAW_MANIFEST
OPENALEX:W7149578558,OPENALEX,W7149578558,Towards Interpretable Martial Arts Training: A Lightweight Attention-Based Approach for Vovinam Action Recognition,2026,10.1007/978-3-032-21625-0_38,,W7149578558,https://doi.org/10.1007/978-3-032-21625-0_38,openalex/openalex-api-20260731T204525+0700/page-008.raw,3a2168dca2cf70e3bea241429f2263fc3ad7b52cb24c11719ee3baeda6f337e9,openalex-api-20260731T204525+0700,DQ-OPENALEX-01,VERIFIED_RAW_MANIFEST
OPENALEX:W7151608334,OPENALEX,W7151608334,"Worker Well‐Being, Human Factors and the Gig Economy: Interdisciplinary Perspectives",2026,10.1111/bjir.70059,,W7151608334,https://doi.org/10.1111/bjir.70059,openalex/openalex-api-20260731T204525+0700/page-012.raw,af3ef30cc2217b5ba58dac8570cde2ed08fb515afd513bc5bab42ae127e8c0f5,openalex-api-20260731T204525+0700,DQ-OPENALEX-01,VERIFIED_RAW_MANIFEST
OPENALEX:W7151807628,OPENALEX,W7151807628,Assessment of Artificial Intelligence-based Translation Tools for Emergency Department Discharge Instructions,2026,10.5811/westjem.48825,42258871,W7151807628,https://doi.org/10.5811/westjem.48825,openalex/openalex-api-20260731T204525+0700/page-008.raw,3a2168dca2cf70e3bea241429f2263fc3ad7b52cb24c11719ee3baeda6f337e9,openalex-api-20260731T204525+0700,DQ-OPENALEX-01,VERIFIED_RAW_MANIFEST
OPENALEX:W7152028441,OPENALEX,W7152028441,From COVID-19 to Nipah virus preparedness in low- and middle-income countries: Re-centering points of decision and responsible AI,2026,10.4103/apjtm.apjtm_118_26,,W7152028441,https://doi.org/10.4103/apjtm.apjtm_118_26,openalex/openalex-api-20260731T204525+0700/page-005.raw,b1307c741cb653ca8122f1ae281aaf5935a342a4df7ea19b9676a23a68cb3764,openalex-api-20260731T204525+0700,DQ-OPENALEX-01,VERIFIED_RAW_MANIFEST
OPENALEX:W7152560976,OPENALEX,W7152560976,Application of IoT and AI in Monitoring structural Load-bearing capacity of Buildings,2025,10.1109/eee-am66675.2025.11473802,,W7152560976,https://doi.org/10.1109/eee-am66675.2025.11473802,openalex/openalex-api-20260731T204525+0700/page-008.raw,3a2168dca2cf70e3bea241429f2263fc3ad7b52cb24c11719ee3baeda6f337e9,openalex-api-20260731T204525+0700,DQ-OPENALEX-01,VERIFIED_RAW_MANIFEST
OPENALEX:W7153144856,OPENALEX,W7153144856,Editorial: Multiparametric stress echocardiography in stable CAD patients. How technological advances may transform diagnosis and prognosis,2026,10.3389/fcvm.2026.1811863,42039351,W7153144856,https://doi.org/10.3389/fcvm.2026.1811863,openalex/openalex-api-20260731T204525+0700/page-014.raw,25d78a8ffa8b11a4be6dd8b38ee00991b6902b208810f51f0ca606d3f29d72fe,openalex-api-20260731T204525+0700,DQ-OPENALEX-01,VERIFIED_RAW_MANIFEST
OPENALEX:W7153986709,OPENALEX,W7153986709,"PREreview of ""Diagnostic Accuracy and Potential Resource Savings of Pooled Sputum Testing with Xpert MTB/RIF Ultra for Tuberculosis among adults in Vietnam: A Cross-Sectional Study""",2026,10.5281/zenodo.19559782,,W7153986709,https://doi.org/10.5281/zenodo.19559782,openalex/openalex-api-20260731T204525+0700/page-011.raw,027e305e0bb0f739e118626245e1f599cd7447df911aae82e49a72d8be3623cc,openalex-api-20260731T204525+0700,DQ-OPENALEX-01,VERIFIED_RAW_MANIFEST
OPENALEX:W7154084917,OPENALEX,W7154084917,"PREreview of ""Diagnostic Accuracy and Potential Resource Savings of Pooled Sputum Testing with Xpert MTB/RIF Ultra for Tuberculosis among adults in Vietnam: A Cross-Sectional Study""",2026,10.5281/zenodo.19559874,,W7154084917,https://doi.org/10.5281/zenodo.19559874,openalex/openalex-api-20260731T204525+0700/page-011.raw,027e305e0bb0f739e118626245e1f599cd7447df911aae82e49a72d8be3623cc,openalex-api-20260731T204525+0700,DQ-OPENALEX-01,VERIFIED_RAW_MANIFEST
OPENALEX:W7154140122,OPENALEX,W7154140122,"PREreview of ""Diagnostic Accuracy and Potential Resource Savings of Pooled Sputum Testing with Xpert MTB/RIF Ultra for Tuberculosis among adults in Vietnam: A Cross-Sectional Study""",2026,10.5281/zenodo.19559875,,W7154140122,https://doi.org/10.5281/zenodo.19559875,openalex/openalex-api-20260731T204525+0700/page-011.raw,027e305e0bb0f739e118626245e1f599cd7447df911aae82e49a72d8be3623cc,openalex-api-20260731T204525+0700,DQ-OPENALEX-01,VERIFIED_RAW_MANIFEST
OPENALEX:W7154143679,OPENALEX,W7154143679,"PREreview of ""Diagnostic Accuracy and Potential Resource Savings of Pooled Sputum Testing with Xpert MTB/RIF Ultra for Tuberculosis among adults in Vietnam: A Cross-Sectional Study""",2026,10.5281/zenodo.19559781,,W7154143679,https://doi.org/10.5281/zenodo.19559781,openalex/openalex-api-20260731T204525+0700/page-011.raw,027e305e0bb0f739e118626245e1f599cd7447df911aae82e49a72d8be3623cc,openalex-api-20260731T204525+0700,DQ-OPENALEX-01,VERIFIED_RAW_MANIFEST
OPENALEX:W7154305743,OPENALEX,W7154305743,Development and Validation of Machine Learning Models for Predicting Low Birth Weight in Singleton Pregnancies in Vietnam,2026,10.7759/cureus.106995,42147526,W7154305743,https://doi.org/10.7759/cureus.106995,openalex/openalex-api-20260731T204525+0700/page-007.raw,d5f108f7861acd6870332ef52c680948216663bbe1115312d1a285feb60b88a4,openalex-api-20260731T204525+0700,DQ-OPENALEX-01,VERIFIED_RAW_MANIFEST
OPENALEX:W7154413480,OPENALEX,W7154413480,Growing A Greener Future: Sustainable Practices in Agriculture,2026,10.70593/978-93-7185-755-0,,W7154413480,https://doi.org/10.70593/978-93-7185-755-0,openalex/openalex-api-20260731T204525+0700/page-012.raw,af3ef30cc2217b5ba58dac8570cde2ed08fb515afd513bc5bab42ae127e8c0f5,openalex-api-20260731T204525+0700,DQ-OPENALEX-01,VERIFIED_RAW_MANIFEST
OPENALEX:W7154607232,OPENALEX,W7154607232,Integrating Diverse Voices and Data Science: Advancing Equity in the Public Opinion Data Cycle for Health Emergencies,2026,10.26190/unsworks/32205,,W7154607232,https://doi.org/10.26190/unsworks/32205,openalex/openalex-api-20260731T204525+0700/page-008.raw,3a2168dca2cf70e3bea241429f2263fc3ad7b52cb24c11719ee3baeda6f337e9,openalex-api-20260731T204525+0700,DQ-OPENALEX-01,VERIFIED_RAW_MANIFEST
OPENALEX:W7154719521,OPENALEX,W7154719521,Guest editorial: Defining new frontiers of business research across Asian countries,2026,10.1108/jabs-04-2026-702,,W7154719521,https://doi.org/10.1108/jabs-04-2026-702,openalex/openalex-api-20260731T204525+0700/page-013.raw,1e79e9ecb8063e55faa657fa937037c99544712e501b32e59db78d1fdbd1c007,openalex-api-20260731T204525+0700,DQ-OPENALEX-01,VERIFIED_RAW_MANIFEST
OPENALEX:W7155372537,OPENALEX,W7155372537,Which Works Best for Vietnamese? A Practical Study of Information Retrieval Methods across Domains,2026,10.48448/2a35-ph29,,W7155372537,https://doi.org/10.48448/2a35-ph29,openalex/openalex-api-20260731T204525+0700/page-009.raw,d8052c422dfee1bcc043965b6c8f38ad8e3b0206af91d662e111aa0e69b78848,openalex-api-20260731T204525+0700,DQ-OPENALEX-01,VERIFIED_RAW_MANIFEST
OPENALEX:W7159928339,OPENALEX,W7159928339,Trustworthy RF/Microwave Biomedical AI: Information Fusion and Evaluation Design for Clinical Translation,2026,10.5281/zenodo.19990364,,W7159928339,https://doi.org/10.5281/zenodo.19990364,openalex/openalex-api-20260731T204525+0700/page-010.raw,567d223c6daff1b7c3515e6c3c45bad21909518ff1d22f77271a97076d3ba2eb,openalex-api-20260731T204525+0700,DQ-OPENALEX-01,VERIFIED_RAW_MANIFEST
OPENALEX:W7159931699,OPENALEX,W7159931699,Trustworthy RF/Microwave Biomedical AI: Information Fusion and Evaluation Design for Clinical Translation,2026,10.5281/zenodo.19990363,,W7159931699,https://doi.org/10.5281/zenodo.19990363,openalex/openalex-api-20260731T204525+0700/page-010.raw,567d223c6daff1b7c3515e6c3c45bad21909518ff1d22f77271a97076d3ba2eb,openalex-api-20260731T204525+0700,DQ-OPENALEX-01,VERIFIED_RAW_MANIFEST
OPENALEX:W7159940502,OPENALEX,W7159940502,"PREreview of ""Long-read sequencing of Mycobacterial tuberculosis is comparable to short-read sequencing for antimicrobial resistance prediction and epidemiological studies""",2026,10.5281/zenodo.20009361,,W7159940502,https://doi.org/10.5281/zenodo.20009361,openalex/openalex-api-20260731T204525+0700/page-012.raw,af3ef30cc2217b5ba58dac8570cde2ed08fb515afd513bc5bab42ae127e8c0f5,openalex-api-20260731T204525+0700,DQ-OPENALEX-01,VERIFIED_RAW_MANIFEST
OPENALEX:W7159954887,OPENALEX,W7159954887,Trustworthy RF/Microwave Biomedical AI: Information Fusion and Evaluation Design for Clinical Translation,2026,10.5281/zenodo.19990844,,W7159954887,https://doi.org/10.5281/zenodo.19990844,openalex/openalex-api-20260731T204525+0700/page-010.raw,567d223c6daff1b7c3515e6c3c45bad21909518ff1d22f77271a97076d3ba2eb,openalex-api-20260731T204525+0700,DQ-OPENALEX-01,VERIFIED_RAW_MANIFEST
OPENALEX:W7159973139,OPENALEX,W7159973139,LEGAL CHALLENGES IN THE ERA OF ARTIFICIAL INTELLIGENCE REGARDING PATIENTS' RIGHTS: LESSON FOR VIETNAMESE MEDICAL STUDENTS,2026,10.5281/zenodo.20007941,,W7159973139,https://doi.org/10.5281/zenodo.20007941,openalex/openalex-api-20260731T204525+0700/page-004.raw,135103e4498bc4d83cdec049b5b6ef4cc4f66250f5729b623abee25886418a16,openalex-api-20260731T204525+0700,DQ-OPENALEX-01,VERIFIED_RAW_MANIFEST
OPENALEX:W7159975701,OPENALEX,W7159975701,LEGAL CHALLENGES IN THE ERA OF ARTIFICIAL INTELLIGENCE REGARDING PATIENTS' RIGHTS: LESSON FOR VIETNAMESE MEDICAL STUDENTS,2026,10.5281/zenodo.20007942,,W7159975701,https://doi.org/10.5281/zenodo.20007942,openalex/openalex-api-20260731T204525+0700/page-004.raw,135103e4498bc4d83cdec049b5b6ef4cc4f66250f5729b623abee25886418a16,openalex-api-20260731T204525+0700,DQ-OPENALEX-01,VERIFIED_RAW_MANIFEST
OPENALEX:W7159982790,OPENALEX,W7159982790,"PREreview of ""Long-read sequencing of Mycobacterial tuberculosis is comparable to short-read sequencing for antimicrobial resistance prediction and epidemiological studies""",2026,10.5281/zenodo.20009360,,W7159982790,https://doi.org/10.5281/zenodo.20009360,openalex/openalex-api-20260731T204525+0700/page-012.raw,af3ef30cc2217b5ba58dac8570cde2ed08fb515afd513bc5bab42ae127e8c0f5,openalex-api-20260731T204525+0700,DQ-OPENALEX-01,VERIFIED_RAW_MANIFEST
OPENALEX:W7160391157,OPENALEX,W7160391157,Trustworthy RF/Microwave Biomedical AI: Information Fusion and Evaluation Design for Clinical Translation,2026,10.5281/zenodo.20045135,,W7160391157,https://doi.org/10.5281/zenodo.20045135,openalex/openalex-api-20260731T204525+0700/page-010.raw,567d223c6daff1b7c3515e6c3c45bad21909518ff1d22f77271a97076d3ba2eb,openalex-api-20260731T204525+0700,DQ-OPENALEX-01,VERIFIED_RAW_MANIFEST
OPENALEX:W7160442136,OPENALEX,W7160442136,AI for Sustainable Development in Middle-Income Southeast Asia,2026,10.4324/9781003715689-3,,W7160442136,https://doi.org/10.4324/9781003715689-3,openalex/openalex-api-20260731T204525+0700/page-012.raw,af3ef30cc2217b5ba58dac8570cde2ed08fb515afd513bc5bab42ae127e8c0f5,openalex-api-20260731T204525+0700,DQ-OPENALEX-01,VERIFIED_RAW_MANIFEST
OPENALEX:W7160627606,OPENALEX,W7160627606,Machine learning models for predicting hospital readmission due to cardiovascular diseases among the elderly: a scoping review,2025,10.6084/m9.figshare.30000934.v3,,W7160627606,https://doi.org/10.6084/m9.figshare.30000934.v3,openalex/openalex-api-20260731T204525+0700/page-006.raw,22cea224c5a15feddd5217fbd37475e1b5b0c5ebd1ba85d68136d15efcf608ea,openalex-api-20260731T204525+0700,DQ-OPENALEX-01,VERIFIED_RAW_MANIFEST
OPENALEX:W7161401802,OPENALEX,W7161401802,Primary School Teachers’ Intention to Adopt AI in Sexual and Reproductive Health Education: An Extended Technology Scceptance Model,2026,10.5812/ijpbs-169858,,W7161401802,https://doi.org/10.5812/ijpbs-169858,openalex/openalex-api-20260731T204525+0700/page-011.raw,027e305e0bb0f739e118626245e1f599cd7447df911aae82e49a72d8be3623cc,openalex-api-20260731T204525+0700,DQ-OPENALEX-01,VERIFIED_RAW_MANIFEST
OPENALEX:W7161490122,OPENALEX,W7161490122,"PREreview of ""SARS-CoV-2 Introductions into Lao PDR Revealed by Genomic Surveillance, 2021–2024""",2026,10.5281/zenodo.20257241,,W7161490122,https://doi.org/10.5281/zenodo.20257241,openalex/openalex-api-20260731T204525+0700/page-013.raw,1e79e9ecb8063e55faa657fa937037c99544712e501b32e59db78d1fdbd1c007,openalex-api-20260731T204525+0700,DQ-OPENALEX-01,VERIFIED_RAW_MANIFEST
OPENALEX:W7161495963,OPENALEX,W7161495963,"PREreview of ""SARS-CoV-2 Introductions into Lao PDR Revealed by Genomic Surveillance, 2021–2024""",2026,10.5281/zenodo.20257242,,W7161495963,https://doi.org/10.5281/zenodo.20257242,openalex/openalex-api-20260731T204525+0700/page-013.raw,1e79e9ecb8063e55faa657fa937037c99544712e501b32e59db78d1fdbd1c007,openalex-api-20260731T204525+0700,DQ-OPENALEX-01,VERIFIED_RAW_MANIFEST
OPENALEX:W7161937371,OPENALEX,W7161937371,"Machine Learning-Based Geospatial Modeling of Typhoon-Induced Urban Flood Susceptibility Using Gradient Boosting Machine, Deep Neural Network, and SHAP Interpretability",2026,10.1007/s41976-026-00291-2,,W7161937371,https://doi.org/10.1007/s41976-026-00291-2,openalex/openalex-api-20260731T204525+0700/page-007.raw,d5f108f7861acd6870332ef52c680948216663bbe1115312d1a285feb60b88a4,openalex-api-20260731T204525+0700,DQ-OPENALEX-01,VERIFIED_RAW_MANIFEST
OPENALEX:W7162023752,OPENALEX,W7162023752,Prediction of Early Functional Outcome After Acute Ischemic Stroke Using Real-World Clinical Data in Vietnam and Indonesia: Retrospective Cohort Study,2026,10.3233/shti260140,42174817,W7162023752,https://doi.org/10.3233/shti260140,openalex/openalex-api-20260731T204525+0700/page-009.raw,d8052c422dfee1bcc043965b6c8f38ad8e3b0206af91d662e111aa0e69b78848,openalex-api-20260731T204525+0700,DQ-OPENALEX-01,VERIFIED_RAW_MANIFEST
OPENALEX:W7162111234,OPENALEX,W7162111234,COPD-related mechanisms and risk signatures of cognitive impairment in the aging population,2026,10.48321/d14bfd6036,,W7162111234,https://doi.org/10.48321/d14bfd6036,openalex/openalex-api-20260731T204525+0700/page-009.raw,d8052c422dfee1bcc043965b6c8f38ad8e3b0206af91d662e111aa0e69b78848,openalex-api-20260731T204525+0700,DQ-OPENALEX-01,VERIFIED_RAW_MANIFEST
OPENALEX:W7162137859,OPENALEX,W7162137859,APPLICATION OF ARTIFICIAL INTELLIGENCE TO DEVELOP A MODEL FOR IDENTIFYING MANIA BASED ON VOICE: PRELIMINARY RESULTS,2026,10.52163/yhc.v67ie1.5097,,W7162137859,https://doi.org/10.52163/yhc.v67ie1.5097,openalex/openalex-api-20260731T204525+0700/page-008.raw,3a2168dca2cf70e3bea241429f2263fc3ad7b52cb24c11719ee3baeda6f337e9,openalex-api-20260731T204525+0700,DQ-OPENALEX-01,VERIFIED_RAW_MANIFEST
OPENALEX:W7162202752,OPENALEX,W7162202752,Machine learning models for predicting hospital readmission due to cardiovascular diseases among the elderly: a scoping review,2025,10.6084/m9.figshare.30000934.v4,,W7162202752,https://doi.org/10.6084/m9.figshare.30000934.v4,openalex/openalex-api-20260731T204525+0700/page-006.raw,22cea224c5a15feddd5217fbd37475e1b5b0c5ebd1ba85d68136d15efcf608ea,openalex-api-20260731T204525+0700,DQ-OPENALEX-01,VERIFIED_RAW_MANIFEST
OPENALEX:W7162461848,OPENALEX,W7162461848,Recovering Health Disparities When Race and Ethnicity Information is Inadequate,2026,10.17605/osf.io/n5fb2,,W7162461848,https://doi.org/10.17605/osf.io/n5fb2,openalex/openalex-api-20260731T204525+0700/page-010.raw,567d223c6daff1b7c3515e6c3c45bad21909518ff1d22f77271a97076d3ba2eb,openalex-api-20260731T204525+0700,DQ-OPENALEX-01,VERIFIED_RAW_MANIFEST
OPENALEX:W7162791292,OPENALEX,W7162791292,Fluid-sparing hyperoncotic albumin in severe dengue: A retrospective case series,2026,10.4103/apjtm.apjtm_142_26,,W7162791292,https://doi.org/10.4103/apjtm.apjtm_142_26,openalex/openalex-api-20260731T204525+0700/page-012.raw,af3ef30cc2217b5ba58dac8570cde2ed08fb515afd513bc5bab42ae127e8c0f5,openalex-api-20260731T204525+0700,DQ-OPENALEX-01,VERIFIED_RAW_MANIFEST
OPENALEX:W7163188207,OPENALEX,W7163188207,Machine learning-based model for prediction of carbamazepine- and allopurinol-induced severe cutaneous adverse reactions in Vietnamese,2026,10.1016/j.waojou.2026.101408,42292762,W7163188207,https://doi.org/10.1016/j.waojou.2026.101408,openalex/openalex-api-20260731T204525+0700/page-007.raw,d5f108f7861acd6870332ef52c680948216663bbe1115312d1a285feb60b88a4,openalex-api-20260731T204525+0700,DQ-OPENALEX-01,VERIFIED_RAW_MANIFEST
OPENALEX:W7163583691,OPENALEX,W7163583691,Toward Pre-Deployment Assurance for Enterprise AI Agents: Ontology-Grounded Simulation and Trust Certification,2026,10.48550/arxiv.2606.04037,,W7163583691,https://doi.org/10.48550/arxiv.2606.04037,openalex/openalex-api-20260731T204525+0700/page-010.raw,567d223c6daff1b7c3515e6c3c45bad21909518ff1d22f77271a97076d3ba2eb,openalex-api-20260731T204525+0700,DQ-OPENALEX-01,VERIFIED_RAW_MANIFEST
OPENALEX:W7163644638,OPENALEX,W7163644638,Academic use of ChatGPT among postgraduate healthcare students: Findings from a cross-sectional study,2026,10.29060/taps.2026-11-3/oa3767,,W7163644638,https://doi.org/10.29060/taps.2026-11-3/oa3767,openalex/openalex-api-20260731T204525+0700/page-010.raw,567d223c6daff1b7c3515e6c3c45bad21909518ff1d22f77271a97076d3ba2eb,openalex-api-20260731T204525+0700,DQ-OPENALEX-01,VERIFIED_RAW_MANIFEST
OPENALEX:W7163777289,OPENALEX,W7163777289,Toward Pre-Deployment Assurance for Enterprise AI Agents: Ontology-Grounded Simulation and Trust Certification,2026,,,W7163777289,https://openalex.org/WW7163777289,openalex/openalex-api-20260731T204525+0700/page-010.raw,567d223c6daff1b7c3515e6c3c45bad21909518ff1d22f77271a97076d3ba2eb,openalex-api-20260731T204525+0700,DQ-OPENALEX-01,VERIFIED_RAW_MANIFEST
OPENALEX:W7163877191,OPENALEX,W7163877191,Editorial,2026,10.1108/jedt-07-2026-756,,W7163877191,https://doi.org/10.1108/jedt-07-2026-756,openalex/openalex-api-20260731T204525+0700/page-009.raw,d8052c422dfee1bcc043965b6c8f38ad8e3b0206af91d662e111aa0e69b78848,openalex-api-20260731T204525+0700,DQ-OPENALEX-01,VERIFIED_RAW_MANIFEST
OPENALEX:W7163924730,OPENALEX,W7163924730,Integrating google trends and hybrid statistical-machine learning models for dengue surveillance in an inland vietnamese province: a 94-month evaluation (2013–2021) with search-signal anomaly screening,2026,10.1007/s00484-026-03241-1,42258012,W7163924730,https://doi.org/10.1007/s00484-026-03241-1,openalex/openalex-api-20260731T204525+0700/page-008.raw,3a2168dca2cf70e3bea241429f2263fc3ad7b52cb24c11719ee3baeda6f337e9,openalex-api-20260731T204525+0700,DQ-OPENALEX-01,VERIFIED_RAW_MANIFEST
OPENALEX:W7164035859,OPENALEX,W7164035859,Cost-Aware Distillation of a Commercial First-Trimester Preeclampsia Screening Engine in Northern Vietnam: Tiered Feature Sets and Explain Ability,2026,10.52852/tcncyh.v202i5e18.4613,,W7164035859,https://doi.org/10.52852/tcncyh.v202i5e18.4613,openalex/openalex-api-20260731T204525+0700/page-007.raw,d5f108f7861acd6870332ef52c680948216663bbe1115312d1a285feb60b88a4,openalex-api-20260731T204525+0700,DQ-OPENALEX-01,VERIFIED_RAW_MANIFEST
OPENALEX:W7164188585,OPENALEX,W7164188585,327 An ai-based retinal cardiovascular risk biomarker reflects coronary angiographic disease burden,2026,10.1136/heartjnl-2026-bcs.263,,W7164188585,https://doi.org/10.1136/heartjnl-2026-bcs.263,openalex/openalex-api-20260731T204525+0700/page-009.raw,d8052c422dfee1bcc043965b6c8f38ad8e3b0206af91d662e111aa0e69b78848,openalex-api-20260731T204525+0700,DQ-OPENALEX-01,VERIFIED_RAW_MANIFEST
OPENALEX:W7164387246,OPENALEX,W7164387246,ViHERMES: A Graph-Grounded Multihop Question Answering Benchmark and System for Vietnamese Healthcare Regulations,2026,10.1007/978-981-92-0071-9_22,,W7164387246,https://doi.org/10.1007/978-981-92-0071-9_22,openalex/openalex-api-20260731T204525+0700/page-005.raw,b1307c741cb653ca8122f1ae281aaf5935a342a4df7ea19b9676a23a68cb3764,openalex-api-20260731T204525+0700,DQ-OPENALEX-01,VERIFIED_RAW_MANIFEST
OPENALEX:W7164428448,OPENALEX,W7164428448,Identifying Distress in Vietnamese Narratives: Dataset Construction and Model Benchmarking,2026,10.1007/978-981-92-0071-9_36,,W7164428448,https://doi.org/10.1007/978-981-92-0071-9_36,openalex/openalex-api-20260731T204525+0700/page-008.raw,3a2168dca2cf70e3bea241429f2263fc3ad7b52cb24c11719ee3baeda6f337e9,openalex-api-20260731T204525+0700,DQ-OPENALEX-01,VERIFIED_RAW_MANIFEST
OPENALEX:W7164488307,OPENALEX,W7164488307,Artificial Intelligence Integration in Medical Education: A Landscape with HOT Dimensions in Viet Nam,2026,10.1596/45024,,W7164488307,https://doi.org/10.1596/45024,openalex/openalex-api-20260731T204525+0700/page-004.raw,135103e4498bc4d83cdec049b5b6ef4cc4f66250f5729b623abee25886418a16,openalex-api-20260731T204525+0700,DQ-OPENALEX-01,VERIFIED_RAW_MANIFEST
OPENALEX:W7165285162,OPENALEX,W7165285162,A Comparison of Machine Learning Methods for Alzheimer's Disease Classification in Vietnamese Patients,2025,,,W7165285162,https://openalex.org/WW7165285162,openalex/openalex-api-20260731T204525+0700/page-006.raw,22cea224c5a15feddd5217fbd37475e1b5b0c5ebd1ba85d68136d15efcf608ea,openalex-api-20260731T204525+0700,DQ-OPENALEX-01,VERIFIED_RAW_MANIFEST
OPENALEX:W7165659512,OPENALEX,W7165659512,Validation of online clearance monitoring and machine learning-based prediction of dialysis adequacy in Vietnamese hemodialysis patients: a cross-sectional study,2026,10.1186/s12882-026-05114-6,42337499,W7165659512,https://doi.org/10.1186/s12882-026-05114-6,openalex/openalex-api-20260731T204525+0700/page-006.raw,22cea224c5a15feddd5217fbd37475e1b5b0c5ebd1ba85d68136d15efcf608ea,openalex-api-20260731T204525+0700,DQ-OPENALEX-01,VERIFIED_RAW_MANIFEST
OPENALEX:W7166089943,OPENALEX,W7166089943,Ethics meets innovation: Navigating public health and sustainable agriculture in the battle against AMR,2026,10.1016/b978-0-443-27781-8.00021-x,,W7166089943,https://doi.org/10.1016/b978-0-443-27781-8.00021-x,openalex/openalex-api-20260731T204525+0700/page-007.raw,d5f108f7861acd6870332ef52c680948216663bbe1115312d1a285feb60b88a4,openalex-api-20260731T204525+0700,DQ-OPENALEX-01,VERIFIED_RAW_MANIFEST
OPENALEX:W7166291405,OPENALEX,W7166291405,A data-driven governance framework for co-creation healthcare quality in public hospitals,2026,10.1186/s12982-026-02342-x,,W7166291405,https://doi.org/10.1186/s12982-026-02342-x,openalex/openalex-api-20260731T204525+0700/page-005.raw,b1307c741cb653ca8122f1ae281aaf5935a342a4df7ea19b9676a23a68cb3764,openalex-api-20260731T204525+0700,DQ-OPENALEX-01,VERIFIED_RAW_MANIFEST
OPENALEX:W7166448728,OPENALEX,W7166448728,TH-Hien Model: protocol and statistical analysis plan (HBeAg-negative CHB),2026,10.17605/osf.io/yvxqp,,W7166448728,https://doi.org/10.17605/osf.io/yvxqp,openalex/openalex-api-20260731T204525+0700/page-011.raw,027e305e0bb0f739e118626245e1f599cd7447df911aae82e49a72d8be3623cc,openalex-api-20260731T204525+0700,DQ-OPENALEX-01,VERIFIED_RAW_MANIFEST
OPENALEX:W7166875773,OPENALEX,W7166875773,TLAS-YHCT VN: Development and Evaluation of a Socratic AI Teaching Assistant for Traditional Vietnamese Medicine Education — A Two-Phase Mixed-Methods Study (Preprint),2026,10.2196/preprints.105820,,W7166875773,https://doi.org/10.2196/preprints.105820,openalex/openalex-api-20260731T204525+0700/page-008.raw,3a2168dca2cf70e3bea241429f2263fc3ad7b52cb24c11719ee3baeda6f337e9,openalex-api-20260731T204525+0700,DQ-OPENALEX-01,VERIFIED_RAW_MANIFEST
OPENALEX:W7167283633,OPENALEX,W7167283633,"Knowledge, Attitudes, and Practices Related to AI in Learning and Research Among Medical Students in Vietnam: Cross-Sectional Study",2026,10.2196/95867,42397674,W7167283633,https://doi.org/10.2196/95867,openalex/openalex-api-20260731T204525+0700/page-008.raw,3a2168dca2cf70e3bea241429f2263fc3ad7b52cb24c11719ee3baeda6f337e9,openalex-api-20260731T204525+0700,DQ-OPENALEX-01,VERIFIED_RAW_MANIFEST
OPENALEX:W7167353707,OPENALEX,W7167353707,SENTINEL-Dengue ASEAN-11: An AI-Powered Climate–Geospatial Intelligence System for Dengue Early Warning and Surveillance Prioritization Across Southeast Asia,2026,10.52939/ijg.v22i6.5044,,W7167353707,https://doi.org/10.52939/ijg.v22i6.5044,openalex/openalex-api-20260731T204525+0700/page-011.raw,027e305e0bb0f739e118626245e1f599cd7447df911aae82e49a72d8be3623cc,openalex-api-20260731T204525+0700,DQ-OPENALEX-01,VERIFIED_RAW_MANIFEST
OPENALEX:W7167820862,OPENALEX,W7167820862,An integrated deep learning and large language model for automated knee osteoarthritis grading and reporting from the Vietnam Osteoporosis Study,2026,10.1016/j.afos.2026.05.003,,W7167820862,https://doi.org/10.1016/j.afos.2026.05.003,openalex/openalex-api-20260731T204525+0700/page-005.raw,b1307c741cb653ca8122f1ae281aaf5935a342a4df7ea19b9676a23a68cb3764,openalex-api-20260731T204525+0700,DQ-OPENALEX-01,VERIFIED_RAW_MANIFEST
OPENALEX:W7167895805,OPENALEX,W7167895805,"Guest editorial: Beyond Industry 4.0: humancentricity, resilience and sustainability in the age of digital transformation",2026,10.1108/jsma-08-2026-526,,W7167895805,https://doi.org/10.1108/jsma-08-2026-526,openalex/openalex-api-20260731T204525+0700/page-014.raw,25d78a8ffa8b11a4be6dd8b38ee00991b6902b208810f51f0ca606d3f29d72fe,openalex-api-20260731T204525+0700,DQ-OPENALEX-01,VERIFIED_RAW_MANIFEST
OPENALEX:W7167919040,OPENALEX,W7167919040,"Knowledge, attitudes, and practices regarding artificial intelligence among health professions students: Implications for AI readiness",2026,10.62685/tbjmp.2026.22.05,,W7167919040,https://doi.org/10.62685/tbjmp.2026.22.05,openalex/openalex-api-20260731T204525+0700/page-008.raw,3a2168dca2cf70e3bea241429f2263fc3ad7b52cb24c11719ee3baeda6f337e9,openalex-api-20260731T204525+0700,DQ-OPENALEX-01,VERIFIED_RAW_MANIFEST
OPENALEX:W7168031339,OPENALEX,W7168031339,Feasibility of Real-Time AI Models For Clinical Tasks Involving Tetanus: Study Protocol,2026,10.12688/wellcomeopenres.26814.1,,W7168031339,https://doi.org/10.12688/wellcomeopenres.26814.1,openalex/openalex-api-20260731T204525+0700/page-011.raw,027e305e0bb0f739e118626245e1f599cd7447df911aae82e49a72d8be3623cc,openalex-api-20260731T204525+0700,DQ-OPENALEX-01,VERIFIED_RAW_MANIFEST
OPENALEX:W7168084297,OPENALEX,W7168084297,First-Trimester Non-Invasive Prediction of Preterm Birth Using Cell-Free DNA Fragmentomics,2026,10.64898/2026.07.07.736241,,W7168084297,https://doi.org/10.64898/2026.07.07.736241,openalex/openalex-api-20260731T204525+0700/page-014.raw,25d78a8ffa8b11a4be6dd8b38ee00991b6902b208810f51f0ca606d3f29d72fe,openalex-api-20260731T204525+0700,DQ-OPENALEX-01,VERIFIED_RAW_MANIFEST
OPENALEX:W7168293668,OPENALEX,W7168293668,NEM: A Numerical Exact Match Subtype-Aware Metric Family for eXplainable Numerical Accuracy in Specialized Chatbots,2026,10.1007/978-981-92-2891-1_5,,W7168293668,https://doi.org/10.1007/978-981-92-2891-1_5,openalex/openalex-api-20260731T204525+0700/page-008.raw,3a2168dca2cf70e3bea241429f2263fc3ad7b52cb24c11719ee3baeda6f337e9,openalex-api-20260731T204525+0700,DQ-OPENALEX-01,VERIFIED_RAW_MANIFEST
OPENALEX:W7168423530,OPENALEX,W7168423530,Graph Retrieval-Augmented Language Model for Question Answering of Vietnamese Law,2026,10.1007/978-981-92-2885-0_22,,W7168423530,https://doi.org/10.1007/978-981-92-2885-0_22,openalex/openalex-api-20260731T204525+0700/page-006.raw,22cea224c5a15feddd5217fbd37475e1b5b0c5ebd1ba85d68136d15efcf608ea,openalex-api-20260731T204525+0700,DQ-OPENALEX-01,VERIFIED_RAW_MANIFEST
OPENALEX:W7169506880,OPENALEX,W7169506880,APPLICATION OF ARTIFICIAL INTELLIGENCE IN SCREENING FOR AUTISM SPECTRUM DISORDER IN CHILDREN AT CAN THO CHILDREN'S HOSPITAL,2026,10.58490/ctjump.2026i11ta.4353,,W7169506880,https://doi.org/10.58490/ctjump.2026i11ta.4353,openalex/openalex-api-20260731T204525+0700/page-006.raw,22cea224c5a15feddd5217fbd37475e1b5b0c5ebd1ba85d68136d15efcf608ea,openalex-api-20260731T204525+0700,DQ-OPENALEX-01,VERIFIED_RAW_MANIFEST
OPENALEX:W7169562234,OPENALEX,W7169562234,"Kiến thức, thái độ và thực hành ứng dụng trí tuệ nhân tạo trong học tập của sinh viên Điều dưỡng tại Đại học Y Dược Thành phố Hồ Chí Minh",2026,10.32895/hcjm.m.2026.09.04,,W7169562234,https://doi.org/10.32895/hcjm.m.2026.09.04,openalex/openalex-api-20260731T204525+0700/page-012.raw,af3ef30cc2217b5ba58dac8570cde2ed08fb515afd513bc5bab42ae127e8c0f5,openalex-api-20260731T204525+0700,DQ-OPENALEX-01,VERIFIED_RAW_MANIFEST
OPENALEX:W7170153913,OPENALEX,W7170153913,From Data to Decisions: An AI/IT Intelligence Architecture for Asset-Light International Trading SMEs,2026,10.5281/zenodo.21506115,,W7170153913,https://doi.org/10.5281/zenodo.21506115,openalex/openalex-api-20260731T204525+0700/page-012.raw,af3ef30cc2217b5ba58dac8570cde2ed08fb515afd513bc5bab42ae127e8c0f5,openalex-api-20260731T204525+0700,DQ-OPENALEX-01,VERIFIED_RAW_MANIFEST
OPENALEX:W7170183232,OPENALEX,W7170183232,From Data to Decisions: An AI/IT Intelligence Architecture for Asset-Light International Trading SMEs,2026,10.5281/zenodo.21506114,,W7170183232,https://doi.org/10.5281/zenodo.21506114,openalex/openalex-api-20260731T204525+0700/page-012.raw,af3ef30cc2217b5ba58dac8570cde2ed08fb515afd513bc5bab42ae127e8c0f5,openalex-api-20260731T204525+0700,DQ-OPENALEX-01,VERIFIED_RAW_MANIFEST
OPENALEX:W7171557032,OPENALEX,W7171557032,Editorial,2026,10.1108/jedt-09-2026-758,,W7171557032,https://doi.org/10.1108/jedt-09-2026-758,openalex/openalex-api-20260731T204525+0700/page-012.raw,af3ef30cc2217b5ba58dac8570cde2ed08fb515afd513bc5bab42ae127e8c0f5,openalex-api-20260731T204525+0700,DQ-OPENALEX-01,VERIFIED_RAW_MANIFEST
OPENALEX:W7171671313,OPENALEX,W7171671313,Neurai-VN Benchmark: Standardized Machine Learning Models for Multimodal Digital Phenotyping in Mental Health Classification,2026,10.48550/arxiv.2607.25232,,W7171671313,https://doi.org/10.48550/arxiv.2607.25232,openalex/openalex-api-20260731T204525+0700/page-008.raw,3a2168dca2cf70e3bea241429f2263fc3ad7b52cb24c11719ee3baeda6f337e9,openalex-api-20260731T204525+0700,DQ-OPENALEX-01,VERIFIED_RAW_MANIFEST
PMID:30717268,PUBMED,30717268,Artificial Intelligence vs. Natural Stupidity: Evaluating AI readiness for the Vietnamese Medical Information System.,2019,10.3390/jcm8020168,30717268,,https://pubmed.ncbi.nlm.nih.gov/30717268/,pubmed/eutils-run-20260731T203345+0700/esummary-batch-000000-response.raw,6dcda599ce665be7ffcbab1bc60df9dd7948f313fb5e161fcf018652c2cdbcde,search-rerun-01-2026-07-31-pubmed-eutils-20260731T203345+0700,DQ-PUBMED-01,VERIFIED_RAW_MANIFEST
PMID:31253823,PUBMED,31253823,Cross-serotype interactions and disease outcome prediction of dengue infections in Vietnam.,2019,10.1038/s41598-019-45816-6,31253823,,https://pubmed.ncbi.nlm.nih.gov/31253823/,pubmed/eutils-run-20260731T203345+0700/esummary-batch-000000-response.raw,6dcda599ce665be7ffcbab1bc60df9dd7948f313fb5e161fcf018652c2cdbcde,search-rerun-01-2026-07-31-pubmed-eutils-20260731T203345+0700,DQ-PUBMED-01,VERIFIED_RAW_MANIFEST
PMID:31412685,PUBMED,31412685,An Integrated Fuzzy AHP and Fuzzy TOPSIS Approach to Assess Sustainable Urban Development in an Emerging Economy.,2019,10.3390/ijerph16162902,31412685,,https://pubmed.ncbi.nlm.nih.gov/31412685/,pubmed/eutils-run-20260731T203345+0700/esummary-batch-000000-response.raw,6dcda599ce665be7ffcbab1bc60df9dd7948f313fb5e161fcf018652c2cdbcde,search-rerun-01-2026-07-31-pubmed-eutils-20260731T203345+0700,DQ-PUBMED-01,VERIFIED_RAW_MANIFEST
PMID:31916153,PUBMED,31916153,Inland harmful cyanobacterial bloom prediction in the eutrophic Tri An Reservoir using satellite band ratio and machine learning approaches.,2020,10.1007/s11356-019-07519-3,31916153,,https://pubmed.ncbi.nlm.nih.gov/31916153/,pubmed/eutils-run-20260731T203345+0700/esummary-batch-000000-response.raw,6dcda599ce665be7ffcbab1bc60df9dd7948f313fb5e161fcf018652c2cdbcde,search-rerun-01-2026-07-31-pubmed-eutils-20260731T203345+0700,DQ-PUBMED-01,VERIFIED_RAW_MANIFEST
PMID:32431851,PUBMED,32431851,Severity detection tool for patients with infectious disease.,2020,10.1049/htl.2019.0030,32431851,,https://pubmed.ncbi.nlm.nih.gov/32431851/,pubmed/eutils-run-20260731T203345+0700/esummary-batch-000000-response.raw,6dcda599ce665be7ffcbab1bc60df9dd7948f313fb5e161fcf018652c2cdbcde,search-rerun-01-2026-07-31-pubmed-eutils-20260731T203345+0700,DQ-PUBMED-01,VERIFIED_RAW_MANIFEST
PMID:33095109,PUBMED,33095109,Assessment of User Needs for Telemedicine Robots in a Developing Nation Hospital Setting.,2021,10.1089/tmj.2020.0215,33095109,,https://pubmed.ncbi.nlm.nih.gov/33095109/,pubmed/eutils-run-20260731T203345+0700/esummary-batch-000000-response.raw,6dcda599ce665be7ffcbab1bc60df9dd7948f313fb5e161fcf018652c2cdbcde,search-rerun-01-2026-07-31-pubmed-eutils-20260731T203345+0700,DQ-PUBMED-01,VERIFIED_RAW_MANIFEST
PMID:34118630,PUBMED,34118630,Performance evaluation of nanotubular halloysites from weathered pegmatites in removing heavy metals from water through novel artificial intelligence-based models and human-based optimization algorithm.,2021,10.1016/j.chemosphere.2021.131012,34118630,,https://pubmed.ncbi.nlm.nih.gov/34118630/,pubmed/eutils-run-20260731T203345+0700/esummary-batch-000000-response.raw,6dcda599ce665be7ffcbab1bc60df9dd7948f313fb5e161fcf018652c2cdbcde,search-rerun-01-2026-07-31-pubmed-eutils-20260731T203345+0700,DQ-PUBMED-01,VERIFIED_RAW_MANIFEST
PMID:34282632,PUBMED,34282632,Analysis of Periodontal Conditions in the Provinces of Vietnam: Results From the National Dental Survey.,2022,10.1177/10105395211029803,34282632,,https://pubmed.ncbi.nlm.nih.gov/34282632/,pubmed/eutils-run-20260731T203345+0700/esummary-batch-000000-response.raw,6dcda599ce665be7ffcbab1bc60df9dd7948f313fb5e161fcf018652c2cdbcde,search-rerun-01-2026-07-31-pubmed-eutils-20260731T203345+0700,DQ-PUBMED-01,VERIFIED_RAW_MANIFEST
PMID:35062181,PUBMED,35062181,Cory COVID-Bot: An Evidence-Based Behavior Change Chatbot for COVID-19.,2022,10.3233/shti210948,35062181,,https://pubmed.ncbi.nlm.nih.gov/35062181/,pubmed/eutils-run-20260731T203345+0700/esummary-batch-000000-response.raw,6dcda599ce665be7ffcbab1bc60df9dd7948f313fb5e161fcf018652c2cdbcde,search-rerun-01-2026-07-31-pubmed-eutils-20260731T203345+0700,DQ-PUBMED-01,VERIFIED_RAW_MANIFEST
PMID:35062809,PUBMED,35062809,The Impact of Cultural Dimensions of Clinicians on the Adoption of Artificial Intelligence in Healthcare.,2022,,35062809,,https://pubmed.ncbi.nlm.nih.gov/35062809/,pubmed/eutils-run-20260731T203345+0700/esummary-batch-000000-response.raw,6dcda599ce665be7ffcbab1bc60df9dd7948f313fb5e161fcf018652c2cdbcde,search-rerun-01-2026-07-31-pubmed-eutils-20260731T203345+0700,DQ-PUBMED-01,VERIFIED_RAW_MANIFEST
PMID:35069786,PUBMED,35069786,Shape Prediction of Nasal Bones by Digital 2D-Photogrammetry of the Nose Based on Convolution and Back-Propagation Neural Network.,2022,10.1155/2022/5938493,35069786,,https://pubmed.ncbi.nlm.nih.gov/35069786/,pubmed/eutils-run-20260731T203345+0700/esummary-batch-000000-response.raw,6dcda599ce665be7ffcbab1bc60df9dd7948f313fb5e161fcf018652c2cdbcde,search-rerun-01-2026-07-31-pubmed-eutils-20260731T203345+0700,DQ-PUBMED-01,VERIFIED_RAW_MANIFEST
PMID:35138264,PUBMED,35138264,Digital Health Policy and Programs for Hospital Care in Vietnam: Scoping Review.,2022,10.2196/32392,35138264,,https://pubmed.ncbi.nlm.nih.gov/35138264/,pubmed/eutils-run-20260731T203345+0700/esummary-batch-000000-response.raw,6dcda599ce665be7ffcbab1bc60df9dd7948f313fb5e161fcf018652c2cdbcde,search-rerun-01-2026-07-31-pubmed-eutils-20260731T203345+0700,DQ-PUBMED-01,VERIFIED_RAW_MANIFEST
PMID:35360365,PUBMED,35360365,The Diagnosis of Dengue in Patients Presenting With Acute Febrile Illness Using Supervised Machine Learning and Impact of Seasonality.,2022,10.3389/fdgth.2022.849641,35360365,,https://pubmed.ncbi.nlm.nih.gov/35360365/,pubmed/eutils-run-20260731T203345+0700/esummary-batch-000000-response.raw,6dcda599ce665be7ffcbab1bc60df9dd7948f313fb5e161fcf018652c2cdbcde,search-rerun-01-2026-07-31-pubmed-eutils-20260731T203345+0700,DQ-PUBMED-01,VERIFIED_RAW_MANIFEST
PMID:35387649,PUBMED,35387649,The compensatory reserve index predicts recurrent shock in patients with severe dengue.,2022,10.1186/s12916-022-02311-6,35387649,,https://pubmed.ncbi.nlm.nih.gov/35387649/,pubmed/eutils-run-20260731T203345+0700/esummary-batch-000000-response.raw,6dcda599ce665be7ffcbab1bc60df9dd7948f313fb5e161fcf018652c2cdbcde,search-rerun-01-2026-07-31-pubmed-eutils-20260731T203345+0700,DQ-PUBMED-01,VERIFIED_RAW_MANIFEST
PMID:35632275,PUBMED,35632275,Sepsis Mortality Prediction Using Wearable Monitoring in Low-Middle Income Countries.,2022,10.3390/s22103866,35632275,,https://pubmed.ncbi.nlm.nih.gov/35632275/,pubmed/eutils-run-20260731T203345+0700/esummary-batch-000000-response.raw,6dcda599ce665be7ffcbab1bc60df9dd7948f313fb5e161fcf018652c2cdbcde,search-rerun-01-2026-07-31-pubmed-eutils-20260731T203345+0700,DQ-PUBMED-01,VERIFIED_RAW_MANIFEST
PMID:35966141,PUBMED,35966141,Deployment and validation of an AI system for detecting abnormal chest radiographs in clinical settings.,2022,10.3389/fdgth.2022.890759,35966141,,https://pubmed.ncbi.nlm.nih.gov/35966141/,pubmed/eutils-run-20260731T203345+0700/esummary-batch-000000-response.raw,6dcda599ce665be7ffcbab1bc60df9dd7948f313fb5e161fcf018652c2cdbcde,search-rerun-01-2026-07-31-pubmed-eutils-20260731T203345+0700,DQ-PUBMED-01,VERIFIED_RAW_MANIFEST
PMID:36081013,PUBMED,36081013,Classification of Tetanus Severity in Intensive-Care Settings for Low-Income Countries Using Wearable Sensing.,2022,10.3390/s22176554,36081013,,https://pubmed.ncbi.nlm.nih.gov/36081013/,pubmed/eutils-run-20260731T203345+0700/esummary-batch-000000-response.raw,6dcda599ce665be7ffcbab1bc60df9dd7948f313fb5e161fcf018652c2cdbcde,search-rerun-01-2026-07-31-pubmed-eutils-20260731T203345+0700,DQ-PUBMED-01,VERIFIED_RAW_MANIFEST
PMID:36088657,PUBMED,36088657,Flood risk mapping and analysis using an integrated framework of machine learning models and analytic hierarchy process.,2023,10.1111/risa.14018,36088657,,https://pubmed.ncbi.nlm.nih.gov/36088657/,pubmed/eutils-run-20260731T203345+0700/esummary-batch-000000-response.raw,6dcda599ce665be7ffcbab1bc60df9dd7948f313fb5e161fcf018652c2cdbcde,search-rerun-01-2026-07-31-pubmed-eutils-20260731T203345+0700,DQ-PUBMED-01,VERIFIED_RAW_MANIFEST
PMID:36386862,PUBMED,36386862,Quantifying mangrove leaf area index from Sentinel-2 imagery using hybrid models and active learning.,2022,10.1080/01431161.2021.2024912,36386862,,https://pubmed.ncbi.nlm.nih.gov/36386862/,pubmed/eutils-run-20260731T203345+0700/esummary-batch-000000-response.raw,6dcda599ce665be7ffcbab1bc60df9dd7948f313fb5e161fcf018652c2cdbcde,search-rerun-01-2026-07-31-pubmed-eutils-20260731T203345+0700,DQ-PUBMED-01,VERIFIED_RAW_MANIFEST
PMID:36418408,PUBMED,36418408,Predicting the risk of osteoporosis in older Vietnamese women using machine learning approaches.,2022,10.1038/s41598-022-24181-x,36418408,,https://pubmed.ncbi.nlm.nih.gov/36418408/,pubmed/eutils-run-20260731T203345+0700/esummary-batch-000000-response.raw,6dcda599ce665be7ffcbab1bc60df9dd7948f313fb5e161fcf018652c2cdbcde,search-rerun-01-2026-07-31-pubmed-eutils-20260731T203345+0700,DQ-PUBMED-01,VERIFIED_RAW_MANIFEST
PMID:36561922,PUBMED,36561922,"Measuring adherence, acceptability and likability of an artificial-intelligence-based, gamified phone application to improve the quality of dietary choices of adolescents in Ghana and Vietnam: Protocol of a randomized controlled pilot test.",2022,10.3389/fdgth.2022.961604,36561922,,https://pubmed.ncbi.nlm.nih.gov/36561922/,pubmed/eutils-run-20260731T203345+0700/esummary-batch-000000-response.raw,6dcda599ce665be7ffcbab1bc60df9dd7948f313fb5e161fcf018652c2cdbcde,search-rerun-01-2026-07-31-pubmed-eutils-20260731T203345+0700,DQ-PUBMED-01,VERIFIED_RAW_MANIFEST
PMID:36668902,PUBMED,36668902,Multidimensional Machine Learning for Assessing Parameters Associated With COVID-19 in Vietnam: Validation Study.,2023,10.2196/42895,36668902,,https://pubmed.ncbi.nlm.nih.gov/36668902/,pubmed/eutils-run-20260731T203345+0700/esummary-batch-000000-response.raw,6dcda599ce665be7ffcbab1bc60df9dd7948f313fb5e161fcf018652c2cdbcde,search-rerun-01-2026-07-31-pubmed-eutils-20260731T203345+0700,DQ-PUBMED-01,VERIFIED_RAW_MANIFEST
PMID:36812518,PUBMED,36812518,Applied machine learning for the risk-stratification and clinical decision support of hospitalised patients with dengue in Vietnam.,2022,10.1371/journal.pdig.0000005,36812518,,https://pubmed.ncbi.nlm.nih.gov/36812518/,pubmed/eutils-run-20260731T203345+0700/esummary-batch-000000-response.raw,6dcda599ce665be7ffcbab1bc60df9dd7948f313fb5e161fcf018652c2cdbcde,search-rerun-01-2026-07-31-pubmed-eutils-20260731T203345+0700,DQ-PUBMED-01,VERIFIED_RAW_MANIFEST
PMID:36842381,PUBMED,36842381,"Multi-output machine learning model for regional air pollution forecasting in Ho Chi Minh City, Vietnam.",2023,10.1016/j.envint.2023.107848,36842381,,https://pubmed.ncbi.nlm.nih.gov/36842381/,pubmed/eutils-run-20260731T203345+0700/esummary-batch-000000-response.raw,6dcda599ce665be7ffcbab1bc60df9dd7948f313fb5e161fcf018652c2cdbcde,search-rerun-01-2026-07-31-pubmed-eutils-20260731T203345+0700,DQ-PUBMED-01,VERIFIED_RAW_MANIFEST
PMID:37058576,PUBMED,37058576,Adapting and Scaling a Digital Health Intervention to Improve Maternal and Child Health Among Ethnic Minority Women in Vietnam Amid the COVID-19 Context: Protocol for the dMOM Project.,2023,10.2196/44720,37058576,,https://pubmed.ncbi.nlm.nih.gov/37058576/,pubmed/eutils-run-20260731T203345+0700/esummary-batch-000000-response.raw,6dcda599ce665be7ffcbab1bc60df9dd7948f313fb5e161fcf018652c2cdbcde,search-rerun-01-2026-07-31-pubmed-eutils-20260731T203345+0700,DQ-PUBMED-01,VERIFIED_RAW_MANIFEST
PMID:37283981,PUBMED,37283981,Development and Asian-wide validation of the Grade for Interpretable Field Triage (GIFT) for predicting mortality in pre-hospital patients using the Pan-Asian Trauma Outcomes Study (PATOS).,2023,10.1016/j.lanwpc.2023.100733,37283981,,https://pubmed.ncbi.nlm.nih.gov/37283981/,pubmed/eutils-run-20260731T203345+0700/esummary-batch-000000-response.raw,6dcda599ce665be7ffcbab1bc60df9dd7948f313fb5e161fcf018652c2cdbcde,search-rerun-01-2026-07-31-pubmed-eutils-20260731T203345+0700,DQ-PUBMED-01,VERIFIED_RAW_MANIFEST
PMID:37370981,PUBMED,37370981,The Utilization of Machine Learning Algorithms for Assisting Physicians in the Diagnosis of Diabetes.,2023,10.3390/diagnostics13122087,37370981,,https://pubmed.ncbi.nlm.nih.gov/37370981/,pubmed/eutils-run-20260731T203345+0700/esummary-batch-000000-response.raw,6dcda599ce665be7ffcbab1bc60df9dd7948f313fb5e161fcf018652c2cdbcde,search-rerun-01-2026-07-31-pubmed-eutils-20260731T203345+0700,DQ-PUBMED-01,VERIFIED_RAW_MANIFEST
PMID:37397176,PUBMED,37397176,"Applying artificial intelligence and digital health technologies, Viet Nam.",2023,10.2471/blt.22.289423,37397176,,https://pubmed.ncbi.nlm.nih.gov/37397176/,pubmed/eutils-run-20260731T203345+0700/esummary-batch-000000-response.raw,6dcda599ce665be7ffcbab1bc60df9dd7948f313fb5e161fcf018652c2cdbcde,search-rerun-01-2026-07-31-pubmed-eutils-20260731T203345+0700,DQ-PUBMED-01,VERIFIED_RAW_MANIFEST
PMID:37900571,PUBMED,37900571,Ensemble learning of myocardial displacements for myocardial infarction detection in echocardiography.,2023,10.3389/fcvm.2023.1185172,37900571,,https://pubmed.ncbi.nlm.nih.gov/37900571/,pubmed/eutils-run-20260731T203345+0700/esummary-batch-000000-response.raw,6dcda599ce665be7ffcbab1bc60df9dd7948f313fb5e161fcf018652c2cdbcde,search-rerun-01-2026-07-31-pubmed-eutils-20260731T203345+0700,DQ-PUBMED-01,VERIFIED_RAW_MANIFEST
PMID:37999607,PUBMED,37999607,Computer-Aided Detection for Chest Radiography to Improve the Quality of Tuberculosis Diagnosis in Vietnam's District Health Facilities: An Implementation Study.,2023,10.3390/tropicalmed8110488,37999607,,https://pubmed.ncbi.nlm.nih.gov/37999607/,pubmed/eutils-run-20260731T203345+0700/esummary-batch-000000-response.raw,6dcda599ce665be7ffcbab1bc60df9dd7948f313fb5e161fcf018652c2cdbcde,search-rerun-01-2026-07-31-pubmed-eutils-20260731T203345+0700,DQ-PUBMED-01,VERIFIED_RAW_MANIFEST
PMID:38815363,PUBMED,38815363,Towards a machine-learning assisted non-invasive classification of dengue severity using wearable PPG data: a prospective clinical study.,2024,10.1016/j.ebiom.2024.105164,38815363,,https://pubmed.ncbi.nlm.nih.gov/38815363/,pubmed/eutils-run-20260731T203345+0700/esummary-batch-000000-response.raw,6dcda599ce665be7ffcbab1bc60df9dd7948f313fb5e161fcf018652c2cdbcde,search-rerun-01-2026-07-31-pubmed-eutils-20260731T203345+0700,DQ-PUBMED-01,VERIFIED_RAW_MANIFEST
PMID:38817706,PUBMED,38817706,Feasibility of Using an Artificial Intelligence-based Telephone Application for Dietary Assessment and Nudging to Improve the Quality of Food Choices of Female Adolescents in Vietnam: Evidence from a Randomized Pilot Study.,2024,10.1016/j.cdnut.2023.102063,38817706,,https://pubmed.ncbi.nlm.nih.gov/38817706/,pubmed/eutils-run-20260731T203345+0700/esummary-batch-000000-response.raw,6dcda599ce665be7ffcbab1bc60df9dd7948f313fb5e161fcf018652c2cdbcde,search-rerun-01-2026-07-31-pubmed-eutils-20260731T203345+0700,DQ-PUBMED-01,VERIFIED_RAW_MANIFEST
PMID:38833268,PUBMED,38833268,A theoretical screening of phytochemical constituents from Millettia brandisiana as inhibitors against acetylcholinesterase.,2024,10.1039/d3cp05350d,38833268,,https://pubmed.ncbi.nlm.nih.gov/38833268/,pubmed/eutils-run-20260731T203345+0700/esummary-batch-000000-response.raw,6dcda599ce665be7ffcbab1bc60df9dd7948f313fb5e161fcf018652c2cdbcde,search-rerun-01-2026-07-31-pubmed-eutils-20260731T203345+0700,DQ-PUBMED-01,VERIFIED_RAW_MANIFEST
PMID:38858466,PUBMED,38858466,Mitigating machine learning bias between high income and low-middle income countries for enhanced model fairness and generalizability.,2024,10.1038/s41598-024-64210-5,38858466,,https://pubmed.ncbi.nlm.nih.gov/38858466/,pubmed/eutils-run-20260731T203345+0700/esummary-batch-000000-response.raw,6dcda599ce665be7ffcbab1bc60df9dd7948f313fb5e161fcf018652c2cdbcde,search-rerun-01-2026-07-31-pubmed-eutils-20260731T203345+0700,DQ-PUBMED-01,VERIFIED_RAW_MANIFEST
PMID:38935968,PUBMED,38935968,The Roles of NOTCH3 p.R544C and Thrombophilia Genes in Vietnamese Patients With Ischemic Stroke: Study Involving a Hierarchical Cluster Analysis.,2024,10.2196/56884,38935968,,https://pubmed.ncbi.nlm.nih.gov/38935968/,pubmed/eutils-run-20260731T203345+0700/esummary-batch-000000-response.raw,6dcda599ce665be7ffcbab1bc60df9dd7948f313fb5e161fcf018652c2cdbcde,search-rerun-01-2026-07-31-pubmed-eutils-20260731T203345+0700,DQ-PUBMED-01,VERIFIED_RAW_MANIFEST
PMID:39154769,PUBMED,39154769,Accurate PM(2.5) urban air pollution forecasting using multivariate ensemble learning Accounting for evolving target distributions.,2024,10.1016/j.chemosphere.2024.143097,39154769,,https://pubmed.ncbi.nlm.nih.gov/39154769/,pubmed/eutils-run-20260731T203345+0700/esummary-batch-000000-response.raw,6dcda599ce665be7ffcbab1bc60df9dd7948f313fb5e161fcf018652c2cdbcde,search-rerun-01-2026-07-31-pubmed-eutils-20260731T203345+0700,DQ-PUBMED-01,VERIFIED_RAW_MANIFEST
PMID:39165074,PUBMED,39165074,A simple nomogram to predict dengue shock syndrome: A study of 4522 south east Asian children.,2024,10.1002/jmv.29874,39165074,,https://pubmed.ncbi.nlm.nih.gov/39165074/,pubmed/eutils-run-20260731T203345+0700/esummary-batch-000000-response.raw,6dcda599ce665be7ffcbab1bc60df9dd7948f313fb5e161fcf018652c2cdbcde,search-rerun-01-2026-07-31-pubmed-eutils-20260731T203345+0700,DQ-PUBMED-01,VERIFIED_RAW_MANIFEST
PMID:39302916,PUBMED,39302916,"Factors associated with 90-day mortality in Vietnamese stroke patients: Prospective findings compared with explainable machine learning, multicenter study.",2024,10.1371/journal.pone.0310522,39302916,,https://pubmed.ncbi.nlm.nih.gov/39302916/,pubmed/eutils-run-20260731T203345+0700/esummary-batch-000000-response.raw,6dcda599ce665be7ffcbab1bc60df9dd7948f313fb5e161fcf018652c2cdbcde,search-rerun-01-2026-07-31-pubmed-eutils-20260731T203345+0700,DQ-PUBMED-01,VERIFIED_RAW_MANIFEST
PMID:39430352,PUBMED,39430352,"Effectiveness of artificial intelligence for diabetic retinopathy screening in community in Binh Dinh Province, Vietnam.",2024,10.4103/tjo.tjo-d-23-00101,39430352,,https://pubmed.ncbi.nlm.nih.gov/39430352/,pubmed/eutils-run-20260731T203345+0700/esummary-batch-000000-response.raw,6dcda599ce665be7ffcbab1bc60df9dd7948f313fb5e161fcf018652c2cdbcde,search-rerun-01-2026-07-31-pubmed-eutils-20260731T203345+0700,DQ-PUBMED-01,VERIFIED_RAW_MANIFEST
PMID:39642139,PUBMED,39642139,A machine learning-based risk score for prediction of mechanical ventilation in children with dengue shock syndrome: A retrospective cohort study.,2024,10.1371/journal.pone.0315281,39642139,,https://pubmed.ncbi.nlm.nih.gov/39642139/,pubmed/eutils-run-20260731T203345+0700/esummary-batch-000000-response.raw,6dcda599ce665be7ffcbab1bc60df9dd7948f313fb5e161fcf018652c2cdbcde,search-rerun-01-2026-07-31-pubmed-eutils-20260731T203345+0700,DQ-PUBMED-01,VERIFIED_RAW_MANIFEST
PMID:39714636,PUBMED,39714636,Mapping of high-resolution daily particulate matter (PM(2.5)) concentration at the city level through a machine learning-based downscaling approach.,2024,10.1007/s10661-024-13562-6,39714636,,https://pubmed.ncbi.nlm.nih.gov/39714636/,pubmed/eutils-run-20260731T203345+0700/esummary-batch-000000-response.raw,6dcda599ce665be7ffcbab1bc60df9dd7948f313fb5e161fcf018652c2cdbcde,search-rerun-01-2026-07-31-pubmed-eutils-20260731T203345+0700,DQ-PUBMED-01,VERIFIED_RAW_MANIFEST
PMID:39734422,PUBMED,39734422,Application of artificial intelligence in gastrointestinal endoscopy in Vietnam: a narrative review.,2024,10.1177/26317745241306562,39734422,,https://pubmed.ncbi.nlm.nih.gov/39734422/,pubmed/eutils-run-20260731T203345+0700/esummary-batch-000000-response.raw,6dcda599ce665be7ffcbab1bc60df9dd7948f313fb5e161fcf018652c2cdbcde,search-rerun-01-2026-07-31-pubmed-eutils-20260731T203345+0700,DQ-PUBMED-01,VERIFIED_RAW_MANIFEST
PMID:39922126,PUBMED,39922126,"Generative AI chatbots for reliable cancer information: Evaluating web-search, multilingual, and reference capabilities of emerging large language models.",2025,10.1016/j.ejca.2025.115274,39922126,,https://pubmed.ncbi.nlm.nih.gov/39922126/,pubmed/eutils-run-20260731T203345+0700/esummary-batch-000000-response.raw,6dcda599ce665be7ffcbab1bc60df9dd7948f313fb5e161fcf018652c2cdbcde,search-rerun-01-2026-07-31-pubmed-eutils-20260731T203345+0700,DQ-PUBMED-01,VERIFIED_RAW_MANIFEST
PMID:39924308,PUBMED,39924308,Assessment of Digital Capabilities by 9 Countries in the Alliance for Healthy Cities Using AI: Cross-Sectional Analysis.,2025,10.2196/62935,39924308,,https://pubmed.ncbi.nlm.nih.gov/39924308/,pubmed/eutils-run-20260731T203345+0700/esummary-batch-000000-response.raw,6dcda599ce665be7ffcbab1bc60df9dd7948f313fb5e161fcf018652c2cdbcde,search-rerun-01-2026-07-31-pubmed-eutils-20260731T203345+0700,DQ-PUBMED-01,VERIFIED_RAW_MANIFEST
PMID:39987667,PUBMED,39987667,Fine-tuning large language models for improved health communication in low-resource languages.,2025,10.1016/j.cmpb.2025.108655,39987667,,https://pubmed.ncbi.nlm.nih.gov/39987667/,pubmed/eutils-run-20260731T203345+0700/esummary-batch-000000-response.raw,6dcda599ce665be7ffcbab1bc60df9dd7948f313fb5e161fcf018652c2cdbcde,search-rerun-01-2026-07-31-pubmed-eutils-20260731T203345+0700,DQ-PUBMED-01,VERIFIED_RAW_MANIFEST
PMID:40090592,PUBMED,40090592,Circulating lncRNAs as biomarkers for severe dengue using a machine learning approach.,2025,10.1016/j.jinf.2025.106471,40090592,,https://pubmed.ncbi.nlm.nih.gov/40090592/,pubmed/eutils-run-20260731T203345+0700/esummary-batch-000000-response.raw,6dcda599ce665be7ffcbab1bc60df9dd7948f313fb5e161fcf018652c2cdbcde,search-rerun-01-2026-07-31-pubmed-eutils-20260731T203345+0700,DQ-PUBMED-01,VERIFIED_RAW_MANIFEST
PMID:40234807,PUBMED,40234807,Artificial intelligence utilization in cancer screening program across ASEAN: a scoping review.,2025,10.1186/s12885-025-14026-x,40234807,,https://pubmed.ncbi.nlm.nih.gov/40234807/,pubmed/eutils-run-20260731T203345+0700/esummary-batch-000000-response.raw,6dcda599ce665be7ffcbab1bc60df9dd7948f313fb5e161fcf018652c2cdbcde,search-rerun-01-2026-07-31-pubmed-eutils-20260731T203345+0700,DQ-PUBMED-01,VERIFIED_RAW_MANIFEST
PMID:40256318,PUBMED,40256318,Deep Learning-Driven Glaucoma Medication Bottle Recognition: A Multilingual Clinical Validation Study in Patients with Impaired Vision.,2025,10.1016/j.xops.2025.100758,40256318,,https://pubmed.ncbi.nlm.nih.gov/40256318/,pubmed/eutils-run-20260731T203345+0700/esummary-batch-000000-response.raw,6dcda599ce665be7ffcbab1bc60df9dd7948f313fb5e161fcf018652c2cdbcde,search-rerun-01-2026-07-31-pubmed-eutils-20260731T203345+0700,DQ-PUBMED-01,VERIFIED_RAW_MANIFEST
PMID:40337565,PUBMED,40337565,Machine Learning Nomogram for Predicting Dengue Shock Syndrome in Pediatric Patients With Dengue Fever in Vietnam.,2025,10.7759/cureus.81819,40337565,,https://pubmed.ncbi.nlm.nih.gov/40337565/,pubmed/eutils-run-20260731T203345+0700/esummary-batch-000000-response.raw,6dcda599ce665be7ffcbab1bc60df9dd7948f313fb5e161fcf018652c2cdbcde,search-rerun-01-2026-07-31-pubmed-eutils-20260731T203345+0700,DQ-PUBMED-01,VERIFIED_RAW_MANIFEST
PMID:40408340,PUBMED,40408340,Convolutional neural network using magnetic resonance brain imaging to predict outcome from tuberculosis meningitis.,2025,10.1371/journal.pone.0321655,40408340,,https://pubmed.ncbi.nlm.nih.gov/40408340/,pubmed/eutils-run-20260731T203345+0700/esummary-batch-000000-response.raw,6dcda599ce665be7ffcbab1bc60df9dd7948f313fb5e161fcf018652c2cdbcde,search-rerun-01-2026-07-31-pubmed-eutils-20260731T203345+0700,DQ-PUBMED-01,VERIFIED_RAW_MANIFEST
PMID:40480990,PUBMED,40480990,STEMI-OP in-hospital mortality prediction algorithms: Frailty-integrated machine learning in older patients undergoing primary PCI.,2025,10.1038/s41514-025-00238-9,40480990,,https://pubmed.ncbi.nlm.nih.gov/40480990/,pubmed/eutils-run-20260731T203345+0700/esummary-batch-000000-response.raw,6dcda599ce665be7ffcbab1bc60df9dd7948f313fb5e161fcf018652c2cdbcde,search-rerun-01-2026-07-31-pubmed-eutils-20260731T203345+0700,DQ-PUBMED-01,VERIFIED_RAW_MANIFEST
PMID:40491992,PUBMED,40491992,"Global, regional, and national burdens of rheumatoid arthritis among people aged 60 years and older from 1990 to 2021: a trend analysis for the Global Burden of Disease Study 2021.",2025,10.3389/fpubh.2025.1527680,40491992,,https://pubmed.ncbi.nlm.nih.gov/40491992/,pubmed/eutils-run-20260731T203345+0700/esummary-batch-000000-response.raw,6dcda599ce665be7ffcbab1bc60df9dd7948f313fb5e161fcf018652c2cdbcde,search-rerun-01-2026-07-31-pubmed-eutils-20260731T203345+0700,DQ-PUBMED-01,VERIFIED_RAW_MANIFEST
PMID:40523280,PUBMED,40523280,Insights Into the Current and Future State of AI Adoption Within Health Systems in Southeast Asia: Cross-Sectional Qualitative Study.,2025,10.2196/71591,40523280,,https://pubmed.ncbi.nlm.nih.gov/40523280/,pubmed/eutils-run-20260731T203345+0700/esummary-batch-000000-response.raw,6dcda599ce665be7ffcbab1bc60df9dd7948f313fb5e161fcf018652c2cdbcde,search-rerun-01-2026-07-31-pubmed-eutils-20260731T203345+0700,DQ-PUBMED-01,VERIFIED_RAW_MANIFEST
PMID:40584461,PUBMED,40584461,"Early prediction of the outbreak risk of dengue fever in Ba Ria-Vung Tau province, Vietnam: An analysis based on Google trends and statistical models.",2025,10.1016/j.idm.2025.03.001,40584461,,https://pubmed.ncbi.nlm.nih.gov/40584461/,pubmed/eutils-run-20260731T203345+0700/esummary-batch-000000-response.raw,6dcda599ce665be7ffcbab1bc60df9dd7948f313fb5e161fcf018652c2cdbcde,search-rerun-01-2026-07-31-pubmed-eutils-20260731T203345+0700,DQ-PUBMED-01,VERIFIED_RAW_MANIFEST
PMID:40721799,PUBMED,40721799,"Ecological epidemiology insights into clonorchiosis endemicity in Guangxi, China and Vietnam: a comprehensive machine learning analysis.",2025,10.1186/s12942-025-00404-y,40721799,,https://pubmed.ncbi.nlm.nih.gov/40721799/,pubmed/eutils-run-20260731T203345+0700/esummary-batch-000000-response.raw,6dcda599ce665be7ffcbab1bc60df9dd7948f313fb5e161fcf018652c2cdbcde,search-rerun-01-2026-07-31-pubmed-eutils-20260731T203345+0700,DQ-PUBMED-01,VERIFIED_RAW_MANIFEST
PMID:40776317,PUBMED,40776317,Transfer Learning Enhances Neurological Outcome Prediction for Out-of-Hospital Cardiac Arrest: Validation Across Diverse Geographic Contexts.,2025,10.3233/shti251300,40776317,,https://pubmed.ncbi.nlm.nih.gov/40776317/,pubmed/eutils-run-20260731T203345+0700/esummary-batch-000000-response.raw,6dcda599ce665be7ffcbab1bc60df9dd7948f313fb5e161fcf018652c2cdbcde,search-rerun-01-2026-07-31-pubmed-eutils-20260731T203345+0700,DQ-PUBMED-01,VERIFIED_RAW_MANIFEST
PMID:40881211,PUBMED,40881211,Machine learning-based models for prediction of in-hospital mortality in patients with dengue shock syndrome.,2025,10.5662/wjm.v15.i3.101837,40881211,,https://pubmed.ncbi.nlm.nih.gov/40881211/,pubmed/eutils-run-20260731T203345+0700/esummary-batch-000000-response.raw,6dcda599ce665be7ffcbab1bc60df9dd7948f313fb5e161fcf018652c2cdbcde,search-rerun-01-2026-07-31-pubmed-eutils-20260731T203345+0700,DQ-PUBMED-01,VERIFIED_RAW_MANIFEST
PMID:40960827,PUBMED,40960827,Accuracy of Artificial Intelligence vs Professionally Translated Discharge Instructions.,2025,10.1001/jamanetworkopen.2025.32312,40960827,,https://pubmed.ncbi.nlm.nih.gov/40960827/,pubmed/eutils-run-20260731T203345+0700/esummary-batch-000000-response.raw,6dcda599ce665be7ffcbab1bc60df9dd7948f313fb5e161fcf018652c2cdbcde,search-rerun-01-2026-07-31-pubmed-eutils-20260731T203345+0700,DQ-PUBMED-01,VERIFIED_RAW_MANIFEST
PMID:41064697,PUBMED,41064697,Accelerating Cough-Based Algorithms for Pulmonary Tuberculosis Screening: Results From the CODA TB DREAM Challenge.,2025,10.1093/ofid/ofaf572,41064697,,https://pubmed.ncbi.nlm.nih.gov/41064697/,pubmed/eutils-run-20260731T203345+0700/esummary-batch-000000-response.raw,6dcda599ce665be7ffcbab1bc60df9dd7948f313fb5e161fcf018652c2cdbcde,search-rerun-01-2026-07-31-pubmed-eutils-20260731T203345+0700,DQ-PUBMED-01,VERIFIED_RAW_MANIFEST
PMID:41120019,PUBMED,41120019,"Reimagining ethnopharmacology with generative AI: Towards inclusive, ethical, and data-driven traditional medicine.",2025,10.1016/j.phrs.2025.108002,41120019,,https://pubmed.ncbi.nlm.nih.gov/41120019/,pubmed/eutils-run-20260731T203345+0700/esummary-batch-000000-response.raw,6dcda599ce665be7ffcbab1bc60df9dd7948f313fb5e161fcf018652c2cdbcde,search-rerun-01-2026-07-31-pubmed-eutils-20260731T203345+0700,DQ-PUBMED-01,VERIFIED_RAW_MANIFEST
PMID:41131739,PUBMED,41131739,Tracking the Debate: Geo-Temporal Sentiment Analysis of Community Water Fluoridation on 'X' (Formerly Twitter) With Five-Year Forecast.,2026,10.1111/cdoe.70036,41131739,,https://pubmed.ncbi.nlm.nih.gov/41131739/,pubmed/eutils-run-20260731T203345+0700/esummary-batch-000000-response.raw,6dcda599ce665be7ffcbab1bc60df9dd7948f313fb5e161fcf018652c2cdbcde,search-rerun-01-2026-07-31-pubmed-eutils-20260731T203345+0700,DQ-PUBMED-01,VERIFIED_RAW_MANIFEST
PMID:41134419,PUBMED,41134419,"Assessment of climate change impacts on arsenic contamination in groundwater through machine learning, remote sensing, and GIS: a review.",2025,10.1007/s10653-025-02837-7,41134419,,https://pubmed.ncbi.nlm.nih.gov/41134419/,pubmed/eutils-run-20260731T203345+0700/esummary-batch-000000-response.raw,6dcda599ce665be7ffcbab1bc60df9dd7948f313fb5e161fcf018652c2cdbcde,search-rerun-01-2026-07-31-pubmed-eutils-20260731T203345+0700,DQ-PUBMED-01,VERIFIED_RAW_MANIFEST
PMID:41144436,PUBMED,41144436,Comparison of serum lactate and lactate-derived ratios as prognostic biomarkers in pediatric dengue shock syndrome using supervised machine learning models.,2025,10.1371/journal.pone.0335022,41144436,,https://pubmed.ncbi.nlm.nih.gov/41144436/,pubmed/eutils-run-20260731T203345+0700/esummary-batch-000000-response.raw,6dcda599ce665be7ffcbab1bc60df9dd7948f313fb5e161fcf018652c2cdbcde,search-rerun-01-2026-07-31-pubmed-eutils-20260731T203345+0700,DQ-PUBMED-01,VERIFIED_RAW_MANIFEST
PMID:41232742,PUBMED,41232742,"Harnessing artificial intelligence for dengue forecasting in climate-vulnerable regions: A narrative review with insights from Ba Ria-Vung Tau, Vietnam.",2025,10.1016/j.actatropica.2025.107909,41232742,,https://pubmed.ncbi.nlm.nih.gov/41232742/,pubmed/eutils-run-20260731T203345+0700/esummary-batch-000000-response.raw,6dcda599ce665be7ffcbab1bc60df9dd7948f313fb5e161fcf018652c2cdbcde,search-rerun-01-2026-07-31-pubmed-eutils-20260731T203345+0700,DQ-PUBMED-01,VERIFIED_RAW_MANIFEST
PMID:41234615,PUBMED,41234615,Wearable vital-sign sensors for early detection of severe dengue and sepsis: Clinical applications and implementation in resource-limited settings.,2025,10.1177/20552076251396563,41234615,,https://pubmed.ncbi.nlm.nih.gov/41234615/,pubmed/eutils-run-20260731T203345+0700/esummary-batch-000000-response.raw,6dcda599ce665be7ffcbab1bc60df9dd7948f313fb5e161fcf018652c2cdbcde,search-rerun-01-2026-07-31-pubmed-eutils-20260731T203345+0700,DQ-PUBMED-01,VERIFIED_RAW_MANIFEST
PMID:41285609,PUBMED,41285609,Continuity of Primary Care and Preventable Hospitalization for Acute Conditions: A Machine Learning-Based Record Linkage Study.,2025,10.1370/afm.240569,41285609,,https://pubmed.ncbi.nlm.nih.gov/41285609/,pubmed/eutils-run-20260731T203345+0700/esummary-batch-000000-response.raw,6dcda599ce665be7ffcbab1bc60df9dd7948f313fb5e161fcf018652c2cdbcde,search-rerun-01-2026-07-31-pubmed-eutils-20260731T203345+0700,DQ-PUBMED-01,VERIFIED_RAW_MANIFEST
PMID:41329943,PUBMED,41329943,What Are the Opportunities and Challenges of Using AI in Medical Education in Vietnam?,2025,10.2196/77817,41329943,,https://pubmed.ncbi.nlm.nih.gov/41329943/,pubmed/eutils-run-20260731T203345+0700/esummary-batch-000000-response.raw,6dcda599ce665be7ffcbab1bc60df9dd7948f313fb5e161fcf018652c2cdbcde,search-rerun-01-2026-07-31-pubmed-eutils-20260731T203345+0700,DQ-PUBMED-01,VERIFIED_RAW_MANIFEST
PMID:41494674,PUBMED,41494674,Coronary CT Angiography-Derived Fractional Flow Reserve in Asia and the United States: 2025 Status Update.,2026,10.3348/kjr.2025.1208,41494674,,https://pubmed.ncbi.nlm.nih.gov/41494674/,pubmed/eutils-run-20260731T203345+0700/esummary-batch-000000-response.raw,6dcda599ce665be7ffcbab1bc60df9dd7948f313fb5e161fcf018652c2cdbcde,search-rerun-01-2026-07-31-pubmed-eutils-20260731T203345+0700,DQ-PUBMED-01,VERIFIED_RAW_MANIFEST
PMID:41545675,PUBMED,41545675,Foundation models enable wearable signal screening for cardiovascular disease among people living with HIV.,2026,10.1038/s43856-025-01331-6,41545675,,https://pubmed.ncbi.nlm.nih.gov/41545675/,pubmed/eutils-run-20260731T203345+0700/esummary-batch-000000-response.raw,6dcda599ce665be7ffcbab1bc60df9dd7948f313fb5e161fcf018652c2cdbcde,search-rerun-01-2026-07-31-pubmed-eutils-20260731T203345+0700,DQ-PUBMED-01,VERIFIED_RAW_MANIFEST
PMID:41575711,PUBMED,41575711,Machine Learning-Assisted Autism Risk Stratification in Toddlers Using the Vietnamese M-CHAT-R and Perinatal Predictors: A Cross-Sectional Study in Vietnam.,2026,10.1007/s10803-026-07227-1,41575711,,https://pubmed.ncbi.nlm.nih.gov/41575711/,pubmed/eutils-run-20260731T203345+0700/esummary-batch-000000-response.raw,6dcda599ce665be7ffcbab1bc60df9dd7948f313fb5e161fcf018652c2cdbcde,search-rerun-01-2026-07-31-pubmed-eutils-20260731T203345+0700,DQ-PUBMED-01,VERIFIED_RAW_MANIFEST
PMID:41591267,PUBMED,41591267,What Substitution and Prediction Strategies Address the Challenge of an Unmeasurable C2-7 Cobb Angle?,2026,10.1097/corr.0000000000003812,41591267,,https://pubmed.ncbi.nlm.nih.gov/41591267/,pubmed/eutils-run-20260731T203345+0700/esummary-batch-000000-response.raw,6dcda599ce665be7ffcbab1bc60df9dd7948f313fb5e161fcf018652c2cdbcde,search-rerun-01-2026-07-31-pubmed-eutils-20260731T203345+0700,DQ-PUBMED-01,VERIFIED_RAW_MANIFEST
PMID:41595965,PUBMED,41595965,Cross-Cultural Identification of Acoustic Voice Features for Depression: A Cross-Sectional Study of Vietnamese and Japanese Datasets.,2025,10.3390/bioengineering13010033,41595965,,https://pubmed.ncbi.nlm.nih.gov/41595965/,pubmed/eutils-run-20260731T203345+0700/esummary-batch-000000-response.raw,6dcda599ce665be7ffcbab1bc60df9dd7948f313fb5e161fcf018652c2cdbcde,search-rerun-01-2026-07-31-pubmed-eutils-20260731T203345+0700,DQ-PUBMED-01,VERIFIED_RAW_MANIFEST
PMID:41662365,PUBMED,41662365,Early individualized risk prediction using clinical data for children during the febrile phase of dengue in outpatient settings in Vietnam and Thailand.,2026,10.1371/journal.pdig.0001171,41662365,,https://pubmed.ncbi.nlm.nih.gov/41662365/,pubmed/eutils-run-20260731T203345+0700/esummary-batch-000000-response.raw,6dcda599ce665be7ffcbab1bc60df9dd7948f313fb5e161fcf018652c2cdbcde,search-rerun-01-2026-07-31-pubmed-eutils-20260731T203345+0700,DQ-PUBMED-01,VERIFIED_RAW_MANIFEST
PMID:41911083,PUBMED,41911083,Automated 12-Lead Electrocardiograms (ECG) Digitization and WaveForm DataBase (WFDB) Standardization: Insights from Vietnamese Clinical Data.,2026,10.3791/70359,41911083,,https://pubmed.ncbi.nlm.nih.gov/41911083/,pubmed/eutils-run-20260731T203345+0700/esummary-batch-000000-response.raw,6dcda599ce665be7ffcbab1bc60df9dd7948f313fb5e161fcf018652c2cdbcde,search-rerun-01-2026-07-31-pubmed-eutils-20260731T203345+0700,DQ-PUBMED-01,VERIFIED_RAW_MANIFEST
PMID:41969604,PUBMED,41969604,Artificial intelligence-assisted screening reveals high prevalence of osteoporosis in Vietnamese adults using pelvic and hip radiographs.,2026,10.1016/j.afos.2026.01.002,41969604,,https://pubmed.ncbi.nlm.nih.gov/41969604/,pubmed/eutils-run-20260731T203345+0700/esummary-batch-000000-response.raw,6dcda599ce665be7ffcbab1bc60df9dd7948f313fb5e161fcf018652c2cdbcde,search-rerun-01-2026-07-31-pubmed-eutils-20260731T203345+0700,DQ-PUBMED-01,VERIFIED_RAW_MANIFEST
PMID:41973653,PUBMED,41973653,Comparing Large Language Models and Traditional Machine Translation Tools for Translating Medical Consultation Summaries: Quantitative Pilot Feasibility Study.,2026,10.2196/85169,41973653,,https://pubmed.ncbi.nlm.nih.gov/41973653/,pubmed/eutils-run-20260731T203345+0700/esummary-batch-000000-response.raw,6dcda599ce665be7ffcbab1bc60df9dd7948f313fb5e161fcf018652c2cdbcde,search-rerun-01-2026-07-31-pubmed-eutils-20260731T203345+0700,DQ-PUBMED-01,VERIFIED_RAW_MANIFEST
PMID:42063049,PUBMED,42063049,Artificial intelligence-powered virtual standardized patients in teaching history-taking skills to medical students: a randomized controlled trial.,2026,10.1186/s12909-026-09305-5,42063049,,https://pubmed.ncbi.nlm.nih.gov/42063049/,pubmed/eutils-run-20260731T203345+0700/esummary-batch-000000-response.raw,6dcda599ce665be7ffcbab1bc60df9dd7948f313fb5e161fcf018652c2cdbcde,search-rerun-01-2026-07-31-pubmed-eutils-20260731T203345+0700,DQ-PUBMED-01,VERIFIED_RAW_MANIFEST
PMID:42147526,PUBMED,42147526,Development and Validation of Machine Learning Models for Predicting Low Birth Weight in Singleton Pregnancies in Vietnam.,2026,10.7759/cureus.106995,42147526,,https://pubmed.ncbi.nlm.nih.gov/42147526/,pubmed/eutils-run-20260731T203345+0700/esummary-batch-000000-response.raw,6dcda599ce665be7ffcbab1bc60df9dd7948f313fb5e161fcf018652c2cdbcde,search-rerun-01-2026-07-31-pubmed-eutils-20260731T203345+0700,DQ-PUBMED-01,VERIFIED_RAW_MANIFEST
PMID:42174817,PUBMED,42174817,Prediction of Early Functional Outcome After Acute Ischemic Stroke Using Real-World Clinical Data in Vietnam and Indonesia: Retrospective Cohort Study.,2026,10.3233/shti260140,42174817,,https://pubmed.ncbi.nlm.nih.gov/42174817/,pubmed/eutils-run-20260731T203345+0700/esummary-batch-000000-response.raw,6dcda599ce665be7ffcbab1bc60df9dd7948f313fb5e161fcf018652c2cdbcde,search-rerun-01-2026-07-31-pubmed-eutils-20260731T203345+0700,DQ-PUBMED-01,VERIFIED_RAW_MANIFEST
PMID:42177578,PUBMED,42177578,Future pharmacists in the age of Artificial Intelligence: a mixed-methods study of first-year students in Vietnam.,2026,10.1186/s12909-026-09368-4,42177578,,https://pubmed.ncbi.nlm.nih.gov/42177578/,pubmed/eutils-run-20260731T203345+0700/esummary-batch-000000-response.raw,6dcda599ce665be7ffcbab1bc60df9dd7948f313fb5e161fcf018652c2cdbcde,search-rerun-01-2026-07-31-pubmed-eutils-20260731T203345+0700,DQ-PUBMED-01,VERIFIED_RAW_MANIFEST
PMID:42258012,PUBMED,42258012,Integrating google trends and hybrid statistical-machine learning models for dengue surveillance in an inland vietnamese province: a 94-month evaluation (2013-2021) with search-signal anomaly screening.,2026,10.1007/s00484-026-03241-1,42258012,,https://pubmed.ncbi.nlm.nih.gov/42258012/,pubmed/eutils-run-20260731T203345+0700/esummary-batch-000000-response.raw,6dcda599ce665be7ffcbab1bc60df9dd7948f313fb5e161fcf018652c2cdbcde,search-rerun-01-2026-07-31-pubmed-eutils-20260731T203345+0700,DQ-PUBMED-01,VERIFIED_RAW_MANIFEST
PMID:42258871,PUBMED,42258871,Assessment of Artificial Intelligence-based Translation Tools for Emergency Department Discharge Instructions.,2026,10.5811/westjem.48825,42258871,,https://pubmed.ncbi.nlm.nih.gov/42258871/,pubmed/eutils-run-20260731T203345+0700/esummary-batch-000000-response.raw,6dcda599ce665be7ffcbab1bc60df9dd7948f313fb5e161fcf018652c2cdbcde,search-rerun-01-2026-07-31-pubmed-eutils-20260731T203345+0700,DQ-PUBMED-01,VERIFIED_RAW_MANIFEST
PMID:42292762,PUBMED,42292762,Machine learning-based model for prediction of carbamazepine- and allopurinol-induced severe cutaneous adverse reactions in Vietnamese.,2026,10.1016/j.waojou.2026.101408,42292762,,https://pubmed.ncbi.nlm.nih.gov/42292762/,pubmed/eutils-run-20260731T203345+0700/esummary-batch-000000-response.raw,6dcda599ce665be7ffcbab1bc60df9dd7948f313fb5e161fcf018652c2cdbcde,search-rerun-01-2026-07-31-pubmed-eutils-20260731T203345+0700,DQ-PUBMED-01,VERIFIED_RAW_MANIFEST
PMID:42337499,PUBMED,42337499,Validation of online clearance monitoring and machine learning-based prediction of dialysis adequacy in Vietnamese hemodialysis patients: a cross-sectional study.,2026,10.1186/s12882-026-05114-6,42337499,,https://pubmed.ncbi.nlm.nih.gov/42337499/,pubmed/eutils-run-20260731T203345+0700/esummary-batch-000000-response.raw,6dcda599ce665be7ffcbab1bc60df9dd7948f313fb5e161fcf018652c2cdbcde,search-rerun-01-2026-07-31-pubmed-eutils-20260731T203345+0700,DQ-PUBMED-01,VERIFIED_RAW_MANIFEST
PMID:42339680,PUBMED,42339680,"Budget impact of implementing AI-enabled chest X-ray based incidental pulmonary nodule detection for early lung cancer diagnosis: models from Colombia, Costa Rica, Mexico, Thailand and Vietnam.",2026,10.1080/13696998.2026.2682681,42339680,,https://pubmed.ncbi.nlm.nih.gov/42339680/,pubmed/eutils-run-20260731T203345+0700/esummary-batch-000000-response.raw,6dcda599ce665be7ffcbab1bc60df9dd7948f313fb5e161fcf018652c2cdbcde,search-rerun-01-2026-07-31-pubmed-eutils-20260731T203345+0700,DQ-PUBMED-01,VERIFIED_RAW_MANIFEST
PMID:42397674,PUBMED,42397674,"Knowledge, Attitudes, and Practices Related to AI in Learning and Research Among Medical Students in Vietnam: Cross-Sectional Study.",2026,10.2196/95867,42397674,,https://pubmed.ncbi.nlm.nih.gov/42397674/,pubmed/eutils-run-20260731T203345+0700/esummary-batch-000000-response.raw,6dcda599ce665be7ffcbab1bc60df9dd7948f313fb5e161fcf018652c2cdbcde,search-rerun-01-2026-07-31-pubmed-eutils-20260731T203345+0700,DQ-PUBMED-01,VERIFIED_RAW_MANIFEST
PMID:42497621,PUBMED,42497621,"AI awareness, AI fear of missing out, and work demotivation as pathways to occupational strain in Vietnamese hospitality employees.",2026,10.1016/j.actpsy.2026.107517,42497621,,https://pubmed.ncbi.nlm.nih.gov/42497621/,pubmed/eutils-run-20260731T203345+0700/esummary-batch-000000-response.raw,6dcda599ce665be7ffcbab1bc60df9dd7948f313fb5e161fcf018652c2cdbcde,search-rerun-01-2026-07-31-pubmed-eutils-20260731T203345+0700,DQ-PUBMED-01,VERIFIED_RAW_MANIFEST
PMID:42507686,PUBMED,42507686,PAP_NER: A large-scale vietnamese administrative named entity recognition corpus and hybrid deep learning architecture.,2026,10.1371/journal.pone.0353166,42507686,,https://pubmed.ncbi.nlm.nih.gov/42507686/,pubmed/eutils-run-20260731T203345+0700/esummary-batch-000000-response.raw,6dcda599ce665be7ffcbab1bc60df9dd7948f313fb5e161fcf018652c2cdbcde,search-rerun-01-2026-07-31-pubmed-eutils-20260731T203345+0700,DQ-PUBMED-01,VERIFIED_RAW_MANIFEST
PR07:MANIF-MINISTRY-01,PR07_PUBLIC_SOURCE,MINISTRY-01,Bác sĩ AI và bài toán nhân lực y tế: Hợp tác giữa công nghệ và ...,2026,,,,https://vnpa.moh.gov.vn/bac-si-ai-va-bai-toan-nhan-luc-y-te-hop-tac-giua-cong-nghe-va-nhan-van/,../pr07-12slot-provenance-compliance-run-20260801T230707/raw-artifacts/doc-MINISTRY-01-moh.gov.vn-DQ-IMPL-01-pos3.body,d69fdc367abf482e569fc7ab4a234c8468ffd2e3e8f8a0c5efabf319d69967bf,pr07-12slot-provenance-compliance-run-20260801T230707,DQ-PR07-MINISTRY-01,VERIFIED_RAW_MANIFEST
PR07:MANIF-MINISTRY-02,PR07_PUBLIC_SOURCE,MINISTRY-02,Tập huấn Ứng dụng trí tuệ nhân tạo trong công tác dân số,2026,,,,https://vnpa.moh.gov.vn/tap-huan-ung-dung-tri-tue-nhan-tao-trong-cong-tac-dan-so/,../pr07-12slot-provenance-compliance-run-20260801T230707/raw-artifacts/doc-MINISTRY-02-moh.gov.vn-DQ-IMPL-05-pos3.body,bebdf1af38ff3502105aa5513e6039fc755308ae7b3e1e882adc0826db622a15,pr07-12slot-provenance-compliance-run-20260801T230707,DQ-PR07-MINISTRY-02,VERIFIED_RAW_MANIFEST
PR07:MANIF-SENTINEL-02,PR07_PUBLIC_SOURCE,SENTINEL-02,"Hội thảo ứng dụng trí tuệ nhân tạo trong khám, chữa bệnh và ...",2026,,,,https://soyte.danang.gov.vn/vi/w/hoi-thao-ung-dung-tri-tue-nhan-tao-trong-kham-chua-benh-va-xay-dung-de-an-phat-trien-y-te-thong-minh-3271122,../pr07-12slot-provenance-compliance-run-20260801T230707/raw-artifacts/doc-SENTINEL-02-soyte.danang.gov.vn-DQ-IMPL-01-pos1.body,f039afe65ef625baf16e04f013473e2c40374643dc9a31f25e45add481e91797,pr07-12slot-provenance-compliance-run-20260801T230707,DQ-PR07-SENTINEL-02,VERIFIED_RAW_MANIFEST
PR07:MANIF-SENTINEL-03,PR07_PUBLIC_SOURCE,SENTINEL-03,Tìm hiểu ứng dụng trí tuệ nhân tạo trong y tế,2026,,,,https://medinet.gov.vn/cai-cach-hanh-chinh-y-te-thong-minh/tim-hieu-ung-dung-tri-tue-nhan-tao-trong-y-te-so-y-te-hcm-cmobile4714-30778.aspx,../pr07-12slot-provenance-compliance-run-20260801T230707/raw-artifacts/doc-SENTINEL-03-medinet.gov.vn-DQ-IMPL-01-pos1.body,1cbc42daec8da7494bce8b200bfec5c0859bf5f0f746cf61e7a6cde88cce013b,pr07-12slot-provenance-compliance-run-20260801T230707,DQ-PR07-SENTINEL-03,VERIFIED_RAW_MANIFEST
PR07:MANIF-SENTINEL-04,PR07_PUBLIC_SOURCE,SENTINEL-04,Ứng dụng trí tuệ nhân tạo góp phần nâng cao hiệu quả ...,2026,,,,https://bachmai.gov.vn/bai-viet/ung-dung-tri-tue-nhan-tao-gop-phan-nang-cao-hieu-qua-chan-doan-dieu-tri-benh-ung-thu-phoi?id=b6fa9ccc-f3be-45fc-bf7e-4513d97664ba,../pr07-12slot-provenance-compliance-run-20260801T230707/raw-artifacts/doc-SENTINEL-04-bachmai.gov.vn-DQ-IMPL-01-pos1.body,811e445bed659c725aa6eb093941c5bcaa0e0ab3932339888224fdc76d141a9f,pr07-12slot-provenance-compliance-run-20260801T230707,DQ-PR07-SENTINEL-04,VERIFIED_RAW_MANIFEST
PR07:MANIF-SENTINEL-05,PR07_PUBLIC_SOURCE,SENTINEL-05,Ứng dụng của trí tuệ nhân tạo AI trong chẩn đoán ung thư ...,2026,,,,https://www.vinmec.com/vie/bai-viet/ung-dung-cua-tri-tue-nhan-tao-ai-trong-chan-doan-ung-thu-thuc-quan-vi,../pr07-12slot-provenance-compliance-run-20260801T230707/raw-artifacts/doc-SENTINEL-05-vinmec.com-DQ-IMPL-01-pos1.body,8a894cce471460539bb43996dd2c4ad0897fd09565c4358bdc4d6e65f4f98335,pr07-12slot-provenance-compliance-run-20260801T230707,DQ-PR07-SENTINEL-05,VERIFIED_RAW_MANIFEST
