channel_id,domain,query_id,query_family,query_verbatim,page_attempt,requested_url,started_at,http_status,response_bytes,error,body_file,headers_file,error_file,body_sha256,headers_sha256,candidate_url_count_machine_derived,new_candidate_url_count_machine_derived,cumulative_candidate_url_count_machine_derived,stop_decision,interpretation
MOH,moh.gov.vn,DQ-IMPL-01,implementation,"(\đạo đức AI\"" OR \""AI có trách nhiệm\"" OR \""quản trị AI\"") AND (kế hoạch OR triển khai OR áp dụng OR thí điểm)""",1,https://moh.gov.vn/tim-kiem?query=%28%5C%C4%91%E1%BA%A1o%20%C4%91%E1%BB%A9c%20AI%5C%22%20OR%20%5C%22AI%20c%C3%B3%20tr%C3%A1ch%20nhi%E1%BB%87m%5C%22%20OR%20%5C%22qu%E1%BA%A3n%20tr%E1%BB%8B%20AI%5C%22%29%20AND%20%28k%E1%BA%BF%20ho%E1%BA%A1ch%20OR%20tri%E1%BB%83n%20khai%20OR%20%C3%A1p%20d%E1%BB%A5ng%20OR%20th%C3%AD%20%C4%91i%E1%BB%83m%29%22&page=1,2026-07-31T23:04:36+00:00,,0,URLError: <urlopen error _ssl.c:999: The handshake operation timed out>,raw/moh-dq-impl-01-p01.body,raw/moh-dq-impl-01-p01.headers,raw/moh-dq-impl-01-p01.error.txt,E3B0C44298FC1C149AFBF4C8996FB92427AE41E4649B934CA495991B7852B855,E3B0C44298FC1C149AFBF4C8996FB92427AE41E4649B934CA495991B7852B855,0,0,0,CONTINUE,Raw capture only; URL candidates are not verified search results and are not screened or counted for PRISMA.
MOH,moh.gov.vn,DQ-IMPL-01,implementation,"(\đạo đức AI\"" OR \""AI có trách nhiệm\"" OR \""quản trị AI\"") AND (kế hoạch OR triển khai OR áp dụng OR thí điểm)""",2,https://moh.gov.vn/tim-kiem?query=%28%5C%C4%91%E1%BA%A1o%20%C4%91%E1%BB%A9c%20AI%5C%22%20OR%20%5C%22AI%20c%C3%B3%20tr%C3%A1ch%20nhi%E1%BB%87m%5C%22%20OR%20%5C%22qu%E1%BA%A3n%20tr%E1%BB%8B%20AI%5C%22%29%20AND%20%28k%E1%BA%BF%20ho%E1%BA%A1ch%20OR%20tri%E1%BB%83n%20khai%20OR%20%C3%A1p%20d%E1%BB%A5ng%20OR%20th%C3%AD%20%C4%91i%E1%BB%83m%29%22&page=2,2026-07-31T23:04:52+00:00,,0,URLError: <urlopen error _ssl.c:999: The handshake operation timed out>,raw/moh-dq-impl-01-p02.body,raw/moh-dq-impl-01-p02.headers,raw/moh-dq-impl-01-p02.error.txt,E3B0C44298FC1C149AFBF4C8996FB92427AE41E4649B934CA495991B7852B855,E3B0C44298FC1C149AFBF4C8996FB92427AE41E4649B934CA495991B7852B855,0,0,0,TWO_CONSECUTIVE_PAGES_WITH_NO_NEW_CANDIDATE_URL,Raw capture only; URL candidates are not verified search results and are not screened or counted for PRISMA.
MOH,moh.gov.vn,DQ-IMPL-02," chữa bệnh\"")""","(\đạo đức AI\"" OR \""AI có trách nhiệm\"" OR \""quản trị AI\"") AND (\""Bộ Y tế\"" OR bệnh viện OR \""cơ sở khám bệnh",1,https://moh.gov.vn/tim-kiem?query=%28%5C%C4%91%E1%BA%A1o%20%C4%91%E1%BB%A9c%20AI%5C%22%20OR%20%5C%22AI%20c%C3%B3%20tr%C3%A1ch%20nhi%E1%BB%87m%5C%22%20OR%20%5C%22qu%E1%BA%A3n%20tr%E1%BB%8B%20AI%5C%22%29%20AND%20%28%5C%22B%E1%BB%99%20Y%20t%E1%BA%BF%5C%22%20OR%20b%E1%BB%87nh%20vi%E1%BB%87n%20OR%20%5C%22c%C6%A1%20s%E1%BB%9F%20kh%C3%A1m%20b%E1%BB%87nh&page=1,2026-07-31T23:05:07+00:00,,0,URLError: <urlopen error _ssl.c:999: The handshake operation timed out>,raw/moh-dq-impl-02-p01.body,raw/moh-dq-impl-02-p01.headers,raw/moh-dq-impl-02-p01.error.txt,E3B0C44298FC1C149AFBF4C8996FB92427AE41E4649B934CA495991B7852B855,E3B0C44298FC1C149AFBF4C8996FB92427AE41E4649B934CA495991B7852B855,0,0,0,CONTINUE,Raw capture only; URL candidates are not verified search results and are not screened or counted for PRISMA.
MOH,moh.gov.vn,DQ-IMPL-02," chữa bệnh\"")""","(\đạo đức AI\"" OR \""AI có trách nhiệm\"" OR \""quản trị AI\"") AND (\""Bộ Y tế\"" OR bệnh viện OR \""cơ sở khám bệnh",2,https://moh.gov.vn/tim-kiem?query=%28%5C%C4%91%E1%BA%A1o%20%C4%91%E1%BB%A9c%20AI%5C%22%20OR%20%5C%22AI%20c%C3%B3%20tr%C3%A1ch%20nhi%E1%BB%87m%5C%22%20OR%20%5C%22qu%E1%BA%A3n%20tr%E1%BB%8B%20AI%5C%22%29%20AND%20%28%5C%22B%E1%BB%99%20Y%20t%E1%BA%BF%5C%22%20OR%20b%E1%BB%87nh%20vi%E1%BB%87n%20OR%20%5C%22c%C6%A1%20s%E1%BB%9F%20kh%C3%A1m%20b%E1%BB%87nh&page=2,2026-07-31T23:05:22+00:00,,0,URLError: <urlopen error _ssl.c:999: The handshake operation timed out>,raw/moh-dq-impl-02-p02.body,raw/moh-dq-impl-02-p02.headers,raw/moh-dq-impl-02-p02.error.txt,E3B0C44298FC1C149AFBF4C8996FB92427AE41E4649B934CA495991B7852B855,E3B0C44298FC1C149AFBF4C8996FB92427AE41E4649B934CA495991B7852B855,0,0,0,TWO_CONSECUTIVE_PAGES_WITH_NO_NEW_CANDIDATE_URL,Raw capture only; URL candidates are not verified search results and are not screened or counted for PRISMA.
MOH,moh.gov.vn,DQ-IMPL-03,implementation,"(\responsible AI\"" OR \""AI governance\"" OR \""AI ethics\"") AND (implementation OR adoption OR uptake OR plan OR pilot) AND (Vietnam OR \""Viet Nam\"") AND (health OR hospital OR clinical)""",1,https://moh.gov.vn/tim-kiem?query=%28%5Cresponsible%20AI%5C%22%20OR%20%5C%22AI%20governance%5C%22%20OR%20%5C%22AI%20ethics%5C%22%29%20AND%20%28implementation%20OR%20adoption%20OR%20uptake%20OR%20plan%20OR%20pilot%29%20AND%20%28Vietnam%20OR%20%5C%22Viet%20Nam%5C%22%29%20AND%20%28health%20OR%20hospital%20OR%20clinical%29%22&page=1,2026-07-31T23:05:38+00:00,,0,URLError: <urlopen error _ssl.c:999: The handshake operation timed out>,raw/moh-dq-impl-03-p01.body,raw/moh-dq-impl-03-p01.headers,raw/moh-dq-impl-03-p01.error.txt,E3B0C44298FC1C149AFBF4C8996FB92427AE41E4649B934CA495991B7852B855,E3B0C44298FC1C149AFBF4C8996FB92427AE41E4649B934CA495991B7852B855,0,0,0,CONTINUE,Raw capture only; URL candidates are not verified search results and are not screened or counted for PRISMA.
MOH,moh.gov.vn,DQ-IMPL-03,implementation,"(\responsible AI\"" OR \""AI governance\"" OR \""AI ethics\"") AND (implementation OR adoption OR uptake OR plan OR pilot) AND (Vietnam OR \""Viet Nam\"") AND (health OR hospital OR clinical)""",2,https://moh.gov.vn/tim-kiem?query=%28%5Cresponsible%20AI%5C%22%20OR%20%5C%22AI%20governance%5C%22%20OR%20%5C%22AI%20ethics%5C%22%29%20AND%20%28implementation%20OR%20adoption%20OR%20uptake%20OR%20plan%20OR%20pilot%29%20AND%20%28Vietnam%20OR%20%5C%22Viet%20Nam%5C%22%29%20AND%20%28health%20OR%20hospital%20OR%20clinical%29%22&page=2,2026-07-31T23:05:53+00:00,,0,URLError: <urlopen error _ssl.c:999: The handshake operation timed out>,raw/moh-dq-impl-03-p02.body,raw/moh-dq-impl-03-p02.headers,raw/moh-dq-impl-03-p02.error.txt,E3B0C44298FC1C149AFBF4C8996FB92427AE41E4649B934CA495991B7852B855,E3B0C44298FC1C149AFBF4C8996FB92427AE41E4649B934CA495991B7852B855,0,0,0,TWO_CONSECUTIVE_PAGES_WITH_NO_NEW_CANDIDATE_URL,Raw capture only; URL candidates are not verified search results and are not screened or counted for PRISMA.
MOH,moh.gov.vn,DQ-TOOL-01,implementation_tool,"(\đánh giá tuân thủ\"" OR \""tự đánh giá\"") AND (\""đạo đức AI\"" OR \""AI có trách nhiệm\"")""",1,https://moh.gov.vn/tim-kiem?query=%28%5C%C4%91%C3%A1nh%20gi%C3%A1%20tu%C3%A2n%20th%E1%BB%A7%5C%22%20OR%20%5C%22t%E1%BB%B1%20%C4%91%C3%A1nh%20gi%C3%A1%5C%22%29%20AND%20%28%5C%22%C4%91%E1%BA%A1o%20%C4%91%E1%BB%A9c%20AI%5C%22%20OR%20%5C%22AI%20c%C3%B3%20tr%C3%A1ch%20nhi%E1%BB%87m%5C%22%29%22&page=1,2026-07-31T23:06:08+00:00,,0,URLError: <urlopen error _ssl.c:999: The handshake operation timed out>,raw/moh-dq-tool-01-p01.body,raw/moh-dq-tool-01-p01.headers,raw/moh-dq-tool-01-p01.error.txt,E3B0C44298FC1C149AFBF4C8996FB92427AE41E4649B934CA495991B7852B855,E3B0C44298FC1C149AFBF4C8996FB92427AE41E4649B934CA495991B7852B855,0,0,0,CONTINUE,Raw capture only; URL candidates are not verified search results and are not screened or counted for PRISMA.
MOH,moh.gov.vn,DQ-TOOL-01,implementation_tool,"(\đánh giá tuân thủ\"" OR \""tự đánh giá\"") AND (\""đạo đức AI\"" OR \""AI có trách nhiệm\"")""",2,https://moh.gov.vn/tim-kiem?query=%28%5C%C4%91%C3%A1nh%20gi%C3%A1%20tu%C3%A2n%20th%E1%BB%A7%5C%22%20OR%20%5C%22t%E1%BB%B1%20%C4%91%C3%A1nh%20gi%C3%A1%5C%22%29%20AND%20%28%5C%22%C4%91%E1%BA%A1o%20%C4%91%E1%BB%A9c%20AI%5C%22%20OR%20%5C%22AI%20c%C3%B3%20tr%C3%A1ch%20nhi%E1%BB%87m%5C%22%29%22&page=2,2026-07-31T23:06:24+00:00,,0,URLError: <urlopen error _ssl.c:999: The handshake operation timed out>,raw/moh-dq-tool-01-p02.body,raw/moh-dq-tool-01-p02.headers,raw/moh-dq-tool-01-p02.error.txt,E3B0C44298FC1C149AFBF4C8996FB92427AE41E4649B934CA495991B7852B855,E3B0C44298FC1C149AFBF4C8996FB92427AE41E4649B934CA495991B7852B855,0,0,0,TWO_CONSECUTIVE_PAGES_WITH_NO_NEW_CANDIDATE_URL,Raw capture only; URL candidates are not verified search results and are not screened or counted for PRISMA.
MOH,moh.gov.vn,DQ-TOOL-02,implementation_tool,"(nền tảng OR công cụ) AND (\đánh giá tuân thủ\"" OR \""đánh giá tác động\"") AND (\""AI\"" OR \""trí tuệ nhân tạo\"")""",1,https://moh.gov.vn/tim-kiem?query=%28n%E1%BB%81n%20t%E1%BA%A3ng%20OR%20c%C3%B4ng%20c%E1%BB%A5%29%20AND%20%28%5C%C4%91%C3%A1nh%20gi%C3%A1%20tu%C3%A2n%20th%E1%BB%A7%5C%22%20OR%20%5C%22%C4%91%C3%A1nh%20gi%C3%A1%20t%C3%A1c%20%C4%91%E1%BB%99ng%5C%22%29%20AND%20%28%5C%22AI%5C%22%20OR%20%5C%22tr%C3%AD%20tu%E1%BB%87%20nh%C3%A2n%20t%E1%BA%A1o%5C%22%29%22&page=1,2026-07-31T23:06:42+00:00,,0,URLError: <urlopen error _ssl.c:999: The handshake operation timed out>,raw/moh-dq-tool-02-p01.body,raw/moh-dq-tool-02-p01.headers,raw/moh-dq-tool-02-p01.error.txt,E3B0C44298FC1C149AFBF4C8996FB92427AE41E4649B934CA495991B7852B855,E3B0C44298FC1C149AFBF4C8996FB92427AE41E4649B934CA495991B7852B855,0,0,0,CONTINUE,Raw capture only; URL candidates are not verified search results and are not screened or counted for PRISMA.
MOH,moh.gov.vn,DQ-TOOL-02,implementation_tool,"(nền tảng OR công cụ) AND (\đánh giá tuân thủ\"" OR \""đánh giá tác động\"") AND (\""AI\"" OR \""trí tuệ nhân tạo\"")""",2,https://moh.gov.vn/tim-kiem?query=%28n%E1%BB%81n%20t%E1%BA%A3ng%20OR%20c%C3%B4ng%20c%E1%BB%A5%29%20AND%20%28%5C%C4%91%C3%A1nh%20gi%C3%A1%20tu%C3%A2n%20th%E1%BB%A7%5C%22%20OR%20%5C%22%C4%91%C3%A1nh%20gi%C3%A1%20t%C3%A1c%20%C4%91%E1%BB%99ng%5C%22%29%20AND%20%28%5C%22AI%5C%22%20OR%20%5C%22tr%C3%AD%20tu%E1%BB%87%20nh%C3%A2n%20t%E1%BA%A1o%5C%22%29%22&page=2,2026-07-31T23:06:57+00:00,,0,URLError: <urlopen error _ssl.c:999: The handshake operation timed out>,raw/moh-dq-tool-02-p02.body,raw/moh-dq-tool-02-p02.headers,raw/moh-dq-tool-02-p02.error.txt,E3B0C44298FC1C149AFBF4C8996FB92427AE41E4649B934CA495991B7852B855,E3B0C44298FC1C149AFBF4C8996FB92427AE41E4649B934CA495991B7852B855,0,0,0,TWO_CONSECUTIVE_PAGES_WITH_NO_NEW_CANDIDATE_URL,Raw capture only; URL candidates are not verified search results and are not screened or counted for PRISMA.
MOH,moh.gov.vn,DQ-IMPL-04,implementation,"(\trí tuệ nhân tạo\"" OR AI) AND (\""theo dõi sau triển khai\"" OR hậu kiểm OR \""giám sát sau triển khai\"" OR \""đánh giá hiệu quả\"") AND (y tế OR bệnh viện OR \""Sở Y tế\"")""",1,https://moh.gov.vn/tim-kiem?query=%28%5Ctr%C3%AD%20tu%E1%BB%87%20nh%C3%A2n%20t%E1%BA%A1o%5C%22%20OR%20AI%29%20AND%20%28%5C%22theo%20d%C3%B5i%20sau%20tri%E1%BB%83n%20khai%5C%22%20OR%20h%E1%BA%ADu%20ki%E1%BB%83m%20OR%20%5C%22gi%C3%A1m%20s%C3%A1t%20sau%20tri%E1%BB%83n%20khai%5C%22%20OR%20%5C%22%C4%91%C3%A1nh%20gi%C3%A1%20hi%E1%BB%87u%20qu%E1%BA%A3%5C%22%29%20AND%20%28y%20t%E1%BA%BF%20OR%20b%E1%BB%87nh%20vi%E1%BB%87n%20OR%20%5C%22S%E1%BB%9F%20Y%20t%E1%BA%BF%5C%22%29%22&page=1,2026-07-31T23:07:12+00:00,,0,URLError: <urlopen error _ssl.c:999: The handshake operation timed out>,raw/moh-dq-impl-04-p01.body,raw/moh-dq-impl-04-p01.headers,raw/moh-dq-impl-04-p01.error.txt,E3B0C44298FC1C149AFBF4C8996FB92427AE41E4649B934CA495991B7852B855,E3B0C44298FC1C149AFBF4C8996FB92427AE41E4649B934CA495991B7852B855,0,0,0,CONTINUE,Raw capture only; URL candidates are not verified search results and are not screened or counted for PRISMA.
MOH,moh.gov.vn,DQ-IMPL-04,implementation,"(\trí tuệ nhân tạo\"" OR AI) AND (\""theo dõi sau triển khai\"" OR hậu kiểm OR \""giám sát sau triển khai\"" OR \""đánh giá hiệu quả\"") AND (y tế OR bệnh viện OR \""Sở Y tế\"")""",2,https://moh.gov.vn/tim-kiem?query=%28%5Ctr%C3%AD%20tu%E1%BB%87%20nh%C3%A2n%20t%E1%BA%A1o%5C%22%20OR%20AI%29%20AND%20%28%5C%22theo%20d%C3%B5i%20sau%20tri%E1%BB%83n%20khai%5C%22%20OR%20h%E1%BA%ADu%20ki%E1%BB%83m%20OR%20%5C%22gi%C3%A1m%20s%C3%A1t%20sau%20tri%E1%BB%83n%20khai%5C%22%20OR%20%5C%22%C4%91%C3%A1nh%20gi%C3%A1%20hi%E1%BB%87u%20qu%E1%BA%A3%5C%22%29%20AND%20%28y%20t%E1%BA%BF%20OR%20b%E1%BB%87nh%20vi%E1%BB%87n%20OR%20%5C%22S%E1%BB%9F%20Y%20t%E1%BA%BF%5C%22%29%22&page=2,2026-07-31T23:07:28+00:00,,0,URLError: <urlopen error _ssl.c:999: The handshake operation timed out>,raw/moh-dq-impl-04-p02.body,raw/moh-dq-impl-04-p02.headers,raw/moh-dq-impl-04-p02.error.txt,E3B0C44298FC1C149AFBF4C8996FB92427AE41E4649B934CA495991B7852B855,E3B0C44298FC1C149AFBF4C8996FB92427AE41E4649B934CA495991B7852B855,0,0,0,TWO_CONSECUTIVE_PAGES_WITH_NO_NEW_CANDIDATE_URL,Raw capture only; URL candidates are not verified search results and are not screened or counted for PRISMA.
MOH,moh.gov.vn,DQ-IMPL-05,implementation,"(\trí tuệ nhân tạo\"" OR AI) AND (\""báo cáo sự cố\"" OR \""quản lý chất lượng\"" OR kiểm toán OR thanh tra) AND (y tế OR bệnh viện OR \""Sở Y tế\"")""",1,https://moh.gov.vn/tim-kiem?query=%28%5Ctr%C3%AD%20tu%E1%BB%87%20nh%C3%A2n%20t%E1%BA%A1o%5C%22%20OR%20AI%29%20AND%20%28%5C%22b%C3%A1o%20c%C3%A1o%20s%E1%BB%B1%20c%E1%BB%91%5C%22%20OR%20%5C%22qu%E1%BA%A3n%20l%C3%BD%20ch%E1%BA%A5t%20l%C6%B0%E1%BB%A3ng%5C%22%20OR%20ki%E1%BB%83m%20to%C3%A1n%20OR%20thanh%20tra%29%20AND%20%28y%20t%E1%BA%BF%20OR%20b%E1%BB%87nh%20vi%E1%BB%87n%20OR%20%5C%22S%E1%BB%9F%20Y%20t%E1%BA%BF%5C%22%29%22&page=1,2026-07-31T23:07:43+00:00,,0,URLError: <urlopen error _ssl.c:999: The handshake operation timed out>,raw/moh-dq-impl-05-p01.body,raw/moh-dq-impl-05-p01.headers,raw/moh-dq-impl-05-p01.error.txt,E3B0C44298FC1C149AFBF4C8996FB92427AE41E4649B934CA495991B7852B855,E3B0C44298FC1C149AFBF4C8996FB92427AE41E4649B934CA495991B7852B855,0,0,0,CONTINUE,Raw capture only; URL candidates are not verified search results and are not screened or counted for PRISMA.
MOH,moh.gov.vn,DQ-IMPL-05,implementation,"(\trí tuệ nhân tạo\"" OR AI) AND (\""báo cáo sự cố\"" OR \""quản lý chất lượng\"" OR kiểm toán OR thanh tra) AND (y tế OR bệnh viện OR \""Sở Y tế\"")""",2,https://moh.gov.vn/tim-kiem?query=%28%5Ctr%C3%AD%20tu%E1%BB%87%20nh%C3%A2n%20t%E1%BA%A1o%5C%22%20OR%20AI%29%20AND%20%28%5C%22b%C3%A1o%20c%C3%A1o%20s%E1%BB%B1%20c%E1%BB%91%5C%22%20OR%20%5C%22qu%E1%BA%A3n%20l%C3%BD%20ch%E1%BA%A5t%20l%C6%B0%E1%BB%A3ng%5C%22%20OR%20ki%E1%BB%83m%20to%C3%A1n%20OR%20thanh%20tra%29%20AND%20%28y%20t%E1%BA%BF%20OR%20b%E1%BB%87nh%20vi%E1%BB%87n%20OR%20%5C%22S%E1%BB%9F%20Y%20t%E1%BA%BF%5C%22%29%22&page=2,2026-07-31T23:07:58+00:00,,0,URLError: <urlopen error _ssl.c:999: The handshake operation timed out>,raw/moh-dq-impl-05-p02.body,raw/moh-dq-impl-05-p02.headers,raw/moh-dq-impl-05-p02.error.txt,E3B0C44298FC1C149AFBF4C8996FB92427AE41E4649B934CA495991B7852B855,E3B0C44298FC1C149AFBF4C8996FB92427AE41E4649B934CA495991B7852B855,0,0,0,TWO_CONSECUTIVE_PAGES_WITH_NO_NEW_CANDIDATE_URL,Raw capture only; URL candidates are not verified search results and are not screened or counted for PRISMA.
MOH,moh.gov.vn,DQ-EVID-01,evidence,"(\đạo đức AI\"" OR \""quản trị AI\"") AND (kiểm toán OR thanh tra OR giám sát)""",1,https://moh.gov.vn/tim-kiem?query=%28%5C%C4%91%E1%BA%A1o%20%C4%91%E1%BB%A9c%20AI%5C%22%20OR%20%5C%22qu%E1%BA%A3n%20tr%E1%BB%8B%20AI%5C%22%29%20AND%20%28ki%E1%BB%83m%20to%C3%A1n%20OR%20thanh%20tra%20OR%20gi%C3%A1m%20s%C3%A1t%29%22&page=1,2026-07-31T23:08:14+00:00,,0,URLError: <urlopen error _ssl.c:999: The handshake operation timed out>,raw/moh-dq-evid-01-p01.body,raw/moh-dq-evid-01-p01.headers,raw/moh-dq-evid-01-p01.error.txt,E3B0C44298FC1C149AFBF4C8996FB92427AE41E4649B934CA495991B7852B855,E3B0C44298FC1C149AFBF4C8996FB92427AE41E4649B934CA495991B7852B855,0,0,0,CONTINUE,Raw capture only; URL candidates are not verified search results and are not screened or counted for PRISMA.
MOH,moh.gov.vn,DQ-EVID-01,evidence,"(\đạo đức AI\"" OR \""quản trị AI\"") AND (kiểm toán OR thanh tra OR giám sát)""",2,https://moh.gov.vn/tim-kiem?query=%28%5C%C4%91%E1%BA%A1o%20%C4%91%E1%BB%A9c%20AI%5C%22%20OR%20%5C%22qu%E1%BA%A3n%20tr%E1%BB%8B%20AI%5C%22%29%20AND%20%28ki%E1%BB%83m%20to%C3%A1n%20OR%20thanh%20tra%20OR%20gi%C3%A1m%20s%C3%A1t%29%22&page=2,2026-07-31T23:08:29+00:00,,0,URLError: <urlopen error _ssl.c:999: The handshake operation timed out>,raw/moh-dq-evid-01-p02.body,raw/moh-dq-evid-01-p02.headers,raw/moh-dq-evid-01-p02.error.txt,E3B0C44298FC1C149AFBF4C8996FB92427AE41E4649B934CA495991B7852B855,E3B0C44298FC1C149AFBF4C8996FB92427AE41E4649B934CA495991B7852B855,0,0,0,TWO_CONSECUTIVE_PAGES_WITH_NO_NEW_CANDIDATE_URL,Raw capture only; URL candidates are not verified search results and are not screened or counted for PRISMA.
MOH,moh.gov.vn,DQ-EVID-02,evidence,"(\AI\"" OR \""trí tuệ nhân tạo\"") AND (sự cố OR khiếu nại OR khắc phục) AND (y tế OR bệnh viện)""",1,https://moh.gov.vn/tim-kiem?query=%28%5CAI%5C%22%20OR%20%5C%22tr%C3%AD%20tu%E1%BB%87%20nh%C3%A2n%20t%E1%BA%A1o%5C%22%29%20AND%20%28s%E1%BB%B1%20c%E1%BB%91%20OR%20khi%E1%BA%BFu%20n%E1%BA%A1i%20OR%20kh%E1%BA%AFc%20ph%E1%BB%A5c%29%20AND%20%28y%20t%E1%BA%BF%20OR%20b%E1%BB%87nh%20vi%E1%BB%87n%29%22&page=1,2026-07-31T23:08:44+00:00,,0,URLError: <urlopen error _ssl.c:999: The handshake operation timed out>,raw/moh-dq-evid-02-p01.body,raw/moh-dq-evid-02-p01.headers,raw/moh-dq-evid-02-p01.error.txt,E3B0C44298FC1C149AFBF4C8996FB92427AE41E4649B934CA495991B7852B855,E3B0C44298FC1C149AFBF4C8996FB92427AE41E4649B934CA495991B7852B855,0,0,0,CONTINUE,Raw capture only; URL candidates are not verified search results and are not screened or counted for PRISMA.
MOH,moh.gov.vn,DQ-EVID-02,evidence,"(\AI\"" OR \""trí tuệ nhân tạo\"") AND (sự cố OR khiếu nại OR khắc phục) AND (y tế OR bệnh viện)""",2,https://moh.gov.vn/tim-kiem?query=%28%5CAI%5C%22%20OR%20%5C%22tr%C3%AD%20tu%E1%BB%87%20nh%C3%A2n%20t%E1%BA%A1o%5C%22%29%20AND%20%28s%E1%BB%B1%20c%E1%BB%91%20OR%20khi%E1%BA%BFu%20n%E1%BA%A1i%20OR%20kh%E1%BA%AFc%20ph%E1%BB%A5c%29%20AND%20%28y%20t%E1%BA%BF%20OR%20b%E1%BB%87nh%20vi%E1%BB%87n%29%22&page=2,2026-07-31T23:09:00+00:00,,0,URLError: <urlopen error _ssl.c:999: The handshake operation timed out>,raw/moh-dq-evid-02-p02.body,raw/moh-dq-evid-02-p02.headers,raw/moh-dq-evid-02-p02.error.txt,E3B0C44298FC1C149AFBF4C8996FB92427AE41E4649B934CA495991B7852B855,E3B0C44298FC1C149AFBF4C8996FB92427AE41E4649B934CA495991B7852B855,0,0,0,TWO_CONSECUTIVE_PAGES_WITH_NO_NEW_CANDIDATE_URL,Raw capture only; URL candidates are not verified search results and are not screened or counted for PRISMA.
MOH,moh.gov.vn,DQ-EVID-03,evidence,"(\AI\"" OR \""trí tuệ nhân tạo\"") AND (\""đánh giá tác động\"" OR kết quả) AND (y tế OR bệnh viện)""",1,https://moh.gov.vn/tim-kiem?query=%28%5CAI%5C%22%20OR%20%5C%22tr%C3%AD%20tu%E1%BB%87%20nh%C3%A2n%20t%E1%BA%A1o%5C%22%29%20AND%20%28%5C%22%C4%91%C3%A1nh%20gi%C3%A1%20t%C3%A1c%20%C4%91%E1%BB%99ng%5C%22%20OR%20k%E1%BA%BFt%20qu%E1%BA%A3%29%20AND%20%28y%20t%E1%BA%BF%20OR%20b%E1%BB%87nh%20vi%E1%BB%87n%29%22&page=1,2026-07-31T23:09:15+00:00,,0,URLError: <urlopen error _ssl.c:999: The handshake operation timed out>,raw/moh-dq-evid-03-p01.body,raw/moh-dq-evid-03-p01.headers,raw/moh-dq-evid-03-p01.error.txt,E3B0C44298FC1C149AFBF4C8996FB92427AE41E4649B934CA495991B7852B855,E3B0C44298FC1C149AFBF4C8996FB92427AE41E4649B934CA495991B7852B855,0,0,0,CONTINUE,Raw capture only; URL candidates are not verified search results and are not screened or counted for PRISMA.
MOH,moh.gov.vn,DQ-EVID-03,evidence,"(\AI\"" OR \""trí tuệ nhân tạo\"") AND (\""đánh giá tác động\"" OR kết quả) AND (y tế OR bệnh viện)""",2,https://moh.gov.vn/tim-kiem?query=%28%5CAI%5C%22%20OR%20%5C%22tr%C3%AD%20tu%E1%BB%87%20nh%C3%A2n%20t%E1%BA%A1o%5C%22%29%20AND%20%28%5C%22%C4%91%C3%A1nh%20gi%C3%A1%20t%C3%A1c%20%C4%91%E1%BB%99ng%5C%22%20OR%20k%E1%BA%BFt%20qu%E1%BA%A3%29%20AND%20%28y%20t%E1%BA%BF%20OR%20b%E1%BB%87nh%20vi%E1%BB%87n%29%22&page=2,2026-07-31T23:09:31+00:00,,0,URLError: <urlopen error _ssl.c:999: The handshake operation timed out>,raw/moh-dq-evid-03-p02.body,raw/moh-dq-evid-03-p02.headers,raw/moh-dq-evid-03-p02.error.txt,E3B0C44298FC1C149AFBF4C8996FB92427AE41E4649B934CA495991B7852B855,E3B0C44298FC1C149AFBF4C8996FB92427AE41E4649B934CA495991B7852B855,0,0,0,TWO_CONSECUTIVE_PAGES_WITH_NO_NEW_CANDIDATE_URL,Raw capture only; URL candidates are not verified search results and are not screened or counted for PRISMA.
MOH,moh.gov.vn,DQ-EVID-04,evidence,"(\AI ethics\"" OR \""AI governance\"") AND (audit OR inspection OR monitoring OR incident OR complaint OR redress OR \""impact assessment\"" OR outcome OR result) AND (Vietnam OR \""Viet Nam\"") AND (health OR hospital)""",1,https://moh.gov.vn/tim-kiem?query=%28%5CAI%20ethics%5C%22%20OR%20%5C%22AI%20governance%5C%22%29%20AND%20%28audit%20OR%20inspection%20OR%20monitoring%20OR%20incident%20OR%20complaint%20OR%20redress%20OR%20%5C%22impact%20assessment%5C%22%20OR%20outcome%20OR%20result%29%20AND%20%28Vietnam%20OR%20%5C%22Viet%20Nam%5C%22%29%20AND%20%28health%20OR%20hospital%29%22&page=1,2026-07-31T23:09:46+00:00,,0,URLError: <urlopen error _ssl.c:999: The handshake operation timed out>,raw/moh-dq-evid-04-p01.body,raw/moh-dq-evid-04-p01.headers,raw/moh-dq-evid-04-p01.error.txt,E3B0C44298FC1C149AFBF4C8996FB92427AE41E4649B934CA495991B7852B855,E3B0C44298FC1C149AFBF4C8996FB92427AE41E4649B934CA495991B7852B855,0,0,0,CONTINUE,Raw capture only; URL candidates are not verified search results and are not screened or counted for PRISMA.
MOH,moh.gov.vn,DQ-EVID-04,evidence,"(\AI ethics\"" OR \""AI governance\"") AND (audit OR inspection OR monitoring OR incident OR complaint OR redress OR \""impact assessment\"" OR outcome OR result) AND (Vietnam OR \""Viet Nam\"") AND (health OR hospital)""",2,https://moh.gov.vn/tim-kiem?query=%28%5CAI%20ethics%5C%22%20OR%20%5C%22AI%20governance%5C%22%29%20AND%20%28audit%20OR%20inspection%20OR%20monitoring%20OR%20incident%20OR%20complaint%20OR%20redress%20OR%20%5C%22impact%20assessment%5C%22%20OR%20outcome%20OR%20result%29%20AND%20%28Vietnam%20OR%20%5C%22Viet%20Nam%5C%22%29%20AND%20%28health%20OR%20hospital%29%22&page=2,2026-07-31T23:10:02+00:00,,0,URLError: <urlopen error _ssl.c:999: The handshake operation timed out>,raw/moh-dq-evid-04-p02.body,raw/moh-dq-evid-04-p02.headers,raw/moh-dq-evid-04-p02.error.txt,E3B0C44298FC1C149AFBF4C8996FB92427AE41E4649B934CA495991B7852B855,E3B0C44298FC1C149AFBF4C8996FB92427AE41E4649B934CA495991B7852B855,0,0,0,TWO_CONSECUTIVE_PAGES_WITH_NO_NEW_CANDIDATE_URL,Raw capture only; URL candidates are not verified search results and are not screened or counted for PRISMA.
MOH,moh.gov.vn,DQ-EVID-05,evidence,"(\artificial intelligence\"" OR AI) AND (\""post-implementation monitoring\"" OR \""post-market surveillance\"" OR \""incident reporting\"" OR \""quality management\"" OR \""effectiveness evaluation\"" OR audit) AND (Vietnam OR \""Viet Nam\"") AND (health OR hospital OR \""provincial health department\"")""",1,https://moh.gov.vn/tim-kiem?query=%28%5Cartificial%20intelligence%5C%22%20OR%20AI%29%20AND%20%28%5C%22post-implementation%20monitoring%5C%22%20OR%20%5C%22post-market%20surveillance%5C%22%20OR%20%5C%22incident%20reporting%5C%22%20OR%20%5C%22quality%20management%5C%22%20OR%20%5C%22effectiveness%20evaluation%5C%22%20OR%20audit%29%20AND%20%28Vietnam%20OR%20%5C%22Viet%20Nam%5C%22%29%20AND%20%28health%20OR%20hospital%20OR%20%5C%22provincial%20health%20department%5C%22%29%22&page=1,2026-07-31T23:10:17+00:00,,0,URLError: <urlopen error _ssl.c:999: The handshake operation timed out>,raw/moh-dq-evid-05-p01.body,raw/moh-dq-evid-05-p01.headers,raw/moh-dq-evid-05-p01.error.txt,E3B0C44298FC1C149AFBF4C8996FB92427AE41E4649B934CA495991B7852B855,E3B0C44298FC1C149AFBF4C8996FB92427AE41E4649B934CA495991B7852B855,0,0,0,CONTINUE,Raw capture only; URL candidates are not verified search results and are not screened or counted for PRISMA.
MOH,moh.gov.vn,DQ-EVID-05,evidence,"(\artificial intelligence\"" OR AI) AND (\""post-implementation monitoring\"" OR \""post-market surveillance\"" OR \""incident reporting\"" OR \""quality management\"" OR \""effectiveness evaluation\"" OR audit) AND (Vietnam OR \""Viet Nam\"") AND (health OR hospital OR \""provincial health department\"")""",2,https://moh.gov.vn/tim-kiem?query=%28%5Cartificial%20intelligence%5C%22%20OR%20AI%29%20AND%20%28%5C%22post-implementation%20monitoring%5C%22%20OR%20%5C%22post-market%20surveillance%5C%22%20OR%20%5C%22incident%20reporting%5C%22%20OR%20%5C%22quality%20management%5C%22%20OR%20%5C%22effectiveness%20evaluation%5C%22%20OR%20audit%29%20AND%20%28Vietnam%20OR%20%5C%22Viet%20Nam%5C%22%29%20AND%20%28health%20OR%20hospital%20OR%20%5C%22provincial%20health%20department%5C%22%29%22&page=2,2026-07-31T23:10:32+00:00,,0,URLError: <urlopen error _ssl.c:999: The handshake operation timed out>,raw/moh-dq-evid-05-p02.body,raw/moh-dq-evid-05-p02.headers,raw/moh-dq-evid-05-p02.error.txt,E3B0C44298FC1C149AFBF4C8996FB92427AE41E4649B934CA495991B7852B855,E3B0C44298FC1C149AFBF4C8996FB92427AE41E4649B934CA495991B7852B855,0,0,0,TWO_CONSECUTIVE_PAGES_WITH_NO_NEW_CANDIDATE_URL,Raw capture only; URL candidates are not verified search results and are not screened or counted for PRISMA.
MOH-ASTT,asttmoh.vn,DQ-IMPL-01,implementation,"(\đạo đức AI\"" OR \""AI có trách nhiệm\"" OR \""quản trị AI\"") AND (kế hoạch OR triển khai OR áp dụng OR thí điểm)""",1,https://asttmoh.vn/?s=%28%5C%C4%91%E1%BA%A1o%20%C4%91%E1%BB%A9c%20AI%5C%22%20OR%20%5C%22AI%20c%C3%B3%20tr%C3%A1ch%20nhi%E1%BB%87m%5C%22%20OR%20%5C%22qu%E1%BA%A3n%20tr%E1%BB%8B%20AI%5C%22%29%20AND%20%28k%E1%BA%BF%20ho%E1%BA%A1ch%20OR%20tri%E1%BB%83n%20khai%20OR%20%C3%A1p%20d%E1%BB%A5ng%20OR%20th%C3%AD%20%C4%91i%E1%BB%83m%29%22&paged=1,2026-07-31T23:10:48+00:00,200,42259,,raw/moh-astt-dq-impl-01-p01.body,raw/moh-astt-dq-impl-01-p01.headers,raw/moh-astt-dq-impl-01-p01.error.txt,0AC7D36D6BBF4DDA0D8F3C44D54B234D7BDA2A69DED52A3D4195F41E930E22A3,9E185E36110E703FD8ED3A399737EBFE4679D65B4D144ABA3F3CC7DBD4EE15E2,66,66,66,CONTINUE,Raw capture only; URL candidates are not verified search results and are not screened or counted for PRISMA.
MOH-ASTT,asttmoh.vn,DQ-IMPL-01,implementation,"(\đạo đức AI\"" OR \""AI có trách nhiệm\"" OR \""quản trị AI\"") AND (kế hoạch OR triển khai OR áp dụng OR thí điểm)""",2,https://asttmoh.vn/?s=%28%5C%C4%91%E1%BA%A1o%20%C4%91%E1%BB%A9c%20AI%5C%22%20OR%20%5C%22AI%20c%C3%B3%20tr%C3%A1ch%20nhi%E1%BB%87m%5C%22%20OR%20%5C%22qu%E1%BA%A3n%20tr%E1%BB%8B%20AI%5C%22%29%20AND%20%28k%E1%BA%BF%20ho%E1%BA%A1ch%20OR%20tri%E1%BB%83n%20khai%20OR%20%C3%A1p%20d%E1%BB%A5ng%20OR%20th%C3%AD%20%C4%91i%E1%BB%83m%29%22&paged=2,2026-07-31T23:10:53+00:00,404,52034,HTTPError: Not Found,raw/moh-astt-dq-impl-01-p02.body,raw/moh-astt-dq-impl-01-p02.headers,raw/moh-astt-dq-impl-01-p02.error.txt,59094097F2E78BE11F6AC7538E16A542A3A30F886C6224BBD99753EBC6AA84BB,56C84DB3B16689543BCDA8ADA0609378F3078554E0AB3A779F552584869B41A8,79,14,80,CONTINUE,Raw capture only; URL candidates are not verified search results and are not screened or counted for PRISMA.
MOH-ASTT,asttmoh.vn,DQ-IMPL-01,implementation,"(\đạo đức AI\"" OR \""AI có trách nhiệm\"" OR \""quản trị AI\"") AND (kế hoạch OR triển khai OR áp dụng OR thí điểm)""",3,https://asttmoh.vn/?s=%28%5C%C4%91%E1%BA%A1o%20%C4%91%E1%BB%A9c%20AI%5C%22%20OR%20%5C%22AI%20c%C3%B3%20tr%C3%A1ch%20nhi%E1%BB%87m%5C%22%20OR%20%5C%22qu%E1%BA%A3n%20tr%E1%BB%8B%20AI%5C%22%29%20AND%20%28k%E1%BA%BF%20ho%E1%BA%A1ch%20OR%20tri%E1%BB%83n%20khai%20OR%20%C3%A1p%20d%E1%BB%A5ng%20OR%20th%C3%AD%20%C4%91i%E1%BB%83m%29%22&paged=3,2026-07-31T23:10:57+00:00,404,52034,HTTPError: Not Found,raw/moh-astt-dq-impl-01-p03.body,raw/moh-astt-dq-impl-01-p03.headers,raw/moh-astt-dq-impl-01-p03.error.txt,59094097F2E78BE11F6AC7538E16A542A3A30F886C6224BBD99753EBC6AA84BB,EA2F0E4A6A43CC5B5FFED2FDFD7857FD33A14F9BC9E1B968E4C07A18A05E4174,79,1,81,CONTINUE,Raw capture only; URL candidates are not verified search results and are not screened or counted for PRISMA.
MOH-ASTT,asttmoh.vn,DQ-IMPL-01,implementation,"(\đạo đức AI\"" OR \""AI có trách nhiệm\"" OR \""quản trị AI\"") AND (kế hoạch OR triển khai OR áp dụng OR thí điểm)""",4,https://asttmoh.vn/?s=%28%5C%C4%91%E1%BA%A1o%20%C4%91%E1%BB%A9c%20AI%5C%22%20OR%20%5C%22AI%20c%C3%B3%20tr%C3%A1ch%20nhi%E1%BB%87m%5C%22%20OR%20%5C%22qu%E1%BA%A3n%20tr%E1%BB%8B%20AI%5C%22%29%20AND%20%28k%E1%BA%BF%20ho%E1%BA%A1ch%20OR%20tri%E1%BB%83n%20khai%20OR%20%C3%A1p%20d%E1%BB%A5ng%20OR%20th%C3%AD%20%C4%91i%E1%BB%83m%29%22&paged=4,2026-07-31T23:11:01+00:00,404,52034,HTTPError: Not Found,raw/moh-astt-dq-impl-01-p04.body,raw/moh-astt-dq-impl-01-p04.headers,raw/moh-astt-dq-impl-01-p04.error.txt,59094097F2E78BE11F6AC7538E16A542A3A30F886C6224BBD99753EBC6AA84BB,CEFCFCD4ADF1D1AB4BB37E06E9898F59419338ED4315299DAF689C728DC38EF7,79,1,82,CONTINUE,Raw capture only; URL candidates are not verified search results and are not screened or counted for PRISMA.
MOH-ASTT,asttmoh.vn,DQ-IMPL-01,implementation,"(\đạo đức AI\"" OR \""AI có trách nhiệm\"" OR \""quản trị AI\"") AND (kế hoạch OR triển khai OR áp dụng OR thí điểm)""",5,https://asttmoh.vn/?s=%28%5C%C4%91%E1%BA%A1o%20%C4%91%E1%BB%A9c%20AI%5C%22%20OR%20%5C%22AI%20c%C3%B3%20tr%C3%A1ch%20nhi%E1%BB%87m%5C%22%20OR%20%5C%22qu%E1%BA%A3n%20tr%E1%BB%8B%20AI%5C%22%29%20AND%20%28k%E1%BA%BF%20ho%E1%BA%A1ch%20OR%20tri%E1%BB%83n%20khai%20OR%20%C3%A1p%20d%E1%BB%A5ng%20OR%20th%C3%AD%20%C4%91i%E1%BB%83m%29%22&paged=5,2026-07-31T23:11:05+00:00,404,52034,HTTPError: Not Found,raw/moh-astt-dq-impl-01-p05.body,raw/moh-astt-dq-impl-01-p05.headers,raw/moh-astt-dq-impl-01-p05.error.txt,59094097F2E78BE11F6AC7538E16A542A3A30F886C6224BBD99753EBC6AA84BB,D8337D654AFEB2E848CAD2CC004C18F2042924A80CE485F7762D607B399FC989,79,1,83,LOCKED_PAGE_CAP_REACHED,Raw capture only; URL candidates are not verified search results and are not screened or counted for PRISMA.
MOH-ASTT,asttmoh.vn,DQ-IMPL-02," chữa bệnh\"")""","(\đạo đức AI\"" OR \""AI có trách nhiệm\"" OR \""quản trị AI\"") AND (\""Bộ Y tế\"" OR bệnh viện OR \""cơ sở khám bệnh",1,https://asttmoh.vn/?s=%28%5C%C4%91%E1%BA%A1o%20%C4%91%E1%BB%A9c%20AI%5C%22%20OR%20%5C%22AI%20c%C3%B3%20tr%C3%A1ch%20nhi%E1%BB%87m%5C%22%20OR%20%5C%22qu%E1%BA%A3n%20tr%E1%BB%8B%20AI%5C%22%29%20AND%20%28%5C%22B%E1%BB%99%20Y%20t%E1%BA%BF%5C%22%20OR%20b%E1%BB%87nh%20vi%E1%BB%87n%20OR%20%5C%22c%C6%A1%20s%E1%BB%9F%20kh%C3%A1m%20b%E1%BB%87nh&paged=1,2026-07-31T23:11:09+00:00,200,47762,,raw/moh-astt-dq-impl-02-p01.body,raw/moh-astt-dq-impl-02-p01.headers,raw/moh-astt-dq-impl-02-p01.error.txt,F0B08293E3361038368C484492080EC0118D8EF91A0388B7768960B0936F051E,7E4B10FAA509F1D171401CAE3698254FAB317B7DEED8F33911CA7C98D23EB8BD,66,66,66,CONTINUE,Raw capture only; URL candidates are not verified search results and are not screened or counted for PRISMA.
MOH-ASTT,asttmoh.vn,DQ-IMPL-02," chữa bệnh\"")""","(\đạo đức AI\"" OR \""AI có trách nhiệm\"" OR \""quản trị AI\"") AND (\""Bộ Y tế\"" OR bệnh viện OR \""cơ sở khám bệnh",2,https://asttmoh.vn/?s=%28%5C%C4%91%E1%BA%A1o%20%C4%91%E1%BB%A9c%20AI%5C%22%20OR%20%5C%22AI%20c%C3%B3%20tr%C3%A1ch%20nhi%E1%BB%87m%5C%22%20OR%20%5C%22qu%E1%BA%A3n%20tr%E1%BB%8B%20AI%5C%22%29%20AND%20%28%5C%22B%E1%BB%99%20Y%20t%E1%BA%BF%5C%22%20OR%20b%E1%BB%87nh%20vi%E1%BB%87n%20OR%20%5C%22c%C6%A1%20s%E1%BB%9F%20kh%C3%A1m%20b%E1%BB%87nh&paged=2,2026-07-31T23:11:13+00:00,404,52034,HTTPError: Not Found,raw/moh-astt-dq-impl-02-p02.body,raw/moh-astt-dq-impl-02-p02.headers,raw/moh-astt-dq-impl-02-p02.error.txt,59094097F2E78BE11F6AC7538E16A542A3A30F886C6224BBD99753EBC6AA84BB,B27CF0BE533B8AA34EB078A3B18043FCBFC34B5EE28500EA9B7AC295E6A0FB92,79,14,80,CONTINUE,Raw capture only; URL candidates are not verified search results and are not screened or counted for PRISMA.
MOH-ASTT,asttmoh.vn,DQ-IMPL-02," chữa bệnh\"")""","(\đạo đức AI\"" OR \""AI có trách nhiệm\"" OR \""quản trị AI\"") AND (\""Bộ Y tế\"" OR bệnh viện OR \""cơ sở khám bệnh",3,https://asttmoh.vn/?s=%28%5C%C4%91%E1%BA%A1o%20%C4%91%E1%BB%A9c%20AI%5C%22%20OR%20%5C%22AI%20c%C3%B3%20tr%C3%A1ch%20nhi%E1%BB%87m%5C%22%20OR%20%5C%22qu%E1%BA%A3n%20tr%E1%BB%8B%20AI%5C%22%29%20AND%20%28%5C%22B%E1%BB%99%20Y%20t%E1%BA%BF%5C%22%20OR%20b%E1%BB%87nh%20vi%E1%BB%87n%20OR%20%5C%22c%C6%A1%20s%E1%BB%9F%20kh%C3%A1m%20b%E1%BB%87nh&paged=3,2026-07-31T23:11:17+00:00,404,52034,HTTPError: Not Found,raw/moh-astt-dq-impl-02-p03.body,raw/moh-astt-dq-impl-02-p03.headers,raw/moh-astt-dq-impl-02-p03.error.txt,59094097F2E78BE11F6AC7538E16A542A3A30F886C6224BBD99753EBC6AA84BB,0A91CA14CBD3AC110666CEEA57998566061D257D38E8044B0C71C15B4B957A92,79,1,81,CONTINUE,Raw capture only; URL candidates are not verified search results and are not screened or counted for PRISMA.
MOH-ASTT,asttmoh.vn,DQ-IMPL-02," chữa bệnh\"")""","(\đạo đức AI\"" OR \""AI có trách nhiệm\"" OR \""quản trị AI\"") AND (\""Bộ Y tế\"" OR bệnh viện OR \""cơ sở khám bệnh",4,https://asttmoh.vn/?s=%28%5C%C4%91%E1%BA%A1o%20%C4%91%E1%BB%A9c%20AI%5C%22%20OR%20%5C%22AI%20c%C3%B3%20tr%C3%A1ch%20nhi%E1%BB%87m%5C%22%20OR%20%5C%22qu%E1%BA%A3n%20tr%E1%BB%8B%20AI%5C%22%29%20AND%20%28%5C%22B%E1%BB%99%20Y%20t%E1%BA%BF%5C%22%20OR%20b%E1%BB%87nh%20vi%E1%BB%87n%20OR%20%5C%22c%C6%A1%20s%E1%BB%9F%20kh%C3%A1m%20b%E1%BB%87nh&paged=4,2026-07-31T23:11:21+00:00,404,52034,HTTPError: Not Found,raw/moh-astt-dq-impl-02-p04.body,raw/moh-astt-dq-impl-02-p04.headers,raw/moh-astt-dq-impl-02-p04.error.txt,59094097F2E78BE11F6AC7538E16A542A3A30F886C6224BBD99753EBC6AA84BB,556565F03D2586D422D0DED734C06BE7DA168474E1998F572450E9DBD5BD59CB,79,1,82,CONTINUE,Raw capture only; URL candidates are not verified search results and are not screened or counted for PRISMA.
MOH-ASTT,asttmoh.vn,DQ-IMPL-02," chữa bệnh\"")""","(\đạo đức AI\"" OR \""AI có trách nhiệm\"" OR \""quản trị AI\"") AND (\""Bộ Y tế\"" OR bệnh viện OR \""cơ sở khám bệnh",5,https://asttmoh.vn/?s=%28%5C%C4%91%E1%BA%A1o%20%C4%91%E1%BB%A9c%20AI%5C%22%20OR%20%5C%22AI%20c%C3%B3%20tr%C3%A1ch%20nhi%E1%BB%87m%5C%22%20OR%20%5C%22qu%E1%BA%A3n%20tr%E1%BB%8B%20AI%5C%22%29%20AND%20%28%5C%22B%E1%BB%99%20Y%20t%E1%BA%BF%5C%22%20OR%20b%E1%BB%87nh%20vi%E1%BB%87n%20OR%20%5C%22c%C6%A1%20s%E1%BB%9F%20kh%C3%A1m%20b%E1%BB%87nh&paged=5,2026-07-31T23:11:26+00:00,404,52034,HTTPError: Not Found,raw/moh-astt-dq-impl-02-p05.body,raw/moh-astt-dq-impl-02-p05.headers,raw/moh-astt-dq-impl-02-p05.error.txt,59094097F2E78BE11F6AC7538E16A542A3A30F886C6224BBD99753EBC6AA84BB,ED2861CCCC1D982AA266733DBBF9EB6A5B7121A171076F9A1ADC22461F376D69,79,1,83,LOCKED_PAGE_CAP_REACHED,Raw capture only; URL candidates are not verified search results and are not screened or counted for PRISMA.
MOH-ASTT,asttmoh.vn,DQ-IMPL-03,implementation,"(\responsible AI\"" OR \""AI governance\"" OR \""AI ethics\"") AND (implementation OR adoption OR uptake OR plan OR pilot) AND (Vietnam OR \""Viet Nam\"") AND (health OR hospital OR clinical)""",1,https://asttmoh.vn/?s=%28%5Cresponsible%20AI%5C%22%20OR%20%5C%22AI%20governance%5C%22%20OR%20%5C%22AI%20ethics%5C%22%29%20AND%20%28implementation%20OR%20adoption%20OR%20uptake%20OR%20plan%20OR%20pilot%29%20AND%20%28Vietnam%20OR%20%5C%22Viet%20Nam%5C%22%29%20AND%20%28health%20OR%20hospital%20OR%20clinical%29%22&paged=1,2026-07-31T23:11:29+00:00,200,41952,,raw/moh-astt-dq-impl-03-p01.body,raw/moh-astt-dq-impl-03-p01.headers,raw/moh-astt-dq-impl-03-p01.error.txt,98DEC02900847B1AF2FFFA705F91E8438B133932610F008906D3EB99843E10DB,ECBAABAA796174444B520A8971ACE6384305E6ACE5A0DC9B8E3D7671E884E4F9,66,66,66,CONTINUE,Raw capture only; URL candidates are not verified search results and are not screened or counted for PRISMA.
MOH-ASTT,asttmoh.vn,DQ-IMPL-03,implementation,"(\responsible AI\"" OR \""AI governance\"" OR \""AI ethics\"") AND (implementation OR adoption OR uptake OR plan OR pilot) AND (Vietnam OR \""Viet Nam\"") AND (health OR hospital OR clinical)""",2,https://asttmoh.vn/?s=%28%5Cresponsible%20AI%5C%22%20OR%20%5C%22AI%20governance%5C%22%20OR%20%5C%22AI%20ethics%5C%22%29%20AND%20%28implementation%20OR%20adoption%20OR%20uptake%20OR%20plan%20OR%20pilot%29%20AND%20%28Vietnam%20OR%20%5C%22Viet%20Nam%5C%22%29%20AND%20%28health%20OR%20hospital%20OR%20clinical%29%22&paged=2,2026-07-31T23:11:33+00:00,404,52034,HTTPError: Not Found,raw/moh-astt-dq-impl-03-p02.body,raw/moh-astt-dq-impl-03-p02.headers,raw/moh-astt-dq-impl-03-p02.error.txt,59094097F2E78BE11F6AC7538E16A542A3A30F886C6224BBD99753EBC6AA84BB,9FB1BD323AB4DD9C0AC366D6970F1D6C813C96BBEBF86425BBE640280A6878DD,79,14,80,CONTINUE,Raw capture only; URL candidates are not verified search results and are not screened or counted for PRISMA.
MOH-ASTT,asttmoh.vn,DQ-IMPL-03,implementation,"(\responsible AI\"" OR \""AI governance\"" OR \""AI ethics\"") AND (implementation OR adoption OR uptake OR plan OR pilot) AND (Vietnam OR \""Viet Nam\"") AND (health OR hospital OR clinical)""",3,https://asttmoh.vn/?s=%28%5Cresponsible%20AI%5C%22%20OR%20%5C%22AI%20governance%5C%22%20OR%20%5C%22AI%20ethics%5C%22%29%20AND%20%28implementation%20OR%20adoption%20OR%20uptake%20OR%20plan%20OR%20pilot%29%20AND%20%28Vietnam%20OR%20%5C%22Viet%20Nam%5C%22%29%20AND%20%28health%20OR%20hospital%20OR%20clinical%29%22&paged=3,2026-07-31T23:11:37+00:00,404,52034,HTTPError: Not Found,raw/moh-astt-dq-impl-03-p03.body,raw/moh-astt-dq-impl-03-p03.headers,raw/moh-astt-dq-impl-03-p03.error.txt,59094097F2E78BE11F6AC7538E16A542A3A30F886C6224BBD99753EBC6AA84BB,FB70B29C2A3DCD8285E93F5438442EB952AEA6A47C2F1650AD90A04F594E0C9D,79,1,81,CONTINUE,Raw capture only; URL candidates are not verified search results and are not screened or counted for PRISMA.
MOH-ASTT,asttmoh.vn,DQ-IMPL-03,implementation,"(\responsible AI\"" OR \""AI governance\"" OR \""AI ethics\"") AND (implementation OR adoption OR uptake OR plan OR pilot) AND (Vietnam OR \""Viet Nam\"") AND (health OR hospital OR clinical)""",4,https://asttmoh.vn/?s=%28%5Cresponsible%20AI%5C%22%20OR%20%5C%22AI%20governance%5C%22%20OR%20%5C%22AI%20ethics%5C%22%29%20AND%20%28implementation%20OR%20adoption%20OR%20uptake%20OR%20plan%20OR%20pilot%29%20AND%20%28Vietnam%20OR%20%5C%22Viet%20Nam%5C%22%29%20AND%20%28health%20OR%20hospital%20OR%20clinical%29%22&paged=4,2026-07-31T23:11:41+00:00,404,52034,HTTPError: Not Found,raw/moh-astt-dq-impl-03-p04.body,raw/moh-astt-dq-impl-03-p04.headers,raw/moh-astt-dq-impl-03-p04.error.txt,59094097F2E78BE11F6AC7538E16A542A3A30F886C6224BBD99753EBC6AA84BB,58AF342771C2BD0EA31B750774C564DFE706D6D5098FAD82A493D1410D17F684,79,1,82,CONTINUE,Raw capture only; URL candidates are not verified search results and are not screened or counted for PRISMA.
MOH-ASTT,asttmoh.vn,DQ-IMPL-03,implementation,"(\responsible AI\"" OR \""AI governance\"" OR \""AI ethics\"") AND (implementation OR adoption OR uptake OR plan OR pilot) AND (Vietnam OR \""Viet Nam\"") AND (health OR hospital OR clinical)""",5,https://asttmoh.vn/?s=%28%5Cresponsible%20AI%5C%22%20OR%20%5C%22AI%20governance%5C%22%20OR%20%5C%22AI%20ethics%5C%22%29%20AND%20%28implementation%20OR%20adoption%20OR%20uptake%20OR%20plan%20OR%20pilot%29%20AND%20%28Vietnam%20OR%20%5C%22Viet%20Nam%5C%22%29%20AND%20%28health%20OR%20hospital%20OR%20clinical%29%22&paged=5,2026-07-31T23:11:45+00:00,404,52034,HTTPError: Not Found,raw/moh-astt-dq-impl-03-p05.body,raw/moh-astt-dq-impl-03-p05.headers,raw/moh-astt-dq-impl-03-p05.error.txt,59094097F2E78BE11F6AC7538E16A542A3A30F886C6224BBD99753EBC6AA84BB,DAFD3B5A0F4032C13CDFD92A6FBDE98FA60B27A891A7BEE97A4F0DE1FB866C56,79,1,83,LOCKED_PAGE_CAP_REACHED,Raw capture only; URL candidates are not verified search results and are not screened or counted for PRISMA.
MOH-ASTT,asttmoh.vn,DQ-TOOL-01,implementation_tool,"(\đánh giá tuân thủ\"" OR \""tự đánh giá\"") AND (\""đạo đức AI\"" OR \""AI có trách nhiệm\"")""",1,https://asttmoh.vn/?s=%28%5C%C4%91%C3%A1nh%20gi%C3%A1%20tu%C3%A2n%20th%E1%BB%A7%5C%22%20OR%20%5C%22t%E1%BB%B1%20%C4%91%C3%A1nh%20gi%C3%A1%5C%22%29%20AND%20%28%5C%22%C4%91%E1%BA%A1o%20%C4%91%E1%BB%A9c%20AI%5C%22%20OR%20%5C%22AI%20c%C3%B3%20tr%C3%A1ch%20nhi%E1%BB%87m%5C%22%29%22&paged=1,2026-07-31T23:11:49+00:00,200,43280,,raw/moh-astt-dq-tool-01-p01.body,raw/moh-astt-dq-tool-01-p01.headers,raw/moh-astt-dq-tool-01-p01.error.txt,007039A2D69D29601A8410AAE6AAEC2BED7B5548EAB50C71F9D4B7EAB673006B,473DD66B60354A57FD0122CD566EDF3D3BDEB0C4508C312AAB67B8822D71AE8C,66,66,66,CONTINUE,Raw capture only; URL candidates are not verified search results and are not screened or counted for PRISMA.
MOH-ASTT,asttmoh.vn,DQ-TOOL-01,implementation_tool,"(\đánh giá tuân thủ\"" OR \""tự đánh giá\"") AND (\""đạo đức AI\"" OR \""AI có trách nhiệm\"")""",2,https://asttmoh.vn/?s=%28%5C%C4%91%C3%A1nh%20gi%C3%A1%20tu%C3%A2n%20th%E1%BB%A7%5C%22%20OR%20%5C%22t%E1%BB%B1%20%C4%91%C3%A1nh%20gi%C3%A1%5C%22%29%20AND%20%28%5C%22%C4%91%E1%BA%A1o%20%C4%91%E1%BB%A9c%20AI%5C%22%20OR%20%5C%22AI%20c%C3%B3%20tr%C3%A1ch%20nhi%E1%BB%87m%5C%22%29%22&paged=2,2026-07-31T23:11:53+00:00,404,52034,HTTPError: Not Found,raw/moh-astt-dq-tool-01-p02.body,raw/moh-astt-dq-tool-01-p02.headers,raw/moh-astt-dq-tool-01-p02.error.txt,59094097F2E78BE11F6AC7538E16A542A3A30F886C6224BBD99753EBC6AA84BB,EAF6E41ABB5E1542753DBECE6AA881C50A5A6BB45EA73E7DBDE8209BAAAB5596,79,14,80,CONTINUE,Raw capture only; URL candidates are not verified search results and are not screened or counted for PRISMA.
MOH-ASTT,asttmoh.vn,DQ-TOOL-01,implementation_tool,"(\đánh giá tuân thủ\"" OR \""tự đánh giá\"") AND (\""đạo đức AI\"" OR \""AI có trách nhiệm\"")""",3,https://asttmoh.vn/?s=%28%5C%C4%91%C3%A1nh%20gi%C3%A1%20tu%C3%A2n%20th%E1%BB%A7%5C%22%20OR%20%5C%22t%E1%BB%B1%20%C4%91%C3%A1nh%20gi%C3%A1%5C%22%29%20AND%20%28%5C%22%C4%91%E1%BA%A1o%20%C4%91%E1%BB%A9c%20AI%5C%22%20OR%20%5C%22AI%20c%C3%B3%20tr%C3%A1ch%20nhi%E1%BB%87m%5C%22%29%22&paged=3,2026-07-31T23:11:58+00:00,404,52034,HTTPError: Not Found,raw/moh-astt-dq-tool-01-p03.body,raw/moh-astt-dq-tool-01-p03.headers,raw/moh-astt-dq-tool-01-p03.error.txt,59094097F2E78BE11F6AC7538E16A542A3A30F886C6224BBD99753EBC6AA84BB,77498BDC30CA2880F1997619B377BFEDAE218BC97D7DB5A6E81507BB225FD155,79,1,81,CONTINUE,Raw capture only; URL candidates are not verified search results and are not screened or counted for PRISMA.
MOH-ASTT,asttmoh.vn,DQ-TOOL-01,implementation_tool,"(\đánh giá tuân thủ\"" OR \""tự đánh giá\"") AND (\""đạo đức AI\"" OR \""AI có trách nhiệm\"")""",4,https://asttmoh.vn/?s=%28%5C%C4%91%C3%A1nh%20gi%C3%A1%20tu%C3%A2n%20th%E1%BB%A7%5C%22%20OR%20%5C%22t%E1%BB%B1%20%C4%91%C3%A1nh%20gi%C3%A1%5C%22%29%20AND%20%28%5C%22%C4%91%E1%BA%A1o%20%C4%91%E1%BB%A9c%20AI%5C%22%20OR%20%5C%22AI%20c%C3%B3%20tr%C3%A1ch%20nhi%E1%BB%87m%5C%22%29%22&paged=4,2026-07-31T23:12:02+00:00,404,52034,HTTPError: Not Found,raw/moh-astt-dq-tool-01-p04.body,raw/moh-astt-dq-tool-01-p04.headers,raw/moh-astt-dq-tool-01-p04.error.txt,59094097F2E78BE11F6AC7538E16A542A3A30F886C6224BBD99753EBC6AA84BB,A96F4AF20426CFD5157D49743A3BAA2BEEFFCF6FA784CA3BEF28FAA73EB0FADD,79,1,82,CONTINUE,Raw capture only; URL candidates are not verified search results and are not screened or counted for PRISMA.
MOH-ASTT,asttmoh.vn,DQ-TOOL-01,implementation_tool,"(\đánh giá tuân thủ\"" OR \""tự đánh giá\"") AND (\""đạo đức AI\"" OR \""AI có trách nhiệm\"")""",5,https://asttmoh.vn/?s=%28%5C%C4%91%C3%A1nh%20gi%C3%A1%20tu%C3%A2n%20th%E1%BB%A7%5C%22%20OR%20%5C%22t%E1%BB%B1%20%C4%91%C3%A1nh%20gi%C3%A1%5C%22%29%20AND%20%28%5C%22%C4%91%E1%BA%A1o%20%C4%91%E1%BB%A9c%20AI%5C%22%20OR%20%5C%22AI%20c%C3%B3%20tr%C3%A1ch%20nhi%E1%BB%87m%5C%22%29%22&paged=5,2026-07-31T23:12:06+00:00,404,52034,HTTPError: Not Found,raw/moh-astt-dq-tool-01-p05.body,raw/moh-astt-dq-tool-01-p05.headers,raw/moh-astt-dq-tool-01-p05.error.txt,59094097F2E78BE11F6AC7538E16A542A3A30F886C6224BBD99753EBC6AA84BB,59C09F062EAB6D9FFF890E87E47AA808D548B0C62E068C2D8FF4610304AD1EAE,79,1,83,LOCKED_PAGE_CAP_REACHED,Raw capture only; URL candidates are not verified search results and are not screened or counted for PRISMA.
MOH-ASTT,asttmoh.vn,DQ-TOOL-02,implementation_tool,"(nền tảng OR công cụ) AND (\đánh giá tuân thủ\"" OR \""đánh giá tác động\"") AND (\""AI\"" OR \""trí tuệ nhân tạo\"")""",1,https://asttmoh.vn/?s=%28n%E1%BB%81n%20t%E1%BA%A3ng%20OR%20c%C3%B4ng%20c%E1%BB%A5%29%20AND%20%28%5C%C4%91%C3%A1nh%20gi%C3%A1%20tu%C3%A2n%20th%E1%BB%A7%5C%22%20OR%20%5C%22%C4%91%C3%A1nh%20gi%C3%A1%20t%C3%A1c%20%C4%91%E1%BB%99ng%5C%22%29%20AND%20%28%5C%22AI%5C%22%20OR%20%5C%22tr%C3%AD%20tu%E1%BB%87%20nh%C3%A2n%20t%E1%BA%A1o%5C%22%29%22&paged=1,2026-07-31T23:12:10+00:00,200,46109,,raw/moh-astt-dq-tool-02-p01.body,raw/moh-astt-dq-tool-02-p01.headers,raw/moh-astt-dq-tool-02-p01.error.txt,111B9B80A398AF1DB7867CBE49372A6A4F518947DC863F2A28C7C62324EFEAC9,75F76E042D75DE8F7E32FB6C4C6789CA7E821E76C6BD92FAD218FA871BD89308,66,66,66,CONTINUE,Raw capture only; URL candidates are not verified search results and are not screened or counted for PRISMA.
MOH-ASTT,asttmoh.vn,DQ-TOOL-02,implementation_tool,"(nền tảng OR công cụ) AND (\đánh giá tuân thủ\"" OR \""đánh giá tác động\"") AND (\""AI\"" OR \""trí tuệ nhân tạo\"")""",2,https://asttmoh.vn/?s=%28n%E1%BB%81n%20t%E1%BA%A3ng%20OR%20c%C3%B4ng%20c%E1%BB%A5%29%20AND%20%28%5C%C4%91%C3%A1nh%20gi%C3%A1%20tu%C3%A2n%20th%E1%BB%A7%5C%22%20OR%20%5C%22%C4%91%C3%A1nh%20gi%C3%A1%20t%C3%A1c%20%C4%91%E1%BB%99ng%5C%22%29%20AND%20%28%5C%22AI%5C%22%20OR%20%5C%22tr%C3%AD%20tu%E1%BB%87%20nh%C3%A2n%20t%E1%BA%A1o%5C%22%29%22&paged=2,2026-07-31T23:12:14+00:00,404,52034,HTTPError: Not Found,raw/moh-astt-dq-tool-02-p02.body,raw/moh-astt-dq-tool-02-p02.headers,raw/moh-astt-dq-tool-02-p02.error.txt,59094097F2E78BE11F6AC7538E16A542A3A30F886C6224BBD99753EBC6AA84BB,E6832294C35A39A053FE628162D505E089C7DAC36845B0CC290D035423D49C5E,79,14,80,CONTINUE,Raw capture only; URL candidates are not verified search results and are not screened or counted for PRISMA.
MOH-ASTT,asttmoh.vn,DQ-TOOL-02,implementation_tool,"(nền tảng OR công cụ) AND (\đánh giá tuân thủ\"" OR \""đánh giá tác động\"") AND (\""AI\"" OR \""trí tuệ nhân tạo\"")""",3,https://asttmoh.vn/?s=%28n%E1%BB%81n%20t%E1%BA%A3ng%20OR%20c%C3%B4ng%20c%E1%BB%A5%29%20AND%20%28%5C%C4%91%C3%A1nh%20gi%C3%A1%20tu%C3%A2n%20th%E1%BB%A7%5C%22%20OR%20%5C%22%C4%91%C3%A1nh%20gi%C3%A1%20t%C3%A1c%20%C4%91%E1%BB%99ng%5C%22%29%20AND%20%28%5C%22AI%5C%22%20OR%20%5C%22tr%C3%AD%20tu%E1%BB%87%20nh%C3%A2n%20t%E1%BA%A1o%5C%22%29%22&paged=3,2026-07-31T23:12:18+00:00,404,52034,HTTPError: Not Found,raw/moh-astt-dq-tool-02-p03.body,raw/moh-astt-dq-tool-02-p03.headers,raw/moh-astt-dq-tool-02-p03.error.txt,59094097F2E78BE11F6AC7538E16A542A3A30F886C6224BBD99753EBC6AA84BB,B7FB0CBAF6E579B4877DBFD419054686FDC4D3C8293F0812D0AC69E06F621F66,79,1,81,CONTINUE,Raw capture only; URL candidates are not verified search results and are not screened or counted for PRISMA.
MOH-ASTT,asttmoh.vn,DQ-TOOL-02,implementation_tool,"(nền tảng OR công cụ) AND (\đánh giá tuân thủ\"" OR \""đánh giá tác động\"") AND (\""AI\"" OR \""trí tuệ nhân tạo\"")""",4,https://asttmoh.vn/?s=%28n%E1%BB%81n%20t%E1%BA%A3ng%20OR%20c%C3%B4ng%20c%E1%BB%A5%29%20AND%20%28%5C%C4%91%C3%A1nh%20gi%C3%A1%20tu%C3%A2n%20th%E1%BB%A7%5C%22%20OR%20%5C%22%C4%91%C3%A1nh%20gi%C3%A1%20t%C3%A1c%20%C4%91%E1%BB%99ng%5C%22%29%20AND%20%28%5C%22AI%5C%22%20OR%20%5C%22tr%C3%AD%20tu%E1%BB%87%20nh%C3%A2n%20t%E1%BA%A1o%5C%22%29%22&paged=4,2026-07-31T23:12:22+00:00,404,52034,HTTPError: Not Found,raw/moh-astt-dq-tool-02-p04.body,raw/moh-astt-dq-tool-02-p04.headers,raw/moh-astt-dq-tool-02-p04.error.txt,59094097F2E78BE11F6AC7538E16A542A3A30F886C6224BBD99753EBC6AA84BB,E8037A07E7A81D5B87D9F5C73E4843C58C7DD461BC119B5D63FD4E0EAD34C182,79,1,82,CONTINUE,Raw capture only; URL candidates are not verified search results and are not screened or counted for PRISMA.
MOH-ASTT,asttmoh.vn,DQ-TOOL-02,implementation_tool,"(nền tảng OR công cụ) AND (\đánh giá tuân thủ\"" OR \""đánh giá tác động\"") AND (\""AI\"" OR \""trí tuệ nhân tạo\"")""",5,https://asttmoh.vn/?s=%28n%E1%BB%81n%20t%E1%BA%A3ng%20OR%20c%C3%B4ng%20c%E1%BB%A5%29%20AND%20%28%5C%C4%91%C3%A1nh%20gi%C3%A1%20tu%C3%A2n%20th%E1%BB%A7%5C%22%20OR%20%5C%22%C4%91%C3%A1nh%20gi%C3%A1%20t%C3%A1c%20%C4%91%E1%BB%99ng%5C%22%29%20AND%20%28%5C%22AI%5C%22%20OR%20%5C%22tr%C3%AD%20tu%E1%BB%87%20nh%C3%A2n%20t%E1%BA%A1o%5C%22%29%22&paged=5,2026-07-31T23:12:26+00:00,404,52034,HTTPError: Not Found,raw/moh-astt-dq-tool-02-p05.body,raw/moh-astt-dq-tool-02-p05.headers,raw/moh-astt-dq-tool-02-p05.error.txt,59094097F2E78BE11F6AC7538E16A542A3A30F886C6224BBD99753EBC6AA84BB,D8185A3D82F630F3A7A0C5817CF7E6C494016250EE01536C84A887AA81B53C55,79,1,83,LOCKED_PAGE_CAP_REACHED,Raw capture only; URL candidates are not verified search results and are not screened or counted for PRISMA.
MOH-ASTT,asttmoh.vn,DQ-IMPL-04,implementation,"(\trí tuệ nhân tạo\"" OR AI) AND (\""theo dõi sau triển khai\"" OR hậu kiểm OR \""giám sát sau triển khai\"" OR \""đánh giá hiệu quả\"") AND (y tế OR bệnh viện OR \""Sở Y tế\"")""",1,https://asttmoh.vn/?s=%28%5Ctr%C3%AD%20tu%E1%BB%87%20nh%C3%A2n%20t%E1%BA%A1o%5C%22%20OR%20AI%29%20AND%20%28%5C%22theo%20d%C3%B5i%20sau%20tri%E1%BB%83n%20khai%5C%22%20OR%20h%E1%BA%ADu%20ki%E1%BB%83m%20OR%20%5C%22gi%C3%A1m%20s%C3%A1t%20sau%20tri%E1%BB%83n%20khai%5C%22%20OR%20%5C%22%C4%91%C3%A1nh%20gi%C3%A1%20hi%E1%BB%87u%20qu%E1%BA%A3%5C%22%29%20AND%20%28y%20t%E1%BA%BF%20OR%20b%E1%BB%87nh%20vi%E1%BB%87n%20OR%20%5C%22S%E1%BB%9F%20Y%20t%E1%BA%BF%5C%22%29%22&paged=1,2026-07-31T23:12:30+00:00,200,48331,,raw/moh-astt-dq-impl-04-p01.body,raw/moh-astt-dq-impl-04-p01.headers,raw/moh-astt-dq-impl-04-p01.error.txt,07E94C27B4088139611FBA33BD32E46425191F73BE8D520E3D9C3D022157E84C,E0DC9B6599D06158CFDD94AE7FEED6CA5F90F93ADB317CB7A07EA782A89E052B,66,66,66,CONTINUE,Raw capture only; URL candidates are not verified search results and are not screened or counted for PRISMA.
MOH-ASTT,asttmoh.vn,DQ-IMPL-04,implementation,"(\trí tuệ nhân tạo\"" OR AI) AND (\""theo dõi sau triển khai\"" OR hậu kiểm OR \""giám sát sau triển khai\"" OR \""đánh giá hiệu quả\"") AND (y tế OR bệnh viện OR \""Sở Y tế\"")""",2,https://asttmoh.vn/?s=%28%5Ctr%C3%AD%20tu%E1%BB%87%20nh%C3%A2n%20t%E1%BA%A1o%5C%22%20OR%20AI%29%20AND%20%28%5C%22theo%20d%C3%B5i%20sau%20tri%E1%BB%83n%20khai%5C%22%20OR%20h%E1%BA%ADu%20ki%E1%BB%83m%20OR%20%5C%22gi%C3%A1m%20s%C3%A1t%20sau%20tri%E1%BB%83n%20khai%5C%22%20OR%20%5C%22%C4%91%C3%A1nh%20gi%C3%A1%20hi%E1%BB%87u%20qu%E1%BA%A3%5C%22%29%20AND%20%28y%20t%E1%BA%BF%20OR%20b%E1%BB%87nh%20vi%E1%BB%87n%20OR%20%5C%22S%E1%BB%9F%20Y%20t%E1%BA%BF%5C%22%29%22&paged=2,2026-07-31T23:12:34+00:00,404,52034,HTTPError: Not Found,raw/moh-astt-dq-impl-04-p02.body,raw/moh-astt-dq-impl-04-p02.headers,raw/moh-astt-dq-impl-04-p02.error.txt,59094097F2E78BE11F6AC7538E16A542A3A30F886C6224BBD99753EBC6AA84BB,2F33965D40B4549C29EFB10110D1714645D33740499244B4377AD48F20D36C39,79,14,80,CONTINUE,Raw capture only; URL candidates are not verified search results and are not screened or counted for PRISMA.
MOH-ASTT,asttmoh.vn,DQ-IMPL-04,implementation,"(\trí tuệ nhân tạo\"" OR AI) AND (\""theo dõi sau triển khai\"" OR hậu kiểm OR \""giám sát sau triển khai\"" OR \""đánh giá hiệu quả\"") AND (y tế OR bệnh viện OR \""Sở Y tế\"")""",3,https://asttmoh.vn/?s=%28%5Ctr%C3%AD%20tu%E1%BB%87%20nh%C3%A2n%20t%E1%BA%A1o%5C%22%20OR%20AI%29%20AND%20%28%5C%22theo%20d%C3%B5i%20sau%20tri%E1%BB%83n%20khai%5C%22%20OR%20h%E1%BA%ADu%20ki%E1%BB%83m%20OR%20%5C%22gi%C3%A1m%20s%C3%A1t%20sau%20tri%E1%BB%83n%20khai%5C%22%20OR%20%5C%22%C4%91%C3%A1nh%20gi%C3%A1%20hi%E1%BB%87u%20qu%E1%BA%A3%5C%22%29%20AND%20%28y%20t%E1%BA%BF%20OR%20b%E1%BB%87nh%20vi%E1%BB%87n%20OR%20%5C%22S%E1%BB%9F%20Y%20t%E1%BA%BF%5C%22%29%22&paged=3,2026-07-31T23:12:37+00:00,404,52034,HTTPError: Not Found,raw/moh-astt-dq-impl-04-p03.body,raw/moh-astt-dq-impl-04-p03.headers,raw/moh-astt-dq-impl-04-p03.error.txt,59094097F2E78BE11F6AC7538E16A542A3A30F886C6224BBD99753EBC6AA84BB,F5CB3B708BC1C01E8BA22F446ED9B75272379511FD412854DFDE436FDEE8E7A6,79,1,81,CONTINUE,Raw capture only; URL candidates are not verified search results and are not screened or counted for PRISMA.
MOH-ASTT,asttmoh.vn,DQ-IMPL-04,implementation,"(\trí tuệ nhân tạo\"" OR AI) AND (\""theo dõi sau triển khai\"" OR hậu kiểm OR \""giám sát sau triển khai\"" OR \""đánh giá hiệu quả\"") AND (y tế OR bệnh viện OR \""Sở Y tế\"")""",4,https://asttmoh.vn/?s=%28%5Ctr%C3%AD%20tu%E1%BB%87%20nh%C3%A2n%20t%E1%BA%A1o%5C%22%20OR%20AI%29%20AND%20%28%5C%22theo%20d%C3%B5i%20sau%20tri%E1%BB%83n%20khai%5C%22%20OR%20h%E1%BA%ADu%20ki%E1%BB%83m%20OR%20%5C%22gi%C3%A1m%20s%C3%A1t%20sau%20tri%E1%BB%83n%20khai%5C%22%20OR%20%5C%22%C4%91%C3%A1nh%20gi%C3%A1%20hi%E1%BB%87u%20qu%E1%BA%A3%5C%22%29%20AND%20%28y%20t%E1%BA%BF%20OR%20b%E1%BB%87nh%20vi%E1%BB%87n%20OR%20%5C%22S%E1%BB%9F%20Y%20t%E1%BA%BF%5C%22%29%22&paged=4,2026-07-31T23:12:41+00:00,404,52034,HTTPError: Not Found,raw/moh-astt-dq-impl-04-p04.body,raw/moh-astt-dq-impl-04-p04.headers,raw/moh-astt-dq-impl-04-p04.error.txt,59094097F2E78BE11F6AC7538E16A542A3A30F886C6224BBD99753EBC6AA84BB,74FEBE50C4B06178119959847A1414732FEE76E036A37A3EB18E551B4969D5D6,79,1,82,CONTINUE,Raw capture only; URL candidates are not verified search results and are not screened or counted for PRISMA.
MOH-ASTT,asttmoh.vn,DQ-IMPL-04,implementation,"(\trí tuệ nhân tạo\"" OR AI) AND (\""theo dõi sau triển khai\"" OR hậu kiểm OR \""giám sát sau triển khai\"" OR \""đánh giá hiệu quả\"") AND (y tế OR bệnh viện OR \""Sở Y tế\"")""",5,https://asttmoh.vn/?s=%28%5Ctr%C3%AD%20tu%E1%BB%87%20nh%C3%A2n%20t%E1%BA%A1o%5C%22%20OR%20AI%29%20AND%20%28%5C%22theo%20d%C3%B5i%20sau%20tri%E1%BB%83n%20khai%5C%22%20OR%20h%E1%BA%ADu%20ki%E1%BB%83m%20OR%20%5C%22gi%C3%A1m%20s%C3%A1t%20sau%20tri%E1%BB%83n%20khai%5C%22%20OR%20%5C%22%C4%91%C3%A1nh%20gi%C3%A1%20hi%E1%BB%87u%20qu%E1%BA%A3%5C%22%29%20AND%20%28y%20t%E1%BA%BF%20OR%20b%E1%BB%87nh%20vi%E1%BB%87n%20OR%20%5C%22S%E1%BB%9F%20Y%20t%E1%BA%BF%5C%22%29%22&paged=5,2026-07-31T23:12:46+00:00,404,52034,HTTPError: Not Found,raw/moh-astt-dq-impl-04-p05.body,raw/moh-astt-dq-impl-04-p05.headers,raw/moh-astt-dq-impl-04-p05.error.txt,59094097F2E78BE11F6AC7538E16A542A3A30F886C6224BBD99753EBC6AA84BB,A1FF92C995E106FCF2243356BAAC513532BE6284598520F70CECD55419636AAD,79,1,83,LOCKED_PAGE_CAP_REACHED,Raw capture only; URL candidates are not verified search results and are not screened or counted for PRISMA.
MOH-ASTT,asttmoh.vn,DQ-IMPL-05,implementation,"(\trí tuệ nhân tạo\"" OR AI) AND (\""báo cáo sự cố\"" OR \""quản lý chất lượng\"" OR kiểm toán OR thanh tra) AND (y tế OR bệnh viện OR \""Sở Y tế\"")""",1,https://asttmoh.vn/?s=%28%5Ctr%C3%AD%20tu%E1%BB%87%20nh%C3%A2n%20t%E1%BA%A1o%5C%22%20OR%20AI%29%20AND%20%28%5C%22b%C3%A1o%20c%C3%A1o%20s%E1%BB%B1%20c%E1%BB%91%5C%22%20OR%20%5C%22qu%E1%BA%A3n%20l%C3%BD%20ch%E1%BA%A5t%20l%C6%B0%E1%BB%A3ng%5C%22%20OR%20ki%E1%BB%83m%20to%C3%A1n%20OR%20thanh%20tra%29%20AND%20%28y%20t%E1%BA%BF%20OR%20b%E1%BB%87nh%20vi%E1%BB%87n%20OR%20%5C%22S%E1%BB%9F%20Y%20t%E1%BA%BF%5C%22%29%22&paged=1,2026-07-31T23:12:49+00:00,200,47151,,raw/moh-astt-dq-impl-05-p01.body,raw/moh-astt-dq-impl-05-p01.headers,raw/moh-astt-dq-impl-05-p01.error.txt,4952D598634301F50D5E84D493703DFE7BE3F7CA50637B077229012CFCB3B14D,EBFD837CF783924B7D42AB89AC61216D77B1D428BE6D9CB4B27806B8E2308AC7,66,66,66,CONTINUE,Raw capture only; URL candidates are not verified search results and are not screened or counted for PRISMA.
MOH-ASTT,asttmoh.vn,DQ-IMPL-05,implementation,"(\trí tuệ nhân tạo\"" OR AI) AND (\""báo cáo sự cố\"" OR \""quản lý chất lượng\"" OR kiểm toán OR thanh tra) AND (y tế OR bệnh viện OR \""Sở Y tế\"")""",2,https://asttmoh.vn/?s=%28%5Ctr%C3%AD%20tu%E1%BB%87%20nh%C3%A2n%20t%E1%BA%A1o%5C%22%20OR%20AI%29%20AND%20%28%5C%22b%C3%A1o%20c%C3%A1o%20s%E1%BB%B1%20c%E1%BB%91%5C%22%20OR%20%5C%22qu%E1%BA%A3n%20l%C3%BD%20ch%E1%BA%A5t%20l%C6%B0%E1%BB%A3ng%5C%22%20OR%20ki%E1%BB%83m%20to%C3%A1n%20OR%20thanh%20tra%29%20AND%20%28y%20t%E1%BA%BF%20OR%20b%E1%BB%87nh%20vi%E1%BB%87n%20OR%20%5C%22S%E1%BB%9F%20Y%20t%E1%BA%BF%5C%22%29%22&paged=2,2026-07-31T23:12:53+00:00,404,52034,HTTPError: Not Found,raw/moh-astt-dq-impl-05-p02.body,raw/moh-astt-dq-impl-05-p02.headers,raw/moh-astt-dq-impl-05-p02.error.txt,59094097F2E78BE11F6AC7538E16A542A3A30F886C6224BBD99753EBC6AA84BB,49388F740876D144C3C726E57E0AC5C09CB2BF8228DABD10AC1EF71D9E865BB2,79,14,80,CONTINUE,Raw capture only; URL candidates are not verified search results and are not screened or counted for PRISMA.
MOH-ASTT,asttmoh.vn,DQ-IMPL-05,implementation,"(\trí tuệ nhân tạo\"" OR AI) AND (\""báo cáo sự cố\"" OR \""quản lý chất lượng\"" OR kiểm toán OR thanh tra) AND (y tế OR bệnh viện OR \""Sở Y tế\"")""",3,https://asttmoh.vn/?s=%28%5Ctr%C3%AD%20tu%E1%BB%87%20nh%C3%A2n%20t%E1%BA%A1o%5C%22%20OR%20AI%29%20AND%20%28%5C%22b%C3%A1o%20c%C3%A1o%20s%E1%BB%B1%20c%E1%BB%91%5C%22%20OR%20%5C%22qu%E1%BA%A3n%20l%C3%BD%20ch%E1%BA%A5t%20l%C6%B0%E1%BB%A3ng%5C%22%20OR%20ki%E1%BB%83m%20to%C3%A1n%20OR%20thanh%20tra%29%20AND%20%28y%20t%E1%BA%BF%20OR%20b%E1%BB%87nh%20vi%E1%BB%87n%20OR%20%5C%22S%E1%BB%9F%20Y%20t%E1%BA%BF%5C%22%29%22&paged=3,2026-07-31T23:12:57+00:00,404,52034,HTTPError: Not Found,raw/moh-astt-dq-impl-05-p03.body,raw/moh-astt-dq-impl-05-p03.headers,raw/moh-astt-dq-impl-05-p03.error.txt,59094097F2E78BE11F6AC7538E16A542A3A30F886C6224BBD99753EBC6AA84BB,AB3F7BA4395D43BF688F3BEB3411B1A8B0ECCFF48C0AD5D7D8254476FC09A4CE,79,1,81,CONTINUE,Raw capture only; URL candidates are not verified search results and are not screened or counted for PRISMA.
MOH-ASTT,asttmoh.vn,DQ-IMPL-05,implementation,"(\trí tuệ nhân tạo\"" OR AI) AND (\""báo cáo sự cố\"" OR \""quản lý chất lượng\"" OR kiểm toán OR thanh tra) AND (y tế OR bệnh viện OR \""Sở Y tế\"")""",4,https://asttmoh.vn/?s=%28%5Ctr%C3%AD%20tu%E1%BB%87%20nh%C3%A2n%20t%E1%BA%A1o%5C%22%20OR%20AI%29%20AND%20%28%5C%22b%C3%A1o%20c%C3%A1o%20s%E1%BB%B1%20c%E1%BB%91%5C%22%20OR%20%5C%22qu%E1%BA%A3n%20l%C3%BD%20ch%E1%BA%A5t%20l%C6%B0%E1%BB%A3ng%5C%22%20OR%20ki%E1%BB%83m%20to%C3%A1n%20OR%20thanh%20tra%29%20AND%20%28y%20t%E1%BA%BF%20OR%20b%E1%BB%87nh%20vi%E1%BB%87n%20OR%20%5C%22S%E1%BB%9F%20Y%20t%E1%BA%BF%5C%22%29%22&paged=4,2026-07-31T23:13:01+00:00,404,52034,HTTPError: Not Found,raw/moh-astt-dq-impl-05-p04.body,raw/moh-astt-dq-impl-05-p04.headers,raw/moh-astt-dq-impl-05-p04.error.txt,59094097F2E78BE11F6AC7538E16A542A3A30F886C6224BBD99753EBC6AA84BB,EECC9B4BFC0BE6D7A3452ED819BA9A0A4043449B953F7DA63772E0634F8DD671,79,1,82,CONTINUE,Raw capture only; URL candidates are not verified search results and are not screened or counted for PRISMA.
MOH-ASTT,asttmoh.vn,DQ-IMPL-05,implementation,"(\trí tuệ nhân tạo\"" OR AI) AND (\""báo cáo sự cố\"" OR \""quản lý chất lượng\"" OR kiểm toán OR thanh tra) AND (y tế OR bệnh viện OR \""Sở Y tế\"")""",5,https://asttmoh.vn/?s=%28%5Ctr%C3%AD%20tu%E1%BB%87%20nh%C3%A2n%20t%E1%BA%A1o%5C%22%20OR%20AI%29%20AND%20%28%5C%22b%C3%A1o%20c%C3%A1o%20s%E1%BB%B1%20c%E1%BB%91%5C%22%20OR%20%5C%22qu%E1%BA%A3n%20l%C3%BD%20ch%E1%BA%A5t%20l%C6%B0%E1%BB%A3ng%5C%22%20OR%20ki%E1%BB%83m%20to%C3%A1n%20OR%20thanh%20tra%29%20AND%20%28y%20t%E1%BA%BF%20OR%20b%E1%BB%87nh%20vi%E1%BB%87n%20OR%20%5C%22S%E1%BB%9F%20Y%20t%E1%BA%BF%5C%22%29%22&paged=5,2026-07-31T23:13:05+00:00,404,52034,HTTPError: Not Found,raw/moh-astt-dq-impl-05-p05.body,raw/moh-astt-dq-impl-05-p05.headers,raw/moh-astt-dq-impl-05-p05.error.txt,59094097F2E78BE11F6AC7538E16A542A3A30F886C6224BBD99753EBC6AA84BB,8DEE419CC0B34BF3B395CE726C6F363FA1D6F6304422C8EF86363C8F53457C3B,79,1,83,LOCKED_PAGE_CAP_REACHED,Raw capture only; URL candidates are not verified search results and are not screened or counted for PRISMA.
MOH-ASTT,asttmoh.vn,DQ-EVID-01,evidence,"(\đạo đức AI\"" OR \""quản trị AI\"") AND (kiểm toán OR thanh tra OR giám sát)""",1,https://asttmoh.vn/?s=%28%5C%C4%91%E1%BA%A1o%20%C4%91%E1%BB%A9c%20AI%5C%22%20OR%20%5C%22qu%E1%BA%A3n%20tr%E1%BB%8B%20AI%5C%22%29%20AND%20%28ki%E1%BB%83m%20to%C3%A1n%20OR%20thanh%20tra%20OR%20gi%C3%A1m%20s%C3%A1t%29%22&paged=1,2026-07-31T23:13:09+00:00,200,41744,,raw/moh-astt-dq-evid-01-p01.body,raw/moh-astt-dq-evid-01-p01.headers,raw/moh-astt-dq-evid-01-p01.error.txt,7F528479CC5A351F627EB9A251D86DA16264691D5B75C46C83CDDE47E3D8FC0A,FD83F40585B38A8CA6F9D076C272108BA92D8EB3AC36F9FD9622A4169170E560,66,66,66,CONTINUE,Raw capture only; URL candidates are not verified search results and are not screened or counted for PRISMA.
MOH-ASTT,asttmoh.vn,DQ-EVID-01,evidence,"(\đạo đức AI\"" OR \""quản trị AI\"") AND (kiểm toán OR thanh tra OR giám sát)""",2,https://asttmoh.vn/?s=%28%5C%C4%91%E1%BA%A1o%20%C4%91%E1%BB%A9c%20AI%5C%22%20OR%20%5C%22qu%E1%BA%A3n%20tr%E1%BB%8B%20AI%5C%22%29%20AND%20%28ki%E1%BB%83m%20to%C3%A1n%20OR%20thanh%20tra%20OR%20gi%C3%A1m%20s%C3%A1t%29%22&paged=2,2026-07-31T23:13:13+00:00,404,52034,HTTPError: Not Found,raw/moh-astt-dq-evid-01-p02.body,raw/moh-astt-dq-evid-01-p02.headers,raw/moh-astt-dq-evid-01-p02.error.txt,59094097F2E78BE11F6AC7538E16A542A3A30F886C6224BBD99753EBC6AA84BB,448A4391E5A53A7199C590AC8C61F93811D549848E388D08792162C099F81490,79,14,80,CONTINUE,Raw capture only; URL candidates are not verified search results and are not screened or counted for PRISMA.
MOH-ASTT,asttmoh.vn,DQ-EVID-01,evidence,"(\đạo đức AI\"" OR \""quản trị AI\"") AND (kiểm toán OR thanh tra OR giám sát)""",3,https://asttmoh.vn/?s=%28%5C%C4%91%E1%BA%A1o%20%C4%91%E1%BB%A9c%20AI%5C%22%20OR%20%5C%22qu%E1%BA%A3n%20tr%E1%BB%8B%20AI%5C%22%29%20AND%20%28ki%E1%BB%83m%20to%C3%A1n%20OR%20thanh%20tra%20OR%20gi%C3%A1m%20s%C3%A1t%29%22&paged=3,2026-07-31T23:13:17+00:00,404,52034,HTTPError: Not Found,raw/moh-astt-dq-evid-01-p03.body,raw/moh-astt-dq-evid-01-p03.headers,raw/moh-astt-dq-evid-01-p03.error.txt,59094097F2E78BE11F6AC7538E16A542A3A30F886C6224BBD99753EBC6AA84BB,518B34886D746E7F896D08C289A4CDF03A0B7C0BB7D727C5386E7E2D46C63FEC,79,1,81,CONTINUE,Raw capture only; URL candidates are not verified search results and are not screened or counted for PRISMA.
MOH-ASTT,asttmoh.vn,DQ-EVID-01,evidence,"(\đạo đức AI\"" OR \""quản trị AI\"") AND (kiểm toán OR thanh tra OR giám sát)""",4,https://asttmoh.vn/?s=%28%5C%C4%91%E1%BA%A1o%20%C4%91%E1%BB%A9c%20AI%5C%22%20OR%20%5C%22qu%E1%BA%A3n%20tr%E1%BB%8B%20AI%5C%22%29%20AND%20%28ki%E1%BB%83m%20to%C3%A1n%20OR%20thanh%20tra%20OR%20gi%C3%A1m%20s%C3%A1t%29%22&paged=4,2026-07-31T23:13:20+00:00,404,52034,HTTPError: Not Found,raw/moh-astt-dq-evid-01-p04.body,raw/moh-astt-dq-evid-01-p04.headers,raw/moh-astt-dq-evid-01-p04.error.txt,59094097F2E78BE11F6AC7538E16A542A3A30F886C6224BBD99753EBC6AA84BB,BCE5F76A7B488D66893C0B67E5B1E12EF174C132BC3586538199272DCAD29950,79,1,82,CONTINUE,Raw capture only; URL candidates are not verified search results and are not screened or counted for PRISMA.
MOH-ASTT,asttmoh.vn,DQ-EVID-01,evidence,"(\đạo đức AI\"" OR \""quản trị AI\"") AND (kiểm toán OR thanh tra OR giám sát)""",5,https://asttmoh.vn/?s=%28%5C%C4%91%E1%BA%A1o%20%C4%91%E1%BB%A9c%20AI%5C%22%20OR%20%5C%22qu%E1%BA%A3n%20tr%E1%BB%8B%20AI%5C%22%29%20AND%20%28ki%E1%BB%83m%20to%C3%A1n%20OR%20thanh%20tra%20OR%20gi%C3%A1m%20s%C3%A1t%29%22&paged=5,2026-07-31T23:13:24+00:00,404,52034,HTTPError: Not Found,raw/moh-astt-dq-evid-01-p05.body,raw/moh-astt-dq-evid-01-p05.headers,raw/moh-astt-dq-evid-01-p05.error.txt,59094097F2E78BE11F6AC7538E16A542A3A30F886C6224BBD99753EBC6AA84BB,B37E6444CBB9CD7F406CBBB8EA7E79FF589A174F11182BAC3AFA97BBD13EA5CC,79,1,83,LOCKED_PAGE_CAP_REACHED,Raw capture only; URL candidates are not verified search results and are not screened or counted for PRISMA.
MOH-ASTT,asttmoh.vn,DQ-EVID-02,evidence,"(\AI\"" OR \""trí tuệ nhân tạo\"") AND (sự cố OR khiếu nại OR khắc phục) AND (y tế OR bệnh viện)""",1,https://asttmoh.vn/?s=%28%5CAI%5C%22%20OR%20%5C%22tr%C3%AD%20tu%E1%BB%87%20nh%C3%A2n%20t%E1%BA%A1o%5C%22%29%20AND%20%28s%E1%BB%B1%20c%E1%BB%91%20OR%20khi%E1%BA%BFu%20n%E1%BA%A1i%20OR%20kh%E1%BA%AFc%20ph%E1%BB%A5c%29%20AND%20%28y%20t%E1%BA%BF%20OR%20b%E1%BB%87nh%20vi%E1%BB%87n%29%22&paged=1,2026-07-31T23:13:28+00:00,200,42924,,raw/moh-astt-dq-evid-02-p01.body,raw/moh-astt-dq-evid-02-p01.headers,raw/moh-astt-dq-evid-02-p01.error.txt,6C29C8AF702F9E5F108DC8E8AFF7A65E25FB90F9F5B10B6BC091D3594D3577ED,7934BBF491188D088F8B3A39250842572A6F961E0C6EE885B1ABA68D6C1BD020,66,66,66,CONTINUE,Raw capture only; URL candidates are not verified search results and are not screened or counted for PRISMA.
MOH-ASTT,asttmoh.vn,DQ-EVID-02,evidence,"(\AI\"" OR \""trí tuệ nhân tạo\"") AND (sự cố OR khiếu nại OR khắc phục) AND (y tế OR bệnh viện)""",2,https://asttmoh.vn/?s=%28%5CAI%5C%22%20OR%20%5C%22tr%C3%AD%20tu%E1%BB%87%20nh%C3%A2n%20t%E1%BA%A1o%5C%22%29%20AND%20%28s%E1%BB%B1%20c%E1%BB%91%20OR%20khi%E1%BA%BFu%20n%E1%BA%A1i%20OR%20kh%E1%BA%AFc%20ph%E1%BB%A5c%29%20AND%20%28y%20t%E1%BA%BF%20OR%20b%E1%BB%87nh%20vi%E1%BB%87n%29%22&paged=2,2026-07-31T23:13:31+00:00,404,52034,HTTPError: Not Found,raw/moh-astt-dq-evid-02-p02.body,raw/moh-astt-dq-evid-02-p02.headers,raw/moh-astt-dq-evid-02-p02.error.txt,59094097F2E78BE11F6AC7538E16A542A3A30F886C6224BBD99753EBC6AA84BB,0EC6CA6EC72E349336B04F41989EBBB820212389A2EFC07E37185AE281300D42,79,14,80,CONTINUE,Raw capture only; URL candidates are not verified search results and are not screened or counted for PRISMA.
MOH-ASTT,asttmoh.vn,DQ-EVID-02,evidence,"(\AI\"" OR \""trí tuệ nhân tạo\"") AND (sự cố OR khiếu nại OR khắc phục) AND (y tế OR bệnh viện)""",3,https://asttmoh.vn/?s=%28%5CAI%5C%22%20OR%20%5C%22tr%C3%AD%20tu%E1%BB%87%20nh%C3%A2n%20t%E1%BA%A1o%5C%22%29%20AND%20%28s%E1%BB%B1%20c%E1%BB%91%20OR%20khi%E1%BA%BFu%20n%E1%BA%A1i%20OR%20kh%E1%BA%AFc%20ph%E1%BB%A5c%29%20AND%20%28y%20t%E1%BA%BF%20OR%20b%E1%BB%87nh%20vi%E1%BB%87n%29%22&paged=3,2026-07-31T23:13:35+00:00,404,52034,HTTPError: Not Found,raw/moh-astt-dq-evid-02-p03.body,raw/moh-astt-dq-evid-02-p03.headers,raw/moh-astt-dq-evid-02-p03.error.txt,59094097F2E78BE11F6AC7538E16A542A3A30F886C6224BBD99753EBC6AA84BB,44E22F61D0F8477626ABE4B73BB155C18A85182F5CE84DA80EE19F1F0A54A677,79,1,81,CONTINUE,Raw capture only; URL candidates are not verified search results and are not screened or counted for PRISMA.
MOH-ASTT,asttmoh.vn,DQ-EVID-02,evidence,"(\AI\"" OR \""trí tuệ nhân tạo\"") AND (sự cố OR khiếu nại OR khắc phục) AND (y tế OR bệnh viện)""",4,https://asttmoh.vn/?s=%28%5CAI%5C%22%20OR%20%5C%22tr%C3%AD%20tu%E1%BB%87%20nh%C3%A2n%20t%E1%BA%A1o%5C%22%29%20AND%20%28s%E1%BB%B1%20c%E1%BB%91%20OR%20khi%E1%BA%BFu%20n%E1%BA%A1i%20OR%20kh%E1%BA%AFc%20ph%E1%BB%A5c%29%20AND%20%28y%20t%E1%BA%BF%20OR%20b%E1%BB%87nh%20vi%E1%BB%87n%29%22&paged=4,2026-07-31T23:13:38+00:00,404,52034,HTTPError: Not Found,raw/moh-astt-dq-evid-02-p04.body,raw/moh-astt-dq-evid-02-p04.headers,raw/moh-astt-dq-evid-02-p04.error.txt,59094097F2E78BE11F6AC7538E16A542A3A30F886C6224BBD99753EBC6AA84BB,F787F5D2368F9EC583951AE7FBC584506AA38B6FA2F9E6D5798A71B9F1A69287,79,1,82,CONTINUE,Raw capture only; URL candidates are not verified search results and are not screened or counted for PRISMA.
MOH-ASTT,asttmoh.vn,DQ-EVID-02,evidence,"(\AI\"" OR \""trí tuệ nhân tạo\"") AND (sự cố OR khiếu nại OR khắc phục) AND (y tế OR bệnh viện)""",5,https://asttmoh.vn/?s=%28%5CAI%5C%22%20OR%20%5C%22tr%C3%AD%20tu%E1%BB%87%20nh%C3%A2n%20t%E1%BA%A1o%5C%22%29%20AND%20%28s%E1%BB%B1%20c%E1%BB%91%20OR%20khi%E1%BA%BFu%20n%E1%BA%A1i%20OR%20kh%E1%BA%AFc%20ph%E1%BB%A5c%29%20AND%20%28y%20t%E1%BA%BF%20OR%20b%E1%BB%87nh%20vi%E1%BB%87n%29%22&paged=5,2026-07-31T23:13:42+00:00,404,52034,HTTPError: Not Found,raw/moh-astt-dq-evid-02-p05.body,raw/moh-astt-dq-evid-02-p05.headers,raw/moh-astt-dq-evid-02-p05.error.txt,59094097F2E78BE11F6AC7538E16A542A3A30F886C6224BBD99753EBC6AA84BB,8A93C44F3FBCB9E70A4B78A4C04B4222D4C77739EFDF62F0B7C91F878D870BAD,79,1,83,LOCKED_PAGE_CAP_REACHED,Raw capture only; URL candidates are not verified search results and are not screened or counted for PRISMA.
MOH-ASTT,asttmoh.vn,DQ-EVID-03,evidence,"(\AI\"" OR \""trí tuệ nhân tạo\"") AND (\""đánh giá tác động\"" OR kết quả) AND (y tế OR bệnh viện)""",1,https://asttmoh.vn/?s=%28%5CAI%5C%22%20OR%20%5C%22tr%C3%AD%20tu%E1%BB%87%20nh%C3%A2n%20t%E1%BA%A1o%5C%22%29%20AND%20%28%5C%22%C4%91%C3%A1nh%20gi%C3%A1%20t%C3%A1c%20%C4%91%E1%BB%99ng%5C%22%20OR%20k%E1%BA%BFt%20qu%E1%BA%A3%29%20AND%20%28y%20t%E1%BA%BF%20OR%20b%E1%BB%87nh%20vi%E1%BB%87n%29%22&paged=1,2026-07-31T23:13:46+00:00,200,44081,,raw/moh-astt-dq-evid-03-p01.body,raw/moh-astt-dq-evid-03-p01.headers,raw/moh-astt-dq-evid-03-p01.error.txt,3406EA66F80D828A5A0E6D1D876BC127C8907431AD3D03E745079DFA88FAC3E0,E9D7EF2F03E7CB4811E49DAF076F6579CD47BA15658D8A1BC13CD1028E66F928,66,66,66,CONTINUE,Raw capture only; URL candidates are not verified search results and are not screened or counted for PRISMA.
MOH-ASTT,asttmoh.vn,DQ-EVID-03,evidence,"(\AI\"" OR \""trí tuệ nhân tạo\"") AND (\""đánh giá tác động\"" OR kết quả) AND (y tế OR bệnh viện)""",2,https://asttmoh.vn/?s=%28%5CAI%5C%22%20OR%20%5C%22tr%C3%AD%20tu%E1%BB%87%20nh%C3%A2n%20t%E1%BA%A1o%5C%22%29%20AND%20%28%5C%22%C4%91%C3%A1nh%20gi%C3%A1%20t%C3%A1c%20%C4%91%E1%BB%99ng%5C%22%20OR%20k%E1%BA%BFt%20qu%E1%BA%A3%29%20AND%20%28y%20t%E1%BA%BF%20OR%20b%E1%BB%87nh%20vi%E1%BB%87n%29%22&paged=2,2026-07-31T23:13:49+00:00,404,52034,HTTPError: Not Found,raw/moh-astt-dq-evid-03-p02.body,raw/moh-astt-dq-evid-03-p02.headers,raw/moh-astt-dq-evid-03-p02.error.txt,59094097F2E78BE11F6AC7538E16A542A3A30F886C6224BBD99753EBC6AA84BB,F7B3F9E11EBE69E96D68A98754815C10AC17C317BC9703796775D46D2084F6B9,79,14,80,CONTINUE,Raw capture only; URL candidates are not verified search results and are not screened or counted for PRISMA.
MOH-ASTT,asttmoh.vn,DQ-EVID-03,evidence,"(\AI\"" OR \""trí tuệ nhân tạo\"") AND (\""đánh giá tác động\"" OR kết quả) AND (y tế OR bệnh viện)""",3,https://asttmoh.vn/?s=%28%5CAI%5C%22%20OR%20%5C%22tr%C3%AD%20tu%E1%BB%87%20nh%C3%A2n%20t%E1%BA%A1o%5C%22%29%20AND%20%28%5C%22%C4%91%C3%A1nh%20gi%C3%A1%20t%C3%A1c%20%C4%91%E1%BB%99ng%5C%22%20OR%20k%E1%BA%BFt%20qu%E1%BA%A3%29%20AND%20%28y%20t%E1%BA%BF%20OR%20b%E1%BB%87nh%20vi%E1%BB%87n%29%22&paged=3,2026-07-31T23:13:53+00:00,404,52034,HTTPError: Not Found,raw/moh-astt-dq-evid-03-p03.body,raw/moh-astt-dq-evid-03-p03.headers,raw/moh-astt-dq-evid-03-p03.error.txt,59094097F2E78BE11F6AC7538E16A542A3A30F886C6224BBD99753EBC6AA84BB,F42D913A852CDADE597E84C7E0446EEA5BA9C0D4A95FEB76B2812A9259AC5DA3,79,1,81,CONTINUE,Raw capture only; URL candidates are not verified search results and are not screened or counted for PRISMA.
MOH-ASTT,asttmoh.vn,DQ-EVID-03,evidence,"(\AI\"" OR \""trí tuệ nhân tạo\"") AND (\""đánh giá tác động\"" OR kết quả) AND (y tế OR bệnh viện)""",4,https://asttmoh.vn/?s=%28%5CAI%5C%22%20OR%20%5C%22tr%C3%AD%20tu%E1%BB%87%20nh%C3%A2n%20t%E1%BA%A1o%5C%22%29%20AND%20%28%5C%22%C4%91%C3%A1nh%20gi%C3%A1%20t%C3%A1c%20%C4%91%E1%BB%99ng%5C%22%20OR%20k%E1%BA%BFt%20qu%E1%BA%A3%29%20AND%20%28y%20t%E1%BA%BF%20OR%20b%E1%BB%87nh%20vi%E1%BB%87n%29%22&paged=4,2026-07-31T23:13:58+00:00,404,52034,HTTPError: Not Found,raw/moh-astt-dq-evid-03-p04.body,raw/moh-astt-dq-evid-03-p04.headers,raw/moh-astt-dq-evid-03-p04.error.txt,59094097F2E78BE11F6AC7538E16A542A3A30F886C6224BBD99753EBC6AA84BB,6AF72205BF7E800CA8AB236BEE766B79743CBC17953EB366C39DF6A630704622,79,1,82,CONTINUE,Raw capture only; URL candidates are not verified search results and are not screened or counted for PRISMA.
MOH-ASTT,asttmoh.vn,DQ-EVID-03,evidence,"(\AI\"" OR \""trí tuệ nhân tạo\"") AND (\""đánh giá tác động\"" OR kết quả) AND (y tế OR bệnh viện)""",5,https://asttmoh.vn/?s=%28%5CAI%5C%22%20OR%20%5C%22tr%C3%AD%20tu%E1%BB%87%20nh%C3%A2n%20t%E1%BA%A1o%5C%22%29%20AND%20%28%5C%22%C4%91%C3%A1nh%20gi%C3%A1%20t%C3%A1c%20%C4%91%E1%BB%99ng%5C%22%20OR%20k%E1%BA%BFt%20qu%E1%BA%A3%29%20AND%20%28y%20t%E1%BA%BF%20OR%20b%E1%BB%87nh%20vi%E1%BB%87n%29%22&paged=5,2026-07-31T23:14:02+00:00,404,52034,HTTPError: Not Found,raw/moh-astt-dq-evid-03-p05.body,raw/moh-astt-dq-evid-03-p05.headers,raw/moh-astt-dq-evid-03-p05.error.txt,59094097F2E78BE11F6AC7538E16A542A3A30F886C6224BBD99753EBC6AA84BB,7AB56BD6B0056185CB771086E05178D66CE4C3B63150BEA1EF171B06216A7B72,79,1,83,LOCKED_PAGE_CAP_REACHED,Raw capture only; URL candidates are not verified search results and are not screened or counted for PRISMA.
MOH-ASTT,asttmoh.vn,DQ-EVID-04,evidence,"(\AI ethics\"" OR \""AI governance\"") AND (audit OR inspection OR monitoring OR incident OR complaint OR redress OR \""impact assessment\"" OR outcome OR result) AND (Vietnam OR \""Viet Nam\"") AND (health OR hospital)""",1,https://asttmoh.vn/?s=%28%5CAI%20ethics%5C%22%20OR%20%5C%22AI%20governance%5C%22%29%20AND%20%28audit%20OR%20inspection%20OR%20monitoring%20OR%20incident%20OR%20complaint%20OR%20redress%20OR%20%5C%22impact%20assessment%5C%22%20OR%20outcome%20OR%20result%29%20AND%20%28Vietnam%20OR%20%5C%22Viet%20Nam%5C%22%29%20AND%20%28health%20OR%20hospital%29%22&paged=1,2026-07-31T23:14:06+00:00,200,41716,,raw/moh-astt-dq-evid-04-p01.body,raw/moh-astt-dq-evid-04-p01.headers,raw/moh-astt-dq-evid-04-p01.error.txt,F065E2E89690BFA6AF963080C859288FF54826BB563B503EFAE807A0874BB3CF,DAFFD6E00BCD8EE8B34AA2298F0C295FF6EA4FA0B4B1BBE2AA04B02C09241BA2,66,66,66,CONTINUE,Raw capture only; URL candidates are not verified search results and are not screened or counted for PRISMA.
MOH-ASTT,asttmoh.vn,DQ-EVID-04,evidence,"(\AI ethics\"" OR \""AI governance\"") AND (audit OR inspection OR monitoring OR incident OR complaint OR redress OR \""impact assessment\"" OR outcome OR result) AND (Vietnam OR \""Viet Nam\"") AND (health OR hospital)""",2,https://asttmoh.vn/?s=%28%5CAI%20ethics%5C%22%20OR%20%5C%22AI%20governance%5C%22%29%20AND%20%28audit%20OR%20inspection%20OR%20monitoring%20OR%20incident%20OR%20complaint%20OR%20redress%20OR%20%5C%22impact%20assessment%5C%22%20OR%20outcome%20OR%20result%29%20AND%20%28Vietnam%20OR%20%5C%22Viet%20Nam%5C%22%29%20AND%20%28health%20OR%20hospital%29%22&paged=2,2026-07-31T23:14:10+00:00,404,52034,HTTPError: Not Found,raw/moh-astt-dq-evid-04-p02.body,raw/moh-astt-dq-evid-04-p02.headers,raw/moh-astt-dq-evid-04-p02.error.txt,59094097F2E78BE11F6AC7538E16A542A3A30F886C6224BBD99753EBC6AA84BB,6016CCDA03AF38C3E08F3E579A7B1B883B7530B0C11CB87C34A7E80468E16778,79,14,80,CONTINUE,Raw capture only; URL candidates are not verified search results and are not screened or counted for PRISMA.
MOH-ASTT,asttmoh.vn,DQ-EVID-04,evidence,"(\AI ethics\"" OR \""AI governance\"") AND (audit OR inspection OR monitoring OR incident OR complaint OR redress OR \""impact assessment\"" OR outcome OR result) AND (Vietnam OR \""Viet Nam\"") AND (health OR hospital)""",3,https://asttmoh.vn/?s=%28%5CAI%20ethics%5C%22%20OR%20%5C%22AI%20governance%5C%22%29%20AND%20%28audit%20OR%20inspection%20OR%20monitoring%20OR%20incident%20OR%20complaint%20OR%20redress%20OR%20%5C%22impact%20assessment%5C%22%20OR%20outcome%20OR%20result%29%20AND%20%28Vietnam%20OR%20%5C%22Viet%20Nam%5C%22%29%20AND%20%28health%20OR%20hospital%29%22&paged=3,2026-07-31T23:14:14+00:00,404,52034,HTTPError: Not Found,raw/moh-astt-dq-evid-04-p03.body,raw/moh-astt-dq-evid-04-p03.headers,raw/moh-astt-dq-evid-04-p03.error.txt,59094097F2E78BE11F6AC7538E16A542A3A30F886C6224BBD99753EBC6AA84BB,4AE1553A2CCBD7D024AB1AE8CAED9F324064E52BFF94E8296C9356BE2ACB1F06,79,1,81,CONTINUE,Raw capture only; URL candidates are not verified search results and are not screened or counted for PRISMA.
MOH-ASTT,asttmoh.vn,DQ-EVID-04,evidence,"(\AI ethics\"" OR \""AI governance\"") AND (audit OR inspection OR monitoring OR incident OR complaint OR redress OR \""impact assessment\"" OR outcome OR result) AND (Vietnam OR \""Viet Nam\"") AND (health OR hospital)""",4,https://asttmoh.vn/?s=%28%5CAI%20ethics%5C%22%20OR%20%5C%22AI%20governance%5C%22%29%20AND%20%28audit%20OR%20inspection%20OR%20monitoring%20OR%20incident%20OR%20complaint%20OR%20redress%20OR%20%5C%22impact%20assessment%5C%22%20OR%20outcome%20OR%20result%29%20AND%20%28Vietnam%20OR%20%5C%22Viet%20Nam%5C%22%29%20AND%20%28health%20OR%20hospital%29%22&paged=4,2026-07-31T23:14:19+00:00,404,52034,HTTPError: Not Found,raw/moh-astt-dq-evid-04-p04.body,raw/moh-astt-dq-evid-04-p04.headers,raw/moh-astt-dq-evid-04-p04.error.txt,59094097F2E78BE11F6AC7538E16A542A3A30F886C6224BBD99753EBC6AA84BB,CFABFB50A3DF6BCCBDDBDAEB0ECC6AE72EF58C4B91577726AF207A70EAB02FB2,79,1,82,CONTINUE,Raw capture only; URL candidates are not verified search results and are not screened or counted for PRISMA.
MOH-ASTT,asttmoh.vn,DQ-EVID-04,evidence,"(\AI ethics\"" OR \""AI governance\"") AND (audit OR inspection OR monitoring OR incident OR complaint OR redress OR \""impact assessment\"" OR outcome OR result) AND (Vietnam OR \""Viet Nam\"") AND (health OR hospital)""",5,https://asttmoh.vn/?s=%28%5CAI%20ethics%5C%22%20OR%20%5C%22AI%20governance%5C%22%29%20AND%20%28audit%20OR%20inspection%20OR%20monitoring%20OR%20incident%20OR%20complaint%20OR%20redress%20OR%20%5C%22impact%20assessment%5C%22%20OR%20outcome%20OR%20result%29%20AND%20%28Vietnam%20OR%20%5C%22Viet%20Nam%5C%22%29%20AND%20%28health%20OR%20hospital%29%22&paged=5,2026-07-31T23:14:23+00:00,404,52034,HTTPError: Not Found,raw/moh-astt-dq-evid-04-p05.body,raw/moh-astt-dq-evid-04-p05.headers,raw/moh-astt-dq-evid-04-p05.error.txt,59094097F2E78BE11F6AC7538E16A542A3A30F886C6224BBD99753EBC6AA84BB,859D4652D2C1589411A56EE0B2513EF533231F9EAB0307FBBDD586F88164CA2B,79,1,83,LOCKED_PAGE_CAP_REACHED,Raw capture only; URL candidates are not verified search results and are not screened or counted for PRISMA.
MOH-ASTT,asttmoh.vn,DQ-EVID-05,evidence,"(\artificial intelligence\"" OR AI) AND (\""post-implementation monitoring\"" OR \""post-market surveillance\"" OR \""incident reporting\"" OR \""quality management\"" OR \""effectiveness evaluation\"" OR audit) AND (Vietnam OR \""Viet Nam\"") AND (health OR hospital OR \""provincial health department\"")""",1,https://asttmoh.vn/?s=%28%5Cartificial%20intelligence%5C%22%20OR%20AI%29%20AND%20%28%5C%22post-implementation%20monitoring%5C%22%20OR%20%5C%22post-market%20surveillance%5C%22%20OR%20%5C%22incident%20reporting%5C%22%20OR%20%5C%22quality%20management%5C%22%20OR%20%5C%22effectiveness%20evaluation%5C%22%20OR%20audit%29%20AND%20%28Vietnam%20OR%20%5C%22Viet%20Nam%5C%22%29%20AND%20%28health%20OR%20hospital%20OR%20%5C%22provincial%20health%20department%5C%22%29%22&paged=1,2026-07-31T23:14:26+00:00,200,41954,,raw/moh-astt-dq-evid-05-p01.body,raw/moh-astt-dq-evid-05-p01.headers,raw/moh-astt-dq-evid-05-p01.error.txt,67C3D306B61EFA32014B10A73B6BFAEBE367FF1CD04D9C447A965BC149ADF89A,07D420E7AC4F15DCB5D895FDE774A245167B7BB5D8E0E5B14B6FEDC667BC8DD2,66,66,66,CONTINUE,Raw capture only; URL candidates are not verified search results and are not screened or counted for PRISMA.
MOH-ASTT,asttmoh.vn,DQ-EVID-05,evidence,"(\artificial intelligence\"" OR AI) AND (\""post-implementation monitoring\"" OR \""post-market surveillance\"" OR \""incident reporting\"" OR \""quality management\"" OR \""effectiveness evaluation\"" OR audit) AND (Vietnam OR \""Viet Nam\"") AND (health OR hospital OR \""provincial health department\"")""",2,https://asttmoh.vn/?s=%28%5Cartificial%20intelligence%5C%22%20OR%20AI%29%20AND%20%28%5C%22post-implementation%20monitoring%5C%22%20OR%20%5C%22post-market%20surveillance%5C%22%20OR%20%5C%22incident%20reporting%5C%22%20OR%20%5C%22quality%20management%5C%22%20OR%20%5C%22effectiveness%20evaluation%5C%22%20OR%20audit%29%20AND%20%28Vietnam%20OR%20%5C%22Viet%20Nam%5C%22%29%20AND%20%28health%20OR%20hospital%20OR%20%5C%22provincial%20health%20department%5C%22%29%22&paged=2,2026-07-31T23:14:30+00:00,404,52034,HTTPError: Not Found,raw/moh-astt-dq-evid-05-p02.body,raw/moh-astt-dq-evid-05-p02.headers,raw/moh-astt-dq-evid-05-p02.error.txt,59094097F2E78BE11F6AC7538E16A542A3A30F886C6224BBD99753EBC6AA84BB,C772F3409F611822A419418CC939C9A78DA9FDB7213CD44CAB04622FD49D9A55,79,14,80,CONTINUE,Raw capture only; URL candidates are not verified search results and are not screened or counted for PRISMA.
MOH-ASTT,asttmoh.vn,DQ-EVID-05,evidence,"(\artificial intelligence\"" OR AI) AND (\""post-implementation monitoring\"" OR \""post-market surveillance\"" OR \""incident reporting\"" OR \""quality management\"" OR \""effectiveness evaluation\"" OR audit) AND (Vietnam OR \""Viet Nam\"") AND (health OR hospital OR \""provincial health department\"")""",3,https://asttmoh.vn/?s=%28%5Cartificial%20intelligence%5C%22%20OR%20AI%29%20AND%20%28%5C%22post-implementation%20monitoring%5C%22%20OR%20%5C%22post-market%20surveillance%5C%22%20OR%20%5C%22incident%20reporting%5C%22%20OR%20%5C%22quality%20management%5C%22%20OR%20%5C%22effectiveness%20evaluation%5C%22%20OR%20audit%29%20AND%20%28Vietnam%20OR%20%5C%22Viet%20Nam%5C%22%29%20AND%20%28health%20OR%20hospital%20OR%20%5C%22provincial%20health%20department%5C%22%29%22&paged=3,2026-07-31T23:14:35+00:00,404,52034,HTTPError: Not Found,raw/moh-astt-dq-evid-05-p03.body,raw/moh-astt-dq-evid-05-p03.headers,raw/moh-astt-dq-evid-05-p03.error.txt,59094097F2E78BE11F6AC7538E16A542A3A30F886C6224BBD99753EBC6AA84BB,E6079D6C809C1EA4BFAB253CDF9957A198AD72F8B59D54E94EBF364D76C179CA,79,1,81,CONTINUE,Raw capture only; URL candidates are not verified search results and are not screened or counted for PRISMA.
MOH-ASTT,asttmoh.vn,DQ-EVID-05,evidence,"(\artificial intelligence\"" OR AI) AND (\""post-implementation monitoring\"" OR \""post-market surveillance\"" OR \""incident reporting\"" OR \""quality management\"" OR \""effectiveness evaluation\"" OR audit) AND (Vietnam OR \""Viet Nam\"") AND (health OR hospital OR \""provincial health department\"")""",4,https://asttmoh.vn/?s=%28%5Cartificial%20intelligence%5C%22%20OR%20AI%29%20AND%20%28%5C%22post-implementation%20monitoring%5C%22%20OR%20%5C%22post-market%20surveillance%5C%22%20OR%20%5C%22incident%20reporting%5C%22%20OR%20%5C%22quality%20management%5C%22%20OR%20%5C%22effectiveness%20evaluation%5C%22%20OR%20audit%29%20AND%20%28Vietnam%20OR%20%5C%22Viet%20Nam%5C%22%29%20AND%20%28health%20OR%20hospital%20OR%20%5C%22provincial%20health%20department%5C%22%29%22&paged=4,2026-07-31T23:14:39+00:00,404,52034,HTTPError: Not Found,raw/moh-astt-dq-evid-05-p04.body,raw/moh-astt-dq-evid-05-p04.headers,raw/moh-astt-dq-evid-05-p04.error.txt,59094097F2E78BE11F6AC7538E16A542A3A30F886C6224BBD99753EBC6AA84BB,9F48AF45C12AAB7474BA1A37365C8789EC04487731EE40DFA6A3E0DA97810D09,79,1,82,CONTINUE,Raw capture only; URL candidates are not verified search results and are not screened or counted for PRISMA.
MOH-ASTT,asttmoh.vn,DQ-EVID-05,evidence,"(\artificial intelligence\"" OR AI) AND (\""post-implementation monitoring\"" OR \""post-market surveillance\"" OR \""incident reporting\"" OR \""quality management\"" OR \""effectiveness evaluation\"" OR audit) AND (Vietnam OR \""Viet Nam\"") AND (health OR hospital OR \""provincial health department\"")""",5,https://asttmoh.vn/?s=%28%5Cartificial%20intelligence%5C%22%20OR%20AI%29%20AND%20%28%5C%22post-implementation%20monitoring%5C%22%20OR%20%5C%22post-market%20surveillance%5C%22%20OR%20%5C%22incident%20reporting%5C%22%20OR%20%5C%22quality%20management%5C%22%20OR%20%5C%22effectiveness%20evaluation%5C%22%20OR%20audit%29%20AND%20%28Vietnam%20OR%20%5C%22Viet%20Nam%5C%22%29%20AND%20%28health%20OR%20hospital%20OR%20%5C%22provincial%20health%20department%5C%22%29%22&paged=5,2026-07-31T23:14:44+00:00,404,52034,HTTPError: Not Found,raw/moh-astt-dq-evid-05-p05.body,raw/moh-astt-dq-evid-05-p05.headers,raw/moh-astt-dq-evid-05-p05.error.txt,59094097F2E78BE11F6AC7538E16A542A3A30F886C6224BBD99753EBC6AA84BB,8B958DABC1DCA503E568674F658F3A90D8C65719D1C65BF730088F22BE7FDCE7,79,1,83,LOCKED_PAGE_CAP_REACHED,Raw capture only; URL candidates are not verified search results and are not screened or counted for PRISMA.
MOH-KCB,kcb.vn,DQ-IMPL-01,implementation,"(\đạo đức AI\"" OR \""AI có trách nhiệm\"" OR \""quản trị AI\"") AND (kế hoạch OR triển khai OR áp dụng OR thí điểm)""",1,https://kcb.vn/?site=2005611&page=search&keyword=%28%5C%C4%91%E1%BA%A1o%20%C4%91%E1%BB%A9c%20AI%5C%22%20OR%20%5C%22AI%20c%C3%B3%20tr%C3%A1ch%20nhi%E1%BB%87m%5C%22%20OR%20%5C%22qu%E1%BA%A3n%20tr%E1%BB%8B%20AI%5C%22%29%20AND%20%28k%E1%BA%BF%20ho%E1%BA%A1ch%20OR%20tri%E1%BB%83n%20khai%20OR%20%C3%A1p%20d%E1%BB%A5ng%20OR%20th%C3%AD%20%C4%91i%E1%BB%83m%29%22&p=1,2026-07-31T23:14:47+00:00,200,61293,,raw/moh-kcb-dq-impl-01-p01.body,raw/moh-kcb-dq-impl-01-p01.headers,raw/moh-kcb-dq-impl-01-p01.error.txt,6E88895C4FD8F85B2264C9D8B436C69259EF74714E9477DB244B6FC3A6847055,16F172B1B387FDD8F4D7B77BEB40F6911B65EE977FE948104322D61AB54E4A03,72,72,72,CONTINUE,Raw capture only; URL candidates are not verified search results and are not screened or counted for PRISMA.
MOH-KCB,kcb.vn,DQ-IMPL-01,implementation,"(\đạo đức AI\"" OR \""AI có trách nhiệm\"" OR \""quản trị AI\"") AND (kế hoạch OR triển khai OR áp dụng OR thí điểm)""",2,https://kcb.vn/?site=2005611&page=search&keyword=%28%5C%C4%91%E1%BA%A1o%20%C4%91%E1%BB%A9c%20AI%5C%22%20OR%20%5C%22AI%20c%C3%B3%20tr%C3%A1ch%20nhi%E1%BB%87m%5C%22%20OR%20%5C%22qu%E1%BA%A3n%20tr%E1%BB%8B%20AI%5C%22%29%20AND%20%28k%E1%BA%BF%20ho%E1%BA%A1ch%20OR%20tri%E1%BB%83n%20khai%20OR%20%C3%A1p%20d%E1%BB%A5ng%20OR%20th%C3%AD%20%C4%91i%E1%BB%83m%29%22&p=2,2026-07-31T23:14:51+00:00,200,61293,,raw/moh-kcb-dq-impl-01-p02.body,raw/moh-kcb-dq-impl-01-p02.headers,raw/moh-kcb-dq-impl-01-p02.error.txt,DA4580ECD61C3D9AF8724279ED256861CFE84504590829659D9CF8147F329DE0,5FCDA08787103ED7341588EFDA905BC8F541768C6F5A035D70176E4E0A5FFE19,72,0,72,CONTINUE,Raw capture only; URL candidates are not verified search results and are not screened or counted for PRISMA.
MOH-KCB,kcb.vn,DQ-IMPL-01,implementation,"(\đạo đức AI\"" OR \""AI có trách nhiệm\"" OR \""quản trị AI\"") AND (kế hoạch OR triển khai OR áp dụng OR thí điểm)""",3,https://kcb.vn/?site=2005611&page=search&keyword=%28%5C%C4%91%E1%BA%A1o%20%C4%91%E1%BB%A9c%20AI%5C%22%20OR%20%5C%22AI%20c%C3%B3%20tr%C3%A1ch%20nhi%E1%BB%87m%5C%22%20OR%20%5C%22qu%E1%BA%A3n%20tr%E1%BB%8B%20AI%5C%22%29%20AND%20%28k%E1%BA%BF%20ho%E1%BA%A1ch%20OR%20tri%E1%BB%83n%20khai%20OR%20%C3%A1p%20d%E1%BB%A5ng%20OR%20th%C3%AD%20%C4%91i%E1%BB%83m%29%22&p=3,2026-07-31T23:14:53+00:00,200,61293,,raw/moh-kcb-dq-impl-01-p03.body,raw/moh-kcb-dq-impl-01-p03.headers,raw/moh-kcb-dq-impl-01-p03.error.txt,EF1901C4C136E0A8E6C859D76A47F1B19C53DBCDD60BCA4CD5C0C75C1BBD2101,DD964449DB5435D49D603D2083BB39E621B32675699F0967C55D1622E6CC242F,72,0,72,TWO_CONSECUTIVE_PAGES_WITH_NO_NEW_CANDIDATE_URL,Raw capture only; URL candidates are not verified search results and are not screened or counted for PRISMA.
MOH-KCB,kcb.vn,DQ-IMPL-02," chữa bệnh\"")""","(\đạo đức AI\"" OR \""AI có trách nhiệm\"" OR \""quản trị AI\"") AND (\""Bộ Y tế\"" OR bệnh viện OR \""cơ sở khám bệnh",1,https://kcb.vn/?site=2005611&page=search&keyword=%28%5C%C4%91%E1%BA%A1o%20%C4%91%E1%BB%A9c%20AI%5C%22%20OR%20%5C%22AI%20c%C3%B3%20tr%C3%A1ch%20nhi%E1%BB%87m%5C%22%20OR%20%5C%22qu%E1%BA%A3n%20tr%E1%BB%8B%20AI%5C%22%29%20AND%20%28%5C%22B%E1%BB%99%20Y%20t%E1%BA%BF%5C%22%20OR%20b%E1%BB%87nh%20vi%E1%BB%87n%20OR%20%5C%22c%C6%A1%20s%E1%BB%9F%20kh%C3%A1m%20b%E1%BB%87nh&p=1,2026-07-31T23:14:55+00:00,200,61381,,raw/moh-kcb-dq-impl-02-p01.body,raw/moh-kcb-dq-impl-02-p01.headers,raw/moh-kcb-dq-impl-02-p01.error.txt,681C4D3D369F3F371EFC6F76B86F0A0945579A90B22BC00484FA1E99D16619CA,2BAF89DD3806356D8119B70186E1C91E3502F4DB283B5C889DFD3A16FDE936C7,72,72,72,CONTINUE,Raw capture only; URL candidates are not verified search results and are not screened or counted for PRISMA.
MOH-KCB,kcb.vn,DQ-IMPL-02," chữa bệnh\"")""","(\đạo đức AI\"" OR \""AI có trách nhiệm\"" OR \""quản trị AI\"") AND (\""Bộ Y tế\"" OR bệnh viện OR \""cơ sở khám bệnh",2,https://kcb.vn/?site=2005611&page=search&keyword=%28%5C%C4%91%E1%BA%A1o%20%C4%91%E1%BB%A9c%20AI%5C%22%20OR%20%5C%22AI%20c%C3%B3%20tr%C3%A1ch%20nhi%E1%BB%87m%5C%22%20OR%20%5C%22qu%E1%BA%A3n%20tr%E1%BB%8B%20AI%5C%22%29%20AND%20%28%5C%22B%E1%BB%99%20Y%20t%E1%BA%BF%5C%22%20OR%20b%E1%BB%87nh%20vi%E1%BB%87n%20OR%20%5C%22c%C6%A1%20s%E1%BB%9F%20kh%C3%A1m%20b%E1%BB%87nh&p=2,2026-07-31T23:14:58+00:00,200,61381,,raw/moh-kcb-dq-impl-02-p02.body,raw/moh-kcb-dq-impl-02-p02.headers,raw/moh-kcb-dq-impl-02-p02.error.txt,0158987EB02DF8BEF702A54C935F035825C500801839EFD81488548124762CAE,90C84DFEBB037A79F424C62BFAEDE352C723BFC92767B3FBDC2B413FB38E2119,72,0,72,CONTINUE,Raw capture only; URL candidates are not verified search results and are not screened or counted for PRISMA.
MOH-KCB,kcb.vn,DQ-IMPL-02," chữa bệnh\"")""","(\đạo đức AI\"" OR \""AI có trách nhiệm\"" OR \""quản trị AI\"") AND (\""Bộ Y tế\"" OR bệnh viện OR \""cơ sở khám bệnh",3,https://kcb.vn/?site=2005611&page=search&keyword=%28%5C%C4%91%E1%BA%A1o%20%C4%91%E1%BB%A9c%20AI%5C%22%20OR%20%5C%22AI%20c%C3%B3%20tr%C3%A1ch%20nhi%E1%BB%87m%5C%22%20OR%20%5C%22qu%E1%BA%A3n%20tr%E1%BB%8B%20AI%5C%22%29%20AND%20%28%5C%22B%E1%BB%99%20Y%20t%E1%BA%BF%5C%22%20OR%20b%E1%BB%87nh%20vi%E1%BB%87n%20OR%20%5C%22c%C6%A1%20s%E1%BB%9F%20kh%C3%A1m%20b%E1%BB%87nh&p=3,2026-07-31T23:15:01+00:00,200,61381,,raw/moh-kcb-dq-impl-02-p03.body,raw/moh-kcb-dq-impl-02-p03.headers,raw/moh-kcb-dq-impl-02-p03.error.txt,F348C7069F612CDE6BC9322539C64B76C3B27B2856357BB0F8386C899124505A,223995A9D14C8DB03F86DD1EC0D0820BD73C996B90472218D9B07731EBAE2807,72,0,72,TWO_CONSECUTIVE_PAGES_WITH_NO_NEW_CANDIDATE_URL,Raw capture only; URL candidates are not verified search results and are not screened or counted for PRISMA.
MOH-KCB,kcb.vn,DQ-IMPL-03,implementation,"(\responsible AI\"" OR \""AI governance\"" OR \""AI ethics\"") AND (implementation OR adoption OR uptake OR plan OR pilot) AND (Vietnam OR \""Viet Nam\"") AND (health OR hospital OR clinical)""",1,https://kcb.vn/?site=2005611&page=search&keyword=%28%5Cresponsible%20AI%5C%22%20OR%20%5C%22AI%20governance%5C%22%20OR%20%5C%22AI%20ethics%5C%22%29%20AND%20%28implementation%20OR%20adoption%20OR%20uptake%20OR%20plan%20OR%20pilot%29%20AND%20%28Vietnam%20OR%20%5C%22Viet%20Nam%5C%22%29%20AND%20%28health%20OR%20hospital%20OR%20clinical%29%22&p=1,2026-07-31T23:15:03+00:00,200,61397,,raw/moh-kcb-dq-impl-03-p01.body,raw/moh-kcb-dq-impl-03-p01.headers,raw/moh-kcb-dq-impl-03-p01.error.txt,0F1C445FDE386985C6FC74E1BE169EEDAB3C341660D3132F47A5F0A44932E1C6,E92268D40A84B272397E19B54C22A2019D4E79D55D7DEA2367C9096E543DEA3F,72,72,72,CONTINUE,Raw capture only; URL candidates are not verified search results and are not screened or counted for PRISMA.
MOH-KCB,kcb.vn,DQ-IMPL-03,implementation,"(\responsible AI\"" OR \""AI governance\"" OR \""AI ethics\"") AND (implementation OR adoption OR uptake OR plan OR pilot) AND (Vietnam OR \""Viet Nam\"") AND (health OR hospital OR clinical)""",2,https://kcb.vn/?site=2005611&page=search&keyword=%28%5Cresponsible%20AI%5C%22%20OR%20%5C%22AI%20governance%5C%22%20OR%20%5C%22AI%20ethics%5C%22%29%20AND%20%28implementation%20OR%20adoption%20OR%20uptake%20OR%20plan%20OR%20pilot%29%20AND%20%28Vietnam%20OR%20%5C%22Viet%20Nam%5C%22%29%20AND%20%28health%20OR%20hospital%20OR%20clinical%29%22&p=2,2026-07-31T23:15:06+00:00,200,61397,,raw/moh-kcb-dq-impl-03-p02.body,raw/moh-kcb-dq-impl-03-p02.headers,raw/moh-kcb-dq-impl-03-p02.error.txt,205DAD0FBC6D00B2895F5061F1C791B2633F4D707CC393110B96A620300C40E5,B9964D4BD3A93AC45C6D4EA50D7F12E789D17B436324DE966A2D45AC07824418,72,0,72,CONTINUE,Raw capture only; URL candidates are not verified search results and are not screened or counted for PRISMA.
MOH-KCB,kcb.vn,DQ-IMPL-03,implementation,"(\responsible AI\"" OR \""AI governance\"" OR \""AI ethics\"") AND (implementation OR adoption OR uptake OR plan OR pilot) AND (Vietnam OR \""Viet Nam\"") AND (health OR hospital OR clinical)""",3,https://kcb.vn/?site=2005611&page=search&keyword=%28%5Cresponsible%20AI%5C%22%20OR%20%5C%22AI%20governance%5C%22%20OR%20%5C%22AI%20ethics%5C%22%29%20AND%20%28implementation%20OR%20adoption%20OR%20uptake%20OR%20plan%20OR%20pilot%29%20AND%20%28Vietnam%20OR%20%5C%22Viet%20Nam%5C%22%29%20AND%20%28health%20OR%20hospital%20OR%20clinical%29%22&p=3,2026-07-31T23:15:08+00:00,200,61397,,raw/moh-kcb-dq-impl-03-p03.body,raw/moh-kcb-dq-impl-03-p03.headers,raw/moh-kcb-dq-impl-03-p03.error.txt,B56F4A007A419F2C7581B3E04ECAD07CAC39E0C1E9B13577AF4103F76FE5AFBD,92055D8A8D7C839290ECB64C148E3B018A531B1A3B978AB6F10BC60B9380CBC5,72,0,72,TWO_CONSECUTIVE_PAGES_WITH_NO_NEW_CANDIDATE_URL,Raw capture only; URL candidates are not verified search results and are not screened or counted for PRISMA.
MOH-KCB,kcb.vn,DQ-TOOL-01,implementation_tool,"(\đánh giá tuân thủ\"" OR \""tự đánh giá\"") AND (\""đạo đức AI\"" OR \""AI có trách nhiệm\"")""",1,https://kcb.vn/?site=2005611&page=search&keyword=%28%5C%C4%91%C3%A1nh%20gi%C3%A1%20tu%C3%A2n%20th%E1%BB%A7%5C%22%20OR%20%5C%22t%E1%BB%B1%20%C4%91%C3%A1nh%20gi%C3%A1%5C%22%29%20AND%20%28%5C%22%C4%91%E1%BA%A1o%20%C4%91%E1%BB%A9c%20AI%5C%22%20OR%20%5C%22AI%20c%C3%B3%20tr%C3%A1ch%20nhi%E1%BB%87m%5C%22%29%22&p=1,2026-07-31T23:15:11+00:00,200,61064,,raw/moh-kcb-dq-tool-01-p01.body,raw/moh-kcb-dq-tool-01-p01.headers,raw/moh-kcb-dq-tool-01-p01.error.txt,D2A758CE9819AAADD70621F589B7714319152E2E70A4FE5E80F91DBF6B4B0F2D,4D22C1C2DCBEB1A7CAE5597DE3689310E00F9C4783549E708A199189732DF99E,72,72,72,CONTINUE,Raw capture only; URL candidates are not verified search results and are not screened or counted for PRISMA.
MOH-KCB,kcb.vn,DQ-TOOL-01,implementation_tool,"(\đánh giá tuân thủ\"" OR \""tự đánh giá\"") AND (\""đạo đức AI\"" OR \""AI có trách nhiệm\"")""",2,https://kcb.vn/?site=2005611&page=search&keyword=%28%5C%C4%91%C3%A1nh%20gi%C3%A1%20tu%C3%A2n%20th%E1%BB%A7%5C%22%20OR%20%5C%22t%E1%BB%B1%20%C4%91%C3%A1nh%20gi%C3%A1%5C%22%29%20AND%20%28%5C%22%C4%91%E1%BA%A1o%20%C4%91%E1%BB%A9c%20AI%5C%22%20OR%20%5C%22AI%20c%C3%B3%20tr%C3%A1ch%20nhi%E1%BB%87m%5C%22%29%22&p=2,2026-07-31T23:15:13+00:00,200,61064,,raw/moh-kcb-dq-tool-01-p02.body,raw/moh-kcb-dq-tool-01-p02.headers,raw/moh-kcb-dq-tool-01-p02.error.txt,BBDC31062DA309E2E4488B3B7656309CCA82F3A9FCAF6E182A16B9F4D8081715,90DAEFCDF46532BE1976E9D49BB1DB6C885A7DBDA3C036D4815B3296B0012FEE,72,0,72,CONTINUE,Raw capture only; URL candidates are not verified search results and are not screened or counted for PRISMA.
MOH-KCB,kcb.vn,DQ-TOOL-01,implementation_tool,"(\đánh giá tuân thủ\"" OR \""tự đánh giá\"") AND (\""đạo đức AI\"" OR \""AI có trách nhiệm\"")""",3,https://kcb.vn/?site=2005611&page=search&keyword=%28%5C%C4%91%C3%A1nh%20gi%C3%A1%20tu%C3%A2n%20th%E1%BB%A7%5C%22%20OR%20%5C%22t%E1%BB%B1%20%C4%91%C3%A1nh%20gi%C3%A1%5C%22%29%20AND%20%28%5C%22%C4%91%E1%BA%A1o%20%C4%91%E1%BB%A9c%20AI%5C%22%20OR%20%5C%22AI%20c%C3%B3%20tr%C3%A1ch%20nhi%E1%BB%87m%5C%22%29%22&p=3,2026-07-31T23:15:16+00:00,200,61064,,raw/moh-kcb-dq-tool-01-p03.body,raw/moh-kcb-dq-tool-01-p03.headers,raw/moh-kcb-dq-tool-01-p03.error.txt,B293C02E90BB1E10E691219FE499DC792DD631C97F96805EEC80CC6A9BA84DD0,C72AD5B11A9EF255A882F6881B77B43BC4142C6B5E9183F1246AAC438967C77B,72,0,72,TWO_CONSECUTIVE_PAGES_WITH_NO_NEW_CANDIDATE_URL,Raw capture only; URL candidates are not verified search results and are not screened or counted for PRISMA.
MOH-KCB,kcb.vn,DQ-TOOL-02,implementation_tool,"(nền tảng OR công cụ) AND (\đánh giá tuân thủ\"" OR \""đánh giá tác động\"") AND (\""AI\"" OR \""trí tuệ nhân tạo\"")""",1,https://kcb.vn/?site=2005611&page=search&keyword=%28n%E1%BB%81n%20t%E1%BA%A3ng%20OR%20c%C3%B4ng%20c%E1%BB%A5%29%20AND%20%28%5C%C4%91%C3%A1nh%20gi%C3%A1%20tu%C3%A2n%20th%E1%BB%A7%5C%22%20OR%20%5C%22%C4%91%C3%A1nh%20gi%C3%A1%20t%C3%A1c%20%C4%91%E1%BB%99ng%5C%22%29%20AND%20%28%5C%22AI%5C%22%20OR%20%5C%22tr%C3%AD%20tu%E1%BB%87%20nh%C3%A2n%20t%E1%BA%A1o%5C%22%29%22&p=1,2026-07-31T23:15:18+00:00,200,61410,,raw/moh-kcb-dq-tool-02-p01.body,raw/moh-kcb-dq-tool-02-p01.headers,raw/moh-kcb-dq-tool-02-p01.error.txt,C5AAB51B9BC61AAF8C2F9D71CE33779FFC968A5B882AFC5C4CFBE02F12816114,CBDEA2288E5906F74699D9B2C7A35A5F25FA5C2C9D32A73A1AF94D12CFF10C97,72,72,72,CONTINUE,Raw capture only; URL candidates are not verified search results and are not screened or counted for PRISMA.
MOH-KCB,kcb.vn,DQ-TOOL-02,implementation_tool,"(nền tảng OR công cụ) AND (\đánh giá tuân thủ\"" OR \""đánh giá tác động\"") AND (\""AI\"" OR \""trí tuệ nhân tạo\"")""",2,https://kcb.vn/?site=2005611&page=search&keyword=%28n%E1%BB%81n%20t%E1%BA%A3ng%20OR%20c%C3%B4ng%20c%E1%BB%A5%29%20AND%20%28%5C%C4%91%C3%A1nh%20gi%C3%A1%20tu%C3%A2n%20th%E1%BB%A7%5C%22%20OR%20%5C%22%C4%91%C3%A1nh%20gi%C3%A1%20t%C3%A1c%20%C4%91%E1%BB%99ng%5C%22%29%20AND%20%28%5C%22AI%5C%22%20OR%20%5C%22tr%C3%AD%20tu%E1%BB%87%20nh%C3%A2n%20t%E1%BA%A1o%5C%22%29%22&p=2,2026-07-31T23:15:21+00:00,200,61410,,raw/moh-kcb-dq-tool-02-p02.body,raw/moh-kcb-dq-tool-02-p02.headers,raw/moh-kcb-dq-tool-02-p02.error.txt,8CD3A00FE2CA599185FB1A32CB770A8303E2A52E6353D6ABE6B88255A552EB3E,AAE591E91FA5B20B0B91B4D6EE58363896DF3C1F70A1D01C768AB81F7982F1EA,72,0,72,CONTINUE,Raw capture only; URL candidates are not verified search results and are not screened or counted for PRISMA.
MOH-KCB,kcb.vn,DQ-TOOL-02,implementation_tool,"(nền tảng OR công cụ) AND (\đánh giá tuân thủ\"" OR \""đánh giá tác động\"") AND (\""AI\"" OR \""trí tuệ nhân tạo\"")""",3,https://kcb.vn/?site=2005611&page=search&keyword=%28n%E1%BB%81n%20t%E1%BA%A3ng%20OR%20c%C3%B4ng%20c%E1%BB%A5%29%20AND%20%28%5C%C4%91%C3%A1nh%20gi%C3%A1%20tu%C3%A2n%20th%E1%BB%A7%5C%22%20OR%20%5C%22%C4%91%C3%A1nh%20gi%C3%A1%20t%C3%A1c%20%C4%91%E1%BB%99ng%5C%22%29%20AND%20%28%5C%22AI%5C%22%20OR%20%5C%22tr%C3%AD%20tu%E1%BB%87%20nh%C3%A2n%20t%E1%BA%A1o%5C%22%29%22&p=3,2026-07-31T23:15:23+00:00,200,61410,,raw/moh-kcb-dq-tool-02-p03.body,raw/moh-kcb-dq-tool-02-p03.headers,raw/moh-kcb-dq-tool-02-p03.error.txt,19CDA353144F2879550D9CA5FEFCABBBCAFCB6C84DA837BE542A23FB7AC4CBEB,5DA06ADF5BF36D4BF318BDB51DF3BC4F2A1E23919DE0706E30D636CC8C6AFF9C,72,0,72,TWO_CONSECUTIVE_PAGES_WITH_NO_NEW_CANDIDATE_URL,Raw capture only; URL candidates are not verified search results and are not screened or counted for PRISMA.
MOH-KCB,kcb.vn,DQ-IMPL-04,implementation,"(\trí tuệ nhân tạo\"" OR AI) AND (\""theo dõi sau triển khai\"" OR hậu kiểm OR \""giám sát sau triển khai\"" OR \""đánh giá hiệu quả\"") AND (y tế OR bệnh viện OR \""Sở Y tế\"")""",1,https://kcb.vn/?site=2005611&page=search&keyword=%28%5Ctr%C3%AD%20tu%E1%BB%87%20nh%C3%A2n%20t%E1%BA%A1o%5C%22%20OR%20AI%29%20AND%20%28%5C%22theo%20d%C3%B5i%20sau%20tri%E1%BB%83n%20khai%5C%22%20OR%20h%E1%BA%ADu%20ki%E1%BB%83m%20OR%20%5C%22gi%C3%A1m%20s%C3%A1t%20sau%20tri%E1%BB%83n%20khai%5C%22%20OR%20%5C%22%C4%91%C3%A1nh%20gi%C3%A1%20hi%E1%BB%87u%20qu%E1%BA%A3%5C%22%29%20AND%20%28y%20t%E1%BA%BF%20OR%20b%E1%BB%87nh%20vi%E1%BB%87n%20OR%20%5C%22S%E1%BB%9F%20Y%20t%E1%BA%BF%5C%22%29%22&p=1,2026-07-31T23:15:26+00:00,200,62182,,raw/moh-kcb-dq-impl-04-p01.body,raw/moh-kcb-dq-impl-04-p01.headers,raw/moh-kcb-dq-impl-04-p01.error.txt,5565C75DB8263CBF7362C341E954F69968125E160C5249B3AD7CB3354D5A1049,C19997BB3AEC3333AB1E5968D7CEFEE5DD29E89BCEF3A639AE123A6BA61F0DB4,72,72,72,CONTINUE,Raw capture only; URL candidates are not verified search results and are not screened or counted for PRISMA.
MOH-KCB,kcb.vn,DQ-IMPL-04,implementation,"(\trí tuệ nhân tạo\"" OR AI) AND (\""theo dõi sau triển khai\"" OR hậu kiểm OR \""giám sát sau triển khai\"" OR \""đánh giá hiệu quả\"") AND (y tế OR bệnh viện OR \""Sở Y tế\"")""",2,https://kcb.vn/?site=2005611&page=search&keyword=%28%5Ctr%C3%AD%20tu%E1%BB%87%20nh%C3%A2n%20t%E1%BA%A1o%5C%22%20OR%20AI%29%20AND%20%28%5C%22theo%20d%C3%B5i%20sau%20tri%E1%BB%83n%20khai%5C%22%20OR%20h%E1%BA%ADu%20ki%E1%BB%83m%20OR%20%5C%22gi%C3%A1m%20s%C3%A1t%20sau%20tri%E1%BB%83n%20khai%5C%22%20OR%20%5C%22%C4%91%C3%A1nh%20gi%C3%A1%20hi%E1%BB%87u%20qu%E1%BA%A3%5C%22%29%20AND%20%28y%20t%E1%BA%BF%20OR%20b%E1%BB%87nh%20vi%E1%BB%87n%20OR%20%5C%22S%E1%BB%9F%20Y%20t%E1%BA%BF%5C%22%29%22&p=2,2026-07-31T23:15:28+00:00,200,62182,,raw/moh-kcb-dq-impl-04-p02.body,raw/moh-kcb-dq-impl-04-p02.headers,raw/moh-kcb-dq-impl-04-p02.error.txt,DD1D655965EAE5755EB39247A73C61E59B34026E4936BB676F9A80ED794D34EE,8C1972663208F63AFC57E3809C334E437CE0A2270AB9BECE39825F62497DB289,72,0,72,CONTINUE,Raw capture only; URL candidates are not verified search results and are not screened or counted for PRISMA.
MOH-KCB,kcb.vn,DQ-IMPL-04,implementation,"(\trí tuệ nhân tạo\"" OR AI) AND (\""theo dõi sau triển khai\"" OR hậu kiểm OR \""giám sát sau triển khai\"" OR \""đánh giá hiệu quả\"") AND (y tế OR bệnh viện OR \""Sở Y tế\"")""",3,https://kcb.vn/?site=2005611&page=search&keyword=%28%5Ctr%C3%AD%20tu%E1%BB%87%20nh%C3%A2n%20t%E1%BA%A1o%5C%22%20OR%20AI%29%20AND%20%28%5C%22theo%20d%C3%B5i%20sau%20tri%E1%BB%83n%20khai%5C%22%20OR%20h%E1%BA%ADu%20ki%E1%BB%83m%20OR%20%5C%22gi%C3%A1m%20s%C3%A1t%20sau%20tri%E1%BB%83n%20khai%5C%22%20OR%20%5C%22%C4%91%C3%A1nh%20gi%C3%A1%20hi%E1%BB%87u%20qu%E1%BA%A3%5C%22%29%20AND%20%28y%20t%E1%BA%BF%20OR%20b%E1%BB%87nh%20vi%E1%BB%87n%20OR%20%5C%22S%E1%BB%9F%20Y%20t%E1%BA%BF%5C%22%29%22&p=3,2026-07-31T23:15:31+00:00,200,62182,,raw/moh-kcb-dq-impl-04-p03.body,raw/moh-kcb-dq-impl-04-p03.headers,raw/moh-kcb-dq-impl-04-p03.error.txt,E0CF387F13A97646DFD88295C21A4B9BE6BCA0A351D7263DDBD6FDCC3C9C0E61,D7291630427F532F81AB9956240003CBC696624939765FF912CF64DC3D88052B,72,0,72,TWO_CONSECUTIVE_PAGES_WITH_NO_NEW_CANDIDATE_URL,Raw capture only; URL candidates are not verified search results and are not screened or counted for PRISMA.
MOH-KCB,kcb.vn,DQ-IMPL-05,implementation,"(\trí tuệ nhân tạo\"" OR AI) AND (\""báo cáo sự cố\"" OR \""quản lý chất lượng\"" OR kiểm toán OR thanh tra) AND (y tế OR bệnh viện OR \""Sở Y tế\"")""",1,https://kcb.vn/?site=2005611&page=search&keyword=%28%5Ctr%C3%AD%20tu%E1%BB%87%20nh%C3%A2n%20t%E1%BA%A1o%5C%22%20OR%20AI%29%20AND%20%28%5C%22b%C3%A1o%20c%C3%A1o%20s%E1%BB%B1%20c%E1%BB%91%5C%22%20OR%20%5C%22qu%E1%BA%A3n%20l%C3%BD%20ch%E1%BA%A5t%20l%C6%B0%E1%BB%A3ng%5C%22%20OR%20ki%E1%BB%83m%20to%C3%A1n%20OR%20thanh%20tra%29%20AND%20%28y%20t%E1%BA%BF%20OR%20b%E1%BB%87nh%20vi%E1%BB%87n%20OR%20%5C%22S%E1%BB%9F%20Y%20t%E1%BA%BF%5C%22%29%22&p=1,2026-07-31T23:15:33+00:00,200,61822,,raw/moh-kcb-dq-impl-05-p01.body,raw/moh-kcb-dq-impl-05-p01.headers,raw/moh-kcb-dq-impl-05-p01.error.txt,BB7C6CE3CE5CEECC5747B37561C196E576C4ACD043BBB83128180E23FADC99D4,B827C0CE93603A48EDBEECBB41DE1E1EB99E744CBA9EAA143DDBE17460CF690B,72,72,72,CONTINUE,Raw capture only; URL candidates are not verified search results and are not screened or counted for PRISMA.
MOH-KCB,kcb.vn,DQ-IMPL-05,implementation,"(\trí tuệ nhân tạo\"" OR AI) AND (\""báo cáo sự cố\"" OR \""quản lý chất lượng\"" OR kiểm toán OR thanh tra) AND (y tế OR bệnh viện OR \""Sở Y tế\"")""",2,https://kcb.vn/?site=2005611&page=search&keyword=%28%5Ctr%C3%AD%20tu%E1%BB%87%20nh%C3%A2n%20t%E1%BA%A1o%5C%22%20OR%20AI%29%20AND%20%28%5C%22b%C3%A1o%20c%C3%A1o%20s%E1%BB%B1%20c%E1%BB%91%5C%22%20OR%20%5C%22qu%E1%BA%A3n%20l%C3%BD%20ch%E1%BA%A5t%20l%C6%B0%E1%BB%A3ng%5C%22%20OR%20ki%E1%BB%83m%20to%C3%A1n%20OR%20thanh%20tra%29%20AND%20%28y%20t%E1%BA%BF%20OR%20b%E1%BB%87nh%20vi%E1%BB%87n%20OR%20%5C%22S%E1%BB%9F%20Y%20t%E1%BA%BF%5C%22%29%22&p=2,2026-07-31T23:15:36+00:00,200,61822,,raw/moh-kcb-dq-impl-05-p02.body,raw/moh-kcb-dq-impl-05-p02.headers,raw/moh-kcb-dq-impl-05-p02.error.txt,6F68E798C97E871FA2224812C981C8ED0EA034400749ED97E1AEFC51AB5C8CD8,D8C4A5F0DE08506B60006D273EE908722AD06E58192418B9CED35A7E465F5E47,72,0,72,CONTINUE,Raw capture only; URL candidates are not verified search results and are not screened or counted for PRISMA.
MOH-KCB,kcb.vn,DQ-IMPL-05,implementation,"(\trí tuệ nhân tạo\"" OR AI) AND (\""báo cáo sự cố\"" OR \""quản lý chất lượng\"" OR kiểm toán OR thanh tra) AND (y tế OR bệnh viện OR \""Sở Y tế\"")""",3,https://kcb.vn/?site=2005611&page=search&keyword=%28%5Ctr%C3%AD%20tu%E1%BB%87%20nh%C3%A2n%20t%E1%BA%A1o%5C%22%20OR%20AI%29%20AND%20%28%5C%22b%C3%A1o%20c%C3%A1o%20s%E1%BB%B1%20c%E1%BB%91%5C%22%20OR%20%5C%22qu%E1%BA%A3n%20l%C3%BD%20ch%E1%BA%A5t%20l%C6%B0%E1%BB%A3ng%5C%22%20OR%20ki%E1%BB%83m%20to%C3%A1n%20OR%20thanh%20tra%29%20AND%20%28y%20t%E1%BA%BF%20OR%20b%E1%BB%87nh%20vi%E1%BB%87n%20OR%20%5C%22S%E1%BB%9F%20Y%20t%E1%BA%BF%5C%22%29%22&p=3,2026-07-31T23:15:38+00:00,200,61822,,raw/moh-kcb-dq-impl-05-p03.body,raw/moh-kcb-dq-impl-05-p03.headers,raw/moh-kcb-dq-impl-05-p03.error.txt,C180B465D2E4EF19FDE724F7B9A4212233E8DBADB10AF5A1DCC0CBF01AF34792,0D56D0223F12D075A7EFE06C1C72811BE2FA3F90D6815380879D9E2533BC7C37,72,0,72,TWO_CONSECUTIVE_PAGES_WITH_NO_NEW_CANDIDATE_URL,Raw capture only; URL candidates are not verified search results and are not screened or counted for PRISMA.
MOH-KCB,kcb.vn,DQ-EVID-01,evidence,"(\đạo đức AI\"" OR \""quản trị AI\"") AND (kiểm toán OR thanh tra OR giám sát)""",1,https://kcb.vn/?site=2005611&page=search&keyword=%28%5C%C4%91%E1%BA%A1o%20%C4%91%E1%BB%A9c%20AI%5C%22%20OR%20%5C%22qu%E1%BA%A3n%20tr%E1%BB%8B%20AI%5C%22%29%20AND%20%28ki%E1%BB%83m%20to%C3%A1n%20OR%20thanh%20tra%20OR%20gi%C3%A1m%20s%C3%A1t%29%22&p=1,2026-07-31T23:15:41+00:00,200,60588,,raw/moh-kcb-dq-evid-01-p01.body,raw/moh-kcb-dq-evid-01-p01.headers,raw/moh-kcb-dq-evid-01-p01.error.txt,1A0EC46CED74290BFDA4C766D9378399155809F5BF800B61F81F9D02439AB3CB,AB90909C4110EA9132FE85A5327AF96C70A4B51DCE857E04EF6B9414D8D9EABF,72,72,72,CONTINUE,Raw capture only; URL candidates are not verified search results and are not screened or counted for PRISMA.
MOH-KCB,kcb.vn,DQ-EVID-01,evidence,"(\đạo đức AI\"" OR \""quản trị AI\"") AND (kiểm toán OR thanh tra OR giám sát)""",2,https://kcb.vn/?site=2005611&page=search&keyword=%28%5C%C4%91%E1%BA%A1o%20%C4%91%E1%BB%A9c%20AI%5C%22%20OR%20%5C%22qu%E1%BA%A3n%20tr%E1%BB%8B%20AI%5C%22%29%20AND%20%28ki%E1%BB%83m%20to%C3%A1n%20OR%20thanh%20tra%20OR%20gi%C3%A1m%20s%C3%A1t%29%22&p=2,2026-07-31T23:15:43+00:00,200,60588,,raw/moh-kcb-dq-evid-01-p02.body,raw/moh-kcb-dq-evid-01-p02.headers,raw/moh-kcb-dq-evid-01-p02.error.txt,D663D6B91B62E83DE561241872A64160C727A9F52EF7C4E5703A28DF796D2067,EFB5E256727FCA54C3DF09CD67DAE80DB928849AA1E5B90594DC7EC5C30BD008,72,0,72,CONTINUE,Raw capture only; URL candidates are not verified search results and are not screened or counted for PRISMA.
MOH-KCB,kcb.vn,DQ-EVID-01,evidence,"(\đạo đức AI\"" OR \""quản trị AI\"") AND (kiểm toán OR thanh tra OR giám sát)""",3,https://kcb.vn/?site=2005611&page=search&keyword=%28%5C%C4%91%E1%BA%A1o%20%C4%91%E1%BB%A9c%20AI%5C%22%20OR%20%5C%22qu%E1%BA%A3n%20tr%E1%BB%8B%20AI%5C%22%29%20AND%20%28ki%E1%BB%83m%20to%C3%A1n%20OR%20thanh%20tra%20OR%20gi%C3%A1m%20s%C3%A1t%29%22&p=3,2026-07-31T23:15:46+00:00,200,60588,,raw/moh-kcb-dq-evid-01-p03.body,raw/moh-kcb-dq-evid-01-p03.headers,raw/moh-kcb-dq-evid-01-p03.error.txt,095386FBBFF543349096E3680C265F999BD253F937765C05852133F907D9331E,DE78960278263AFDD222DDD9005083A89648A3D371B12E711C6826F93E7C9B6D,72,0,72,TWO_CONSECUTIVE_PAGES_WITH_NO_NEW_CANDIDATE_URL,Raw capture only; URL candidates are not verified search results and are not screened or counted for PRISMA.
MOH-KCB,kcb.vn,DQ-EVID-02,evidence,"(\AI\"" OR \""trí tuệ nhân tạo\"") AND (sự cố OR khiếu nại OR khắc phục) AND (y tế OR bệnh viện)""",1,https://kcb.vn/?site=2005611&page=search&keyword=%28%5CAI%5C%22%20OR%20%5C%22tr%C3%AD%20tu%E1%BB%87%20nh%C3%A2n%20t%E1%BA%A1o%5C%22%29%20AND%20%28s%E1%BB%B1%20c%E1%BB%91%20OR%20khi%E1%BA%BFu%20n%E1%BA%A1i%20OR%20kh%E1%BA%AFc%20ph%E1%BB%A5c%29%20AND%20%28y%20t%E1%BA%BF%20OR%20b%E1%BB%87nh%20vi%E1%BB%87n%29%22&p=1,2026-07-31T23:15:48+00:00,200,60940,,raw/moh-kcb-dq-evid-02-p01.body,raw/moh-kcb-dq-evid-02-p01.headers,raw/moh-kcb-dq-evid-02-p01.error.txt,09F8E776E0DC852F382A8EA12365C7E69502C1DD26ADE881E328A99A9206A75D,97802AE32127B85D32ACDD24DE97B3BBD7AA858C4E6765C6F02A20741614F119,72,72,72,CONTINUE,Raw capture only; URL candidates are not verified search results and are not screened or counted for PRISMA.
MOH-KCB,kcb.vn,DQ-EVID-02,evidence,"(\AI\"" OR \""trí tuệ nhân tạo\"") AND (sự cố OR khiếu nại OR khắc phục) AND (y tế OR bệnh viện)""",2,https://kcb.vn/?site=2005611&page=search&keyword=%28%5CAI%5C%22%20OR%20%5C%22tr%C3%AD%20tu%E1%BB%87%20nh%C3%A2n%20t%E1%BA%A1o%5C%22%29%20AND%20%28s%E1%BB%B1%20c%E1%BB%91%20OR%20khi%E1%BA%BFu%20n%E1%BA%A1i%20OR%20kh%E1%BA%AFc%20ph%E1%BB%A5c%29%20AND%20%28y%20t%E1%BA%BF%20OR%20b%E1%BB%87nh%20vi%E1%BB%87n%29%22&p=2,2026-07-31T23:15:51+00:00,200,60940,,raw/moh-kcb-dq-evid-02-p02.body,raw/moh-kcb-dq-evid-02-p02.headers,raw/moh-kcb-dq-evid-02-p02.error.txt,BD6D2580BF8F1990C6D88B239B7B2F2BCF251683C46ECAE67B076E4AE6E4A004,033EE4EA2124FD40248F158BC6B37E8EA7B5F8CD3359B8C7CCA6A4548DB866C7,72,0,72,CONTINUE,Raw capture only; URL candidates are not verified search results and are not screened or counted for PRISMA.
MOH-KCB,kcb.vn,DQ-EVID-02,evidence,"(\AI\"" OR \""trí tuệ nhân tạo\"") AND (sự cố OR khiếu nại OR khắc phục) AND (y tế OR bệnh viện)""",3,https://kcb.vn/?site=2005611&page=search&keyword=%28%5CAI%5C%22%20OR%20%5C%22tr%C3%AD%20tu%E1%BB%87%20nh%C3%A2n%20t%E1%BA%A1o%5C%22%29%20AND%20%28s%E1%BB%B1%20c%E1%BB%91%20OR%20khi%E1%BA%BFu%20n%E1%BA%A1i%20OR%20kh%E1%BA%AFc%20ph%E1%BB%A5c%29%20AND%20%28y%20t%E1%BA%BF%20OR%20b%E1%BB%87nh%20vi%E1%BB%87n%29%22&p=3,2026-07-31T23:15:53+00:00,200,60940,,raw/moh-kcb-dq-evid-02-p03.body,raw/moh-kcb-dq-evid-02-p03.headers,raw/moh-kcb-dq-evid-02-p03.error.txt,FF63DD023793E81E1329112753C6145C60CBD63EAA6210C486F9B8D97BE62BA4,8B1C5CF4F9E0EBBC3CCF2720EC3F0ED1133AD06ECE2120E1792AA216EE3A8C48,72,0,72,TWO_CONSECUTIVE_PAGES_WITH_NO_NEW_CANDIDATE_URL,Raw capture only; URL candidates are not verified search results and are not screened or counted for PRISMA.
MOH-KCB,kcb.vn,DQ-EVID-03,evidence,"(\AI\"" OR \""trí tuệ nhân tạo\"") AND (\""đánh giá tác động\"" OR kết quả) AND (y tế OR bệnh viện)""",1,https://kcb.vn/?site=2005611&page=search&keyword=%28%5CAI%5C%22%20OR%20%5C%22tr%C3%AD%20tu%E1%BB%87%20nh%C3%A2n%20t%E1%BA%A1o%5C%22%29%20AND%20%28%5C%22%C4%91%C3%A1nh%20gi%C3%A1%20t%C3%A1c%20%C4%91%E1%BB%99ng%5C%22%20OR%20k%E1%BA%BFt%20qu%E1%BA%A3%29%20AND%20%28y%20t%E1%BA%BF%20OR%20b%E1%BB%87nh%20vi%E1%BB%87n%29%22&p=1,2026-07-31T23:15:55+00:00,200,61061,,raw/moh-kcb-dq-evid-03-p01.body,raw/moh-kcb-dq-evid-03-p01.headers,raw/moh-kcb-dq-evid-03-p01.error.txt,8B791E35D11344962A7A42AAB67E6FAED8ED68A2E91BE17597D2C860C8C7C88A,014E7109559929BFE95BC9FBA670AEF597DCC20B0AE1536A76892FD4C29CAFF3,72,72,72,CONTINUE,Raw capture only; URL candidates are not verified search results and are not screened or counted for PRISMA.
MOH-KCB,kcb.vn,DQ-EVID-03,evidence,"(\AI\"" OR \""trí tuệ nhân tạo\"") AND (\""đánh giá tác động\"" OR kết quả) AND (y tế OR bệnh viện)""",2,https://kcb.vn/?site=2005611&page=search&keyword=%28%5CAI%5C%22%20OR%20%5C%22tr%C3%AD%20tu%E1%BB%87%20nh%C3%A2n%20t%E1%BA%A1o%5C%22%29%20AND%20%28%5C%22%C4%91%C3%A1nh%20gi%C3%A1%20t%C3%A1c%20%C4%91%E1%BB%99ng%5C%22%20OR%20k%E1%BA%BFt%20qu%E1%BA%A3%29%20AND%20%28y%20t%E1%BA%BF%20OR%20b%E1%BB%87nh%20vi%E1%BB%87n%29%22&p=2,2026-07-31T23:15:58+00:00,200,61061,,raw/moh-kcb-dq-evid-03-p02.body,raw/moh-kcb-dq-evid-03-p02.headers,raw/moh-kcb-dq-evid-03-p02.error.txt,44100DE1960BD70572F1126C618F820C118738DD1706061467D5B57BF5626903,2CE950910FBD996B2680F581B15FBBFA33132700517B2DA90FCA61DA0B7F1739,72,0,72,CONTINUE,Raw capture only; URL candidates are not verified search results and are not screened or counted for PRISMA.
MOH-KCB,kcb.vn,DQ-EVID-03,evidence,"(\AI\"" OR \""trí tuệ nhân tạo\"") AND (\""đánh giá tác động\"" OR kết quả) AND (y tế OR bệnh viện)""",3,https://kcb.vn/?site=2005611&page=search&keyword=%28%5CAI%5C%22%20OR%20%5C%22tr%C3%AD%20tu%E1%BB%87%20nh%C3%A2n%20t%E1%BA%A1o%5C%22%29%20AND%20%28%5C%22%C4%91%C3%A1nh%20gi%C3%A1%20t%C3%A1c%20%C4%91%E1%BB%99ng%5C%22%20OR%20k%E1%BA%BFt%20qu%E1%BA%A3%29%20AND%20%28y%20t%E1%BA%BF%20OR%20b%E1%BB%87nh%20vi%E1%BB%87n%29%22&p=3,2026-07-31T23:16:00+00:00,200,61061,,raw/moh-kcb-dq-evid-03-p03.body,raw/moh-kcb-dq-evid-03-p03.headers,raw/moh-kcb-dq-evid-03-p03.error.txt,F0BC4B39E9E0DE9C8A76D1791000F90FBC40EA7B64F1CB11EDF050DF99304650,8F5589FC55F680F7F5B970C1BA3EDE65740D3A397B032D540C6C75E9FDC57A37,72,0,72,TWO_CONSECUTIVE_PAGES_WITH_NO_NEW_CANDIDATE_URL,Raw capture only; URL candidates are not verified search results and are not screened or counted for PRISMA.
MOH-KCB,kcb.vn,DQ-EVID-04,evidence,"(\AI ethics\"" OR \""AI governance\"") AND (audit OR inspection OR monitoring OR incident OR complaint OR redress OR \""impact assessment\"" OR outcome OR result) AND (Vietnam OR \""Viet Nam\"") AND (health OR hospital)""",1,https://kcb.vn/?site=2005611&page=search&keyword=%28%5CAI%20ethics%5C%22%20OR%20%5C%22AI%20governance%5C%22%29%20AND%20%28audit%20OR%20inspection%20OR%20monitoring%20OR%20incident%20OR%20complaint%20OR%20redress%20OR%20%5C%22impact%20assessment%5C%22%20OR%20outcome%20OR%20result%29%20AND%20%28Vietnam%20OR%20%5C%22Viet%20Nam%5C%22%29%20AND%20%28health%20OR%20hospital%29%22&p=1,2026-07-31T23:16:03+00:00,200,61649,,raw/moh-kcb-dq-evid-04-p01.body,raw/moh-kcb-dq-evid-04-p01.headers,raw/moh-kcb-dq-evid-04-p01.error.txt,FA808A95980160438AB3838F7145A7DEA608A3294D1A182B6CAFB15AE7A4121E,425A57E1C14E9D19BFA2E0BFB7B470421DD043BD1AD8FD16F4B2C8A70C32DC59,72,72,72,CONTINUE,Raw capture only; URL candidates are not verified search results and are not screened or counted for PRISMA.
MOH-KCB,kcb.vn,DQ-EVID-04,evidence,"(\AI ethics\"" OR \""AI governance\"") AND (audit OR inspection OR monitoring OR incident OR complaint OR redress OR \""impact assessment\"" OR outcome OR result) AND (Vietnam OR \""Viet Nam\"") AND (health OR hospital)""",2,https://kcb.vn/?site=2005611&page=search&keyword=%28%5CAI%20ethics%5C%22%20OR%20%5C%22AI%20governance%5C%22%29%20AND%20%28audit%20OR%20inspection%20OR%20monitoring%20OR%20incident%20OR%20complaint%20OR%20redress%20OR%20%5C%22impact%20assessment%5C%22%20OR%20outcome%20OR%20result%29%20AND%20%28Vietnam%20OR%20%5C%22Viet%20Nam%5C%22%29%20AND%20%28health%20OR%20hospital%29%22&p=2,2026-07-31T23:16:05+00:00,200,61649,,raw/moh-kcb-dq-evid-04-p02.body,raw/moh-kcb-dq-evid-04-p02.headers,raw/moh-kcb-dq-evid-04-p02.error.txt,C88D4E99988A419464881FAA577593603F5E9E409702D4ABA14C0729362780B8,898F2F12FBCEB4D772F44298440B2EB19C731748793BE48FF6D464DCEEBBE504,72,0,72,CONTINUE,Raw capture only; URL candidates are not verified search results and are not screened or counted for PRISMA.
MOH-KCB,kcb.vn,DQ-EVID-04,evidence,"(\AI ethics\"" OR \""AI governance\"") AND (audit OR inspection OR monitoring OR incident OR complaint OR redress OR \""impact assessment\"" OR outcome OR result) AND (Vietnam OR \""Viet Nam\"") AND (health OR hospital)""",3,https://kcb.vn/?site=2005611&page=search&keyword=%28%5CAI%20ethics%5C%22%20OR%20%5C%22AI%20governance%5C%22%29%20AND%20%28audit%20OR%20inspection%20OR%20monitoring%20OR%20incident%20OR%20complaint%20OR%20redress%20OR%20%5C%22impact%20assessment%5C%22%20OR%20outcome%20OR%20result%29%20AND%20%28Vietnam%20OR%20%5C%22Viet%20Nam%5C%22%29%20AND%20%28health%20OR%20hospital%29%22&p=3,2026-07-31T23:16:08+00:00,200,61649,,raw/moh-kcb-dq-evid-04-p03.body,raw/moh-kcb-dq-evid-04-p03.headers,raw/moh-kcb-dq-evid-04-p03.error.txt,C6604E4C50E12DA5D69D8BCEF46CA37324FEE58941C06E8AD21605EECC187709,85F612890DBF28A5F3FCAC9A9DA1B1F87B230677173449B106430E4DF560A63A,72,0,72,TWO_CONSECUTIVE_PAGES_WITH_NO_NEW_CANDIDATE_URL,Raw capture only; URL candidates are not verified search results and are not screened or counted for PRISMA.
MOH-KCB,kcb.vn,DQ-EVID-05,evidence,"(\artificial intelligence\"" OR AI) AND (\""post-implementation monitoring\"" OR \""post-market surveillance\"" OR \""incident reporting\"" OR \""quality management\"" OR \""effectiveness evaluation\"" OR audit) AND (Vietnam OR \""Viet Nam\"") AND (health OR hospital OR \""provincial health department\"")""",1,https://kcb.vn/?site=2005611&page=search&keyword=%28%5Cartificial%20intelligence%5C%22%20OR%20AI%29%20AND%20%28%5C%22post-implementation%20monitoring%5C%22%20OR%20%5C%22post-market%20surveillance%5C%22%20OR%20%5C%22incident%20reporting%5C%22%20OR%20%5C%22quality%20management%5C%22%20OR%20%5C%22effectiveness%20evaluation%5C%22%20OR%20audit%29%20AND%20%28Vietnam%20OR%20%5C%22Viet%20Nam%5C%22%29%20AND%20%28health%20OR%20hospital%20OR%20%5C%22provincial%20health%20department%5C%22%29%22&p=1,2026-07-31T23:16:10+00:00,200,62699,,raw/moh-kcb-dq-evid-05-p01.body,raw/moh-kcb-dq-evid-05-p01.headers,raw/moh-kcb-dq-evid-05-p01.error.txt,AC8E1C19301050548B250D2687A059F3BBE6CB80154D708A21E128C253B99699,F5EC2F1BF7D3509EC8AD16440D6944F00BE0D549CC75223949E5D29F019EAC6F,72,72,72,CONTINUE,Raw capture only; URL candidates are not verified search results and are not screened or counted for PRISMA.
MOH-KCB,kcb.vn,DQ-EVID-05,evidence,"(\artificial intelligence\"" OR AI) AND (\""post-implementation monitoring\"" OR \""post-market surveillance\"" OR \""incident reporting\"" OR \""quality management\"" OR \""effectiveness evaluation\"" OR audit) AND (Vietnam OR \""Viet Nam\"") AND (health OR hospital OR \""provincial health department\"")""",2,https://kcb.vn/?site=2005611&page=search&keyword=%28%5Cartificial%20intelligence%5C%22%20OR%20AI%29%20AND%20%28%5C%22post-implementation%20monitoring%5C%22%20OR%20%5C%22post-market%20surveillance%5C%22%20OR%20%5C%22incident%20reporting%5C%22%20OR%20%5C%22quality%20management%5C%22%20OR%20%5C%22effectiveness%20evaluation%5C%22%20OR%20audit%29%20AND%20%28Vietnam%20OR%20%5C%22Viet%20Nam%5C%22%29%20AND%20%28health%20OR%20hospital%20OR%20%5C%22provincial%20health%20department%5C%22%29%22&p=2,2026-07-31T23:16:12+00:00,200,62699,,raw/moh-kcb-dq-evid-05-p02.body,raw/moh-kcb-dq-evid-05-p02.headers,raw/moh-kcb-dq-evid-05-p02.error.txt,9757343D1482209DF19CCA1BA4CC0002D052BC0A64EBAFFC99EA3F0847A0A18C,75895BF347BA04B5D8D9AA21837AEE04E67496429D5DC5A782807194DA3708AC,72,0,72,CONTINUE,Raw capture only; URL candidates are not verified search results and are not screened or counted for PRISMA.
MOH-KCB,kcb.vn,DQ-EVID-05,evidence,"(\artificial intelligence\"" OR AI) AND (\""post-implementation monitoring\"" OR \""post-market surveillance\"" OR \""incident reporting\"" OR \""quality management\"" OR \""effectiveness evaluation\"" OR audit) AND (Vietnam OR \""Viet Nam\"") AND (health OR hospital OR \""provincial health department\"")""",3,https://kcb.vn/?site=2005611&page=search&keyword=%28%5Cartificial%20intelligence%5C%22%20OR%20AI%29%20AND%20%28%5C%22post-implementation%20monitoring%5C%22%20OR%20%5C%22post-market%20surveillance%5C%22%20OR%20%5C%22incident%20reporting%5C%22%20OR%20%5C%22quality%20management%5C%22%20OR%20%5C%22effectiveness%20evaluation%5C%22%20OR%20audit%29%20AND%20%28Vietnam%20OR%20%5C%22Viet%20Nam%5C%22%29%20AND%20%28health%20OR%20hospital%20OR%20%5C%22provincial%20health%20department%5C%22%29%22&p=3,2026-07-31T23:16:15+00:00,200,62699,,raw/moh-kcb-dq-evid-05-p03.body,raw/moh-kcb-dq-evid-05-p03.headers,raw/moh-kcb-dq-evid-05-p03.error.txt,43064D9B86CBA97AF89FFBF3DC0BBD3E5ADB8D37857B4B4460D20DDFFF3C799F,E937E76537A2F52EFD81717489AF7659250F5E6214C42E4AA1E2D2BC63D62CD9,72,0,72,TWO_CONSECUTIVE_PAGES_WITH_NO_NEW_CANDIDATE_URL,Raw capture only; URL candidates are not verified search results and are not screened or counted for PRISMA.
MOH-HTTB,imda.moh.gov.vn,DQ-IMPL-01,implementation,"(\đạo đức AI\"" OR \""AI có trách nhiệm\"" OR \""quản trị AI\"") AND (kế hoạch OR triển khai OR áp dụng OR thí điểm)""",1,https://imda.moh.gov.vn/?s=%28%5C%C4%91%E1%BA%A1o%20%C4%91%E1%BB%A9c%20AI%5C%22%20OR%20%5C%22AI%20c%C3%B3%20tr%C3%A1ch%20nhi%E1%BB%87m%5C%22%20OR%20%5C%22qu%E1%BA%A3n%20tr%E1%BB%8B%20AI%5C%22%29%20AND%20%28k%E1%BA%BF%20ho%E1%BA%A1ch%20OR%20tri%E1%BB%83n%20khai%20OR%20%C3%A1p%20d%E1%BB%A5ng%20OR%20th%C3%AD%20%C4%91i%E1%BB%83m%29%22&paged=1,2026-07-31T23:16:17+00:00,200,143029,,raw/moh-httb-dq-impl-01-p01.body,raw/moh-httb-dq-impl-01-p01.headers,raw/moh-httb-dq-impl-01-p01.error.txt,34B803D2E936BD803DCCE4461001BDCC4F23B6BBCBD20F4E028F179556F2CF6C,3C465C8391617AE6AC2848E1F923C6CC8538B533984912056A344333AF1E9806,306,306,306,CONTINUE,Raw capture only; URL candidates are not verified search results and are not screened or counted for PRISMA.
MOH-HTTB,imda.moh.gov.vn,DQ-IMPL-01,implementation,"(\đạo đức AI\"" OR \""AI có trách nhiệm\"" OR \""quản trị AI\"") AND (kế hoạch OR triển khai OR áp dụng OR thí điểm)""",2,https://imda.moh.gov.vn/?s=%28%5C%C4%91%E1%BA%A1o%20%C4%91%E1%BB%A9c%20AI%5C%22%20OR%20%5C%22AI%20c%C3%B3%20tr%C3%A1ch%20nhi%E1%BB%87m%5C%22%20OR%20%5C%22qu%E1%BA%A3n%20tr%E1%BB%8B%20AI%5C%22%29%20AND%20%28k%E1%BA%BF%20ho%E1%BA%A1ch%20OR%20tri%E1%BB%83n%20khai%20OR%20%C3%A1p%20d%E1%BB%A5ng%20OR%20th%C3%AD%20%C4%91i%E1%BB%83m%29%22&paged=2,2026-07-31T23:16:21+00:00,200,143029,,raw/moh-httb-dq-impl-01-p02.body,raw/moh-httb-dq-impl-01-p02.headers,raw/moh-httb-dq-impl-01-p02.error.txt,4F17782C63F065318405300F5701DADE0A44FB3FF9542582CB96825425E17CFB,6E5D14870CFB1429ADB52682D6250AD14CF18A64F0169F82C24C9ED2A23A3AE7,306,1,307,CONTINUE,Raw capture only; URL candidates are not verified search results and are not screened or counted for PRISMA.
MOH-HTTB,imda.moh.gov.vn,DQ-IMPL-01,implementation,"(\đạo đức AI\"" OR \""AI có trách nhiệm\"" OR \""quản trị AI\"") AND (kế hoạch OR triển khai OR áp dụng OR thí điểm)""",3,https://imda.moh.gov.vn/?s=%28%5C%C4%91%E1%BA%A1o%20%C4%91%E1%BB%A9c%20AI%5C%22%20OR%20%5C%22AI%20c%C3%B3%20tr%C3%A1ch%20nhi%E1%BB%87m%5C%22%20OR%20%5C%22qu%E1%BA%A3n%20tr%E1%BB%8B%20AI%5C%22%29%20AND%20%28k%E1%BA%BF%20ho%E1%BA%A1ch%20OR%20tri%E1%BB%83n%20khai%20OR%20%C3%A1p%20d%E1%BB%A5ng%20OR%20th%C3%AD%20%C4%91i%E1%BB%83m%29%22&paged=3,2026-07-31T23:16:25+00:00,200,143029,,raw/moh-httb-dq-impl-01-p03.body,raw/moh-httb-dq-impl-01-p03.headers,raw/moh-httb-dq-impl-01-p03.error.txt,4B839A07C957DA4D6014E4F0A72DBD6A420AD86B05DE4C2DDABE129C70F5E552,454D1BBF054010FA147FF410FC7037CB50FE0B9B8885700E1DE5934389F7B91A,306,1,308,CONTINUE,Raw capture only; URL candidates are not verified search results and are not screened or counted for PRISMA.
MOH-HTTB,imda.moh.gov.vn,DQ-IMPL-01,implementation,"(\đạo đức AI\"" OR \""AI có trách nhiệm\"" OR \""quản trị AI\"") AND (kế hoạch OR triển khai OR áp dụng OR thí điểm)""",4,https://imda.moh.gov.vn/?s=%28%5C%C4%91%E1%BA%A1o%20%C4%91%E1%BB%A9c%20AI%5C%22%20OR%20%5C%22AI%20c%C3%B3%20tr%C3%A1ch%20nhi%E1%BB%87m%5C%22%20OR%20%5C%22qu%E1%BA%A3n%20tr%E1%BB%8B%20AI%5C%22%29%20AND%20%28k%E1%BA%BF%20ho%E1%BA%A1ch%20OR%20tri%E1%BB%83n%20khai%20OR%20%C3%A1p%20d%E1%BB%A5ng%20OR%20th%C3%AD%20%C4%91i%E1%BB%83m%29%22&paged=4,2026-07-31T23:16:29+00:00,200,143029,,raw/moh-httb-dq-impl-01-p04.body,raw/moh-httb-dq-impl-01-p04.headers,raw/moh-httb-dq-impl-01-p04.error.txt,7EE4D03A132D0AD6E230AB970046AE0551418A507564A13531BE5D62ADF4A4F3,B45BCDDDC199CF1197AAB1428AD33918040B8046D96E74DDA4541B7EF16BF361,306,1,309,CONTINUE,Raw capture only; URL candidates are not verified search results and are not screened or counted for PRISMA.
MOH-HTTB,imda.moh.gov.vn,DQ-IMPL-01,implementation,"(\đạo đức AI\"" OR \""AI có trách nhiệm\"" OR \""quản trị AI\"") AND (kế hoạch OR triển khai OR áp dụng OR thí điểm)""",5,https://imda.moh.gov.vn/?s=%28%5C%C4%91%E1%BA%A1o%20%C4%91%E1%BB%A9c%20AI%5C%22%20OR%20%5C%22AI%20c%C3%B3%20tr%C3%A1ch%20nhi%E1%BB%87m%5C%22%20OR%20%5C%22qu%E1%BA%A3n%20tr%E1%BB%8B%20AI%5C%22%29%20AND%20%28k%E1%BA%BF%20ho%E1%BA%A1ch%20OR%20tri%E1%BB%83n%20khai%20OR%20%C3%A1p%20d%E1%BB%A5ng%20OR%20th%C3%AD%20%C4%91i%E1%BB%83m%29%22&paged=5,2026-07-31T23:16:33+00:00,200,143029,,raw/moh-httb-dq-impl-01-p05.body,raw/moh-httb-dq-impl-01-p05.headers,raw/moh-httb-dq-impl-01-p05.error.txt,C8F1CE7B8D7552A4BF780290D6FF53D921FCCC0F04A2C02E61D2D402A2CC9162,275D56D9D59DC4700A180176777C1B8D82E7D18BDB78FD7486F6B4AAFA79C4DC,306,1,310,LOCKED_PAGE_CAP_REACHED,Raw capture only; URL candidates are not verified search results and are not screened or counted for PRISMA.
MOH-HTTB,imda.moh.gov.vn,DQ-IMPL-02," chữa bệnh\"")""","(\đạo đức AI\"" OR \""AI có trách nhiệm\"" OR \""quản trị AI\"") AND (\""Bộ Y tế\"" OR bệnh viện OR \""cơ sở khám bệnh",1,https://imda.moh.gov.vn/?s=%28%5C%C4%91%E1%BA%A1o%20%C4%91%E1%BB%A9c%20AI%5C%22%20OR%20%5C%22AI%20c%C3%B3%20tr%C3%A1ch%20nhi%E1%BB%87m%5C%22%20OR%20%5C%22qu%E1%BA%A3n%20tr%E1%BB%8B%20AI%5C%22%29%20AND%20%28%5C%22B%E1%BB%99%20Y%20t%E1%BA%BF%5C%22%20OR%20b%E1%BB%87nh%20vi%E1%BB%87n%20OR%20%5C%22c%C6%A1%20s%E1%BB%9F%20kh%C3%A1m%20b%E1%BB%87nh&paged=1,2026-07-31T23:16:37+00:00,200,143260,,raw/moh-httb-dq-impl-02-p01.body,raw/moh-httb-dq-impl-02-p01.headers,raw/moh-httb-dq-impl-02-p01.error.txt,9CEF8074B8938EB1EC7714B3CDE2BB4F0F6D14D830AB3467C9C977F52AE5C133,5DD8570A43D94FAC08BFC509D1EA20AF93E80D83967C7F994B45AFC09EEF2A68,306,306,306,CONTINUE,Raw capture only; URL candidates are not verified search results and are not screened or counted for PRISMA.
MOH-HTTB,imda.moh.gov.vn,DQ-IMPL-02," chữa bệnh\"")""","(\đạo đức AI\"" OR \""AI có trách nhiệm\"" OR \""quản trị AI\"") AND (\""Bộ Y tế\"" OR bệnh viện OR \""cơ sở khám bệnh",2,https://imda.moh.gov.vn/?s=%28%5C%C4%91%E1%BA%A1o%20%C4%91%E1%BB%A9c%20AI%5C%22%20OR%20%5C%22AI%20c%C3%B3%20tr%C3%A1ch%20nhi%E1%BB%87m%5C%22%20OR%20%5C%22qu%E1%BA%A3n%20tr%E1%BB%8B%20AI%5C%22%29%20AND%20%28%5C%22B%E1%BB%99%20Y%20t%E1%BA%BF%5C%22%20OR%20b%E1%BB%87nh%20vi%E1%BB%87n%20OR%20%5C%22c%C6%A1%20s%E1%BB%9F%20kh%C3%A1m%20b%E1%BB%87nh&paged=2,2026-07-31T23:16:41+00:00,200,143260,,raw/moh-httb-dq-impl-02-p02.body,raw/moh-httb-dq-impl-02-p02.headers,raw/moh-httb-dq-impl-02-p02.error.txt,0CA51EE8FE2011997B305A7333F48435CE33A61DE8FC5026E43440EC3648315D,1096A889571C2F30B68F0AC4DF1A4284C30EC6078E5A38CB240098FEB53C8E4C,306,1,307,CONTINUE,Raw capture only; URL candidates are not verified search results and are not screened or counted for PRISMA.
MOH-HTTB,imda.moh.gov.vn,DQ-IMPL-02," chữa bệnh\"")""","(\đạo đức AI\"" OR \""AI có trách nhiệm\"" OR \""quản trị AI\"") AND (\""Bộ Y tế\"" OR bệnh viện OR \""cơ sở khám bệnh",3,https://imda.moh.gov.vn/?s=%28%5C%C4%91%E1%BA%A1o%20%C4%91%E1%BB%A9c%20AI%5C%22%20OR%20%5C%22AI%20c%C3%B3%20tr%C3%A1ch%20nhi%E1%BB%87m%5C%22%20OR%20%5C%22qu%E1%BA%A3n%20tr%E1%BB%8B%20AI%5C%22%29%20AND%20%28%5C%22B%E1%BB%99%20Y%20t%E1%BA%BF%5C%22%20OR%20b%E1%BB%87nh%20vi%E1%BB%87n%20OR%20%5C%22c%C6%A1%20s%E1%BB%9F%20kh%C3%A1m%20b%E1%BB%87nh&paged=3,2026-07-31T23:16:45+00:00,200,143260,,raw/moh-httb-dq-impl-02-p03.body,raw/moh-httb-dq-impl-02-p03.headers,raw/moh-httb-dq-impl-02-p03.error.txt,8B197B84D978A1F73FAE30C0B1FF4B68C2CEC41AE3E2F45CA5B5BBD4297852BD,C866AD5EB19B01E0721DC864BC0DF6E60F33CFB783CB6F64BA290F604B9DAD83,306,1,308,CONTINUE,Raw capture only; URL candidates are not verified search results and are not screened or counted for PRISMA.
MOH-HTTB,imda.moh.gov.vn,DQ-IMPL-02," chữa bệnh\"")""","(\đạo đức AI\"" OR \""AI có trách nhiệm\"" OR \""quản trị AI\"") AND (\""Bộ Y tế\"" OR bệnh viện OR \""cơ sở khám bệnh",4,https://imda.moh.gov.vn/?s=%28%5C%C4%91%E1%BA%A1o%20%C4%91%E1%BB%A9c%20AI%5C%22%20OR%20%5C%22AI%20c%C3%B3%20tr%C3%A1ch%20nhi%E1%BB%87m%5C%22%20OR%20%5C%22qu%E1%BA%A3n%20tr%E1%BB%8B%20AI%5C%22%29%20AND%20%28%5C%22B%E1%BB%99%20Y%20t%E1%BA%BF%5C%22%20OR%20b%E1%BB%87nh%20vi%E1%BB%87n%20OR%20%5C%22c%C6%A1%20s%E1%BB%9F%20kh%C3%A1m%20b%E1%BB%87nh&paged=4,2026-07-31T23:16:48+00:00,200,143260,,raw/moh-httb-dq-impl-02-p04.body,raw/moh-httb-dq-impl-02-p04.headers,raw/moh-httb-dq-impl-02-p04.error.txt,4FFBD94653BBEDA5A12DCC2A8F43A9A919DC1036ECD01202967F7582F0419087,6C81D9F50C0C1BA02777524116C62322F4CFA9F63780AFD66B0E79E4A2208C27,306,1,309,CONTINUE,Raw capture only; URL candidates are not verified search results and are not screened or counted for PRISMA.
MOH-HTTB,imda.moh.gov.vn,DQ-IMPL-02," chữa bệnh\"")""","(\đạo đức AI\"" OR \""AI có trách nhiệm\"" OR \""quản trị AI\"") AND (\""Bộ Y tế\"" OR bệnh viện OR \""cơ sở khám bệnh",5,https://imda.moh.gov.vn/?s=%28%5C%C4%91%E1%BA%A1o%20%C4%91%E1%BB%A9c%20AI%5C%22%20OR%20%5C%22AI%20c%C3%B3%20tr%C3%A1ch%20nhi%E1%BB%87m%5C%22%20OR%20%5C%22qu%E1%BA%A3n%20tr%E1%BB%8B%20AI%5C%22%29%20AND%20%28%5C%22B%E1%BB%99%20Y%20t%E1%BA%BF%5C%22%20OR%20b%E1%BB%87nh%20vi%E1%BB%87n%20OR%20%5C%22c%C6%A1%20s%E1%BB%9F%20kh%C3%A1m%20b%E1%BB%87nh&paged=5,2026-07-31T23:16:53+00:00,200,143260,,raw/moh-httb-dq-impl-02-p05.body,raw/moh-httb-dq-impl-02-p05.headers,raw/moh-httb-dq-impl-02-p05.error.txt,F79D9FFAD68B8B43AFB1EE6621FC5C837C894F061AC466B559C1829AF604ED6F,516BEA9C71C4E8C69DD22E5308F9900272A30F7547CBE72341DB5A68E51A5686,306,1,310,LOCKED_PAGE_CAP_REACHED,Raw capture only; URL candidates are not verified search results and are not screened or counted for PRISMA.
MOH-HTTB,imda.moh.gov.vn,DQ-IMPL-03,implementation,"(\responsible AI\"" OR \""AI governance\"" OR \""AI ethics\"") AND (implementation OR adoption OR uptake OR plan OR pilot) AND (Vietnam OR \""Viet Nam\"") AND (health OR hospital OR clinical)""",1,https://imda.moh.gov.vn/?s=%28%5Cresponsible%20AI%5C%22%20OR%20%5C%22AI%20governance%5C%22%20OR%20%5C%22AI%20ethics%5C%22%29%20AND%20%28implementation%20OR%20adoption%20OR%20uptake%20OR%20plan%20OR%20pilot%29%20AND%20%28Vietnam%20OR%20%5C%22Viet%20Nam%5C%22%29%20AND%20%28health%20OR%20hospital%20OR%20clinical%29%22&paged=1,2026-07-31T23:16:56+00:00,200,141955,,raw/moh-httb-dq-impl-03-p01.body,raw/moh-httb-dq-impl-03-p01.headers,raw/moh-httb-dq-impl-03-p01.error.txt,CA810E8C031D02CA1BC3971EC8EA128576A3C04BB8AA2EB9CAADAF9C8502D627,91F1937D880000F54D8ED9ACC24D1389ECD64109D05FE1847DF8415CCB0CA8B5,306,306,306,CONTINUE,Raw capture only; URL candidates are not verified search results and are not screened or counted for PRISMA.
MOH-HTTB,imda.moh.gov.vn,DQ-IMPL-03,implementation,"(\responsible AI\"" OR \""AI governance\"" OR \""AI ethics\"") AND (implementation OR adoption OR uptake OR plan OR pilot) AND (Vietnam OR \""Viet Nam\"") AND (health OR hospital OR clinical)""",2,https://imda.moh.gov.vn/?s=%28%5Cresponsible%20AI%5C%22%20OR%20%5C%22AI%20governance%5C%22%20OR%20%5C%22AI%20ethics%5C%22%29%20AND%20%28implementation%20OR%20adoption%20OR%20uptake%20OR%20plan%20OR%20pilot%29%20AND%20%28Vietnam%20OR%20%5C%22Viet%20Nam%5C%22%29%20AND%20%28health%20OR%20hospital%20OR%20clinical%29%22&paged=2,2026-07-31T23:17:00+00:00,200,141955,,raw/moh-httb-dq-impl-03-p02.body,raw/moh-httb-dq-impl-03-p02.headers,raw/moh-httb-dq-impl-03-p02.error.txt,1E4FF2947A2A4ED7B9672E444DB76928ABF6D766F4D5AD05B98A85507A682EF1,B5415F0D035282404A66217FD478C8D9E12320CB50811CD5158817CCC1827339,306,1,307,CONTINUE,Raw capture only; URL candidates are not verified search results and are not screened or counted for PRISMA.
MOH-HTTB,imda.moh.gov.vn,DQ-IMPL-03,implementation,"(\responsible AI\"" OR \""AI governance\"" OR \""AI ethics\"") AND (implementation OR adoption OR uptake OR plan OR pilot) AND (Vietnam OR \""Viet Nam\"") AND (health OR hospital OR clinical)""",3,https://imda.moh.gov.vn/?s=%28%5Cresponsible%20AI%5C%22%20OR%20%5C%22AI%20governance%5C%22%20OR%20%5C%22AI%20ethics%5C%22%29%20AND%20%28implementation%20OR%20adoption%20OR%20uptake%20OR%20plan%20OR%20pilot%29%20AND%20%28Vietnam%20OR%20%5C%22Viet%20Nam%5C%22%29%20AND%20%28health%20OR%20hospital%20OR%20clinical%29%22&paged=3,2026-07-31T23:17:04+00:00,200,141955,,raw/moh-httb-dq-impl-03-p03.body,raw/moh-httb-dq-impl-03-p03.headers,raw/moh-httb-dq-impl-03-p03.error.txt,FA7ADFA8EC323D1B02EB552B3DAD386120FEE716B1CD4DAB0985A800032490D5,A58BF4277773B0B953C56FF90C15F66BD90E7646E6595A3F2AAA3AF7FFBC755C,306,1,308,CONTINUE,Raw capture only; URL candidates are not verified search results and are not screened or counted for PRISMA.
MOH-HTTB,imda.moh.gov.vn,DQ-IMPL-03,implementation,"(\responsible AI\"" OR \""AI governance\"" OR \""AI ethics\"") AND (implementation OR adoption OR uptake OR plan OR pilot) AND (Vietnam OR \""Viet Nam\"") AND (health OR hospital OR clinical)""",4,https://imda.moh.gov.vn/?s=%28%5Cresponsible%20AI%5C%22%20OR%20%5C%22AI%20governance%5C%22%20OR%20%5C%22AI%20ethics%5C%22%29%20AND%20%28implementation%20OR%20adoption%20OR%20uptake%20OR%20plan%20OR%20pilot%29%20AND%20%28Vietnam%20OR%20%5C%22Viet%20Nam%5C%22%29%20AND%20%28health%20OR%20hospital%20OR%20clinical%29%22&paged=4,2026-07-31T23:17:08+00:00,200,141955,,raw/moh-httb-dq-impl-03-p04.body,raw/moh-httb-dq-impl-03-p04.headers,raw/moh-httb-dq-impl-03-p04.error.txt,E6A1B94B96CCD6E7A879F19E5BA8AC81253965248ECF21F2EA855BA8A484436A,23FB5E2A4DB0033A8F84B5BE0A83E16F50B2E68809BB9F00A91FD46257B25D77,306,1,309,CONTINUE,Raw capture only; URL candidates are not verified search results and are not screened or counted for PRISMA.
MOH-HTTB,imda.moh.gov.vn,DQ-IMPL-03,implementation,"(\responsible AI\"" OR \""AI governance\"" OR \""AI ethics\"") AND (implementation OR adoption OR uptake OR plan OR pilot) AND (Vietnam OR \""Viet Nam\"") AND (health OR hospital OR clinical)""",5,https://imda.moh.gov.vn/?s=%28%5Cresponsible%20AI%5C%22%20OR%20%5C%22AI%20governance%5C%22%20OR%20%5C%22AI%20ethics%5C%22%29%20AND%20%28implementation%20OR%20adoption%20OR%20uptake%20OR%20plan%20OR%20pilot%29%20AND%20%28Vietnam%20OR%20%5C%22Viet%20Nam%5C%22%29%20AND%20%28health%20OR%20hospital%20OR%20clinical%29%22&paged=5,2026-07-31T23:17:12+00:00,200,141955,,raw/moh-httb-dq-impl-03-p05.body,raw/moh-httb-dq-impl-03-p05.headers,raw/moh-httb-dq-impl-03-p05.error.txt,F5DE81139921A46CF3451476DA42623E3810EA2CF92C77081E9BA7865FD2D194,FE6E511C844C3FDC687B7F9A382FB3E1F9251F33994FC8566E9FBA7970D1C411,306,1,310,LOCKED_PAGE_CAP_REACHED,Raw capture only; URL candidates are not verified search results and are not screened or counted for PRISMA.
MOH-HTTB,imda.moh.gov.vn,DQ-TOOL-01,implementation_tool,"(\đánh giá tuân thủ\"" OR \""tự đánh giá\"") AND (\""đạo đức AI\"" OR \""AI có trách nhiệm\"")""",1,https://imda.moh.gov.vn/?s=%28%5C%C4%91%C3%A1nh%20gi%C3%A1%20tu%C3%A2n%20th%E1%BB%A7%5C%22%20OR%20%5C%22t%E1%BB%B1%20%C4%91%C3%A1nh%20gi%C3%A1%5C%22%29%20AND%20%28%5C%22%C4%91%E1%BA%A1o%20%C4%91%E1%BB%A9c%20AI%5C%22%20OR%20%5C%22AI%20c%C3%B3%20tr%C3%A1ch%20nhi%E1%BB%87m%5C%22%29%22&paged=1,2026-07-31T23:17:15+00:00,200,142279,,raw/moh-httb-dq-tool-01-p01.body,raw/moh-httb-dq-tool-01-p01.headers,raw/moh-httb-dq-tool-01-p01.error.txt,4FB8D7B3EDB7352D1F2821226DAF8A00A87E1D92DE9F7E70050E6519F88369C7,1FA0053BF9A1A1BA18CA4D3777E48AECA872A788463084E4F156BD66B3C5EA86,306,306,306,CONTINUE,Raw capture only; URL candidates are not verified search results and are not screened or counted for PRISMA.
MOH-HTTB,imda.moh.gov.vn,DQ-TOOL-01,implementation_tool,"(\đánh giá tuân thủ\"" OR \""tự đánh giá\"") AND (\""đạo đức AI\"" OR \""AI có trách nhiệm\"")""",2,https://imda.moh.gov.vn/?s=%28%5C%C4%91%C3%A1nh%20gi%C3%A1%20tu%C3%A2n%20th%E1%BB%A7%5C%22%20OR%20%5C%22t%E1%BB%B1%20%C4%91%C3%A1nh%20gi%C3%A1%5C%22%29%20AND%20%28%5C%22%C4%91%E1%BA%A1o%20%C4%91%E1%BB%A9c%20AI%5C%22%20OR%20%5C%22AI%20c%C3%B3%20tr%C3%A1ch%20nhi%E1%BB%87m%5C%22%29%22&paged=2,2026-07-31T23:17:20+00:00,200,142279,,raw/moh-httb-dq-tool-01-p02.body,raw/moh-httb-dq-tool-01-p02.headers,raw/moh-httb-dq-tool-01-p02.error.txt,40EEBD8B8E457EEF69771FB11DC7A5FEAD4AAC18E2F885CBF56888BEF035B11D,1F086C73467E72E424E2F11782C38CE2C549B14C7F5ED818A29038CCCA3F320A,306,1,307,CONTINUE,Raw capture only; URL candidates are not verified search results and are not screened or counted for PRISMA.
MOH-HTTB,imda.moh.gov.vn,DQ-TOOL-01,implementation_tool,"(\đánh giá tuân thủ\"" OR \""tự đánh giá\"") AND (\""đạo đức AI\"" OR \""AI có trách nhiệm\"")""",3,https://imda.moh.gov.vn/?s=%28%5C%C4%91%C3%A1nh%20gi%C3%A1%20tu%C3%A2n%20th%E1%BB%A7%5C%22%20OR%20%5C%22t%E1%BB%B1%20%C4%91%C3%A1nh%20gi%C3%A1%5C%22%29%20AND%20%28%5C%22%C4%91%E1%BA%A1o%20%C4%91%E1%BB%A9c%20AI%5C%22%20OR%20%5C%22AI%20c%C3%B3%20tr%C3%A1ch%20nhi%E1%BB%87m%5C%22%29%22&paged=3,2026-07-31T23:17:23+00:00,200,142279,,raw/moh-httb-dq-tool-01-p03.body,raw/moh-httb-dq-tool-01-p03.headers,raw/moh-httb-dq-tool-01-p03.error.txt,D080A9C0183041FD0923ABB3CBF81935FB626C2523AC47CFA374F316D69924E4,941A74750AECE89C32336C7984000F72961A63FC095064795EB01A9EDD318661,306,1,308,CONTINUE,Raw capture only; URL candidates are not verified search results and are not screened or counted for PRISMA.
MOH-HTTB,imda.moh.gov.vn,DQ-TOOL-01,implementation_tool,"(\đánh giá tuân thủ\"" OR \""tự đánh giá\"") AND (\""đạo đức AI\"" OR \""AI có trách nhiệm\"")""",4,https://imda.moh.gov.vn/?s=%28%5C%C4%91%C3%A1nh%20gi%C3%A1%20tu%C3%A2n%20th%E1%BB%A7%5C%22%20OR%20%5C%22t%E1%BB%B1%20%C4%91%C3%A1nh%20gi%C3%A1%5C%22%29%20AND%20%28%5C%22%C4%91%E1%BA%A1o%20%C4%91%E1%BB%A9c%20AI%5C%22%20OR%20%5C%22AI%20c%C3%B3%20tr%C3%A1ch%20nhi%E1%BB%87m%5C%22%29%22&paged=4,2026-07-31T23:17:27+00:00,200,142279,,raw/moh-httb-dq-tool-01-p04.body,raw/moh-httb-dq-tool-01-p04.headers,raw/moh-httb-dq-tool-01-p04.error.txt,18FF58DEE02EC16BACFE3D0B9092D3CBF48677FD17213802BE23B54874E716FD,4D2438BF564DC45DFFC205F7DB207066A763F95E158C5B61FF22F94204855F2D,306,1,309,CONTINUE,Raw capture only; URL candidates are not verified search results and are not screened or counted for PRISMA.
MOH-HTTB,imda.moh.gov.vn,DQ-TOOL-01,implementation_tool,"(\đánh giá tuân thủ\"" OR \""tự đánh giá\"") AND (\""đạo đức AI\"" OR \""AI có trách nhiệm\"")""",5,https://imda.moh.gov.vn/?s=%28%5C%C4%91%C3%A1nh%20gi%C3%A1%20tu%C3%A2n%20th%E1%BB%A7%5C%22%20OR%20%5C%22t%E1%BB%B1%20%C4%91%C3%A1nh%20gi%C3%A1%5C%22%29%20AND%20%28%5C%22%C4%91%E1%BA%A1o%20%C4%91%E1%BB%A9c%20AI%5C%22%20OR%20%5C%22AI%20c%C3%B3%20tr%C3%A1ch%20nhi%E1%BB%87m%5C%22%29%22&paged=5,2026-07-31T23:17:31+00:00,200,142279,,raw/moh-httb-dq-tool-01-p05.body,raw/moh-httb-dq-tool-01-p05.headers,raw/moh-httb-dq-tool-01-p05.error.txt,799A2EDC753E47332BC74CBF849E8935728E5EDE7633E7EDB1AB2EAC216B3F86,09C5BB58C953AEFC1D1163419D02E4E7DEA17E7E08FE0320FC24AE66B6B3E6AE,306,1,310,LOCKED_PAGE_CAP_REACHED,Raw capture only; URL candidates are not verified search results and are not screened or counted for PRISMA.
MOH-HTTB,imda.moh.gov.vn,DQ-TOOL-02,implementation_tool,"(nền tảng OR công cụ) AND (\đánh giá tuân thủ\"" OR \""đánh giá tác động\"") AND (\""AI\"" OR \""trí tuệ nhân tạo\"")""",1,https://imda.moh.gov.vn/?s=%28n%E1%BB%81n%20t%E1%BA%A3ng%20OR%20c%C3%B4ng%20c%E1%BB%A5%29%20AND%20%28%5C%C4%91%C3%A1nh%20gi%C3%A1%20tu%C3%A2n%20th%E1%BB%A7%5C%22%20OR%20%5C%22%C4%91%C3%A1nh%20gi%C3%A1%20t%C3%A1c%20%C4%91%E1%BB%99ng%5C%22%29%20AND%20%28%5C%22AI%5C%22%20OR%20%5C%22tr%C3%AD%20tu%E1%BB%87%20nh%C3%A2n%20t%E1%BA%A1o%5C%22%29%22&paged=1,2026-07-31T23:17:35+00:00,200,143251,,raw/moh-httb-dq-tool-02-p01.body,raw/moh-httb-dq-tool-02-p01.headers,raw/moh-httb-dq-tool-02-p01.error.txt,83134F876FFF885C05C39319BEA0623955F671F5915DFC497C26701A54BE5A6D,93917D00D75515707FA3C29D3D86D76A70A75A4671D6771A376C8F9FA279B0F5,306,306,306,CONTINUE,Raw capture only; URL candidates are not verified search results and are not screened or counted for PRISMA.
MOH-HTTB,imda.moh.gov.vn,DQ-TOOL-02,implementation_tool,"(nền tảng OR công cụ) AND (\đánh giá tuân thủ\"" OR \""đánh giá tác động\"") AND (\""AI\"" OR \""trí tuệ nhân tạo\"")""",2,https://imda.moh.gov.vn/?s=%28n%E1%BB%81n%20t%E1%BA%A3ng%20OR%20c%C3%B4ng%20c%E1%BB%A5%29%20AND%20%28%5C%C4%91%C3%A1nh%20gi%C3%A1%20tu%C3%A2n%20th%E1%BB%A7%5C%22%20OR%20%5C%22%C4%91%C3%A1nh%20gi%C3%A1%20t%C3%A1c%20%C4%91%E1%BB%99ng%5C%22%29%20AND%20%28%5C%22AI%5C%22%20OR%20%5C%22tr%C3%AD%20tu%E1%BB%87%20nh%C3%A2n%20t%E1%BA%A1o%5C%22%29%22&paged=2,2026-07-31T23:17:39+00:00,200,143251,,raw/moh-httb-dq-tool-02-p02.body,raw/moh-httb-dq-tool-02-p02.headers,raw/moh-httb-dq-tool-02-p02.error.txt,89CD331F535BB40A2171A1D6C7467D1A8CD81C7C78C20B5A38B4F2555C2975BC,ADFC02DF39F45DADFE8A5FD7309181C1F13ADB8E0C5B5D273FCAFD713F442294,306,1,307,CONTINUE,Raw capture only; URL candidates are not verified search results and are not screened or counted for PRISMA.
MOH-HTTB,imda.moh.gov.vn,DQ-TOOL-02,implementation_tool,"(nền tảng OR công cụ) AND (\đánh giá tuân thủ\"" OR \""đánh giá tác động\"") AND (\""AI\"" OR \""trí tuệ nhân tạo\"")""",3,https://imda.moh.gov.vn/?s=%28n%E1%BB%81n%20t%E1%BA%A3ng%20OR%20c%C3%B4ng%20c%E1%BB%A5%29%20AND%20%28%5C%C4%91%C3%A1nh%20gi%C3%A1%20tu%C3%A2n%20th%E1%BB%A7%5C%22%20OR%20%5C%22%C4%91%C3%A1nh%20gi%C3%A1%20t%C3%A1c%20%C4%91%E1%BB%99ng%5C%22%29%20AND%20%28%5C%22AI%5C%22%20OR%20%5C%22tr%C3%AD%20tu%E1%BB%87%20nh%C3%A2n%20t%E1%BA%A1o%5C%22%29%22&paged=3,2026-07-31T23:17:43+00:00,200,143251,,raw/moh-httb-dq-tool-02-p03.body,raw/moh-httb-dq-tool-02-p03.headers,raw/moh-httb-dq-tool-02-p03.error.txt,57593EF7DB9A5BA6A18EA8D9EE410A93B690525BF76545FEB2B8CBB31B60874E,FB9B217D85A57452850CD0261A5B4740E6001190F63E5A15CAFB1C070A9C7CF1,306,1,308,CONTINUE,Raw capture only; URL candidates are not verified search results and are not screened or counted for PRISMA.
MOH-HTTB,imda.moh.gov.vn,DQ-TOOL-02,implementation_tool,"(nền tảng OR công cụ) AND (\đánh giá tuân thủ\"" OR \""đánh giá tác động\"") AND (\""AI\"" OR \""trí tuệ nhân tạo\"")""",4,https://imda.moh.gov.vn/?s=%28n%E1%BB%81n%20t%E1%BA%A3ng%20OR%20c%C3%B4ng%20c%E1%BB%A5%29%20AND%20%28%5C%C4%91%C3%A1nh%20gi%C3%A1%20tu%C3%A2n%20th%E1%BB%A7%5C%22%20OR%20%5C%22%C4%91%C3%A1nh%20gi%C3%A1%20t%C3%A1c%20%C4%91%E1%BB%99ng%5C%22%29%20AND%20%28%5C%22AI%5C%22%20OR%20%5C%22tr%C3%AD%20tu%E1%BB%87%20nh%C3%A2n%20t%E1%BA%A1o%5C%22%29%22&paged=4,2026-07-31T23:17:47+00:00,200,143251,,raw/moh-httb-dq-tool-02-p04.body,raw/moh-httb-dq-tool-02-p04.headers,raw/moh-httb-dq-tool-02-p04.error.txt,D71E6C31F3C30F1198946F26DFC21A154D6E7062D9AD8EEE17A4DB64BB17B9A2,23FF0E0CCF5A253194EAF4FFDFAFE28B56F20C06F3EDD746361F9B0071B8696E,306,1,309,CONTINUE,Raw capture only; URL candidates are not verified search results and are not screened or counted for PRISMA.
MOH-HTTB,imda.moh.gov.vn,DQ-TOOL-02,implementation_tool,"(nền tảng OR công cụ) AND (\đánh giá tuân thủ\"" OR \""đánh giá tác động\"") AND (\""AI\"" OR \""trí tuệ nhân tạo\"")""",5,https://imda.moh.gov.vn/?s=%28n%E1%BB%81n%20t%E1%BA%A3ng%20OR%20c%C3%B4ng%20c%E1%BB%A5%29%20AND%20%28%5C%C4%91%C3%A1nh%20gi%C3%A1%20tu%C3%A2n%20th%E1%BB%A7%5C%22%20OR%20%5C%22%C4%91%C3%A1nh%20gi%C3%A1%20t%C3%A1c%20%C4%91%E1%BB%99ng%5C%22%29%20AND%20%28%5C%22AI%5C%22%20OR%20%5C%22tr%C3%AD%20tu%E1%BB%87%20nh%C3%A2n%20t%E1%BA%A1o%5C%22%29%22&paged=5,2026-07-31T23:17:51+00:00,200,143251,,raw/moh-httb-dq-tool-02-p05.body,raw/moh-httb-dq-tool-02-p05.headers,raw/moh-httb-dq-tool-02-p05.error.txt,0993892EA4DC1AE639524508E1E19AE13EA66D061090968190980C8DB930FD7D,D579CA5A4F6600D9E6CBB97E29249DE6A0C2D459F059C3000CB8D77008D8A8B3,306,1,310,LOCKED_PAGE_CAP_REACHED,Raw capture only; URL candidates are not verified search results and are not screened or counted for PRISMA.
MOH-HTTB,imda.moh.gov.vn,DQ-IMPL-04,implementation,"(\trí tuệ nhân tạo\"" OR AI) AND (\""theo dõi sau triển khai\"" OR hậu kiểm OR \""giám sát sau triển khai\"" OR \""đánh giá hiệu quả\"") AND (y tế OR bệnh viện OR \""Sở Y tế\"")""",1,https://imda.moh.gov.vn/?s=%28%5Ctr%C3%AD%20tu%E1%BB%87%20nh%C3%A2n%20t%E1%BA%A1o%5C%22%20OR%20AI%29%20AND%20%28%5C%22theo%20d%C3%B5i%20sau%20tri%E1%BB%83n%20khai%5C%22%20OR%20h%E1%BA%ADu%20ki%E1%BB%83m%20OR%20%5C%22gi%C3%A1m%20s%C3%A1t%20sau%20tri%E1%BB%83n%20khai%5C%22%20OR%20%5C%22%C4%91%C3%A1nh%20gi%C3%A1%20hi%E1%BB%87u%20qu%E1%BA%A3%5C%22%29%20AND%20%28y%20t%E1%BA%BF%20OR%20b%E1%BB%87nh%20vi%E1%BB%87n%20OR%20%5C%22S%E1%BB%9F%20Y%20t%E1%BA%BF%5C%22%29%22&paged=1,2026-07-31T23:17:54+00:00,200,145189,,raw/moh-httb-dq-impl-04-p01.body,raw/moh-httb-dq-impl-04-p01.headers,raw/moh-httb-dq-impl-04-p01.error.txt,B001C4CF55968AD3C53E8E268BFBAE9EA3ACC4D840CC62AE71D999434AFD78D1,2EC61014243E04D622128711343214CF9BEADAF356F6A01D0BC0D9F9DC18991C,306,306,306,CONTINUE,Raw capture only; URL candidates are not verified search results and are not screened or counted for PRISMA.
MOH-HTTB,imda.moh.gov.vn,DQ-IMPL-04,implementation,"(\trí tuệ nhân tạo\"" OR AI) AND (\""theo dõi sau triển khai\"" OR hậu kiểm OR \""giám sát sau triển khai\"" OR \""đánh giá hiệu quả\"") AND (y tế OR bệnh viện OR \""Sở Y tế\"")""",2,https://imda.moh.gov.vn/?s=%28%5Ctr%C3%AD%20tu%E1%BB%87%20nh%C3%A2n%20t%E1%BA%A1o%5C%22%20OR%20AI%29%20AND%20%28%5C%22theo%20d%C3%B5i%20sau%20tri%E1%BB%83n%20khai%5C%22%20OR%20h%E1%BA%ADu%20ki%E1%BB%83m%20OR%20%5C%22gi%C3%A1m%20s%C3%A1t%20sau%20tri%E1%BB%83n%20khai%5C%22%20OR%20%5C%22%C4%91%C3%A1nh%20gi%C3%A1%20hi%E1%BB%87u%20qu%E1%BA%A3%5C%22%29%20AND%20%28y%20t%E1%BA%BF%20OR%20b%E1%BB%87nh%20vi%E1%BB%87n%20OR%20%5C%22S%E1%BB%9F%20Y%20t%E1%BA%BF%5C%22%29%22&paged=2,2026-07-31T23:17:58+00:00,200,145189,,raw/moh-httb-dq-impl-04-p02.body,raw/moh-httb-dq-impl-04-p02.headers,raw/moh-httb-dq-impl-04-p02.error.txt,01AEC491467078521DC43C4DAFD642178A2799ADCEFBCDD5B83C6E2BE804DC60,E24888CA92C484223C70F9AFED9C4EC46646C1FC3B868BDEB9B6D7A6DBB88901,306,1,307,CONTINUE,Raw capture only; URL candidates are not verified search results and are not screened or counted for PRISMA.
MOH-HTTB,imda.moh.gov.vn,DQ-IMPL-04,implementation,"(\trí tuệ nhân tạo\"" OR AI) AND (\""theo dõi sau triển khai\"" OR hậu kiểm OR \""giám sát sau triển khai\"" OR \""đánh giá hiệu quả\"") AND (y tế OR bệnh viện OR \""Sở Y tế\"")""",3,https://imda.moh.gov.vn/?s=%28%5Ctr%C3%AD%20tu%E1%BB%87%20nh%C3%A2n%20t%E1%BA%A1o%5C%22%20OR%20AI%29%20AND%20%28%5C%22theo%20d%C3%B5i%20sau%20tri%E1%BB%83n%20khai%5C%22%20OR%20h%E1%BA%ADu%20ki%E1%BB%83m%20OR%20%5C%22gi%C3%A1m%20s%C3%A1t%20sau%20tri%E1%BB%83n%20khai%5C%22%20OR%20%5C%22%C4%91%C3%A1nh%20gi%C3%A1%20hi%E1%BB%87u%20qu%E1%BA%A3%5C%22%29%20AND%20%28y%20t%E1%BA%BF%20OR%20b%E1%BB%87nh%20vi%E1%BB%87n%20OR%20%5C%22S%E1%BB%9F%20Y%20t%E1%BA%BF%5C%22%29%22&paged=3,2026-07-31T23:18:02+00:00,200,145189,,raw/moh-httb-dq-impl-04-p03.body,raw/moh-httb-dq-impl-04-p03.headers,raw/moh-httb-dq-impl-04-p03.error.txt,4E0342665863C8F5F49A5493AA438EE815E64FB41465B1CAD5702D7E0AEA0DAA,7486DA868C534DB9A41635F717829F19602A35CCECB1455285425C51D1D87742,306,1,308,CONTINUE,Raw capture only; URL candidates are not verified search results and are not screened or counted for PRISMA.
MOH-HTTB,imda.moh.gov.vn,DQ-IMPL-04,implementation,"(\trí tuệ nhân tạo\"" OR AI) AND (\""theo dõi sau triển khai\"" OR hậu kiểm OR \""giám sát sau triển khai\"" OR \""đánh giá hiệu quả\"") AND (y tế OR bệnh viện OR \""Sở Y tế\"")""",4,https://imda.moh.gov.vn/?s=%28%5Ctr%C3%AD%20tu%E1%BB%87%20nh%C3%A2n%20t%E1%BA%A1o%5C%22%20OR%20AI%29%20AND%20%28%5C%22theo%20d%C3%B5i%20sau%20tri%E1%BB%83n%20khai%5C%22%20OR%20h%E1%BA%ADu%20ki%E1%BB%83m%20OR%20%5C%22gi%C3%A1m%20s%C3%A1t%20sau%20tri%E1%BB%83n%20khai%5C%22%20OR%20%5C%22%C4%91%C3%A1nh%20gi%C3%A1%20hi%E1%BB%87u%20qu%E1%BA%A3%5C%22%29%20AND%20%28y%20t%E1%BA%BF%20OR%20b%E1%BB%87nh%20vi%E1%BB%87n%20OR%20%5C%22S%E1%BB%9F%20Y%20t%E1%BA%BF%5C%22%29%22&paged=4,2026-07-31T23:18:06+00:00,200,145189,,raw/moh-httb-dq-impl-04-p04.body,raw/moh-httb-dq-impl-04-p04.headers,raw/moh-httb-dq-impl-04-p04.error.txt,24110EB961C9B3FACA8C93D50B28032B9A8AFF4C18C01D5B198FDBCB8B532EE6,C4D0EEC5D12A4E0015CC7AB69DBF7DC94592717188D8DB618B4ED16208E2EEDB,306,1,309,CONTINUE,Raw capture only; URL candidates are not verified search results and are not screened or counted for PRISMA.
MOH-HTTB,imda.moh.gov.vn,DQ-IMPL-04,implementation,"(\trí tuệ nhân tạo\"" OR AI) AND (\""theo dõi sau triển khai\"" OR hậu kiểm OR \""giám sát sau triển khai\"" OR \""đánh giá hiệu quả\"") AND (y tế OR bệnh viện OR \""Sở Y tế\"")""",5,https://imda.moh.gov.vn/?s=%28%5Ctr%C3%AD%20tu%E1%BB%87%20nh%C3%A2n%20t%E1%BA%A1o%5C%22%20OR%20AI%29%20AND%20%28%5C%22theo%20d%C3%B5i%20sau%20tri%E1%BB%83n%20khai%5C%22%20OR%20h%E1%BA%ADu%20ki%E1%BB%83m%20OR%20%5C%22gi%C3%A1m%20s%C3%A1t%20sau%20tri%E1%BB%83n%20khai%5C%22%20OR%20%5C%22%C4%91%C3%A1nh%20gi%C3%A1%20hi%E1%BB%87u%20qu%E1%BA%A3%5C%22%29%20AND%20%28y%20t%E1%BA%BF%20OR%20b%E1%BB%87nh%20vi%E1%BB%87n%20OR%20%5C%22S%E1%BB%9F%20Y%20t%E1%BA%BF%5C%22%29%22&paged=5,2026-07-31T23:18:10+00:00,200,145189,,raw/moh-httb-dq-impl-04-p05.body,raw/moh-httb-dq-impl-04-p05.headers,raw/moh-httb-dq-impl-04-p05.error.txt,384A03955EF0B509708FAA157A79B3442AB7AC8DB072E64C6A156B24903A69C8,28C70E0E78393E5120D57CF5998357CD6DF5301E04A4327EC024EF457E922742,306,1,310,LOCKED_PAGE_CAP_REACHED,Raw capture only; URL candidates are not verified search results and are not screened or counted for PRISMA.
MOH-HTTB,imda.moh.gov.vn,DQ-IMPL-05,implementation,"(\trí tuệ nhân tạo\"" OR AI) AND (\""báo cáo sự cố\"" OR \""quản lý chất lượng\"" OR kiểm toán OR thanh tra) AND (y tế OR bệnh viện OR \""Sở Y tế\"")""",1,https://imda.moh.gov.vn/?s=%28%5Ctr%C3%AD%20tu%E1%BB%87%20nh%C3%A2n%20t%E1%BA%A1o%5C%22%20OR%20AI%29%20AND%20%28%5C%22b%C3%A1o%20c%C3%A1o%20s%E1%BB%B1%20c%E1%BB%91%5C%22%20OR%20%5C%22qu%E1%BA%A3n%20l%C3%BD%20ch%E1%BA%A5t%20l%C6%B0%E1%BB%A3ng%5C%22%20OR%20ki%E1%BB%83m%20to%C3%A1n%20OR%20thanh%20tra%29%20AND%20%28y%20t%E1%BA%BF%20OR%20b%E1%BB%87nh%20vi%E1%BB%87n%20OR%20%5C%22S%E1%BB%9F%20Y%20t%E1%BA%BF%5C%22%29%22&paged=1,2026-07-31T23:18:14+00:00,200,144466,,raw/moh-httb-dq-impl-05-p01.body,raw/moh-httb-dq-impl-05-p01.headers,raw/moh-httb-dq-impl-05-p01.error.txt,838D6D1EB3AF8E93042F561DB26900CDA31016DD2834A46BD527CCA389F598D7,B51F3DDF2D53B93653E7127BAC84CCF9FE5CB0559683147E3E9658EAA83ED92D,306,306,306,CONTINUE,Raw capture only; URL candidates are not verified search results and are not screened or counted for PRISMA.
MOH-HTTB,imda.moh.gov.vn,DQ-IMPL-05,implementation,"(\trí tuệ nhân tạo\"" OR AI) AND (\""báo cáo sự cố\"" OR \""quản lý chất lượng\"" OR kiểm toán OR thanh tra) AND (y tế OR bệnh viện OR \""Sở Y tế\"")""",2,https://imda.moh.gov.vn/?s=%28%5Ctr%C3%AD%20tu%E1%BB%87%20nh%C3%A2n%20t%E1%BA%A1o%5C%22%20OR%20AI%29%20AND%20%28%5C%22b%C3%A1o%20c%C3%A1o%20s%E1%BB%B1%20c%E1%BB%91%5C%22%20OR%20%5C%22qu%E1%BA%A3n%20l%C3%BD%20ch%E1%BA%A5t%20l%C6%B0%E1%BB%A3ng%5C%22%20OR%20ki%E1%BB%83m%20to%C3%A1n%20OR%20thanh%20tra%29%20AND%20%28y%20t%E1%BA%BF%20OR%20b%E1%BB%87nh%20vi%E1%BB%87n%20OR%20%5C%22S%E1%BB%9F%20Y%20t%E1%BA%BF%5C%22%29%22&paged=2,2026-07-31T23:18:18+00:00,200,144466,,raw/moh-httb-dq-impl-05-p02.body,raw/moh-httb-dq-impl-05-p02.headers,raw/moh-httb-dq-impl-05-p02.error.txt,BE132A3FD36B3F1F252AD8A56EEE4D66367266F3D81295A4D0F0B19493511928,6176833D5EE8528509BFD374C1F84021325929211A6EFF081059AB90BDBB0B5C,306,1,307,CONTINUE,Raw capture only; URL candidates are not verified search results and are not screened or counted for PRISMA.
MOH-HTTB,imda.moh.gov.vn,DQ-IMPL-05,implementation,"(\trí tuệ nhân tạo\"" OR AI) AND (\""báo cáo sự cố\"" OR \""quản lý chất lượng\"" OR kiểm toán OR thanh tra) AND (y tế OR bệnh viện OR \""Sở Y tế\"")""",3,https://imda.moh.gov.vn/?s=%28%5Ctr%C3%AD%20tu%E1%BB%87%20nh%C3%A2n%20t%E1%BA%A1o%5C%22%20OR%20AI%29%20AND%20%28%5C%22b%C3%A1o%20c%C3%A1o%20s%E1%BB%B1%20c%E1%BB%91%5C%22%20OR%20%5C%22qu%E1%BA%A3n%20l%C3%BD%20ch%E1%BA%A5t%20l%C6%B0%E1%BB%A3ng%5C%22%20OR%20ki%E1%BB%83m%20to%C3%A1n%20OR%20thanh%20tra%29%20AND%20%28y%20t%E1%BA%BF%20OR%20b%E1%BB%87nh%20vi%E1%BB%87n%20OR%20%5C%22S%E1%BB%9F%20Y%20t%E1%BA%BF%5C%22%29%22&paged=3,2026-07-31T23:18:21+00:00,200,144466,,raw/moh-httb-dq-impl-05-p03.body,raw/moh-httb-dq-impl-05-p03.headers,raw/moh-httb-dq-impl-05-p03.error.txt,065DB6150F71E945C7262026A1585D9945046A05CDE8ECC952BC01DB4BF47916,C7F8DC5D7CEBF40B686082E6CCE2ED1E4198881D255B32307A68A9479FE56E89,306,1,308,CONTINUE,Raw capture only; URL candidates are not verified search results and are not screened or counted for PRISMA.
MOH-HTTB,imda.moh.gov.vn,DQ-IMPL-05,implementation,"(\trí tuệ nhân tạo\"" OR AI) AND (\""báo cáo sự cố\"" OR \""quản lý chất lượng\"" OR kiểm toán OR thanh tra) AND (y tế OR bệnh viện OR \""Sở Y tế\"")""",4,https://imda.moh.gov.vn/?s=%28%5Ctr%C3%AD%20tu%E1%BB%87%20nh%C3%A2n%20t%E1%BA%A1o%5C%22%20OR%20AI%29%20AND%20%28%5C%22b%C3%A1o%20c%C3%A1o%20s%E1%BB%B1%20c%E1%BB%91%5C%22%20OR%20%5C%22qu%E1%BA%A3n%20l%C3%BD%20ch%E1%BA%A5t%20l%C6%B0%E1%BB%A3ng%5C%22%20OR%20ki%E1%BB%83m%20to%C3%A1n%20OR%20thanh%20tra%29%20AND%20%28y%20t%E1%BA%BF%20OR%20b%E1%BB%87nh%20vi%E1%BB%87n%20OR%20%5C%22S%E1%BB%9F%20Y%20t%E1%BA%BF%5C%22%29%22&paged=4,2026-07-31T23:18:25+00:00,200,144466,,raw/moh-httb-dq-impl-05-p04.body,raw/moh-httb-dq-impl-05-p04.headers,raw/moh-httb-dq-impl-05-p04.error.txt,B4C45B6952E98E3D107C18AB5349DB9954A18B73F206DFB81B312A3B495B5E29,DADBFC4607723CEC070AEF8B52E7617EA3B37B6D7555BE9CDB88DB5C4AC8EB1D,306,1,309,CONTINUE,Raw capture only; URL candidates are not verified search results and are not screened or counted for PRISMA.
MOH-HTTB,imda.moh.gov.vn,DQ-IMPL-05,implementation,"(\trí tuệ nhân tạo\"" OR AI) AND (\""báo cáo sự cố\"" OR \""quản lý chất lượng\"" OR kiểm toán OR thanh tra) AND (y tế OR bệnh viện OR \""Sở Y tế\"")""",5,https://imda.moh.gov.vn/?s=%28%5Ctr%C3%AD%20tu%E1%BB%87%20nh%C3%A2n%20t%E1%BA%A1o%5C%22%20OR%20AI%29%20AND%20%28%5C%22b%C3%A1o%20c%C3%A1o%20s%E1%BB%B1%20c%E1%BB%91%5C%22%20OR%20%5C%22qu%E1%BA%A3n%20l%C3%BD%20ch%E1%BA%A5t%20l%C6%B0%E1%BB%A3ng%5C%22%20OR%20ki%E1%BB%83m%20to%C3%A1n%20OR%20thanh%20tra%29%20AND%20%28y%20t%E1%BA%BF%20OR%20b%E1%BB%87nh%20vi%E1%BB%87n%20OR%20%5C%22S%E1%BB%9F%20Y%20t%E1%BA%BF%5C%22%29%22&paged=5,2026-07-31T23:18:29+00:00,200,144466,,raw/moh-httb-dq-impl-05-p05.body,raw/moh-httb-dq-impl-05-p05.headers,raw/moh-httb-dq-impl-05-p05.error.txt,F9EDCE697C36155C270684C420344AC5F43A3E1F1D21772F8EE6685AAE047296,029075B5B9D8EBC1433694EFD2188D1BAA54C61885DC965FC9B69BC480FBB7DF,306,1,310,LOCKED_PAGE_CAP_REACHED,Raw capture only; URL candidates are not verified search results and are not screened or counted for PRISMA.
MOH-HTTB,imda.moh.gov.vn,DQ-EVID-01,evidence,"(\đạo đức AI\"" OR \""quản trị AI\"") AND (kiểm toán OR thanh tra OR giám sát)""",1,https://imda.moh.gov.vn/?s=%28%5C%C4%91%E1%BA%A1o%20%C4%91%E1%BB%A9c%20AI%5C%22%20OR%20%5C%22qu%E1%BA%A3n%20tr%E1%BB%8B%20AI%5C%22%29%20AND%20%28ki%E1%BB%83m%20to%C3%A1n%20OR%20thanh%20tra%20OR%20gi%C3%A1m%20s%C3%A1t%29%22&paged=1,2026-07-31T23:18:32+00:00,200,141109,,raw/moh-httb-dq-evid-01-p01.body,raw/moh-httb-dq-evid-01-p01.headers,raw/moh-httb-dq-evid-01-p01.error.txt,4DBC028C28372E42E1C42642AD8E5EC4EDAAD8EFD4883CC399D6BAC8849B47A2,ED9AAA34B235475F11A2FBE69A719EED1D19441C899D9F47F960601BF83A715C,306,306,306,CONTINUE,Raw capture only; URL candidates are not verified search results and are not screened or counted for PRISMA.
MOH-HTTB,imda.moh.gov.vn,DQ-EVID-01,evidence,"(\đạo đức AI\"" OR \""quản trị AI\"") AND (kiểm toán OR thanh tra OR giám sát)""",2,https://imda.moh.gov.vn/?s=%28%5C%C4%91%E1%BA%A1o%20%C4%91%E1%BB%A9c%20AI%5C%22%20OR%20%5C%22qu%E1%BA%A3n%20tr%E1%BB%8B%20AI%5C%22%29%20AND%20%28ki%E1%BB%83m%20to%C3%A1n%20OR%20thanh%20tra%20OR%20gi%C3%A1m%20s%C3%A1t%29%22&paged=2,2026-07-31T23:18:36+00:00,200,141109,,raw/moh-httb-dq-evid-01-p02.body,raw/moh-httb-dq-evid-01-p02.headers,raw/moh-httb-dq-evid-01-p02.error.txt,0CAAC10BC81EF9EEF1DFBF109E3A2F5801E90B65637DB86108F53AEB14611CD8,4CA94CBAA2AA787DC26E2BD02DAE649BA57D09E4DA982371B12DECCBD92A51B2,306,1,307,CONTINUE,Raw capture only; URL candidates are not verified search results and are not screened or counted for PRISMA.
MOH-HTTB,imda.moh.gov.vn,DQ-EVID-01,evidence,"(\đạo đức AI\"" OR \""quản trị AI\"") AND (kiểm toán OR thanh tra OR giám sát)""",3,https://imda.moh.gov.vn/?s=%28%5C%C4%91%E1%BA%A1o%20%C4%91%E1%BB%A9c%20AI%5C%22%20OR%20%5C%22qu%E1%BA%A3n%20tr%E1%BB%8B%20AI%5C%22%29%20AND%20%28ki%E1%BB%83m%20to%C3%A1n%20OR%20thanh%20tra%20OR%20gi%C3%A1m%20s%C3%A1t%29%22&paged=3,2026-07-31T23:18:40+00:00,200,141109,,raw/moh-httb-dq-evid-01-p03.body,raw/moh-httb-dq-evid-01-p03.headers,raw/moh-httb-dq-evid-01-p03.error.txt,483980390BCC1F319E8DD3878970F28A2A085726AAF690BD0B214A3CC5EC586A,EE91079807365F73257D5F96A7F113C01AF2561873BD8D7BB00216BE2C8EE089,306,1,308,CONTINUE,Raw capture only; URL candidates are not verified search results and are not screened or counted for PRISMA.
MOH-HTTB,imda.moh.gov.vn,DQ-EVID-01,evidence,"(\đạo đức AI\"" OR \""quản trị AI\"") AND (kiểm toán OR thanh tra OR giám sát)""",4,https://imda.moh.gov.vn/?s=%28%5C%C4%91%E1%BA%A1o%20%C4%91%E1%BB%A9c%20AI%5C%22%20OR%20%5C%22qu%E1%BA%A3n%20tr%E1%BB%8B%20AI%5C%22%29%20AND%20%28ki%E1%BB%83m%20to%C3%A1n%20OR%20thanh%20tra%20OR%20gi%C3%A1m%20s%C3%A1t%29%22&paged=4,2026-07-31T23:18:44+00:00,200,141109,,raw/moh-httb-dq-evid-01-p04.body,raw/moh-httb-dq-evid-01-p04.headers,raw/moh-httb-dq-evid-01-p04.error.txt,717AFE1EB47BC5908DD0F1CAFCF3FB965DA521A45677F8A4AB2A3D4EF4B275C5,A9F38E28C5311144F5FCE06681148A000273E00FBBF71B6D4163450260E0D463,306,1,309,CONTINUE,Raw capture only; URL candidates are not verified search results and are not screened or counted for PRISMA.
MOH-HTTB,imda.moh.gov.vn,DQ-EVID-01,evidence,"(\đạo đức AI\"" OR \""quản trị AI\"") AND (kiểm toán OR thanh tra OR giám sát)""",5,https://imda.moh.gov.vn/?s=%28%5C%C4%91%E1%BA%A1o%20%C4%91%E1%BB%A9c%20AI%5C%22%20OR%20%5C%22qu%E1%BA%A3n%20tr%E1%BB%8B%20AI%5C%22%29%20AND%20%28ki%E1%BB%83m%20to%C3%A1n%20OR%20thanh%20tra%20OR%20gi%C3%A1m%20s%C3%A1t%29%22&paged=5,2026-07-31T23:18:47+00:00,200,141109,,raw/moh-httb-dq-evid-01-p05.body,raw/moh-httb-dq-evid-01-p05.headers,raw/moh-httb-dq-evid-01-p05.error.txt,597BFC03890BC54C9F145744CFB84CD38B866315EE7B1E43CB2F1078CCAE6446,1E66307D54EC99941862E9DC91E13D35EBCE4C2BED009E92D77CAE1E12EB85DE,306,1,310,LOCKED_PAGE_CAP_REACHED,Raw capture only; URL candidates are not verified search results and are not screened or counted for PRISMA.
MOH-HTTB,imda.moh.gov.vn,DQ-EVID-02,evidence,"(\AI\"" OR \""trí tuệ nhân tạo\"") AND (sự cố OR khiếu nại OR khắc phục) AND (y tế OR bệnh viện)""",1,https://imda.moh.gov.vn/?s=%28%5CAI%5C%22%20OR%20%5C%22tr%C3%AD%20tu%E1%BB%87%20nh%C3%A2n%20t%E1%BA%A1o%5C%22%29%20AND%20%28s%E1%BB%B1%20c%E1%BB%91%20OR%20khi%E1%BA%BFu%20n%E1%BA%A1i%20OR%20kh%E1%BA%AFc%20ph%E1%BB%A5c%29%20AND%20%28y%20t%E1%BA%BF%20OR%20b%E1%BB%87nh%20vi%E1%BB%87n%29%22&paged=1,2026-07-31T23:18:51+00:00,200,142264,,raw/moh-httb-dq-evid-02-p01.body,raw/moh-httb-dq-evid-02-p01.headers,raw/moh-httb-dq-evid-02-p01.error.txt,9772CBAD6293AB3E7DA6B9D6CDF22DC7749238131322304AB9DBD31240A6A85D,295CED2BAC11FFC47D4D2DF8F0768368C9AD28E44CFB15533013EE9E7444027E,306,306,306,CONTINUE,Raw capture only; URL candidates are not verified search results and are not screened or counted for PRISMA.
MOH-HTTB,imda.moh.gov.vn,DQ-EVID-02,evidence,"(\AI\"" OR \""trí tuệ nhân tạo\"") AND (sự cố OR khiếu nại OR khắc phục) AND (y tế OR bệnh viện)""",2,https://imda.moh.gov.vn/?s=%28%5CAI%5C%22%20OR%20%5C%22tr%C3%AD%20tu%E1%BB%87%20nh%C3%A2n%20t%E1%BA%A1o%5C%22%29%20AND%20%28s%E1%BB%B1%20c%E1%BB%91%20OR%20khi%E1%BA%BFu%20n%E1%BA%A1i%20OR%20kh%E1%BA%AFc%20ph%E1%BB%A5c%29%20AND%20%28y%20t%E1%BA%BF%20OR%20b%E1%BB%87nh%20vi%E1%BB%87n%29%22&paged=2,2026-07-31T23:18:55+00:00,200,142264,,raw/moh-httb-dq-evid-02-p02.body,raw/moh-httb-dq-evid-02-p02.headers,raw/moh-httb-dq-evid-02-p02.error.txt,E6EFFC2471BAE3D537AE66B40E76B9F828ACD1F1F5A584038ED2B3124DCE7328,A7A9CB2C3CDE6D83F8F39A740E84DCC19226DA21B9C04417BABC126E0B6790B9,306,1,307,CONTINUE,Raw capture only; URL candidates are not verified search results and are not screened or counted for PRISMA.
MOH-HTTB,imda.moh.gov.vn,DQ-EVID-02,evidence,"(\AI\"" OR \""trí tuệ nhân tạo\"") AND (sự cố OR khiếu nại OR khắc phục) AND (y tế OR bệnh viện)""",3,https://imda.moh.gov.vn/?s=%28%5CAI%5C%22%20OR%20%5C%22tr%C3%AD%20tu%E1%BB%87%20nh%C3%A2n%20t%E1%BA%A1o%5C%22%29%20AND%20%28s%E1%BB%B1%20c%E1%BB%91%20OR%20khi%E1%BA%BFu%20n%E1%BA%A1i%20OR%20kh%E1%BA%AFc%20ph%E1%BB%A5c%29%20AND%20%28y%20t%E1%BA%BF%20OR%20b%E1%BB%87nh%20vi%E1%BB%87n%29%22&paged=3,2026-07-31T23:18:59+00:00,200,142264,,raw/moh-httb-dq-evid-02-p03.body,raw/moh-httb-dq-evid-02-p03.headers,raw/moh-httb-dq-evid-02-p03.error.txt,0A53CA0BA5DBFF2AC923A6DDEC66603CE02B9B551C7BE48AD4F46B86AB0B79EF,9AF94486D270EE5F6F25ECFA264A7C495AED994068D472FBCE361FEA0E79810F,306,1,308,CONTINUE,Raw capture only; URL candidates are not verified search results and are not screened or counted for PRISMA.
MOH-HTTB,imda.moh.gov.vn,DQ-EVID-02,evidence,"(\AI\"" OR \""trí tuệ nhân tạo\"") AND (sự cố OR khiếu nại OR khắc phục) AND (y tế OR bệnh viện)""",4,https://imda.moh.gov.vn/?s=%28%5CAI%5C%22%20OR%20%5C%22tr%C3%AD%20tu%E1%BB%87%20nh%C3%A2n%20t%E1%BA%A1o%5C%22%29%20AND%20%28s%E1%BB%B1%20c%E1%BB%91%20OR%20khi%E1%BA%BFu%20n%E1%BA%A1i%20OR%20kh%E1%BA%AFc%20ph%E1%BB%A5c%29%20AND%20%28y%20t%E1%BA%BF%20OR%20b%E1%BB%87nh%20vi%E1%BB%87n%29%22&paged=4,2026-07-31T23:19:03+00:00,200,142264,,raw/moh-httb-dq-evid-02-p04.body,raw/moh-httb-dq-evid-02-p04.headers,raw/moh-httb-dq-evid-02-p04.error.txt,52357643D32B2DA212AAA77D1090D99DC403B0EF1D292E1A5322F2BF2210C4A9,FB0D52C45EC309DB9D14F7D3570E8BF864FFE79F5DA4E5694D5DA2DEC33C26C1,306,1,309,CONTINUE,Raw capture only; URL candidates are not verified search results and are not screened or counted for PRISMA.
MOH-HTTB,imda.moh.gov.vn,DQ-EVID-02,evidence,"(\AI\"" OR \""trí tuệ nhân tạo\"") AND (sự cố OR khiếu nại OR khắc phục) AND (y tế OR bệnh viện)""",5,https://imda.moh.gov.vn/?s=%28%5CAI%5C%22%20OR%20%5C%22tr%C3%AD%20tu%E1%BB%87%20nh%C3%A2n%20t%E1%BA%A1o%5C%22%29%20AND%20%28s%E1%BB%B1%20c%E1%BB%91%20OR%20khi%E1%BA%BFu%20n%E1%BA%A1i%20OR%20kh%E1%BA%AFc%20ph%E1%BB%A5c%29%20AND%20%28y%20t%E1%BA%BF%20OR%20b%E1%BB%87nh%20vi%E1%BB%87n%29%22&paged=5,2026-07-31T23:19:07+00:00,200,142264,,raw/moh-httb-dq-evid-02-p05.body,raw/moh-httb-dq-evid-02-p05.headers,raw/moh-httb-dq-evid-02-p05.error.txt,602A1BBFB130379324A670F8A86A52766EB383FB211D578C86159C69E1523D64,6A1E8184C96B352F4E78551BF77F9EAAC8014EF5CB62EA3369023123A875E5BA,306,1,310,LOCKED_PAGE_CAP_REACHED,Raw capture only; URL candidates are not verified search results and are not screened or counted for PRISMA.
MOH-HTTB,imda.moh.gov.vn,DQ-EVID-03,evidence,"(\AI\"" OR \""trí tuệ nhân tạo\"") AND (\""đánh giá tác động\"" OR kết quả) AND (y tế OR bệnh viện)""",1,https://imda.moh.gov.vn/?s=%28%5CAI%5C%22%20OR%20%5C%22tr%C3%AD%20tu%E1%BB%87%20nh%C3%A2n%20t%E1%BA%A1o%5C%22%29%20AND%20%28%5C%22%C4%91%C3%A1nh%20gi%C3%A1%20t%C3%A1c%20%C4%91%E1%BB%99ng%5C%22%20OR%20k%E1%BA%BFt%20qu%E1%BA%A3%29%20AND%20%28y%20t%E1%BA%BF%20OR%20b%E1%BB%87nh%20vi%E1%BB%87n%29%22&paged=1,2026-07-31T23:19:11+00:00,200,142456,,raw/moh-httb-dq-evid-03-p01.body,raw/moh-httb-dq-evid-03-p01.headers,raw/moh-httb-dq-evid-03-p01.error.txt,0FB5CCCFF283D182D797A0B6CA9BA11C4B53011CB5A111C2C0CABE971F6A7A75,0222A9C2C760DD99A3EFACBF314499E1F70A469A5C7DA865C8FDB788ABDB279B,306,306,306,CONTINUE,Raw capture only; URL candidates are not verified search results and are not screened or counted for PRISMA.
MOH-HTTB,imda.moh.gov.vn,DQ-EVID-03,evidence,"(\AI\"" OR \""trí tuệ nhân tạo\"") AND (\""đánh giá tác động\"" OR kết quả) AND (y tế OR bệnh viện)""",2,https://imda.moh.gov.vn/?s=%28%5CAI%5C%22%20OR%20%5C%22tr%C3%AD%20tu%E1%BB%87%20nh%C3%A2n%20t%E1%BA%A1o%5C%22%29%20AND%20%28%5C%22%C4%91%C3%A1nh%20gi%C3%A1%20t%C3%A1c%20%C4%91%E1%BB%99ng%5C%22%20OR%20k%E1%BA%BFt%20qu%E1%BA%A3%29%20AND%20%28y%20t%E1%BA%BF%20OR%20b%E1%BB%87nh%20vi%E1%BB%87n%29%22&paged=2,2026-07-31T23:19:14+00:00,200,142456,,raw/moh-httb-dq-evid-03-p02.body,raw/moh-httb-dq-evid-03-p02.headers,raw/moh-httb-dq-evid-03-p02.error.txt,30500FE475EC5B3EAF2EECDFC23E199B978AC1AD60AA606E67A51E0B7B690363,A4F548EC1E47A12125F0C43598E119EF588A07E8FFB6ECA488E0C8DA9B4E6728,306,1,307,CONTINUE,Raw capture only; URL candidates are not verified search results and are not screened or counted for PRISMA.
MOH-HTTB,imda.moh.gov.vn,DQ-EVID-03,evidence,"(\AI\"" OR \""trí tuệ nhân tạo\"") AND (\""đánh giá tác động\"" OR kết quả) AND (y tế OR bệnh viện)""",3,https://imda.moh.gov.vn/?s=%28%5CAI%5C%22%20OR%20%5C%22tr%C3%AD%20tu%E1%BB%87%20nh%C3%A2n%20t%E1%BA%A1o%5C%22%29%20AND%20%28%5C%22%C4%91%C3%A1nh%20gi%C3%A1%20t%C3%A1c%20%C4%91%E1%BB%99ng%5C%22%20OR%20k%E1%BA%BFt%20qu%E1%BA%A3%29%20AND%20%28y%20t%E1%BA%BF%20OR%20b%E1%BB%87nh%20vi%E1%BB%87n%29%22&paged=3,2026-07-31T23:19:18+00:00,200,142456,,raw/moh-httb-dq-evid-03-p03.body,raw/moh-httb-dq-evid-03-p03.headers,raw/moh-httb-dq-evid-03-p03.error.txt,5C4F07EC3FB0C41FC07C2BF75F1E4165CCD56C2240AE4E084EC3B6A8D928387C,A994BE41CE1826D05AADE281F753DFC52170843A7B1C2A5BD0BEDA2AFA5F3F47,306,1,308,CONTINUE,Raw capture only; URL candidates are not verified search results and are not screened or counted for PRISMA.
MOH-HTTB,imda.moh.gov.vn,DQ-EVID-03,evidence,"(\AI\"" OR \""trí tuệ nhân tạo\"") AND (\""đánh giá tác động\"" OR kết quả) AND (y tế OR bệnh viện)""",4,https://imda.moh.gov.vn/?s=%28%5CAI%5C%22%20OR%20%5C%22tr%C3%AD%20tu%E1%BB%87%20nh%C3%A2n%20t%E1%BA%A1o%5C%22%29%20AND%20%28%5C%22%C4%91%C3%A1nh%20gi%C3%A1%20t%C3%A1c%20%C4%91%E1%BB%99ng%5C%22%20OR%20k%E1%BA%BFt%20qu%E1%BA%A3%29%20AND%20%28y%20t%E1%BA%BF%20OR%20b%E1%BB%87nh%20vi%E1%BB%87n%29%22&paged=4,2026-07-31T23:19:22+00:00,200,142456,,raw/moh-httb-dq-evid-03-p04.body,raw/moh-httb-dq-evid-03-p04.headers,raw/moh-httb-dq-evid-03-p04.error.txt,E28FE20362F5314E57876296FC9AF257F80A4CEF8BD2C4488072E0FBBE9CAE15,8047B53E500A2E1EC2B8885229C02AA5FA2023A178869CBB52E0A5DE78B792EC,306,1,309,CONTINUE,Raw capture only; URL candidates are not verified search results and are not screened or counted for PRISMA.
MOH-HTTB,imda.moh.gov.vn,DQ-EVID-03,evidence,"(\AI\"" OR \""trí tuệ nhân tạo\"") AND (\""đánh giá tác động\"" OR kết quả) AND (y tế OR bệnh viện)""",5,https://imda.moh.gov.vn/?s=%28%5CAI%5C%22%20OR%20%5C%22tr%C3%AD%20tu%E1%BB%87%20nh%C3%A2n%20t%E1%BA%A1o%5C%22%29%20AND%20%28%5C%22%C4%91%C3%A1nh%20gi%C3%A1%20t%C3%A1c%20%C4%91%E1%BB%99ng%5C%22%20OR%20k%E1%BA%BFt%20qu%E1%BA%A3%29%20AND%20%28y%20t%E1%BA%BF%20OR%20b%E1%BB%87nh%20vi%E1%BB%87n%29%22&paged=5,2026-07-31T23:19:26+00:00,200,142456,,raw/moh-httb-dq-evid-03-p05.body,raw/moh-httb-dq-evid-03-p05.headers,raw/moh-httb-dq-evid-03-p05.error.txt,E5D30F24BF52A8E78ACCC36408ED52C86402006BD4EE69A5EA05E5EF3CC116E1,EAD2886D336F0889EF60CAB169124A94723D2F9B6236E32A74B72E069ABA1ED5,306,1,310,LOCKED_PAGE_CAP_REACHED,Raw capture only; URL candidates are not verified search results and are not screened or counted for PRISMA.
MOH-HTTB,imda.moh.gov.vn,DQ-EVID-04,evidence,"(\AI ethics\"" OR \""AI governance\"") AND (audit OR inspection OR monitoring OR incident OR complaint OR redress OR \""impact assessment\"" OR outcome OR result) AND (Vietnam OR \""Viet Nam\"") AND (health OR hospital)""",1,https://imda.moh.gov.vn/?s=%28%5CAI%20ethics%5C%22%20OR%20%5C%22AI%20governance%5C%22%29%20AND%20%28audit%20OR%20inspection%20OR%20monitoring%20OR%20incident%20OR%20complaint%20OR%20redress%20OR%20%5C%22impact%20assessment%5C%22%20OR%20outcome%20OR%20result%29%20AND%20%28Vietnam%20OR%20%5C%22Viet%20Nam%5C%22%29%20AND%20%28health%20OR%20hospital%29%22&paged=1,2026-07-31T23:19:30+00:00,200,142399,,raw/moh-httb-dq-evid-04-p01.body,raw/moh-httb-dq-evid-04-p01.headers,raw/moh-httb-dq-evid-04-p01.error.txt,8DD02AE2363828F395EDB61EFECA8EBB1B0CFD9A1F171123AD939ACA807CD8EB,8B012DED9F70AB7F94AD50A5CBA944039797C697987D881E0157EFADE0A7F97F,306,306,306,CONTINUE,Raw capture only; URL candidates are not verified search results and are not screened or counted for PRISMA.
MOH-HTTB,imda.moh.gov.vn,DQ-EVID-04,evidence,"(\AI ethics\"" OR \""AI governance\"") AND (audit OR inspection OR monitoring OR incident OR complaint OR redress OR \""impact assessment\"" OR outcome OR result) AND (Vietnam OR \""Viet Nam\"") AND (health OR hospital)""",2,https://imda.moh.gov.vn/?s=%28%5CAI%20ethics%5C%22%20OR%20%5C%22AI%20governance%5C%22%29%20AND%20%28audit%20OR%20inspection%20OR%20monitoring%20OR%20incident%20OR%20complaint%20OR%20redress%20OR%20%5C%22impact%20assessment%5C%22%20OR%20outcome%20OR%20result%29%20AND%20%28Vietnam%20OR%20%5C%22Viet%20Nam%5C%22%29%20AND%20%28health%20OR%20hospital%29%22&paged=2,2026-07-31T23:19:33+00:00,200,142399,,raw/moh-httb-dq-evid-04-p02.body,raw/moh-httb-dq-evid-04-p02.headers,raw/moh-httb-dq-evid-04-p02.error.txt,40ED002084EEF7F1B473E47C5E8FC8E217014B52A656D4C1C337037EF2FBE49F,A88DADF1A08F5AD2B7915AB1ACA4C3D8F3381A6FF58B64107792AAEF9C0CD2CB,306,1,307,CONTINUE,Raw capture only; URL candidates are not verified search results and are not screened or counted for PRISMA.
MOH-HTTB,imda.moh.gov.vn,DQ-EVID-04,evidence,"(\AI ethics\"" OR \""AI governance\"") AND (audit OR inspection OR monitoring OR incident OR complaint OR redress OR \""impact assessment\"" OR outcome OR result) AND (Vietnam OR \""Viet Nam\"") AND (health OR hospital)""",3,https://imda.moh.gov.vn/?s=%28%5CAI%20ethics%5C%22%20OR%20%5C%22AI%20governance%5C%22%29%20AND%20%28audit%20OR%20inspection%20OR%20monitoring%20OR%20incident%20OR%20complaint%20OR%20redress%20OR%20%5C%22impact%20assessment%5C%22%20OR%20outcome%20OR%20result%29%20AND%20%28Vietnam%20OR%20%5C%22Viet%20Nam%5C%22%29%20AND%20%28health%20OR%20hospital%29%22&paged=3,2026-07-31T23:19:37+00:00,200,142399,,raw/moh-httb-dq-evid-04-p03.body,raw/moh-httb-dq-evid-04-p03.headers,raw/moh-httb-dq-evid-04-p03.error.txt,69B3253A4CB5CC7C7A275AB7B2F3EA9ED9636093BE2411BE778872C52C405AC4,93D81BCAF4FC82D0CB19EDC4341F3DDF93C83F021BAB6621C5BAE25CD6EFC4DD,306,1,308,CONTINUE,Raw capture only; URL candidates are not verified search results and are not screened or counted for PRISMA.
MOH-HTTB,imda.moh.gov.vn,DQ-EVID-04,evidence,"(\AI ethics\"" OR \""AI governance\"") AND (audit OR inspection OR monitoring OR incident OR complaint OR redress OR \""impact assessment\"" OR outcome OR result) AND (Vietnam OR \""Viet Nam\"") AND (health OR hospital)""",4,https://imda.moh.gov.vn/?s=%28%5CAI%20ethics%5C%22%20OR%20%5C%22AI%20governance%5C%22%29%20AND%20%28audit%20OR%20inspection%20OR%20monitoring%20OR%20incident%20OR%20complaint%20OR%20redress%20OR%20%5C%22impact%20assessment%5C%22%20OR%20outcome%20OR%20result%29%20AND%20%28Vietnam%20OR%20%5C%22Viet%20Nam%5C%22%29%20AND%20%28health%20OR%20hospital%29%22&paged=4,2026-07-31T23:19:40+00:00,200,142399,,raw/moh-httb-dq-evid-04-p04.body,raw/moh-httb-dq-evid-04-p04.headers,raw/moh-httb-dq-evid-04-p04.error.txt,5F04711F479D167ABB2EB574BE54E03F2791DAFDE096065DBE4A478BB2201D43,24E01165B69D7E513B503E5475982F2B92751AF43B6AA1FBE0B067ED418270E6,306,1,309,CONTINUE,Raw capture only; URL candidates are not verified search results and are not screened or counted for PRISMA.
MOH-HTTB,imda.moh.gov.vn,DQ-EVID-04,evidence,"(\AI ethics\"" OR \""AI governance\"") AND (audit OR inspection OR monitoring OR incident OR complaint OR redress OR \""impact assessment\"" OR outcome OR result) AND (Vietnam OR \""Viet Nam\"") AND (health OR hospital)""",5,https://imda.moh.gov.vn/?s=%28%5CAI%20ethics%5C%22%20OR%20%5C%22AI%20governance%5C%22%29%20AND%20%28audit%20OR%20inspection%20OR%20monitoring%20OR%20incident%20OR%20complaint%20OR%20redress%20OR%20%5C%22impact%20assessment%5C%22%20OR%20outcome%20OR%20result%29%20AND%20%28Vietnam%20OR%20%5C%22Viet%20Nam%5C%22%29%20AND%20%28health%20OR%20hospital%29%22&paged=5,2026-07-31T23:19:44+00:00,200,142399,,raw/moh-httb-dq-evid-04-p05.body,raw/moh-httb-dq-evid-04-p05.headers,raw/moh-httb-dq-evid-04-p05.error.txt,F3440EDAB4187C5E801EEFA1BF3A33A0251F32072BBF30185C4167248D7A4201,5F15A4C3529E66F230AFBE5EAA2FB3DAAEAD4B4C300116DA8EA4A96AF253E9B0,306,1,310,LOCKED_PAGE_CAP_REACHED,Raw capture only; URL candidates are not verified search results and are not screened or counted for PRISMA.
MOH-HTTB,imda.moh.gov.vn,DQ-EVID-05,evidence,"(\artificial intelligence\"" OR AI) AND (\""post-implementation monitoring\"" OR \""post-market surveillance\"" OR \""incident reporting\"" OR \""quality management\"" OR \""effectiveness evaluation\"" OR audit) AND (Vietnam OR \""Viet Nam\"") AND (health OR hospital OR \""provincial health department\"")""",1,https://imda.moh.gov.vn/?s=%28%5Cartificial%20intelligence%5C%22%20OR%20AI%29%20AND%20%28%5C%22post-implementation%20monitoring%5C%22%20OR%20%5C%22post-market%20surveillance%5C%22%20OR%20%5C%22incident%20reporting%5C%22%20OR%20%5C%22quality%20management%5C%22%20OR%20%5C%22effectiveness%20evaluation%5C%22%20OR%20audit%29%20AND%20%28Vietnam%20OR%20%5C%22Viet%20Nam%5C%22%29%20AND%20%28health%20OR%20hospital%20OR%20%5C%22provincial%20health%20department%5C%22%29%22&paged=1,2026-07-31T23:19:47+00:00,200,143926,,raw/moh-httb-dq-evid-05-p01.body,raw/moh-httb-dq-evid-05-p01.headers,raw/moh-httb-dq-evid-05-p01.error.txt,834A27815C7E42D4289A10FB76A1C3F2EA3D7C759208584772A7AEF9EB9DE8B3,89F4E0BDCB178E278676890BE7F2627BA98CFC5F3744410AE372E7D9C198E788,306,306,306,CONTINUE,Raw capture only; URL candidates are not verified search results and are not screened or counted for PRISMA.
MOH-HTTB,imda.moh.gov.vn,DQ-EVID-05,evidence,"(\artificial intelligence\"" OR AI) AND (\""post-implementation monitoring\"" OR \""post-market surveillance\"" OR \""incident reporting\"" OR \""quality management\"" OR \""effectiveness evaluation\"" OR audit) AND (Vietnam OR \""Viet Nam\"") AND (health OR hospital OR \""provincial health department\"")""",2,https://imda.moh.gov.vn/?s=%28%5Cartificial%20intelligence%5C%22%20OR%20AI%29%20AND%20%28%5C%22post-implementation%20monitoring%5C%22%20OR%20%5C%22post-market%20surveillance%5C%22%20OR%20%5C%22incident%20reporting%5C%22%20OR%20%5C%22quality%20management%5C%22%20OR%20%5C%22effectiveness%20evaluation%5C%22%20OR%20audit%29%20AND%20%28Vietnam%20OR%20%5C%22Viet%20Nam%5C%22%29%20AND%20%28health%20OR%20hospital%20OR%20%5C%22provincial%20health%20department%5C%22%29%22&paged=2,2026-07-31T23:19:51+00:00,200,143926,,raw/moh-httb-dq-evid-05-p02.body,raw/moh-httb-dq-evid-05-p02.headers,raw/moh-httb-dq-evid-05-p02.error.txt,582492BC28208E7EDCAA349E13BEE859E91796C24EE48AC830C331975BED2D93,CA24DBC97CC9E9C1A43D0148DC71924FAA3B2EB32A881ED9EC1CF341D21A4428,306,1,307,CONTINUE,Raw capture only; URL candidates are not verified search results and are not screened or counted for PRISMA.
MOH-HTTB,imda.moh.gov.vn,DQ-EVID-05,evidence,"(\artificial intelligence\"" OR AI) AND (\""post-implementation monitoring\"" OR \""post-market surveillance\"" OR \""incident reporting\"" OR \""quality management\"" OR \""effectiveness evaluation\"" OR audit) AND (Vietnam OR \""Viet Nam\"") AND (health OR hospital OR \""provincial health department\"")""",3,https://imda.moh.gov.vn/?s=%28%5Cartificial%20intelligence%5C%22%20OR%20AI%29%20AND%20%28%5C%22post-implementation%20monitoring%5C%22%20OR%20%5C%22post-market%20surveillance%5C%22%20OR%20%5C%22incident%20reporting%5C%22%20OR%20%5C%22quality%20management%5C%22%20OR%20%5C%22effectiveness%20evaluation%5C%22%20OR%20audit%29%20AND%20%28Vietnam%20OR%20%5C%22Viet%20Nam%5C%22%29%20AND%20%28health%20OR%20hospital%20OR%20%5C%22provincial%20health%20department%5C%22%29%22&paged=3,2026-07-31T23:19:55+00:00,200,143926,,raw/moh-httb-dq-evid-05-p03.body,raw/moh-httb-dq-evid-05-p03.headers,raw/moh-httb-dq-evid-05-p03.error.txt,11A82B31E66FA9599CA2B686079EC2E72F83C25431404B3752F4ED9921CD52A6,99B3BBB7804033F2C16B9C7CE97CD7402E12FF5F8C542B95C839187C21256127,306,1,308,CONTINUE,Raw capture only; URL candidates are not verified search results and are not screened or counted for PRISMA.
MOH-HTTB,imda.moh.gov.vn,DQ-EVID-05,evidence,"(\artificial intelligence\"" OR AI) AND (\""post-implementation monitoring\"" OR \""post-market surveillance\"" OR \""incident reporting\"" OR \""quality management\"" OR \""effectiveness evaluation\"" OR audit) AND (Vietnam OR \""Viet Nam\"") AND (health OR hospital OR \""provincial health department\"")""",4,https://imda.moh.gov.vn/?s=%28%5Cartificial%20intelligence%5C%22%20OR%20AI%29%20AND%20%28%5C%22post-implementation%20monitoring%5C%22%20OR%20%5C%22post-market%20surveillance%5C%22%20OR%20%5C%22incident%20reporting%5C%22%20OR%20%5C%22quality%20management%5C%22%20OR%20%5C%22effectiveness%20evaluation%5C%22%20OR%20audit%29%20AND%20%28Vietnam%20OR%20%5C%22Viet%20Nam%5C%22%29%20AND%20%28health%20OR%20hospital%20OR%20%5C%22provincial%20health%20department%5C%22%29%22&paged=4,2026-07-31T23:19:59+00:00,200,143926,,raw/moh-httb-dq-evid-05-p04.body,raw/moh-httb-dq-evid-05-p04.headers,raw/moh-httb-dq-evid-05-p04.error.txt,F54A8B02E948D3597F7F5447016B2EBFB25F4117B3486DE9D9EF518A8091897B,F58BF8F499AB13635CACA31CC9A2556087514CF4497FAFAF294CA912B9BD7FD3,306,1,309,CONTINUE,Raw capture only; URL candidates are not verified search results and are not screened or counted for PRISMA.
MOH-HTTB,imda.moh.gov.vn,DQ-EVID-05,evidence,"(\artificial intelligence\"" OR AI) AND (\""post-implementation monitoring\"" OR \""post-market surveillance\"" OR \""incident reporting\"" OR \""quality management\"" OR \""effectiveness evaluation\"" OR audit) AND (Vietnam OR \""Viet Nam\"") AND (health OR hospital OR \""provincial health department\"")""",5,https://imda.moh.gov.vn/?s=%28%5Cartificial%20intelligence%5C%22%20OR%20AI%29%20AND%20%28%5C%22post-implementation%20monitoring%5C%22%20OR%20%5C%22post-market%20surveillance%5C%22%20OR%20%5C%22incident%20reporting%5C%22%20OR%20%5C%22quality%20management%5C%22%20OR%20%5C%22effectiveness%20evaluation%5C%22%20OR%20audit%29%20AND%20%28Vietnam%20OR%20%5C%22Viet%20Nam%5C%22%29%20AND%20%28health%20OR%20hospital%20OR%20%5C%22provincial%20health%20department%5C%22%29%22&paged=5,2026-07-31T23:20:03+00:00,200,143926,,raw/moh-httb-dq-evid-05-p05.body,raw/moh-httb-dq-evid-05-p05.headers,raw/moh-httb-dq-evid-05-p05.error.txt,28ADA80142F1C3C2053724E69136855E3E45D1DDCC0E5DE899AB21ED5CAD7CC2,81BDAEC39A5DB8687B99DE2ED2D3348187B1498C339F6407F8E84A445DFA540B,306,1,310,LOCKED_PAGE_CAP_REACHED,Raw capture only; URL candidates are not verified search results and are not screened or counted for PRISMA.
MOH-NHIC,ttyqg.vn,DQ-IMPL-01,implementation,"(\đạo đức AI\"" OR \""AI có trách nhiệm\"" OR \""quản trị AI\"") AND (kế hoạch OR triển khai OR áp dụng OR thí điểm)""",1,https://ttyqg.vn/?s=%28%5C%C4%91%E1%BA%A1o%20%C4%91%E1%BB%A9c%20AI%5C%22%20OR%20%5C%22AI%20c%C3%B3%20tr%C3%A1ch%20nhi%E1%BB%87m%5C%22%20OR%20%5C%22qu%E1%BA%A3n%20tr%E1%BB%8B%20AI%5C%22%29%20AND%20%28k%E1%BA%BF%20ho%E1%BA%A1ch%20OR%20tri%E1%BB%83n%20khai%20OR%20%C3%A1p%20d%E1%BB%A5ng%20OR%20th%C3%AD%20%C4%91i%E1%BB%83m%29%22&paged=1,2026-07-31T23:20:06+00:00,,0,URLError: <urlopen error _ssl.c:999: The handshake operation timed out>,raw/moh-nhic-dq-impl-01-p01.body,raw/moh-nhic-dq-impl-01-p01.headers,raw/moh-nhic-dq-impl-01-p01.error.txt,E3B0C44298FC1C149AFBF4C8996FB92427AE41E4649B934CA495991B7852B855,E3B0C44298FC1C149AFBF4C8996FB92427AE41E4649B934CA495991B7852B855,0,0,0,CONTINUE,Raw capture only; URL candidates are not verified search results and are not screened or counted for PRISMA.
MOH-NHIC,ttyqg.vn,DQ-IMPL-01,implementation,"(\đạo đức AI\"" OR \""AI có trách nhiệm\"" OR \""quản trị AI\"") AND (kế hoạch OR triển khai OR áp dụng OR thí điểm)""",2,https://ttyqg.vn/?s=%28%5C%C4%91%E1%BA%A1o%20%C4%91%E1%BB%A9c%20AI%5C%22%20OR%20%5C%22AI%20c%C3%B3%20tr%C3%A1ch%20nhi%E1%BB%87m%5C%22%20OR%20%5C%22qu%E1%BA%A3n%20tr%E1%BB%8B%20AI%5C%22%29%20AND%20%28k%E1%BA%BF%20ho%E1%BA%A1ch%20OR%20tri%E1%BB%83n%20khai%20OR%20%C3%A1p%20d%E1%BB%A5ng%20OR%20th%C3%AD%20%C4%91i%E1%BB%83m%29%22&paged=2,2026-07-31T23:20:22+00:00,,0,URLError: <urlopen error _ssl.c:999: The handshake operation timed out>,raw/moh-nhic-dq-impl-01-p02.body,raw/moh-nhic-dq-impl-01-p02.headers,raw/moh-nhic-dq-impl-01-p02.error.txt,E3B0C44298FC1C149AFBF4C8996FB92427AE41E4649B934CA495991B7852B855,E3B0C44298FC1C149AFBF4C8996FB92427AE41E4649B934CA495991B7852B855,0,0,0,TWO_CONSECUTIVE_PAGES_WITH_NO_NEW_CANDIDATE_URL,Raw capture only; URL candidates are not verified search results and are not screened or counted for PRISMA.
MOH-NHIC,ttyqg.vn,DQ-IMPL-02," chữa bệnh\"")""","(\đạo đức AI\"" OR \""AI có trách nhiệm\"" OR \""quản trị AI\"") AND (\""Bộ Y tế\"" OR bệnh viện OR \""cơ sở khám bệnh",1,https://ttyqg.vn/?s=%28%5C%C4%91%E1%BA%A1o%20%C4%91%E1%BB%A9c%20AI%5C%22%20OR%20%5C%22AI%20c%C3%B3%20tr%C3%A1ch%20nhi%E1%BB%87m%5C%22%20OR%20%5C%22qu%E1%BA%A3n%20tr%E1%BB%8B%20AI%5C%22%29%20AND%20%28%5C%22B%E1%BB%99%20Y%20t%E1%BA%BF%5C%22%20OR%20b%E1%BB%87nh%20vi%E1%BB%87n%20OR%20%5C%22c%C6%A1%20s%E1%BB%9F%20kh%C3%A1m%20b%E1%BB%87nh&paged=1,2026-07-31T23:20:38+00:00,,0,URLError: <urlopen error _ssl.c:999: The handshake operation timed out>,raw/moh-nhic-dq-impl-02-p01.body,raw/moh-nhic-dq-impl-02-p01.headers,raw/moh-nhic-dq-impl-02-p01.error.txt,E3B0C44298FC1C149AFBF4C8996FB92427AE41E4649B934CA495991B7852B855,E3B0C44298FC1C149AFBF4C8996FB92427AE41E4649B934CA495991B7852B855,0,0,0,CONTINUE,Raw capture only; URL candidates are not verified search results and are not screened or counted for PRISMA.
MOH-NHIC,ttyqg.vn,DQ-IMPL-02," chữa bệnh\"")""","(\đạo đức AI\"" OR \""AI có trách nhiệm\"" OR \""quản trị AI\"") AND (\""Bộ Y tế\"" OR bệnh viện OR \""cơ sở khám bệnh",2,https://ttyqg.vn/?s=%28%5C%C4%91%E1%BA%A1o%20%C4%91%E1%BB%A9c%20AI%5C%22%20OR%20%5C%22AI%20c%C3%B3%20tr%C3%A1ch%20nhi%E1%BB%87m%5C%22%20OR%20%5C%22qu%E1%BA%A3n%20tr%E1%BB%8B%20AI%5C%22%29%20AND%20%28%5C%22B%E1%BB%99%20Y%20t%E1%BA%BF%5C%22%20OR%20b%E1%BB%87nh%20vi%E1%BB%87n%20OR%20%5C%22c%C6%A1%20s%E1%BB%9F%20kh%C3%A1m%20b%E1%BB%87nh&paged=2,2026-07-31T23:20:53+00:00,,0,URLError: <urlopen error _ssl.c:999: The handshake operation timed out>,raw/moh-nhic-dq-impl-02-p02.body,raw/moh-nhic-dq-impl-02-p02.headers,raw/moh-nhic-dq-impl-02-p02.error.txt,E3B0C44298FC1C149AFBF4C8996FB92427AE41E4649B934CA495991B7852B855,E3B0C44298FC1C149AFBF4C8996FB92427AE41E4649B934CA495991B7852B855,0,0,0,TWO_CONSECUTIVE_PAGES_WITH_NO_NEW_CANDIDATE_URL,Raw capture only; URL candidates are not verified search results and are not screened or counted for PRISMA.
MOH-NHIC,ttyqg.vn,DQ-IMPL-03,implementation,"(\responsible AI\"" OR \""AI governance\"" OR \""AI ethics\"") AND (implementation OR adoption OR uptake OR plan OR pilot) AND (Vietnam OR \""Viet Nam\"") AND (health OR hospital OR clinical)""",1,https://ttyqg.vn/?s=%28%5Cresponsible%20AI%5C%22%20OR%20%5C%22AI%20governance%5C%22%20OR%20%5C%22AI%20ethics%5C%22%29%20AND%20%28implementation%20OR%20adoption%20OR%20uptake%20OR%20plan%20OR%20pilot%29%20AND%20%28Vietnam%20OR%20%5C%22Viet%20Nam%5C%22%29%20AND%20%28health%20OR%20hospital%20OR%20clinical%29%22&paged=1,2026-07-31T23:21:08+00:00,,0,URLError: <urlopen error _ssl.c:999: The handshake operation timed out>,raw/moh-nhic-dq-impl-03-p01.body,raw/moh-nhic-dq-impl-03-p01.headers,raw/moh-nhic-dq-impl-03-p01.error.txt,E3B0C44298FC1C149AFBF4C8996FB92427AE41E4649B934CA495991B7852B855,E3B0C44298FC1C149AFBF4C8996FB92427AE41E4649B934CA495991B7852B855,0,0,0,CONTINUE,Raw capture only; URL candidates are not verified search results and are not screened or counted for PRISMA.
MOH-NHIC,ttyqg.vn,DQ-IMPL-03,implementation,"(\responsible AI\"" OR \""AI governance\"" OR \""AI ethics\"") AND (implementation OR adoption OR uptake OR plan OR pilot) AND (Vietnam OR \""Viet Nam\"") AND (health OR hospital OR clinical)""",2,https://ttyqg.vn/?s=%28%5Cresponsible%20AI%5C%22%20OR%20%5C%22AI%20governance%5C%22%20OR%20%5C%22AI%20ethics%5C%22%29%20AND%20%28implementation%20OR%20adoption%20OR%20uptake%20OR%20plan%20OR%20pilot%29%20AND%20%28Vietnam%20OR%20%5C%22Viet%20Nam%5C%22%29%20AND%20%28health%20OR%20hospital%20OR%20clinical%29%22&paged=2,2026-07-31T23:21:24+00:00,,0,URLError: <urlopen error _ssl.c:999: The handshake operation timed out>,raw/moh-nhic-dq-impl-03-p02.body,raw/moh-nhic-dq-impl-03-p02.headers,raw/moh-nhic-dq-impl-03-p02.error.txt,E3B0C44298FC1C149AFBF4C8996FB92427AE41E4649B934CA495991B7852B855,E3B0C44298FC1C149AFBF4C8996FB92427AE41E4649B934CA495991B7852B855,0,0,0,TWO_CONSECUTIVE_PAGES_WITH_NO_NEW_CANDIDATE_URL,Raw capture only; URL candidates are not verified search results and are not screened or counted for PRISMA.
MOH-NHIC,ttyqg.vn,DQ-TOOL-01,implementation_tool,"(\đánh giá tuân thủ\"" OR \""tự đánh giá\"") AND (\""đạo đức AI\"" OR \""AI có trách nhiệm\"")""",1,https://ttyqg.vn/?s=%28%5C%C4%91%C3%A1nh%20gi%C3%A1%20tu%C3%A2n%20th%E1%BB%A7%5C%22%20OR%20%5C%22t%E1%BB%B1%20%C4%91%C3%A1nh%20gi%C3%A1%5C%22%29%20AND%20%28%5C%22%C4%91%E1%BA%A1o%20%C4%91%E1%BB%A9c%20AI%5C%22%20OR%20%5C%22AI%20c%C3%B3%20tr%C3%A1ch%20nhi%E1%BB%87m%5C%22%29%22&paged=1,2026-07-31T23:21:39+00:00,,0,URLError: <urlopen error _ssl.c:999: The handshake operation timed out>,raw/moh-nhic-dq-tool-01-p01.body,raw/moh-nhic-dq-tool-01-p01.headers,raw/moh-nhic-dq-tool-01-p01.error.txt,E3B0C44298FC1C149AFBF4C8996FB92427AE41E4649B934CA495991B7852B855,E3B0C44298FC1C149AFBF4C8996FB92427AE41E4649B934CA495991B7852B855,0,0,0,CONTINUE,Raw capture only; URL candidates are not verified search results and are not screened or counted for PRISMA.
MOH-NHIC,ttyqg.vn,DQ-TOOL-01,implementation_tool,"(\đánh giá tuân thủ\"" OR \""tự đánh giá\"") AND (\""đạo đức AI\"" OR \""AI có trách nhiệm\"")""",2,https://ttyqg.vn/?s=%28%5C%C4%91%C3%A1nh%20gi%C3%A1%20tu%C3%A2n%20th%E1%BB%A7%5C%22%20OR%20%5C%22t%E1%BB%B1%20%C4%91%C3%A1nh%20gi%C3%A1%5C%22%29%20AND%20%28%5C%22%C4%91%E1%BA%A1o%20%C4%91%E1%BB%A9c%20AI%5C%22%20OR%20%5C%22AI%20c%C3%B3%20tr%C3%A1ch%20nhi%E1%BB%87m%5C%22%29%22&paged=2,2026-07-31T23:21:55+00:00,,0,URLError: <urlopen error _ssl.c:999: The handshake operation timed out>,raw/moh-nhic-dq-tool-01-p02.body,raw/moh-nhic-dq-tool-01-p02.headers,raw/moh-nhic-dq-tool-01-p02.error.txt,E3B0C44298FC1C149AFBF4C8996FB92427AE41E4649B934CA495991B7852B855,E3B0C44298FC1C149AFBF4C8996FB92427AE41E4649B934CA495991B7852B855,0,0,0,TWO_CONSECUTIVE_PAGES_WITH_NO_NEW_CANDIDATE_URL,Raw capture only; URL candidates are not verified search results and are not screened or counted for PRISMA.
MOH-NHIC,ttyqg.vn,DQ-TOOL-02,implementation_tool,"(nền tảng OR công cụ) AND (\đánh giá tuân thủ\"" OR \""đánh giá tác động\"") AND (\""AI\"" OR \""trí tuệ nhân tạo\"")""",1,https://ttyqg.vn/?s=%28n%E1%BB%81n%20t%E1%BA%A3ng%20OR%20c%C3%B4ng%20c%E1%BB%A5%29%20AND%20%28%5C%C4%91%C3%A1nh%20gi%C3%A1%20tu%C3%A2n%20th%E1%BB%A7%5C%22%20OR%20%5C%22%C4%91%C3%A1nh%20gi%C3%A1%20t%C3%A1c%20%C4%91%E1%BB%99ng%5C%22%29%20AND%20%28%5C%22AI%5C%22%20OR%20%5C%22tr%C3%AD%20tu%E1%BB%87%20nh%C3%A2n%20t%E1%BA%A1o%5C%22%29%22&paged=1,2026-07-31T23:22:10+00:00,,0,URLError: <urlopen error _ssl.c:999: The handshake operation timed out>,raw/moh-nhic-dq-tool-02-p01.body,raw/moh-nhic-dq-tool-02-p01.headers,raw/moh-nhic-dq-tool-02-p01.error.txt,E3B0C44298FC1C149AFBF4C8996FB92427AE41E4649B934CA495991B7852B855,E3B0C44298FC1C149AFBF4C8996FB92427AE41E4649B934CA495991B7852B855,0,0,0,CONTINUE,Raw capture only; URL candidates are not verified search results and are not screened or counted for PRISMA.
MOH-NHIC,ttyqg.vn,DQ-TOOL-02,implementation_tool,"(nền tảng OR công cụ) AND (\đánh giá tuân thủ\"" OR \""đánh giá tác động\"") AND (\""AI\"" OR \""trí tuệ nhân tạo\"")""",2,https://ttyqg.vn/?s=%28n%E1%BB%81n%20t%E1%BA%A3ng%20OR%20c%C3%B4ng%20c%E1%BB%A5%29%20AND%20%28%5C%C4%91%C3%A1nh%20gi%C3%A1%20tu%C3%A2n%20th%E1%BB%A7%5C%22%20OR%20%5C%22%C4%91%C3%A1nh%20gi%C3%A1%20t%C3%A1c%20%C4%91%E1%BB%99ng%5C%22%29%20AND%20%28%5C%22AI%5C%22%20OR%20%5C%22tr%C3%AD%20tu%E1%BB%87%20nh%C3%A2n%20t%E1%BA%A1o%5C%22%29%22&paged=2,2026-07-31T23:22:25+00:00,,0,URLError: <urlopen error _ssl.c:999: The handshake operation timed out>,raw/moh-nhic-dq-tool-02-p02.body,raw/moh-nhic-dq-tool-02-p02.headers,raw/moh-nhic-dq-tool-02-p02.error.txt,E3B0C44298FC1C149AFBF4C8996FB92427AE41E4649B934CA495991B7852B855,E3B0C44298FC1C149AFBF4C8996FB92427AE41E4649B934CA495991B7852B855,0,0,0,TWO_CONSECUTIVE_PAGES_WITH_NO_NEW_CANDIDATE_URL,Raw capture only; URL candidates are not verified search results and are not screened or counted for PRISMA.
MOH-NHIC,ttyqg.vn,DQ-IMPL-04,implementation,"(\trí tuệ nhân tạo\"" OR AI) AND (\""theo dõi sau triển khai\"" OR hậu kiểm OR \""giám sát sau triển khai\"" OR \""đánh giá hiệu quả\"") AND (y tế OR bệnh viện OR \""Sở Y tế\"")""",1,https://ttyqg.vn/?s=%28%5Ctr%C3%AD%20tu%E1%BB%87%20nh%C3%A2n%20t%E1%BA%A1o%5C%22%20OR%20AI%29%20AND%20%28%5C%22theo%20d%C3%B5i%20sau%20tri%E1%BB%83n%20khai%5C%22%20OR%20h%E1%BA%ADu%20ki%E1%BB%83m%20OR%20%5C%22gi%C3%A1m%20s%C3%A1t%20sau%20tri%E1%BB%83n%20khai%5C%22%20OR%20%5C%22%C4%91%C3%A1nh%20gi%C3%A1%20hi%E1%BB%87u%20qu%E1%BA%A3%5C%22%29%20AND%20%28y%20t%E1%BA%BF%20OR%20b%E1%BB%87nh%20vi%E1%BB%87n%20OR%20%5C%22S%E1%BB%9F%20Y%20t%E1%BA%BF%5C%22%29%22&paged=1,2026-07-31T23:22:41+00:00,,0,URLError: <urlopen error _ssl.c:999: The handshake operation timed out>,raw/moh-nhic-dq-impl-04-p01.body,raw/moh-nhic-dq-impl-04-p01.headers,raw/moh-nhic-dq-impl-04-p01.error.txt,E3B0C44298FC1C149AFBF4C8996FB92427AE41E4649B934CA495991B7852B855,E3B0C44298FC1C149AFBF4C8996FB92427AE41E4649B934CA495991B7852B855,0,0,0,CONTINUE,Raw capture only; URL candidates are not verified search results and are not screened or counted for PRISMA.
MOH-NHIC,ttyqg.vn,DQ-IMPL-04,implementation,"(\trí tuệ nhân tạo\"" OR AI) AND (\""theo dõi sau triển khai\"" OR hậu kiểm OR \""giám sát sau triển khai\"" OR \""đánh giá hiệu quả\"") AND (y tế OR bệnh viện OR \""Sở Y tế\"")""",2,https://ttyqg.vn/?s=%28%5Ctr%C3%AD%20tu%E1%BB%87%20nh%C3%A2n%20t%E1%BA%A1o%5C%22%20OR%20AI%29%20AND%20%28%5C%22theo%20d%C3%B5i%20sau%20tri%E1%BB%83n%20khai%5C%22%20OR%20h%E1%BA%ADu%20ki%E1%BB%83m%20OR%20%5C%22gi%C3%A1m%20s%C3%A1t%20sau%20tri%E1%BB%83n%20khai%5C%22%20OR%20%5C%22%C4%91%C3%A1nh%20gi%C3%A1%20hi%E1%BB%87u%20qu%E1%BA%A3%5C%22%29%20AND%20%28y%20t%E1%BA%BF%20OR%20b%E1%BB%87nh%20vi%E1%BB%87n%20OR%20%5C%22S%E1%BB%9F%20Y%20t%E1%BA%BF%5C%22%29%22&paged=2,2026-07-31T23:22:56+00:00,,0,URLError: <urlopen error _ssl.c:999: The handshake operation timed out>,raw/moh-nhic-dq-impl-04-p02.body,raw/moh-nhic-dq-impl-04-p02.headers,raw/moh-nhic-dq-impl-04-p02.error.txt,E3B0C44298FC1C149AFBF4C8996FB92427AE41E4649B934CA495991B7852B855,E3B0C44298FC1C149AFBF4C8996FB92427AE41E4649B934CA495991B7852B855,0,0,0,TWO_CONSECUTIVE_PAGES_WITH_NO_NEW_CANDIDATE_URL,Raw capture only; URL candidates are not verified search results and are not screened or counted for PRISMA.
MOH-NHIC,ttyqg.vn,DQ-IMPL-05,implementation,"(\trí tuệ nhân tạo\"" OR AI) AND (\""báo cáo sự cố\"" OR \""quản lý chất lượng\"" OR kiểm toán OR thanh tra) AND (y tế OR bệnh viện OR \""Sở Y tế\"")""",1,https://ttyqg.vn/?s=%28%5Ctr%C3%AD%20tu%E1%BB%87%20nh%C3%A2n%20t%E1%BA%A1o%5C%22%20OR%20AI%29%20AND%20%28%5C%22b%C3%A1o%20c%C3%A1o%20s%E1%BB%B1%20c%E1%BB%91%5C%22%20OR%20%5C%22qu%E1%BA%A3n%20l%C3%BD%20ch%E1%BA%A5t%20l%C6%B0%E1%BB%A3ng%5C%22%20OR%20ki%E1%BB%83m%20to%C3%A1n%20OR%20thanh%20tra%29%20AND%20%28y%20t%E1%BA%BF%20OR%20b%E1%BB%87nh%20vi%E1%BB%87n%20OR%20%5C%22S%E1%BB%9F%20Y%20t%E1%BA%BF%5C%22%29%22&paged=1,2026-07-31T23:23:11+00:00,,0,URLError: <urlopen error _ssl.c:999: The handshake operation timed out>,raw/moh-nhic-dq-impl-05-p01.body,raw/moh-nhic-dq-impl-05-p01.headers,raw/moh-nhic-dq-impl-05-p01.error.txt,E3B0C44298FC1C149AFBF4C8996FB92427AE41E4649B934CA495991B7852B855,E3B0C44298FC1C149AFBF4C8996FB92427AE41E4649B934CA495991B7852B855,0,0,0,CONTINUE,Raw capture only; URL candidates are not verified search results and are not screened or counted for PRISMA.
MOH-NHIC,ttyqg.vn,DQ-IMPL-05,implementation,"(\trí tuệ nhân tạo\"" OR AI) AND (\""báo cáo sự cố\"" OR \""quản lý chất lượng\"" OR kiểm toán OR thanh tra) AND (y tế OR bệnh viện OR \""Sở Y tế\"")""",2,https://ttyqg.vn/?s=%28%5Ctr%C3%AD%20tu%E1%BB%87%20nh%C3%A2n%20t%E1%BA%A1o%5C%22%20OR%20AI%29%20AND%20%28%5C%22b%C3%A1o%20c%C3%A1o%20s%E1%BB%B1%20c%E1%BB%91%5C%22%20OR%20%5C%22qu%E1%BA%A3n%20l%C3%BD%20ch%E1%BA%A5t%20l%C6%B0%E1%BB%A3ng%5C%22%20OR%20ki%E1%BB%83m%20to%C3%A1n%20OR%20thanh%20tra%29%20AND%20%28y%20t%E1%BA%BF%20OR%20b%E1%BB%87nh%20vi%E1%BB%87n%20OR%20%5C%22S%E1%BB%9F%20Y%20t%E1%BA%BF%5C%22%29%22&paged=2,2026-07-31T23:23:27+00:00,,0,URLError: <urlopen error _ssl.c:999: The handshake operation timed out>,raw/moh-nhic-dq-impl-05-p02.body,raw/moh-nhic-dq-impl-05-p02.headers,raw/moh-nhic-dq-impl-05-p02.error.txt,E3B0C44298FC1C149AFBF4C8996FB92427AE41E4649B934CA495991B7852B855,E3B0C44298FC1C149AFBF4C8996FB92427AE41E4649B934CA495991B7852B855,0,0,0,TWO_CONSECUTIVE_PAGES_WITH_NO_NEW_CANDIDATE_URL,Raw capture only; URL candidates are not verified search results and are not screened or counted for PRISMA.
MOH-NHIC,ttyqg.vn,DQ-EVID-01,evidence,"(\đạo đức AI\"" OR \""quản trị AI\"") AND (kiểm toán OR thanh tra OR giám sát)""",1,https://ttyqg.vn/?s=%28%5C%C4%91%E1%BA%A1o%20%C4%91%E1%BB%A9c%20AI%5C%22%20OR%20%5C%22qu%E1%BA%A3n%20tr%E1%BB%8B%20AI%5C%22%29%20AND%20%28ki%E1%BB%83m%20to%C3%A1n%20OR%20thanh%20tra%20OR%20gi%C3%A1m%20s%C3%A1t%29%22&paged=1,2026-07-31T23:23:42+00:00,,0,URLError: <urlopen error _ssl.c:999: The handshake operation timed out>,raw/moh-nhic-dq-evid-01-p01.body,raw/moh-nhic-dq-evid-01-p01.headers,raw/moh-nhic-dq-evid-01-p01.error.txt,E3B0C44298FC1C149AFBF4C8996FB92427AE41E4649B934CA495991B7852B855,E3B0C44298FC1C149AFBF4C8996FB92427AE41E4649B934CA495991B7852B855,0,0,0,CONTINUE,Raw capture only; URL candidates are not verified search results and are not screened or counted for PRISMA.
MOH-NHIC,ttyqg.vn,DQ-EVID-01,evidence,"(\đạo đức AI\"" OR \""quản trị AI\"") AND (kiểm toán OR thanh tra OR giám sát)""",2,https://ttyqg.vn/?s=%28%5C%C4%91%E1%BA%A1o%20%C4%91%E1%BB%A9c%20AI%5C%22%20OR%20%5C%22qu%E1%BA%A3n%20tr%E1%BB%8B%20AI%5C%22%29%20AND%20%28ki%E1%BB%83m%20to%C3%A1n%20OR%20thanh%20tra%20OR%20gi%C3%A1m%20s%C3%A1t%29%22&paged=2,2026-07-31T23:23:58+00:00,,0,URLError: <urlopen error _ssl.c:999: The handshake operation timed out>,raw/moh-nhic-dq-evid-01-p02.body,raw/moh-nhic-dq-evid-01-p02.headers,raw/moh-nhic-dq-evid-01-p02.error.txt,E3B0C44298FC1C149AFBF4C8996FB92427AE41E4649B934CA495991B7852B855,E3B0C44298FC1C149AFBF4C8996FB92427AE41E4649B934CA495991B7852B855,0,0,0,TWO_CONSECUTIVE_PAGES_WITH_NO_NEW_CANDIDATE_URL,Raw capture only; URL candidates are not verified search results and are not screened or counted for PRISMA.
MOH-NHIC,ttyqg.vn,DQ-EVID-02,evidence,"(\AI\"" OR \""trí tuệ nhân tạo\"") AND (sự cố OR khiếu nại OR khắc phục) AND (y tế OR bệnh viện)""",1,https://ttyqg.vn/?s=%28%5CAI%5C%22%20OR%20%5C%22tr%C3%AD%20tu%E1%BB%87%20nh%C3%A2n%20t%E1%BA%A1o%5C%22%29%20AND%20%28s%E1%BB%B1%20c%E1%BB%91%20OR%20khi%E1%BA%BFu%20n%E1%BA%A1i%20OR%20kh%E1%BA%AFc%20ph%E1%BB%A5c%29%20AND%20%28y%20t%E1%BA%BF%20OR%20b%E1%BB%87nh%20vi%E1%BB%87n%29%22&paged=1,2026-07-31T23:24:13+00:00,,0,URLError: <urlopen error _ssl.c:999: The handshake operation timed out>,raw/moh-nhic-dq-evid-02-p01.body,raw/moh-nhic-dq-evid-02-p01.headers,raw/moh-nhic-dq-evid-02-p01.error.txt,E3B0C44298FC1C149AFBF4C8996FB92427AE41E4649B934CA495991B7852B855,E3B0C44298FC1C149AFBF4C8996FB92427AE41E4649B934CA495991B7852B855,0,0,0,CONTINUE,Raw capture only; URL candidates are not verified search results and are not screened or counted for PRISMA.
MOH-NHIC,ttyqg.vn,DQ-EVID-02,evidence,"(\AI\"" OR \""trí tuệ nhân tạo\"") AND (sự cố OR khiếu nại OR khắc phục) AND (y tế OR bệnh viện)""",2,https://ttyqg.vn/?s=%28%5CAI%5C%22%20OR%20%5C%22tr%C3%AD%20tu%E1%BB%87%20nh%C3%A2n%20t%E1%BA%A1o%5C%22%29%20AND%20%28s%E1%BB%B1%20c%E1%BB%91%20OR%20khi%E1%BA%BFu%20n%E1%BA%A1i%20OR%20kh%E1%BA%AFc%20ph%E1%BB%A5c%29%20AND%20%28y%20t%E1%BA%BF%20OR%20b%E1%BB%87nh%20vi%E1%BB%87n%29%22&paged=2,2026-07-31T23:24:28+00:00,,0,URLError: <urlopen error _ssl.c:999: The handshake operation timed out>,raw/moh-nhic-dq-evid-02-p02.body,raw/moh-nhic-dq-evid-02-p02.headers,raw/moh-nhic-dq-evid-02-p02.error.txt,E3B0C44298FC1C149AFBF4C8996FB92427AE41E4649B934CA495991B7852B855,E3B0C44298FC1C149AFBF4C8996FB92427AE41E4649B934CA495991B7852B855,0,0,0,TWO_CONSECUTIVE_PAGES_WITH_NO_NEW_CANDIDATE_URL,Raw capture only; URL candidates are not verified search results and are not screened or counted for PRISMA.
MOH-NHIC,ttyqg.vn,DQ-EVID-03,evidence,"(\AI\"" OR \""trí tuệ nhân tạo\"") AND (\""đánh giá tác động\"" OR kết quả) AND (y tế OR bệnh viện)""",1,https://ttyqg.vn/?s=%28%5CAI%5C%22%20OR%20%5C%22tr%C3%AD%20tu%E1%BB%87%20nh%C3%A2n%20t%E1%BA%A1o%5C%22%29%20AND%20%28%5C%22%C4%91%C3%A1nh%20gi%C3%A1%20t%C3%A1c%20%C4%91%E1%BB%99ng%5C%22%20OR%20k%E1%BA%BFt%20qu%E1%BA%A3%29%20AND%20%28y%20t%E1%BA%BF%20OR%20b%E1%BB%87nh%20vi%E1%BB%87n%29%22&paged=1,2026-07-31T23:24:44+00:00,,0,URLError: <urlopen error _ssl.c:999: The handshake operation timed out>,raw/moh-nhic-dq-evid-03-p01.body,raw/moh-nhic-dq-evid-03-p01.headers,raw/moh-nhic-dq-evid-03-p01.error.txt,E3B0C44298FC1C149AFBF4C8996FB92427AE41E4649B934CA495991B7852B855,E3B0C44298FC1C149AFBF4C8996FB92427AE41E4649B934CA495991B7852B855,0,0,0,CONTINUE,Raw capture only; URL candidates are not verified search results and are not screened or counted for PRISMA.
MOH-NHIC,ttyqg.vn,DQ-EVID-03,evidence,"(\AI\"" OR \""trí tuệ nhân tạo\"") AND (\""đánh giá tác động\"" OR kết quả) AND (y tế OR bệnh viện)""",2,https://ttyqg.vn/?s=%28%5CAI%5C%22%20OR%20%5C%22tr%C3%AD%20tu%E1%BB%87%20nh%C3%A2n%20t%E1%BA%A1o%5C%22%29%20AND%20%28%5C%22%C4%91%C3%A1nh%20gi%C3%A1%20t%C3%A1c%20%C4%91%E1%BB%99ng%5C%22%20OR%20k%E1%BA%BFt%20qu%E1%BA%A3%29%20AND%20%28y%20t%E1%BA%BF%20OR%20b%E1%BB%87nh%20vi%E1%BB%87n%29%22&paged=2,2026-07-31T23:24:59+00:00,,0,URLError: <urlopen error _ssl.c:999: The handshake operation timed out>,raw/moh-nhic-dq-evid-03-p02.body,raw/moh-nhic-dq-evid-03-p02.headers,raw/moh-nhic-dq-evid-03-p02.error.txt,E3B0C44298FC1C149AFBF4C8996FB92427AE41E4649B934CA495991B7852B855,E3B0C44298FC1C149AFBF4C8996FB92427AE41E4649B934CA495991B7852B855,0,0,0,TWO_CONSECUTIVE_PAGES_WITH_NO_NEW_CANDIDATE_URL,Raw capture only; URL candidates are not verified search results and are not screened or counted for PRISMA.
MOH-NHIC,ttyqg.vn,DQ-EVID-04,evidence,"(\AI ethics\"" OR \""AI governance\"") AND (audit OR inspection OR monitoring OR incident OR complaint OR redress OR \""impact assessment\"" OR outcome OR result) AND (Vietnam OR \""Viet Nam\"") AND (health OR hospital)""",1,https://ttyqg.vn/?s=%28%5CAI%20ethics%5C%22%20OR%20%5C%22AI%20governance%5C%22%29%20AND%20%28audit%20OR%20inspection%20OR%20monitoring%20OR%20incident%20OR%20complaint%20OR%20redress%20OR%20%5C%22impact%20assessment%5C%22%20OR%20outcome%20OR%20result%29%20AND%20%28Vietnam%20OR%20%5C%22Viet%20Nam%5C%22%29%20AND%20%28health%20OR%20hospital%29%22&paged=1,2026-07-31T23:25:14+00:00,,0,URLError: <urlopen error _ssl.c:999: The handshake operation timed out>,raw/moh-nhic-dq-evid-04-p01.body,raw/moh-nhic-dq-evid-04-p01.headers,raw/moh-nhic-dq-evid-04-p01.error.txt,E3B0C44298FC1C149AFBF4C8996FB92427AE41E4649B934CA495991B7852B855,E3B0C44298FC1C149AFBF4C8996FB92427AE41E4649B934CA495991B7852B855,0,0,0,CONTINUE,Raw capture only; URL candidates are not verified search results and are not screened or counted for PRISMA.
MOH-NHIC,ttyqg.vn,DQ-EVID-04,evidence,"(\AI ethics\"" OR \""AI governance\"") AND (audit OR inspection OR monitoring OR incident OR complaint OR redress OR \""impact assessment\"" OR outcome OR result) AND (Vietnam OR \""Viet Nam\"") AND (health OR hospital)""",2,https://ttyqg.vn/?s=%28%5CAI%20ethics%5C%22%20OR%20%5C%22AI%20governance%5C%22%29%20AND%20%28audit%20OR%20inspection%20OR%20monitoring%20OR%20incident%20OR%20complaint%20OR%20redress%20OR%20%5C%22impact%20assessment%5C%22%20OR%20outcome%20OR%20result%29%20AND%20%28Vietnam%20OR%20%5C%22Viet%20Nam%5C%22%29%20AND%20%28health%20OR%20hospital%29%22&paged=2,2026-07-31T23:25:30+00:00,,0,URLError: <urlopen error _ssl.c:999: The handshake operation timed out>,raw/moh-nhic-dq-evid-04-p02.body,raw/moh-nhic-dq-evid-04-p02.headers,raw/moh-nhic-dq-evid-04-p02.error.txt,E3B0C44298FC1C149AFBF4C8996FB92427AE41E4649B934CA495991B7852B855,E3B0C44298FC1C149AFBF4C8996FB92427AE41E4649B934CA495991B7852B855,0,0,0,TWO_CONSECUTIVE_PAGES_WITH_NO_NEW_CANDIDATE_URL,Raw capture only; URL candidates are not verified search results and are not screened or counted for PRISMA.
MOH-NHIC,ttyqg.vn,DQ-EVID-05,evidence,"(\artificial intelligence\"" OR AI) AND (\""post-implementation monitoring\"" OR \""post-market surveillance\"" OR \""incident reporting\"" OR \""quality management\"" OR \""effectiveness evaluation\"" OR audit) AND (Vietnam OR \""Viet Nam\"") AND (health OR hospital OR \""provincial health department\"")""",1,https://ttyqg.vn/?s=%28%5Cartificial%20intelligence%5C%22%20OR%20AI%29%20AND%20%28%5C%22post-implementation%20monitoring%5C%22%20OR%20%5C%22post-market%20surveillance%5C%22%20OR%20%5C%22incident%20reporting%5C%22%20OR%20%5C%22quality%20management%5C%22%20OR%20%5C%22effectiveness%20evaluation%5C%22%20OR%20audit%29%20AND%20%28Vietnam%20OR%20%5C%22Viet%20Nam%5C%22%29%20AND%20%28health%20OR%20hospital%20OR%20%5C%22provincial%20health%20department%5C%22%29%22&paged=1,2026-07-31T23:25:45+00:00,,0,URLError: <urlopen error _ssl.c:999: The handshake operation timed out>,raw/moh-nhic-dq-evid-05-p01.body,raw/moh-nhic-dq-evid-05-p01.headers,raw/moh-nhic-dq-evid-05-p01.error.txt,E3B0C44298FC1C149AFBF4C8996FB92427AE41E4649B934CA495991B7852B855,E3B0C44298FC1C149AFBF4C8996FB92427AE41E4649B934CA495991B7852B855,0,0,0,CONTINUE,Raw capture only; URL candidates are not verified search results and are not screened or counted for PRISMA.
MOH-NHIC,ttyqg.vn,DQ-EVID-05,evidence,"(\artificial intelligence\"" OR AI) AND (\""post-implementation monitoring\"" OR \""post-market surveillance\"" OR \""incident reporting\"" OR \""quality management\"" OR \""effectiveness evaluation\"" OR audit) AND (Vietnam OR \""Viet Nam\"") AND (health OR hospital OR \""provincial health department\"")""",2,https://ttyqg.vn/?s=%28%5Cartificial%20intelligence%5C%22%20OR%20AI%29%20AND%20%28%5C%22post-implementation%20monitoring%5C%22%20OR%20%5C%22post-market%20surveillance%5C%22%20OR%20%5C%22incident%20reporting%5C%22%20OR%20%5C%22quality%20management%5C%22%20OR%20%5C%22effectiveness%20evaluation%5C%22%20OR%20audit%29%20AND%20%28Vietnam%20OR%20%5C%22Viet%20Nam%5C%22%29%20AND%20%28health%20OR%20hospital%20OR%20%5C%22provincial%20health%20department%5C%22%29%22&paged=2,2026-07-31T23:26:01+00:00,,0,URLError: <urlopen error _ssl.c:999: The handshake operation timed out>,raw/moh-nhic-dq-evid-05-p02.body,raw/moh-nhic-dq-evid-05-p02.headers,raw/moh-nhic-dq-evid-05-p02.error.txt,E3B0C44298FC1C149AFBF4C8996FB92427AE41E4649B934CA495991B7852B855,E3B0C44298FC1C149AFBF4C8996FB92427AE41E4649B934CA495991B7852B855,0,0,0,TWO_CONSECUTIVE_PAGES_WITH_NO_NEW_CANDIDATE_URL,Raw capture only; URL candidates are not verified search results and are not screened or counted for PRISMA.
MOH-PC,vuphapche.moh.gov.vn,DQ-IMPL-01,implementation,"(\đạo đức AI\"" OR \""AI có trách nhiệm\"" OR \""quản trị AI\"") AND (kế hoạch OR triển khai OR áp dụng OR thí điểm)""",1,https://vuphapche.moh.gov.vn/?s=%28%5C%C4%91%E1%BA%A1o%20%C4%91%E1%BB%A9c%20AI%5C%22%20OR%20%5C%22AI%20c%C3%B3%20tr%C3%A1ch%20nhi%E1%BB%87m%5C%22%20OR%20%5C%22qu%E1%BA%A3n%20tr%E1%BB%8B%20AI%5C%22%29%20AND%20%28k%E1%BA%BF%20ho%E1%BA%A1ch%20OR%20tri%E1%BB%83n%20khai%20OR%20%C3%A1p%20d%E1%BB%A5ng%20OR%20th%C3%AD%20%C4%91i%E1%BB%83m%29%22&paged=1,2026-07-31T23:26:16+00:00,,0,URLError: <urlopen error _ssl.c:999: The handshake operation timed out>,raw/moh-pc-dq-impl-01-p01.body,raw/moh-pc-dq-impl-01-p01.headers,raw/moh-pc-dq-impl-01-p01.error.txt,E3B0C44298FC1C149AFBF4C8996FB92427AE41E4649B934CA495991B7852B855,E3B0C44298FC1C149AFBF4C8996FB92427AE41E4649B934CA495991B7852B855,0,0,0,CONTINUE,Raw capture only; URL candidates are not verified search results and are not screened or counted for PRISMA.
MOH-PC,vuphapche.moh.gov.vn,DQ-IMPL-01,implementation,"(\đạo đức AI\"" OR \""AI có trách nhiệm\"" OR \""quản trị AI\"") AND (kế hoạch OR triển khai OR áp dụng OR thí điểm)""",2,https://vuphapche.moh.gov.vn/?s=%28%5C%C4%91%E1%BA%A1o%20%C4%91%E1%BB%A9c%20AI%5C%22%20OR%20%5C%22AI%20c%C3%B3%20tr%C3%A1ch%20nhi%E1%BB%87m%5C%22%20OR%20%5C%22qu%E1%BA%A3n%20tr%E1%BB%8B%20AI%5C%22%29%20AND%20%28k%E1%BA%BF%20ho%E1%BA%A1ch%20OR%20tri%E1%BB%83n%20khai%20OR%20%C3%A1p%20d%E1%BB%A5ng%20OR%20th%C3%AD%20%C4%91i%E1%BB%83m%29%22&paged=2,2026-07-31T23:26:32+00:00,,0,URLError: <urlopen error _ssl.c:999: The handshake operation timed out>,raw/moh-pc-dq-impl-01-p02.body,raw/moh-pc-dq-impl-01-p02.headers,raw/moh-pc-dq-impl-01-p02.error.txt,E3B0C44298FC1C149AFBF4C8996FB92427AE41E4649B934CA495991B7852B855,E3B0C44298FC1C149AFBF4C8996FB92427AE41E4649B934CA495991B7852B855,0,0,0,TWO_CONSECUTIVE_PAGES_WITH_NO_NEW_CANDIDATE_URL,Raw capture only; URL candidates are not verified search results and are not screened or counted for PRISMA.
MOH-PC,vuphapche.moh.gov.vn,DQ-IMPL-02," chữa bệnh\"")""","(\đạo đức AI\"" OR \""AI có trách nhiệm\"" OR \""quản trị AI\"") AND (\""Bộ Y tế\"" OR bệnh viện OR \""cơ sở khám bệnh",1,https://vuphapche.moh.gov.vn/?s=%28%5C%C4%91%E1%BA%A1o%20%C4%91%E1%BB%A9c%20AI%5C%22%20OR%20%5C%22AI%20c%C3%B3%20tr%C3%A1ch%20nhi%E1%BB%87m%5C%22%20OR%20%5C%22qu%E1%BA%A3n%20tr%E1%BB%8B%20AI%5C%22%29%20AND%20%28%5C%22B%E1%BB%99%20Y%20t%E1%BA%BF%5C%22%20OR%20b%E1%BB%87nh%20vi%E1%BB%87n%20OR%20%5C%22c%C6%A1%20s%E1%BB%9F%20kh%C3%A1m%20b%E1%BB%87nh&paged=1,2026-07-31T23:26:47+00:00,,0,URLError: <urlopen error _ssl.c:999: The handshake operation timed out>,raw/moh-pc-dq-impl-02-p01.body,raw/moh-pc-dq-impl-02-p01.headers,raw/moh-pc-dq-impl-02-p01.error.txt,E3B0C44298FC1C149AFBF4C8996FB92427AE41E4649B934CA495991B7852B855,E3B0C44298FC1C149AFBF4C8996FB92427AE41E4649B934CA495991B7852B855,0,0,0,CONTINUE,Raw capture only; URL candidates are not verified search results and are not screened or counted for PRISMA.
MOH-PC,vuphapche.moh.gov.vn,DQ-IMPL-02," chữa bệnh\"")""","(\đạo đức AI\"" OR \""AI có trách nhiệm\"" OR \""quản trị AI\"") AND (\""Bộ Y tế\"" OR bệnh viện OR \""cơ sở khám bệnh",2,https://vuphapche.moh.gov.vn/?s=%28%5C%C4%91%E1%BA%A1o%20%C4%91%E1%BB%A9c%20AI%5C%22%20OR%20%5C%22AI%20c%C3%B3%20tr%C3%A1ch%20nhi%E1%BB%87m%5C%22%20OR%20%5C%22qu%E1%BA%A3n%20tr%E1%BB%8B%20AI%5C%22%29%20AND%20%28%5C%22B%E1%BB%99%20Y%20t%E1%BA%BF%5C%22%20OR%20b%E1%BB%87nh%20vi%E1%BB%87n%20OR%20%5C%22c%C6%A1%20s%E1%BB%9F%20kh%C3%A1m%20b%E1%BB%87nh&paged=2,2026-07-31T23:27:02+00:00,,0,URLError: <urlopen error _ssl.c:999: The handshake operation timed out>,raw/moh-pc-dq-impl-02-p02.body,raw/moh-pc-dq-impl-02-p02.headers,raw/moh-pc-dq-impl-02-p02.error.txt,E3B0C44298FC1C149AFBF4C8996FB92427AE41E4649B934CA495991B7852B855,E3B0C44298FC1C149AFBF4C8996FB92427AE41E4649B934CA495991B7852B855,0,0,0,TWO_CONSECUTIVE_PAGES_WITH_NO_NEW_CANDIDATE_URL,Raw capture only; URL candidates are not verified search results and are not screened or counted for PRISMA.
MOH-PC,vuphapche.moh.gov.vn,DQ-IMPL-03,implementation,"(\responsible AI\"" OR \""AI governance\"" OR \""AI ethics\"") AND (implementation OR adoption OR uptake OR plan OR pilot) AND (Vietnam OR \""Viet Nam\"") AND (health OR hospital OR clinical)""",1,https://vuphapche.moh.gov.vn/?s=%28%5Cresponsible%20AI%5C%22%20OR%20%5C%22AI%20governance%5C%22%20OR%20%5C%22AI%20ethics%5C%22%29%20AND%20%28implementation%20OR%20adoption%20OR%20uptake%20OR%20plan%20OR%20pilot%29%20AND%20%28Vietnam%20OR%20%5C%22Viet%20Nam%5C%22%29%20AND%20%28health%20OR%20hospital%20OR%20clinical%29%22&paged=1,2026-07-31T23:27:18+00:00,,0,URLError: <urlopen error _ssl.c:999: The handshake operation timed out>,raw/moh-pc-dq-impl-03-p01.body,raw/moh-pc-dq-impl-03-p01.headers,raw/moh-pc-dq-impl-03-p01.error.txt,E3B0C44298FC1C149AFBF4C8996FB92427AE41E4649B934CA495991B7852B855,E3B0C44298FC1C149AFBF4C8996FB92427AE41E4649B934CA495991B7852B855,0,0,0,CONTINUE,Raw capture only; URL candidates are not verified search results and are not screened or counted for PRISMA.
MOH-PC,vuphapche.moh.gov.vn,DQ-IMPL-03,implementation,"(\responsible AI\"" OR \""AI governance\"" OR \""AI ethics\"") AND (implementation OR adoption OR uptake OR plan OR pilot) AND (Vietnam OR \""Viet Nam\"") AND (health OR hospital OR clinical)""",2,https://vuphapche.moh.gov.vn/?s=%28%5Cresponsible%20AI%5C%22%20OR%20%5C%22AI%20governance%5C%22%20OR%20%5C%22AI%20ethics%5C%22%29%20AND%20%28implementation%20OR%20adoption%20OR%20uptake%20OR%20plan%20OR%20pilot%29%20AND%20%28Vietnam%20OR%20%5C%22Viet%20Nam%5C%22%29%20AND%20%28health%20OR%20hospital%20OR%20clinical%29%22&paged=2,2026-07-31T23:27:33+00:00,,0,URLError: <urlopen error _ssl.c:999: The handshake operation timed out>,raw/moh-pc-dq-impl-03-p02.body,raw/moh-pc-dq-impl-03-p02.headers,raw/moh-pc-dq-impl-03-p02.error.txt,E3B0C44298FC1C149AFBF4C8996FB92427AE41E4649B934CA495991B7852B855,E3B0C44298FC1C149AFBF4C8996FB92427AE41E4649B934CA495991B7852B855,0,0,0,TWO_CONSECUTIVE_PAGES_WITH_NO_NEW_CANDIDATE_URL,Raw capture only; URL candidates are not verified search results and are not screened or counted for PRISMA.
MOH-PC,vuphapche.moh.gov.vn,DQ-TOOL-01,implementation_tool,"(\đánh giá tuân thủ\"" OR \""tự đánh giá\"") AND (\""đạo đức AI\"" OR \""AI có trách nhiệm\"")""",1,https://vuphapche.moh.gov.vn/?s=%28%5C%C4%91%C3%A1nh%20gi%C3%A1%20tu%C3%A2n%20th%E1%BB%A7%5C%22%20OR%20%5C%22t%E1%BB%B1%20%C4%91%C3%A1nh%20gi%C3%A1%5C%22%29%20AND%20%28%5C%22%C4%91%E1%BA%A1o%20%C4%91%E1%BB%A9c%20AI%5C%22%20OR%20%5C%22AI%20c%C3%B3%20tr%C3%A1ch%20nhi%E1%BB%87m%5C%22%29%22&paged=1,2026-07-31T23:27:48+00:00,,0,URLError: <urlopen error _ssl.c:999: The handshake operation timed out>,raw/moh-pc-dq-tool-01-p01.body,raw/moh-pc-dq-tool-01-p01.headers,raw/moh-pc-dq-tool-01-p01.error.txt,E3B0C44298FC1C149AFBF4C8996FB92427AE41E4649B934CA495991B7852B855,E3B0C44298FC1C149AFBF4C8996FB92427AE41E4649B934CA495991B7852B855,0,0,0,CONTINUE,Raw capture only; URL candidates are not verified search results and are not screened or counted for PRISMA.
MOH-PC,vuphapche.moh.gov.vn,DQ-TOOL-01,implementation_tool,"(\đánh giá tuân thủ\"" OR \""tự đánh giá\"") AND (\""đạo đức AI\"" OR \""AI có trách nhiệm\"")""",2,https://vuphapche.moh.gov.vn/?s=%28%5C%C4%91%C3%A1nh%20gi%C3%A1%20tu%C3%A2n%20th%E1%BB%A7%5C%22%20OR%20%5C%22t%E1%BB%B1%20%C4%91%C3%A1nh%20gi%C3%A1%5C%22%29%20AND%20%28%5C%22%C4%91%E1%BA%A1o%20%C4%91%E1%BB%A9c%20AI%5C%22%20OR%20%5C%22AI%20c%C3%B3%20tr%C3%A1ch%20nhi%E1%BB%87m%5C%22%29%22&paged=2,2026-07-31T23:28:04+00:00,,0,URLError: <urlopen error _ssl.c:999: The handshake operation timed out>,raw/moh-pc-dq-tool-01-p02.body,raw/moh-pc-dq-tool-01-p02.headers,raw/moh-pc-dq-tool-01-p02.error.txt,E3B0C44298FC1C149AFBF4C8996FB92427AE41E4649B934CA495991B7852B855,E3B0C44298FC1C149AFBF4C8996FB92427AE41E4649B934CA495991B7852B855,0,0,0,TWO_CONSECUTIVE_PAGES_WITH_NO_NEW_CANDIDATE_URL,Raw capture only; URL candidates are not verified search results and are not screened or counted for PRISMA.
MOH-PC,vuphapche.moh.gov.vn,DQ-TOOL-02,implementation_tool,"(nền tảng OR công cụ) AND (\đánh giá tuân thủ\"" OR \""đánh giá tác động\"") AND (\""AI\"" OR \""trí tuệ nhân tạo\"")""",1,https://vuphapche.moh.gov.vn/?s=%28n%E1%BB%81n%20t%E1%BA%A3ng%20OR%20c%C3%B4ng%20c%E1%BB%A5%29%20AND%20%28%5C%C4%91%C3%A1nh%20gi%C3%A1%20tu%C3%A2n%20th%E1%BB%A7%5C%22%20OR%20%5C%22%C4%91%C3%A1nh%20gi%C3%A1%20t%C3%A1c%20%C4%91%E1%BB%99ng%5C%22%29%20AND%20%28%5C%22AI%5C%22%20OR%20%5C%22tr%C3%AD%20tu%E1%BB%87%20nh%C3%A2n%20t%E1%BA%A1o%5C%22%29%22&paged=1,2026-07-31T23:28:19+00:00,,0,URLError: <urlopen error _ssl.c:999: The handshake operation timed out>,raw/moh-pc-dq-tool-02-p01.body,raw/moh-pc-dq-tool-02-p01.headers,raw/moh-pc-dq-tool-02-p01.error.txt,E3B0C44298FC1C149AFBF4C8996FB92427AE41E4649B934CA495991B7852B855,E3B0C44298FC1C149AFBF4C8996FB92427AE41E4649B934CA495991B7852B855,0,0,0,CONTINUE,Raw capture only; URL candidates are not verified search results and are not screened or counted for PRISMA.
MOH-PC,vuphapche.moh.gov.vn,DQ-TOOL-02,implementation_tool,"(nền tảng OR công cụ) AND (\đánh giá tuân thủ\"" OR \""đánh giá tác động\"") AND (\""AI\"" OR \""trí tuệ nhân tạo\"")""",2,https://vuphapche.moh.gov.vn/?s=%28n%E1%BB%81n%20t%E1%BA%A3ng%20OR%20c%C3%B4ng%20c%E1%BB%A5%29%20AND%20%28%5C%C4%91%C3%A1nh%20gi%C3%A1%20tu%C3%A2n%20th%E1%BB%A7%5C%22%20OR%20%5C%22%C4%91%C3%A1nh%20gi%C3%A1%20t%C3%A1c%20%C4%91%E1%BB%99ng%5C%22%29%20AND%20%28%5C%22AI%5C%22%20OR%20%5C%22tr%C3%AD%20tu%E1%BB%87%20nh%C3%A2n%20t%E1%BA%A1o%5C%22%29%22&paged=2,2026-07-31T23:28:35+00:00,,0,URLError: <urlopen error _ssl.c:999: The handshake operation timed out>,raw/moh-pc-dq-tool-02-p02.body,raw/moh-pc-dq-tool-02-p02.headers,raw/moh-pc-dq-tool-02-p02.error.txt,E3B0C44298FC1C149AFBF4C8996FB92427AE41E4649B934CA495991B7852B855,E3B0C44298FC1C149AFBF4C8996FB92427AE41E4649B934CA495991B7852B855,0,0,0,TWO_CONSECUTIVE_PAGES_WITH_NO_NEW_CANDIDATE_URL,Raw capture only; URL candidates are not verified search results and are not screened or counted for PRISMA.
MOH-PC,vuphapche.moh.gov.vn,DQ-IMPL-04,implementation,"(\trí tuệ nhân tạo\"" OR AI) AND (\""theo dõi sau triển khai\"" OR hậu kiểm OR \""giám sát sau triển khai\"" OR \""đánh giá hiệu quả\"") AND (y tế OR bệnh viện OR \""Sở Y tế\"")""",1,https://vuphapche.moh.gov.vn/?s=%28%5Ctr%C3%AD%20tu%E1%BB%87%20nh%C3%A2n%20t%E1%BA%A1o%5C%22%20OR%20AI%29%20AND%20%28%5C%22theo%20d%C3%B5i%20sau%20tri%E1%BB%83n%20khai%5C%22%20OR%20h%E1%BA%ADu%20ki%E1%BB%83m%20OR%20%5C%22gi%C3%A1m%20s%C3%A1t%20sau%20tri%E1%BB%83n%20khai%5C%22%20OR%20%5C%22%C4%91%C3%A1nh%20gi%C3%A1%20hi%E1%BB%87u%20qu%E1%BA%A3%5C%22%29%20AND%20%28y%20t%E1%BA%BF%20OR%20b%E1%BB%87nh%20vi%E1%BB%87n%20OR%20%5C%22S%E1%BB%9F%20Y%20t%E1%BA%BF%5C%22%29%22&paged=1,2026-07-31T23:28:50+00:00,,0,URLError: <urlopen error _ssl.c:999: The handshake operation timed out>,raw/moh-pc-dq-impl-04-p01.body,raw/moh-pc-dq-impl-04-p01.headers,raw/moh-pc-dq-impl-04-p01.error.txt,E3B0C44298FC1C149AFBF4C8996FB92427AE41E4649B934CA495991B7852B855,E3B0C44298FC1C149AFBF4C8996FB92427AE41E4649B934CA495991B7852B855,0,0,0,CONTINUE,Raw capture only; URL candidates are not verified search results and are not screened or counted for PRISMA.
MOH-PC,vuphapche.moh.gov.vn,DQ-IMPL-04,implementation,"(\trí tuệ nhân tạo\"" OR AI) AND (\""theo dõi sau triển khai\"" OR hậu kiểm OR \""giám sát sau triển khai\"" OR \""đánh giá hiệu quả\"") AND (y tế OR bệnh viện OR \""Sở Y tế\"")""",2,https://vuphapche.moh.gov.vn/?s=%28%5Ctr%C3%AD%20tu%E1%BB%87%20nh%C3%A2n%20t%E1%BA%A1o%5C%22%20OR%20AI%29%20AND%20%28%5C%22theo%20d%C3%B5i%20sau%20tri%E1%BB%83n%20khai%5C%22%20OR%20h%E1%BA%ADu%20ki%E1%BB%83m%20OR%20%5C%22gi%C3%A1m%20s%C3%A1t%20sau%20tri%E1%BB%83n%20khai%5C%22%20OR%20%5C%22%C4%91%C3%A1nh%20gi%C3%A1%20hi%E1%BB%87u%20qu%E1%BA%A3%5C%22%29%20AND%20%28y%20t%E1%BA%BF%20OR%20b%E1%BB%87nh%20vi%E1%BB%87n%20OR%20%5C%22S%E1%BB%9F%20Y%20t%E1%BA%BF%5C%22%29%22&paged=2,2026-07-31T23:29:05+00:00,,0,URLError: <urlopen error _ssl.c:999: The handshake operation timed out>,raw/moh-pc-dq-impl-04-p02.body,raw/moh-pc-dq-impl-04-p02.headers,raw/moh-pc-dq-impl-04-p02.error.txt,E3B0C44298FC1C149AFBF4C8996FB92427AE41E4649B934CA495991B7852B855,E3B0C44298FC1C149AFBF4C8996FB92427AE41E4649B934CA495991B7852B855,0,0,0,TWO_CONSECUTIVE_PAGES_WITH_NO_NEW_CANDIDATE_URL,Raw capture only; URL candidates are not verified search results and are not screened or counted for PRISMA.
MOH-PC,vuphapche.moh.gov.vn,DQ-IMPL-05,implementation,"(\trí tuệ nhân tạo\"" OR AI) AND (\""báo cáo sự cố\"" OR \""quản lý chất lượng\"" OR kiểm toán OR thanh tra) AND (y tế OR bệnh viện OR \""Sở Y tế\"")""",1,https://vuphapche.moh.gov.vn/?s=%28%5Ctr%C3%AD%20tu%E1%BB%87%20nh%C3%A2n%20t%E1%BA%A1o%5C%22%20OR%20AI%29%20AND%20%28%5C%22b%C3%A1o%20c%C3%A1o%20s%E1%BB%B1%20c%E1%BB%91%5C%22%20OR%20%5C%22qu%E1%BA%A3n%20l%C3%BD%20ch%E1%BA%A5t%20l%C6%B0%E1%BB%A3ng%5C%22%20OR%20ki%E1%BB%83m%20to%C3%A1n%20OR%20thanh%20tra%29%20AND%20%28y%20t%E1%BA%BF%20OR%20b%E1%BB%87nh%20vi%E1%BB%87n%20OR%20%5C%22S%E1%BB%9F%20Y%20t%E1%BA%BF%5C%22%29%22&paged=1,2026-07-31T23:29:21+00:00,,0,URLError: <urlopen error _ssl.c:999: The handshake operation timed out>,raw/moh-pc-dq-impl-05-p01.body,raw/moh-pc-dq-impl-05-p01.headers,raw/moh-pc-dq-impl-05-p01.error.txt,E3B0C44298FC1C149AFBF4C8996FB92427AE41E4649B934CA495991B7852B855,E3B0C44298FC1C149AFBF4C8996FB92427AE41E4649B934CA495991B7852B855,0,0,0,CONTINUE,Raw capture only; URL candidates are not verified search results and are not screened or counted for PRISMA.
MOH-PC,vuphapche.moh.gov.vn,DQ-IMPL-05,implementation,"(\trí tuệ nhân tạo\"" OR AI) AND (\""báo cáo sự cố\"" OR \""quản lý chất lượng\"" OR kiểm toán OR thanh tra) AND (y tế OR bệnh viện OR \""Sở Y tế\"")""",2,https://vuphapche.moh.gov.vn/?s=%28%5Ctr%C3%AD%20tu%E1%BB%87%20nh%C3%A2n%20t%E1%BA%A1o%5C%22%20OR%20AI%29%20AND%20%28%5C%22b%C3%A1o%20c%C3%A1o%20s%E1%BB%B1%20c%E1%BB%91%5C%22%20OR%20%5C%22qu%E1%BA%A3n%20l%C3%BD%20ch%E1%BA%A5t%20l%C6%B0%E1%BB%A3ng%5C%22%20OR%20ki%E1%BB%83m%20to%C3%A1n%20OR%20thanh%20tra%29%20AND%20%28y%20t%E1%BA%BF%20OR%20b%E1%BB%87nh%20vi%E1%BB%87n%20OR%20%5C%22S%E1%BB%9F%20Y%20t%E1%BA%BF%5C%22%29%22&paged=2,2026-07-31T23:29:36+00:00,,0,URLError: <urlopen error _ssl.c:999: The handshake operation timed out>,raw/moh-pc-dq-impl-05-p02.body,raw/moh-pc-dq-impl-05-p02.headers,raw/moh-pc-dq-impl-05-p02.error.txt,E3B0C44298FC1C149AFBF4C8996FB92427AE41E4649B934CA495991B7852B855,E3B0C44298FC1C149AFBF4C8996FB92427AE41E4649B934CA495991B7852B855,0,0,0,TWO_CONSECUTIVE_PAGES_WITH_NO_NEW_CANDIDATE_URL,Raw capture only; URL candidates are not verified search results and are not screened or counted for PRISMA.
MOH-PC,vuphapche.moh.gov.vn,DQ-EVID-01,evidence,"(\đạo đức AI\"" OR \""quản trị AI\"") AND (kiểm toán OR thanh tra OR giám sát)""",1,https://vuphapche.moh.gov.vn/?s=%28%5C%C4%91%E1%BA%A1o%20%C4%91%E1%BB%A9c%20AI%5C%22%20OR%20%5C%22qu%E1%BA%A3n%20tr%E1%BB%8B%20AI%5C%22%29%20AND%20%28ki%E1%BB%83m%20to%C3%A1n%20OR%20thanh%20tra%20OR%20gi%C3%A1m%20s%C3%A1t%29%22&paged=1,2026-07-31T23:29:51+00:00,,0,URLError: <urlopen error _ssl.c:999: The handshake operation timed out>,raw/moh-pc-dq-evid-01-p01.body,raw/moh-pc-dq-evid-01-p01.headers,raw/moh-pc-dq-evid-01-p01.error.txt,E3B0C44298FC1C149AFBF4C8996FB92427AE41E4649B934CA495991B7852B855,E3B0C44298FC1C149AFBF4C8996FB92427AE41E4649B934CA495991B7852B855,0,0,0,CONTINUE,Raw capture only; URL candidates are not verified search results and are not screened or counted for PRISMA.
MOH-PC,vuphapche.moh.gov.vn,DQ-EVID-01,evidence,"(\đạo đức AI\"" OR \""quản trị AI\"") AND (kiểm toán OR thanh tra OR giám sát)""",2,https://vuphapche.moh.gov.vn/?s=%28%5C%C4%91%E1%BA%A1o%20%C4%91%E1%BB%A9c%20AI%5C%22%20OR%20%5C%22qu%E1%BA%A3n%20tr%E1%BB%8B%20AI%5C%22%29%20AND%20%28ki%E1%BB%83m%20to%C3%A1n%20OR%20thanh%20tra%20OR%20gi%C3%A1m%20s%C3%A1t%29%22&paged=2,2026-07-31T23:30:07+00:00,,0,URLError: <urlopen error _ssl.c:999: The handshake operation timed out>,raw/moh-pc-dq-evid-01-p02.body,raw/moh-pc-dq-evid-01-p02.headers,raw/moh-pc-dq-evid-01-p02.error.txt,E3B0C44298FC1C149AFBF4C8996FB92427AE41E4649B934CA495991B7852B855,E3B0C44298FC1C149AFBF4C8996FB92427AE41E4649B934CA495991B7852B855,0,0,0,TWO_CONSECUTIVE_PAGES_WITH_NO_NEW_CANDIDATE_URL,Raw capture only; URL candidates are not verified search results and are not screened or counted for PRISMA.
MOH-PC,vuphapche.moh.gov.vn,DQ-EVID-02,evidence,"(\AI\"" OR \""trí tuệ nhân tạo\"") AND (sự cố OR khiếu nại OR khắc phục) AND (y tế OR bệnh viện)""",1,https://vuphapche.moh.gov.vn/?s=%28%5CAI%5C%22%20OR%20%5C%22tr%C3%AD%20tu%E1%BB%87%20nh%C3%A2n%20t%E1%BA%A1o%5C%22%29%20AND%20%28s%E1%BB%B1%20c%E1%BB%91%20OR%20khi%E1%BA%BFu%20n%E1%BA%A1i%20OR%20kh%E1%BA%AFc%20ph%E1%BB%A5c%29%20AND%20%28y%20t%E1%BA%BF%20OR%20b%E1%BB%87nh%20vi%E1%BB%87n%29%22&paged=1,2026-07-31T23:30:22+00:00,,0,URLError: <urlopen error _ssl.c:999: The handshake operation timed out>,raw/moh-pc-dq-evid-02-p01.body,raw/moh-pc-dq-evid-02-p01.headers,raw/moh-pc-dq-evid-02-p01.error.txt,E3B0C44298FC1C149AFBF4C8996FB92427AE41E4649B934CA495991B7852B855,E3B0C44298FC1C149AFBF4C8996FB92427AE41E4649B934CA495991B7852B855,0,0,0,CONTINUE,Raw capture only; URL candidates are not verified search results and are not screened or counted for PRISMA.
MOH-PC,vuphapche.moh.gov.vn,DQ-EVID-02,evidence,"(\AI\"" OR \""trí tuệ nhân tạo\"") AND (sự cố OR khiếu nại OR khắc phục) AND (y tế OR bệnh viện)""",2,https://vuphapche.moh.gov.vn/?s=%28%5CAI%5C%22%20OR%20%5C%22tr%C3%AD%20tu%E1%BB%87%20nh%C3%A2n%20t%E1%BA%A1o%5C%22%29%20AND%20%28s%E1%BB%B1%20c%E1%BB%91%20OR%20khi%E1%BA%BFu%20n%E1%BA%A1i%20OR%20kh%E1%BA%AFc%20ph%E1%BB%A5c%29%20AND%20%28y%20t%E1%BA%BF%20OR%20b%E1%BB%87nh%20vi%E1%BB%87n%29%22&paged=2,2026-07-31T23:30:38+00:00,,0,URLError: <urlopen error _ssl.c:999: The handshake operation timed out>,raw/moh-pc-dq-evid-02-p02.body,raw/moh-pc-dq-evid-02-p02.headers,raw/moh-pc-dq-evid-02-p02.error.txt,E3B0C44298FC1C149AFBF4C8996FB92427AE41E4649B934CA495991B7852B855,E3B0C44298FC1C149AFBF4C8996FB92427AE41E4649B934CA495991B7852B855,0,0,0,TWO_CONSECUTIVE_PAGES_WITH_NO_NEW_CANDIDATE_URL,Raw capture only; URL candidates are not verified search results and are not screened or counted for PRISMA.
MOH-PC,vuphapche.moh.gov.vn,DQ-EVID-03,evidence,"(\AI\"" OR \""trí tuệ nhân tạo\"") AND (\""đánh giá tác động\"" OR kết quả) AND (y tế OR bệnh viện)""",1,https://vuphapche.moh.gov.vn/?s=%28%5CAI%5C%22%20OR%20%5C%22tr%C3%AD%20tu%E1%BB%87%20nh%C3%A2n%20t%E1%BA%A1o%5C%22%29%20AND%20%28%5C%22%C4%91%C3%A1nh%20gi%C3%A1%20t%C3%A1c%20%C4%91%E1%BB%99ng%5C%22%20OR%20k%E1%BA%BFt%20qu%E1%BA%A3%29%20AND%20%28y%20t%E1%BA%BF%20OR%20b%E1%BB%87nh%20vi%E1%BB%87n%29%22&paged=1,2026-07-31T23:30:53+00:00,,0,URLError: <urlopen error _ssl.c:999: The handshake operation timed out>,raw/moh-pc-dq-evid-03-p01.body,raw/moh-pc-dq-evid-03-p01.headers,raw/moh-pc-dq-evid-03-p01.error.txt,E3B0C44298FC1C149AFBF4C8996FB92427AE41E4649B934CA495991B7852B855,E3B0C44298FC1C149AFBF4C8996FB92427AE41E4649B934CA495991B7852B855,0,0,0,CONTINUE,Raw capture only; URL candidates are not verified search results and are not screened or counted for PRISMA.
MOH-PC,vuphapche.moh.gov.vn,DQ-EVID-03,evidence,"(\AI\"" OR \""trí tuệ nhân tạo\"") AND (\""đánh giá tác động\"" OR kết quả) AND (y tế OR bệnh viện)""",2,https://vuphapche.moh.gov.vn/?s=%28%5CAI%5C%22%20OR%20%5C%22tr%C3%AD%20tu%E1%BB%87%20nh%C3%A2n%20t%E1%BA%A1o%5C%22%29%20AND%20%28%5C%22%C4%91%C3%A1nh%20gi%C3%A1%20t%C3%A1c%20%C4%91%E1%BB%99ng%5C%22%20OR%20k%E1%BA%BFt%20qu%E1%BA%A3%29%20AND%20%28y%20t%E1%BA%BF%20OR%20b%E1%BB%87nh%20vi%E1%BB%87n%29%22&paged=2,2026-07-31T23:31:08+00:00,,0,URLError: <urlopen error _ssl.c:999: The handshake operation timed out>,raw/moh-pc-dq-evid-03-p02.body,raw/moh-pc-dq-evid-03-p02.headers,raw/moh-pc-dq-evid-03-p02.error.txt,E3B0C44298FC1C149AFBF4C8996FB92427AE41E4649B934CA495991B7852B855,E3B0C44298FC1C149AFBF4C8996FB92427AE41E4649B934CA495991B7852B855,0,0,0,TWO_CONSECUTIVE_PAGES_WITH_NO_NEW_CANDIDATE_URL,Raw capture only; URL candidates are not verified search results and are not screened or counted for PRISMA.
MOH-PC,vuphapche.moh.gov.vn,DQ-EVID-04,evidence,"(\AI ethics\"" OR \""AI governance\"") AND (audit OR inspection OR monitoring OR incident OR complaint OR redress OR \""impact assessment\"" OR outcome OR result) AND (Vietnam OR \""Viet Nam\"") AND (health OR hospital)""",1,https://vuphapche.moh.gov.vn/?s=%28%5CAI%20ethics%5C%22%20OR%20%5C%22AI%20governance%5C%22%29%20AND%20%28audit%20OR%20inspection%20OR%20monitoring%20OR%20incident%20OR%20complaint%20OR%20redress%20OR%20%5C%22impact%20assessment%5C%22%20OR%20outcome%20OR%20result%29%20AND%20%28Vietnam%20OR%20%5C%22Viet%20Nam%5C%22%29%20AND%20%28health%20OR%20hospital%29%22&paged=1,2026-07-31T23:31:24+00:00,,0,URLError: <urlopen error _ssl.c:999: The handshake operation timed out>,raw/moh-pc-dq-evid-04-p01.body,raw/moh-pc-dq-evid-04-p01.headers,raw/moh-pc-dq-evid-04-p01.error.txt,E3B0C44298FC1C149AFBF4C8996FB92427AE41E4649B934CA495991B7852B855,E3B0C44298FC1C149AFBF4C8996FB92427AE41E4649B934CA495991B7852B855,0,0,0,CONTINUE,Raw capture only; URL candidates are not verified search results and are not screened or counted for PRISMA.
MOH-PC,vuphapche.moh.gov.vn,DQ-EVID-04,evidence,"(\AI ethics\"" OR \""AI governance\"") AND (audit OR inspection OR monitoring OR incident OR complaint OR redress OR \""impact assessment\"" OR outcome OR result) AND (Vietnam OR \""Viet Nam\"") AND (health OR hospital)""",2,https://vuphapche.moh.gov.vn/?s=%28%5CAI%20ethics%5C%22%20OR%20%5C%22AI%20governance%5C%22%29%20AND%20%28audit%20OR%20inspection%20OR%20monitoring%20OR%20incident%20OR%20complaint%20OR%20redress%20OR%20%5C%22impact%20assessment%5C%22%20OR%20outcome%20OR%20result%29%20AND%20%28Vietnam%20OR%20%5C%22Viet%20Nam%5C%22%29%20AND%20%28health%20OR%20hospital%29%22&paged=2,2026-07-31T23:31:39+00:00,,0,URLError: <urlopen error _ssl.c:999: The handshake operation timed out>,raw/moh-pc-dq-evid-04-p02.body,raw/moh-pc-dq-evid-04-p02.headers,raw/moh-pc-dq-evid-04-p02.error.txt,E3B0C44298FC1C149AFBF4C8996FB92427AE41E4649B934CA495991B7852B855,E3B0C44298FC1C149AFBF4C8996FB92427AE41E4649B934CA495991B7852B855,0,0,0,TWO_CONSECUTIVE_PAGES_WITH_NO_NEW_CANDIDATE_URL,Raw capture only; URL candidates are not verified search results and are not screened or counted for PRISMA.
MOH-PC,vuphapche.moh.gov.vn,DQ-EVID-05,evidence,"(\artificial intelligence\"" OR AI) AND (\""post-implementation monitoring\"" OR \""post-market surveillance\"" OR \""incident reporting\"" OR \""quality management\"" OR \""effectiveness evaluation\"" OR audit) AND (Vietnam OR \""Viet Nam\"") AND (health OR hospital OR \""provincial health department\"")""",1,https://vuphapche.moh.gov.vn/?s=%28%5Cartificial%20intelligence%5C%22%20OR%20AI%29%20AND%20%28%5C%22post-implementation%20monitoring%5C%22%20OR%20%5C%22post-market%20surveillance%5C%22%20OR%20%5C%22incident%20reporting%5C%22%20OR%20%5C%22quality%20management%5C%22%20OR%20%5C%22effectiveness%20evaluation%5C%22%20OR%20audit%29%20AND%20%28Vietnam%20OR%20%5C%22Viet%20Nam%5C%22%29%20AND%20%28health%20OR%20hospital%20OR%20%5C%22provincial%20health%20department%5C%22%29%22&paged=1,2026-07-31T23:31:54+00:00,,0,URLError: <urlopen error _ssl.c:999: The handshake operation timed out>,raw/moh-pc-dq-evid-05-p01.body,raw/moh-pc-dq-evid-05-p01.headers,raw/moh-pc-dq-evid-05-p01.error.txt,E3B0C44298FC1C149AFBF4C8996FB92427AE41E4649B934CA495991B7852B855,E3B0C44298FC1C149AFBF4C8996FB92427AE41E4649B934CA495991B7852B855,0,0,0,CONTINUE,Raw capture only; URL candidates are not verified search results and are not screened or counted for PRISMA.
MOH-PC,vuphapche.moh.gov.vn,DQ-EVID-05,evidence,"(\artificial intelligence\"" OR AI) AND (\""post-implementation monitoring\"" OR \""post-market surveillance\"" OR \""incident reporting\"" OR \""quality management\"" OR \""effectiveness evaluation\"" OR audit) AND (Vietnam OR \""Viet Nam\"") AND (health OR hospital OR \""provincial health department\"")""",2,https://vuphapche.moh.gov.vn/?s=%28%5Cartificial%20intelligence%5C%22%20OR%20AI%29%20AND%20%28%5C%22post-implementation%20monitoring%5C%22%20OR%20%5C%22post-market%20surveillance%5C%22%20OR%20%5C%22incident%20reporting%5C%22%20OR%20%5C%22quality%20management%5C%22%20OR%20%5C%22effectiveness%20evaluation%5C%22%20OR%20audit%29%20AND%20%28Vietnam%20OR%20%5C%22Viet%20Nam%5C%22%29%20AND%20%28health%20OR%20hospital%20OR%20%5C%22provincial%20health%20department%5C%22%29%22&paged=2,2026-07-31T23:32:10+00:00,,0,URLError: <urlopen error _ssl.c:999: The handshake operation timed out>,raw/moh-pc-dq-evid-05-p02.body,raw/moh-pc-dq-evid-05-p02.headers,raw/moh-pc-dq-evid-05-p02.error.txt,E3B0C44298FC1C149AFBF4C8996FB92427AE41E4649B934CA495991B7852B855,E3B0C44298FC1C149AFBF4C8996FB92427AE41E4649B934CA495991B7852B855,0,0,0,TWO_CONSECUTIVE_PAGES_WITH_NO_NEW_CANDIDATE_URL,Raw capture only; URL candidates are not verified search results and are not screened or counted for PRISMA.
MOH-HSPI,hspi.org.vn,DQ-IMPL-01,implementation,"(\đạo đức AI\"" OR \""AI có trách nhiệm\"" OR \""quản trị AI\"") AND (kế hoạch OR triển khai OR áp dụng OR thí điểm)""",1,https://hspi.org.vn/news/find?txtKw=%28%5C%C4%91%E1%BA%A1o%20%C4%91%E1%BB%A9c%20AI%5C%22%20OR%20%5C%22AI%20c%C3%B3%20tr%C3%A1ch%20nhi%E1%BB%87m%5C%22%20OR%20%5C%22qu%E1%BA%A3n%20tr%E1%BB%8B%20AI%5C%22%29%20AND%20%28k%E1%BA%BF%20ho%E1%BA%A1ch%20OR%20tri%E1%BB%83n%20khai%20OR%20%C3%A1p%20d%E1%BB%A5ng%20OR%20th%C3%AD%20%C4%91i%E1%BB%83m%29%22&page=1,2026-07-31T23:32:25+00:00,500,1789,HTTPError: Internal Server Error,raw/moh-hspi-dq-impl-01-p01.body,raw/moh-hspi-dq-impl-01-p01.headers,raw/moh-hspi-dq-impl-01-p01.error.txt,E4B53791E6F0E3F268316B5E2047971C0F199BEF1A887E28AC5658439F1C0641,13A7CF2916568FBBEFD1776762ABEF33DF0581B73A4CC7C6CD1E2DD38F474666,0,0,0,CONTINUE,Raw capture only; URL candidates are not verified search results and are not screened or counted for PRISMA.
MOH-HSPI,hspi.org.vn,DQ-IMPL-01,implementation,"(\đạo đức AI\"" OR \""AI có trách nhiệm\"" OR \""quản trị AI\"") AND (kế hoạch OR triển khai OR áp dụng OR thí điểm)""",2,https://hspi.org.vn/news/find?txtKw=%28%5C%C4%91%E1%BA%A1o%20%C4%91%E1%BB%A9c%20AI%5C%22%20OR%20%5C%22AI%20c%C3%B3%20tr%C3%A1ch%20nhi%E1%BB%87m%5C%22%20OR%20%5C%22qu%E1%BA%A3n%20tr%E1%BB%8B%20AI%5C%22%29%20AND%20%28k%E1%BA%BF%20ho%E1%BA%A1ch%20OR%20tri%E1%BB%83n%20khai%20OR%20%C3%A1p%20d%E1%BB%A5ng%20OR%20th%C3%AD%20%C4%91i%E1%BB%83m%29%22&page=2,2026-07-31T23:32:31+00:00,500,1789,HTTPError: Internal Server Error,raw/moh-hspi-dq-impl-01-p02.body,raw/moh-hspi-dq-impl-01-p02.headers,raw/moh-hspi-dq-impl-01-p02.error.txt,E4B53791E6F0E3F268316B5E2047971C0F199BEF1A887E28AC5658439F1C0641,E83C530D63D0F4CF90CA2DBCEA18D7C0F11AE04AA6B5B355F1C8569016379D73,0,0,0,TWO_CONSECUTIVE_PAGES_WITH_NO_NEW_CANDIDATE_URL,Raw capture only; URL candidates are not verified search results and are not screened or counted for PRISMA.
MOH-HSPI,hspi.org.vn,DQ-IMPL-02," chữa bệnh\"")""","(\đạo đức AI\"" OR \""AI có trách nhiệm\"" OR \""quản trị AI\"") AND (\""Bộ Y tế\"" OR bệnh viện OR \""cơ sở khám bệnh",1,https://hspi.org.vn/news/find?txtKw=%28%5C%C4%91%E1%BA%A1o%20%C4%91%E1%BB%A9c%20AI%5C%22%20OR%20%5C%22AI%20c%C3%B3%20tr%C3%A1ch%20nhi%E1%BB%87m%5C%22%20OR%20%5C%22qu%E1%BA%A3n%20tr%E1%BB%8B%20AI%5C%22%29%20AND%20%28%5C%22B%E1%BB%99%20Y%20t%E1%BA%BF%5C%22%20OR%20b%E1%BB%87nh%20vi%E1%BB%87n%20OR%20%5C%22c%C6%A1%20s%E1%BB%9F%20kh%C3%A1m%20b%E1%BB%87nh&page=1,2026-07-31T23:32:34+00:00,500,1789,HTTPError: Internal Server Error,raw/moh-hspi-dq-impl-02-p01.body,raw/moh-hspi-dq-impl-02-p01.headers,raw/moh-hspi-dq-impl-02-p01.error.txt,E4B53791E6F0E3F268316B5E2047971C0F199BEF1A887E28AC5658439F1C0641,399FA39EBB5895B69904C57FE8A66C2BB5672EB1C4392D78F21F9D44AF4EAAE8,0,0,0,CONTINUE,Raw capture only; URL candidates are not verified search results and are not screened or counted for PRISMA.
MOH-HSPI,hspi.org.vn,DQ-IMPL-02," chữa bệnh\"")""","(\đạo đức AI\"" OR \""AI có trách nhiệm\"" OR \""quản trị AI\"") AND (\""Bộ Y tế\"" OR bệnh viện OR \""cơ sở khám bệnh",2,https://hspi.org.vn/news/find?txtKw=%28%5C%C4%91%E1%BA%A1o%20%C4%91%E1%BB%A9c%20AI%5C%22%20OR%20%5C%22AI%20c%C3%B3%20tr%C3%A1ch%20nhi%E1%BB%87m%5C%22%20OR%20%5C%22qu%E1%BA%A3n%20tr%E1%BB%8B%20AI%5C%22%29%20AND%20%28%5C%22B%E1%BB%99%20Y%20t%E1%BA%BF%5C%22%20OR%20b%E1%BB%87nh%20vi%E1%BB%87n%20OR%20%5C%22c%C6%A1%20s%E1%BB%9F%20kh%C3%A1m%20b%E1%BB%87nh&page=2,2026-07-31T23:32:37+00:00,500,1789,HTTPError: Internal Server Error,raw/moh-hspi-dq-impl-02-p02.body,raw/moh-hspi-dq-impl-02-p02.headers,raw/moh-hspi-dq-impl-02-p02.error.txt,E4B53791E6F0E3F268316B5E2047971C0F199BEF1A887E28AC5658439F1C0641,AD0D4BBC4212F07AF150F7620C2ADCFC62C8EAA354A83B559C9A376739CD2E7D,0,0,0,TWO_CONSECUTIVE_PAGES_WITH_NO_NEW_CANDIDATE_URL,Raw capture only; URL candidates are not verified search results and are not screened or counted for PRISMA.
MOH-HSPI,hspi.org.vn,DQ-IMPL-03,implementation,"(\responsible AI\"" OR \""AI governance\"" OR \""AI ethics\"") AND (implementation OR adoption OR uptake OR plan OR pilot) AND (Vietnam OR \""Viet Nam\"") AND (health OR hospital OR clinical)""",1,https://hspi.org.vn/news/find?txtKw=%28%5Cresponsible%20AI%5C%22%20OR%20%5C%22AI%20governance%5C%22%20OR%20%5C%22AI%20ethics%5C%22%29%20AND%20%28implementation%20OR%20adoption%20OR%20uptake%20OR%20plan%20OR%20pilot%29%20AND%20%28Vietnam%20OR%20%5C%22Viet%20Nam%5C%22%29%20AND%20%28health%20OR%20hospital%20OR%20clinical%29%22&page=1,2026-07-31T23:32:41+00:00,500,1789,HTTPError: Internal Server Error,raw/moh-hspi-dq-impl-03-p01.body,raw/moh-hspi-dq-impl-03-p01.headers,raw/moh-hspi-dq-impl-03-p01.error.txt,E4B53791E6F0E3F268316B5E2047971C0F199BEF1A887E28AC5658439F1C0641,850A7BBCE55D22B0A62470583795C1C8FF1E3B483CA708A0D70F601AB8C7446D,0,0,0,CONTINUE,Raw capture only; URL candidates are not verified search results and are not screened or counted for PRISMA.
MOH-HSPI,hspi.org.vn,DQ-IMPL-03,implementation,"(\responsible AI\"" OR \""AI governance\"" OR \""AI ethics\"") AND (implementation OR adoption OR uptake OR plan OR pilot) AND (Vietnam OR \""Viet Nam\"") AND (health OR hospital OR clinical)""",2,https://hspi.org.vn/news/find?txtKw=%28%5Cresponsible%20AI%5C%22%20OR%20%5C%22AI%20governance%5C%22%20OR%20%5C%22AI%20ethics%5C%22%29%20AND%20%28implementation%20OR%20adoption%20OR%20uptake%20OR%20plan%20OR%20pilot%29%20AND%20%28Vietnam%20OR%20%5C%22Viet%20Nam%5C%22%29%20AND%20%28health%20OR%20hospital%20OR%20clinical%29%22&page=2,2026-07-31T23:32:44+00:00,500,1789,HTTPError: Internal Server Error,raw/moh-hspi-dq-impl-03-p02.body,raw/moh-hspi-dq-impl-03-p02.headers,raw/moh-hspi-dq-impl-03-p02.error.txt,E4B53791E6F0E3F268316B5E2047971C0F199BEF1A887E28AC5658439F1C0641,1586FAB258C38D2BB134731448C21681B40F9A16B0DBDC4A4F260583BC068457,0,0,0,TWO_CONSECUTIVE_PAGES_WITH_NO_NEW_CANDIDATE_URL,Raw capture only; URL candidates are not verified search results and are not screened or counted for PRISMA.
MOH-HSPI,hspi.org.vn,DQ-TOOL-01,implementation_tool,"(\đánh giá tuân thủ\"" OR \""tự đánh giá\"") AND (\""đạo đức AI\"" OR \""AI có trách nhiệm\"")""",1,https://hspi.org.vn/news/find?txtKw=%28%5C%C4%91%C3%A1nh%20gi%C3%A1%20tu%C3%A2n%20th%E1%BB%A7%5C%22%20OR%20%5C%22t%E1%BB%B1%20%C4%91%C3%A1nh%20gi%C3%A1%5C%22%29%20AND%20%28%5C%22%C4%91%E1%BA%A1o%20%C4%91%E1%BB%A9c%20AI%5C%22%20OR%20%5C%22AI%20c%C3%B3%20tr%C3%A1ch%20nhi%E1%BB%87m%5C%22%29%22&page=1,2026-07-31T23:32:51+00:00,500,1789,HTTPError: Internal Server Error,raw/moh-hspi-dq-tool-01-p01.body,raw/moh-hspi-dq-tool-01-p01.headers,raw/moh-hspi-dq-tool-01-p01.error.txt,E4B53791E6F0E3F268316B5E2047971C0F199BEF1A887E28AC5658439F1C0641,28CA17ECB892EEDB10212539C4229833F2E1A5A177B4BBFD8256C0BD34F359BA,0,0,0,CONTINUE,Raw capture only; URL candidates are not verified search results and are not screened or counted for PRISMA.
MOH-HSPI,hspi.org.vn,DQ-TOOL-01,implementation_tool,"(\đánh giá tuân thủ\"" OR \""tự đánh giá\"") AND (\""đạo đức AI\"" OR \""AI có trách nhiệm\"")""",2,https://hspi.org.vn/news/find?txtKw=%28%5C%C4%91%C3%A1nh%20gi%C3%A1%20tu%C3%A2n%20th%E1%BB%A7%5C%22%20OR%20%5C%22t%E1%BB%B1%20%C4%91%C3%A1nh%20gi%C3%A1%5C%22%29%20AND%20%28%5C%22%C4%91%E1%BA%A1o%20%C4%91%E1%BB%A9c%20AI%5C%22%20OR%20%5C%22AI%20c%C3%B3%20tr%C3%A1ch%20nhi%E1%BB%87m%5C%22%29%22&page=2,2026-07-31T23:32:55+00:00,500,1789,HTTPError: Internal Server Error,raw/moh-hspi-dq-tool-01-p02.body,raw/moh-hspi-dq-tool-01-p02.headers,raw/moh-hspi-dq-tool-01-p02.error.txt,E4B53791E6F0E3F268316B5E2047971C0F199BEF1A887E28AC5658439F1C0641,91D03BF969CD9717993B612B1F8CA930379C84330A48A92AD7186327263296A9,0,0,0,TWO_CONSECUTIVE_PAGES_WITH_NO_NEW_CANDIDATE_URL,Raw capture only; URL candidates are not verified search results and are not screened or counted for PRISMA.
MOH-HSPI,hspi.org.vn,DQ-TOOL-02,implementation_tool,"(nền tảng OR công cụ) AND (\đánh giá tuân thủ\"" OR \""đánh giá tác động\"") AND (\""AI\"" OR \""trí tuệ nhân tạo\"")""",1,https://hspi.org.vn/news/find?txtKw=%28n%E1%BB%81n%20t%E1%BA%A3ng%20OR%20c%C3%B4ng%20c%E1%BB%A5%29%20AND%20%28%5C%C4%91%C3%A1nh%20gi%C3%A1%20tu%C3%A2n%20th%E1%BB%A7%5C%22%20OR%20%5C%22%C4%91%C3%A1nh%20gi%C3%A1%20t%C3%A1c%20%C4%91%E1%BB%99ng%5C%22%29%20AND%20%28%5C%22AI%5C%22%20OR%20%5C%22tr%C3%AD%20tu%E1%BB%87%20nh%C3%A2n%20t%E1%BA%A1o%5C%22%29%22&page=1,2026-07-31T23:32:58+00:00,500,1789,HTTPError: Internal Server Error,raw/moh-hspi-dq-tool-02-p01.body,raw/moh-hspi-dq-tool-02-p01.headers,raw/moh-hspi-dq-tool-02-p01.error.txt,E4B53791E6F0E3F268316B5E2047971C0F199BEF1A887E28AC5658439F1C0641,145D14BB6470DEC7A62390B28FA105DAFCD487FFCF8831C569BC89FAC6BC7EDD,0,0,0,CONTINUE,Raw capture only; URL candidates are not verified search results and are not screened or counted for PRISMA.
MOH-HSPI,hspi.org.vn,DQ-TOOL-02,implementation_tool,"(nền tảng OR công cụ) AND (\đánh giá tuân thủ\"" OR \""đánh giá tác động\"") AND (\""AI\"" OR \""trí tuệ nhân tạo\"")""",2,https://hspi.org.vn/news/find?txtKw=%28n%E1%BB%81n%20t%E1%BA%A3ng%20OR%20c%C3%B4ng%20c%E1%BB%A5%29%20AND%20%28%5C%C4%91%C3%A1nh%20gi%C3%A1%20tu%C3%A2n%20th%E1%BB%A7%5C%22%20OR%20%5C%22%C4%91%C3%A1nh%20gi%C3%A1%20t%C3%A1c%20%C4%91%E1%BB%99ng%5C%22%29%20AND%20%28%5C%22AI%5C%22%20OR%20%5C%22tr%C3%AD%20tu%E1%BB%87%20nh%C3%A2n%20t%E1%BA%A1o%5C%22%29%22&page=2,2026-07-31T23:33:01+00:00,500,1789,HTTPError: Internal Server Error,raw/moh-hspi-dq-tool-02-p02.body,raw/moh-hspi-dq-tool-02-p02.headers,raw/moh-hspi-dq-tool-02-p02.error.txt,E4B53791E6F0E3F268316B5E2047971C0F199BEF1A887E28AC5658439F1C0641,E35565F4B6F1FA67769A9C3272F1936B5B81471B1A8BE5398D81DDF2191EA68F,0,0,0,TWO_CONSECUTIVE_PAGES_WITH_NO_NEW_CANDIDATE_URL,Raw capture only; URL candidates are not verified search results and are not screened or counted for PRISMA.
MOH-HSPI,hspi.org.vn,DQ-IMPL-04,implementation,"(\trí tuệ nhân tạo\"" OR AI) AND (\""theo dõi sau triển khai\"" OR hậu kiểm OR \""giám sát sau triển khai\"" OR \""đánh giá hiệu quả\"") AND (y tế OR bệnh viện OR \""Sở Y tế\"")""",1,https://hspi.org.vn/news/find?txtKw=%28%5Ctr%C3%AD%20tu%E1%BB%87%20nh%C3%A2n%20t%E1%BA%A1o%5C%22%20OR%20AI%29%20AND%20%28%5C%22theo%20d%C3%B5i%20sau%20tri%E1%BB%83n%20khai%5C%22%20OR%20h%E1%BA%ADu%20ki%E1%BB%83m%20OR%20%5C%22gi%C3%A1m%20s%C3%A1t%20sau%20tri%E1%BB%83n%20khai%5C%22%20OR%20%5C%22%C4%91%C3%A1nh%20gi%C3%A1%20hi%E1%BB%87u%20qu%E1%BA%A3%5C%22%29%20AND%20%28y%20t%E1%BA%BF%20OR%20b%E1%BB%87nh%20vi%E1%BB%87n%20OR%20%5C%22S%E1%BB%9F%20Y%20t%E1%BA%BF%5C%22%29%22&page=1,2026-07-31T23:33:04+00:00,500,1789,HTTPError: Internal Server Error,raw/moh-hspi-dq-impl-04-p01.body,raw/moh-hspi-dq-impl-04-p01.headers,raw/moh-hspi-dq-impl-04-p01.error.txt,E4B53791E6F0E3F268316B5E2047971C0F199BEF1A887E28AC5658439F1C0641,8BBB4D6518C0522CBFE440C01597436580B157D539544FC3FDA17DECA4206671,0,0,0,CONTINUE,Raw capture only; URL candidates are not verified search results and are not screened or counted for PRISMA.
MOH-HSPI,hspi.org.vn,DQ-IMPL-04,implementation,"(\trí tuệ nhân tạo\"" OR AI) AND (\""theo dõi sau triển khai\"" OR hậu kiểm OR \""giám sát sau triển khai\"" OR \""đánh giá hiệu quả\"") AND (y tế OR bệnh viện OR \""Sở Y tế\"")""",2,https://hspi.org.vn/news/find?txtKw=%28%5Ctr%C3%AD%20tu%E1%BB%87%20nh%C3%A2n%20t%E1%BA%A1o%5C%22%20OR%20AI%29%20AND%20%28%5C%22theo%20d%C3%B5i%20sau%20tri%E1%BB%83n%20khai%5C%22%20OR%20h%E1%BA%ADu%20ki%E1%BB%83m%20OR%20%5C%22gi%C3%A1m%20s%C3%A1t%20sau%20tri%E1%BB%83n%20khai%5C%22%20OR%20%5C%22%C4%91%C3%A1nh%20gi%C3%A1%20hi%E1%BB%87u%20qu%E1%BA%A3%5C%22%29%20AND%20%28y%20t%E1%BA%BF%20OR%20b%E1%BB%87nh%20vi%E1%BB%87n%20OR%20%5C%22S%E1%BB%9F%20Y%20t%E1%BA%BF%5C%22%29%22&page=2,2026-07-31T23:33:08+00:00,500,1789,HTTPError: Internal Server Error,raw/moh-hspi-dq-impl-04-p02.body,raw/moh-hspi-dq-impl-04-p02.headers,raw/moh-hspi-dq-impl-04-p02.error.txt,E4B53791E6F0E3F268316B5E2047971C0F199BEF1A887E28AC5658439F1C0641,DBF335EB6B8E9FBA9BF5EFF1F969D89CF1807A7CE04B9078E893C156402E8058,0,0,0,TWO_CONSECUTIVE_PAGES_WITH_NO_NEW_CANDIDATE_URL,Raw capture only; URL candidates are not verified search results and are not screened or counted for PRISMA.
MOH-HSPI,hspi.org.vn,DQ-IMPL-05,implementation,"(\trí tuệ nhân tạo\"" OR AI) AND (\""báo cáo sự cố\"" OR \""quản lý chất lượng\"" OR kiểm toán OR thanh tra) AND (y tế OR bệnh viện OR \""Sở Y tế\"")""",1,https://hspi.org.vn/news/find?txtKw=%28%5Ctr%C3%AD%20tu%E1%BB%87%20nh%C3%A2n%20t%E1%BA%A1o%5C%22%20OR%20AI%29%20AND%20%28%5C%22b%C3%A1o%20c%C3%A1o%20s%E1%BB%B1%20c%E1%BB%91%5C%22%20OR%20%5C%22qu%E1%BA%A3n%20l%C3%BD%20ch%E1%BA%A5t%20l%C6%B0%E1%BB%A3ng%5C%22%20OR%20ki%E1%BB%83m%20to%C3%A1n%20OR%20thanh%20tra%29%20AND%20%28y%20t%E1%BA%BF%20OR%20b%E1%BB%87nh%20vi%E1%BB%87n%20OR%20%5C%22S%E1%BB%9F%20Y%20t%E1%BA%BF%5C%22%29%22&page=1,2026-07-31T23:33:11+00:00,500,1789,HTTPError: Internal Server Error,raw/moh-hspi-dq-impl-05-p01.body,raw/moh-hspi-dq-impl-05-p01.headers,raw/moh-hspi-dq-impl-05-p01.error.txt,E4B53791E6F0E3F268316B5E2047971C0F199BEF1A887E28AC5658439F1C0641,FD6A073F0A2538011DD2E374BA50A646455D966CBD6BB3669032CE4D80BAAAF0,0,0,0,CONTINUE,Raw capture only; URL candidates are not verified search results and are not screened or counted for PRISMA.
MOH-HSPI,hspi.org.vn,DQ-IMPL-05,implementation,"(\trí tuệ nhân tạo\"" OR AI) AND (\""báo cáo sự cố\"" OR \""quản lý chất lượng\"" OR kiểm toán OR thanh tra) AND (y tế OR bệnh viện OR \""Sở Y tế\"")""",2,https://hspi.org.vn/news/find?txtKw=%28%5Ctr%C3%AD%20tu%E1%BB%87%20nh%C3%A2n%20t%E1%BA%A1o%5C%22%20OR%20AI%29%20AND%20%28%5C%22b%C3%A1o%20c%C3%A1o%20s%E1%BB%B1%20c%E1%BB%91%5C%22%20OR%20%5C%22qu%E1%BA%A3n%20l%C3%BD%20ch%E1%BA%A5t%20l%C6%B0%E1%BB%A3ng%5C%22%20OR%20ki%E1%BB%83m%20to%C3%A1n%20OR%20thanh%20tra%29%20AND%20%28y%20t%E1%BA%BF%20OR%20b%E1%BB%87nh%20vi%E1%BB%87n%20OR%20%5C%22S%E1%BB%9F%20Y%20t%E1%BA%BF%5C%22%29%22&page=2,2026-07-31T23:33:15+00:00,500,1789,HTTPError: Internal Server Error,raw/moh-hspi-dq-impl-05-p02.body,raw/moh-hspi-dq-impl-05-p02.headers,raw/moh-hspi-dq-impl-05-p02.error.txt,E4B53791E6F0E3F268316B5E2047971C0F199BEF1A887E28AC5658439F1C0641,0146EAD6F597DFE0B978AAB3B6B37151CC64ACA2A5B1480616661B2468548A0D,0,0,0,TWO_CONSECUTIVE_PAGES_WITH_NO_NEW_CANDIDATE_URL,Raw capture only; URL candidates are not verified search results and are not screened or counted for PRISMA.
MOH-HSPI,hspi.org.vn,DQ-EVID-01,evidence,"(\đạo đức AI\"" OR \""quản trị AI\"") AND (kiểm toán OR thanh tra OR giám sát)""",1,https://hspi.org.vn/news/find?txtKw=%28%5C%C4%91%E1%BA%A1o%20%C4%91%E1%BB%A9c%20AI%5C%22%20OR%20%5C%22qu%E1%BA%A3n%20tr%E1%BB%8B%20AI%5C%22%29%20AND%20%28ki%E1%BB%83m%20to%C3%A1n%20OR%20thanh%20tra%20OR%20gi%C3%A1m%20s%C3%A1t%29%22&page=1,2026-07-31T23:33:18+00:00,500,1789,HTTPError: Internal Server Error,raw/moh-hspi-dq-evid-01-p01.body,raw/moh-hspi-dq-evid-01-p01.headers,raw/moh-hspi-dq-evid-01-p01.error.txt,E4B53791E6F0E3F268316B5E2047971C0F199BEF1A887E28AC5658439F1C0641,FB04204836E45B1E38C8ADF45163244993A7CFA006FFF7839A3875845E9869B2,0,0,0,CONTINUE,Raw capture only; URL candidates are not verified search results and are not screened or counted for PRISMA.
MOH-HSPI,hspi.org.vn,DQ-EVID-01,evidence,"(\đạo đức AI\"" OR \""quản trị AI\"") AND (kiểm toán OR thanh tra OR giám sát)""",2,https://hspi.org.vn/news/find?txtKw=%28%5C%C4%91%E1%BA%A1o%20%C4%91%E1%BB%A9c%20AI%5C%22%20OR%20%5C%22qu%E1%BA%A3n%20tr%E1%BB%8B%20AI%5C%22%29%20AND%20%28ki%E1%BB%83m%20to%C3%A1n%20OR%20thanh%20tra%20OR%20gi%C3%A1m%20s%C3%A1t%29%22&page=2,2026-07-31T23:33:21+00:00,500,1789,HTTPError: Internal Server Error,raw/moh-hspi-dq-evid-01-p02.body,raw/moh-hspi-dq-evid-01-p02.headers,raw/moh-hspi-dq-evid-01-p02.error.txt,E4B53791E6F0E3F268316B5E2047971C0F199BEF1A887E28AC5658439F1C0641,3C76919AD05699A3AD59FAEE366DB7791B35E9C139AE26257285718E1E26E280,0,0,0,TWO_CONSECUTIVE_PAGES_WITH_NO_NEW_CANDIDATE_URL,Raw capture only; URL candidates are not verified search results and are not screened or counted for PRISMA.
MOH-HSPI,hspi.org.vn,DQ-EVID-02,evidence,"(\AI\"" OR \""trí tuệ nhân tạo\"") AND (sự cố OR khiếu nại OR khắc phục) AND (y tế OR bệnh viện)""",1,https://hspi.org.vn/news/find?txtKw=%28%5CAI%5C%22%20OR%20%5C%22tr%C3%AD%20tu%E1%BB%87%20nh%C3%A2n%20t%E1%BA%A1o%5C%22%29%20AND%20%28s%E1%BB%B1%20c%E1%BB%91%20OR%20khi%E1%BA%BFu%20n%E1%BA%A1i%20OR%20kh%E1%BA%AFc%20ph%E1%BB%A5c%29%20AND%20%28y%20t%E1%BA%BF%20OR%20b%E1%BB%87nh%20vi%E1%BB%87n%29%22&page=1,2026-07-31T23:33:25+00:00,500,1789,HTTPError: Internal Server Error,raw/moh-hspi-dq-evid-02-p01.body,raw/moh-hspi-dq-evid-02-p01.headers,raw/moh-hspi-dq-evid-02-p01.error.txt,E4B53791E6F0E3F268316B5E2047971C0F199BEF1A887E28AC5658439F1C0641,2CE00383F65B26F70D76222F757FBB37E5C797DB564C720D843DB1568EF99264,0,0,0,CONTINUE,Raw capture only; URL candidates are not verified search results and are not screened or counted for PRISMA.
MOH-HSPI,hspi.org.vn,DQ-EVID-02,evidence,"(\AI\"" OR \""trí tuệ nhân tạo\"") AND (sự cố OR khiếu nại OR khắc phục) AND (y tế OR bệnh viện)""",2,https://hspi.org.vn/news/find?txtKw=%28%5CAI%5C%22%20OR%20%5C%22tr%C3%AD%20tu%E1%BB%87%20nh%C3%A2n%20t%E1%BA%A1o%5C%22%29%20AND%20%28s%E1%BB%B1%20c%E1%BB%91%20OR%20khi%E1%BA%BFu%20n%E1%BA%A1i%20OR%20kh%E1%BA%AFc%20ph%E1%BB%A5c%29%20AND%20%28y%20t%E1%BA%BF%20OR%20b%E1%BB%87nh%20vi%E1%BB%87n%29%22&page=2,2026-07-31T23:33:28+00:00,500,1789,HTTPError: Internal Server Error,raw/moh-hspi-dq-evid-02-p02.body,raw/moh-hspi-dq-evid-02-p02.headers,raw/moh-hspi-dq-evid-02-p02.error.txt,E4B53791E6F0E3F268316B5E2047971C0F199BEF1A887E28AC5658439F1C0641,2F6AE0EE57AD465BDC4623C275534760B40B08AAD4B42F92F90BF18687983C45,0,0,0,TWO_CONSECUTIVE_PAGES_WITH_NO_NEW_CANDIDATE_URL,Raw capture only; URL candidates are not verified search results and are not screened or counted for PRISMA.
MOH-HSPI,hspi.org.vn,DQ-EVID-03,evidence,"(\AI\"" OR \""trí tuệ nhân tạo\"") AND (\""đánh giá tác động\"" OR kết quả) AND (y tế OR bệnh viện)""",1,https://hspi.org.vn/news/find?txtKw=%28%5CAI%5C%22%20OR%20%5C%22tr%C3%AD%20tu%E1%BB%87%20nh%C3%A2n%20t%E1%BA%A1o%5C%22%29%20AND%20%28%5C%22%C4%91%C3%A1nh%20gi%C3%A1%20t%C3%A1c%20%C4%91%E1%BB%99ng%5C%22%20OR%20k%E1%BA%BFt%20qu%E1%BA%A3%29%20AND%20%28y%20t%E1%BA%BF%20OR%20b%E1%BB%87nh%20vi%E1%BB%87n%29%22&page=1,2026-07-31T23:33:31+00:00,500,1789,HTTPError: Internal Server Error,raw/moh-hspi-dq-evid-03-p01.body,raw/moh-hspi-dq-evid-03-p01.headers,raw/moh-hspi-dq-evid-03-p01.error.txt,E4B53791E6F0E3F268316B5E2047971C0F199BEF1A887E28AC5658439F1C0641,BCCBAB54B3F224DFED0005695AE5E7AFAA3A6FB81DDCC8D89DA4B582BF888C0B,0,0,0,CONTINUE,Raw capture only; URL candidates are not verified search results and are not screened or counted for PRISMA.
MOH-HSPI,hspi.org.vn,DQ-EVID-03,evidence,"(\AI\"" OR \""trí tuệ nhân tạo\"") AND (\""đánh giá tác động\"" OR kết quả) AND (y tế OR bệnh viện)""",2,https://hspi.org.vn/news/find?txtKw=%28%5CAI%5C%22%20OR%20%5C%22tr%C3%AD%20tu%E1%BB%87%20nh%C3%A2n%20t%E1%BA%A1o%5C%22%29%20AND%20%28%5C%22%C4%91%C3%A1nh%20gi%C3%A1%20t%C3%A1c%20%C4%91%E1%BB%99ng%5C%22%20OR%20k%E1%BA%BFt%20qu%E1%BA%A3%29%20AND%20%28y%20t%E1%BA%BF%20OR%20b%E1%BB%87nh%20vi%E1%BB%87n%29%22&page=2,2026-07-31T23:33:35+00:00,500,1789,HTTPError: Internal Server Error,raw/moh-hspi-dq-evid-03-p02.body,raw/moh-hspi-dq-evid-03-p02.headers,raw/moh-hspi-dq-evid-03-p02.error.txt,E4B53791E6F0E3F268316B5E2047971C0F199BEF1A887E28AC5658439F1C0641,F4B39AC579C10CD998EF584CD8B6055E38D80A625463635783CD1AF5D3B55DE1,0,0,0,TWO_CONSECUTIVE_PAGES_WITH_NO_NEW_CANDIDATE_URL,Raw capture only; URL candidates are not verified search results and are not screened or counted for PRISMA.
MOH-HSPI,hspi.org.vn,DQ-EVID-04,evidence,"(\AI ethics\"" OR \""AI governance\"") AND (audit OR inspection OR monitoring OR incident OR complaint OR redress OR \""impact assessment\"" OR outcome OR result) AND (Vietnam OR \""Viet Nam\"") AND (health OR hospital)""",1,https://hspi.org.vn/news/find?txtKw=%28%5CAI%20ethics%5C%22%20OR%20%5C%22AI%20governance%5C%22%29%20AND%20%28audit%20OR%20inspection%20OR%20monitoring%20OR%20incident%20OR%20complaint%20OR%20redress%20OR%20%5C%22impact%20assessment%5C%22%20OR%20outcome%20OR%20result%29%20AND%20%28Vietnam%20OR%20%5C%22Viet%20Nam%5C%22%29%20AND%20%28health%20OR%20hospital%29%22&page=1,2026-07-31T23:33:38+00:00,500,1789,HTTPError: Internal Server Error,raw/moh-hspi-dq-evid-04-p01.body,raw/moh-hspi-dq-evid-04-p01.headers,raw/moh-hspi-dq-evid-04-p01.error.txt,E4B53791E6F0E3F268316B5E2047971C0F199BEF1A887E28AC5658439F1C0641,0A00789228D23ECB432BFAE4B4361071414D924975FB2D3ABC872BA440260BCE,0,0,0,CONTINUE,Raw capture only; URL candidates are not verified search results and are not screened or counted for PRISMA.
MOH-HSPI,hspi.org.vn,DQ-EVID-04,evidence,"(\AI ethics\"" OR \""AI governance\"") AND (audit OR inspection OR monitoring OR incident OR complaint OR redress OR \""impact assessment\"" OR outcome OR result) AND (Vietnam OR \""Viet Nam\"") AND (health OR hospital)""",2,https://hspi.org.vn/news/find?txtKw=%28%5CAI%20ethics%5C%22%20OR%20%5C%22AI%20governance%5C%22%29%20AND%20%28audit%20OR%20inspection%20OR%20monitoring%20OR%20incident%20OR%20complaint%20OR%20redress%20OR%20%5C%22impact%20assessment%5C%22%20OR%20outcome%20OR%20result%29%20AND%20%28Vietnam%20OR%20%5C%22Viet%20Nam%5C%22%29%20AND%20%28health%20OR%20hospital%29%22&page=2,2026-07-31T23:33:41+00:00,500,1789,HTTPError: Internal Server Error,raw/moh-hspi-dq-evid-04-p02.body,raw/moh-hspi-dq-evid-04-p02.headers,raw/moh-hspi-dq-evid-04-p02.error.txt,E4B53791E6F0E3F268316B5E2047971C0F199BEF1A887E28AC5658439F1C0641,F922BF6A9DC6D483B821F5BB348877DE33C42C1CD2F05501977F417D7C91C629,0,0,0,TWO_CONSECUTIVE_PAGES_WITH_NO_NEW_CANDIDATE_URL,Raw capture only; URL candidates are not verified search results and are not screened or counted for PRISMA.
MOH-HSPI,hspi.org.vn,DQ-EVID-05,evidence,"(\artificial intelligence\"" OR AI) AND (\""post-implementation monitoring\"" OR \""post-market surveillance\"" OR \""incident reporting\"" OR \""quality management\"" OR \""effectiveness evaluation\"" OR audit) AND (Vietnam OR \""Viet Nam\"") AND (health OR hospital OR \""provincial health department\"")""",1,https://hspi.org.vn/news/find?txtKw=%28%5Cartificial%20intelligence%5C%22%20OR%20AI%29%20AND%20%28%5C%22post-implementation%20monitoring%5C%22%20OR%20%5C%22post-market%20surveillance%5C%22%20OR%20%5C%22incident%20reporting%5C%22%20OR%20%5C%22quality%20management%5C%22%20OR%20%5C%22effectiveness%20evaluation%5C%22%20OR%20audit%29%20AND%20%28Vietnam%20OR%20%5C%22Viet%20Nam%5C%22%29%20AND%20%28health%20OR%20hospital%20OR%20%5C%22provincial%20health%20department%5C%22%29%22&page=1,2026-07-31T23:33:45+00:00,500,1789,HTTPError: Internal Server Error,raw/moh-hspi-dq-evid-05-p01.body,raw/moh-hspi-dq-evid-05-p01.headers,raw/moh-hspi-dq-evid-05-p01.error.txt,E4B53791E6F0E3F268316B5E2047971C0F199BEF1A887E28AC5658439F1C0641,E915458717F1641EB72E0769A35F68B0BC41E903DFC5BF6C0AF150E81135BBCD,0,0,0,CONTINUE,Raw capture only; URL candidates are not verified search results and are not screened or counted for PRISMA.
MOH-HSPI,hspi.org.vn,DQ-EVID-05,evidence,"(\artificial intelligence\"" OR AI) AND (\""post-implementation monitoring\"" OR \""post-market surveillance\"" OR \""incident reporting\"" OR \""quality management\"" OR \""effectiveness evaluation\"" OR audit) AND (Vietnam OR \""Viet Nam\"") AND (health OR hospital OR \""provincial health department\"")""",2,https://hspi.org.vn/news/find?txtKw=%28%5Cartificial%20intelligence%5C%22%20OR%20AI%29%20AND%20%28%5C%22post-implementation%20monitoring%5C%22%20OR%20%5C%22post-market%20surveillance%5C%22%20OR%20%5C%22incident%20reporting%5C%22%20OR%20%5C%22quality%20management%5C%22%20OR%20%5C%22effectiveness%20evaluation%5C%22%20OR%20audit%29%20AND%20%28Vietnam%20OR%20%5C%22Viet%20Nam%5C%22%29%20AND%20%28health%20OR%20hospital%20OR%20%5C%22provincial%20health%20department%5C%22%29%22&page=2,2026-07-31T23:33:50+00:00,500,1789,HTTPError: Internal Server Error,raw/moh-hspi-dq-evid-05-p02.body,raw/moh-hspi-dq-evid-05-p02.headers,raw/moh-hspi-dq-evid-05-p02.error.txt,E4B53791E6F0E3F268316B5E2047971C0F199BEF1A887E28AC5658439F1C0641,15C4BF76A5B5F35D235F039AE31D452C134EB09E6D81147E7AA50560827105BC,0,0,0,TWO_CONSECUTIVE_PAGES_WITH_NO_NEW_CANDIDATE_URL,Raw capture only; URL candidates are not verified search results and are not screened or counted for PRISMA.
