channel_id,query_id,page_attempt,candidate_url,discovery_url,status
UNESCO-RAM,DQ-IMPL-01,1,https://www.unesco.org/creativity/en/policy-monitoring-platform/1-support-small-or-micro-enterprise-creative-industries-and-market-development,https://www.unesco.org/ethics-ai/en/search?category=Global%20AI%20Ethics%20and%20Governance%20Observatory&query=%28%5C%C4%91%E1%BA%A1o%20%C4%91%E1%BB%A9c%20AI%5C%22%20OR%20%5C%22AI%20c%C3%B3%20tr%C3%A1ch%20nhi%E1%BB%87m%5C%22%20OR%20%5C%22qu%E1%BA%A3n%20tr%E1%BB%8B%20AI%5C%22%29%20AND%20%28k%E1%BA%BF%20ho%E1%BA%A1ch%20OR%20tri%E1%BB%83n%20khai%20OR%20%C3%A1p%20d%E1%BB%A5ng%20OR%20th%C3%AD%20%C4%91i%E1%BB%83m%29%22&page=1,UNSCREENED_CANDIDATE_LOCATOR_NOT_ACQUIRED
UNESCO-RAM,DQ-IMPL-01,1,https://www.unesco.org/creativity/en/policy-monitoring-platform/ministerial-ordinance-resolution-no-07-2024-approving-protocol-managing-requests-and-formalizing-use,https://www.unesco.org/ethics-ai/en/search?category=Global%20AI%20Ethics%20and%20Governance%20Observatory&query=%28%5C%C4%91%E1%BA%A1o%20%C4%91%E1%BB%A9c%20AI%5C%22%20OR%20%5C%22AI%20c%C3%B3%20tr%C3%A1ch%20nhi%E1%BB%87m%5C%22%20OR%20%5C%22qu%E1%BA%A3n%20tr%E1%BB%8B%20AI%5C%22%29%20AND%20%28k%E1%BA%BF%20ho%E1%BA%A1ch%20OR%20tri%E1%BB%83n%20khai%20OR%20%C3%A1p%20d%E1%BB%A5ng%20OR%20th%C3%AD%20%C4%91i%E1%BB%83m%29%22&page=1,UNSCREENED_CANDIDATE_LOCATOR_NOT_ACQUIRED
UNESCO-RAM,DQ-IMPL-01,1,https://www.unesco.org/creativity/en/policy-monitoring-platform/strategy-equal-rights-and-opportunities-irrespective-sexual-orientation-gender-identity-or-gender,https://www.unesco.org/ethics-ai/en/search?category=Global%20AI%20Ethics%20and%20Governance%20Observatory&query=%28%5C%C4%91%E1%BA%A1o%20%C4%91%E1%BB%A9c%20AI%5C%22%20OR%20%5C%22AI%20c%C3%B3%20tr%C3%A1ch%20nhi%E1%BB%87m%5C%22%20OR%20%5C%22qu%E1%BA%A3n%20tr%E1%BB%8B%20AI%5C%22%29%20AND%20%28k%E1%BA%BF%20ho%E1%BA%A1ch%20OR%20tri%E1%BB%83n%20khai%20OR%20%C3%A1p%20d%E1%BB%A5ng%20OR%20th%C3%AD%20%C4%91i%E1%BB%83m%29%22&page=1,UNSCREENED_CANDIDATE_LOCATOR_NOT_ACQUIRED
UNESCO-RAM,DQ-IMPL-01,1,https://www.unesco.org/en/articles/ai-operators-or-creators-two-visions-agency-and-learning,https://www.unesco.org/ethics-ai/en/search?category=Global%20AI%20Ethics%20and%20Governance%20Observatory&query=%28%5C%C4%91%E1%BA%A1o%20%C4%91%E1%BB%A9c%20AI%5C%22%20OR%20%5C%22AI%20c%C3%B3%20tr%C3%A1ch%20nhi%E1%BB%87m%5C%22%20OR%20%5C%22qu%E1%BA%A3n%20tr%E1%BB%8B%20AI%5C%22%29%20AND%20%28k%E1%BA%BF%20ho%E1%BA%A1ch%20OR%20tri%E1%BB%83n%20khai%20OR%20%C3%A1p%20d%E1%BB%A5ng%20OR%20th%C3%AD%20%C4%91i%E1%BB%83m%29%22&page=1,UNSCREENED_CANDIDATE_LOCATOR_NOT_ACQUIRED
UNESCO-RAM,DQ-IMPL-01,1,https://www.unesco.org/en/articles/alert-simple-alert-journalist-has-been-either-harassed-or-arrested-makes-difference-between-life-and,https://www.unesco.org/ethics-ai/en/search?category=Global%20AI%20Ethics%20and%20Governance%20Observatory&query=%28%5C%C4%91%E1%BA%A1o%20%C4%91%E1%BB%A9c%20AI%5C%22%20OR%20%5C%22AI%20c%C3%B3%20tr%C3%A1ch%20nhi%E1%BB%87m%5C%22%20OR%20%5C%22qu%E1%BA%A3n%20tr%E1%BB%8B%20AI%5C%22%29%20AND%20%28k%E1%BA%BF%20ho%E1%BA%A1ch%20OR%20tri%E1%BB%83n%20khai%20OR%20%C3%A1p%20d%E1%BB%A5ng%20OR%20th%C3%AD%20%C4%91i%E1%BB%83m%29%22&page=1,UNSCREENED_CANDIDATE_LOCATOR_NOT_ACQUIRED
UNESCO-RAM,DQ-IMPL-01,1,https://www.unesco.org/en/articles/artificial-intelligence-press-freedom-and-media-will-ai-help-or-hinder-south-east-asias-newsrooms,https://www.unesco.org/ethics-ai/en/search?category=Global%20AI%20Ethics%20and%20Governance%20Observatory&query=%28%5C%C4%91%E1%BA%A1o%20%C4%91%E1%BB%A9c%20AI%5C%22%20OR%20%5C%22AI%20c%C3%B3%20tr%C3%A1ch%20nhi%E1%BB%87m%5C%22%20OR%20%5C%22qu%E1%BA%A3n%20tr%E1%BB%8B%20AI%5C%22%29%20AND%20%28k%E1%BA%BF%20ho%E1%BA%A1ch%20OR%20tri%E1%BB%83n%20khai%20OR%20%C3%A1p%20d%E1%BB%A5ng%20OR%20th%C3%AD%20%C4%91i%E1%BB%83m%29%22&page=1,UNSCREENED_CANDIDATE_LOCATOR_NOT_ACQUIRED
UNESCO-RAM,DQ-IMPL-01,1,https://www.unesco.org/en/articles/call-applications/request-quotation-graphic-designer-and-illustrator-or-agency-extended-deadline-30,https://www.unesco.org/ethics-ai/en/search?category=Global%20AI%20Ethics%20and%20Governance%20Observatory&query=%28%5C%C4%91%E1%BA%A1o%20%C4%91%E1%BB%A9c%20AI%5C%22%20OR%20%5C%22AI%20c%C3%B3%20tr%C3%A1ch%20nhi%E1%BB%87m%5C%22%20OR%20%5C%22qu%E1%BA%A3n%20tr%E1%BB%8B%20AI%5C%22%29%20AND%20%28k%E1%BA%BF%20ho%E1%BA%A1ch%20OR%20tri%E1%BB%83n%20khai%20OR%20%C3%A1p%20d%E1%BB%A5ng%20OR%20th%C3%AD%20%C4%91i%E1%BB%83m%29%22&page=1,UNSCREENED_CANDIDATE_LOCATOR_NOT_ACQUIRED
UNESCO-RAM,DQ-IMPL-01,1,https://www.unesco.org/en/articles/inclusion-women-and-girls-arab-cities-challenge-or-opportunity,https://www.unesco.org/ethics-ai/en/search?category=Global%20AI%20Ethics%20and%20Governance%20Observatory&query=%28%5C%C4%91%E1%BA%A1o%20%C4%91%E1%BB%A9c%20AI%5C%22%20OR%20%5C%22AI%20c%C3%B3%20tr%C3%A1ch%20nhi%E1%BB%87m%5C%22%20OR%20%5C%22qu%E1%BA%A3n%20tr%E1%BB%8B%20AI%5C%22%29%20AND%20%28k%E1%BA%BF%20ho%E1%BA%A1ch%20OR%20tri%E1%BB%83n%20khai%20OR%20%C3%A1p%20d%E1%BB%A5ng%20OR%20th%C3%AD%20%C4%91i%E1%BB%83m%29%22&page=1,UNSCREENED_CANDIDATE_LOCATOR_NOT_ACQUIRED
UNESCO-RAM,DQ-IMPL-01,1,https://www.unesco.org/en/articles/make-africa-mass-manufacturing-job-creation-and-income-generation-fools-gold-or-den-possibilities,https://www.unesco.org/ethics-ai/en/search?category=Global%20AI%20Ethics%20and%20Governance%20Observatory&query=%28%5C%C4%91%E1%BA%A1o%20%C4%91%E1%BB%A9c%20AI%5C%22%20OR%20%5C%22AI%20c%C3%B3%20tr%C3%A1ch%20nhi%E1%BB%87m%5C%22%20OR%20%5C%22qu%E1%BA%A3n%20tr%E1%BB%8B%20AI%5C%22%29%20AND%20%28k%E1%BA%BF%20ho%E1%BA%A1ch%20OR%20tri%E1%BB%83n%20khai%20OR%20%C3%A1p%20d%E1%BB%A5ng%20OR%20th%C3%AD%20%C4%91i%E1%BB%83m%29%22&page=1,UNSCREENED_CANDIDATE_LOCATOR_NOT_ACQUIRED
UNESCO-RAM,DQ-IMPL-01,1,https://www.unesco.org/en/articles/progression-regression-or-stagnation-asks-new-study-education-and-hiv-and-aids,https://www.unesco.org/ethics-ai/en/search?category=Global%20AI%20Ethics%20and%20Governance%20Observatory&query=%28%5C%C4%91%E1%BA%A1o%20%C4%91%E1%BB%A9c%20AI%5C%22%20OR%20%5C%22AI%20c%C3%B3%20tr%C3%A1ch%20nhi%E1%BB%87m%5C%22%20OR%20%5C%22qu%E1%BA%A3n%20tr%E1%BB%8B%20AI%5C%22%29%20AND%20%28k%E1%BA%BF%20ho%E1%BA%A1ch%20OR%20tri%E1%BB%83n%20khai%20OR%20%C3%A1p%20d%E1%BB%A5ng%20OR%20th%C3%AD%20%C4%91i%E1%BB%83m%29%22&page=1,UNSCREENED_CANDIDATE_LOCATOR_NOT_ACQUIRED
UNESCO-RAM,DQ-IMPL-01,1,https://www.unesco.org/en/articles/sustaining-or-sustainable-unesco-and-partners-host-fourth-regional-seminar-sustainable-tourism-south,https://www.unesco.org/ethics-ai/en/search?category=Global%20AI%20Ethics%20and%20Governance%20Observatory&query=%28%5C%C4%91%E1%BA%A1o%20%C4%91%E1%BB%A9c%20AI%5C%22%20OR%20%5C%22AI%20c%C3%B3%20tr%C3%A1ch%20nhi%E1%BB%87m%5C%22%20OR%20%5C%22qu%E1%BA%A3n%20tr%E1%BB%8B%20AI%5C%22%29%20AND%20%28k%E1%BA%BF%20ho%E1%BA%A1ch%20OR%20tri%E1%BB%83n%20khai%20OR%20%C3%A1p%20d%E1%BB%A5ng%20OR%20th%C3%AD%20%C4%91i%E1%BB%83m%29%22&page=1,UNSCREENED_CANDIDATE_LOCATOR_NOT_ACQUIRED
UNESCO-RAM,DQ-IMPL-01,1,https://www.unesco.org/en/articles/trauma-education-and-ai-conflict-contexts-care-or-control,https://www.unesco.org/ethics-ai/en/search?category=Global%20AI%20Ethics%20and%20Governance%20Observatory&query=%28%5C%C4%91%E1%BA%A1o%20%C4%91%E1%BB%A9c%20AI%5C%22%20OR%20%5C%22AI%20c%C3%B3%20tr%C3%A1ch%20nhi%E1%BB%87m%5C%22%20OR%20%5C%22qu%E1%BA%A3n%20tr%E1%BB%8B%20AI%5C%22%29%20AND%20%28k%E1%BA%BF%20ho%E1%BA%A1ch%20OR%20tri%E1%BB%83n%20khai%20OR%20%C3%A1p%20d%E1%BB%A5ng%20OR%20th%C3%AD%20%C4%91i%E1%BB%83m%29%22&page=1,UNSCREENED_CANDIDATE_LOCATOR_NOT_ACQUIRED
UNESCO-RAM,DQ-IMPL-01,1,https://www.unesco.org/en/artificial-intelligence/recommendation-ethics,https://www.unesco.org/ethics-ai/en/search?category=Global%20AI%20Ethics%20and%20Governance%20Observatory&query=%28%5C%C4%91%E1%BA%A1o%20%C4%91%E1%BB%A9c%20AI%5C%22%20OR%20%5C%22AI%20c%C3%B3%20tr%C3%A1ch%20nhi%E1%BB%87m%5C%22%20OR%20%5C%22qu%E1%BA%A3n%20tr%E1%BB%8B%20AI%5C%22%29%20AND%20%28k%E1%BA%BF%20ho%E1%BA%A1ch%20OR%20tri%E1%BB%83n%20khai%20OR%20%C3%A1p%20d%E1%BB%A5ng%20OR%20th%C3%AD%20%C4%91i%E1%BB%83m%29%22&page=1,UNSCREENED_CANDIDATE_LOCATOR_NOT_ACQUIRED
UNESCO-RAM,DQ-IMPL-01,1,https://www.unesco.org/en/cultnatlaws/decree-bringing-force-unidroit-convention-stolen-or-illegally-exported-cultural-objects-and-adopting,https://www.unesco.org/ethics-ai/en/search?category=Global%20AI%20Ethics%20and%20Governance%20Observatory&query=%28%5C%C4%91%E1%BA%A1o%20%C4%91%E1%BB%A9c%20AI%5C%22%20OR%20%5C%22AI%20c%C3%B3%20tr%C3%A1ch%20nhi%E1%BB%87m%5C%22%20OR%20%5C%22qu%E1%BA%A3n%20tr%E1%BB%8B%20AI%5C%22%29%20AND%20%28k%E1%BA%BF%20ho%E1%BA%A1ch%20OR%20tri%E1%BB%83n%20khai%20OR%20%C3%A1p%20d%E1%BB%A5ng%20OR%20th%C3%AD%20%C4%91i%E1%BB%83m%29%22&page=1,UNSCREENED_CANDIDATE_LOCATOR_NOT_ACQUIRED
UNESCO-RAM,DQ-IMPL-01,1,https://www.unesco.org/en/cultnatlaws/executive-order-no-729-27-june-2006-supervision-walls-stone-and-earth-and-ancient-relics-or,https://www.unesco.org/ethics-ai/en/search?category=Global%20AI%20Ethics%20and%20Governance%20Observatory&query=%28%5C%C4%91%E1%BA%A1o%20%C4%91%E1%BB%A9c%20AI%5C%22%20OR%20%5C%22AI%20c%C3%B3%20tr%C3%A1ch%20nhi%E1%BB%87m%5C%22%20OR%20%5C%22qu%E1%BA%A3n%20tr%E1%BB%8B%20AI%5C%22%29%20AND%20%28k%E1%BA%BF%20ho%E1%BA%A1ch%20OR%20tri%E1%BB%83n%20khai%20OR%20%C3%A1p%20d%E1%BB%A5ng%20OR%20th%C3%AD%20%C4%91i%E1%BB%83m%29%22&page=1,UNSCREENED_CANDIDATE_LOCATOR_NOT_ACQUIRED
UNESCO-RAM,DQ-IMPL-01,1,https://www.unesco.org/en/cultnatlaws/law-3869-convention-between-republic-paraguay-and-republic-panama-recovery-cultural-and-historical,https://www.unesco.org/ethics-ai/en/search?category=Global%20AI%20Ethics%20and%20Governance%20Observatory&query=%28%5C%C4%91%E1%BA%A1o%20%C4%91%E1%BB%A9c%20AI%5C%22%20OR%20%5C%22AI%20c%C3%B3%20tr%C3%A1ch%20nhi%E1%BB%87m%5C%22%20OR%20%5C%22qu%E1%BA%A3n%20tr%E1%BB%8B%20AI%5C%22%29%20AND%20%28k%E1%BA%BF%20ho%E1%BA%A1ch%20OR%20tri%E1%BB%83n%20khai%20OR%20%C3%A1p%20d%E1%BB%A5ng%20OR%20th%C3%AD%20%C4%91i%E1%BB%83m%29%22&page=1,UNSCREENED_CANDIDATE_LOCATOR_NOT_ACQUIRED
UNESCO-RAM,DQ-IMPL-01,1,https://www.unesco.org/en/cultnatlaws/law-no-1018-2006-which-convention-between-government-republic-colombia-and-government-republic,https://www.unesco.org/ethics-ai/en/search?category=Global%20AI%20Ethics%20and%20Governance%20Observatory&query=%28%5C%C4%91%E1%BA%A1o%20%C4%91%E1%BB%A9c%20AI%5C%22%20OR%20%5C%22AI%20c%C3%B3%20tr%C3%A1ch%20nhi%E1%BB%87m%5C%22%20OR%20%5C%22qu%E1%BA%A3n%20tr%E1%BB%8B%20AI%5C%22%29%20AND%20%28k%E1%BA%BF%20ho%E1%BA%A1ch%20OR%20tri%E1%BB%83n%20khai%20OR%20%C3%A1p%20d%E1%BB%A5ng%20OR%20th%C3%AD%20%C4%91i%E1%BB%83m%29%22&page=1,UNSCREENED_CANDIDATE_LOCATOR_NOT_ACQUIRED
UNESCO-RAM,DQ-IMPL-01,1,https://www.unesco.org/en/cultnatlaws/legal-bill-preventing-clandestine-diggings-and-illegal-excavations-intended-obtain-antiquities-and,https://www.unesco.org/ethics-ai/en/search?category=Global%20AI%20Ethics%20and%20Governance%20Observatory&query=%28%5C%C4%91%E1%BA%A1o%20%C4%91%E1%BB%A9c%20AI%5C%22%20OR%20%5C%22AI%20c%C3%B3%20tr%C3%A1ch%20nhi%E1%BB%87m%5C%22%20OR%20%5C%22qu%E1%BA%A3n%20tr%E1%BB%8B%20AI%5C%22%29%20AND%20%28k%E1%BA%BF%20ho%E1%BA%A1ch%20OR%20tri%E1%BB%83n%20khai%20OR%20%C3%A1p%20d%E1%BB%A5ng%20OR%20th%C3%AD%20%C4%91i%E1%BB%83m%29%22&page=1,UNSCREENED_CANDIDATE_LOCATOR_NOT_ACQUIRED
UNESCO-RAM,DQ-IMPL-01,1,https://www.unesco.org/en/cultnatlaws/ordinance-no-21-31st-january-2007-performances-or-concerts-institutions-and-companies-and-conducting,https://www.unesco.org/ethics-ai/en/search?category=Global%20AI%20Ethics%20and%20Governance%20Observatory&query=%28%5C%C4%91%E1%BA%A1o%20%C4%91%E1%BB%A9c%20AI%5C%22%20OR%20%5C%22AI%20c%C3%B3%20tr%C3%A1ch%20nhi%E1%BB%87m%5C%22%20OR%20%5C%22qu%E1%BA%A3n%20tr%E1%BB%8B%20AI%5C%22%29%20AND%20%28k%E1%BA%BF%20ho%E1%BA%A1ch%20OR%20tri%E1%BB%83n%20khai%20OR%20%C3%A1p%20d%E1%BB%A5ng%20OR%20th%C3%AD%20%C4%91i%E1%BB%83m%29%22&page=1,UNSCREENED_CANDIDATE_LOCATOR_NOT_ACQUIRED
UNESCO-RAM,DQ-IMPL-01,1,https://www.unesco.org/en/disclaimer,https://www.unesco.org/ethics-ai/en/search?category=Global%20AI%20Ethics%20and%20Governance%20Observatory&query=%28%5C%C4%91%E1%BA%A1o%20%C4%91%E1%BB%A9c%20AI%5C%22%20OR%20%5C%22AI%20c%C3%B3%20tr%C3%A1ch%20nhi%E1%BB%87m%5C%22%20OR%20%5C%22qu%E1%BA%A3n%20tr%E1%BB%8B%20AI%5C%22%29%20AND%20%28k%E1%BA%BF%20ho%E1%BA%A1ch%20OR%20tri%E1%BB%83n%20khai%20OR%20%C3%A1p%20d%E1%BB%A5ng%20OR%20th%C3%AD%20%C4%91i%E1%BB%83m%29%22&page=1,UNSCREENED_CANDIDATE_LOCATOR_NOT_ACQUIRED
UNESCO-RAM,DQ-IMPL-01,1,https://www.unesco.org/en/environmental-commitment-and-policy,https://www.unesco.org/ethics-ai/en/search?category=Global%20AI%20Ethics%20and%20Governance%20Observatory&query=%28%5C%C4%91%E1%BA%A1o%20%C4%91%E1%BB%A9c%20AI%5C%22%20OR%20%5C%22AI%20c%C3%B3%20tr%C3%A1ch%20nhi%E1%BB%87m%5C%22%20OR%20%5C%22qu%E1%BA%A3n%20tr%E1%BB%8B%20AI%5C%22%29%20AND%20%28k%E1%BA%BF%20ho%E1%BA%A1ch%20OR%20tri%E1%BB%83n%20khai%20OR%20%C3%A1p%20d%E1%BB%A5ng%20OR%20th%C3%AD%20%C4%91i%E1%BB%83m%29%22&page=1,UNSCREENED_CANDIDATE_LOCATOR_NOT_ACQUIRED
UNESCO-RAM,DQ-IMPL-01,1,https://www.unesco.org/en/ios/report-wrongdoing,https://www.unesco.org/ethics-ai/en/search?category=Global%20AI%20Ethics%20and%20Governance%20Observatory&query=%28%5C%C4%91%E1%BA%A1o%20%C4%91%E1%BB%A9c%20AI%5C%22%20OR%20%5C%22AI%20c%C3%B3%20tr%C3%A1ch%20nhi%E1%BB%87m%5C%22%20OR%20%5C%22qu%E1%BA%A3n%20tr%E1%BB%8B%20AI%5C%22%29%20AND%20%28k%E1%BA%BF%20ho%E1%BA%A1ch%20OR%20tri%E1%BB%83n%20khai%20OR%20%C3%A1p%20d%E1%BB%A5ng%20OR%20th%C3%AD%20%C4%91i%E1%BB%83m%29%22&page=1,UNSCREENED_CANDIDATE_LOCATOR_NOT_ACQUIRED
UNESCO-RAM,DQ-IMPL-01,1,https://www.unesco.org/en/legal-affairs/cr-committee/104-procedure,https://www.unesco.org/ethics-ai/en/search?category=Global%20AI%20Ethics%20and%20Governance%20Observatory&query=%28%5C%C4%91%E1%BA%A1o%20%C4%91%E1%BB%A9c%20AI%5C%22%20OR%20%5C%22AI%20c%C3%B3%20tr%C3%A1ch%20nhi%E1%BB%87m%5C%22%20OR%20%5C%22qu%E1%BA%A3n%20tr%E1%BB%8B%20AI%5C%22%29%20AND%20%28k%E1%BA%BF%20ho%E1%BA%A1ch%20OR%20tri%E1%BB%83n%20khai%20OR%20%C3%A1p%20d%E1%BB%A5ng%20OR%20th%C3%AD%20%C4%91i%E1%BB%83m%29%22&page=1,UNSCREENED_CANDIDATE_LOCATOR_NOT_ACQUIRED
UNESCO-RAM,DQ-IMPL-01,1,https://www.unesco.org/en/logo-patronage,https://www.unesco.org/ethics-ai/en/search?category=Global%20AI%20Ethics%20and%20Governance%20Observatory&query=%28%5C%C4%91%E1%BA%A1o%20%C4%91%E1%BB%A9c%20AI%5C%22%20OR%20%5C%22AI%20c%C3%B3%20tr%C3%A1ch%20nhi%E1%BB%87m%5C%22%20OR%20%5C%22qu%E1%BA%A3n%20tr%E1%BB%8B%20AI%5C%22%29%20AND%20%28k%E1%BA%BF%20ho%E1%BA%A1ch%20OR%20tri%E1%BB%83n%20khai%20OR%20%C3%A1p%20d%E1%BB%A5ng%20OR%20th%C3%AD%20%C4%91i%E1%BB%83m%29%22&page=1,UNSCREENED_CANDIDATE_LOCATOR_NOT_ACQUIRED
UNESCO-RAM,DQ-IMPL-01,1,https://www.unesco.org/en/query-list,https://www.unesco.org/ethics-ai/en/search?category=Global%20AI%20Ethics%20and%20Governance%20Observatory&query=%28%5C%C4%91%E1%BA%A1o%20%C4%91%E1%BB%A9c%20AI%5C%22%20OR%20%5C%22AI%20c%C3%B3%20tr%C3%A1ch%20nhi%E1%BB%87m%5C%22%20OR%20%5C%22qu%E1%BA%A3n%20tr%E1%BB%8B%20AI%5C%22%29%20AND%20%28k%E1%BA%BF%20ho%E1%BA%A1ch%20OR%20tri%E1%BB%83n%20khai%20OR%20%C3%A1p%20d%E1%BB%A5ng%20OR%20th%C3%AD%20%C4%91i%E1%BB%83m%29%22&page=1,UNSCREENED_CANDIDATE_LOCATOR_NOT_ACQUIRED
UNESCO-RAM,DQ-IMPL-01,1,https://www.unesco.org/en/scamalert,https://www.unesco.org/ethics-ai/en/search?category=Global%20AI%20Ethics%20and%20Governance%20Observatory&query=%28%5C%C4%91%E1%BA%A1o%20%C4%91%E1%BB%A9c%20AI%5C%22%20OR%20%5C%22AI%20c%C3%B3%20tr%C3%A1ch%20nhi%E1%BB%87m%5C%22%20OR%20%5C%22qu%E1%BA%A3n%20tr%E1%BB%8B%20AI%5C%22%29%20AND%20%28k%E1%BA%BF%20ho%E1%BA%A1ch%20OR%20tri%E1%BB%83n%20khai%20OR%20%C3%A1p%20d%E1%BB%A5ng%20OR%20th%C3%AD%20%C4%91i%E1%BB%83m%29%22&page=1,UNSCREENED_CANDIDATE_LOCATOR_NOT_ACQUIRED
UNESCO-RAM,DQ-IMPL-01,1,https://www.unesco.org/en/unesco-access-information-policy,https://www.unesco.org/ethics-ai/en/search?category=Global%20AI%20Ethics%20and%20Governance%20Observatory&query=%28%5C%C4%91%E1%BA%A1o%20%C4%91%E1%BB%A9c%20AI%5C%22%20OR%20%5C%22AI%20c%C3%B3%20tr%C3%A1ch%20nhi%E1%BB%87m%5C%22%20OR%20%5C%22qu%E1%BA%A3n%20tr%E1%BB%8B%20AI%5C%22%29%20AND%20%28k%E1%BA%BF%20ho%E1%BA%A1ch%20OR%20tri%E1%BB%83n%20khai%20OR%20%C3%A1p%20d%E1%BB%A5ng%20OR%20th%C3%AD%20%C4%91i%E1%BB%83m%29%22&page=1,UNSCREENED_CANDIDATE_LOCATOR_NOT_ACQUIRED
UNESCO-RAM,DQ-IMPL-01,1,https://www.unesco.org/en/website-privacy-notice,https://www.unesco.org/ethics-ai/en/search?category=Global%20AI%20Ethics%20and%20Governance%20Observatory&query=%28%5C%C4%91%E1%BA%A1o%20%C4%91%E1%BB%A9c%20AI%5C%22%20OR%20%5C%22AI%20c%C3%B3%20tr%C3%A1ch%20nhi%E1%BB%87m%5C%22%20OR%20%5C%22qu%E1%BA%A3n%20tr%E1%BB%8B%20AI%5C%22%29%20AND%20%28k%E1%BA%BF%20ho%E1%BA%A1ch%20OR%20tri%E1%BB%83n%20khai%20OR%20%C3%A1p%20d%E1%BB%A5ng%20OR%20th%C3%AD%20%C4%91i%E1%BB%83m%29%22&page=1,UNSCREENED_CANDIDATE_LOCATOR_NOT_ACQUIRED
UNESCO-RAM,DQ-IMPL-01,1,https://www.unesco.org/ethics-ai/ar/search?category=Global%20AI%20Ethics%20and%20Governance%20Observatory&page=1&query=%28%5C%C4%91%E1%BA%A1o%20%C4%91%E1%BB%A9c%20AI%5C%22%20OR%20%5C%22AI%20c%C3%B3%20tr%C3%A1ch%20nhi%E1%BB%87m%5C%22%20OR%20%5C%22qu%E1%BA%A3n%20tr%E1%BB%8B%20AI%5C%22%29%20AND%20%28k%E1%BA%BF%20ho%E1%BA%A1ch%20OR%20tri%E1%BB%83n%20khai%20OR%20%C3%A1p%20d%E1%BB%A5ng%20OR%20th%C3%AD%20%C4%91i%E1%BB%83m%29%22,https://www.unesco.org/ethics-ai/en/search?category=Global%20AI%20Ethics%20and%20Governance%20Observatory&query=%28%5C%C4%91%E1%BA%A1o%20%C4%91%E1%BB%A9c%20AI%5C%22%20OR%20%5C%22AI%20c%C3%B3%20tr%C3%A1ch%20nhi%E1%BB%87m%5C%22%20OR%20%5C%22qu%E1%BA%A3n%20tr%E1%BB%8B%20AI%5C%22%29%20AND%20%28k%E1%BA%BF%20ho%E1%BA%A1ch%20OR%20tri%E1%BB%83n%20khai%20OR%20%C3%A1p%20d%E1%BB%A5ng%20OR%20th%C3%AD%20%C4%91i%E1%BB%83m%29%22&page=1,UNSCREENED_CANDIDATE_LOCATOR_NOT_ACQUIRED
UNESCO-RAM,DQ-IMPL-01,1,https://www.unesco.org/ethics-ai/en,https://www.unesco.org/ethics-ai/en/search?category=Global%20AI%20Ethics%20and%20Governance%20Observatory&query=%28%5C%C4%91%E1%BA%A1o%20%C4%91%E1%BB%A9c%20AI%5C%22%20OR%20%5C%22AI%20c%C3%B3%20tr%C3%A1ch%20nhi%E1%BB%87m%5C%22%20OR%20%5C%22qu%E1%BA%A3n%20tr%E1%BB%8B%20AI%5C%22%29%20AND%20%28k%E1%BA%BF%20ho%E1%BA%A1ch%20OR%20tri%E1%BB%83n%20khai%20OR%20%C3%A1p%20d%E1%BB%A5ng%20OR%20th%C3%AD%20%C4%91i%E1%BB%83m%29%22&page=1,UNSCREENED_CANDIDATE_LOCATOR_NOT_ACQUIRED
UNESCO-RAM,DQ-IMPL-01,1,https://www.unesco.org/ethics-ai/en/global-hub,https://www.unesco.org/ethics-ai/en/search?category=Global%20AI%20Ethics%20and%20Governance%20Observatory&query=%28%5C%C4%91%E1%BA%A1o%20%C4%91%E1%BB%A9c%20AI%5C%22%20OR%20%5C%22AI%20c%C3%B3%20tr%C3%A1ch%20nhi%E1%BB%87m%5C%22%20OR%20%5C%22qu%E1%BA%A3n%20tr%E1%BB%8B%20AI%5C%22%29%20AND%20%28k%E1%BA%BF%20ho%E1%BA%A1ch%20OR%20tri%E1%BB%83n%20khai%20OR%20%C3%A1p%20d%E1%BB%A5ng%20OR%20th%C3%AD%20%C4%91i%E1%BB%83m%29%22&page=1,UNSCREENED_CANDIDATE_LOCATOR_NOT_ACQUIRED
UNESCO-RAM,DQ-IMPL-01,1,https://www.unesco.org/ethics-ai/en/lab,https://www.unesco.org/ethics-ai/en/search?category=Global%20AI%20Ethics%20and%20Governance%20Observatory&query=%28%5C%C4%91%E1%BA%A1o%20%C4%91%E1%BB%A9c%20AI%5C%22%20OR%20%5C%22AI%20c%C3%B3%20tr%C3%A1ch%20nhi%E1%BB%87m%5C%22%20OR%20%5C%22qu%E1%BA%A3n%20tr%E1%BB%8B%20AI%5C%22%29%20AND%20%28k%E1%BA%BF%20ho%E1%BA%A1ch%20OR%20tri%E1%BB%83n%20khai%20OR%20%C3%A1p%20d%E1%BB%A5ng%20OR%20th%C3%AD%20%C4%91i%E1%BB%83m%29%22&page=1,UNSCREENED_CANDIDATE_LOCATOR_NOT_ACQUIRED
UNESCO-RAM,DQ-IMPL-01,1,https://www.unesco.org/ethics-ai/en/search,https://www.unesco.org/ethics-ai/en/search?category=Global%20AI%20Ethics%20and%20Governance%20Observatory&query=%28%5C%C4%91%E1%BA%A1o%20%C4%91%E1%BB%A9c%20AI%5C%22%20OR%20%5C%22AI%20c%C3%B3%20tr%C3%A1ch%20nhi%E1%BB%87m%5C%22%20OR%20%5C%22qu%E1%BA%A3n%20tr%E1%BB%8B%20AI%5C%22%29%20AND%20%28k%E1%BA%BF%20ho%E1%BA%A1ch%20OR%20tri%E1%BB%83n%20khai%20OR%20%C3%A1p%20d%E1%BB%A5ng%20OR%20th%C3%AD%20%C4%91i%E1%BB%83m%29%22&page=1,UNSCREENED_CANDIDATE_LOCATOR_NOT_ACQUIRED
UNESCO-RAM,DQ-IMPL-01,1,https://www.unesco.org/ethics-ai/en/search?category=Global%20AI%20Ethics%20and%20Governance%20Observatory&page=1&query=%28%5C%C4%91%E1%BA%A1o%20%C4%91%E1%BB%A9c%20AI%5C%22%20OR%20%5C%22AI%20c%C3%B3%20tr%C3%A1ch%20nhi%E1%BB%87m%5C%22%20OR%20%5C%22qu%E1%BA%A3n%20tr%E1%BB%8B%20AI%5C%22%29%20AND%20%28k%E1%BA%BF%20ho%E1%BA%A1ch%20OR%20tri%E1%BB%83n%20khai%20OR%20%C3%A1p%20d%E1%BB%A5ng%20OR%20th%C3%AD%20%C4%91i%E1%BB%83m%29%22,https://www.unesco.org/ethics-ai/en/search?category=Global%20AI%20Ethics%20and%20Governance%20Observatory&query=%28%5C%C4%91%E1%BA%A1o%20%C4%91%E1%BB%A9c%20AI%5C%22%20OR%20%5C%22AI%20c%C3%B3%20tr%C3%A1ch%20nhi%E1%BB%87m%5C%22%20OR%20%5C%22qu%E1%BA%A3n%20tr%E1%BB%8B%20AI%5C%22%29%20AND%20%28k%E1%BA%BF%20ho%E1%BA%A1ch%20OR%20tri%E1%BB%83n%20khai%20OR%20%C3%A1p%20d%E1%BB%A5ng%20OR%20th%C3%AD%20%C4%91i%E1%BB%83m%29%22&page=1,UNSCREENED_CANDIDATE_LOCATOR_NOT_ACQUIRED
UNESCO-RAM,DQ-IMPL-01,1,https://www.unesco.org/ethics-ai/en/search?category=Global%20AI%20Ethics%20and%20Governance%20Observatory&query=%28%5C%C4%91%E1%BA%A1o%20%C4%91%E1%BB%A9c%20AI%5C%22%20OR%20%5C%22AI%20c%C3%B3%20tr%C3%A1ch%20nhi%E1%BB%87m%5C%22%20OR%20%5C%22qu%E1%BA%A3n%20tr%E1%BB%8B%20AI%5C%22%29%20AND%20%28k%E1%BA%BF%20ho%E1%BA%A1ch%20OR%20tri%E1%BB%83n%20khai%20OR%20%C3%A1p%20d%E1%BB%A5ng%20OR%20th%C3%AD%20%C4%91i%E1%BB%83m%29%22&page=0,https://www.unesco.org/ethics-ai/en/search?category=Global%20AI%20Ethics%20and%20Governance%20Observatory&query=%28%5C%C4%91%E1%BA%A1o%20%C4%91%E1%BB%A9c%20AI%5C%22%20OR%20%5C%22AI%20c%C3%B3%20tr%C3%A1ch%20nhi%E1%BB%87m%5C%22%20OR%20%5C%22qu%E1%BA%A3n%20tr%E1%BB%8B%20AI%5C%22%29%20AND%20%28k%E1%BA%BF%20ho%E1%BA%A1ch%20OR%20tri%E1%BB%83n%20khai%20OR%20%C3%A1p%20d%E1%BB%A5ng%20OR%20th%C3%AD%20%C4%91i%E1%BB%83m%29%22&page=1,UNSCREENED_CANDIDATE_LOCATOR_NOT_ACQUIRED
UNESCO-RAM,DQ-IMPL-01,1,https://www.unesco.org/ethics-ai/en/search?category=Global%20AI%20Ethics%20and%20Governance%20Observatory&query=%28%5C%C4%91%E1%BA%A1o%20%C4%91%E1%BB%A9c%20AI%5C%22%20OR%20%5C%22AI%20c%C3%B3%20tr%C3%A1ch%20nhi%E1%BB%87m%5C%22%20OR%20%5C%22qu%E1%BA%A3n%20tr%E1%BB%8B%20AI%5C%22%29%20AND%20%28k%E1%BA%BF%20ho%E1%BA%A1ch%20OR%20tri%E1%BB%83n%20khai%20OR%20%C3%A1p%20d%E1%BB%A5ng%20OR%20th%C3%AD%20%C4%91i%E1%BB%83m%29%22&page=1,https://www.unesco.org/ethics-ai/en/search?category=Global%20AI%20Ethics%20and%20Governance%20Observatory&query=%28%5C%C4%91%E1%BA%A1o%20%C4%91%E1%BB%A9c%20AI%5C%22%20OR%20%5C%22AI%20c%C3%B3%20tr%C3%A1ch%20nhi%E1%BB%87m%5C%22%20OR%20%5C%22qu%E1%BA%A3n%20tr%E1%BB%8B%20AI%5C%22%29%20AND%20%28k%E1%BA%BF%20ho%E1%BA%A1ch%20OR%20tri%E1%BB%83n%20khai%20OR%20%C3%A1p%20d%E1%BB%A5ng%20OR%20th%C3%AD%20%C4%91i%E1%BB%83m%29%22&page=1,UNSCREENED_CANDIDATE_LOCATOR_NOT_ACQUIRED
UNESCO-RAM,DQ-IMPL-01,1,https://www.unesco.org/ethics-ai/en/search?category=Global%20AI%20Ethics%20and%20Governance%20Observatory&query=%28%5C%C4%91%E1%BA%A1o%20%C4%91%E1%BB%A9c%20AI%5C%22%20OR%20%5C%22AI%20c%C3%B3%20tr%C3%A1ch%20nhi%E1%BB%87m%5C%22%20OR%20%5C%22qu%E1%BA%A3n%20tr%E1%BB%8B%20AI%5C%22%29%20AND%20%28k%E1%BA%BF%20ho%E1%BA%A1ch%20OR%20tri%E1%BB%83n%20khai%20OR%20%C3%A1p%20d%E1%BB%A5ng%20OR%20th%C3%AD%20%C4%91i%E1%BB%83m%29%22&page=2,https://www.unesco.org/ethics-ai/en/search?category=Global%20AI%20Ethics%20and%20Governance%20Observatory&query=%28%5C%C4%91%E1%BA%A1o%20%C4%91%E1%BB%A9c%20AI%5C%22%20OR%20%5C%22AI%20c%C3%B3%20tr%C3%A1ch%20nhi%E1%BB%87m%5C%22%20OR%20%5C%22qu%E1%BA%A3n%20tr%E1%BB%8B%20AI%5C%22%29%20AND%20%28k%E1%BA%BF%20ho%E1%BA%A1ch%20OR%20tri%E1%BB%83n%20khai%20OR%20%C3%A1p%20d%E1%BB%A5ng%20OR%20th%C3%AD%20%C4%91i%E1%BB%83m%29%22&page=1,UNSCREENED_CANDIDATE_LOCATOR_NOT_ACQUIRED
UNESCO-RAM,DQ-IMPL-01,1,https://www.unesco.org/ethics-ai/en/search?category=Global%20AI%20Ethics%20and%20Governance%20Observatory&query=%28%5C%C4%91%E1%BA%A1o%20%C4%91%E1%BB%A9c%20AI%5C%22%20OR%20%5C%22AI%20c%C3%B3%20tr%C3%A1ch%20nhi%E1%BB%87m%5C%22%20OR%20%5C%22qu%E1%BA%A3n%20tr%E1%BB%8B%20AI%5C%22%29%20AND%20%28k%E1%BA%BF%20ho%E1%BA%A1ch%20OR%20tri%E1%BB%83n%20khai%20OR%20%C3%A1p%20d%E1%BB%A5ng%20OR%20th%C3%AD%20%C4%91i%E1%BB%83m%29%22&page=2572,https://www.unesco.org/ethics-ai/en/search?category=Global%20AI%20Ethics%20and%20Governance%20Observatory&query=%28%5C%C4%91%E1%BA%A1o%20%C4%91%E1%BB%A9c%20AI%5C%22%20OR%20%5C%22AI%20c%C3%B3%20tr%C3%A1ch%20nhi%E1%BB%87m%5C%22%20OR%20%5C%22qu%E1%BA%A3n%20tr%E1%BB%8B%20AI%5C%22%29%20AND%20%28k%E1%BA%BF%20ho%E1%BA%A1ch%20OR%20tri%E1%BB%83n%20khai%20OR%20%C3%A1p%20d%E1%BB%A5ng%20OR%20th%C3%AD%20%C4%91i%E1%BB%83m%29%22&page=1,UNSCREENED_CANDIDATE_LOCATOR_NOT_ACQUIRED
UNESCO-RAM,DQ-IMPL-01,1,https://www.unesco.org/ethics-ai/en/search?category=Global%20AI%20Ethics%20and%20Governance%20Observatory&query=%28%5C%C4%91%E1%BA%A1o%20%C4%91%E1%BB%A9c%20AI%5C%22%20OR%20%5C%22AI%20c%C3%B3%20tr%C3%A1ch%20nhi%E1%BB%87m%5C%22%20OR%20%5C%22qu%E1%BA%A3n%20tr%E1%BB%8B%20AI%5C%22%29%20AND%20%28k%E1%BA%BF%20ho%E1%BA%A1ch%20OR%20tri%E1%BB%83n%20khai%20OR%20%C3%A1p%20d%E1%BB%A5ng%20OR%20th%C3%AD%20%C4%91i%E1%BB%83m%29%22&page=3,https://www.unesco.org/ethics-ai/en/search?category=Global%20AI%20Ethics%20and%20Governance%20Observatory&query=%28%5C%C4%91%E1%BA%A1o%20%C4%91%E1%BB%A9c%20AI%5C%22%20OR%20%5C%22AI%20c%C3%B3%20tr%C3%A1ch%20nhi%E1%BB%87m%5C%22%20OR%20%5C%22qu%E1%BA%A3n%20tr%E1%BB%8B%20AI%5C%22%29%20AND%20%28k%E1%BA%BF%20ho%E1%BA%A1ch%20OR%20tri%E1%BB%83n%20khai%20OR%20%C3%A1p%20d%E1%BB%A5ng%20OR%20th%C3%AD%20%C4%91i%E1%BB%83m%29%22&page=1,UNSCREENED_CANDIDATE_LOCATOR_NOT_ACQUIRED
UNESCO-RAM,DQ-IMPL-01,1,https://www.unesco.org/ethics-ai/en/search?category=Global%20AI%20Ethics%20and%20Governance%20Observatory&query=%28%5C%C4%91%E1%BA%A1o%20%C4%91%E1%BB%A9c%20AI%5C%22%20OR%20%5C%22AI%20c%C3%B3%20tr%C3%A1ch%20nhi%E1%BB%87m%5C%22%20OR%20%5C%22qu%E1%BA%A3n%20tr%E1%BB%8B%20AI%5C%22%29%20AND%20%28k%E1%BA%BF%20ho%E1%BA%A1ch%20OR%20tri%E1%BB%83n%20khai%20OR%20%C3%A1p%20d%E1%BB%A5ng%20OR%20th%C3%AD%20%C4%91i%E1%BB%83m%29%22&page=4,https://www.unesco.org/ethics-ai/en/search?category=Global%20AI%20Ethics%20and%20Governance%20Observatory&query=%28%5C%C4%91%E1%BA%A1o%20%C4%91%E1%BB%A9c%20AI%5C%22%20OR%20%5C%22AI%20c%C3%B3%20tr%C3%A1ch%20nhi%E1%BB%87m%5C%22%20OR%20%5C%22qu%E1%BA%A3n%20tr%E1%BB%8B%20AI%5C%22%29%20AND%20%28k%E1%BA%BF%20ho%E1%BA%A1ch%20OR%20tri%E1%BB%83n%20khai%20OR%20%C3%A1p%20d%E1%BB%A5ng%20OR%20th%C3%AD%20%C4%91i%E1%BB%83m%29%22&page=1,UNSCREENED_CANDIDATE_LOCATOR_NOT_ACQUIRED
UNESCO-RAM,DQ-IMPL-01,1,https://www.unesco.org/ethics-ai/en/search?category=Global%20AI%20Ethics%20and%20Governance%20Observatory&query=%28%5C%C4%91%E1%BA%A1o%20%C4%91%E1%BB%A9c%20AI%5C%22%20OR%20%5C%22AI%20c%C3%B3%20tr%C3%A1ch%20nhi%E1%BB%87m%5C%22%20OR%20%5C%22qu%E1%BA%A3n%20tr%E1%BB%8B%20AI%5C%22%29%20AND%20%28k%E1%BA%BF%20ho%E1%BA%A1ch%20OR%20tri%E1%BB%83n%20khai%20OR%20%C3%A1p%20d%E1%BB%A5ng%20OR%20th%C3%AD%20%C4%91i%E1%BB%83m%29%22&page=5,https://www.unesco.org/ethics-ai/en/search?category=Global%20AI%20Ethics%20and%20Governance%20Observatory&query=%28%5C%C4%91%E1%BA%A1o%20%C4%91%E1%BB%A9c%20AI%5C%22%20OR%20%5C%22AI%20c%C3%B3%20tr%C3%A1ch%20nhi%E1%BB%87m%5C%22%20OR%20%5C%22qu%E1%BA%A3n%20tr%E1%BB%8B%20AI%5C%22%29%20AND%20%28k%E1%BA%BF%20ho%E1%BA%A1ch%20OR%20tri%E1%BB%83n%20khai%20OR%20%C3%A1p%20d%E1%BB%A5ng%20OR%20th%C3%AD%20%C4%91i%E1%BB%83m%29%22&page=1,UNSCREENED_CANDIDATE_LOCATOR_NOT_ACQUIRED
UNESCO-RAM,DQ-IMPL-01,1,https://www.unesco.org/ethics-ai/en/search?category=Global%20AI%20Ethics%20and%20Governance%20Observatory&query=%28%5C%C4%91%E1%BA%A1o%20%C4%91%E1%BB%A9c%20AI%5C%22%20OR%20%5C%22AI%20c%C3%B3%20tr%C3%A1ch%20nhi%E1%BB%87m%5C%22%20OR%20%5C%22qu%E1%BA%A3n%20tr%E1%BB%8B%20AI%5C%22%29%20AND%20%28k%E1%BA%BF%20ho%E1%BA%A1ch%20OR%20tri%E1%BB%83n%20khai%20OR%20%C3%A1p%20d%E1%BB%A5ng%20OR%20th%C3%AD%20%C4%91i%E1%BB%83m%29%22&page=6,https://www.unesco.org/ethics-ai/en/search?category=Global%20AI%20Ethics%20and%20Governance%20Observatory&query=%28%5C%C4%91%E1%BA%A1o%20%C4%91%E1%BB%A9c%20AI%5C%22%20OR%20%5C%22AI%20c%C3%B3%20tr%C3%A1ch%20nhi%E1%BB%87m%5C%22%20OR%20%5C%22qu%E1%BA%A3n%20tr%E1%BB%8B%20AI%5C%22%29%20AND%20%28k%E1%BA%BF%20ho%E1%BA%A1ch%20OR%20tri%E1%BB%83n%20khai%20OR%20%C3%A1p%20d%E1%BB%A5ng%20OR%20th%C3%AD%20%C4%91i%E1%BB%83m%29%22&page=1,UNSCREENED_CANDIDATE_LOCATOR_NOT_ACQUIRED
UNESCO-RAM,DQ-IMPL-01,1,https://www.unesco.org/ethics-ai/en/search?category=Global%20AI%20Ethics%20and%20Governance%20Observatory&query=%28%5C%C4%91%E1%BA%A1o%20%C4%91%E1%BB%A9c%20AI%5C%22%20OR%20%5C%22AI%20c%C3%B3%20tr%C3%A1ch%20nhi%E1%BB%87m%5C%22%20OR%20%5C%22qu%E1%BA%A3n%20tr%E1%BB%8B%20AI%5C%22%29%20AND%20%28k%E1%BA%BF%20ho%E1%BA%A1ch%20OR%20tri%E1%BB%83n%20khai%20OR%20%C3%A1p%20d%E1%BB%A5ng%20OR%20th%C3%AD%20%C4%91i%E1%BB%83m%29%22&page=7,https://www.unesco.org/ethics-ai/en/search?category=Global%20AI%20Ethics%20and%20Governance%20Observatory&query=%28%5C%C4%91%E1%BA%A1o%20%C4%91%E1%BB%A9c%20AI%5C%22%20OR%20%5C%22AI%20c%C3%B3%20tr%C3%A1ch%20nhi%E1%BB%87m%5C%22%20OR%20%5C%22qu%E1%BA%A3n%20tr%E1%BB%8B%20AI%5C%22%29%20AND%20%28k%E1%BA%BF%20ho%E1%BA%A1ch%20OR%20tri%E1%BB%83n%20khai%20OR%20%C3%A1p%20d%E1%BB%A5ng%20OR%20th%C3%AD%20%C4%91i%E1%BB%83m%29%22&page=1,UNSCREENED_CANDIDATE_LOCATOR_NOT_ACQUIRED
UNESCO-RAM,DQ-IMPL-01,1,https://www.unesco.org/ethics-ai/en/search?category=Global%20AI%20Ethics%20and%20Governance%20Observatory&query=%28%5C%C4%91%E1%BA%A1o%20%C4%91%E1%BB%A9c%20AI%5C%22%20OR%20%5C%22AI%20c%C3%B3%20tr%C3%A1ch%20nhi%E1%BB%87m%5C%22%20OR%20%5C%22qu%E1%BA%A3n%20tr%E1%BB%8B%20AI%5C%22%29%20AND%20%28k%E1%BA%BF%20ho%E1%BA%A1ch%20OR%20tri%E1%BB%83n%20khai%20OR%20%C3%A1p%20d%E1%BB%A5ng%20OR%20th%C3%AD%20%C4%91i%E1%BB%83m%29%22&page=8,https://www.unesco.org/ethics-ai/en/search?category=Global%20AI%20Ethics%20and%20Governance%20Observatory&query=%28%5C%C4%91%E1%BA%A1o%20%C4%91%E1%BB%A9c%20AI%5C%22%20OR%20%5C%22AI%20c%C3%B3%20tr%C3%A1ch%20nhi%E1%BB%87m%5C%22%20OR%20%5C%22qu%E1%BA%A3n%20tr%E1%BB%8B%20AI%5C%22%29%20AND%20%28k%E1%BA%BF%20ho%E1%BA%A1ch%20OR%20tri%E1%BB%83n%20khai%20OR%20%C3%A1p%20d%E1%BB%A5ng%20OR%20th%C3%AD%20%C4%91i%E1%BB%83m%29%22&page=1,UNSCREENED_CANDIDATE_LOCATOR_NOT_ACQUIRED
UNESCO-RAM,DQ-IMPL-01,1,https://www.unesco.org/ethics-ai/es/search?category=Global%20AI%20Ethics%20and%20Governance%20Observatory&page=1&query=%28%5C%C4%91%E1%BA%A1o%20%C4%91%E1%BB%A9c%20AI%5C%22%20OR%20%5C%22AI%20c%C3%B3%20tr%C3%A1ch%20nhi%E1%BB%87m%5C%22%20OR%20%5C%22qu%E1%BA%A3n%20tr%E1%BB%8B%20AI%5C%22%29%20AND%20%28k%E1%BA%BF%20ho%E1%BA%A1ch%20OR%20tri%E1%BB%83n%20khai%20OR%20%C3%A1p%20d%E1%BB%A5ng%20OR%20th%C3%AD%20%C4%91i%E1%BB%83m%29%22,https://www.unesco.org/ethics-ai/en/search?category=Global%20AI%20Ethics%20and%20Governance%20Observatory&query=%28%5C%C4%91%E1%BA%A1o%20%C4%91%E1%BB%A9c%20AI%5C%22%20OR%20%5C%22AI%20c%C3%B3%20tr%C3%A1ch%20nhi%E1%BB%87m%5C%22%20OR%20%5C%22qu%E1%BA%A3n%20tr%E1%BB%8B%20AI%5C%22%29%20AND%20%28k%E1%BA%BF%20ho%E1%BA%A1ch%20OR%20tri%E1%BB%83n%20khai%20OR%20%C3%A1p%20d%E1%BB%A5ng%20OR%20th%C3%AD%20%C4%91i%E1%BB%83m%29%22&page=1,UNSCREENED_CANDIDATE_LOCATOR_NOT_ACQUIRED
UNESCO-RAM,DQ-IMPL-01,1,https://www.unesco.org/ethics-ai/fr/search?category=Global%20AI%20Ethics%20and%20Governance%20Observatory&page=1&query=%28%5C%C4%91%E1%BA%A1o%20%C4%91%E1%BB%A9c%20AI%5C%22%20OR%20%5C%22AI%20c%C3%B3%20tr%C3%A1ch%20nhi%E1%BB%87m%5C%22%20OR%20%5C%22qu%E1%BA%A3n%20tr%E1%BB%8B%20AI%5C%22%29%20AND%20%28k%E1%BA%BF%20ho%E1%BA%A1ch%20OR%20tri%E1%BB%83n%20khai%20OR%20%C3%A1p%20d%E1%BB%A5ng%20OR%20th%C3%AD%20%C4%91i%E1%BB%83m%29%22,https://www.unesco.org/ethics-ai/en/search?category=Global%20AI%20Ethics%20and%20Governance%20Observatory&query=%28%5C%C4%91%E1%BA%A1o%20%C4%91%E1%BB%A9c%20AI%5C%22%20OR%20%5C%22AI%20c%C3%B3%20tr%C3%A1ch%20nhi%E1%BB%87m%5C%22%20OR%20%5C%22qu%E1%BA%A3n%20tr%E1%BB%8B%20AI%5C%22%29%20AND%20%28k%E1%BA%BF%20ho%E1%BA%A1ch%20OR%20tri%E1%BB%83n%20khai%20OR%20%C3%A1p%20d%E1%BB%A5ng%20OR%20th%C3%AD%20%C4%91i%E1%BB%83m%29%22&page=1,UNSCREENED_CANDIDATE_LOCATOR_NOT_ACQUIRED
UNESCO-RAM,DQ-IMPL-01,1,https://www.unesco.org/ethics-ai/ja/search?category=Global%20AI%20Ethics%20and%20Governance%20Observatory&page=1&query=%28%5C%C4%91%E1%BA%A1o%20%C4%91%E1%BB%A9c%20AI%5C%22%20OR%20%5C%22AI%20c%C3%B3%20tr%C3%A1ch%20nhi%E1%BB%87m%5C%22%20OR%20%5C%22qu%E1%BA%A3n%20tr%E1%BB%8B%20AI%5C%22%29%20AND%20%28k%E1%BA%BF%20ho%E1%BA%A1ch%20OR%20tri%E1%BB%83n%20khai%20OR%20%C3%A1p%20d%E1%BB%A5ng%20OR%20th%C3%AD%20%C4%91i%E1%BB%83m%29%22,https://www.unesco.org/ethics-ai/en/search?category=Global%20AI%20Ethics%20and%20Governance%20Observatory&query=%28%5C%C4%91%E1%BA%A1o%20%C4%91%E1%BB%A9c%20AI%5C%22%20OR%20%5C%22AI%20c%C3%B3%20tr%C3%A1ch%20nhi%E1%BB%87m%5C%22%20OR%20%5C%22qu%E1%BA%A3n%20tr%E1%BB%8B%20AI%5C%22%29%20AND%20%28k%E1%BA%BF%20ho%E1%BA%A1ch%20OR%20tri%E1%BB%83n%20khai%20OR%20%C3%A1p%20d%E1%BB%A5ng%20OR%20th%C3%AD%20%C4%91i%E1%BB%83m%29%22&page=1,UNSCREENED_CANDIDATE_LOCATOR_NOT_ACQUIRED
UNESCO-RAM,DQ-IMPL-01,1,https://www.unesco.org/ethics-ai/pt/search?category=Global%20AI%20Ethics%20and%20Governance%20Observatory&page=1&query=%28%5C%C4%91%E1%BA%A1o%20%C4%91%E1%BB%A9c%20AI%5C%22%20OR%20%5C%22AI%20c%C3%B3%20tr%C3%A1ch%20nhi%E1%BB%87m%5C%22%20OR%20%5C%22qu%E1%BA%A3n%20tr%E1%BB%8B%20AI%5C%22%29%20AND%20%28k%E1%BA%BF%20ho%E1%BA%A1ch%20OR%20tri%E1%BB%83n%20khai%20OR%20%C3%A1p%20d%E1%BB%A5ng%20OR%20th%C3%AD%20%C4%91i%E1%BB%83m%29%22,https://www.unesco.org/ethics-ai/en/search?category=Global%20AI%20Ethics%20and%20Governance%20Observatory&query=%28%5C%C4%91%E1%BA%A1o%20%C4%91%E1%BB%A9c%20AI%5C%22%20OR%20%5C%22AI%20c%C3%B3%20tr%C3%A1ch%20nhi%E1%BB%87m%5C%22%20OR%20%5C%22qu%E1%BA%A3n%20tr%E1%BB%8B%20AI%5C%22%29%20AND%20%28k%E1%BA%BF%20ho%E1%BA%A1ch%20OR%20tri%E1%BB%83n%20khai%20OR%20%C3%A1p%20d%E1%BB%A5ng%20OR%20th%C3%AD%20%C4%91i%E1%BB%83m%29%22&page=1,UNSCREENED_CANDIDATE_LOCATOR_NOT_ACQUIRED
UNESCO-RAM,DQ-IMPL-01,1,https://www.unesco.org/ethics-ai/ru/search?category=Global%20AI%20Ethics%20and%20Governance%20Observatory&page=1&query=%28%5C%C4%91%E1%BA%A1o%20%C4%91%E1%BB%A9c%20AI%5C%22%20OR%20%5C%22AI%20c%C3%B3%20tr%C3%A1ch%20nhi%E1%BB%87m%5C%22%20OR%20%5C%22qu%E1%BA%A3n%20tr%E1%BB%8B%20AI%5C%22%29%20AND%20%28k%E1%BA%BF%20ho%E1%BA%A1ch%20OR%20tri%E1%BB%83n%20khai%20OR%20%C3%A1p%20d%E1%BB%A5ng%20OR%20th%C3%AD%20%C4%91i%E1%BB%83m%29%22,https://www.unesco.org/ethics-ai/en/search?category=Global%20AI%20Ethics%20and%20Governance%20Observatory&query=%28%5C%C4%91%E1%BA%A1o%20%C4%91%E1%BB%A9c%20AI%5C%22%20OR%20%5C%22AI%20c%C3%B3%20tr%C3%A1ch%20nhi%E1%BB%87m%5C%22%20OR%20%5C%22qu%E1%BA%A3n%20tr%E1%BB%8B%20AI%5C%22%29%20AND%20%28k%E1%BA%BF%20ho%E1%BA%A1ch%20OR%20tri%E1%BB%83n%20khai%20OR%20%C3%A1p%20d%E1%BB%A5ng%20OR%20th%C3%AD%20%C4%91i%E1%BB%83m%29%22&page=1,UNSCREENED_CANDIDATE_LOCATOR_NOT_ACQUIRED
UNESCO-RAM,DQ-IMPL-01,1,https://www.unesco.org/ethics-ai/zh/search?category=Global%20AI%20Ethics%20and%20Governance%20Observatory&page=1&query=%28%5C%C4%91%E1%BA%A1o%20%C4%91%E1%BB%A9c%20AI%5C%22%20OR%20%5C%22AI%20c%C3%B3%20tr%C3%A1ch%20nhi%E1%BB%87m%5C%22%20OR%20%5C%22qu%E1%BA%A3n%20tr%E1%BB%8B%20AI%5C%22%29%20AND%20%28k%E1%BA%BF%20ho%E1%BA%A1ch%20OR%20tri%E1%BB%83n%20khai%20OR%20%C3%A1p%20d%E1%BB%A5ng%20OR%20th%C3%AD%20%C4%91i%E1%BB%83m%29%22,https://www.unesco.org/ethics-ai/en/search?category=Global%20AI%20Ethics%20and%20Governance%20Observatory&query=%28%5C%C4%91%E1%BA%A1o%20%C4%91%E1%BB%A9c%20AI%5C%22%20OR%20%5C%22AI%20c%C3%B3%20tr%C3%A1ch%20nhi%E1%BB%87m%5C%22%20OR%20%5C%22qu%E1%BA%A3n%20tr%E1%BB%8B%20AI%5C%22%29%20AND%20%28k%E1%BA%BF%20ho%E1%BA%A1ch%20OR%20tri%E1%BB%83n%20khai%20OR%20%C3%A1p%20d%E1%BB%A5ng%20OR%20th%C3%AD%20%C4%91i%E1%BB%83m%29%22&page=1,UNSCREENED_CANDIDATE_LOCATOR_NOT_ACQUIRED
UNESCO-RAM,DQ-IMPL-01,1,https://www.unesco.org/fr/faq,https://www.unesco.org/ethics-ai/en/search?category=Global%20AI%20Ethics%20and%20Governance%20Observatory&query=%28%5C%C4%91%E1%BA%A1o%20%C4%91%E1%BB%A9c%20AI%5C%22%20OR%20%5C%22AI%20c%C3%B3%20tr%C3%A1ch%20nhi%E1%BB%87m%5C%22%20OR%20%5C%22qu%E1%BA%A3n%20tr%E1%BB%8B%20AI%5C%22%29%20AND%20%28k%E1%BA%BF%20ho%E1%BA%A1ch%20OR%20tri%E1%BB%83n%20khai%20OR%20%C3%A1p%20d%E1%BB%A5ng%20OR%20th%C3%AD%20%C4%91i%E1%BB%83m%29%22&page=1,UNSCREENED_CANDIDATE_LOCATOR_NOT_ACQUIRED
UNESCO-RAM,DQ-IMPL-01,1,https://www.unesco.org/sdg4education2030/en/articles/all-children-deserve-be-recognized-and-supported-their-government-regardless-whether-they-are-state,https://www.unesco.org/ethics-ai/en/search?category=Global%20AI%20Ethics%20and%20Governance%20Observatory&query=%28%5C%C4%91%E1%BA%A1o%20%C4%91%E1%BB%A9c%20AI%5C%22%20OR%20%5C%22AI%20c%C3%B3%20tr%C3%A1ch%20nhi%E1%BB%87m%5C%22%20OR%20%5C%22qu%E1%BA%A3n%20tr%E1%BB%8B%20AI%5C%22%29%20AND%20%28k%E1%BA%BF%20ho%E1%BA%A1ch%20OR%20tri%E1%BB%83n%20khai%20OR%20%C3%A1p%20d%E1%BB%A5ng%20OR%20th%C3%AD%20%C4%91i%E1%BB%83m%29%22&page=1,UNSCREENED_CANDIDATE_LOCATOR_NOT_ACQUIRED
WHO-VNM,DQ-IMPL-01,1,https://www.who.int/,https://www.who.int/vietnam/search?query=%28%5C%C4%91%E1%BA%A1o%20%C4%91%E1%BB%A9c%20AI%5C%22%20OR%20%5C%22AI%20c%C3%B3%20tr%C3%A1ch%20nhi%E1%BB%87m%5C%22%20OR%20%5C%22qu%E1%BA%A3n%20tr%E1%BB%8B%20AI%5C%22%29%20AND%20%28k%E1%BA%BF%20ho%E1%BA%A1ch%20OR%20tri%E1%BB%83n%20khai%20OR%20%C3%A1p%20d%E1%BB%A5ng%20OR%20th%C3%AD%20%C4%91i%E1%BB%83m%29%22&page=1,UNSCREENED_CANDIDATE_LOCATOR_NOT_ACQUIRED
WHO-VNM,DQ-IMPL-01,1,https://www.who.int/americansamoa/,https://www.who.int/vietnam/search?query=%28%5C%C4%91%E1%BA%A1o%20%C4%91%E1%BB%A9c%20AI%5C%22%20OR%20%5C%22AI%20c%C3%B3%20tr%C3%A1ch%20nhi%E1%BB%87m%5C%22%20OR%20%5C%22qu%E1%BA%A3n%20tr%E1%BB%8B%20AI%5C%22%29%20AND%20%28k%E1%BA%BF%20ho%E1%BA%A1ch%20OR%20tri%E1%BB%83n%20khai%20OR%20%C3%A1p%20d%E1%BB%A5ng%20OR%20th%C3%AD%20%C4%91i%E1%BB%83m%29%22&page=1,UNSCREENED_CANDIDATE_LOCATOR_NOT_ACQUIRED
WHO-VNM,DQ-IMPL-01,1,https://www.who.int/australia/,https://www.who.int/vietnam/search?query=%28%5C%C4%91%E1%BA%A1o%20%C4%91%E1%BB%A9c%20AI%5C%22%20OR%20%5C%22AI%20c%C3%B3%20tr%C3%A1ch%20nhi%E1%BB%87m%5C%22%20OR%20%5C%22qu%E1%BA%A3n%20tr%E1%BB%8B%20AI%5C%22%29%20AND%20%28k%E1%BA%BF%20ho%E1%BA%A1ch%20OR%20tri%E1%BB%83n%20khai%20OR%20%C3%A1p%20d%E1%BB%A5ng%20OR%20th%C3%AD%20%C4%91i%E1%BB%83m%29%22&page=1,UNSCREENED_CANDIDATE_LOCATOR_NOT_ACQUIRED
WHO-VNM,DQ-IMPL-01,1,https://www.who.int/brunei/,https://www.who.int/vietnam/search?query=%28%5C%C4%91%E1%BA%A1o%20%C4%91%E1%BB%A9c%20AI%5C%22%20OR%20%5C%22AI%20c%C3%B3%20tr%C3%A1ch%20nhi%E1%BB%87m%5C%22%20OR%20%5C%22qu%E1%BA%A3n%20tr%E1%BB%8B%20AI%5C%22%29%20AND%20%28k%E1%BA%BF%20ho%E1%BA%A1ch%20OR%20tri%E1%BB%83n%20khai%20OR%20%C3%A1p%20d%E1%BB%A5ng%20OR%20th%C3%AD%20%C4%91i%E1%BB%83m%29%22&page=1,UNSCREENED_CANDIDATE_LOCATOR_NOT_ACQUIRED
WHO-VNM,DQ-IMPL-01,1,https://www.who.int/cambodia/,https://www.who.int/vietnam/search?query=%28%5C%C4%91%E1%BA%A1o%20%C4%91%E1%BB%A9c%20AI%5C%22%20OR%20%5C%22AI%20c%C3%B3%20tr%C3%A1ch%20nhi%E1%BB%87m%5C%22%20OR%20%5C%22qu%E1%BA%A3n%20tr%E1%BB%8B%20AI%5C%22%29%20AND%20%28k%E1%BA%BF%20ho%E1%BA%A1ch%20OR%20tri%E1%BB%83n%20khai%20OR%20%C3%A1p%20d%E1%BB%A5ng%20OR%20th%C3%AD%20%C4%91i%E1%BB%83m%29%22&page=1,UNSCREENED_CANDIDATE_LOCATOR_NOT_ACQUIRED
WHO-VNM,DQ-IMPL-01,1,https://www.who.int/china/,https://www.who.int/vietnam/search?query=%28%5C%C4%91%E1%BA%A1o%20%C4%91%E1%BB%A9c%20AI%5C%22%20OR%20%5C%22AI%20c%C3%B3%20tr%C3%A1ch%20nhi%E1%BB%87m%5C%22%20OR%20%5C%22qu%E1%BA%A3n%20tr%E1%BB%8B%20AI%5C%22%29%20AND%20%28k%E1%BA%BF%20ho%E1%BA%A1ch%20OR%20tri%E1%BB%83n%20khai%20OR%20%C3%A1p%20d%E1%BB%A5ng%20OR%20th%C3%AD%20%C4%91i%E1%BB%83m%29%22&page=1,UNSCREENED_CANDIDATE_LOCATOR_NOT_ACQUIRED
WHO-VNM,DQ-IMPL-01,1,https://www.who.int/cookislands/,https://www.who.int/vietnam/search?query=%28%5C%C4%91%E1%BA%A1o%20%C4%91%E1%BB%A9c%20AI%5C%22%20OR%20%5C%22AI%20c%C3%B3%20tr%C3%A1ch%20nhi%E1%BB%87m%5C%22%20OR%20%5C%22qu%E1%BA%A3n%20tr%E1%BB%8B%20AI%5C%22%29%20AND%20%28k%E1%BA%BF%20ho%E1%BA%A1ch%20OR%20tri%E1%BB%83n%20khai%20OR%20%C3%A1p%20d%E1%BB%A5ng%20OR%20th%C3%AD%20%C4%91i%E1%BB%83m%29%22&page=1,UNSCREENED_CANDIDATE_LOCATOR_NOT_ACQUIRED
WHO-VNM,DQ-IMPL-01,1,https://www.who.int/europe/,https://www.who.int/vietnam/search?query=%28%5C%C4%91%E1%BA%A1o%20%C4%91%E1%BB%A9c%20AI%5C%22%20OR%20%5C%22AI%20c%C3%B3%20tr%C3%A1ch%20nhi%E1%BB%87m%5C%22%20OR%20%5C%22qu%E1%BA%A3n%20tr%E1%BB%8B%20AI%5C%22%29%20AND%20%28k%E1%BA%BF%20ho%E1%BA%A1ch%20OR%20tri%E1%BB%83n%20khai%20OR%20%C3%A1p%20d%E1%BB%A5ng%20OR%20th%C3%AD%20%C4%91i%E1%BB%83m%29%22&page=1,UNSCREENED_CANDIDATE_LOCATOR_NOT_ACQUIRED
WHO-VNM,DQ-IMPL-01,1,https://www.who.int/fiji/,https://www.who.int/vietnam/search?query=%28%5C%C4%91%E1%BA%A1o%20%C4%91%E1%BB%A9c%20AI%5C%22%20OR%20%5C%22AI%20c%C3%B3%20tr%C3%A1ch%20nhi%E1%BB%87m%5C%22%20OR%20%5C%22qu%E1%BA%A3n%20tr%E1%BB%8B%20AI%5C%22%29%20AND%20%28k%E1%BA%BF%20ho%E1%BA%A1ch%20OR%20tri%E1%BB%83n%20khai%20OR%20%C3%A1p%20d%E1%BB%A5ng%20OR%20th%C3%AD%20%C4%91i%E1%BB%83m%29%22&page=1,UNSCREENED_CANDIDATE_LOCATOR_NOT_ACQUIRED
WHO-VNM,DQ-IMPL-01,1,https://www.who.int/frenchpolynesia/,https://www.who.int/vietnam/search?query=%28%5C%C4%91%E1%BA%A1o%20%C4%91%E1%BB%A9c%20AI%5C%22%20OR%20%5C%22AI%20c%C3%B3%20tr%C3%A1ch%20nhi%E1%BB%87m%5C%22%20OR%20%5C%22qu%E1%BA%A3n%20tr%E1%BB%8B%20AI%5C%22%29%20AND%20%28k%E1%BA%BF%20ho%E1%BA%A1ch%20OR%20tri%E1%BB%83n%20khai%20OR%20%C3%A1p%20d%E1%BB%A5ng%20OR%20th%C3%AD%20%C4%91i%E1%BB%83m%29%22&page=1,UNSCREENED_CANDIDATE_LOCATOR_NOT_ACQUIRED
WHO-VNM,DQ-IMPL-01,1,https://www.who.int/guam/,https://www.who.int/vietnam/search?query=%28%5C%C4%91%E1%BA%A1o%20%C4%91%E1%BB%A9c%20AI%5C%22%20OR%20%5C%22AI%20c%C3%B3%20tr%C3%A1ch%20nhi%E1%BB%87m%5C%22%20OR%20%5C%22qu%E1%BA%A3n%20tr%E1%BB%8B%20AI%5C%22%29%20AND%20%28k%E1%BA%BF%20ho%E1%BA%A1ch%20OR%20tri%E1%BB%83n%20khai%20OR%20%C3%A1p%20d%E1%BB%A5ng%20OR%20th%C3%AD%20%C4%91i%E1%BB%83m%29%22&page=1,UNSCREENED_CANDIDATE_LOCATOR_NOT_ACQUIRED
WHO-VNM,DQ-IMPL-01,1,https://www.who.int/hongkongchina/,https://www.who.int/vietnam/search?query=%28%5C%C4%91%E1%BA%A1o%20%C4%91%E1%BB%A9c%20AI%5C%22%20OR%20%5C%22AI%20c%C3%B3%20tr%C3%A1ch%20nhi%E1%BB%87m%5C%22%20OR%20%5C%22qu%E1%BA%A3n%20tr%E1%BB%8B%20AI%5C%22%29%20AND%20%28k%E1%BA%BF%20ho%E1%BA%A1ch%20OR%20tri%E1%BB%83n%20khai%20OR%20%C3%A1p%20d%E1%BB%A5ng%20OR%20th%C3%AD%20%C4%91i%E1%BB%83m%29%22&page=1,UNSCREENED_CANDIDATE_LOCATOR_NOT_ACQUIRED
WHO-VNM,DQ-IMPL-01,1,https://www.who.int/indonesia/,https://www.who.int/vietnam/search?query=%28%5C%C4%91%E1%BA%A1o%20%C4%91%E1%BB%A9c%20AI%5C%22%20OR%20%5C%22AI%20c%C3%B3%20tr%C3%A1ch%20nhi%E1%BB%87m%5C%22%20OR%20%5C%22qu%E1%BA%A3n%20tr%E1%BB%8B%20AI%5C%22%29%20AND%20%28k%E1%BA%BF%20ho%E1%BA%A1ch%20OR%20tri%E1%BB%83n%20khai%20OR%20%C3%A1p%20d%E1%BB%A5ng%20OR%20th%C3%AD%20%C4%91i%E1%BB%83m%29%22&page=1,UNSCREENED_CANDIDATE_LOCATOR_NOT_ACQUIRED
WHO-VNM,DQ-IMPL-01,1,https://www.who.int/japan/,https://www.who.int/vietnam/search?query=%28%5C%C4%91%E1%BA%A1o%20%C4%91%E1%BB%A9c%20AI%5C%22%20OR%20%5C%22AI%20c%C3%B3%20tr%C3%A1ch%20nhi%E1%BB%87m%5C%22%20OR%20%5C%22qu%E1%BA%A3n%20tr%E1%BB%8B%20AI%5C%22%29%20AND%20%28k%E1%BA%BF%20ho%E1%BA%A1ch%20OR%20tri%E1%BB%83n%20khai%20OR%20%C3%A1p%20d%E1%BB%A5ng%20OR%20th%C3%AD%20%C4%91i%E1%BB%83m%29%22&page=1,UNSCREENED_CANDIDATE_LOCATOR_NOT_ACQUIRED
WHO-VNM,DQ-IMPL-01,1,https://www.who.int/kiribati/,https://www.who.int/vietnam/search?query=%28%5C%C4%91%E1%BA%A1o%20%C4%91%E1%BB%A9c%20AI%5C%22%20OR%20%5C%22AI%20c%C3%B3%20tr%C3%A1ch%20nhi%E1%BB%87m%5C%22%20OR%20%5C%22qu%E1%BA%A3n%20tr%E1%BB%8B%20AI%5C%22%29%20AND%20%28k%E1%BA%BF%20ho%E1%BA%A1ch%20OR%20tri%E1%BB%83n%20khai%20OR%20%C3%A1p%20d%E1%BB%A5ng%20OR%20th%C3%AD%20%C4%91i%E1%BB%83m%29%22&page=1,UNSCREENED_CANDIDATE_LOCATOR_NOT_ACQUIRED
WHO-VNM,DQ-IMPL-01,1,https://www.who.int/laos/,https://www.who.int/vietnam/search?query=%28%5C%C4%91%E1%BA%A1o%20%C4%91%E1%BB%A9c%20AI%5C%22%20OR%20%5C%22AI%20c%C3%B3%20tr%C3%A1ch%20nhi%E1%BB%87m%5C%22%20OR%20%5C%22qu%E1%BA%A3n%20tr%E1%BB%8B%20AI%5C%22%29%20AND%20%28k%E1%BA%BF%20ho%E1%BA%A1ch%20OR%20tri%E1%BB%83n%20khai%20OR%20%C3%A1p%20d%E1%BB%A5ng%20OR%20th%C3%AD%20%C4%91i%E1%BB%83m%29%22&page=1,UNSCREENED_CANDIDATE_LOCATOR_NOT_ACQUIRED
WHO-VNM,DQ-IMPL-01,1,https://www.who.int/macaochina/,https://www.who.int/vietnam/search?query=%28%5C%C4%91%E1%BA%A1o%20%C4%91%E1%BB%A9c%20AI%5C%22%20OR%20%5C%22AI%20c%C3%B3%20tr%C3%A1ch%20nhi%E1%BB%87m%5C%22%20OR%20%5C%22qu%E1%BA%A3n%20tr%E1%BB%8B%20AI%5C%22%29%20AND%20%28k%E1%BA%BF%20ho%E1%BA%A1ch%20OR%20tri%E1%BB%83n%20khai%20OR%20%C3%A1p%20d%E1%BB%A5ng%20OR%20th%C3%AD%20%C4%91i%E1%BB%83m%29%22&page=1,UNSCREENED_CANDIDATE_LOCATOR_NOT_ACQUIRED
WHO-VNM,DQ-IMPL-01,1,https://www.who.int/malaysia/,https://www.who.int/vietnam/search?query=%28%5C%C4%91%E1%BA%A1o%20%C4%91%E1%BB%A9c%20AI%5C%22%20OR%20%5C%22AI%20c%C3%B3%20tr%C3%A1ch%20nhi%E1%BB%87m%5C%22%20OR%20%5C%22qu%E1%BA%A3n%20tr%E1%BB%8B%20AI%5C%22%29%20AND%20%28k%E1%BA%BF%20ho%E1%BA%A1ch%20OR%20tri%E1%BB%83n%20khai%20OR%20%C3%A1p%20d%E1%BB%A5ng%20OR%20th%C3%AD%20%C4%91i%E1%BB%83m%29%22&page=1,UNSCREENED_CANDIDATE_LOCATOR_NOT_ACQUIRED
WHO-VNM,DQ-IMPL-01,1,https://www.who.int/marshallislands/,https://www.who.int/vietnam/search?query=%28%5C%C4%91%E1%BA%A1o%20%C4%91%E1%BB%A9c%20AI%5C%22%20OR%20%5C%22AI%20c%C3%B3%20tr%C3%A1ch%20nhi%E1%BB%87m%5C%22%20OR%20%5C%22qu%E1%BA%A3n%20tr%E1%BB%8B%20AI%5C%22%29%20AND%20%28k%E1%BA%BF%20ho%E1%BA%A1ch%20OR%20tri%E1%BB%83n%20khai%20OR%20%C3%A1p%20d%E1%BB%A5ng%20OR%20th%C3%AD%20%C4%91i%E1%BB%83m%29%22&page=1,UNSCREENED_CANDIDATE_LOCATOR_NOT_ACQUIRED
WHO-VNM,DQ-IMPL-01,1,https://www.who.int/micronesia/,https://www.who.int/vietnam/search?query=%28%5C%C4%91%E1%BA%A1o%20%C4%91%E1%BB%A9c%20AI%5C%22%20OR%20%5C%22AI%20c%C3%B3%20tr%C3%A1ch%20nhi%E1%BB%87m%5C%22%20OR%20%5C%22qu%E1%BA%A3n%20tr%E1%BB%8B%20AI%5C%22%29%20AND%20%28k%E1%BA%BF%20ho%E1%BA%A1ch%20OR%20tri%E1%BB%83n%20khai%20OR%20%C3%A1p%20d%E1%BB%A5ng%20OR%20th%C3%AD%20%C4%91i%E1%BB%83m%29%22&page=1,UNSCREENED_CANDIDATE_LOCATOR_NOT_ACQUIRED
WHO-VNM,DQ-IMPL-01,1,https://www.who.int/mongolia/,https://www.who.int/vietnam/search?query=%28%5C%C4%91%E1%BA%A1o%20%C4%91%E1%BB%A9c%20AI%5C%22%20OR%20%5C%22AI%20c%C3%B3%20tr%C3%A1ch%20nhi%E1%BB%87m%5C%22%20OR%20%5C%22qu%E1%BA%A3n%20tr%E1%BB%8B%20AI%5C%22%29%20AND%20%28k%E1%BA%BF%20ho%E1%BA%A1ch%20OR%20tri%E1%BB%83n%20khai%20OR%20%C3%A1p%20d%E1%BB%A5ng%20OR%20th%C3%AD%20%C4%91i%E1%BB%83m%29%22&page=1,UNSCREENED_CANDIDATE_LOCATOR_NOT_ACQUIRED
WHO-VNM,DQ-IMPL-01,1,https://www.who.int/nauru/,https://www.who.int/vietnam/search?query=%28%5C%C4%91%E1%BA%A1o%20%C4%91%E1%BB%A9c%20AI%5C%22%20OR%20%5C%22AI%20c%C3%B3%20tr%C3%A1ch%20nhi%E1%BB%87m%5C%22%20OR%20%5C%22qu%E1%BA%A3n%20tr%E1%BB%8B%20AI%5C%22%29%20AND%20%28k%E1%BA%BF%20ho%E1%BA%A1ch%20OR%20tri%E1%BB%83n%20khai%20OR%20%C3%A1p%20d%E1%BB%A5ng%20OR%20th%C3%AD%20%C4%91i%E1%BB%83m%29%22&page=1,UNSCREENED_CANDIDATE_LOCATOR_NOT_ACQUIRED
WHO-VNM,DQ-IMPL-01,1,https://www.who.int/newcaledonia/,https://www.who.int/vietnam/search?query=%28%5C%C4%91%E1%BA%A1o%20%C4%91%E1%BB%A9c%20AI%5C%22%20OR%20%5C%22AI%20c%C3%B3%20tr%C3%A1ch%20nhi%E1%BB%87m%5C%22%20OR%20%5C%22qu%E1%BA%A3n%20tr%E1%BB%8B%20AI%5C%22%29%20AND%20%28k%E1%BA%BF%20ho%E1%BA%A1ch%20OR%20tri%E1%BB%83n%20khai%20OR%20%C3%A1p%20d%E1%BB%A5ng%20OR%20th%C3%AD%20%C4%91i%E1%BB%83m%29%22&page=1,UNSCREENED_CANDIDATE_LOCATOR_NOT_ACQUIRED
WHO-VNM,DQ-IMPL-01,1,https://www.who.int/newzealand/,https://www.who.int/vietnam/search?query=%28%5C%C4%91%E1%BA%A1o%20%C4%91%E1%BB%A9c%20AI%5C%22%20OR%20%5C%22AI%20c%C3%B3%20tr%C3%A1ch%20nhi%E1%BB%87m%5C%22%20OR%20%5C%22qu%E1%BA%A3n%20tr%E1%BB%8B%20AI%5C%22%29%20AND%20%28k%E1%BA%BF%20ho%E1%BA%A1ch%20OR%20tri%E1%BB%83n%20khai%20OR%20%C3%A1p%20d%E1%BB%A5ng%20OR%20th%C3%AD%20%C4%91i%E1%BB%83m%29%22&page=1,UNSCREENED_CANDIDATE_LOCATOR_NOT_ACQUIRED
WHO-VNM,DQ-IMPL-01,1,https://www.who.int/niue/,https://www.who.int/vietnam/search?query=%28%5C%C4%91%E1%BA%A1o%20%C4%91%E1%BB%A9c%20AI%5C%22%20OR%20%5C%22AI%20c%C3%B3%20tr%C3%A1ch%20nhi%E1%BB%87m%5C%22%20OR%20%5C%22qu%E1%BA%A3n%20tr%E1%BB%8B%20AI%5C%22%29%20AND%20%28k%E1%BA%BF%20ho%E1%BA%A1ch%20OR%20tri%E1%BB%83n%20khai%20OR%20%C3%A1p%20d%E1%BB%A5ng%20OR%20th%C3%AD%20%C4%91i%E1%BB%83m%29%22&page=1,UNSCREENED_CANDIDATE_LOCATOR_NOT_ACQUIRED
WHO-VNM,DQ-IMPL-01,1,https://www.who.int/northernmarianaislands/,https://www.who.int/vietnam/search?query=%28%5C%C4%91%E1%BA%A1o%20%C4%91%E1%BB%A9c%20AI%5C%22%20OR%20%5C%22AI%20c%C3%B3%20tr%C3%A1ch%20nhi%E1%BB%87m%5C%22%20OR%20%5C%22qu%E1%BA%A3n%20tr%E1%BB%8B%20AI%5C%22%29%20AND%20%28k%E1%BA%BF%20ho%E1%BA%A1ch%20OR%20tri%E1%BB%83n%20khai%20OR%20%C3%A1p%20d%E1%BB%A5ng%20OR%20th%C3%AD%20%C4%91i%E1%BB%83m%29%22&page=1,UNSCREENED_CANDIDATE_LOCATOR_NOT_ACQUIRED
WHO-VNM,DQ-IMPL-01,1,https://www.who.int/palau/,https://www.who.int/vietnam/search?query=%28%5C%C4%91%E1%BA%A1o%20%C4%91%E1%BB%A9c%20AI%5C%22%20OR%20%5C%22AI%20c%C3%B3%20tr%C3%A1ch%20nhi%E1%BB%87m%5C%22%20OR%20%5C%22qu%E1%BA%A3n%20tr%E1%BB%8B%20AI%5C%22%29%20AND%20%28k%E1%BA%BF%20ho%E1%BA%A1ch%20OR%20tri%E1%BB%83n%20khai%20OR%20%C3%A1p%20d%E1%BB%A5ng%20OR%20th%C3%AD%20%C4%91i%E1%BB%83m%29%22&page=1,UNSCREENED_CANDIDATE_LOCATOR_NOT_ACQUIRED
WHO-VNM,DQ-IMPL-01,1,https://www.who.int/papuanewguinea/,https://www.who.int/vietnam/search?query=%28%5C%C4%91%E1%BA%A1o%20%C4%91%E1%BB%A9c%20AI%5C%22%20OR%20%5C%22AI%20c%C3%B3%20tr%C3%A1ch%20nhi%E1%BB%87m%5C%22%20OR%20%5C%22qu%E1%BA%A3n%20tr%E1%BB%8B%20AI%5C%22%29%20AND%20%28k%E1%BA%BF%20ho%E1%BA%A1ch%20OR%20tri%E1%BB%83n%20khai%20OR%20%C3%A1p%20d%E1%BB%A5ng%20OR%20th%C3%AD%20%C4%91i%E1%BB%83m%29%22&page=1,UNSCREENED_CANDIDATE_LOCATOR_NOT_ACQUIRED
WHO-VNM,DQ-IMPL-01,1,https://www.who.int/philippines/,https://www.who.int/vietnam/search?query=%28%5C%C4%91%E1%BA%A1o%20%C4%91%E1%BB%A9c%20AI%5C%22%20OR%20%5C%22AI%20c%C3%B3%20tr%C3%A1ch%20nhi%E1%BB%87m%5C%22%20OR%20%5C%22qu%E1%BA%A3n%20tr%E1%BB%8B%20AI%5C%22%29%20AND%20%28k%E1%BA%BF%20ho%E1%BA%A1ch%20OR%20tri%E1%BB%83n%20khai%20OR%20%C3%A1p%20d%E1%BB%A5ng%20OR%20th%C3%AD%20%C4%91i%E1%BB%83m%29%22&page=1,UNSCREENED_CANDIDATE_LOCATOR_NOT_ACQUIRED
WHO-VNM,DQ-IMPL-01,1,https://www.who.int/pitcairnislands/,https://www.who.int/vietnam/search?query=%28%5C%C4%91%E1%BA%A1o%20%C4%91%E1%BB%A9c%20AI%5C%22%20OR%20%5C%22AI%20c%C3%B3%20tr%C3%A1ch%20nhi%E1%BB%87m%5C%22%20OR%20%5C%22qu%E1%BA%A3n%20tr%E1%BB%8B%20AI%5C%22%29%20AND%20%28k%E1%BA%BF%20ho%E1%BA%A1ch%20OR%20tri%E1%BB%83n%20khai%20OR%20%C3%A1p%20d%E1%BB%A5ng%20OR%20th%C3%AD%20%C4%91i%E1%BB%83m%29%22&page=1,UNSCREENED_CANDIDATE_LOCATOR_NOT_ACQUIRED
WHO-VNM,DQ-IMPL-01,1,https://www.who.int/republicofkorea/,https://www.who.int/vietnam/search?query=%28%5C%C4%91%E1%BA%A1o%20%C4%91%E1%BB%A9c%20AI%5C%22%20OR%20%5C%22AI%20c%C3%B3%20tr%C3%A1ch%20nhi%E1%BB%87m%5C%22%20OR%20%5C%22qu%E1%BA%A3n%20tr%E1%BB%8B%20AI%5C%22%29%20AND%20%28k%E1%BA%BF%20ho%E1%BA%A1ch%20OR%20tri%E1%BB%83n%20khai%20OR%20%C3%A1p%20d%E1%BB%A5ng%20OR%20th%C3%AD%20%C4%91i%E1%BB%83m%29%22&page=1,UNSCREENED_CANDIDATE_LOCATOR_NOT_ACQUIRED
WHO-VNM,DQ-IMPL-01,1,https://www.who.int/samoa/,https://www.who.int/vietnam/search?query=%28%5C%C4%91%E1%BA%A1o%20%C4%91%E1%BB%A9c%20AI%5C%22%20OR%20%5C%22AI%20c%C3%B3%20tr%C3%A1ch%20nhi%E1%BB%87m%5C%22%20OR%20%5C%22qu%E1%BA%A3n%20tr%E1%BB%8B%20AI%5C%22%29%20AND%20%28k%E1%BA%BF%20ho%E1%BA%A1ch%20OR%20tri%E1%BB%83n%20khai%20OR%20%C3%A1p%20d%E1%BB%A5ng%20OR%20th%C3%AD%20%C4%91i%E1%BB%83m%29%22&page=1,UNSCREENED_CANDIDATE_LOCATOR_NOT_ACQUIRED
WHO-VNM,DQ-IMPL-01,1,https://www.who.int/singapore/,https://www.who.int/vietnam/search?query=%28%5C%C4%91%E1%BA%A1o%20%C4%91%E1%BB%A9c%20AI%5C%22%20OR%20%5C%22AI%20c%C3%B3%20tr%C3%A1ch%20nhi%E1%BB%87m%5C%22%20OR%20%5C%22qu%E1%BA%A3n%20tr%E1%BB%8B%20AI%5C%22%29%20AND%20%28k%E1%BA%BF%20ho%E1%BA%A1ch%20OR%20tri%E1%BB%83n%20khai%20OR%20%C3%A1p%20d%E1%BB%A5ng%20OR%20th%C3%AD%20%C4%91i%E1%BB%83m%29%22&page=1,UNSCREENED_CANDIDATE_LOCATOR_NOT_ACQUIRED
WHO-VNM,DQ-IMPL-01,1,https://www.who.int/solomonislands/home,https://www.who.int/vietnam/search?query=%28%5C%C4%91%E1%BA%A1o%20%C4%91%E1%BB%A9c%20AI%5C%22%20OR%20%5C%22AI%20c%C3%B3%20tr%C3%A1ch%20nhi%E1%BB%87m%5C%22%20OR%20%5C%22qu%E1%BA%A3n%20tr%E1%BB%8B%20AI%5C%22%29%20AND%20%28k%E1%BA%BF%20ho%E1%BA%A1ch%20OR%20tri%E1%BB%83n%20khai%20OR%20%C3%A1p%20d%E1%BB%A5ng%20OR%20th%C3%AD%20%C4%91i%E1%BB%83m%29%22&page=1,UNSCREENED_CANDIDATE_LOCATOR_NOT_ACQUIRED
WHO-VNM,DQ-IMPL-01,1,https://www.who.int/southeastasia,https://www.who.int/vietnam/search?query=%28%5C%C4%91%E1%BA%A1o%20%C4%91%E1%BB%A9c%20AI%5C%22%20OR%20%5C%22AI%20c%C3%B3%20tr%C3%A1ch%20nhi%E1%BB%87m%5C%22%20OR%20%5C%22qu%E1%BA%A3n%20tr%E1%BB%8B%20AI%5C%22%29%20AND%20%28k%E1%BA%BF%20ho%E1%BA%A1ch%20OR%20tri%E1%BB%83n%20khai%20OR%20%C3%A1p%20d%E1%BB%A5ng%20OR%20th%C3%AD%20%C4%91i%E1%BB%83m%29%22&page=1,UNSCREENED_CANDIDATE_LOCATOR_NOT_ACQUIRED
WHO-VNM,DQ-IMPL-01,1,https://www.who.int/tokelau/home,https://www.who.int/vietnam/search?query=%28%5C%C4%91%E1%BA%A1o%20%C4%91%E1%BB%A9c%20AI%5C%22%20OR%20%5C%22AI%20c%C3%B3%20tr%C3%A1ch%20nhi%E1%BB%87m%5C%22%20OR%20%5C%22qu%E1%BA%A3n%20tr%E1%BB%8B%20AI%5C%22%29%20AND%20%28k%E1%BA%BF%20ho%E1%BA%A1ch%20OR%20tri%E1%BB%83n%20khai%20OR%20%C3%A1p%20d%E1%BB%A5ng%20OR%20th%C3%AD%20%C4%91i%E1%BB%83m%29%22&page=1,UNSCREENED_CANDIDATE_LOCATOR_NOT_ACQUIRED
WHO-VNM,DQ-IMPL-01,1,https://www.who.int/tonga/home,https://www.who.int/vietnam/search?query=%28%5C%C4%91%E1%BA%A1o%20%C4%91%E1%BB%A9c%20AI%5C%22%20OR%20%5C%22AI%20c%C3%B3%20tr%C3%A1ch%20nhi%E1%BB%87m%5C%22%20OR%20%5C%22qu%E1%BA%A3n%20tr%E1%BB%8B%20AI%5C%22%29%20AND%20%28k%E1%BA%BF%20ho%E1%BA%A1ch%20OR%20tri%E1%BB%83n%20khai%20OR%20%C3%A1p%20d%E1%BB%A5ng%20OR%20th%C3%AD%20%C4%91i%E1%BB%83m%29%22&page=1,UNSCREENED_CANDIDATE_LOCATOR_NOT_ACQUIRED
WHO-VNM,DQ-IMPL-01,1,https://www.who.int/tuvalu/home,https://www.who.int/vietnam/search?query=%28%5C%C4%91%E1%BA%A1o%20%C4%91%E1%BB%A9c%20AI%5C%22%20OR%20%5C%22AI%20c%C3%B3%20tr%C3%A1ch%20nhi%E1%BB%87m%5C%22%20OR%20%5C%22qu%E1%BA%A3n%20tr%E1%BB%8B%20AI%5C%22%29%20AND%20%28k%E1%BA%BF%20ho%E1%BA%A1ch%20OR%20tri%E1%BB%83n%20khai%20OR%20%C3%A1p%20d%E1%BB%A5ng%20OR%20th%C3%AD%20%C4%91i%E1%BB%83m%29%22&page=1,UNSCREENED_CANDIDATE_LOCATOR_NOT_ACQUIRED
WHO-VNM,DQ-IMPL-01,1,https://www.who.int/vanuatu/home,https://www.who.int/vietnam/search?query=%28%5C%C4%91%E1%BA%A1o%20%C4%91%E1%BB%A9c%20AI%5C%22%20OR%20%5C%22AI%20c%C3%B3%20tr%C3%A1ch%20nhi%E1%BB%87m%5C%22%20OR%20%5C%22qu%E1%BA%A3n%20tr%E1%BB%8B%20AI%5C%22%29%20AND%20%28k%E1%BA%BF%20ho%E1%BA%A1ch%20OR%20tri%E1%BB%83n%20khai%20OR%20%C3%A1p%20d%E1%BB%A5ng%20OR%20th%C3%AD%20%C4%91i%E1%BB%83m%29%22&page=1,UNSCREENED_CANDIDATE_LOCATOR_NOT_ACQUIRED
WHO-VNM,DQ-IMPL-01,1,https://www.who.int/vietnam,https://www.who.int/vietnam/search?query=%28%5C%C4%91%E1%BA%A1o%20%C4%91%E1%BB%A9c%20AI%5C%22%20OR%20%5C%22AI%20c%C3%B3%20tr%C3%A1ch%20nhi%E1%BB%87m%5C%22%20OR%20%5C%22qu%E1%BA%A3n%20tr%E1%BB%8B%20AI%5C%22%29%20AND%20%28k%E1%BA%BF%20ho%E1%BA%A1ch%20OR%20tri%E1%BB%83n%20khai%20OR%20%C3%A1p%20d%E1%BB%A5ng%20OR%20th%C3%AD%20%C4%91i%E1%BB%83m%29%22&page=1,UNSCREENED_CANDIDATE_LOCATOR_NOT_ACQUIRED
WHO-VNM,DQ-IMPL-01,1,https://www.who.int/vietnam/,https://www.who.int/vietnam/search?query=%28%5C%C4%91%E1%BA%A1o%20%C4%91%E1%BB%A9c%20AI%5C%22%20OR%20%5C%22AI%20c%C3%B3%20tr%C3%A1ch%20nhi%E1%BB%87m%5C%22%20OR%20%5C%22qu%E1%BA%A3n%20tr%E1%BB%8B%20AI%5C%22%29%20AND%20%28k%E1%BA%BF%20ho%E1%BA%A1ch%20OR%20tri%E1%BB%83n%20khai%20OR%20%C3%A1p%20d%E1%BB%A5ng%20OR%20th%C3%AD%20%C4%91i%E1%BB%83m%29%22&page=1,UNSCREENED_CANDIDATE_LOCATOR_NOT_ACQUIRED
WHO-VNM,DQ-IMPL-01,1,https://www.who.int/vietnam/about,https://www.who.int/vietnam/search?query=%28%5C%C4%91%E1%BA%A1o%20%C4%91%E1%BB%A9c%20AI%5C%22%20OR%20%5C%22AI%20c%C3%B3%20tr%C3%A1ch%20nhi%E1%BB%87m%5C%22%20OR%20%5C%22qu%E1%BA%A3n%20tr%E1%BB%8B%20AI%5C%22%29%20AND%20%28k%E1%BA%BF%20ho%E1%BA%A1ch%20OR%20tri%E1%BB%83n%20khai%20OR%20%C3%A1p%20d%E1%BB%A5ng%20OR%20th%C3%AD%20%C4%91i%E1%BB%83m%29%22&page=1,UNSCREENED_CANDIDATE_LOCATOR_NOT_ACQUIRED
WHO-VNM,DQ-IMPL-01,1,https://www.who.int/vietnam/emergencies,https://www.who.int/vietnam/search?query=%28%5C%C4%91%E1%BA%A1o%20%C4%91%E1%BB%A9c%20AI%5C%22%20OR%20%5C%22AI%20c%C3%B3%20tr%C3%A1ch%20nhi%E1%BB%87m%5C%22%20OR%20%5C%22qu%E1%BA%A3n%20tr%E1%BB%8B%20AI%5C%22%29%20AND%20%28k%E1%BA%BF%20ho%E1%BA%A1ch%20OR%20tri%E1%BB%83n%20khai%20OR%20%C3%A1p%20d%E1%BB%A5ng%20OR%20th%C3%AD%20%C4%91i%E1%BB%83m%29%22&page=1,UNSCREENED_CANDIDATE_LOCATOR_NOT_ACQUIRED
WHO-VNM,DQ-IMPL-01,1,https://www.who.int/vietnam/footer/help,https://www.who.int/vietnam/search?query=%28%5C%C4%91%E1%BA%A1o%20%C4%91%E1%BB%A9c%20AI%5C%22%20OR%20%5C%22AI%20c%C3%B3%20tr%C3%A1ch%20nhi%E1%BB%87m%5C%22%20OR%20%5C%22qu%E1%BA%A3n%20tr%E1%BB%8B%20AI%5C%22%29%20AND%20%28k%E1%BA%BF%20ho%E1%BA%A1ch%20OR%20tri%E1%BB%83n%20khai%20OR%20%C3%A1p%20d%E1%BB%A5ng%20OR%20th%C3%AD%20%C4%91i%E1%BB%83m%29%22&page=1,UNSCREENED_CANDIDATE_LOCATOR_NOT_ACQUIRED
WHO-VNM,DQ-IMPL-01,1,https://www.who.int/vietnam/footer/help/contact-us,https://www.who.int/vietnam/search?query=%28%5C%C4%91%E1%BA%A1o%20%C4%91%E1%BB%A9c%20AI%5C%22%20OR%20%5C%22AI%20c%C3%B3%20tr%C3%A1ch%20nhi%E1%BB%87m%5C%22%20OR%20%5C%22qu%E1%BA%A3n%20tr%E1%BB%8B%20AI%5C%22%29%20AND%20%28k%E1%BA%BF%20ho%E1%BA%A1ch%20OR%20tri%E1%BB%83n%20khai%20OR%20%C3%A1p%20d%E1%BB%A5ng%20OR%20th%C3%AD%20%C4%91i%E1%BB%83m%29%22&page=1,UNSCREENED_CANDIDATE_LOCATOR_NOT_ACQUIRED
WHO-VNM,DQ-IMPL-01,1,https://www.who.int/vietnam/footer/help/cyber-security,https://www.who.int/vietnam/search?query=%28%5C%C4%91%E1%BA%A1o%20%C4%91%E1%BB%A9c%20AI%5C%22%20OR%20%5C%22AI%20c%C3%B3%20tr%C3%A1ch%20nhi%E1%BB%87m%5C%22%20OR%20%5C%22qu%E1%BA%A3n%20tr%E1%BB%8B%20AI%5C%22%29%20AND%20%28k%E1%BA%BF%20ho%E1%BA%A1ch%20OR%20tri%E1%BB%83n%20khai%20OR%20%C3%A1p%20d%E1%BB%A5ng%20OR%20th%C3%AD%20%C4%91i%E1%BB%83m%29%22&page=1,UNSCREENED_CANDIDATE_LOCATOR_NOT_ACQUIRED
WHO-VNM,DQ-IMPL-01,1,https://www.who.int/vietnam/footer/help/ethics,https://www.who.int/vietnam/search?query=%28%5C%C4%91%E1%BA%A1o%20%C4%91%E1%BB%A9c%20AI%5C%22%20OR%20%5C%22AI%20c%C3%B3%20tr%C3%A1ch%20nhi%E1%BB%87m%5C%22%20OR%20%5C%22qu%E1%BA%A3n%20tr%E1%BB%8B%20AI%5C%22%29%20AND%20%28k%E1%BA%BF%20ho%E1%BA%A1ch%20OR%20tri%E1%BB%83n%20khai%20OR%20%C3%A1p%20d%E1%BB%A5ng%20OR%20th%C3%AD%20%C4%91i%E1%BB%83m%29%22&page=1,UNSCREENED_CANDIDATE_LOCATOR_NOT_ACQUIRED
WHO-VNM,DQ-IMPL-01,1,https://www.who.int/vietnam/footer/quick-links,https://www.who.int/vietnam/search?query=%28%5C%C4%91%E1%BA%A1o%20%C4%91%E1%BB%A9c%20AI%5C%22%20OR%20%5C%22AI%20c%C3%B3%20tr%C3%A1ch%20nhi%E1%BB%87m%5C%22%20OR%20%5C%22qu%E1%BA%A3n%20tr%E1%BB%8B%20AI%5C%22%29%20AND%20%28k%E1%BA%BF%20ho%E1%BA%A1ch%20OR%20tri%E1%BB%83n%20khai%20OR%20%C3%A1p%20d%E1%BB%A5ng%20OR%20th%C3%AD%20%C4%91i%E1%BB%83m%29%22&page=1,UNSCREENED_CANDIDATE_LOCATOR_NOT_ACQUIRED
WHO-VNM,DQ-IMPL-01,1,https://www.who.int/vietnam/footer/quick-links/careers-in-who-viet-nam,https://www.who.int/vietnam/search?query=%28%5C%C4%91%E1%BA%A1o%20%C4%91%E1%BB%A9c%20AI%5C%22%20OR%20%5C%22AI%20c%C3%B3%20tr%C3%A1ch%20nhi%E1%BB%87m%5C%22%20OR%20%5C%22qu%E1%BA%A3n%20tr%E1%BB%8B%20AI%5C%22%29%20AND%20%28k%E1%BA%BF%20ho%E1%BA%A1ch%20OR%20tri%E1%BB%83n%20khai%20OR%20%C3%A1p%20d%E1%BB%A5ng%20OR%20th%C3%AD%20%C4%91i%E1%BB%83m%29%22&page=1,UNSCREENED_CANDIDATE_LOCATOR_NOT_ACQUIRED
WHO-VNM,DQ-IMPL-01,1,https://www.who.int/vietnam/footer/quick-links/newsroom,https://www.who.int/vietnam/search?query=%28%5C%C4%91%E1%BA%A1o%20%C4%91%E1%BB%A9c%20AI%5C%22%20OR%20%5C%22AI%20c%C3%B3%20tr%C3%A1ch%20nhi%E1%BB%87m%5C%22%20OR%20%5C%22qu%E1%BA%A3n%20tr%E1%BB%8B%20AI%5C%22%29%20AND%20%28k%E1%BA%BF%20ho%E1%BA%A1ch%20OR%20tri%E1%BB%83n%20khai%20OR%20%C3%A1p%20d%E1%BB%A5ng%20OR%20th%C3%AD%20%C4%91i%E1%BB%83m%29%22&page=1,UNSCREENED_CANDIDATE_LOCATOR_NOT_ACQUIRED
WHO-VNM,DQ-IMPL-01,1,https://www.who.int/vietnam/footer/quick-links/publications-and-information-resources,https://www.who.int/vietnam/search?query=%28%5C%C4%91%E1%BA%A1o%20%C4%91%E1%BB%A9c%20AI%5C%22%20OR%20%5C%22AI%20c%C3%B3%20tr%C3%A1ch%20nhi%E1%BB%87m%5C%22%20OR%20%5C%22qu%E1%BA%A3n%20tr%E1%BB%8B%20AI%5C%22%29%20AND%20%28k%E1%BA%BF%20ho%E1%BA%A1ch%20OR%20tri%E1%BB%83n%20khai%20OR%20%C3%A1p%20d%E1%BB%A5ng%20OR%20th%C3%AD%20%C4%91i%E1%BB%83m%29%22&page=1,UNSCREENED_CANDIDATE_LOCATOR_NOT_ACQUIRED
WHO-VNM,DQ-IMPL-01,1,https://www.who.int/vietnam/footer/regional-links,https://www.who.int/vietnam/search?query=%28%5C%C4%91%E1%BA%A1o%20%C4%91%E1%BB%A9c%20AI%5C%22%20OR%20%5C%22AI%20c%C3%B3%20tr%C3%A1ch%20nhi%E1%BB%87m%5C%22%20OR%20%5C%22qu%E1%BA%A3n%20tr%E1%BB%8B%20AI%5C%22%29%20AND%20%28k%E1%BA%BF%20ho%E1%BA%A1ch%20OR%20tri%E1%BB%83n%20khai%20OR%20%C3%A1p%20d%E1%BB%A5ng%20OR%20th%C3%AD%20%C4%91i%E1%BB%83m%29%22&page=1,UNSCREENED_CANDIDATE_LOCATOR_NOT_ACQUIRED
WHO-VNM,DQ-IMPL-01,1,https://www.who.int/vietnam/footer/regional-links/campaigns,https://www.who.int/vietnam/search?query=%28%5C%C4%91%E1%BA%A1o%20%C4%91%E1%BB%A9c%20AI%5C%22%20OR%20%5C%22AI%20c%C3%B3%20tr%C3%A1ch%20nhi%E1%BB%87m%5C%22%20OR%20%5C%22qu%E1%BA%A3n%20tr%E1%BB%8B%20AI%5C%22%29%20AND%20%28k%E1%BA%BF%20ho%E1%BA%A1ch%20OR%20tri%E1%BB%83n%20khai%20OR%20%C3%A1p%20d%E1%BB%A5ng%20OR%20th%C3%AD%20%C4%91i%E1%BB%83m%29%22&page=1,UNSCREENED_CANDIDATE_LOCATOR_NOT_ACQUIRED
WHO-VNM,DQ-IMPL-01,1,https://www.who.int/vietnam/footer/regional-links/careers,https://www.who.int/vietnam/search?query=%28%5C%C4%91%E1%BA%A1o%20%C4%91%E1%BB%A9c%20AI%5C%22%20OR%20%5C%22AI%20c%C3%B3%20tr%C3%A1ch%20nhi%E1%BB%87m%5C%22%20OR%20%5C%22qu%E1%BA%A3n%20tr%E1%BB%8B%20AI%5C%22%29%20AND%20%28k%E1%BA%BF%20ho%E1%BA%A1ch%20OR%20tri%E1%BB%83n%20khai%20OR%20%C3%A1p%20d%E1%BB%A5ng%20OR%20th%C3%AD%20%C4%91i%E1%BB%83m%29%22&page=1,UNSCREENED_CANDIDATE_LOCATOR_NOT_ACQUIRED
WHO-VNM,DQ-IMPL-01,1,https://www.who.int/vietnam/footer/regional-links/data,https://www.who.int/vietnam/search?query=%28%5C%C4%91%E1%BA%A1o%20%C4%91%E1%BB%A9c%20AI%5C%22%20OR%20%5C%22AI%20c%C3%B3%20tr%C3%A1ch%20nhi%E1%BB%87m%5C%22%20OR%20%5C%22qu%E1%BA%A3n%20tr%E1%BB%8B%20AI%5C%22%29%20AND%20%28k%E1%BA%BF%20ho%E1%BA%A1ch%20OR%20tri%E1%BB%83n%20khai%20OR%20%C3%A1p%20d%E1%BB%A5ng%20OR%20th%C3%AD%20%C4%91i%E1%BB%83m%29%22&page=1,UNSCREENED_CANDIDATE_LOCATOR_NOT_ACQUIRED
WHO-VNM,DQ-IMPL-01,1,https://www.who.int/vietnam/footer/regional-links/publications,https://www.who.int/vietnam/search?query=%28%5C%C4%91%E1%BA%A1o%20%C4%91%E1%BB%A9c%20AI%5C%22%20OR%20%5C%22AI%20c%C3%B3%20tr%C3%A1ch%20nhi%E1%BB%87m%5C%22%20OR%20%5C%22qu%E1%BA%A3n%20tr%E1%BB%8B%20AI%5C%22%29%20AND%20%28k%E1%BA%BF%20ho%E1%BA%A1ch%20OR%20tri%E1%BB%83n%20khai%20OR%20%C3%A1p%20d%E1%BB%A5ng%20OR%20th%C3%AD%20%C4%91i%E1%BB%83m%29%22&page=1,UNSCREENED_CANDIDATE_LOCATOR_NOT_ACQUIRED
WHO-VNM,DQ-IMPL-01,1,https://www.who.int/vietnam/health-topics,https://www.who.int/vietnam/search?query=%28%5C%C4%91%E1%BA%A1o%20%C4%91%E1%BB%A9c%20AI%5C%22%20OR%20%5C%22AI%20c%C3%B3%20tr%C3%A1ch%20nhi%E1%BB%87m%5C%22%20OR%20%5C%22qu%E1%BA%A3n%20tr%E1%BB%8B%20AI%5C%22%29%20AND%20%28k%E1%BA%BF%20ho%E1%BA%A1ch%20OR%20tri%E1%BB%83n%20khai%20OR%20%C3%A1p%20d%E1%BB%A5ng%20OR%20th%C3%AD%20%C4%91i%E1%BB%83m%29%22&page=1,UNSCREENED_CANDIDATE_LOCATOR_NOT_ACQUIRED
WHO-VNM,DQ-IMPL-01,1,https://www.who.int/vietnam/news,https://www.who.int/vietnam/search?query=%28%5C%C4%91%E1%BA%A1o%20%C4%91%E1%BB%A9c%20AI%5C%22%20OR%20%5C%22AI%20c%C3%B3%20tr%C3%A1ch%20nhi%E1%BB%87m%5C%22%20OR%20%5C%22qu%E1%BA%A3n%20tr%E1%BB%8B%20AI%5C%22%29%20AND%20%28k%E1%BA%BF%20ho%E1%BA%A1ch%20OR%20tri%E1%BB%83n%20khai%20OR%20%C3%A1p%20d%E1%BB%A5ng%20OR%20th%C3%AD%20%C4%91i%E1%BB%83m%29%22&page=1,UNSCREENED_CANDIDATE_LOCATOR_NOT_ACQUIRED
WHO-VNM,DQ-IMPL-01,1,https://www.who.int/vietnam/our-work,https://www.who.int/vietnam/search?query=%28%5C%C4%91%E1%BA%A1o%20%C4%91%E1%BB%A9c%20AI%5C%22%20OR%20%5C%22AI%20c%C3%B3%20tr%C3%A1ch%20nhi%E1%BB%87m%5C%22%20OR%20%5C%22qu%E1%BA%A3n%20tr%E1%BB%8B%20AI%5C%22%29%20AND%20%28k%E1%BA%BF%20ho%E1%BA%A1ch%20OR%20tri%E1%BB%83n%20khai%20OR%20%C3%A1p%20d%E1%BB%A5ng%20OR%20th%C3%AD%20%C4%91i%E1%BB%83m%29%22&page=1,UNSCREENED_CANDIDATE_LOCATOR_NOT_ACQUIRED
WHO-VNM,DQ-IMPL-01,1,https://www.who.int/vietnam/search?query=%28%5C%C4%91%E1%BA%A1o%20%C4%91%E1%BB%A9c%20AI%5C%22%20OR%20%5C%22AI%20c%C3%B3%20tr%C3%A1ch%20nhi%E1%BB%87m%5C%22%20OR%20%5C%22qu%E1%BA%A3n%20tr%E1%BB%8B%20AI%5C%22%29%20AND%20%28k%E1%BA%BF%20ho%E1%BA%A1ch%20OR%20tri%E1%BB%83n%20khai%20OR%20%C3%A1p%20d%E1%BB%A5ng%20OR%20th%C3%AD%20%C4%91i%E1%BB%83m%29%22&page=1,https://www.who.int/vietnam/search?query=%28%5C%C4%91%E1%BA%A1o%20%C4%91%E1%BB%A9c%20AI%5C%22%20OR%20%5C%22AI%20c%C3%B3%20tr%C3%A1ch%20nhi%E1%BB%87m%5C%22%20OR%20%5C%22qu%E1%BA%A3n%20tr%E1%BB%8B%20AI%5C%22%29%20AND%20%28k%E1%BA%BF%20ho%E1%BA%A1ch%20OR%20tri%E1%BB%83n%20khai%20OR%20%C3%A1p%20d%E1%BB%A5ng%20OR%20th%C3%AD%20%C4%91i%E1%BB%83m%29%22&page=1,UNSCREENED_CANDIDATE_LOCATOR_NOT_ACQUIRED
WHO-VNM,DQ-IMPL-01,1,https://www.who.int/wallisandfutuna/home,https://www.who.int/vietnam/search?query=%28%5C%C4%91%E1%BA%A1o%20%C4%91%E1%BB%A9c%20AI%5C%22%20OR%20%5C%22AI%20c%C3%B3%20tr%C3%A1ch%20nhi%E1%BB%87m%5C%22%20OR%20%5C%22qu%E1%BA%A3n%20tr%E1%BB%8B%20AI%5C%22%29%20AND%20%28k%E1%BA%BF%20ho%E1%BA%A1ch%20OR%20tri%E1%BB%83n%20khai%20OR%20%C3%A1p%20d%E1%BB%A5ng%20OR%20th%C3%AD%20%C4%91i%E1%BB%83m%29%22&page=1,UNSCREENED_CANDIDATE_LOCATOR_NOT_ACQUIRED
WHO-VNM,DQ-IMPL-01,1,https://www.who.int/westernpacific/,https://www.who.int/vietnam/search?query=%28%5C%C4%91%E1%BA%A1o%20%C4%91%E1%BB%A9c%20AI%5C%22%20OR%20%5C%22AI%20c%C3%B3%20tr%C3%A1ch%20nhi%E1%BB%87m%5C%22%20OR%20%5C%22qu%E1%BA%A3n%20tr%E1%BB%8B%20AI%5C%22%29%20AND%20%28k%E1%BA%BF%20ho%E1%BA%A1ch%20OR%20tri%E1%BB%83n%20khai%20OR%20%C3%A1p%20d%E1%BB%A5ng%20OR%20th%C3%AD%20%C4%91i%E1%BB%83m%29%22&page=1,UNSCREENED_CANDIDATE_LOCATOR_NOT_ACQUIRED
WHO-VNM,DQ-IMPL-01,2,https://www.who.int/vietnam/search?query=%28%5C%C4%91%E1%BA%A1o%20%C4%91%E1%BB%A9c%20AI%5C%22%20OR%20%5C%22AI%20c%C3%B3%20tr%C3%A1ch%20nhi%E1%BB%87m%5C%22%20OR%20%5C%22qu%E1%BA%A3n%20tr%E1%BB%8B%20AI%5C%22%29%20AND%20%28k%E1%BA%BF%20ho%E1%BA%A1ch%20OR%20tri%E1%BB%83n%20khai%20OR%20%C3%A1p%20d%E1%BB%A5ng%20OR%20th%C3%AD%20%C4%91i%E1%BB%83m%29%22&page=2,https://www.who.int/vietnam/search?query=%28%5C%C4%91%E1%BA%A1o%20%C4%91%E1%BB%A9c%20AI%5C%22%20OR%20%5C%22AI%20c%C3%B3%20tr%C3%A1ch%20nhi%E1%BB%87m%5C%22%20OR%20%5C%22qu%E1%BA%A3n%20tr%E1%BB%8B%20AI%5C%22%29%20AND%20%28k%E1%BA%BF%20ho%E1%BA%A1ch%20OR%20tri%E1%BB%83n%20khai%20OR%20%C3%A1p%20d%E1%BB%A5ng%20OR%20th%C3%AD%20%C4%91i%E1%BB%83m%29%22&page=2,UNSCREENED_CANDIDATE_LOCATOR_NOT_ACQUIRED
WHO-VNM,DQ-IMPL-02,1,https://www.who.int/,https://www.who.int/vietnam/search?query=%28%5C%C4%91%E1%BA%A1o%20%C4%91%E1%BB%A9c%20AI%5C%22%20OR%20%5C%22AI%20c%C3%B3%20tr%C3%A1ch%20nhi%E1%BB%87m%5C%22%20OR%20%5C%22qu%E1%BA%A3n%20tr%E1%BB%8B%20AI%5C%22%29%20AND%20%28%5C%22B%E1%BB%99%20Y%20t%E1%BA%BF%5C%22%20OR%20b%E1%BB%87nh%20vi%E1%BB%87n%20OR%20%5C%22c%C6%A1%20s%E1%BB%9F%20kh%C3%A1m%20b%E1%BB%87nh&page=1,UNSCREENED_CANDIDATE_LOCATOR_NOT_ACQUIRED
WHO-VNM,DQ-IMPL-02,1,https://www.who.int/americansamoa/,https://www.who.int/vietnam/search?query=%28%5C%C4%91%E1%BA%A1o%20%C4%91%E1%BB%A9c%20AI%5C%22%20OR%20%5C%22AI%20c%C3%B3%20tr%C3%A1ch%20nhi%E1%BB%87m%5C%22%20OR%20%5C%22qu%E1%BA%A3n%20tr%E1%BB%8B%20AI%5C%22%29%20AND%20%28%5C%22B%E1%BB%99%20Y%20t%E1%BA%BF%5C%22%20OR%20b%E1%BB%87nh%20vi%E1%BB%87n%20OR%20%5C%22c%C6%A1%20s%E1%BB%9F%20kh%C3%A1m%20b%E1%BB%87nh&page=1,UNSCREENED_CANDIDATE_LOCATOR_NOT_ACQUIRED
WHO-VNM,DQ-IMPL-02,1,https://www.who.int/australia/,https://www.who.int/vietnam/search?query=%28%5C%C4%91%E1%BA%A1o%20%C4%91%E1%BB%A9c%20AI%5C%22%20OR%20%5C%22AI%20c%C3%B3%20tr%C3%A1ch%20nhi%E1%BB%87m%5C%22%20OR%20%5C%22qu%E1%BA%A3n%20tr%E1%BB%8B%20AI%5C%22%29%20AND%20%28%5C%22B%E1%BB%99%20Y%20t%E1%BA%BF%5C%22%20OR%20b%E1%BB%87nh%20vi%E1%BB%87n%20OR%20%5C%22c%C6%A1%20s%E1%BB%9F%20kh%C3%A1m%20b%E1%BB%87nh&page=1,UNSCREENED_CANDIDATE_LOCATOR_NOT_ACQUIRED
WHO-VNM,DQ-IMPL-02,1,https://www.who.int/brunei/,https://www.who.int/vietnam/search?query=%28%5C%C4%91%E1%BA%A1o%20%C4%91%E1%BB%A9c%20AI%5C%22%20OR%20%5C%22AI%20c%C3%B3%20tr%C3%A1ch%20nhi%E1%BB%87m%5C%22%20OR%20%5C%22qu%E1%BA%A3n%20tr%E1%BB%8B%20AI%5C%22%29%20AND%20%28%5C%22B%E1%BB%99%20Y%20t%E1%BA%BF%5C%22%20OR%20b%E1%BB%87nh%20vi%E1%BB%87n%20OR%20%5C%22c%C6%A1%20s%E1%BB%9F%20kh%C3%A1m%20b%E1%BB%87nh&page=1,UNSCREENED_CANDIDATE_LOCATOR_NOT_ACQUIRED
WHO-VNM,DQ-IMPL-02,1,https://www.who.int/cambodia/,https://www.who.int/vietnam/search?query=%28%5C%C4%91%E1%BA%A1o%20%C4%91%E1%BB%A9c%20AI%5C%22%20OR%20%5C%22AI%20c%C3%B3%20tr%C3%A1ch%20nhi%E1%BB%87m%5C%22%20OR%20%5C%22qu%E1%BA%A3n%20tr%E1%BB%8B%20AI%5C%22%29%20AND%20%28%5C%22B%E1%BB%99%20Y%20t%E1%BA%BF%5C%22%20OR%20b%E1%BB%87nh%20vi%E1%BB%87n%20OR%20%5C%22c%C6%A1%20s%E1%BB%9F%20kh%C3%A1m%20b%E1%BB%87nh&page=1,UNSCREENED_CANDIDATE_LOCATOR_NOT_ACQUIRED
WHO-VNM,DQ-IMPL-02,1,https://www.who.int/china/,https://www.who.int/vietnam/search?query=%28%5C%C4%91%E1%BA%A1o%20%C4%91%E1%BB%A9c%20AI%5C%22%20OR%20%5C%22AI%20c%C3%B3%20tr%C3%A1ch%20nhi%E1%BB%87m%5C%22%20OR%20%5C%22qu%E1%BA%A3n%20tr%E1%BB%8B%20AI%5C%22%29%20AND%20%28%5C%22B%E1%BB%99%20Y%20t%E1%BA%BF%5C%22%20OR%20b%E1%BB%87nh%20vi%E1%BB%87n%20OR%20%5C%22c%C6%A1%20s%E1%BB%9F%20kh%C3%A1m%20b%E1%BB%87nh&page=1,UNSCREENED_CANDIDATE_LOCATOR_NOT_ACQUIRED
WHO-VNM,DQ-IMPL-02,1,https://www.who.int/cookislands/,https://www.who.int/vietnam/search?query=%28%5C%C4%91%E1%BA%A1o%20%C4%91%E1%BB%A9c%20AI%5C%22%20OR%20%5C%22AI%20c%C3%B3%20tr%C3%A1ch%20nhi%E1%BB%87m%5C%22%20OR%20%5C%22qu%E1%BA%A3n%20tr%E1%BB%8B%20AI%5C%22%29%20AND%20%28%5C%22B%E1%BB%99%20Y%20t%E1%BA%BF%5C%22%20OR%20b%E1%BB%87nh%20vi%E1%BB%87n%20OR%20%5C%22c%C6%A1%20s%E1%BB%9F%20kh%C3%A1m%20b%E1%BB%87nh&page=1,UNSCREENED_CANDIDATE_LOCATOR_NOT_ACQUIRED
WHO-VNM,DQ-IMPL-02,1,https://www.who.int/europe/,https://www.who.int/vietnam/search?query=%28%5C%C4%91%E1%BA%A1o%20%C4%91%E1%BB%A9c%20AI%5C%22%20OR%20%5C%22AI%20c%C3%B3%20tr%C3%A1ch%20nhi%E1%BB%87m%5C%22%20OR%20%5C%22qu%E1%BA%A3n%20tr%E1%BB%8B%20AI%5C%22%29%20AND%20%28%5C%22B%E1%BB%99%20Y%20t%E1%BA%BF%5C%22%20OR%20b%E1%BB%87nh%20vi%E1%BB%87n%20OR%20%5C%22c%C6%A1%20s%E1%BB%9F%20kh%C3%A1m%20b%E1%BB%87nh&page=1,UNSCREENED_CANDIDATE_LOCATOR_NOT_ACQUIRED
WHO-VNM,DQ-IMPL-02,1,https://www.who.int/fiji/,https://www.who.int/vietnam/search?query=%28%5C%C4%91%E1%BA%A1o%20%C4%91%E1%BB%A9c%20AI%5C%22%20OR%20%5C%22AI%20c%C3%B3%20tr%C3%A1ch%20nhi%E1%BB%87m%5C%22%20OR%20%5C%22qu%E1%BA%A3n%20tr%E1%BB%8B%20AI%5C%22%29%20AND%20%28%5C%22B%E1%BB%99%20Y%20t%E1%BA%BF%5C%22%20OR%20b%E1%BB%87nh%20vi%E1%BB%87n%20OR%20%5C%22c%C6%A1%20s%E1%BB%9F%20kh%C3%A1m%20b%E1%BB%87nh&page=1,UNSCREENED_CANDIDATE_LOCATOR_NOT_ACQUIRED
WHO-VNM,DQ-IMPL-02,1,https://www.who.int/frenchpolynesia/,https://www.who.int/vietnam/search?query=%28%5C%C4%91%E1%BA%A1o%20%C4%91%E1%BB%A9c%20AI%5C%22%20OR%20%5C%22AI%20c%C3%B3%20tr%C3%A1ch%20nhi%E1%BB%87m%5C%22%20OR%20%5C%22qu%E1%BA%A3n%20tr%E1%BB%8B%20AI%5C%22%29%20AND%20%28%5C%22B%E1%BB%99%20Y%20t%E1%BA%BF%5C%22%20OR%20b%E1%BB%87nh%20vi%E1%BB%87n%20OR%20%5C%22c%C6%A1%20s%E1%BB%9F%20kh%C3%A1m%20b%E1%BB%87nh&page=1,UNSCREENED_CANDIDATE_LOCATOR_NOT_ACQUIRED
WHO-VNM,DQ-IMPL-02,1,https://www.who.int/guam/,https://www.who.int/vietnam/search?query=%28%5C%C4%91%E1%BA%A1o%20%C4%91%E1%BB%A9c%20AI%5C%22%20OR%20%5C%22AI%20c%C3%B3%20tr%C3%A1ch%20nhi%E1%BB%87m%5C%22%20OR%20%5C%22qu%E1%BA%A3n%20tr%E1%BB%8B%20AI%5C%22%29%20AND%20%28%5C%22B%E1%BB%99%20Y%20t%E1%BA%BF%5C%22%20OR%20b%E1%BB%87nh%20vi%E1%BB%87n%20OR%20%5C%22c%C6%A1%20s%E1%BB%9F%20kh%C3%A1m%20b%E1%BB%87nh&page=1,UNSCREENED_CANDIDATE_LOCATOR_NOT_ACQUIRED
WHO-VNM,DQ-IMPL-02,1,https://www.who.int/hongkongchina/,https://www.who.int/vietnam/search?query=%28%5C%C4%91%E1%BA%A1o%20%C4%91%E1%BB%A9c%20AI%5C%22%20OR%20%5C%22AI%20c%C3%B3%20tr%C3%A1ch%20nhi%E1%BB%87m%5C%22%20OR%20%5C%22qu%E1%BA%A3n%20tr%E1%BB%8B%20AI%5C%22%29%20AND%20%28%5C%22B%E1%BB%99%20Y%20t%E1%BA%BF%5C%22%20OR%20b%E1%BB%87nh%20vi%E1%BB%87n%20OR%20%5C%22c%C6%A1%20s%E1%BB%9F%20kh%C3%A1m%20b%E1%BB%87nh&page=1,UNSCREENED_CANDIDATE_LOCATOR_NOT_ACQUIRED
WHO-VNM,DQ-IMPL-02,1,https://www.who.int/indonesia/,https://www.who.int/vietnam/search?query=%28%5C%C4%91%E1%BA%A1o%20%C4%91%E1%BB%A9c%20AI%5C%22%20OR%20%5C%22AI%20c%C3%B3%20tr%C3%A1ch%20nhi%E1%BB%87m%5C%22%20OR%20%5C%22qu%E1%BA%A3n%20tr%E1%BB%8B%20AI%5C%22%29%20AND%20%28%5C%22B%E1%BB%99%20Y%20t%E1%BA%BF%5C%22%20OR%20b%E1%BB%87nh%20vi%E1%BB%87n%20OR%20%5C%22c%C6%A1%20s%E1%BB%9F%20kh%C3%A1m%20b%E1%BB%87nh&page=1,UNSCREENED_CANDIDATE_LOCATOR_NOT_ACQUIRED
WHO-VNM,DQ-IMPL-02,1,https://www.who.int/japan/,https://www.who.int/vietnam/search?query=%28%5C%C4%91%E1%BA%A1o%20%C4%91%E1%BB%A9c%20AI%5C%22%20OR%20%5C%22AI%20c%C3%B3%20tr%C3%A1ch%20nhi%E1%BB%87m%5C%22%20OR%20%5C%22qu%E1%BA%A3n%20tr%E1%BB%8B%20AI%5C%22%29%20AND%20%28%5C%22B%E1%BB%99%20Y%20t%E1%BA%BF%5C%22%20OR%20b%E1%BB%87nh%20vi%E1%BB%87n%20OR%20%5C%22c%C6%A1%20s%E1%BB%9F%20kh%C3%A1m%20b%E1%BB%87nh&page=1,UNSCREENED_CANDIDATE_LOCATOR_NOT_ACQUIRED
WHO-VNM,DQ-IMPL-02,1,https://www.who.int/kiribati/,https://www.who.int/vietnam/search?query=%28%5C%C4%91%E1%BA%A1o%20%C4%91%E1%BB%A9c%20AI%5C%22%20OR%20%5C%22AI%20c%C3%B3%20tr%C3%A1ch%20nhi%E1%BB%87m%5C%22%20OR%20%5C%22qu%E1%BA%A3n%20tr%E1%BB%8B%20AI%5C%22%29%20AND%20%28%5C%22B%E1%BB%99%20Y%20t%E1%BA%BF%5C%22%20OR%20b%E1%BB%87nh%20vi%E1%BB%87n%20OR%20%5C%22c%C6%A1%20s%E1%BB%9F%20kh%C3%A1m%20b%E1%BB%87nh&page=1,UNSCREENED_CANDIDATE_LOCATOR_NOT_ACQUIRED
WHO-VNM,DQ-IMPL-02,1,https://www.who.int/laos/,https://www.who.int/vietnam/search?query=%28%5C%C4%91%E1%BA%A1o%20%C4%91%E1%BB%A9c%20AI%5C%22%20OR%20%5C%22AI%20c%C3%B3%20tr%C3%A1ch%20nhi%E1%BB%87m%5C%22%20OR%20%5C%22qu%E1%BA%A3n%20tr%E1%BB%8B%20AI%5C%22%29%20AND%20%28%5C%22B%E1%BB%99%20Y%20t%E1%BA%BF%5C%22%20OR%20b%E1%BB%87nh%20vi%E1%BB%87n%20OR%20%5C%22c%C6%A1%20s%E1%BB%9F%20kh%C3%A1m%20b%E1%BB%87nh&page=1,UNSCREENED_CANDIDATE_LOCATOR_NOT_ACQUIRED
WHO-VNM,DQ-IMPL-02,1,https://www.who.int/macaochina/,https://www.who.int/vietnam/search?query=%28%5C%C4%91%E1%BA%A1o%20%C4%91%E1%BB%A9c%20AI%5C%22%20OR%20%5C%22AI%20c%C3%B3%20tr%C3%A1ch%20nhi%E1%BB%87m%5C%22%20OR%20%5C%22qu%E1%BA%A3n%20tr%E1%BB%8B%20AI%5C%22%29%20AND%20%28%5C%22B%E1%BB%99%20Y%20t%E1%BA%BF%5C%22%20OR%20b%E1%BB%87nh%20vi%E1%BB%87n%20OR%20%5C%22c%C6%A1%20s%E1%BB%9F%20kh%C3%A1m%20b%E1%BB%87nh&page=1,UNSCREENED_CANDIDATE_LOCATOR_NOT_ACQUIRED
WHO-VNM,DQ-IMPL-02,1,https://www.who.int/malaysia/,https://www.who.int/vietnam/search?query=%28%5C%C4%91%E1%BA%A1o%20%C4%91%E1%BB%A9c%20AI%5C%22%20OR%20%5C%22AI%20c%C3%B3%20tr%C3%A1ch%20nhi%E1%BB%87m%5C%22%20OR%20%5C%22qu%E1%BA%A3n%20tr%E1%BB%8B%20AI%5C%22%29%20AND%20%28%5C%22B%E1%BB%99%20Y%20t%E1%BA%BF%5C%22%20OR%20b%E1%BB%87nh%20vi%E1%BB%87n%20OR%20%5C%22c%C6%A1%20s%E1%BB%9F%20kh%C3%A1m%20b%E1%BB%87nh&page=1,UNSCREENED_CANDIDATE_LOCATOR_NOT_ACQUIRED
WHO-VNM,DQ-IMPL-02,1,https://www.who.int/marshallislands/,https://www.who.int/vietnam/search?query=%28%5C%C4%91%E1%BA%A1o%20%C4%91%E1%BB%A9c%20AI%5C%22%20OR%20%5C%22AI%20c%C3%B3%20tr%C3%A1ch%20nhi%E1%BB%87m%5C%22%20OR%20%5C%22qu%E1%BA%A3n%20tr%E1%BB%8B%20AI%5C%22%29%20AND%20%28%5C%22B%E1%BB%99%20Y%20t%E1%BA%BF%5C%22%20OR%20b%E1%BB%87nh%20vi%E1%BB%87n%20OR%20%5C%22c%C6%A1%20s%E1%BB%9F%20kh%C3%A1m%20b%E1%BB%87nh&page=1,UNSCREENED_CANDIDATE_LOCATOR_NOT_ACQUIRED
WHO-VNM,DQ-IMPL-02,1,https://www.who.int/micronesia/,https://www.who.int/vietnam/search?query=%28%5C%C4%91%E1%BA%A1o%20%C4%91%E1%BB%A9c%20AI%5C%22%20OR%20%5C%22AI%20c%C3%B3%20tr%C3%A1ch%20nhi%E1%BB%87m%5C%22%20OR%20%5C%22qu%E1%BA%A3n%20tr%E1%BB%8B%20AI%5C%22%29%20AND%20%28%5C%22B%E1%BB%99%20Y%20t%E1%BA%BF%5C%22%20OR%20b%E1%BB%87nh%20vi%E1%BB%87n%20OR%20%5C%22c%C6%A1%20s%E1%BB%9F%20kh%C3%A1m%20b%E1%BB%87nh&page=1,UNSCREENED_CANDIDATE_LOCATOR_NOT_ACQUIRED
WHO-VNM,DQ-IMPL-02,1,https://www.who.int/mongolia/,https://www.who.int/vietnam/search?query=%28%5C%C4%91%E1%BA%A1o%20%C4%91%E1%BB%A9c%20AI%5C%22%20OR%20%5C%22AI%20c%C3%B3%20tr%C3%A1ch%20nhi%E1%BB%87m%5C%22%20OR%20%5C%22qu%E1%BA%A3n%20tr%E1%BB%8B%20AI%5C%22%29%20AND%20%28%5C%22B%E1%BB%99%20Y%20t%E1%BA%BF%5C%22%20OR%20b%E1%BB%87nh%20vi%E1%BB%87n%20OR%20%5C%22c%C6%A1%20s%E1%BB%9F%20kh%C3%A1m%20b%E1%BB%87nh&page=1,UNSCREENED_CANDIDATE_LOCATOR_NOT_ACQUIRED
WHO-VNM,DQ-IMPL-02,1,https://www.who.int/nauru/,https://www.who.int/vietnam/search?query=%28%5C%C4%91%E1%BA%A1o%20%C4%91%E1%BB%A9c%20AI%5C%22%20OR%20%5C%22AI%20c%C3%B3%20tr%C3%A1ch%20nhi%E1%BB%87m%5C%22%20OR%20%5C%22qu%E1%BA%A3n%20tr%E1%BB%8B%20AI%5C%22%29%20AND%20%28%5C%22B%E1%BB%99%20Y%20t%E1%BA%BF%5C%22%20OR%20b%E1%BB%87nh%20vi%E1%BB%87n%20OR%20%5C%22c%C6%A1%20s%E1%BB%9F%20kh%C3%A1m%20b%E1%BB%87nh&page=1,UNSCREENED_CANDIDATE_LOCATOR_NOT_ACQUIRED
WHO-VNM,DQ-IMPL-02,1,https://www.who.int/newcaledonia/,https://www.who.int/vietnam/search?query=%28%5C%C4%91%E1%BA%A1o%20%C4%91%E1%BB%A9c%20AI%5C%22%20OR%20%5C%22AI%20c%C3%B3%20tr%C3%A1ch%20nhi%E1%BB%87m%5C%22%20OR%20%5C%22qu%E1%BA%A3n%20tr%E1%BB%8B%20AI%5C%22%29%20AND%20%28%5C%22B%E1%BB%99%20Y%20t%E1%BA%BF%5C%22%20OR%20b%E1%BB%87nh%20vi%E1%BB%87n%20OR%20%5C%22c%C6%A1%20s%E1%BB%9F%20kh%C3%A1m%20b%E1%BB%87nh&page=1,UNSCREENED_CANDIDATE_LOCATOR_NOT_ACQUIRED
WHO-VNM,DQ-IMPL-02,1,https://www.who.int/newzealand/,https://www.who.int/vietnam/search?query=%28%5C%C4%91%E1%BA%A1o%20%C4%91%E1%BB%A9c%20AI%5C%22%20OR%20%5C%22AI%20c%C3%B3%20tr%C3%A1ch%20nhi%E1%BB%87m%5C%22%20OR%20%5C%22qu%E1%BA%A3n%20tr%E1%BB%8B%20AI%5C%22%29%20AND%20%28%5C%22B%E1%BB%99%20Y%20t%E1%BA%BF%5C%22%20OR%20b%E1%BB%87nh%20vi%E1%BB%87n%20OR%20%5C%22c%C6%A1%20s%E1%BB%9F%20kh%C3%A1m%20b%E1%BB%87nh&page=1,UNSCREENED_CANDIDATE_LOCATOR_NOT_ACQUIRED
WHO-VNM,DQ-IMPL-02,1,https://www.who.int/niue/,https://www.who.int/vietnam/search?query=%28%5C%C4%91%E1%BA%A1o%20%C4%91%E1%BB%A9c%20AI%5C%22%20OR%20%5C%22AI%20c%C3%B3%20tr%C3%A1ch%20nhi%E1%BB%87m%5C%22%20OR%20%5C%22qu%E1%BA%A3n%20tr%E1%BB%8B%20AI%5C%22%29%20AND%20%28%5C%22B%E1%BB%99%20Y%20t%E1%BA%BF%5C%22%20OR%20b%E1%BB%87nh%20vi%E1%BB%87n%20OR%20%5C%22c%C6%A1%20s%E1%BB%9F%20kh%C3%A1m%20b%E1%BB%87nh&page=1,UNSCREENED_CANDIDATE_LOCATOR_NOT_ACQUIRED
WHO-VNM,DQ-IMPL-02,1,https://www.who.int/northernmarianaislands/,https://www.who.int/vietnam/search?query=%28%5C%C4%91%E1%BA%A1o%20%C4%91%E1%BB%A9c%20AI%5C%22%20OR%20%5C%22AI%20c%C3%B3%20tr%C3%A1ch%20nhi%E1%BB%87m%5C%22%20OR%20%5C%22qu%E1%BA%A3n%20tr%E1%BB%8B%20AI%5C%22%29%20AND%20%28%5C%22B%E1%BB%99%20Y%20t%E1%BA%BF%5C%22%20OR%20b%E1%BB%87nh%20vi%E1%BB%87n%20OR%20%5C%22c%C6%A1%20s%E1%BB%9F%20kh%C3%A1m%20b%E1%BB%87nh&page=1,UNSCREENED_CANDIDATE_LOCATOR_NOT_ACQUIRED
WHO-VNM,DQ-IMPL-02,1,https://www.who.int/palau/,https://www.who.int/vietnam/search?query=%28%5C%C4%91%E1%BA%A1o%20%C4%91%E1%BB%A9c%20AI%5C%22%20OR%20%5C%22AI%20c%C3%B3%20tr%C3%A1ch%20nhi%E1%BB%87m%5C%22%20OR%20%5C%22qu%E1%BA%A3n%20tr%E1%BB%8B%20AI%5C%22%29%20AND%20%28%5C%22B%E1%BB%99%20Y%20t%E1%BA%BF%5C%22%20OR%20b%E1%BB%87nh%20vi%E1%BB%87n%20OR%20%5C%22c%C6%A1%20s%E1%BB%9F%20kh%C3%A1m%20b%E1%BB%87nh&page=1,UNSCREENED_CANDIDATE_LOCATOR_NOT_ACQUIRED
WHO-VNM,DQ-IMPL-02,1,https://www.who.int/papuanewguinea/,https://www.who.int/vietnam/search?query=%28%5C%C4%91%E1%BA%A1o%20%C4%91%E1%BB%A9c%20AI%5C%22%20OR%20%5C%22AI%20c%C3%B3%20tr%C3%A1ch%20nhi%E1%BB%87m%5C%22%20OR%20%5C%22qu%E1%BA%A3n%20tr%E1%BB%8B%20AI%5C%22%29%20AND%20%28%5C%22B%E1%BB%99%20Y%20t%E1%BA%BF%5C%22%20OR%20b%E1%BB%87nh%20vi%E1%BB%87n%20OR%20%5C%22c%C6%A1%20s%E1%BB%9F%20kh%C3%A1m%20b%E1%BB%87nh&page=1,UNSCREENED_CANDIDATE_LOCATOR_NOT_ACQUIRED
WHO-VNM,DQ-IMPL-02,1,https://www.who.int/philippines/,https://www.who.int/vietnam/search?query=%28%5C%C4%91%E1%BA%A1o%20%C4%91%E1%BB%A9c%20AI%5C%22%20OR%20%5C%22AI%20c%C3%B3%20tr%C3%A1ch%20nhi%E1%BB%87m%5C%22%20OR%20%5C%22qu%E1%BA%A3n%20tr%E1%BB%8B%20AI%5C%22%29%20AND%20%28%5C%22B%E1%BB%99%20Y%20t%E1%BA%BF%5C%22%20OR%20b%E1%BB%87nh%20vi%E1%BB%87n%20OR%20%5C%22c%C6%A1%20s%E1%BB%9F%20kh%C3%A1m%20b%E1%BB%87nh&page=1,UNSCREENED_CANDIDATE_LOCATOR_NOT_ACQUIRED
WHO-VNM,DQ-IMPL-02,1,https://www.who.int/pitcairnislands/,https://www.who.int/vietnam/search?query=%28%5C%C4%91%E1%BA%A1o%20%C4%91%E1%BB%A9c%20AI%5C%22%20OR%20%5C%22AI%20c%C3%B3%20tr%C3%A1ch%20nhi%E1%BB%87m%5C%22%20OR%20%5C%22qu%E1%BA%A3n%20tr%E1%BB%8B%20AI%5C%22%29%20AND%20%28%5C%22B%E1%BB%99%20Y%20t%E1%BA%BF%5C%22%20OR%20b%E1%BB%87nh%20vi%E1%BB%87n%20OR%20%5C%22c%C6%A1%20s%E1%BB%9F%20kh%C3%A1m%20b%E1%BB%87nh&page=1,UNSCREENED_CANDIDATE_LOCATOR_NOT_ACQUIRED
WHO-VNM,DQ-IMPL-02,1,https://www.who.int/republicofkorea/,https://www.who.int/vietnam/search?query=%28%5C%C4%91%E1%BA%A1o%20%C4%91%E1%BB%A9c%20AI%5C%22%20OR%20%5C%22AI%20c%C3%B3%20tr%C3%A1ch%20nhi%E1%BB%87m%5C%22%20OR%20%5C%22qu%E1%BA%A3n%20tr%E1%BB%8B%20AI%5C%22%29%20AND%20%28%5C%22B%E1%BB%99%20Y%20t%E1%BA%BF%5C%22%20OR%20b%E1%BB%87nh%20vi%E1%BB%87n%20OR%20%5C%22c%C6%A1%20s%E1%BB%9F%20kh%C3%A1m%20b%E1%BB%87nh&page=1,UNSCREENED_CANDIDATE_LOCATOR_NOT_ACQUIRED
WHO-VNM,DQ-IMPL-02,1,https://www.who.int/samoa/,https://www.who.int/vietnam/search?query=%28%5C%C4%91%E1%BA%A1o%20%C4%91%E1%BB%A9c%20AI%5C%22%20OR%20%5C%22AI%20c%C3%B3%20tr%C3%A1ch%20nhi%E1%BB%87m%5C%22%20OR%20%5C%22qu%E1%BA%A3n%20tr%E1%BB%8B%20AI%5C%22%29%20AND%20%28%5C%22B%E1%BB%99%20Y%20t%E1%BA%BF%5C%22%20OR%20b%E1%BB%87nh%20vi%E1%BB%87n%20OR%20%5C%22c%C6%A1%20s%E1%BB%9F%20kh%C3%A1m%20b%E1%BB%87nh&page=1,UNSCREENED_CANDIDATE_LOCATOR_NOT_ACQUIRED
WHO-VNM,DQ-IMPL-02,1,https://www.who.int/singapore/,https://www.who.int/vietnam/search?query=%28%5C%C4%91%E1%BA%A1o%20%C4%91%E1%BB%A9c%20AI%5C%22%20OR%20%5C%22AI%20c%C3%B3%20tr%C3%A1ch%20nhi%E1%BB%87m%5C%22%20OR%20%5C%22qu%E1%BA%A3n%20tr%E1%BB%8B%20AI%5C%22%29%20AND%20%28%5C%22B%E1%BB%99%20Y%20t%E1%BA%BF%5C%22%20OR%20b%E1%BB%87nh%20vi%E1%BB%87n%20OR%20%5C%22c%C6%A1%20s%E1%BB%9F%20kh%C3%A1m%20b%E1%BB%87nh&page=1,UNSCREENED_CANDIDATE_LOCATOR_NOT_ACQUIRED
WHO-VNM,DQ-IMPL-02,1,https://www.who.int/solomonislands/home,https://www.who.int/vietnam/search?query=%28%5C%C4%91%E1%BA%A1o%20%C4%91%E1%BB%A9c%20AI%5C%22%20OR%20%5C%22AI%20c%C3%B3%20tr%C3%A1ch%20nhi%E1%BB%87m%5C%22%20OR%20%5C%22qu%E1%BA%A3n%20tr%E1%BB%8B%20AI%5C%22%29%20AND%20%28%5C%22B%E1%BB%99%20Y%20t%E1%BA%BF%5C%22%20OR%20b%E1%BB%87nh%20vi%E1%BB%87n%20OR%20%5C%22c%C6%A1%20s%E1%BB%9F%20kh%C3%A1m%20b%E1%BB%87nh&page=1,UNSCREENED_CANDIDATE_LOCATOR_NOT_ACQUIRED
WHO-VNM,DQ-IMPL-02,1,https://www.who.int/southeastasia,https://www.who.int/vietnam/search?query=%28%5C%C4%91%E1%BA%A1o%20%C4%91%E1%BB%A9c%20AI%5C%22%20OR%20%5C%22AI%20c%C3%B3%20tr%C3%A1ch%20nhi%E1%BB%87m%5C%22%20OR%20%5C%22qu%E1%BA%A3n%20tr%E1%BB%8B%20AI%5C%22%29%20AND%20%28%5C%22B%E1%BB%99%20Y%20t%E1%BA%BF%5C%22%20OR%20b%E1%BB%87nh%20vi%E1%BB%87n%20OR%20%5C%22c%C6%A1%20s%E1%BB%9F%20kh%C3%A1m%20b%E1%BB%87nh&page=1,UNSCREENED_CANDIDATE_LOCATOR_NOT_ACQUIRED
WHO-VNM,DQ-IMPL-02,1,https://www.who.int/tokelau/home,https://www.who.int/vietnam/search?query=%28%5C%C4%91%E1%BA%A1o%20%C4%91%E1%BB%A9c%20AI%5C%22%20OR%20%5C%22AI%20c%C3%B3%20tr%C3%A1ch%20nhi%E1%BB%87m%5C%22%20OR%20%5C%22qu%E1%BA%A3n%20tr%E1%BB%8B%20AI%5C%22%29%20AND%20%28%5C%22B%E1%BB%99%20Y%20t%E1%BA%BF%5C%22%20OR%20b%E1%BB%87nh%20vi%E1%BB%87n%20OR%20%5C%22c%C6%A1%20s%E1%BB%9F%20kh%C3%A1m%20b%E1%BB%87nh&page=1,UNSCREENED_CANDIDATE_LOCATOR_NOT_ACQUIRED
WHO-VNM,DQ-IMPL-02,1,https://www.who.int/tonga/home,https://www.who.int/vietnam/search?query=%28%5C%C4%91%E1%BA%A1o%20%C4%91%E1%BB%A9c%20AI%5C%22%20OR%20%5C%22AI%20c%C3%B3%20tr%C3%A1ch%20nhi%E1%BB%87m%5C%22%20OR%20%5C%22qu%E1%BA%A3n%20tr%E1%BB%8B%20AI%5C%22%29%20AND%20%28%5C%22B%E1%BB%99%20Y%20t%E1%BA%BF%5C%22%20OR%20b%E1%BB%87nh%20vi%E1%BB%87n%20OR%20%5C%22c%C6%A1%20s%E1%BB%9F%20kh%C3%A1m%20b%E1%BB%87nh&page=1,UNSCREENED_CANDIDATE_LOCATOR_NOT_ACQUIRED
WHO-VNM,DQ-IMPL-02,1,https://www.who.int/tuvalu/home,https://www.who.int/vietnam/search?query=%28%5C%C4%91%E1%BA%A1o%20%C4%91%E1%BB%A9c%20AI%5C%22%20OR%20%5C%22AI%20c%C3%B3%20tr%C3%A1ch%20nhi%E1%BB%87m%5C%22%20OR%20%5C%22qu%E1%BA%A3n%20tr%E1%BB%8B%20AI%5C%22%29%20AND%20%28%5C%22B%E1%BB%99%20Y%20t%E1%BA%BF%5C%22%20OR%20b%E1%BB%87nh%20vi%E1%BB%87n%20OR%20%5C%22c%C6%A1%20s%E1%BB%9F%20kh%C3%A1m%20b%E1%BB%87nh&page=1,UNSCREENED_CANDIDATE_LOCATOR_NOT_ACQUIRED
WHO-VNM,DQ-IMPL-02,1,https://www.who.int/vanuatu/home,https://www.who.int/vietnam/search?query=%28%5C%C4%91%E1%BA%A1o%20%C4%91%E1%BB%A9c%20AI%5C%22%20OR%20%5C%22AI%20c%C3%B3%20tr%C3%A1ch%20nhi%E1%BB%87m%5C%22%20OR%20%5C%22qu%E1%BA%A3n%20tr%E1%BB%8B%20AI%5C%22%29%20AND%20%28%5C%22B%E1%BB%99%20Y%20t%E1%BA%BF%5C%22%20OR%20b%E1%BB%87nh%20vi%E1%BB%87n%20OR%20%5C%22c%C6%A1%20s%E1%BB%9F%20kh%C3%A1m%20b%E1%BB%87nh&page=1,UNSCREENED_CANDIDATE_LOCATOR_NOT_ACQUIRED
WHO-VNM,DQ-IMPL-02,1,https://www.who.int/vietnam,https://www.who.int/vietnam/search?query=%28%5C%C4%91%E1%BA%A1o%20%C4%91%E1%BB%A9c%20AI%5C%22%20OR%20%5C%22AI%20c%C3%B3%20tr%C3%A1ch%20nhi%E1%BB%87m%5C%22%20OR%20%5C%22qu%E1%BA%A3n%20tr%E1%BB%8B%20AI%5C%22%29%20AND%20%28%5C%22B%E1%BB%99%20Y%20t%E1%BA%BF%5C%22%20OR%20b%E1%BB%87nh%20vi%E1%BB%87n%20OR%20%5C%22c%C6%A1%20s%E1%BB%9F%20kh%C3%A1m%20b%E1%BB%87nh&page=1,UNSCREENED_CANDIDATE_LOCATOR_NOT_ACQUIRED
WHO-VNM,DQ-IMPL-02,1,https://www.who.int/vietnam/,https://www.who.int/vietnam/search?query=%28%5C%C4%91%E1%BA%A1o%20%C4%91%E1%BB%A9c%20AI%5C%22%20OR%20%5C%22AI%20c%C3%B3%20tr%C3%A1ch%20nhi%E1%BB%87m%5C%22%20OR%20%5C%22qu%E1%BA%A3n%20tr%E1%BB%8B%20AI%5C%22%29%20AND%20%28%5C%22B%E1%BB%99%20Y%20t%E1%BA%BF%5C%22%20OR%20b%E1%BB%87nh%20vi%E1%BB%87n%20OR%20%5C%22c%C6%A1%20s%E1%BB%9F%20kh%C3%A1m%20b%E1%BB%87nh&page=1,UNSCREENED_CANDIDATE_LOCATOR_NOT_ACQUIRED
WHO-VNM,DQ-IMPL-02,1,https://www.who.int/vietnam/about,https://www.who.int/vietnam/search?query=%28%5C%C4%91%E1%BA%A1o%20%C4%91%E1%BB%A9c%20AI%5C%22%20OR%20%5C%22AI%20c%C3%B3%20tr%C3%A1ch%20nhi%E1%BB%87m%5C%22%20OR%20%5C%22qu%E1%BA%A3n%20tr%E1%BB%8B%20AI%5C%22%29%20AND%20%28%5C%22B%E1%BB%99%20Y%20t%E1%BA%BF%5C%22%20OR%20b%E1%BB%87nh%20vi%E1%BB%87n%20OR%20%5C%22c%C6%A1%20s%E1%BB%9F%20kh%C3%A1m%20b%E1%BB%87nh&page=1,UNSCREENED_CANDIDATE_LOCATOR_NOT_ACQUIRED
WHO-VNM,DQ-IMPL-02,1,https://www.who.int/vietnam/emergencies,https://www.who.int/vietnam/search?query=%28%5C%C4%91%E1%BA%A1o%20%C4%91%E1%BB%A9c%20AI%5C%22%20OR%20%5C%22AI%20c%C3%B3%20tr%C3%A1ch%20nhi%E1%BB%87m%5C%22%20OR%20%5C%22qu%E1%BA%A3n%20tr%E1%BB%8B%20AI%5C%22%29%20AND%20%28%5C%22B%E1%BB%99%20Y%20t%E1%BA%BF%5C%22%20OR%20b%E1%BB%87nh%20vi%E1%BB%87n%20OR%20%5C%22c%C6%A1%20s%E1%BB%9F%20kh%C3%A1m%20b%E1%BB%87nh&page=1,UNSCREENED_CANDIDATE_LOCATOR_NOT_ACQUIRED
WHO-VNM,DQ-IMPL-02,1,https://www.who.int/vietnam/footer/help,https://www.who.int/vietnam/search?query=%28%5C%C4%91%E1%BA%A1o%20%C4%91%E1%BB%A9c%20AI%5C%22%20OR%20%5C%22AI%20c%C3%B3%20tr%C3%A1ch%20nhi%E1%BB%87m%5C%22%20OR%20%5C%22qu%E1%BA%A3n%20tr%E1%BB%8B%20AI%5C%22%29%20AND%20%28%5C%22B%E1%BB%99%20Y%20t%E1%BA%BF%5C%22%20OR%20b%E1%BB%87nh%20vi%E1%BB%87n%20OR%20%5C%22c%C6%A1%20s%E1%BB%9F%20kh%C3%A1m%20b%E1%BB%87nh&page=1,UNSCREENED_CANDIDATE_LOCATOR_NOT_ACQUIRED
WHO-VNM,DQ-IMPL-02,1,https://www.who.int/vietnam/footer/help/contact-us,https://www.who.int/vietnam/search?query=%28%5C%C4%91%E1%BA%A1o%20%C4%91%E1%BB%A9c%20AI%5C%22%20OR%20%5C%22AI%20c%C3%B3%20tr%C3%A1ch%20nhi%E1%BB%87m%5C%22%20OR%20%5C%22qu%E1%BA%A3n%20tr%E1%BB%8B%20AI%5C%22%29%20AND%20%28%5C%22B%E1%BB%99%20Y%20t%E1%BA%BF%5C%22%20OR%20b%E1%BB%87nh%20vi%E1%BB%87n%20OR%20%5C%22c%C6%A1%20s%E1%BB%9F%20kh%C3%A1m%20b%E1%BB%87nh&page=1,UNSCREENED_CANDIDATE_LOCATOR_NOT_ACQUIRED
WHO-VNM,DQ-IMPL-02,1,https://www.who.int/vietnam/footer/help/cyber-security,https://www.who.int/vietnam/search?query=%28%5C%C4%91%E1%BA%A1o%20%C4%91%E1%BB%A9c%20AI%5C%22%20OR%20%5C%22AI%20c%C3%B3%20tr%C3%A1ch%20nhi%E1%BB%87m%5C%22%20OR%20%5C%22qu%E1%BA%A3n%20tr%E1%BB%8B%20AI%5C%22%29%20AND%20%28%5C%22B%E1%BB%99%20Y%20t%E1%BA%BF%5C%22%20OR%20b%E1%BB%87nh%20vi%E1%BB%87n%20OR%20%5C%22c%C6%A1%20s%E1%BB%9F%20kh%C3%A1m%20b%E1%BB%87nh&page=1,UNSCREENED_CANDIDATE_LOCATOR_NOT_ACQUIRED
WHO-VNM,DQ-IMPL-02,1,https://www.who.int/vietnam/footer/help/ethics,https://www.who.int/vietnam/search?query=%28%5C%C4%91%E1%BA%A1o%20%C4%91%E1%BB%A9c%20AI%5C%22%20OR%20%5C%22AI%20c%C3%B3%20tr%C3%A1ch%20nhi%E1%BB%87m%5C%22%20OR%20%5C%22qu%E1%BA%A3n%20tr%E1%BB%8B%20AI%5C%22%29%20AND%20%28%5C%22B%E1%BB%99%20Y%20t%E1%BA%BF%5C%22%20OR%20b%E1%BB%87nh%20vi%E1%BB%87n%20OR%20%5C%22c%C6%A1%20s%E1%BB%9F%20kh%C3%A1m%20b%E1%BB%87nh&page=1,UNSCREENED_CANDIDATE_LOCATOR_NOT_ACQUIRED
WHO-VNM,DQ-IMPL-02,1,https://www.who.int/vietnam/footer/quick-links,https://www.who.int/vietnam/search?query=%28%5C%C4%91%E1%BA%A1o%20%C4%91%E1%BB%A9c%20AI%5C%22%20OR%20%5C%22AI%20c%C3%B3%20tr%C3%A1ch%20nhi%E1%BB%87m%5C%22%20OR%20%5C%22qu%E1%BA%A3n%20tr%E1%BB%8B%20AI%5C%22%29%20AND%20%28%5C%22B%E1%BB%99%20Y%20t%E1%BA%BF%5C%22%20OR%20b%E1%BB%87nh%20vi%E1%BB%87n%20OR%20%5C%22c%C6%A1%20s%E1%BB%9F%20kh%C3%A1m%20b%E1%BB%87nh&page=1,UNSCREENED_CANDIDATE_LOCATOR_NOT_ACQUIRED
WHO-VNM,DQ-IMPL-02,1,https://www.who.int/vietnam/footer/quick-links/careers-in-who-viet-nam,https://www.who.int/vietnam/search?query=%28%5C%C4%91%E1%BA%A1o%20%C4%91%E1%BB%A9c%20AI%5C%22%20OR%20%5C%22AI%20c%C3%B3%20tr%C3%A1ch%20nhi%E1%BB%87m%5C%22%20OR%20%5C%22qu%E1%BA%A3n%20tr%E1%BB%8B%20AI%5C%22%29%20AND%20%28%5C%22B%E1%BB%99%20Y%20t%E1%BA%BF%5C%22%20OR%20b%E1%BB%87nh%20vi%E1%BB%87n%20OR%20%5C%22c%C6%A1%20s%E1%BB%9F%20kh%C3%A1m%20b%E1%BB%87nh&page=1,UNSCREENED_CANDIDATE_LOCATOR_NOT_ACQUIRED
WHO-VNM,DQ-IMPL-02,1,https://www.who.int/vietnam/footer/quick-links/newsroom,https://www.who.int/vietnam/search?query=%28%5C%C4%91%E1%BA%A1o%20%C4%91%E1%BB%A9c%20AI%5C%22%20OR%20%5C%22AI%20c%C3%B3%20tr%C3%A1ch%20nhi%E1%BB%87m%5C%22%20OR%20%5C%22qu%E1%BA%A3n%20tr%E1%BB%8B%20AI%5C%22%29%20AND%20%28%5C%22B%E1%BB%99%20Y%20t%E1%BA%BF%5C%22%20OR%20b%E1%BB%87nh%20vi%E1%BB%87n%20OR%20%5C%22c%C6%A1%20s%E1%BB%9F%20kh%C3%A1m%20b%E1%BB%87nh&page=1,UNSCREENED_CANDIDATE_LOCATOR_NOT_ACQUIRED
WHO-VNM,DQ-IMPL-02,1,https://www.who.int/vietnam/footer/quick-links/publications-and-information-resources,https://www.who.int/vietnam/search?query=%28%5C%C4%91%E1%BA%A1o%20%C4%91%E1%BB%A9c%20AI%5C%22%20OR%20%5C%22AI%20c%C3%B3%20tr%C3%A1ch%20nhi%E1%BB%87m%5C%22%20OR%20%5C%22qu%E1%BA%A3n%20tr%E1%BB%8B%20AI%5C%22%29%20AND%20%28%5C%22B%E1%BB%99%20Y%20t%E1%BA%BF%5C%22%20OR%20b%E1%BB%87nh%20vi%E1%BB%87n%20OR%20%5C%22c%C6%A1%20s%E1%BB%9F%20kh%C3%A1m%20b%E1%BB%87nh&page=1,UNSCREENED_CANDIDATE_LOCATOR_NOT_ACQUIRED
WHO-VNM,DQ-IMPL-02,1,https://www.who.int/vietnam/footer/regional-links,https://www.who.int/vietnam/search?query=%28%5C%C4%91%E1%BA%A1o%20%C4%91%E1%BB%A9c%20AI%5C%22%20OR%20%5C%22AI%20c%C3%B3%20tr%C3%A1ch%20nhi%E1%BB%87m%5C%22%20OR%20%5C%22qu%E1%BA%A3n%20tr%E1%BB%8B%20AI%5C%22%29%20AND%20%28%5C%22B%E1%BB%99%20Y%20t%E1%BA%BF%5C%22%20OR%20b%E1%BB%87nh%20vi%E1%BB%87n%20OR%20%5C%22c%C6%A1%20s%E1%BB%9F%20kh%C3%A1m%20b%E1%BB%87nh&page=1,UNSCREENED_CANDIDATE_LOCATOR_NOT_ACQUIRED
WHO-VNM,DQ-IMPL-02,1,https://www.who.int/vietnam/footer/regional-links/campaigns,https://www.who.int/vietnam/search?query=%28%5C%C4%91%E1%BA%A1o%20%C4%91%E1%BB%A9c%20AI%5C%22%20OR%20%5C%22AI%20c%C3%B3%20tr%C3%A1ch%20nhi%E1%BB%87m%5C%22%20OR%20%5C%22qu%E1%BA%A3n%20tr%E1%BB%8B%20AI%5C%22%29%20AND%20%28%5C%22B%E1%BB%99%20Y%20t%E1%BA%BF%5C%22%20OR%20b%E1%BB%87nh%20vi%E1%BB%87n%20OR%20%5C%22c%C6%A1%20s%E1%BB%9F%20kh%C3%A1m%20b%E1%BB%87nh&page=1,UNSCREENED_CANDIDATE_LOCATOR_NOT_ACQUIRED
WHO-VNM,DQ-IMPL-02,1,https://www.who.int/vietnam/footer/regional-links/careers,https://www.who.int/vietnam/search?query=%28%5C%C4%91%E1%BA%A1o%20%C4%91%E1%BB%A9c%20AI%5C%22%20OR%20%5C%22AI%20c%C3%B3%20tr%C3%A1ch%20nhi%E1%BB%87m%5C%22%20OR%20%5C%22qu%E1%BA%A3n%20tr%E1%BB%8B%20AI%5C%22%29%20AND%20%28%5C%22B%E1%BB%99%20Y%20t%E1%BA%BF%5C%22%20OR%20b%E1%BB%87nh%20vi%E1%BB%87n%20OR%20%5C%22c%C6%A1%20s%E1%BB%9F%20kh%C3%A1m%20b%E1%BB%87nh&page=1,UNSCREENED_CANDIDATE_LOCATOR_NOT_ACQUIRED
WHO-VNM,DQ-IMPL-02,1,https://www.who.int/vietnam/footer/regional-links/data,https://www.who.int/vietnam/search?query=%28%5C%C4%91%E1%BA%A1o%20%C4%91%E1%BB%A9c%20AI%5C%22%20OR%20%5C%22AI%20c%C3%B3%20tr%C3%A1ch%20nhi%E1%BB%87m%5C%22%20OR%20%5C%22qu%E1%BA%A3n%20tr%E1%BB%8B%20AI%5C%22%29%20AND%20%28%5C%22B%E1%BB%99%20Y%20t%E1%BA%BF%5C%22%20OR%20b%E1%BB%87nh%20vi%E1%BB%87n%20OR%20%5C%22c%C6%A1%20s%E1%BB%9F%20kh%C3%A1m%20b%E1%BB%87nh&page=1,UNSCREENED_CANDIDATE_LOCATOR_NOT_ACQUIRED
WHO-VNM,DQ-IMPL-02,1,https://www.who.int/vietnam/footer/regional-links/publications,https://www.who.int/vietnam/search?query=%28%5C%C4%91%E1%BA%A1o%20%C4%91%E1%BB%A9c%20AI%5C%22%20OR%20%5C%22AI%20c%C3%B3%20tr%C3%A1ch%20nhi%E1%BB%87m%5C%22%20OR%20%5C%22qu%E1%BA%A3n%20tr%E1%BB%8B%20AI%5C%22%29%20AND%20%28%5C%22B%E1%BB%99%20Y%20t%E1%BA%BF%5C%22%20OR%20b%E1%BB%87nh%20vi%E1%BB%87n%20OR%20%5C%22c%C6%A1%20s%E1%BB%9F%20kh%C3%A1m%20b%E1%BB%87nh&page=1,UNSCREENED_CANDIDATE_LOCATOR_NOT_ACQUIRED
WHO-VNM,DQ-IMPL-02,1,https://www.who.int/vietnam/health-topics,https://www.who.int/vietnam/search?query=%28%5C%C4%91%E1%BA%A1o%20%C4%91%E1%BB%A9c%20AI%5C%22%20OR%20%5C%22AI%20c%C3%B3%20tr%C3%A1ch%20nhi%E1%BB%87m%5C%22%20OR%20%5C%22qu%E1%BA%A3n%20tr%E1%BB%8B%20AI%5C%22%29%20AND%20%28%5C%22B%E1%BB%99%20Y%20t%E1%BA%BF%5C%22%20OR%20b%E1%BB%87nh%20vi%E1%BB%87n%20OR%20%5C%22c%C6%A1%20s%E1%BB%9F%20kh%C3%A1m%20b%E1%BB%87nh&page=1,UNSCREENED_CANDIDATE_LOCATOR_NOT_ACQUIRED
WHO-VNM,DQ-IMPL-02,1,https://www.who.int/vietnam/news,https://www.who.int/vietnam/search?query=%28%5C%C4%91%E1%BA%A1o%20%C4%91%E1%BB%A9c%20AI%5C%22%20OR%20%5C%22AI%20c%C3%B3%20tr%C3%A1ch%20nhi%E1%BB%87m%5C%22%20OR%20%5C%22qu%E1%BA%A3n%20tr%E1%BB%8B%20AI%5C%22%29%20AND%20%28%5C%22B%E1%BB%99%20Y%20t%E1%BA%BF%5C%22%20OR%20b%E1%BB%87nh%20vi%E1%BB%87n%20OR%20%5C%22c%C6%A1%20s%E1%BB%9F%20kh%C3%A1m%20b%E1%BB%87nh&page=1,UNSCREENED_CANDIDATE_LOCATOR_NOT_ACQUIRED
WHO-VNM,DQ-IMPL-02,1,https://www.who.int/vietnam/our-work,https://www.who.int/vietnam/search?query=%28%5C%C4%91%E1%BA%A1o%20%C4%91%E1%BB%A9c%20AI%5C%22%20OR%20%5C%22AI%20c%C3%B3%20tr%C3%A1ch%20nhi%E1%BB%87m%5C%22%20OR%20%5C%22qu%E1%BA%A3n%20tr%E1%BB%8B%20AI%5C%22%29%20AND%20%28%5C%22B%E1%BB%99%20Y%20t%E1%BA%BF%5C%22%20OR%20b%E1%BB%87nh%20vi%E1%BB%87n%20OR%20%5C%22c%C6%A1%20s%E1%BB%9F%20kh%C3%A1m%20b%E1%BB%87nh&page=1,UNSCREENED_CANDIDATE_LOCATOR_NOT_ACQUIRED
WHO-VNM,DQ-IMPL-02,1,https://www.who.int/vietnam/search?query=%28%5C%C4%91%E1%BA%A1o%20%C4%91%E1%BB%A9c%20AI%5C%22%20OR%20%5C%22AI%20c%C3%B3%20tr%C3%A1ch%20nhi%E1%BB%87m%5C%22%20OR%20%5C%22qu%E1%BA%A3n%20tr%E1%BB%8B%20AI%5C%22%29%20AND%20%28%5C%22B%E1%BB%99%20Y%20t%E1%BA%BF%5C%22%20OR%20b%E1%BB%87nh%20vi%E1%BB%87n%20OR%20%5C%22c%C6%A1%20s%E1%BB%9F%20kh%C3%A1m%20b%E1%BB%87nh&page=1,https://www.who.int/vietnam/search?query=%28%5C%C4%91%E1%BA%A1o%20%C4%91%E1%BB%A9c%20AI%5C%22%20OR%20%5C%22AI%20c%C3%B3%20tr%C3%A1ch%20nhi%E1%BB%87m%5C%22%20OR%20%5C%22qu%E1%BA%A3n%20tr%E1%BB%8B%20AI%5C%22%29%20AND%20%28%5C%22B%E1%BB%99%20Y%20t%E1%BA%BF%5C%22%20OR%20b%E1%BB%87nh%20vi%E1%BB%87n%20OR%20%5C%22c%C6%A1%20s%E1%BB%9F%20kh%C3%A1m%20b%E1%BB%87nh&page=1,UNSCREENED_CANDIDATE_LOCATOR_NOT_ACQUIRED
WHO-VNM,DQ-IMPL-02,1,https://www.who.int/wallisandfutuna/home,https://www.who.int/vietnam/search?query=%28%5C%C4%91%E1%BA%A1o%20%C4%91%E1%BB%A9c%20AI%5C%22%20OR%20%5C%22AI%20c%C3%B3%20tr%C3%A1ch%20nhi%E1%BB%87m%5C%22%20OR%20%5C%22qu%E1%BA%A3n%20tr%E1%BB%8B%20AI%5C%22%29%20AND%20%28%5C%22B%E1%BB%99%20Y%20t%E1%BA%BF%5C%22%20OR%20b%E1%BB%87nh%20vi%E1%BB%87n%20OR%20%5C%22c%C6%A1%20s%E1%BB%9F%20kh%C3%A1m%20b%E1%BB%87nh&page=1,UNSCREENED_CANDIDATE_LOCATOR_NOT_ACQUIRED
WHO-VNM,DQ-IMPL-02,1,https://www.who.int/westernpacific/,https://www.who.int/vietnam/search?query=%28%5C%C4%91%E1%BA%A1o%20%C4%91%E1%BB%A9c%20AI%5C%22%20OR%20%5C%22AI%20c%C3%B3%20tr%C3%A1ch%20nhi%E1%BB%87m%5C%22%20OR%20%5C%22qu%E1%BA%A3n%20tr%E1%BB%8B%20AI%5C%22%29%20AND%20%28%5C%22B%E1%BB%99%20Y%20t%E1%BA%BF%5C%22%20OR%20b%E1%BB%87nh%20vi%E1%BB%87n%20OR%20%5C%22c%C6%A1%20s%E1%BB%9F%20kh%C3%A1m%20b%E1%BB%87nh&page=1,UNSCREENED_CANDIDATE_LOCATOR_NOT_ACQUIRED
WHO-VNM,DQ-IMPL-02,2,https://www.who.int/vietnam/search?query=%28%5C%C4%91%E1%BA%A1o%20%C4%91%E1%BB%A9c%20AI%5C%22%20OR%20%5C%22AI%20c%C3%B3%20tr%C3%A1ch%20nhi%E1%BB%87m%5C%22%20OR%20%5C%22qu%E1%BA%A3n%20tr%E1%BB%8B%20AI%5C%22%29%20AND%20%28%5C%22B%E1%BB%99%20Y%20t%E1%BA%BF%5C%22%20OR%20b%E1%BB%87nh%20vi%E1%BB%87n%20OR%20%5C%22c%C6%A1%20s%E1%BB%9F%20kh%C3%A1m%20b%E1%BB%87nh&page=2,https://www.who.int/vietnam/search?query=%28%5C%C4%91%E1%BA%A1o%20%C4%91%E1%BB%A9c%20AI%5C%22%20OR%20%5C%22AI%20c%C3%B3%20tr%C3%A1ch%20nhi%E1%BB%87m%5C%22%20OR%20%5C%22qu%E1%BA%A3n%20tr%E1%BB%8B%20AI%5C%22%29%20AND%20%28%5C%22B%E1%BB%99%20Y%20t%E1%BA%BF%5C%22%20OR%20b%E1%BB%87nh%20vi%E1%BB%87n%20OR%20%5C%22c%C6%A1%20s%E1%BB%9F%20kh%C3%A1m%20b%E1%BB%87nh&page=2,UNSCREENED_CANDIDATE_LOCATOR_NOT_ACQUIRED
WHO-VNM,DQ-IMPL-03,1,https://www.who.int/,https://www.who.int/vietnam/search?query=%28%5Cresponsible%20AI%5C%22%20OR%20%5C%22AI%20governance%5C%22%20OR%20%5C%22AI%20ethics%5C%22%29%20AND%20%28implementation%20OR%20adoption%20OR%20uptake%20OR%20plan%20OR%20pilot%29%20AND%20%28Vietnam%20OR%20%5C%22Viet%20Nam%5C%22%29%20AND%20%28health%20OR%20hospital%20OR%20clinical%29%22&page=1,UNSCREENED_CANDIDATE_LOCATOR_NOT_ACQUIRED
WHO-VNM,DQ-IMPL-03,1,https://www.who.int/americansamoa/,https://www.who.int/vietnam/search?query=%28%5Cresponsible%20AI%5C%22%20OR%20%5C%22AI%20governance%5C%22%20OR%20%5C%22AI%20ethics%5C%22%29%20AND%20%28implementation%20OR%20adoption%20OR%20uptake%20OR%20plan%20OR%20pilot%29%20AND%20%28Vietnam%20OR%20%5C%22Viet%20Nam%5C%22%29%20AND%20%28health%20OR%20hospital%20OR%20clinical%29%22&page=1,UNSCREENED_CANDIDATE_LOCATOR_NOT_ACQUIRED
WHO-VNM,DQ-IMPL-03,1,https://www.who.int/australia/,https://www.who.int/vietnam/search?query=%28%5Cresponsible%20AI%5C%22%20OR%20%5C%22AI%20governance%5C%22%20OR%20%5C%22AI%20ethics%5C%22%29%20AND%20%28implementation%20OR%20adoption%20OR%20uptake%20OR%20plan%20OR%20pilot%29%20AND%20%28Vietnam%20OR%20%5C%22Viet%20Nam%5C%22%29%20AND%20%28health%20OR%20hospital%20OR%20clinical%29%22&page=1,UNSCREENED_CANDIDATE_LOCATOR_NOT_ACQUIRED
WHO-VNM,DQ-IMPL-03,1,https://www.who.int/brunei/,https://www.who.int/vietnam/search?query=%28%5Cresponsible%20AI%5C%22%20OR%20%5C%22AI%20governance%5C%22%20OR%20%5C%22AI%20ethics%5C%22%29%20AND%20%28implementation%20OR%20adoption%20OR%20uptake%20OR%20plan%20OR%20pilot%29%20AND%20%28Vietnam%20OR%20%5C%22Viet%20Nam%5C%22%29%20AND%20%28health%20OR%20hospital%20OR%20clinical%29%22&page=1,UNSCREENED_CANDIDATE_LOCATOR_NOT_ACQUIRED
WHO-VNM,DQ-IMPL-03,1,https://www.who.int/cambodia/,https://www.who.int/vietnam/search?query=%28%5Cresponsible%20AI%5C%22%20OR%20%5C%22AI%20governance%5C%22%20OR%20%5C%22AI%20ethics%5C%22%29%20AND%20%28implementation%20OR%20adoption%20OR%20uptake%20OR%20plan%20OR%20pilot%29%20AND%20%28Vietnam%20OR%20%5C%22Viet%20Nam%5C%22%29%20AND%20%28health%20OR%20hospital%20OR%20clinical%29%22&page=1,UNSCREENED_CANDIDATE_LOCATOR_NOT_ACQUIRED
WHO-VNM,DQ-IMPL-03,1,https://www.who.int/china/,https://www.who.int/vietnam/search?query=%28%5Cresponsible%20AI%5C%22%20OR%20%5C%22AI%20governance%5C%22%20OR%20%5C%22AI%20ethics%5C%22%29%20AND%20%28implementation%20OR%20adoption%20OR%20uptake%20OR%20plan%20OR%20pilot%29%20AND%20%28Vietnam%20OR%20%5C%22Viet%20Nam%5C%22%29%20AND%20%28health%20OR%20hospital%20OR%20clinical%29%22&page=1,UNSCREENED_CANDIDATE_LOCATOR_NOT_ACQUIRED
WHO-VNM,DQ-IMPL-03,1,https://www.who.int/cookislands/,https://www.who.int/vietnam/search?query=%28%5Cresponsible%20AI%5C%22%20OR%20%5C%22AI%20governance%5C%22%20OR%20%5C%22AI%20ethics%5C%22%29%20AND%20%28implementation%20OR%20adoption%20OR%20uptake%20OR%20plan%20OR%20pilot%29%20AND%20%28Vietnam%20OR%20%5C%22Viet%20Nam%5C%22%29%20AND%20%28health%20OR%20hospital%20OR%20clinical%29%22&page=1,UNSCREENED_CANDIDATE_LOCATOR_NOT_ACQUIRED
WHO-VNM,DQ-IMPL-03,1,https://www.who.int/europe/,https://www.who.int/vietnam/search?query=%28%5Cresponsible%20AI%5C%22%20OR%20%5C%22AI%20governance%5C%22%20OR%20%5C%22AI%20ethics%5C%22%29%20AND%20%28implementation%20OR%20adoption%20OR%20uptake%20OR%20plan%20OR%20pilot%29%20AND%20%28Vietnam%20OR%20%5C%22Viet%20Nam%5C%22%29%20AND%20%28health%20OR%20hospital%20OR%20clinical%29%22&page=1,UNSCREENED_CANDIDATE_LOCATOR_NOT_ACQUIRED
WHO-VNM,DQ-IMPL-03,1,https://www.who.int/fiji/,https://www.who.int/vietnam/search?query=%28%5Cresponsible%20AI%5C%22%20OR%20%5C%22AI%20governance%5C%22%20OR%20%5C%22AI%20ethics%5C%22%29%20AND%20%28implementation%20OR%20adoption%20OR%20uptake%20OR%20plan%20OR%20pilot%29%20AND%20%28Vietnam%20OR%20%5C%22Viet%20Nam%5C%22%29%20AND%20%28health%20OR%20hospital%20OR%20clinical%29%22&page=1,UNSCREENED_CANDIDATE_LOCATOR_NOT_ACQUIRED
WHO-VNM,DQ-IMPL-03,1,https://www.who.int/frenchpolynesia/,https://www.who.int/vietnam/search?query=%28%5Cresponsible%20AI%5C%22%20OR%20%5C%22AI%20governance%5C%22%20OR%20%5C%22AI%20ethics%5C%22%29%20AND%20%28implementation%20OR%20adoption%20OR%20uptake%20OR%20plan%20OR%20pilot%29%20AND%20%28Vietnam%20OR%20%5C%22Viet%20Nam%5C%22%29%20AND%20%28health%20OR%20hospital%20OR%20clinical%29%22&page=1,UNSCREENED_CANDIDATE_LOCATOR_NOT_ACQUIRED
WHO-VNM,DQ-IMPL-03,1,https://www.who.int/guam/,https://www.who.int/vietnam/search?query=%28%5Cresponsible%20AI%5C%22%20OR%20%5C%22AI%20governance%5C%22%20OR%20%5C%22AI%20ethics%5C%22%29%20AND%20%28implementation%20OR%20adoption%20OR%20uptake%20OR%20plan%20OR%20pilot%29%20AND%20%28Vietnam%20OR%20%5C%22Viet%20Nam%5C%22%29%20AND%20%28health%20OR%20hospital%20OR%20clinical%29%22&page=1,UNSCREENED_CANDIDATE_LOCATOR_NOT_ACQUIRED
WHO-VNM,DQ-IMPL-03,1,https://www.who.int/hongkongchina/,https://www.who.int/vietnam/search?query=%28%5Cresponsible%20AI%5C%22%20OR%20%5C%22AI%20governance%5C%22%20OR%20%5C%22AI%20ethics%5C%22%29%20AND%20%28implementation%20OR%20adoption%20OR%20uptake%20OR%20plan%20OR%20pilot%29%20AND%20%28Vietnam%20OR%20%5C%22Viet%20Nam%5C%22%29%20AND%20%28health%20OR%20hospital%20OR%20clinical%29%22&page=1,UNSCREENED_CANDIDATE_LOCATOR_NOT_ACQUIRED
WHO-VNM,DQ-IMPL-03,1,https://www.who.int/indonesia/,https://www.who.int/vietnam/search?query=%28%5Cresponsible%20AI%5C%22%20OR%20%5C%22AI%20governance%5C%22%20OR%20%5C%22AI%20ethics%5C%22%29%20AND%20%28implementation%20OR%20adoption%20OR%20uptake%20OR%20plan%20OR%20pilot%29%20AND%20%28Vietnam%20OR%20%5C%22Viet%20Nam%5C%22%29%20AND%20%28health%20OR%20hospital%20OR%20clinical%29%22&page=1,UNSCREENED_CANDIDATE_LOCATOR_NOT_ACQUIRED
WHO-VNM,DQ-IMPL-03,1,https://www.who.int/japan/,https://www.who.int/vietnam/search?query=%28%5Cresponsible%20AI%5C%22%20OR%20%5C%22AI%20governance%5C%22%20OR%20%5C%22AI%20ethics%5C%22%29%20AND%20%28implementation%20OR%20adoption%20OR%20uptake%20OR%20plan%20OR%20pilot%29%20AND%20%28Vietnam%20OR%20%5C%22Viet%20Nam%5C%22%29%20AND%20%28health%20OR%20hospital%20OR%20clinical%29%22&page=1,UNSCREENED_CANDIDATE_LOCATOR_NOT_ACQUIRED
WHO-VNM,DQ-IMPL-03,1,https://www.who.int/kiribati/,https://www.who.int/vietnam/search?query=%28%5Cresponsible%20AI%5C%22%20OR%20%5C%22AI%20governance%5C%22%20OR%20%5C%22AI%20ethics%5C%22%29%20AND%20%28implementation%20OR%20adoption%20OR%20uptake%20OR%20plan%20OR%20pilot%29%20AND%20%28Vietnam%20OR%20%5C%22Viet%20Nam%5C%22%29%20AND%20%28health%20OR%20hospital%20OR%20clinical%29%22&page=1,UNSCREENED_CANDIDATE_LOCATOR_NOT_ACQUIRED
WHO-VNM,DQ-IMPL-03,1,https://www.who.int/laos/,https://www.who.int/vietnam/search?query=%28%5Cresponsible%20AI%5C%22%20OR%20%5C%22AI%20governance%5C%22%20OR%20%5C%22AI%20ethics%5C%22%29%20AND%20%28implementation%20OR%20adoption%20OR%20uptake%20OR%20plan%20OR%20pilot%29%20AND%20%28Vietnam%20OR%20%5C%22Viet%20Nam%5C%22%29%20AND%20%28health%20OR%20hospital%20OR%20clinical%29%22&page=1,UNSCREENED_CANDIDATE_LOCATOR_NOT_ACQUIRED
WHO-VNM,DQ-IMPL-03,1,https://www.who.int/macaochina/,https://www.who.int/vietnam/search?query=%28%5Cresponsible%20AI%5C%22%20OR%20%5C%22AI%20governance%5C%22%20OR%20%5C%22AI%20ethics%5C%22%29%20AND%20%28implementation%20OR%20adoption%20OR%20uptake%20OR%20plan%20OR%20pilot%29%20AND%20%28Vietnam%20OR%20%5C%22Viet%20Nam%5C%22%29%20AND%20%28health%20OR%20hospital%20OR%20clinical%29%22&page=1,UNSCREENED_CANDIDATE_LOCATOR_NOT_ACQUIRED
WHO-VNM,DQ-IMPL-03,1,https://www.who.int/malaysia/,https://www.who.int/vietnam/search?query=%28%5Cresponsible%20AI%5C%22%20OR%20%5C%22AI%20governance%5C%22%20OR%20%5C%22AI%20ethics%5C%22%29%20AND%20%28implementation%20OR%20adoption%20OR%20uptake%20OR%20plan%20OR%20pilot%29%20AND%20%28Vietnam%20OR%20%5C%22Viet%20Nam%5C%22%29%20AND%20%28health%20OR%20hospital%20OR%20clinical%29%22&page=1,UNSCREENED_CANDIDATE_LOCATOR_NOT_ACQUIRED
WHO-VNM,DQ-IMPL-03,1,https://www.who.int/marshallislands/,https://www.who.int/vietnam/search?query=%28%5Cresponsible%20AI%5C%22%20OR%20%5C%22AI%20governance%5C%22%20OR%20%5C%22AI%20ethics%5C%22%29%20AND%20%28implementation%20OR%20adoption%20OR%20uptake%20OR%20plan%20OR%20pilot%29%20AND%20%28Vietnam%20OR%20%5C%22Viet%20Nam%5C%22%29%20AND%20%28health%20OR%20hospital%20OR%20clinical%29%22&page=1,UNSCREENED_CANDIDATE_LOCATOR_NOT_ACQUIRED
WHO-VNM,DQ-IMPL-03,1,https://www.who.int/micronesia/,https://www.who.int/vietnam/search?query=%28%5Cresponsible%20AI%5C%22%20OR%20%5C%22AI%20governance%5C%22%20OR%20%5C%22AI%20ethics%5C%22%29%20AND%20%28implementation%20OR%20adoption%20OR%20uptake%20OR%20plan%20OR%20pilot%29%20AND%20%28Vietnam%20OR%20%5C%22Viet%20Nam%5C%22%29%20AND%20%28health%20OR%20hospital%20OR%20clinical%29%22&page=1,UNSCREENED_CANDIDATE_LOCATOR_NOT_ACQUIRED
WHO-VNM,DQ-IMPL-03,1,https://www.who.int/mongolia/,https://www.who.int/vietnam/search?query=%28%5Cresponsible%20AI%5C%22%20OR%20%5C%22AI%20governance%5C%22%20OR%20%5C%22AI%20ethics%5C%22%29%20AND%20%28implementation%20OR%20adoption%20OR%20uptake%20OR%20plan%20OR%20pilot%29%20AND%20%28Vietnam%20OR%20%5C%22Viet%20Nam%5C%22%29%20AND%20%28health%20OR%20hospital%20OR%20clinical%29%22&page=1,UNSCREENED_CANDIDATE_LOCATOR_NOT_ACQUIRED
WHO-VNM,DQ-IMPL-03,1,https://www.who.int/nauru/,https://www.who.int/vietnam/search?query=%28%5Cresponsible%20AI%5C%22%20OR%20%5C%22AI%20governance%5C%22%20OR%20%5C%22AI%20ethics%5C%22%29%20AND%20%28implementation%20OR%20adoption%20OR%20uptake%20OR%20plan%20OR%20pilot%29%20AND%20%28Vietnam%20OR%20%5C%22Viet%20Nam%5C%22%29%20AND%20%28health%20OR%20hospital%20OR%20clinical%29%22&page=1,UNSCREENED_CANDIDATE_LOCATOR_NOT_ACQUIRED
WHO-VNM,DQ-IMPL-03,1,https://www.who.int/newcaledonia/,https://www.who.int/vietnam/search?query=%28%5Cresponsible%20AI%5C%22%20OR%20%5C%22AI%20governance%5C%22%20OR%20%5C%22AI%20ethics%5C%22%29%20AND%20%28implementation%20OR%20adoption%20OR%20uptake%20OR%20plan%20OR%20pilot%29%20AND%20%28Vietnam%20OR%20%5C%22Viet%20Nam%5C%22%29%20AND%20%28health%20OR%20hospital%20OR%20clinical%29%22&page=1,UNSCREENED_CANDIDATE_LOCATOR_NOT_ACQUIRED
WHO-VNM,DQ-IMPL-03,1,https://www.who.int/newzealand/,https://www.who.int/vietnam/search?query=%28%5Cresponsible%20AI%5C%22%20OR%20%5C%22AI%20governance%5C%22%20OR%20%5C%22AI%20ethics%5C%22%29%20AND%20%28implementation%20OR%20adoption%20OR%20uptake%20OR%20plan%20OR%20pilot%29%20AND%20%28Vietnam%20OR%20%5C%22Viet%20Nam%5C%22%29%20AND%20%28health%20OR%20hospital%20OR%20clinical%29%22&page=1,UNSCREENED_CANDIDATE_LOCATOR_NOT_ACQUIRED
WHO-VNM,DQ-IMPL-03,1,https://www.who.int/niue/,https://www.who.int/vietnam/search?query=%28%5Cresponsible%20AI%5C%22%20OR%20%5C%22AI%20governance%5C%22%20OR%20%5C%22AI%20ethics%5C%22%29%20AND%20%28implementation%20OR%20adoption%20OR%20uptake%20OR%20plan%20OR%20pilot%29%20AND%20%28Vietnam%20OR%20%5C%22Viet%20Nam%5C%22%29%20AND%20%28health%20OR%20hospital%20OR%20clinical%29%22&page=1,UNSCREENED_CANDIDATE_LOCATOR_NOT_ACQUIRED
WHO-VNM,DQ-IMPL-03,1,https://www.who.int/northernmarianaislands/,https://www.who.int/vietnam/search?query=%28%5Cresponsible%20AI%5C%22%20OR%20%5C%22AI%20governance%5C%22%20OR%20%5C%22AI%20ethics%5C%22%29%20AND%20%28implementation%20OR%20adoption%20OR%20uptake%20OR%20plan%20OR%20pilot%29%20AND%20%28Vietnam%20OR%20%5C%22Viet%20Nam%5C%22%29%20AND%20%28health%20OR%20hospital%20OR%20clinical%29%22&page=1,UNSCREENED_CANDIDATE_LOCATOR_NOT_ACQUIRED
WHO-VNM,DQ-IMPL-03,1,https://www.who.int/palau/,https://www.who.int/vietnam/search?query=%28%5Cresponsible%20AI%5C%22%20OR%20%5C%22AI%20governance%5C%22%20OR%20%5C%22AI%20ethics%5C%22%29%20AND%20%28implementation%20OR%20adoption%20OR%20uptake%20OR%20plan%20OR%20pilot%29%20AND%20%28Vietnam%20OR%20%5C%22Viet%20Nam%5C%22%29%20AND%20%28health%20OR%20hospital%20OR%20clinical%29%22&page=1,UNSCREENED_CANDIDATE_LOCATOR_NOT_ACQUIRED
WHO-VNM,DQ-IMPL-03,1,https://www.who.int/papuanewguinea/,https://www.who.int/vietnam/search?query=%28%5Cresponsible%20AI%5C%22%20OR%20%5C%22AI%20governance%5C%22%20OR%20%5C%22AI%20ethics%5C%22%29%20AND%20%28implementation%20OR%20adoption%20OR%20uptake%20OR%20plan%20OR%20pilot%29%20AND%20%28Vietnam%20OR%20%5C%22Viet%20Nam%5C%22%29%20AND%20%28health%20OR%20hospital%20OR%20clinical%29%22&page=1,UNSCREENED_CANDIDATE_LOCATOR_NOT_ACQUIRED
WHO-VNM,DQ-IMPL-03,1,https://www.who.int/philippines/,https://www.who.int/vietnam/search?query=%28%5Cresponsible%20AI%5C%22%20OR%20%5C%22AI%20governance%5C%22%20OR%20%5C%22AI%20ethics%5C%22%29%20AND%20%28implementation%20OR%20adoption%20OR%20uptake%20OR%20plan%20OR%20pilot%29%20AND%20%28Vietnam%20OR%20%5C%22Viet%20Nam%5C%22%29%20AND%20%28health%20OR%20hospital%20OR%20clinical%29%22&page=1,UNSCREENED_CANDIDATE_LOCATOR_NOT_ACQUIRED
WHO-VNM,DQ-IMPL-03,1,https://www.who.int/pitcairnislands/,https://www.who.int/vietnam/search?query=%28%5Cresponsible%20AI%5C%22%20OR%20%5C%22AI%20governance%5C%22%20OR%20%5C%22AI%20ethics%5C%22%29%20AND%20%28implementation%20OR%20adoption%20OR%20uptake%20OR%20plan%20OR%20pilot%29%20AND%20%28Vietnam%20OR%20%5C%22Viet%20Nam%5C%22%29%20AND%20%28health%20OR%20hospital%20OR%20clinical%29%22&page=1,UNSCREENED_CANDIDATE_LOCATOR_NOT_ACQUIRED
WHO-VNM,DQ-IMPL-03,1,https://www.who.int/republicofkorea/,https://www.who.int/vietnam/search?query=%28%5Cresponsible%20AI%5C%22%20OR%20%5C%22AI%20governance%5C%22%20OR%20%5C%22AI%20ethics%5C%22%29%20AND%20%28implementation%20OR%20adoption%20OR%20uptake%20OR%20plan%20OR%20pilot%29%20AND%20%28Vietnam%20OR%20%5C%22Viet%20Nam%5C%22%29%20AND%20%28health%20OR%20hospital%20OR%20clinical%29%22&page=1,UNSCREENED_CANDIDATE_LOCATOR_NOT_ACQUIRED
WHO-VNM,DQ-IMPL-03,1,https://www.who.int/samoa/,https://www.who.int/vietnam/search?query=%28%5Cresponsible%20AI%5C%22%20OR%20%5C%22AI%20governance%5C%22%20OR%20%5C%22AI%20ethics%5C%22%29%20AND%20%28implementation%20OR%20adoption%20OR%20uptake%20OR%20plan%20OR%20pilot%29%20AND%20%28Vietnam%20OR%20%5C%22Viet%20Nam%5C%22%29%20AND%20%28health%20OR%20hospital%20OR%20clinical%29%22&page=1,UNSCREENED_CANDIDATE_LOCATOR_NOT_ACQUIRED
WHO-VNM,DQ-IMPL-03,1,https://www.who.int/singapore/,https://www.who.int/vietnam/search?query=%28%5Cresponsible%20AI%5C%22%20OR%20%5C%22AI%20governance%5C%22%20OR%20%5C%22AI%20ethics%5C%22%29%20AND%20%28implementation%20OR%20adoption%20OR%20uptake%20OR%20plan%20OR%20pilot%29%20AND%20%28Vietnam%20OR%20%5C%22Viet%20Nam%5C%22%29%20AND%20%28health%20OR%20hospital%20OR%20clinical%29%22&page=1,UNSCREENED_CANDIDATE_LOCATOR_NOT_ACQUIRED
WHO-VNM,DQ-IMPL-03,1,https://www.who.int/solomonislands/home,https://www.who.int/vietnam/search?query=%28%5Cresponsible%20AI%5C%22%20OR%20%5C%22AI%20governance%5C%22%20OR%20%5C%22AI%20ethics%5C%22%29%20AND%20%28implementation%20OR%20adoption%20OR%20uptake%20OR%20plan%20OR%20pilot%29%20AND%20%28Vietnam%20OR%20%5C%22Viet%20Nam%5C%22%29%20AND%20%28health%20OR%20hospital%20OR%20clinical%29%22&page=1,UNSCREENED_CANDIDATE_LOCATOR_NOT_ACQUIRED
WHO-VNM,DQ-IMPL-03,1,https://www.who.int/southeastasia,https://www.who.int/vietnam/search?query=%28%5Cresponsible%20AI%5C%22%20OR%20%5C%22AI%20governance%5C%22%20OR%20%5C%22AI%20ethics%5C%22%29%20AND%20%28implementation%20OR%20adoption%20OR%20uptake%20OR%20plan%20OR%20pilot%29%20AND%20%28Vietnam%20OR%20%5C%22Viet%20Nam%5C%22%29%20AND%20%28health%20OR%20hospital%20OR%20clinical%29%22&page=1,UNSCREENED_CANDIDATE_LOCATOR_NOT_ACQUIRED
WHO-VNM,DQ-IMPL-03,1,https://www.who.int/tokelau/home,https://www.who.int/vietnam/search?query=%28%5Cresponsible%20AI%5C%22%20OR%20%5C%22AI%20governance%5C%22%20OR%20%5C%22AI%20ethics%5C%22%29%20AND%20%28implementation%20OR%20adoption%20OR%20uptake%20OR%20plan%20OR%20pilot%29%20AND%20%28Vietnam%20OR%20%5C%22Viet%20Nam%5C%22%29%20AND%20%28health%20OR%20hospital%20OR%20clinical%29%22&page=1,UNSCREENED_CANDIDATE_LOCATOR_NOT_ACQUIRED
WHO-VNM,DQ-IMPL-03,1,https://www.who.int/tonga/home,https://www.who.int/vietnam/search?query=%28%5Cresponsible%20AI%5C%22%20OR%20%5C%22AI%20governance%5C%22%20OR%20%5C%22AI%20ethics%5C%22%29%20AND%20%28implementation%20OR%20adoption%20OR%20uptake%20OR%20plan%20OR%20pilot%29%20AND%20%28Vietnam%20OR%20%5C%22Viet%20Nam%5C%22%29%20AND%20%28health%20OR%20hospital%20OR%20clinical%29%22&page=1,UNSCREENED_CANDIDATE_LOCATOR_NOT_ACQUIRED
WHO-VNM,DQ-IMPL-03,1,https://www.who.int/tuvalu/home,https://www.who.int/vietnam/search?query=%28%5Cresponsible%20AI%5C%22%20OR%20%5C%22AI%20governance%5C%22%20OR%20%5C%22AI%20ethics%5C%22%29%20AND%20%28implementation%20OR%20adoption%20OR%20uptake%20OR%20plan%20OR%20pilot%29%20AND%20%28Vietnam%20OR%20%5C%22Viet%20Nam%5C%22%29%20AND%20%28health%20OR%20hospital%20OR%20clinical%29%22&page=1,UNSCREENED_CANDIDATE_LOCATOR_NOT_ACQUIRED
WHO-VNM,DQ-IMPL-03,1,https://www.who.int/vanuatu/home,https://www.who.int/vietnam/search?query=%28%5Cresponsible%20AI%5C%22%20OR%20%5C%22AI%20governance%5C%22%20OR%20%5C%22AI%20ethics%5C%22%29%20AND%20%28implementation%20OR%20adoption%20OR%20uptake%20OR%20plan%20OR%20pilot%29%20AND%20%28Vietnam%20OR%20%5C%22Viet%20Nam%5C%22%29%20AND%20%28health%20OR%20hospital%20OR%20clinical%29%22&page=1,UNSCREENED_CANDIDATE_LOCATOR_NOT_ACQUIRED
WHO-VNM,DQ-IMPL-03,1,https://www.who.int/vietnam,https://www.who.int/vietnam/search?query=%28%5Cresponsible%20AI%5C%22%20OR%20%5C%22AI%20governance%5C%22%20OR%20%5C%22AI%20ethics%5C%22%29%20AND%20%28implementation%20OR%20adoption%20OR%20uptake%20OR%20plan%20OR%20pilot%29%20AND%20%28Vietnam%20OR%20%5C%22Viet%20Nam%5C%22%29%20AND%20%28health%20OR%20hospital%20OR%20clinical%29%22&page=1,UNSCREENED_CANDIDATE_LOCATOR_NOT_ACQUIRED
WHO-VNM,DQ-IMPL-03,1,https://www.who.int/vietnam/,https://www.who.int/vietnam/search?query=%28%5Cresponsible%20AI%5C%22%20OR%20%5C%22AI%20governance%5C%22%20OR%20%5C%22AI%20ethics%5C%22%29%20AND%20%28implementation%20OR%20adoption%20OR%20uptake%20OR%20plan%20OR%20pilot%29%20AND%20%28Vietnam%20OR%20%5C%22Viet%20Nam%5C%22%29%20AND%20%28health%20OR%20hospital%20OR%20clinical%29%22&page=1,UNSCREENED_CANDIDATE_LOCATOR_NOT_ACQUIRED
WHO-VNM,DQ-IMPL-03,1,https://www.who.int/vietnam/about,https://www.who.int/vietnam/search?query=%28%5Cresponsible%20AI%5C%22%20OR%20%5C%22AI%20governance%5C%22%20OR%20%5C%22AI%20ethics%5C%22%29%20AND%20%28implementation%20OR%20adoption%20OR%20uptake%20OR%20plan%20OR%20pilot%29%20AND%20%28Vietnam%20OR%20%5C%22Viet%20Nam%5C%22%29%20AND%20%28health%20OR%20hospital%20OR%20clinical%29%22&page=1,UNSCREENED_CANDIDATE_LOCATOR_NOT_ACQUIRED
WHO-VNM,DQ-IMPL-03,1,https://www.who.int/vietnam/emergencies,https://www.who.int/vietnam/search?query=%28%5Cresponsible%20AI%5C%22%20OR%20%5C%22AI%20governance%5C%22%20OR%20%5C%22AI%20ethics%5C%22%29%20AND%20%28implementation%20OR%20adoption%20OR%20uptake%20OR%20plan%20OR%20pilot%29%20AND%20%28Vietnam%20OR%20%5C%22Viet%20Nam%5C%22%29%20AND%20%28health%20OR%20hospital%20OR%20clinical%29%22&page=1,UNSCREENED_CANDIDATE_LOCATOR_NOT_ACQUIRED
WHO-VNM,DQ-IMPL-03,1,https://www.who.int/vietnam/footer/help,https://www.who.int/vietnam/search?query=%28%5Cresponsible%20AI%5C%22%20OR%20%5C%22AI%20governance%5C%22%20OR%20%5C%22AI%20ethics%5C%22%29%20AND%20%28implementation%20OR%20adoption%20OR%20uptake%20OR%20plan%20OR%20pilot%29%20AND%20%28Vietnam%20OR%20%5C%22Viet%20Nam%5C%22%29%20AND%20%28health%20OR%20hospital%20OR%20clinical%29%22&page=1,UNSCREENED_CANDIDATE_LOCATOR_NOT_ACQUIRED
WHO-VNM,DQ-IMPL-03,1,https://www.who.int/vietnam/footer/help/contact-us,https://www.who.int/vietnam/search?query=%28%5Cresponsible%20AI%5C%22%20OR%20%5C%22AI%20governance%5C%22%20OR%20%5C%22AI%20ethics%5C%22%29%20AND%20%28implementation%20OR%20adoption%20OR%20uptake%20OR%20plan%20OR%20pilot%29%20AND%20%28Vietnam%20OR%20%5C%22Viet%20Nam%5C%22%29%20AND%20%28health%20OR%20hospital%20OR%20clinical%29%22&page=1,UNSCREENED_CANDIDATE_LOCATOR_NOT_ACQUIRED
WHO-VNM,DQ-IMPL-03,1,https://www.who.int/vietnam/footer/help/cyber-security,https://www.who.int/vietnam/search?query=%28%5Cresponsible%20AI%5C%22%20OR%20%5C%22AI%20governance%5C%22%20OR%20%5C%22AI%20ethics%5C%22%29%20AND%20%28implementation%20OR%20adoption%20OR%20uptake%20OR%20plan%20OR%20pilot%29%20AND%20%28Vietnam%20OR%20%5C%22Viet%20Nam%5C%22%29%20AND%20%28health%20OR%20hospital%20OR%20clinical%29%22&page=1,UNSCREENED_CANDIDATE_LOCATOR_NOT_ACQUIRED
WHO-VNM,DQ-IMPL-03,1,https://www.who.int/vietnam/footer/help/ethics,https://www.who.int/vietnam/search?query=%28%5Cresponsible%20AI%5C%22%20OR%20%5C%22AI%20governance%5C%22%20OR%20%5C%22AI%20ethics%5C%22%29%20AND%20%28implementation%20OR%20adoption%20OR%20uptake%20OR%20plan%20OR%20pilot%29%20AND%20%28Vietnam%20OR%20%5C%22Viet%20Nam%5C%22%29%20AND%20%28health%20OR%20hospital%20OR%20clinical%29%22&page=1,UNSCREENED_CANDIDATE_LOCATOR_NOT_ACQUIRED
WHO-VNM,DQ-IMPL-03,1,https://www.who.int/vietnam/footer/quick-links,https://www.who.int/vietnam/search?query=%28%5Cresponsible%20AI%5C%22%20OR%20%5C%22AI%20governance%5C%22%20OR%20%5C%22AI%20ethics%5C%22%29%20AND%20%28implementation%20OR%20adoption%20OR%20uptake%20OR%20plan%20OR%20pilot%29%20AND%20%28Vietnam%20OR%20%5C%22Viet%20Nam%5C%22%29%20AND%20%28health%20OR%20hospital%20OR%20clinical%29%22&page=1,UNSCREENED_CANDIDATE_LOCATOR_NOT_ACQUIRED
WHO-VNM,DQ-IMPL-03,1,https://www.who.int/vietnam/footer/quick-links/careers-in-who-viet-nam,https://www.who.int/vietnam/search?query=%28%5Cresponsible%20AI%5C%22%20OR%20%5C%22AI%20governance%5C%22%20OR%20%5C%22AI%20ethics%5C%22%29%20AND%20%28implementation%20OR%20adoption%20OR%20uptake%20OR%20plan%20OR%20pilot%29%20AND%20%28Vietnam%20OR%20%5C%22Viet%20Nam%5C%22%29%20AND%20%28health%20OR%20hospital%20OR%20clinical%29%22&page=1,UNSCREENED_CANDIDATE_LOCATOR_NOT_ACQUIRED
WHO-VNM,DQ-IMPL-03,1,https://www.who.int/vietnam/footer/quick-links/newsroom,https://www.who.int/vietnam/search?query=%28%5Cresponsible%20AI%5C%22%20OR%20%5C%22AI%20governance%5C%22%20OR%20%5C%22AI%20ethics%5C%22%29%20AND%20%28implementation%20OR%20adoption%20OR%20uptake%20OR%20plan%20OR%20pilot%29%20AND%20%28Vietnam%20OR%20%5C%22Viet%20Nam%5C%22%29%20AND%20%28health%20OR%20hospital%20OR%20clinical%29%22&page=1,UNSCREENED_CANDIDATE_LOCATOR_NOT_ACQUIRED
WHO-VNM,DQ-IMPL-03,1,https://www.who.int/vietnam/footer/quick-links/publications-and-information-resources,https://www.who.int/vietnam/search?query=%28%5Cresponsible%20AI%5C%22%20OR%20%5C%22AI%20governance%5C%22%20OR%20%5C%22AI%20ethics%5C%22%29%20AND%20%28implementation%20OR%20adoption%20OR%20uptake%20OR%20plan%20OR%20pilot%29%20AND%20%28Vietnam%20OR%20%5C%22Viet%20Nam%5C%22%29%20AND%20%28health%20OR%20hospital%20OR%20clinical%29%22&page=1,UNSCREENED_CANDIDATE_LOCATOR_NOT_ACQUIRED
WHO-VNM,DQ-IMPL-03,1,https://www.who.int/vietnam/footer/regional-links,https://www.who.int/vietnam/search?query=%28%5Cresponsible%20AI%5C%22%20OR%20%5C%22AI%20governance%5C%22%20OR%20%5C%22AI%20ethics%5C%22%29%20AND%20%28implementation%20OR%20adoption%20OR%20uptake%20OR%20plan%20OR%20pilot%29%20AND%20%28Vietnam%20OR%20%5C%22Viet%20Nam%5C%22%29%20AND%20%28health%20OR%20hospital%20OR%20clinical%29%22&page=1,UNSCREENED_CANDIDATE_LOCATOR_NOT_ACQUIRED
WHO-VNM,DQ-IMPL-03,1,https://www.who.int/vietnam/footer/regional-links/campaigns,https://www.who.int/vietnam/search?query=%28%5Cresponsible%20AI%5C%22%20OR%20%5C%22AI%20governance%5C%22%20OR%20%5C%22AI%20ethics%5C%22%29%20AND%20%28implementation%20OR%20adoption%20OR%20uptake%20OR%20plan%20OR%20pilot%29%20AND%20%28Vietnam%20OR%20%5C%22Viet%20Nam%5C%22%29%20AND%20%28health%20OR%20hospital%20OR%20clinical%29%22&page=1,UNSCREENED_CANDIDATE_LOCATOR_NOT_ACQUIRED
WHO-VNM,DQ-IMPL-03,1,https://www.who.int/vietnam/footer/regional-links/careers,https://www.who.int/vietnam/search?query=%28%5Cresponsible%20AI%5C%22%20OR%20%5C%22AI%20governance%5C%22%20OR%20%5C%22AI%20ethics%5C%22%29%20AND%20%28implementation%20OR%20adoption%20OR%20uptake%20OR%20plan%20OR%20pilot%29%20AND%20%28Vietnam%20OR%20%5C%22Viet%20Nam%5C%22%29%20AND%20%28health%20OR%20hospital%20OR%20clinical%29%22&page=1,UNSCREENED_CANDIDATE_LOCATOR_NOT_ACQUIRED
WHO-VNM,DQ-IMPL-03,1,https://www.who.int/vietnam/footer/regional-links/data,https://www.who.int/vietnam/search?query=%28%5Cresponsible%20AI%5C%22%20OR%20%5C%22AI%20governance%5C%22%20OR%20%5C%22AI%20ethics%5C%22%29%20AND%20%28implementation%20OR%20adoption%20OR%20uptake%20OR%20plan%20OR%20pilot%29%20AND%20%28Vietnam%20OR%20%5C%22Viet%20Nam%5C%22%29%20AND%20%28health%20OR%20hospital%20OR%20clinical%29%22&page=1,UNSCREENED_CANDIDATE_LOCATOR_NOT_ACQUIRED
WHO-VNM,DQ-IMPL-03,1,https://www.who.int/vietnam/footer/regional-links/publications,https://www.who.int/vietnam/search?query=%28%5Cresponsible%20AI%5C%22%20OR%20%5C%22AI%20governance%5C%22%20OR%20%5C%22AI%20ethics%5C%22%29%20AND%20%28implementation%20OR%20adoption%20OR%20uptake%20OR%20plan%20OR%20pilot%29%20AND%20%28Vietnam%20OR%20%5C%22Viet%20Nam%5C%22%29%20AND%20%28health%20OR%20hospital%20OR%20clinical%29%22&page=1,UNSCREENED_CANDIDATE_LOCATOR_NOT_ACQUIRED
WHO-VNM,DQ-IMPL-03,1,https://www.who.int/vietnam/health-topics,https://www.who.int/vietnam/search?query=%28%5Cresponsible%20AI%5C%22%20OR%20%5C%22AI%20governance%5C%22%20OR%20%5C%22AI%20ethics%5C%22%29%20AND%20%28implementation%20OR%20adoption%20OR%20uptake%20OR%20plan%20OR%20pilot%29%20AND%20%28Vietnam%20OR%20%5C%22Viet%20Nam%5C%22%29%20AND%20%28health%20OR%20hospital%20OR%20clinical%29%22&page=1,UNSCREENED_CANDIDATE_LOCATOR_NOT_ACQUIRED
WHO-VNM,DQ-IMPL-03,1,https://www.who.int/vietnam/news,https://www.who.int/vietnam/search?query=%28%5Cresponsible%20AI%5C%22%20OR%20%5C%22AI%20governance%5C%22%20OR%20%5C%22AI%20ethics%5C%22%29%20AND%20%28implementation%20OR%20adoption%20OR%20uptake%20OR%20plan%20OR%20pilot%29%20AND%20%28Vietnam%20OR%20%5C%22Viet%20Nam%5C%22%29%20AND%20%28health%20OR%20hospital%20OR%20clinical%29%22&page=1,UNSCREENED_CANDIDATE_LOCATOR_NOT_ACQUIRED
WHO-VNM,DQ-IMPL-03,1,https://www.who.int/vietnam/our-work,https://www.who.int/vietnam/search?query=%28%5Cresponsible%20AI%5C%22%20OR%20%5C%22AI%20governance%5C%22%20OR%20%5C%22AI%20ethics%5C%22%29%20AND%20%28implementation%20OR%20adoption%20OR%20uptake%20OR%20plan%20OR%20pilot%29%20AND%20%28Vietnam%20OR%20%5C%22Viet%20Nam%5C%22%29%20AND%20%28health%20OR%20hospital%20OR%20clinical%29%22&page=1,UNSCREENED_CANDIDATE_LOCATOR_NOT_ACQUIRED
WHO-VNM,DQ-IMPL-03,1,https://www.who.int/vietnam/search?query=%28%5Cresponsible%20AI%5C%22%20OR%20%5C%22AI%20governance%5C%22%20OR%20%5C%22AI%20ethics%5C%22%29%20AND%20%28implementation%20OR%20adoption%20OR%20uptake%20OR%20plan%20OR%20pilot%29%20AND%20%28Vietnam%20OR%20%5C%22Viet%20Nam%5C%22%29%20AND%20%28health%20OR%20hospital%20OR%20clinical%29%22&page=1,https://www.who.int/vietnam/search?query=%28%5Cresponsible%20AI%5C%22%20OR%20%5C%22AI%20governance%5C%22%20OR%20%5C%22AI%20ethics%5C%22%29%20AND%20%28implementation%20OR%20adoption%20OR%20uptake%20OR%20plan%20OR%20pilot%29%20AND%20%28Vietnam%20OR%20%5C%22Viet%20Nam%5C%22%29%20AND%20%28health%20OR%20hospital%20OR%20clinical%29%22&page=1,UNSCREENED_CANDIDATE_LOCATOR_NOT_ACQUIRED
WHO-VNM,DQ-IMPL-03,1,https://www.who.int/wallisandfutuna/home,https://www.who.int/vietnam/search?query=%28%5Cresponsible%20AI%5C%22%20OR%20%5C%22AI%20governance%5C%22%20OR%20%5C%22AI%20ethics%5C%22%29%20AND%20%28implementation%20OR%20adoption%20OR%20uptake%20OR%20plan%20OR%20pilot%29%20AND%20%28Vietnam%20OR%20%5C%22Viet%20Nam%5C%22%29%20AND%20%28health%20OR%20hospital%20OR%20clinical%29%22&page=1,UNSCREENED_CANDIDATE_LOCATOR_NOT_ACQUIRED
WHO-VNM,DQ-IMPL-03,1,https://www.who.int/westernpacific/,https://www.who.int/vietnam/search?query=%28%5Cresponsible%20AI%5C%22%20OR%20%5C%22AI%20governance%5C%22%20OR%20%5C%22AI%20ethics%5C%22%29%20AND%20%28implementation%20OR%20adoption%20OR%20uptake%20OR%20plan%20OR%20pilot%29%20AND%20%28Vietnam%20OR%20%5C%22Viet%20Nam%5C%22%29%20AND%20%28health%20OR%20hospital%20OR%20clinical%29%22&page=1,UNSCREENED_CANDIDATE_LOCATOR_NOT_ACQUIRED
WHO-VNM,DQ-IMPL-03,2,https://www.who.int/vietnam/search?query=%28%5Cresponsible%20AI%5C%22%20OR%20%5C%22AI%20governance%5C%22%20OR%20%5C%22AI%20ethics%5C%22%29%20AND%20%28implementation%20OR%20adoption%20OR%20uptake%20OR%20plan%20OR%20pilot%29%20AND%20%28Vietnam%20OR%20%5C%22Viet%20Nam%5C%22%29%20AND%20%28health%20OR%20hospital%20OR%20clinical%29%22&page=2,https://www.who.int/vietnam/search?query=%28%5Cresponsible%20AI%5C%22%20OR%20%5C%22AI%20governance%5C%22%20OR%20%5C%22AI%20ethics%5C%22%29%20AND%20%28implementation%20OR%20adoption%20OR%20uptake%20OR%20plan%20OR%20pilot%29%20AND%20%28Vietnam%20OR%20%5C%22Viet%20Nam%5C%22%29%20AND%20%28health%20OR%20hospital%20OR%20clinical%29%22&page=2,UNSCREENED_CANDIDATE_LOCATOR_NOT_ACQUIRED
WHO-VNM,DQ-TOOL-01,1,https://www.who.int/,https://www.who.int/vietnam/search?query=%28%5C%C4%91%C3%A1nh%20gi%C3%A1%20tu%C3%A2n%20th%E1%BB%A7%5C%22%20OR%20%5C%22t%E1%BB%B1%20%C4%91%C3%A1nh%20gi%C3%A1%5C%22%29%20AND%20%28%5C%22%C4%91%E1%BA%A1o%20%C4%91%E1%BB%A9c%20AI%5C%22%20OR%20%5C%22AI%20c%C3%B3%20tr%C3%A1ch%20nhi%E1%BB%87m%5C%22%29%22&page=1,UNSCREENED_CANDIDATE_LOCATOR_NOT_ACQUIRED
WHO-VNM,DQ-TOOL-01,1,https://www.who.int/americansamoa/,https://www.who.int/vietnam/search?query=%28%5C%C4%91%C3%A1nh%20gi%C3%A1%20tu%C3%A2n%20th%E1%BB%A7%5C%22%20OR%20%5C%22t%E1%BB%B1%20%C4%91%C3%A1nh%20gi%C3%A1%5C%22%29%20AND%20%28%5C%22%C4%91%E1%BA%A1o%20%C4%91%E1%BB%A9c%20AI%5C%22%20OR%20%5C%22AI%20c%C3%B3%20tr%C3%A1ch%20nhi%E1%BB%87m%5C%22%29%22&page=1,UNSCREENED_CANDIDATE_LOCATOR_NOT_ACQUIRED
WHO-VNM,DQ-TOOL-01,1,https://www.who.int/australia/,https://www.who.int/vietnam/search?query=%28%5C%C4%91%C3%A1nh%20gi%C3%A1%20tu%C3%A2n%20th%E1%BB%A7%5C%22%20OR%20%5C%22t%E1%BB%B1%20%C4%91%C3%A1nh%20gi%C3%A1%5C%22%29%20AND%20%28%5C%22%C4%91%E1%BA%A1o%20%C4%91%E1%BB%A9c%20AI%5C%22%20OR%20%5C%22AI%20c%C3%B3%20tr%C3%A1ch%20nhi%E1%BB%87m%5C%22%29%22&page=1,UNSCREENED_CANDIDATE_LOCATOR_NOT_ACQUIRED
WHO-VNM,DQ-TOOL-01,1,https://www.who.int/brunei/,https://www.who.int/vietnam/search?query=%28%5C%C4%91%C3%A1nh%20gi%C3%A1%20tu%C3%A2n%20th%E1%BB%A7%5C%22%20OR%20%5C%22t%E1%BB%B1%20%C4%91%C3%A1nh%20gi%C3%A1%5C%22%29%20AND%20%28%5C%22%C4%91%E1%BA%A1o%20%C4%91%E1%BB%A9c%20AI%5C%22%20OR%20%5C%22AI%20c%C3%B3%20tr%C3%A1ch%20nhi%E1%BB%87m%5C%22%29%22&page=1,UNSCREENED_CANDIDATE_LOCATOR_NOT_ACQUIRED
WHO-VNM,DQ-TOOL-01,1,https://www.who.int/cambodia/,https://www.who.int/vietnam/search?query=%28%5C%C4%91%C3%A1nh%20gi%C3%A1%20tu%C3%A2n%20th%E1%BB%A7%5C%22%20OR%20%5C%22t%E1%BB%B1%20%C4%91%C3%A1nh%20gi%C3%A1%5C%22%29%20AND%20%28%5C%22%C4%91%E1%BA%A1o%20%C4%91%E1%BB%A9c%20AI%5C%22%20OR%20%5C%22AI%20c%C3%B3%20tr%C3%A1ch%20nhi%E1%BB%87m%5C%22%29%22&page=1,UNSCREENED_CANDIDATE_LOCATOR_NOT_ACQUIRED
WHO-VNM,DQ-TOOL-01,1,https://www.who.int/china/,https://www.who.int/vietnam/search?query=%28%5C%C4%91%C3%A1nh%20gi%C3%A1%20tu%C3%A2n%20th%E1%BB%A7%5C%22%20OR%20%5C%22t%E1%BB%B1%20%C4%91%C3%A1nh%20gi%C3%A1%5C%22%29%20AND%20%28%5C%22%C4%91%E1%BA%A1o%20%C4%91%E1%BB%A9c%20AI%5C%22%20OR%20%5C%22AI%20c%C3%B3%20tr%C3%A1ch%20nhi%E1%BB%87m%5C%22%29%22&page=1,UNSCREENED_CANDIDATE_LOCATOR_NOT_ACQUIRED
WHO-VNM,DQ-TOOL-01,1,https://www.who.int/cookislands/,https://www.who.int/vietnam/search?query=%28%5C%C4%91%C3%A1nh%20gi%C3%A1%20tu%C3%A2n%20th%E1%BB%A7%5C%22%20OR%20%5C%22t%E1%BB%B1%20%C4%91%C3%A1nh%20gi%C3%A1%5C%22%29%20AND%20%28%5C%22%C4%91%E1%BA%A1o%20%C4%91%E1%BB%A9c%20AI%5C%22%20OR%20%5C%22AI%20c%C3%B3%20tr%C3%A1ch%20nhi%E1%BB%87m%5C%22%29%22&page=1,UNSCREENED_CANDIDATE_LOCATOR_NOT_ACQUIRED
WHO-VNM,DQ-TOOL-01,1,https://www.who.int/europe/,https://www.who.int/vietnam/search?query=%28%5C%C4%91%C3%A1nh%20gi%C3%A1%20tu%C3%A2n%20th%E1%BB%A7%5C%22%20OR%20%5C%22t%E1%BB%B1%20%C4%91%C3%A1nh%20gi%C3%A1%5C%22%29%20AND%20%28%5C%22%C4%91%E1%BA%A1o%20%C4%91%E1%BB%A9c%20AI%5C%22%20OR%20%5C%22AI%20c%C3%B3%20tr%C3%A1ch%20nhi%E1%BB%87m%5C%22%29%22&page=1,UNSCREENED_CANDIDATE_LOCATOR_NOT_ACQUIRED
WHO-VNM,DQ-TOOL-01,1,https://www.who.int/fiji/,https://www.who.int/vietnam/search?query=%28%5C%C4%91%C3%A1nh%20gi%C3%A1%20tu%C3%A2n%20th%E1%BB%A7%5C%22%20OR%20%5C%22t%E1%BB%B1%20%C4%91%C3%A1nh%20gi%C3%A1%5C%22%29%20AND%20%28%5C%22%C4%91%E1%BA%A1o%20%C4%91%E1%BB%A9c%20AI%5C%22%20OR%20%5C%22AI%20c%C3%B3%20tr%C3%A1ch%20nhi%E1%BB%87m%5C%22%29%22&page=1,UNSCREENED_CANDIDATE_LOCATOR_NOT_ACQUIRED
WHO-VNM,DQ-TOOL-01,1,https://www.who.int/frenchpolynesia/,https://www.who.int/vietnam/search?query=%28%5C%C4%91%C3%A1nh%20gi%C3%A1%20tu%C3%A2n%20th%E1%BB%A7%5C%22%20OR%20%5C%22t%E1%BB%B1%20%C4%91%C3%A1nh%20gi%C3%A1%5C%22%29%20AND%20%28%5C%22%C4%91%E1%BA%A1o%20%C4%91%E1%BB%A9c%20AI%5C%22%20OR%20%5C%22AI%20c%C3%B3%20tr%C3%A1ch%20nhi%E1%BB%87m%5C%22%29%22&page=1,UNSCREENED_CANDIDATE_LOCATOR_NOT_ACQUIRED
WHO-VNM,DQ-TOOL-01,1,https://www.who.int/guam/,https://www.who.int/vietnam/search?query=%28%5C%C4%91%C3%A1nh%20gi%C3%A1%20tu%C3%A2n%20th%E1%BB%A7%5C%22%20OR%20%5C%22t%E1%BB%B1%20%C4%91%C3%A1nh%20gi%C3%A1%5C%22%29%20AND%20%28%5C%22%C4%91%E1%BA%A1o%20%C4%91%E1%BB%A9c%20AI%5C%22%20OR%20%5C%22AI%20c%C3%B3%20tr%C3%A1ch%20nhi%E1%BB%87m%5C%22%29%22&page=1,UNSCREENED_CANDIDATE_LOCATOR_NOT_ACQUIRED
WHO-VNM,DQ-TOOL-01,1,https://www.who.int/hongkongchina/,https://www.who.int/vietnam/search?query=%28%5C%C4%91%C3%A1nh%20gi%C3%A1%20tu%C3%A2n%20th%E1%BB%A7%5C%22%20OR%20%5C%22t%E1%BB%B1%20%C4%91%C3%A1nh%20gi%C3%A1%5C%22%29%20AND%20%28%5C%22%C4%91%E1%BA%A1o%20%C4%91%E1%BB%A9c%20AI%5C%22%20OR%20%5C%22AI%20c%C3%B3%20tr%C3%A1ch%20nhi%E1%BB%87m%5C%22%29%22&page=1,UNSCREENED_CANDIDATE_LOCATOR_NOT_ACQUIRED
WHO-VNM,DQ-TOOL-01,1,https://www.who.int/indonesia/,https://www.who.int/vietnam/search?query=%28%5C%C4%91%C3%A1nh%20gi%C3%A1%20tu%C3%A2n%20th%E1%BB%A7%5C%22%20OR%20%5C%22t%E1%BB%B1%20%C4%91%C3%A1nh%20gi%C3%A1%5C%22%29%20AND%20%28%5C%22%C4%91%E1%BA%A1o%20%C4%91%E1%BB%A9c%20AI%5C%22%20OR%20%5C%22AI%20c%C3%B3%20tr%C3%A1ch%20nhi%E1%BB%87m%5C%22%29%22&page=1,UNSCREENED_CANDIDATE_LOCATOR_NOT_ACQUIRED
WHO-VNM,DQ-TOOL-01,1,https://www.who.int/japan/,https://www.who.int/vietnam/search?query=%28%5C%C4%91%C3%A1nh%20gi%C3%A1%20tu%C3%A2n%20th%E1%BB%A7%5C%22%20OR%20%5C%22t%E1%BB%B1%20%C4%91%C3%A1nh%20gi%C3%A1%5C%22%29%20AND%20%28%5C%22%C4%91%E1%BA%A1o%20%C4%91%E1%BB%A9c%20AI%5C%22%20OR%20%5C%22AI%20c%C3%B3%20tr%C3%A1ch%20nhi%E1%BB%87m%5C%22%29%22&page=1,UNSCREENED_CANDIDATE_LOCATOR_NOT_ACQUIRED
WHO-VNM,DQ-TOOL-01,1,https://www.who.int/kiribati/,https://www.who.int/vietnam/search?query=%28%5C%C4%91%C3%A1nh%20gi%C3%A1%20tu%C3%A2n%20th%E1%BB%A7%5C%22%20OR%20%5C%22t%E1%BB%B1%20%C4%91%C3%A1nh%20gi%C3%A1%5C%22%29%20AND%20%28%5C%22%C4%91%E1%BA%A1o%20%C4%91%E1%BB%A9c%20AI%5C%22%20OR%20%5C%22AI%20c%C3%B3%20tr%C3%A1ch%20nhi%E1%BB%87m%5C%22%29%22&page=1,UNSCREENED_CANDIDATE_LOCATOR_NOT_ACQUIRED
WHO-VNM,DQ-TOOL-01,1,https://www.who.int/laos/,https://www.who.int/vietnam/search?query=%28%5C%C4%91%C3%A1nh%20gi%C3%A1%20tu%C3%A2n%20th%E1%BB%A7%5C%22%20OR%20%5C%22t%E1%BB%B1%20%C4%91%C3%A1nh%20gi%C3%A1%5C%22%29%20AND%20%28%5C%22%C4%91%E1%BA%A1o%20%C4%91%E1%BB%A9c%20AI%5C%22%20OR%20%5C%22AI%20c%C3%B3%20tr%C3%A1ch%20nhi%E1%BB%87m%5C%22%29%22&page=1,UNSCREENED_CANDIDATE_LOCATOR_NOT_ACQUIRED
WHO-VNM,DQ-TOOL-01,1,https://www.who.int/macaochina/,https://www.who.int/vietnam/search?query=%28%5C%C4%91%C3%A1nh%20gi%C3%A1%20tu%C3%A2n%20th%E1%BB%A7%5C%22%20OR%20%5C%22t%E1%BB%B1%20%C4%91%C3%A1nh%20gi%C3%A1%5C%22%29%20AND%20%28%5C%22%C4%91%E1%BA%A1o%20%C4%91%E1%BB%A9c%20AI%5C%22%20OR%20%5C%22AI%20c%C3%B3%20tr%C3%A1ch%20nhi%E1%BB%87m%5C%22%29%22&page=1,UNSCREENED_CANDIDATE_LOCATOR_NOT_ACQUIRED
WHO-VNM,DQ-TOOL-01,1,https://www.who.int/malaysia/,https://www.who.int/vietnam/search?query=%28%5C%C4%91%C3%A1nh%20gi%C3%A1%20tu%C3%A2n%20th%E1%BB%A7%5C%22%20OR%20%5C%22t%E1%BB%B1%20%C4%91%C3%A1nh%20gi%C3%A1%5C%22%29%20AND%20%28%5C%22%C4%91%E1%BA%A1o%20%C4%91%E1%BB%A9c%20AI%5C%22%20OR%20%5C%22AI%20c%C3%B3%20tr%C3%A1ch%20nhi%E1%BB%87m%5C%22%29%22&page=1,UNSCREENED_CANDIDATE_LOCATOR_NOT_ACQUIRED
WHO-VNM,DQ-TOOL-01,1,https://www.who.int/marshallislands/,https://www.who.int/vietnam/search?query=%28%5C%C4%91%C3%A1nh%20gi%C3%A1%20tu%C3%A2n%20th%E1%BB%A7%5C%22%20OR%20%5C%22t%E1%BB%B1%20%C4%91%C3%A1nh%20gi%C3%A1%5C%22%29%20AND%20%28%5C%22%C4%91%E1%BA%A1o%20%C4%91%E1%BB%A9c%20AI%5C%22%20OR%20%5C%22AI%20c%C3%B3%20tr%C3%A1ch%20nhi%E1%BB%87m%5C%22%29%22&page=1,UNSCREENED_CANDIDATE_LOCATOR_NOT_ACQUIRED
WHO-VNM,DQ-TOOL-01,1,https://www.who.int/micronesia/,https://www.who.int/vietnam/search?query=%28%5C%C4%91%C3%A1nh%20gi%C3%A1%20tu%C3%A2n%20th%E1%BB%A7%5C%22%20OR%20%5C%22t%E1%BB%B1%20%C4%91%C3%A1nh%20gi%C3%A1%5C%22%29%20AND%20%28%5C%22%C4%91%E1%BA%A1o%20%C4%91%E1%BB%A9c%20AI%5C%22%20OR%20%5C%22AI%20c%C3%B3%20tr%C3%A1ch%20nhi%E1%BB%87m%5C%22%29%22&page=1,UNSCREENED_CANDIDATE_LOCATOR_NOT_ACQUIRED
WHO-VNM,DQ-TOOL-01,1,https://www.who.int/mongolia/,https://www.who.int/vietnam/search?query=%28%5C%C4%91%C3%A1nh%20gi%C3%A1%20tu%C3%A2n%20th%E1%BB%A7%5C%22%20OR%20%5C%22t%E1%BB%B1%20%C4%91%C3%A1nh%20gi%C3%A1%5C%22%29%20AND%20%28%5C%22%C4%91%E1%BA%A1o%20%C4%91%E1%BB%A9c%20AI%5C%22%20OR%20%5C%22AI%20c%C3%B3%20tr%C3%A1ch%20nhi%E1%BB%87m%5C%22%29%22&page=1,UNSCREENED_CANDIDATE_LOCATOR_NOT_ACQUIRED
WHO-VNM,DQ-TOOL-01,1,https://www.who.int/nauru/,https://www.who.int/vietnam/search?query=%28%5C%C4%91%C3%A1nh%20gi%C3%A1%20tu%C3%A2n%20th%E1%BB%A7%5C%22%20OR%20%5C%22t%E1%BB%B1%20%C4%91%C3%A1nh%20gi%C3%A1%5C%22%29%20AND%20%28%5C%22%C4%91%E1%BA%A1o%20%C4%91%E1%BB%A9c%20AI%5C%22%20OR%20%5C%22AI%20c%C3%B3%20tr%C3%A1ch%20nhi%E1%BB%87m%5C%22%29%22&page=1,UNSCREENED_CANDIDATE_LOCATOR_NOT_ACQUIRED
WHO-VNM,DQ-TOOL-01,1,https://www.who.int/newcaledonia/,https://www.who.int/vietnam/search?query=%28%5C%C4%91%C3%A1nh%20gi%C3%A1%20tu%C3%A2n%20th%E1%BB%A7%5C%22%20OR%20%5C%22t%E1%BB%B1%20%C4%91%C3%A1nh%20gi%C3%A1%5C%22%29%20AND%20%28%5C%22%C4%91%E1%BA%A1o%20%C4%91%E1%BB%A9c%20AI%5C%22%20OR%20%5C%22AI%20c%C3%B3%20tr%C3%A1ch%20nhi%E1%BB%87m%5C%22%29%22&page=1,UNSCREENED_CANDIDATE_LOCATOR_NOT_ACQUIRED
WHO-VNM,DQ-TOOL-01,1,https://www.who.int/newzealand/,https://www.who.int/vietnam/search?query=%28%5C%C4%91%C3%A1nh%20gi%C3%A1%20tu%C3%A2n%20th%E1%BB%A7%5C%22%20OR%20%5C%22t%E1%BB%B1%20%C4%91%C3%A1nh%20gi%C3%A1%5C%22%29%20AND%20%28%5C%22%C4%91%E1%BA%A1o%20%C4%91%E1%BB%A9c%20AI%5C%22%20OR%20%5C%22AI%20c%C3%B3%20tr%C3%A1ch%20nhi%E1%BB%87m%5C%22%29%22&page=1,UNSCREENED_CANDIDATE_LOCATOR_NOT_ACQUIRED
WHO-VNM,DQ-TOOL-01,1,https://www.who.int/niue/,https://www.who.int/vietnam/search?query=%28%5C%C4%91%C3%A1nh%20gi%C3%A1%20tu%C3%A2n%20th%E1%BB%A7%5C%22%20OR%20%5C%22t%E1%BB%B1%20%C4%91%C3%A1nh%20gi%C3%A1%5C%22%29%20AND%20%28%5C%22%C4%91%E1%BA%A1o%20%C4%91%E1%BB%A9c%20AI%5C%22%20OR%20%5C%22AI%20c%C3%B3%20tr%C3%A1ch%20nhi%E1%BB%87m%5C%22%29%22&page=1,UNSCREENED_CANDIDATE_LOCATOR_NOT_ACQUIRED
WHO-VNM,DQ-TOOL-01,1,https://www.who.int/northernmarianaislands/,https://www.who.int/vietnam/search?query=%28%5C%C4%91%C3%A1nh%20gi%C3%A1%20tu%C3%A2n%20th%E1%BB%A7%5C%22%20OR%20%5C%22t%E1%BB%B1%20%C4%91%C3%A1nh%20gi%C3%A1%5C%22%29%20AND%20%28%5C%22%C4%91%E1%BA%A1o%20%C4%91%E1%BB%A9c%20AI%5C%22%20OR%20%5C%22AI%20c%C3%B3%20tr%C3%A1ch%20nhi%E1%BB%87m%5C%22%29%22&page=1,UNSCREENED_CANDIDATE_LOCATOR_NOT_ACQUIRED
WHO-VNM,DQ-TOOL-01,1,https://www.who.int/palau/,https://www.who.int/vietnam/search?query=%28%5C%C4%91%C3%A1nh%20gi%C3%A1%20tu%C3%A2n%20th%E1%BB%A7%5C%22%20OR%20%5C%22t%E1%BB%B1%20%C4%91%C3%A1nh%20gi%C3%A1%5C%22%29%20AND%20%28%5C%22%C4%91%E1%BA%A1o%20%C4%91%E1%BB%A9c%20AI%5C%22%20OR%20%5C%22AI%20c%C3%B3%20tr%C3%A1ch%20nhi%E1%BB%87m%5C%22%29%22&page=1,UNSCREENED_CANDIDATE_LOCATOR_NOT_ACQUIRED
WHO-VNM,DQ-TOOL-01,1,https://www.who.int/papuanewguinea/,https://www.who.int/vietnam/search?query=%28%5C%C4%91%C3%A1nh%20gi%C3%A1%20tu%C3%A2n%20th%E1%BB%A7%5C%22%20OR%20%5C%22t%E1%BB%B1%20%C4%91%C3%A1nh%20gi%C3%A1%5C%22%29%20AND%20%28%5C%22%C4%91%E1%BA%A1o%20%C4%91%E1%BB%A9c%20AI%5C%22%20OR%20%5C%22AI%20c%C3%B3%20tr%C3%A1ch%20nhi%E1%BB%87m%5C%22%29%22&page=1,UNSCREENED_CANDIDATE_LOCATOR_NOT_ACQUIRED
WHO-VNM,DQ-TOOL-01,1,https://www.who.int/philippines/,https://www.who.int/vietnam/search?query=%28%5C%C4%91%C3%A1nh%20gi%C3%A1%20tu%C3%A2n%20th%E1%BB%A7%5C%22%20OR%20%5C%22t%E1%BB%B1%20%C4%91%C3%A1nh%20gi%C3%A1%5C%22%29%20AND%20%28%5C%22%C4%91%E1%BA%A1o%20%C4%91%E1%BB%A9c%20AI%5C%22%20OR%20%5C%22AI%20c%C3%B3%20tr%C3%A1ch%20nhi%E1%BB%87m%5C%22%29%22&page=1,UNSCREENED_CANDIDATE_LOCATOR_NOT_ACQUIRED
WHO-VNM,DQ-TOOL-01,1,https://www.who.int/pitcairnislands/,https://www.who.int/vietnam/search?query=%28%5C%C4%91%C3%A1nh%20gi%C3%A1%20tu%C3%A2n%20th%E1%BB%A7%5C%22%20OR%20%5C%22t%E1%BB%B1%20%C4%91%C3%A1nh%20gi%C3%A1%5C%22%29%20AND%20%28%5C%22%C4%91%E1%BA%A1o%20%C4%91%E1%BB%A9c%20AI%5C%22%20OR%20%5C%22AI%20c%C3%B3%20tr%C3%A1ch%20nhi%E1%BB%87m%5C%22%29%22&page=1,UNSCREENED_CANDIDATE_LOCATOR_NOT_ACQUIRED
WHO-VNM,DQ-TOOL-01,1,https://www.who.int/republicofkorea/,https://www.who.int/vietnam/search?query=%28%5C%C4%91%C3%A1nh%20gi%C3%A1%20tu%C3%A2n%20th%E1%BB%A7%5C%22%20OR%20%5C%22t%E1%BB%B1%20%C4%91%C3%A1nh%20gi%C3%A1%5C%22%29%20AND%20%28%5C%22%C4%91%E1%BA%A1o%20%C4%91%E1%BB%A9c%20AI%5C%22%20OR%20%5C%22AI%20c%C3%B3%20tr%C3%A1ch%20nhi%E1%BB%87m%5C%22%29%22&page=1,UNSCREENED_CANDIDATE_LOCATOR_NOT_ACQUIRED
WHO-VNM,DQ-TOOL-01,1,https://www.who.int/samoa/,https://www.who.int/vietnam/search?query=%28%5C%C4%91%C3%A1nh%20gi%C3%A1%20tu%C3%A2n%20th%E1%BB%A7%5C%22%20OR%20%5C%22t%E1%BB%B1%20%C4%91%C3%A1nh%20gi%C3%A1%5C%22%29%20AND%20%28%5C%22%C4%91%E1%BA%A1o%20%C4%91%E1%BB%A9c%20AI%5C%22%20OR%20%5C%22AI%20c%C3%B3%20tr%C3%A1ch%20nhi%E1%BB%87m%5C%22%29%22&page=1,UNSCREENED_CANDIDATE_LOCATOR_NOT_ACQUIRED
WHO-VNM,DQ-TOOL-01,1,https://www.who.int/singapore/,https://www.who.int/vietnam/search?query=%28%5C%C4%91%C3%A1nh%20gi%C3%A1%20tu%C3%A2n%20th%E1%BB%A7%5C%22%20OR%20%5C%22t%E1%BB%B1%20%C4%91%C3%A1nh%20gi%C3%A1%5C%22%29%20AND%20%28%5C%22%C4%91%E1%BA%A1o%20%C4%91%E1%BB%A9c%20AI%5C%22%20OR%20%5C%22AI%20c%C3%B3%20tr%C3%A1ch%20nhi%E1%BB%87m%5C%22%29%22&page=1,UNSCREENED_CANDIDATE_LOCATOR_NOT_ACQUIRED
WHO-VNM,DQ-TOOL-01,1,https://www.who.int/solomonislands/home,https://www.who.int/vietnam/search?query=%28%5C%C4%91%C3%A1nh%20gi%C3%A1%20tu%C3%A2n%20th%E1%BB%A7%5C%22%20OR%20%5C%22t%E1%BB%B1%20%C4%91%C3%A1nh%20gi%C3%A1%5C%22%29%20AND%20%28%5C%22%C4%91%E1%BA%A1o%20%C4%91%E1%BB%A9c%20AI%5C%22%20OR%20%5C%22AI%20c%C3%B3%20tr%C3%A1ch%20nhi%E1%BB%87m%5C%22%29%22&page=1,UNSCREENED_CANDIDATE_LOCATOR_NOT_ACQUIRED
WHO-VNM,DQ-TOOL-01,1,https://www.who.int/southeastasia,https://www.who.int/vietnam/search?query=%28%5C%C4%91%C3%A1nh%20gi%C3%A1%20tu%C3%A2n%20th%E1%BB%A7%5C%22%20OR%20%5C%22t%E1%BB%B1%20%C4%91%C3%A1nh%20gi%C3%A1%5C%22%29%20AND%20%28%5C%22%C4%91%E1%BA%A1o%20%C4%91%E1%BB%A9c%20AI%5C%22%20OR%20%5C%22AI%20c%C3%B3%20tr%C3%A1ch%20nhi%E1%BB%87m%5C%22%29%22&page=1,UNSCREENED_CANDIDATE_LOCATOR_NOT_ACQUIRED
WHO-VNM,DQ-TOOL-01,1,https://www.who.int/tokelau/home,https://www.who.int/vietnam/search?query=%28%5C%C4%91%C3%A1nh%20gi%C3%A1%20tu%C3%A2n%20th%E1%BB%A7%5C%22%20OR%20%5C%22t%E1%BB%B1%20%C4%91%C3%A1nh%20gi%C3%A1%5C%22%29%20AND%20%28%5C%22%C4%91%E1%BA%A1o%20%C4%91%E1%BB%A9c%20AI%5C%22%20OR%20%5C%22AI%20c%C3%B3%20tr%C3%A1ch%20nhi%E1%BB%87m%5C%22%29%22&page=1,UNSCREENED_CANDIDATE_LOCATOR_NOT_ACQUIRED
WHO-VNM,DQ-TOOL-01,1,https://www.who.int/tonga/home,https://www.who.int/vietnam/search?query=%28%5C%C4%91%C3%A1nh%20gi%C3%A1%20tu%C3%A2n%20th%E1%BB%A7%5C%22%20OR%20%5C%22t%E1%BB%B1%20%C4%91%C3%A1nh%20gi%C3%A1%5C%22%29%20AND%20%28%5C%22%C4%91%E1%BA%A1o%20%C4%91%E1%BB%A9c%20AI%5C%22%20OR%20%5C%22AI%20c%C3%B3%20tr%C3%A1ch%20nhi%E1%BB%87m%5C%22%29%22&page=1,UNSCREENED_CANDIDATE_LOCATOR_NOT_ACQUIRED
WHO-VNM,DQ-TOOL-01,1,https://www.who.int/tuvalu/home,https://www.who.int/vietnam/search?query=%28%5C%C4%91%C3%A1nh%20gi%C3%A1%20tu%C3%A2n%20th%E1%BB%A7%5C%22%20OR%20%5C%22t%E1%BB%B1%20%C4%91%C3%A1nh%20gi%C3%A1%5C%22%29%20AND%20%28%5C%22%C4%91%E1%BA%A1o%20%C4%91%E1%BB%A9c%20AI%5C%22%20OR%20%5C%22AI%20c%C3%B3%20tr%C3%A1ch%20nhi%E1%BB%87m%5C%22%29%22&page=1,UNSCREENED_CANDIDATE_LOCATOR_NOT_ACQUIRED
WHO-VNM,DQ-TOOL-01,1,https://www.who.int/vanuatu/home,https://www.who.int/vietnam/search?query=%28%5C%C4%91%C3%A1nh%20gi%C3%A1%20tu%C3%A2n%20th%E1%BB%A7%5C%22%20OR%20%5C%22t%E1%BB%B1%20%C4%91%C3%A1nh%20gi%C3%A1%5C%22%29%20AND%20%28%5C%22%C4%91%E1%BA%A1o%20%C4%91%E1%BB%A9c%20AI%5C%22%20OR%20%5C%22AI%20c%C3%B3%20tr%C3%A1ch%20nhi%E1%BB%87m%5C%22%29%22&page=1,UNSCREENED_CANDIDATE_LOCATOR_NOT_ACQUIRED
WHO-VNM,DQ-TOOL-01,1,https://www.who.int/vietnam,https://www.who.int/vietnam/search?query=%28%5C%C4%91%C3%A1nh%20gi%C3%A1%20tu%C3%A2n%20th%E1%BB%A7%5C%22%20OR%20%5C%22t%E1%BB%B1%20%C4%91%C3%A1nh%20gi%C3%A1%5C%22%29%20AND%20%28%5C%22%C4%91%E1%BA%A1o%20%C4%91%E1%BB%A9c%20AI%5C%22%20OR%20%5C%22AI%20c%C3%B3%20tr%C3%A1ch%20nhi%E1%BB%87m%5C%22%29%22&page=1,UNSCREENED_CANDIDATE_LOCATOR_NOT_ACQUIRED
WHO-VNM,DQ-TOOL-01,1,https://www.who.int/vietnam/,https://www.who.int/vietnam/search?query=%28%5C%C4%91%C3%A1nh%20gi%C3%A1%20tu%C3%A2n%20th%E1%BB%A7%5C%22%20OR%20%5C%22t%E1%BB%B1%20%C4%91%C3%A1nh%20gi%C3%A1%5C%22%29%20AND%20%28%5C%22%C4%91%E1%BA%A1o%20%C4%91%E1%BB%A9c%20AI%5C%22%20OR%20%5C%22AI%20c%C3%B3%20tr%C3%A1ch%20nhi%E1%BB%87m%5C%22%29%22&page=1,UNSCREENED_CANDIDATE_LOCATOR_NOT_ACQUIRED
WHO-VNM,DQ-TOOL-01,1,https://www.who.int/vietnam/about,https://www.who.int/vietnam/search?query=%28%5C%C4%91%C3%A1nh%20gi%C3%A1%20tu%C3%A2n%20th%E1%BB%A7%5C%22%20OR%20%5C%22t%E1%BB%B1%20%C4%91%C3%A1nh%20gi%C3%A1%5C%22%29%20AND%20%28%5C%22%C4%91%E1%BA%A1o%20%C4%91%E1%BB%A9c%20AI%5C%22%20OR%20%5C%22AI%20c%C3%B3%20tr%C3%A1ch%20nhi%E1%BB%87m%5C%22%29%22&page=1,UNSCREENED_CANDIDATE_LOCATOR_NOT_ACQUIRED
WHO-VNM,DQ-TOOL-01,1,https://www.who.int/vietnam/emergencies,https://www.who.int/vietnam/search?query=%28%5C%C4%91%C3%A1nh%20gi%C3%A1%20tu%C3%A2n%20th%E1%BB%A7%5C%22%20OR%20%5C%22t%E1%BB%B1%20%C4%91%C3%A1nh%20gi%C3%A1%5C%22%29%20AND%20%28%5C%22%C4%91%E1%BA%A1o%20%C4%91%E1%BB%A9c%20AI%5C%22%20OR%20%5C%22AI%20c%C3%B3%20tr%C3%A1ch%20nhi%E1%BB%87m%5C%22%29%22&page=1,UNSCREENED_CANDIDATE_LOCATOR_NOT_ACQUIRED
WHO-VNM,DQ-TOOL-01,1,https://www.who.int/vietnam/footer/help,https://www.who.int/vietnam/search?query=%28%5C%C4%91%C3%A1nh%20gi%C3%A1%20tu%C3%A2n%20th%E1%BB%A7%5C%22%20OR%20%5C%22t%E1%BB%B1%20%C4%91%C3%A1nh%20gi%C3%A1%5C%22%29%20AND%20%28%5C%22%C4%91%E1%BA%A1o%20%C4%91%E1%BB%A9c%20AI%5C%22%20OR%20%5C%22AI%20c%C3%B3%20tr%C3%A1ch%20nhi%E1%BB%87m%5C%22%29%22&page=1,UNSCREENED_CANDIDATE_LOCATOR_NOT_ACQUIRED
WHO-VNM,DQ-TOOL-01,1,https://www.who.int/vietnam/footer/help/contact-us,https://www.who.int/vietnam/search?query=%28%5C%C4%91%C3%A1nh%20gi%C3%A1%20tu%C3%A2n%20th%E1%BB%A7%5C%22%20OR%20%5C%22t%E1%BB%B1%20%C4%91%C3%A1nh%20gi%C3%A1%5C%22%29%20AND%20%28%5C%22%C4%91%E1%BA%A1o%20%C4%91%E1%BB%A9c%20AI%5C%22%20OR%20%5C%22AI%20c%C3%B3%20tr%C3%A1ch%20nhi%E1%BB%87m%5C%22%29%22&page=1,UNSCREENED_CANDIDATE_LOCATOR_NOT_ACQUIRED
WHO-VNM,DQ-TOOL-01,1,https://www.who.int/vietnam/footer/help/cyber-security,https://www.who.int/vietnam/search?query=%28%5C%C4%91%C3%A1nh%20gi%C3%A1%20tu%C3%A2n%20th%E1%BB%A7%5C%22%20OR%20%5C%22t%E1%BB%B1%20%C4%91%C3%A1nh%20gi%C3%A1%5C%22%29%20AND%20%28%5C%22%C4%91%E1%BA%A1o%20%C4%91%E1%BB%A9c%20AI%5C%22%20OR%20%5C%22AI%20c%C3%B3%20tr%C3%A1ch%20nhi%E1%BB%87m%5C%22%29%22&page=1,UNSCREENED_CANDIDATE_LOCATOR_NOT_ACQUIRED
WHO-VNM,DQ-TOOL-01,1,https://www.who.int/vietnam/footer/help/ethics,https://www.who.int/vietnam/search?query=%28%5C%C4%91%C3%A1nh%20gi%C3%A1%20tu%C3%A2n%20th%E1%BB%A7%5C%22%20OR%20%5C%22t%E1%BB%B1%20%C4%91%C3%A1nh%20gi%C3%A1%5C%22%29%20AND%20%28%5C%22%C4%91%E1%BA%A1o%20%C4%91%E1%BB%A9c%20AI%5C%22%20OR%20%5C%22AI%20c%C3%B3%20tr%C3%A1ch%20nhi%E1%BB%87m%5C%22%29%22&page=1,UNSCREENED_CANDIDATE_LOCATOR_NOT_ACQUIRED
WHO-VNM,DQ-TOOL-01,1,https://www.who.int/vietnam/footer/quick-links,https://www.who.int/vietnam/search?query=%28%5C%C4%91%C3%A1nh%20gi%C3%A1%20tu%C3%A2n%20th%E1%BB%A7%5C%22%20OR%20%5C%22t%E1%BB%B1%20%C4%91%C3%A1nh%20gi%C3%A1%5C%22%29%20AND%20%28%5C%22%C4%91%E1%BA%A1o%20%C4%91%E1%BB%A9c%20AI%5C%22%20OR%20%5C%22AI%20c%C3%B3%20tr%C3%A1ch%20nhi%E1%BB%87m%5C%22%29%22&page=1,UNSCREENED_CANDIDATE_LOCATOR_NOT_ACQUIRED
WHO-VNM,DQ-TOOL-01,1,https://www.who.int/vietnam/footer/quick-links/careers-in-who-viet-nam,https://www.who.int/vietnam/search?query=%28%5C%C4%91%C3%A1nh%20gi%C3%A1%20tu%C3%A2n%20th%E1%BB%A7%5C%22%20OR%20%5C%22t%E1%BB%B1%20%C4%91%C3%A1nh%20gi%C3%A1%5C%22%29%20AND%20%28%5C%22%C4%91%E1%BA%A1o%20%C4%91%E1%BB%A9c%20AI%5C%22%20OR%20%5C%22AI%20c%C3%B3%20tr%C3%A1ch%20nhi%E1%BB%87m%5C%22%29%22&page=1,UNSCREENED_CANDIDATE_LOCATOR_NOT_ACQUIRED
WHO-VNM,DQ-TOOL-01,1,https://www.who.int/vietnam/footer/quick-links/newsroom,https://www.who.int/vietnam/search?query=%28%5C%C4%91%C3%A1nh%20gi%C3%A1%20tu%C3%A2n%20th%E1%BB%A7%5C%22%20OR%20%5C%22t%E1%BB%B1%20%C4%91%C3%A1nh%20gi%C3%A1%5C%22%29%20AND%20%28%5C%22%C4%91%E1%BA%A1o%20%C4%91%E1%BB%A9c%20AI%5C%22%20OR%20%5C%22AI%20c%C3%B3%20tr%C3%A1ch%20nhi%E1%BB%87m%5C%22%29%22&page=1,UNSCREENED_CANDIDATE_LOCATOR_NOT_ACQUIRED
WHO-VNM,DQ-TOOL-01,1,https://www.who.int/vietnam/footer/quick-links/publications-and-information-resources,https://www.who.int/vietnam/search?query=%28%5C%C4%91%C3%A1nh%20gi%C3%A1%20tu%C3%A2n%20th%E1%BB%A7%5C%22%20OR%20%5C%22t%E1%BB%B1%20%C4%91%C3%A1nh%20gi%C3%A1%5C%22%29%20AND%20%28%5C%22%C4%91%E1%BA%A1o%20%C4%91%E1%BB%A9c%20AI%5C%22%20OR%20%5C%22AI%20c%C3%B3%20tr%C3%A1ch%20nhi%E1%BB%87m%5C%22%29%22&page=1,UNSCREENED_CANDIDATE_LOCATOR_NOT_ACQUIRED
WHO-VNM,DQ-TOOL-01,1,https://www.who.int/vietnam/footer/regional-links,https://www.who.int/vietnam/search?query=%28%5C%C4%91%C3%A1nh%20gi%C3%A1%20tu%C3%A2n%20th%E1%BB%A7%5C%22%20OR%20%5C%22t%E1%BB%B1%20%C4%91%C3%A1nh%20gi%C3%A1%5C%22%29%20AND%20%28%5C%22%C4%91%E1%BA%A1o%20%C4%91%E1%BB%A9c%20AI%5C%22%20OR%20%5C%22AI%20c%C3%B3%20tr%C3%A1ch%20nhi%E1%BB%87m%5C%22%29%22&page=1,UNSCREENED_CANDIDATE_LOCATOR_NOT_ACQUIRED
WHO-VNM,DQ-TOOL-01,1,https://www.who.int/vietnam/footer/regional-links/campaigns,https://www.who.int/vietnam/search?query=%28%5C%C4%91%C3%A1nh%20gi%C3%A1%20tu%C3%A2n%20th%E1%BB%A7%5C%22%20OR%20%5C%22t%E1%BB%B1%20%C4%91%C3%A1nh%20gi%C3%A1%5C%22%29%20AND%20%28%5C%22%C4%91%E1%BA%A1o%20%C4%91%E1%BB%A9c%20AI%5C%22%20OR%20%5C%22AI%20c%C3%B3%20tr%C3%A1ch%20nhi%E1%BB%87m%5C%22%29%22&page=1,UNSCREENED_CANDIDATE_LOCATOR_NOT_ACQUIRED
WHO-VNM,DQ-TOOL-01,1,https://www.who.int/vietnam/footer/regional-links/careers,https://www.who.int/vietnam/search?query=%28%5C%C4%91%C3%A1nh%20gi%C3%A1%20tu%C3%A2n%20th%E1%BB%A7%5C%22%20OR%20%5C%22t%E1%BB%B1%20%C4%91%C3%A1nh%20gi%C3%A1%5C%22%29%20AND%20%28%5C%22%C4%91%E1%BA%A1o%20%C4%91%E1%BB%A9c%20AI%5C%22%20OR%20%5C%22AI%20c%C3%B3%20tr%C3%A1ch%20nhi%E1%BB%87m%5C%22%29%22&page=1,UNSCREENED_CANDIDATE_LOCATOR_NOT_ACQUIRED
WHO-VNM,DQ-TOOL-01,1,https://www.who.int/vietnam/footer/regional-links/data,https://www.who.int/vietnam/search?query=%28%5C%C4%91%C3%A1nh%20gi%C3%A1%20tu%C3%A2n%20th%E1%BB%A7%5C%22%20OR%20%5C%22t%E1%BB%B1%20%C4%91%C3%A1nh%20gi%C3%A1%5C%22%29%20AND%20%28%5C%22%C4%91%E1%BA%A1o%20%C4%91%E1%BB%A9c%20AI%5C%22%20OR%20%5C%22AI%20c%C3%B3%20tr%C3%A1ch%20nhi%E1%BB%87m%5C%22%29%22&page=1,UNSCREENED_CANDIDATE_LOCATOR_NOT_ACQUIRED
WHO-VNM,DQ-TOOL-01,1,https://www.who.int/vietnam/footer/regional-links/publications,https://www.who.int/vietnam/search?query=%28%5C%C4%91%C3%A1nh%20gi%C3%A1%20tu%C3%A2n%20th%E1%BB%A7%5C%22%20OR%20%5C%22t%E1%BB%B1%20%C4%91%C3%A1nh%20gi%C3%A1%5C%22%29%20AND%20%28%5C%22%C4%91%E1%BA%A1o%20%C4%91%E1%BB%A9c%20AI%5C%22%20OR%20%5C%22AI%20c%C3%B3%20tr%C3%A1ch%20nhi%E1%BB%87m%5C%22%29%22&page=1,UNSCREENED_CANDIDATE_LOCATOR_NOT_ACQUIRED
WHO-VNM,DQ-TOOL-01,1,https://www.who.int/vietnam/health-topics,https://www.who.int/vietnam/search?query=%28%5C%C4%91%C3%A1nh%20gi%C3%A1%20tu%C3%A2n%20th%E1%BB%A7%5C%22%20OR%20%5C%22t%E1%BB%B1%20%C4%91%C3%A1nh%20gi%C3%A1%5C%22%29%20AND%20%28%5C%22%C4%91%E1%BA%A1o%20%C4%91%E1%BB%A9c%20AI%5C%22%20OR%20%5C%22AI%20c%C3%B3%20tr%C3%A1ch%20nhi%E1%BB%87m%5C%22%29%22&page=1,UNSCREENED_CANDIDATE_LOCATOR_NOT_ACQUIRED
WHO-VNM,DQ-TOOL-01,1,https://www.who.int/vietnam/news,https://www.who.int/vietnam/search?query=%28%5C%C4%91%C3%A1nh%20gi%C3%A1%20tu%C3%A2n%20th%E1%BB%A7%5C%22%20OR%20%5C%22t%E1%BB%B1%20%C4%91%C3%A1nh%20gi%C3%A1%5C%22%29%20AND%20%28%5C%22%C4%91%E1%BA%A1o%20%C4%91%E1%BB%A9c%20AI%5C%22%20OR%20%5C%22AI%20c%C3%B3%20tr%C3%A1ch%20nhi%E1%BB%87m%5C%22%29%22&page=1,UNSCREENED_CANDIDATE_LOCATOR_NOT_ACQUIRED
WHO-VNM,DQ-TOOL-01,1,https://www.who.int/vietnam/our-work,https://www.who.int/vietnam/search?query=%28%5C%C4%91%C3%A1nh%20gi%C3%A1%20tu%C3%A2n%20th%E1%BB%A7%5C%22%20OR%20%5C%22t%E1%BB%B1%20%C4%91%C3%A1nh%20gi%C3%A1%5C%22%29%20AND%20%28%5C%22%C4%91%E1%BA%A1o%20%C4%91%E1%BB%A9c%20AI%5C%22%20OR%20%5C%22AI%20c%C3%B3%20tr%C3%A1ch%20nhi%E1%BB%87m%5C%22%29%22&page=1,UNSCREENED_CANDIDATE_LOCATOR_NOT_ACQUIRED
WHO-VNM,DQ-TOOL-01,1,https://www.who.int/vietnam/search?query=%28%5C%C4%91%C3%A1nh%20gi%C3%A1%20tu%C3%A2n%20th%E1%BB%A7%5C%22%20OR%20%5C%22t%E1%BB%B1%20%C4%91%C3%A1nh%20gi%C3%A1%5C%22%29%20AND%20%28%5C%22%C4%91%E1%BA%A1o%20%C4%91%E1%BB%A9c%20AI%5C%22%20OR%20%5C%22AI%20c%C3%B3%20tr%C3%A1ch%20nhi%E1%BB%87m%5C%22%29%22&page=1,https://www.who.int/vietnam/search?query=%28%5C%C4%91%C3%A1nh%20gi%C3%A1%20tu%C3%A2n%20th%E1%BB%A7%5C%22%20OR%20%5C%22t%E1%BB%B1%20%C4%91%C3%A1nh%20gi%C3%A1%5C%22%29%20AND%20%28%5C%22%C4%91%E1%BA%A1o%20%C4%91%E1%BB%A9c%20AI%5C%22%20OR%20%5C%22AI%20c%C3%B3%20tr%C3%A1ch%20nhi%E1%BB%87m%5C%22%29%22&page=1,UNSCREENED_CANDIDATE_LOCATOR_NOT_ACQUIRED
WHO-VNM,DQ-TOOL-01,1,https://www.who.int/wallisandfutuna/home,https://www.who.int/vietnam/search?query=%28%5C%C4%91%C3%A1nh%20gi%C3%A1%20tu%C3%A2n%20th%E1%BB%A7%5C%22%20OR%20%5C%22t%E1%BB%B1%20%C4%91%C3%A1nh%20gi%C3%A1%5C%22%29%20AND%20%28%5C%22%C4%91%E1%BA%A1o%20%C4%91%E1%BB%A9c%20AI%5C%22%20OR%20%5C%22AI%20c%C3%B3%20tr%C3%A1ch%20nhi%E1%BB%87m%5C%22%29%22&page=1,UNSCREENED_CANDIDATE_LOCATOR_NOT_ACQUIRED
WHO-VNM,DQ-TOOL-01,1,https://www.who.int/westernpacific/,https://www.who.int/vietnam/search?query=%28%5C%C4%91%C3%A1nh%20gi%C3%A1%20tu%C3%A2n%20th%E1%BB%A7%5C%22%20OR%20%5C%22t%E1%BB%B1%20%C4%91%C3%A1nh%20gi%C3%A1%5C%22%29%20AND%20%28%5C%22%C4%91%E1%BA%A1o%20%C4%91%E1%BB%A9c%20AI%5C%22%20OR%20%5C%22AI%20c%C3%B3%20tr%C3%A1ch%20nhi%E1%BB%87m%5C%22%29%22&page=1,UNSCREENED_CANDIDATE_LOCATOR_NOT_ACQUIRED
WHO-VNM,DQ-TOOL-01,2,https://www.who.int/vietnam/search?query=%28%5C%C4%91%C3%A1nh%20gi%C3%A1%20tu%C3%A2n%20th%E1%BB%A7%5C%22%20OR%20%5C%22t%E1%BB%B1%20%C4%91%C3%A1nh%20gi%C3%A1%5C%22%29%20AND%20%28%5C%22%C4%91%E1%BA%A1o%20%C4%91%E1%BB%A9c%20AI%5C%22%20OR%20%5C%22AI%20c%C3%B3%20tr%C3%A1ch%20nhi%E1%BB%87m%5C%22%29%22&page=2,https://www.who.int/vietnam/search?query=%28%5C%C4%91%C3%A1nh%20gi%C3%A1%20tu%C3%A2n%20th%E1%BB%A7%5C%22%20OR%20%5C%22t%E1%BB%B1%20%C4%91%C3%A1nh%20gi%C3%A1%5C%22%29%20AND%20%28%5C%22%C4%91%E1%BA%A1o%20%C4%91%E1%BB%A9c%20AI%5C%22%20OR%20%5C%22AI%20c%C3%B3%20tr%C3%A1ch%20nhi%E1%BB%87m%5C%22%29%22&page=2,UNSCREENED_CANDIDATE_LOCATOR_NOT_ACQUIRED
WHO-VNM,DQ-TOOL-02,1,https://www.who.int/,https://www.who.int/vietnam/search?query=%28n%E1%BB%81n%20t%E1%BA%A3ng%20OR%20c%C3%B4ng%20c%E1%BB%A5%29%20AND%20%28%5C%C4%91%C3%A1nh%20gi%C3%A1%20tu%C3%A2n%20th%E1%BB%A7%5C%22%20OR%20%5C%22%C4%91%C3%A1nh%20gi%C3%A1%20t%C3%A1c%20%C4%91%E1%BB%99ng%5C%22%29%20AND%20%28%5C%22AI%5C%22%20OR%20%5C%22tr%C3%AD%20tu%E1%BB%87%20nh%C3%A2n%20t%E1%BA%A1o%5C%22%29%22&page=1,UNSCREENED_CANDIDATE_LOCATOR_NOT_ACQUIRED
WHO-VNM,DQ-TOOL-02,1,https://www.who.int/americansamoa/,https://www.who.int/vietnam/search?query=%28n%E1%BB%81n%20t%E1%BA%A3ng%20OR%20c%C3%B4ng%20c%E1%BB%A5%29%20AND%20%28%5C%C4%91%C3%A1nh%20gi%C3%A1%20tu%C3%A2n%20th%E1%BB%A7%5C%22%20OR%20%5C%22%C4%91%C3%A1nh%20gi%C3%A1%20t%C3%A1c%20%C4%91%E1%BB%99ng%5C%22%29%20AND%20%28%5C%22AI%5C%22%20OR%20%5C%22tr%C3%AD%20tu%E1%BB%87%20nh%C3%A2n%20t%E1%BA%A1o%5C%22%29%22&page=1,UNSCREENED_CANDIDATE_LOCATOR_NOT_ACQUIRED
WHO-VNM,DQ-TOOL-02,1,https://www.who.int/australia/,https://www.who.int/vietnam/search?query=%28n%E1%BB%81n%20t%E1%BA%A3ng%20OR%20c%C3%B4ng%20c%E1%BB%A5%29%20AND%20%28%5C%C4%91%C3%A1nh%20gi%C3%A1%20tu%C3%A2n%20th%E1%BB%A7%5C%22%20OR%20%5C%22%C4%91%C3%A1nh%20gi%C3%A1%20t%C3%A1c%20%C4%91%E1%BB%99ng%5C%22%29%20AND%20%28%5C%22AI%5C%22%20OR%20%5C%22tr%C3%AD%20tu%E1%BB%87%20nh%C3%A2n%20t%E1%BA%A1o%5C%22%29%22&page=1,UNSCREENED_CANDIDATE_LOCATOR_NOT_ACQUIRED
WHO-VNM,DQ-TOOL-02,1,https://www.who.int/brunei/,https://www.who.int/vietnam/search?query=%28n%E1%BB%81n%20t%E1%BA%A3ng%20OR%20c%C3%B4ng%20c%E1%BB%A5%29%20AND%20%28%5C%C4%91%C3%A1nh%20gi%C3%A1%20tu%C3%A2n%20th%E1%BB%A7%5C%22%20OR%20%5C%22%C4%91%C3%A1nh%20gi%C3%A1%20t%C3%A1c%20%C4%91%E1%BB%99ng%5C%22%29%20AND%20%28%5C%22AI%5C%22%20OR%20%5C%22tr%C3%AD%20tu%E1%BB%87%20nh%C3%A2n%20t%E1%BA%A1o%5C%22%29%22&page=1,UNSCREENED_CANDIDATE_LOCATOR_NOT_ACQUIRED
WHO-VNM,DQ-TOOL-02,1,https://www.who.int/cambodia/,https://www.who.int/vietnam/search?query=%28n%E1%BB%81n%20t%E1%BA%A3ng%20OR%20c%C3%B4ng%20c%E1%BB%A5%29%20AND%20%28%5C%C4%91%C3%A1nh%20gi%C3%A1%20tu%C3%A2n%20th%E1%BB%A7%5C%22%20OR%20%5C%22%C4%91%C3%A1nh%20gi%C3%A1%20t%C3%A1c%20%C4%91%E1%BB%99ng%5C%22%29%20AND%20%28%5C%22AI%5C%22%20OR%20%5C%22tr%C3%AD%20tu%E1%BB%87%20nh%C3%A2n%20t%E1%BA%A1o%5C%22%29%22&page=1,UNSCREENED_CANDIDATE_LOCATOR_NOT_ACQUIRED
WHO-VNM,DQ-TOOL-02,1,https://www.who.int/china/,https://www.who.int/vietnam/search?query=%28n%E1%BB%81n%20t%E1%BA%A3ng%20OR%20c%C3%B4ng%20c%E1%BB%A5%29%20AND%20%28%5C%C4%91%C3%A1nh%20gi%C3%A1%20tu%C3%A2n%20th%E1%BB%A7%5C%22%20OR%20%5C%22%C4%91%C3%A1nh%20gi%C3%A1%20t%C3%A1c%20%C4%91%E1%BB%99ng%5C%22%29%20AND%20%28%5C%22AI%5C%22%20OR%20%5C%22tr%C3%AD%20tu%E1%BB%87%20nh%C3%A2n%20t%E1%BA%A1o%5C%22%29%22&page=1,UNSCREENED_CANDIDATE_LOCATOR_NOT_ACQUIRED
WHO-VNM,DQ-TOOL-02,1,https://www.who.int/cookislands/,https://www.who.int/vietnam/search?query=%28n%E1%BB%81n%20t%E1%BA%A3ng%20OR%20c%C3%B4ng%20c%E1%BB%A5%29%20AND%20%28%5C%C4%91%C3%A1nh%20gi%C3%A1%20tu%C3%A2n%20th%E1%BB%A7%5C%22%20OR%20%5C%22%C4%91%C3%A1nh%20gi%C3%A1%20t%C3%A1c%20%C4%91%E1%BB%99ng%5C%22%29%20AND%20%28%5C%22AI%5C%22%20OR%20%5C%22tr%C3%AD%20tu%E1%BB%87%20nh%C3%A2n%20t%E1%BA%A1o%5C%22%29%22&page=1,UNSCREENED_CANDIDATE_LOCATOR_NOT_ACQUIRED
WHO-VNM,DQ-TOOL-02,1,https://www.who.int/europe/,https://www.who.int/vietnam/search?query=%28n%E1%BB%81n%20t%E1%BA%A3ng%20OR%20c%C3%B4ng%20c%E1%BB%A5%29%20AND%20%28%5C%C4%91%C3%A1nh%20gi%C3%A1%20tu%C3%A2n%20th%E1%BB%A7%5C%22%20OR%20%5C%22%C4%91%C3%A1nh%20gi%C3%A1%20t%C3%A1c%20%C4%91%E1%BB%99ng%5C%22%29%20AND%20%28%5C%22AI%5C%22%20OR%20%5C%22tr%C3%AD%20tu%E1%BB%87%20nh%C3%A2n%20t%E1%BA%A1o%5C%22%29%22&page=1,UNSCREENED_CANDIDATE_LOCATOR_NOT_ACQUIRED
WHO-VNM,DQ-TOOL-02,1,https://www.who.int/fiji/,https://www.who.int/vietnam/search?query=%28n%E1%BB%81n%20t%E1%BA%A3ng%20OR%20c%C3%B4ng%20c%E1%BB%A5%29%20AND%20%28%5C%C4%91%C3%A1nh%20gi%C3%A1%20tu%C3%A2n%20th%E1%BB%A7%5C%22%20OR%20%5C%22%C4%91%C3%A1nh%20gi%C3%A1%20t%C3%A1c%20%C4%91%E1%BB%99ng%5C%22%29%20AND%20%28%5C%22AI%5C%22%20OR%20%5C%22tr%C3%AD%20tu%E1%BB%87%20nh%C3%A2n%20t%E1%BA%A1o%5C%22%29%22&page=1,UNSCREENED_CANDIDATE_LOCATOR_NOT_ACQUIRED
WHO-VNM,DQ-TOOL-02,1,https://www.who.int/frenchpolynesia/,https://www.who.int/vietnam/search?query=%28n%E1%BB%81n%20t%E1%BA%A3ng%20OR%20c%C3%B4ng%20c%E1%BB%A5%29%20AND%20%28%5C%C4%91%C3%A1nh%20gi%C3%A1%20tu%C3%A2n%20th%E1%BB%A7%5C%22%20OR%20%5C%22%C4%91%C3%A1nh%20gi%C3%A1%20t%C3%A1c%20%C4%91%E1%BB%99ng%5C%22%29%20AND%20%28%5C%22AI%5C%22%20OR%20%5C%22tr%C3%AD%20tu%E1%BB%87%20nh%C3%A2n%20t%E1%BA%A1o%5C%22%29%22&page=1,UNSCREENED_CANDIDATE_LOCATOR_NOT_ACQUIRED
WHO-VNM,DQ-TOOL-02,1,https://www.who.int/guam/,https://www.who.int/vietnam/search?query=%28n%E1%BB%81n%20t%E1%BA%A3ng%20OR%20c%C3%B4ng%20c%E1%BB%A5%29%20AND%20%28%5C%C4%91%C3%A1nh%20gi%C3%A1%20tu%C3%A2n%20th%E1%BB%A7%5C%22%20OR%20%5C%22%C4%91%C3%A1nh%20gi%C3%A1%20t%C3%A1c%20%C4%91%E1%BB%99ng%5C%22%29%20AND%20%28%5C%22AI%5C%22%20OR%20%5C%22tr%C3%AD%20tu%E1%BB%87%20nh%C3%A2n%20t%E1%BA%A1o%5C%22%29%22&page=1,UNSCREENED_CANDIDATE_LOCATOR_NOT_ACQUIRED
WHO-VNM,DQ-TOOL-02,1,https://www.who.int/hongkongchina/,https://www.who.int/vietnam/search?query=%28n%E1%BB%81n%20t%E1%BA%A3ng%20OR%20c%C3%B4ng%20c%E1%BB%A5%29%20AND%20%28%5C%C4%91%C3%A1nh%20gi%C3%A1%20tu%C3%A2n%20th%E1%BB%A7%5C%22%20OR%20%5C%22%C4%91%C3%A1nh%20gi%C3%A1%20t%C3%A1c%20%C4%91%E1%BB%99ng%5C%22%29%20AND%20%28%5C%22AI%5C%22%20OR%20%5C%22tr%C3%AD%20tu%E1%BB%87%20nh%C3%A2n%20t%E1%BA%A1o%5C%22%29%22&page=1,UNSCREENED_CANDIDATE_LOCATOR_NOT_ACQUIRED
WHO-VNM,DQ-TOOL-02,1,https://www.who.int/indonesia/,https://www.who.int/vietnam/search?query=%28n%E1%BB%81n%20t%E1%BA%A3ng%20OR%20c%C3%B4ng%20c%E1%BB%A5%29%20AND%20%28%5C%C4%91%C3%A1nh%20gi%C3%A1%20tu%C3%A2n%20th%E1%BB%A7%5C%22%20OR%20%5C%22%C4%91%C3%A1nh%20gi%C3%A1%20t%C3%A1c%20%C4%91%E1%BB%99ng%5C%22%29%20AND%20%28%5C%22AI%5C%22%20OR%20%5C%22tr%C3%AD%20tu%E1%BB%87%20nh%C3%A2n%20t%E1%BA%A1o%5C%22%29%22&page=1,UNSCREENED_CANDIDATE_LOCATOR_NOT_ACQUIRED
WHO-VNM,DQ-TOOL-02,1,https://www.who.int/japan/,https://www.who.int/vietnam/search?query=%28n%E1%BB%81n%20t%E1%BA%A3ng%20OR%20c%C3%B4ng%20c%E1%BB%A5%29%20AND%20%28%5C%C4%91%C3%A1nh%20gi%C3%A1%20tu%C3%A2n%20th%E1%BB%A7%5C%22%20OR%20%5C%22%C4%91%C3%A1nh%20gi%C3%A1%20t%C3%A1c%20%C4%91%E1%BB%99ng%5C%22%29%20AND%20%28%5C%22AI%5C%22%20OR%20%5C%22tr%C3%AD%20tu%E1%BB%87%20nh%C3%A2n%20t%E1%BA%A1o%5C%22%29%22&page=1,UNSCREENED_CANDIDATE_LOCATOR_NOT_ACQUIRED
WHO-VNM,DQ-TOOL-02,1,https://www.who.int/kiribati/,https://www.who.int/vietnam/search?query=%28n%E1%BB%81n%20t%E1%BA%A3ng%20OR%20c%C3%B4ng%20c%E1%BB%A5%29%20AND%20%28%5C%C4%91%C3%A1nh%20gi%C3%A1%20tu%C3%A2n%20th%E1%BB%A7%5C%22%20OR%20%5C%22%C4%91%C3%A1nh%20gi%C3%A1%20t%C3%A1c%20%C4%91%E1%BB%99ng%5C%22%29%20AND%20%28%5C%22AI%5C%22%20OR%20%5C%22tr%C3%AD%20tu%E1%BB%87%20nh%C3%A2n%20t%E1%BA%A1o%5C%22%29%22&page=1,UNSCREENED_CANDIDATE_LOCATOR_NOT_ACQUIRED
WHO-VNM,DQ-TOOL-02,1,https://www.who.int/laos/,https://www.who.int/vietnam/search?query=%28n%E1%BB%81n%20t%E1%BA%A3ng%20OR%20c%C3%B4ng%20c%E1%BB%A5%29%20AND%20%28%5C%C4%91%C3%A1nh%20gi%C3%A1%20tu%C3%A2n%20th%E1%BB%A7%5C%22%20OR%20%5C%22%C4%91%C3%A1nh%20gi%C3%A1%20t%C3%A1c%20%C4%91%E1%BB%99ng%5C%22%29%20AND%20%28%5C%22AI%5C%22%20OR%20%5C%22tr%C3%AD%20tu%E1%BB%87%20nh%C3%A2n%20t%E1%BA%A1o%5C%22%29%22&page=1,UNSCREENED_CANDIDATE_LOCATOR_NOT_ACQUIRED
WHO-VNM,DQ-TOOL-02,1,https://www.who.int/macaochina/,https://www.who.int/vietnam/search?query=%28n%E1%BB%81n%20t%E1%BA%A3ng%20OR%20c%C3%B4ng%20c%E1%BB%A5%29%20AND%20%28%5C%C4%91%C3%A1nh%20gi%C3%A1%20tu%C3%A2n%20th%E1%BB%A7%5C%22%20OR%20%5C%22%C4%91%C3%A1nh%20gi%C3%A1%20t%C3%A1c%20%C4%91%E1%BB%99ng%5C%22%29%20AND%20%28%5C%22AI%5C%22%20OR%20%5C%22tr%C3%AD%20tu%E1%BB%87%20nh%C3%A2n%20t%E1%BA%A1o%5C%22%29%22&page=1,UNSCREENED_CANDIDATE_LOCATOR_NOT_ACQUIRED
WHO-VNM,DQ-TOOL-02,1,https://www.who.int/malaysia/,https://www.who.int/vietnam/search?query=%28n%E1%BB%81n%20t%E1%BA%A3ng%20OR%20c%C3%B4ng%20c%E1%BB%A5%29%20AND%20%28%5C%C4%91%C3%A1nh%20gi%C3%A1%20tu%C3%A2n%20th%E1%BB%A7%5C%22%20OR%20%5C%22%C4%91%C3%A1nh%20gi%C3%A1%20t%C3%A1c%20%C4%91%E1%BB%99ng%5C%22%29%20AND%20%28%5C%22AI%5C%22%20OR%20%5C%22tr%C3%AD%20tu%E1%BB%87%20nh%C3%A2n%20t%E1%BA%A1o%5C%22%29%22&page=1,UNSCREENED_CANDIDATE_LOCATOR_NOT_ACQUIRED
WHO-VNM,DQ-TOOL-02,1,https://www.who.int/marshallislands/,https://www.who.int/vietnam/search?query=%28n%E1%BB%81n%20t%E1%BA%A3ng%20OR%20c%C3%B4ng%20c%E1%BB%A5%29%20AND%20%28%5C%C4%91%C3%A1nh%20gi%C3%A1%20tu%C3%A2n%20th%E1%BB%A7%5C%22%20OR%20%5C%22%C4%91%C3%A1nh%20gi%C3%A1%20t%C3%A1c%20%C4%91%E1%BB%99ng%5C%22%29%20AND%20%28%5C%22AI%5C%22%20OR%20%5C%22tr%C3%AD%20tu%E1%BB%87%20nh%C3%A2n%20t%E1%BA%A1o%5C%22%29%22&page=1,UNSCREENED_CANDIDATE_LOCATOR_NOT_ACQUIRED
WHO-VNM,DQ-TOOL-02,1,https://www.who.int/micronesia/,https://www.who.int/vietnam/search?query=%28n%E1%BB%81n%20t%E1%BA%A3ng%20OR%20c%C3%B4ng%20c%E1%BB%A5%29%20AND%20%28%5C%C4%91%C3%A1nh%20gi%C3%A1%20tu%C3%A2n%20th%E1%BB%A7%5C%22%20OR%20%5C%22%C4%91%C3%A1nh%20gi%C3%A1%20t%C3%A1c%20%C4%91%E1%BB%99ng%5C%22%29%20AND%20%28%5C%22AI%5C%22%20OR%20%5C%22tr%C3%AD%20tu%E1%BB%87%20nh%C3%A2n%20t%E1%BA%A1o%5C%22%29%22&page=1,UNSCREENED_CANDIDATE_LOCATOR_NOT_ACQUIRED
WHO-VNM,DQ-TOOL-02,1,https://www.who.int/mongolia/,https://www.who.int/vietnam/search?query=%28n%E1%BB%81n%20t%E1%BA%A3ng%20OR%20c%C3%B4ng%20c%E1%BB%A5%29%20AND%20%28%5C%C4%91%C3%A1nh%20gi%C3%A1%20tu%C3%A2n%20th%E1%BB%A7%5C%22%20OR%20%5C%22%C4%91%C3%A1nh%20gi%C3%A1%20t%C3%A1c%20%C4%91%E1%BB%99ng%5C%22%29%20AND%20%28%5C%22AI%5C%22%20OR%20%5C%22tr%C3%AD%20tu%E1%BB%87%20nh%C3%A2n%20t%E1%BA%A1o%5C%22%29%22&page=1,UNSCREENED_CANDIDATE_LOCATOR_NOT_ACQUIRED
WHO-VNM,DQ-TOOL-02,1,https://www.who.int/nauru/,https://www.who.int/vietnam/search?query=%28n%E1%BB%81n%20t%E1%BA%A3ng%20OR%20c%C3%B4ng%20c%E1%BB%A5%29%20AND%20%28%5C%C4%91%C3%A1nh%20gi%C3%A1%20tu%C3%A2n%20th%E1%BB%A7%5C%22%20OR%20%5C%22%C4%91%C3%A1nh%20gi%C3%A1%20t%C3%A1c%20%C4%91%E1%BB%99ng%5C%22%29%20AND%20%28%5C%22AI%5C%22%20OR%20%5C%22tr%C3%AD%20tu%E1%BB%87%20nh%C3%A2n%20t%E1%BA%A1o%5C%22%29%22&page=1,UNSCREENED_CANDIDATE_LOCATOR_NOT_ACQUIRED
WHO-VNM,DQ-TOOL-02,1,https://www.who.int/newcaledonia/,https://www.who.int/vietnam/search?query=%28n%E1%BB%81n%20t%E1%BA%A3ng%20OR%20c%C3%B4ng%20c%E1%BB%A5%29%20AND%20%28%5C%C4%91%C3%A1nh%20gi%C3%A1%20tu%C3%A2n%20th%E1%BB%A7%5C%22%20OR%20%5C%22%C4%91%C3%A1nh%20gi%C3%A1%20t%C3%A1c%20%C4%91%E1%BB%99ng%5C%22%29%20AND%20%28%5C%22AI%5C%22%20OR%20%5C%22tr%C3%AD%20tu%E1%BB%87%20nh%C3%A2n%20t%E1%BA%A1o%5C%22%29%22&page=1,UNSCREENED_CANDIDATE_LOCATOR_NOT_ACQUIRED
WHO-VNM,DQ-TOOL-02,1,https://www.who.int/newzealand/,https://www.who.int/vietnam/search?query=%28n%E1%BB%81n%20t%E1%BA%A3ng%20OR%20c%C3%B4ng%20c%E1%BB%A5%29%20AND%20%28%5C%C4%91%C3%A1nh%20gi%C3%A1%20tu%C3%A2n%20th%E1%BB%A7%5C%22%20OR%20%5C%22%C4%91%C3%A1nh%20gi%C3%A1%20t%C3%A1c%20%C4%91%E1%BB%99ng%5C%22%29%20AND%20%28%5C%22AI%5C%22%20OR%20%5C%22tr%C3%AD%20tu%E1%BB%87%20nh%C3%A2n%20t%E1%BA%A1o%5C%22%29%22&page=1,UNSCREENED_CANDIDATE_LOCATOR_NOT_ACQUIRED
WHO-VNM,DQ-TOOL-02,1,https://www.who.int/niue/,https://www.who.int/vietnam/search?query=%28n%E1%BB%81n%20t%E1%BA%A3ng%20OR%20c%C3%B4ng%20c%E1%BB%A5%29%20AND%20%28%5C%C4%91%C3%A1nh%20gi%C3%A1%20tu%C3%A2n%20th%E1%BB%A7%5C%22%20OR%20%5C%22%C4%91%C3%A1nh%20gi%C3%A1%20t%C3%A1c%20%C4%91%E1%BB%99ng%5C%22%29%20AND%20%28%5C%22AI%5C%22%20OR%20%5C%22tr%C3%AD%20tu%E1%BB%87%20nh%C3%A2n%20t%E1%BA%A1o%5C%22%29%22&page=1,UNSCREENED_CANDIDATE_LOCATOR_NOT_ACQUIRED
WHO-VNM,DQ-TOOL-02,1,https://www.who.int/northernmarianaislands/,https://www.who.int/vietnam/search?query=%28n%E1%BB%81n%20t%E1%BA%A3ng%20OR%20c%C3%B4ng%20c%E1%BB%A5%29%20AND%20%28%5C%C4%91%C3%A1nh%20gi%C3%A1%20tu%C3%A2n%20th%E1%BB%A7%5C%22%20OR%20%5C%22%C4%91%C3%A1nh%20gi%C3%A1%20t%C3%A1c%20%C4%91%E1%BB%99ng%5C%22%29%20AND%20%28%5C%22AI%5C%22%20OR%20%5C%22tr%C3%AD%20tu%E1%BB%87%20nh%C3%A2n%20t%E1%BA%A1o%5C%22%29%22&page=1,UNSCREENED_CANDIDATE_LOCATOR_NOT_ACQUIRED
WHO-VNM,DQ-TOOL-02,1,https://www.who.int/palau/,https://www.who.int/vietnam/search?query=%28n%E1%BB%81n%20t%E1%BA%A3ng%20OR%20c%C3%B4ng%20c%E1%BB%A5%29%20AND%20%28%5C%C4%91%C3%A1nh%20gi%C3%A1%20tu%C3%A2n%20th%E1%BB%A7%5C%22%20OR%20%5C%22%C4%91%C3%A1nh%20gi%C3%A1%20t%C3%A1c%20%C4%91%E1%BB%99ng%5C%22%29%20AND%20%28%5C%22AI%5C%22%20OR%20%5C%22tr%C3%AD%20tu%E1%BB%87%20nh%C3%A2n%20t%E1%BA%A1o%5C%22%29%22&page=1,UNSCREENED_CANDIDATE_LOCATOR_NOT_ACQUIRED
WHO-VNM,DQ-TOOL-02,1,https://www.who.int/papuanewguinea/,https://www.who.int/vietnam/search?query=%28n%E1%BB%81n%20t%E1%BA%A3ng%20OR%20c%C3%B4ng%20c%E1%BB%A5%29%20AND%20%28%5C%C4%91%C3%A1nh%20gi%C3%A1%20tu%C3%A2n%20th%E1%BB%A7%5C%22%20OR%20%5C%22%C4%91%C3%A1nh%20gi%C3%A1%20t%C3%A1c%20%C4%91%E1%BB%99ng%5C%22%29%20AND%20%28%5C%22AI%5C%22%20OR%20%5C%22tr%C3%AD%20tu%E1%BB%87%20nh%C3%A2n%20t%E1%BA%A1o%5C%22%29%22&page=1,UNSCREENED_CANDIDATE_LOCATOR_NOT_ACQUIRED
WHO-VNM,DQ-TOOL-02,1,https://www.who.int/philippines/,https://www.who.int/vietnam/search?query=%28n%E1%BB%81n%20t%E1%BA%A3ng%20OR%20c%C3%B4ng%20c%E1%BB%A5%29%20AND%20%28%5C%C4%91%C3%A1nh%20gi%C3%A1%20tu%C3%A2n%20th%E1%BB%A7%5C%22%20OR%20%5C%22%C4%91%C3%A1nh%20gi%C3%A1%20t%C3%A1c%20%C4%91%E1%BB%99ng%5C%22%29%20AND%20%28%5C%22AI%5C%22%20OR%20%5C%22tr%C3%AD%20tu%E1%BB%87%20nh%C3%A2n%20t%E1%BA%A1o%5C%22%29%22&page=1,UNSCREENED_CANDIDATE_LOCATOR_NOT_ACQUIRED
WHO-VNM,DQ-TOOL-02,1,https://www.who.int/pitcairnislands/,https://www.who.int/vietnam/search?query=%28n%E1%BB%81n%20t%E1%BA%A3ng%20OR%20c%C3%B4ng%20c%E1%BB%A5%29%20AND%20%28%5C%C4%91%C3%A1nh%20gi%C3%A1%20tu%C3%A2n%20th%E1%BB%A7%5C%22%20OR%20%5C%22%C4%91%C3%A1nh%20gi%C3%A1%20t%C3%A1c%20%C4%91%E1%BB%99ng%5C%22%29%20AND%20%28%5C%22AI%5C%22%20OR%20%5C%22tr%C3%AD%20tu%E1%BB%87%20nh%C3%A2n%20t%E1%BA%A1o%5C%22%29%22&page=1,UNSCREENED_CANDIDATE_LOCATOR_NOT_ACQUIRED
WHO-VNM,DQ-TOOL-02,1,https://www.who.int/republicofkorea/,https://www.who.int/vietnam/search?query=%28n%E1%BB%81n%20t%E1%BA%A3ng%20OR%20c%C3%B4ng%20c%E1%BB%A5%29%20AND%20%28%5C%C4%91%C3%A1nh%20gi%C3%A1%20tu%C3%A2n%20th%E1%BB%A7%5C%22%20OR%20%5C%22%C4%91%C3%A1nh%20gi%C3%A1%20t%C3%A1c%20%C4%91%E1%BB%99ng%5C%22%29%20AND%20%28%5C%22AI%5C%22%20OR%20%5C%22tr%C3%AD%20tu%E1%BB%87%20nh%C3%A2n%20t%E1%BA%A1o%5C%22%29%22&page=1,UNSCREENED_CANDIDATE_LOCATOR_NOT_ACQUIRED
WHO-VNM,DQ-TOOL-02,1,https://www.who.int/samoa/,https://www.who.int/vietnam/search?query=%28n%E1%BB%81n%20t%E1%BA%A3ng%20OR%20c%C3%B4ng%20c%E1%BB%A5%29%20AND%20%28%5C%C4%91%C3%A1nh%20gi%C3%A1%20tu%C3%A2n%20th%E1%BB%A7%5C%22%20OR%20%5C%22%C4%91%C3%A1nh%20gi%C3%A1%20t%C3%A1c%20%C4%91%E1%BB%99ng%5C%22%29%20AND%20%28%5C%22AI%5C%22%20OR%20%5C%22tr%C3%AD%20tu%E1%BB%87%20nh%C3%A2n%20t%E1%BA%A1o%5C%22%29%22&page=1,UNSCREENED_CANDIDATE_LOCATOR_NOT_ACQUIRED
WHO-VNM,DQ-TOOL-02,1,https://www.who.int/singapore/,https://www.who.int/vietnam/search?query=%28n%E1%BB%81n%20t%E1%BA%A3ng%20OR%20c%C3%B4ng%20c%E1%BB%A5%29%20AND%20%28%5C%C4%91%C3%A1nh%20gi%C3%A1%20tu%C3%A2n%20th%E1%BB%A7%5C%22%20OR%20%5C%22%C4%91%C3%A1nh%20gi%C3%A1%20t%C3%A1c%20%C4%91%E1%BB%99ng%5C%22%29%20AND%20%28%5C%22AI%5C%22%20OR%20%5C%22tr%C3%AD%20tu%E1%BB%87%20nh%C3%A2n%20t%E1%BA%A1o%5C%22%29%22&page=1,UNSCREENED_CANDIDATE_LOCATOR_NOT_ACQUIRED
WHO-VNM,DQ-TOOL-02,1,https://www.who.int/solomonislands/home,https://www.who.int/vietnam/search?query=%28n%E1%BB%81n%20t%E1%BA%A3ng%20OR%20c%C3%B4ng%20c%E1%BB%A5%29%20AND%20%28%5C%C4%91%C3%A1nh%20gi%C3%A1%20tu%C3%A2n%20th%E1%BB%A7%5C%22%20OR%20%5C%22%C4%91%C3%A1nh%20gi%C3%A1%20t%C3%A1c%20%C4%91%E1%BB%99ng%5C%22%29%20AND%20%28%5C%22AI%5C%22%20OR%20%5C%22tr%C3%AD%20tu%E1%BB%87%20nh%C3%A2n%20t%E1%BA%A1o%5C%22%29%22&page=1,UNSCREENED_CANDIDATE_LOCATOR_NOT_ACQUIRED
WHO-VNM,DQ-TOOL-02,1,https://www.who.int/southeastasia,https://www.who.int/vietnam/search?query=%28n%E1%BB%81n%20t%E1%BA%A3ng%20OR%20c%C3%B4ng%20c%E1%BB%A5%29%20AND%20%28%5C%C4%91%C3%A1nh%20gi%C3%A1%20tu%C3%A2n%20th%E1%BB%A7%5C%22%20OR%20%5C%22%C4%91%C3%A1nh%20gi%C3%A1%20t%C3%A1c%20%C4%91%E1%BB%99ng%5C%22%29%20AND%20%28%5C%22AI%5C%22%20OR%20%5C%22tr%C3%AD%20tu%E1%BB%87%20nh%C3%A2n%20t%E1%BA%A1o%5C%22%29%22&page=1,UNSCREENED_CANDIDATE_LOCATOR_NOT_ACQUIRED
WHO-VNM,DQ-TOOL-02,1,https://www.who.int/tokelau/home,https://www.who.int/vietnam/search?query=%28n%E1%BB%81n%20t%E1%BA%A3ng%20OR%20c%C3%B4ng%20c%E1%BB%A5%29%20AND%20%28%5C%C4%91%C3%A1nh%20gi%C3%A1%20tu%C3%A2n%20th%E1%BB%A7%5C%22%20OR%20%5C%22%C4%91%C3%A1nh%20gi%C3%A1%20t%C3%A1c%20%C4%91%E1%BB%99ng%5C%22%29%20AND%20%28%5C%22AI%5C%22%20OR%20%5C%22tr%C3%AD%20tu%E1%BB%87%20nh%C3%A2n%20t%E1%BA%A1o%5C%22%29%22&page=1,UNSCREENED_CANDIDATE_LOCATOR_NOT_ACQUIRED
WHO-VNM,DQ-TOOL-02,1,https://www.who.int/tonga/home,https://www.who.int/vietnam/search?query=%28n%E1%BB%81n%20t%E1%BA%A3ng%20OR%20c%C3%B4ng%20c%E1%BB%A5%29%20AND%20%28%5C%C4%91%C3%A1nh%20gi%C3%A1%20tu%C3%A2n%20th%E1%BB%A7%5C%22%20OR%20%5C%22%C4%91%C3%A1nh%20gi%C3%A1%20t%C3%A1c%20%C4%91%E1%BB%99ng%5C%22%29%20AND%20%28%5C%22AI%5C%22%20OR%20%5C%22tr%C3%AD%20tu%E1%BB%87%20nh%C3%A2n%20t%E1%BA%A1o%5C%22%29%22&page=1,UNSCREENED_CANDIDATE_LOCATOR_NOT_ACQUIRED
WHO-VNM,DQ-TOOL-02,1,https://www.who.int/tuvalu/home,https://www.who.int/vietnam/search?query=%28n%E1%BB%81n%20t%E1%BA%A3ng%20OR%20c%C3%B4ng%20c%E1%BB%A5%29%20AND%20%28%5C%C4%91%C3%A1nh%20gi%C3%A1%20tu%C3%A2n%20th%E1%BB%A7%5C%22%20OR%20%5C%22%C4%91%C3%A1nh%20gi%C3%A1%20t%C3%A1c%20%C4%91%E1%BB%99ng%5C%22%29%20AND%20%28%5C%22AI%5C%22%20OR%20%5C%22tr%C3%AD%20tu%E1%BB%87%20nh%C3%A2n%20t%E1%BA%A1o%5C%22%29%22&page=1,UNSCREENED_CANDIDATE_LOCATOR_NOT_ACQUIRED
WHO-VNM,DQ-TOOL-02,1,https://www.who.int/vanuatu/home,https://www.who.int/vietnam/search?query=%28n%E1%BB%81n%20t%E1%BA%A3ng%20OR%20c%C3%B4ng%20c%E1%BB%A5%29%20AND%20%28%5C%C4%91%C3%A1nh%20gi%C3%A1%20tu%C3%A2n%20th%E1%BB%A7%5C%22%20OR%20%5C%22%C4%91%C3%A1nh%20gi%C3%A1%20t%C3%A1c%20%C4%91%E1%BB%99ng%5C%22%29%20AND%20%28%5C%22AI%5C%22%20OR%20%5C%22tr%C3%AD%20tu%E1%BB%87%20nh%C3%A2n%20t%E1%BA%A1o%5C%22%29%22&page=1,UNSCREENED_CANDIDATE_LOCATOR_NOT_ACQUIRED
WHO-VNM,DQ-TOOL-02,1,https://www.who.int/vietnam,https://www.who.int/vietnam/search?query=%28n%E1%BB%81n%20t%E1%BA%A3ng%20OR%20c%C3%B4ng%20c%E1%BB%A5%29%20AND%20%28%5C%C4%91%C3%A1nh%20gi%C3%A1%20tu%C3%A2n%20th%E1%BB%A7%5C%22%20OR%20%5C%22%C4%91%C3%A1nh%20gi%C3%A1%20t%C3%A1c%20%C4%91%E1%BB%99ng%5C%22%29%20AND%20%28%5C%22AI%5C%22%20OR%20%5C%22tr%C3%AD%20tu%E1%BB%87%20nh%C3%A2n%20t%E1%BA%A1o%5C%22%29%22&page=1,UNSCREENED_CANDIDATE_LOCATOR_NOT_ACQUIRED
WHO-VNM,DQ-TOOL-02,1,https://www.who.int/vietnam/,https://www.who.int/vietnam/search?query=%28n%E1%BB%81n%20t%E1%BA%A3ng%20OR%20c%C3%B4ng%20c%E1%BB%A5%29%20AND%20%28%5C%C4%91%C3%A1nh%20gi%C3%A1%20tu%C3%A2n%20th%E1%BB%A7%5C%22%20OR%20%5C%22%C4%91%C3%A1nh%20gi%C3%A1%20t%C3%A1c%20%C4%91%E1%BB%99ng%5C%22%29%20AND%20%28%5C%22AI%5C%22%20OR%20%5C%22tr%C3%AD%20tu%E1%BB%87%20nh%C3%A2n%20t%E1%BA%A1o%5C%22%29%22&page=1,UNSCREENED_CANDIDATE_LOCATOR_NOT_ACQUIRED
WHO-VNM,DQ-TOOL-02,1,https://www.who.int/vietnam/about,https://www.who.int/vietnam/search?query=%28n%E1%BB%81n%20t%E1%BA%A3ng%20OR%20c%C3%B4ng%20c%E1%BB%A5%29%20AND%20%28%5C%C4%91%C3%A1nh%20gi%C3%A1%20tu%C3%A2n%20th%E1%BB%A7%5C%22%20OR%20%5C%22%C4%91%C3%A1nh%20gi%C3%A1%20t%C3%A1c%20%C4%91%E1%BB%99ng%5C%22%29%20AND%20%28%5C%22AI%5C%22%20OR%20%5C%22tr%C3%AD%20tu%E1%BB%87%20nh%C3%A2n%20t%E1%BA%A1o%5C%22%29%22&page=1,UNSCREENED_CANDIDATE_LOCATOR_NOT_ACQUIRED
WHO-VNM,DQ-TOOL-02,1,https://www.who.int/vietnam/emergencies,https://www.who.int/vietnam/search?query=%28n%E1%BB%81n%20t%E1%BA%A3ng%20OR%20c%C3%B4ng%20c%E1%BB%A5%29%20AND%20%28%5C%C4%91%C3%A1nh%20gi%C3%A1%20tu%C3%A2n%20th%E1%BB%A7%5C%22%20OR%20%5C%22%C4%91%C3%A1nh%20gi%C3%A1%20t%C3%A1c%20%C4%91%E1%BB%99ng%5C%22%29%20AND%20%28%5C%22AI%5C%22%20OR%20%5C%22tr%C3%AD%20tu%E1%BB%87%20nh%C3%A2n%20t%E1%BA%A1o%5C%22%29%22&page=1,UNSCREENED_CANDIDATE_LOCATOR_NOT_ACQUIRED
WHO-VNM,DQ-TOOL-02,1,https://www.who.int/vietnam/footer/help,https://www.who.int/vietnam/search?query=%28n%E1%BB%81n%20t%E1%BA%A3ng%20OR%20c%C3%B4ng%20c%E1%BB%A5%29%20AND%20%28%5C%C4%91%C3%A1nh%20gi%C3%A1%20tu%C3%A2n%20th%E1%BB%A7%5C%22%20OR%20%5C%22%C4%91%C3%A1nh%20gi%C3%A1%20t%C3%A1c%20%C4%91%E1%BB%99ng%5C%22%29%20AND%20%28%5C%22AI%5C%22%20OR%20%5C%22tr%C3%AD%20tu%E1%BB%87%20nh%C3%A2n%20t%E1%BA%A1o%5C%22%29%22&page=1,UNSCREENED_CANDIDATE_LOCATOR_NOT_ACQUIRED
WHO-VNM,DQ-TOOL-02,1,https://www.who.int/vietnam/footer/help/contact-us,https://www.who.int/vietnam/search?query=%28n%E1%BB%81n%20t%E1%BA%A3ng%20OR%20c%C3%B4ng%20c%E1%BB%A5%29%20AND%20%28%5C%C4%91%C3%A1nh%20gi%C3%A1%20tu%C3%A2n%20th%E1%BB%A7%5C%22%20OR%20%5C%22%C4%91%C3%A1nh%20gi%C3%A1%20t%C3%A1c%20%C4%91%E1%BB%99ng%5C%22%29%20AND%20%28%5C%22AI%5C%22%20OR%20%5C%22tr%C3%AD%20tu%E1%BB%87%20nh%C3%A2n%20t%E1%BA%A1o%5C%22%29%22&page=1,UNSCREENED_CANDIDATE_LOCATOR_NOT_ACQUIRED
WHO-VNM,DQ-TOOL-02,1,https://www.who.int/vietnam/footer/help/cyber-security,https://www.who.int/vietnam/search?query=%28n%E1%BB%81n%20t%E1%BA%A3ng%20OR%20c%C3%B4ng%20c%E1%BB%A5%29%20AND%20%28%5C%C4%91%C3%A1nh%20gi%C3%A1%20tu%C3%A2n%20th%E1%BB%A7%5C%22%20OR%20%5C%22%C4%91%C3%A1nh%20gi%C3%A1%20t%C3%A1c%20%C4%91%E1%BB%99ng%5C%22%29%20AND%20%28%5C%22AI%5C%22%20OR%20%5C%22tr%C3%AD%20tu%E1%BB%87%20nh%C3%A2n%20t%E1%BA%A1o%5C%22%29%22&page=1,UNSCREENED_CANDIDATE_LOCATOR_NOT_ACQUIRED
WHO-VNM,DQ-TOOL-02,1,https://www.who.int/vietnam/footer/help/ethics,https://www.who.int/vietnam/search?query=%28n%E1%BB%81n%20t%E1%BA%A3ng%20OR%20c%C3%B4ng%20c%E1%BB%A5%29%20AND%20%28%5C%C4%91%C3%A1nh%20gi%C3%A1%20tu%C3%A2n%20th%E1%BB%A7%5C%22%20OR%20%5C%22%C4%91%C3%A1nh%20gi%C3%A1%20t%C3%A1c%20%C4%91%E1%BB%99ng%5C%22%29%20AND%20%28%5C%22AI%5C%22%20OR%20%5C%22tr%C3%AD%20tu%E1%BB%87%20nh%C3%A2n%20t%E1%BA%A1o%5C%22%29%22&page=1,UNSCREENED_CANDIDATE_LOCATOR_NOT_ACQUIRED
WHO-VNM,DQ-TOOL-02,1,https://www.who.int/vietnam/footer/quick-links,https://www.who.int/vietnam/search?query=%28n%E1%BB%81n%20t%E1%BA%A3ng%20OR%20c%C3%B4ng%20c%E1%BB%A5%29%20AND%20%28%5C%C4%91%C3%A1nh%20gi%C3%A1%20tu%C3%A2n%20th%E1%BB%A7%5C%22%20OR%20%5C%22%C4%91%C3%A1nh%20gi%C3%A1%20t%C3%A1c%20%C4%91%E1%BB%99ng%5C%22%29%20AND%20%28%5C%22AI%5C%22%20OR%20%5C%22tr%C3%AD%20tu%E1%BB%87%20nh%C3%A2n%20t%E1%BA%A1o%5C%22%29%22&page=1,UNSCREENED_CANDIDATE_LOCATOR_NOT_ACQUIRED
WHO-VNM,DQ-TOOL-02,1,https://www.who.int/vietnam/footer/quick-links/careers-in-who-viet-nam,https://www.who.int/vietnam/search?query=%28n%E1%BB%81n%20t%E1%BA%A3ng%20OR%20c%C3%B4ng%20c%E1%BB%A5%29%20AND%20%28%5C%C4%91%C3%A1nh%20gi%C3%A1%20tu%C3%A2n%20th%E1%BB%A7%5C%22%20OR%20%5C%22%C4%91%C3%A1nh%20gi%C3%A1%20t%C3%A1c%20%C4%91%E1%BB%99ng%5C%22%29%20AND%20%28%5C%22AI%5C%22%20OR%20%5C%22tr%C3%AD%20tu%E1%BB%87%20nh%C3%A2n%20t%E1%BA%A1o%5C%22%29%22&page=1,UNSCREENED_CANDIDATE_LOCATOR_NOT_ACQUIRED
WHO-VNM,DQ-TOOL-02,1,https://www.who.int/vietnam/footer/quick-links/newsroom,https://www.who.int/vietnam/search?query=%28n%E1%BB%81n%20t%E1%BA%A3ng%20OR%20c%C3%B4ng%20c%E1%BB%A5%29%20AND%20%28%5C%C4%91%C3%A1nh%20gi%C3%A1%20tu%C3%A2n%20th%E1%BB%A7%5C%22%20OR%20%5C%22%C4%91%C3%A1nh%20gi%C3%A1%20t%C3%A1c%20%C4%91%E1%BB%99ng%5C%22%29%20AND%20%28%5C%22AI%5C%22%20OR%20%5C%22tr%C3%AD%20tu%E1%BB%87%20nh%C3%A2n%20t%E1%BA%A1o%5C%22%29%22&page=1,UNSCREENED_CANDIDATE_LOCATOR_NOT_ACQUIRED
WHO-VNM,DQ-TOOL-02,1,https://www.who.int/vietnam/footer/quick-links/publications-and-information-resources,https://www.who.int/vietnam/search?query=%28n%E1%BB%81n%20t%E1%BA%A3ng%20OR%20c%C3%B4ng%20c%E1%BB%A5%29%20AND%20%28%5C%C4%91%C3%A1nh%20gi%C3%A1%20tu%C3%A2n%20th%E1%BB%A7%5C%22%20OR%20%5C%22%C4%91%C3%A1nh%20gi%C3%A1%20t%C3%A1c%20%C4%91%E1%BB%99ng%5C%22%29%20AND%20%28%5C%22AI%5C%22%20OR%20%5C%22tr%C3%AD%20tu%E1%BB%87%20nh%C3%A2n%20t%E1%BA%A1o%5C%22%29%22&page=1,UNSCREENED_CANDIDATE_LOCATOR_NOT_ACQUIRED
WHO-VNM,DQ-TOOL-02,1,https://www.who.int/vietnam/footer/regional-links,https://www.who.int/vietnam/search?query=%28n%E1%BB%81n%20t%E1%BA%A3ng%20OR%20c%C3%B4ng%20c%E1%BB%A5%29%20AND%20%28%5C%C4%91%C3%A1nh%20gi%C3%A1%20tu%C3%A2n%20th%E1%BB%A7%5C%22%20OR%20%5C%22%C4%91%C3%A1nh%20gi%C3%A1%20t%C3%A1c%20%C4%91%E1%BB%99ng%5C%22%29%20AND%20%28%5C%22AI%5C%22%20OR%20%5C%22tr%C3%AD%20tu%E1%BB%87%20nh%C3%A2n%20t%E1%BA%A1o%5C%22%29%22&page=1,UNSCREENED_CANDIDATE_LOCATOR_NOT_ACQUIRED
WHO-VNM,DQ-TOOL-02,1,https://www.who.int/vietnam/footer/regional-links/campaigns,https://www.who.int/vietnam/search?query=%28n%E1%BB%81n%20t%E1%BA%A3ng%20OR%20c%C3%B4ng%20c%E1%BB%A5%29%20AND%20%28%5C%C4%91%C3%A1nh%20gi%C3%A1%20tu%C3%A2n%20th%E1%BB%A7%5C%22%20OR%20%5C%22%C4%91%C3%A1nh%20gi%C3%A1%20t%C3%A1c%20%C4%91%E1%BB%99ng%5C%22%29%20AND%20%28%5C%22AI%5C%22%20OR%20%5C%22tr%C3%AD%20tu%E1%BB%87%20nh%C3%A2n%20t%E1%BA%A1o%5C%22%29%22&page=1,UNSCREENED_CANDIDATE_LOCATOR_NOT_ACQUIRED
WHO-VNM,DQ-TOOL-02,1,https://www.who.int/vietnam/footer/regional-links/careers,https://www.who.int/vietnam/search?query=%28n%E1%BB%81n%20t%E1%BA%A3ng%20OR%20c%C3%B4ng%20c%E1%BB%A5%29%20AND%20%28%5C%C4%91%C3%A1nh%20gi%C3%A1%20tu%C3%A2n%20th%E1%BB%A7%5C%22%20OR%20%5C%22%C4%91%C3%A1nh%20gi%C3%A1%20t%C3%A1c%20%C4%91%E1%BB%99ng%5C%22%29%20AND%20%28%5C%22AI%5C%22%20OR%20%5C%22tr%C3%AD%20tu%E1%BB%87%20nh%C3%A2n%20t%E1%BA%A1o%5C%22%29%22&page=1,UNSCREENED_CANDIDATE_LOCATOR_NOT_ACQUIRED
WHO-VNM,DQ-TOOL-02,1,https://www.who.int/vietnam/footer/regional-links/data,https://www.who.int/vietnam/search?query=%28n%E1%BB%81n%20t%E1%BA%A3ng%20OR%20c%C3%B4ng%20c%E1%BB%A5%29%20AND%20%28%5C%C4%91%C3%A1nh%20gi%C3%A1%20tu%C3%A2n%20th%E1%BB%A7%5C%22%20OR%20%5C%22%C4%91%C3%A1nh%20gi%C3%A1%20t%C3%A1c%20%C4%91%E1%BB%99ng%5C%22%29%20AND%20%28%5C%22AI%5C%22%20OR%20%5C%22tr%C3%AD%20tu%E1%BB%87%20nh%C3%A2n%20t%E1%BA%A1o%5C%22%29%22&page=1,UNSCREENED_CANDIDATE_LOCATOR_NOT_ACQUIRED
WHO-VNM,DQ-TOOL-02,1,https://www.who.int/vietnam/footer/regional-links/publications,https://www.who.int/vietnam/search?query=%28n%E1%BB%81n%20t%E1%BA%A3ng%20OR%20c%C3%B4ng%20c%E1%BB%A5%29%20AND%20%28%5C%C4%91%C3%A1nh%20gi%C3%A1%20tu%C3%A2n%20th%E1%BB%A7%5C%22%20OR%20%5C%22%C4%91%C3%A1nh%20gi%C3%A1%20t%C3%A1c%20%C4%91%E1%BB%99ng%5C%22%29%20AND%20%28%5C%22AI%5C%22%20OR%20%5C%22tr%C3%AD%20tu%E1%BB%87%20nh%C3%A2n%20t%E1%BA%A1o%5C%22%29%22&page=1,UNSCREENED_CANDIDATE_LOCATOR_NOT_ACQUIRED
WHO-VNM,DQ-TOOL-02,1,https://www.who.int/vietnam/health-topics,https://www.who.int/vietnam/search?query=%28n%E1%BB%81n%20t%E1%BA%A3ng%20OR%20c%C3%B4ng%20c%E1%BB%A5%29%20AND%20%28%5C%C4%91%C3%A1nh%20gi%C3%A1%20tu%C3%A2n%20th%E1%BB%A7%5C%22%20OR%20%5C%22%C4%91%C3%A1nh%20gi%C3%A1%20t%C3%A1c%20%C4%91%E1%BB%99ng%5C%22%29%20AND%20%28%5C%22AI%5C%22%20OR%20%5C%22tr%C3%AD%20tu%E1%BB%87%20nh%C3%A2n%20t%E1%BA%A1o%5C%22%29%22&page=1,UNSCREENED_CANDIDATE_LOCATOR_NOT_ACQUIRED
WHO-VNM,DQ-TOOL-02,1,https://www.who.int/vietnam/news,https://www.who.int/vietnam/search?query=%28n%E1%BB%81n%20t%E1%BA%A3ng%20OR%20c%C3%B4ng%20c%E1%BB%A5%29%20AND%20%28%5C%C4%91%C3%A1nh%20gi%C3%A1%20tu%C3%A2n%20th%E1%BB%A7%5C%22%20OR%20%5C%22%C4%91%C3%A1nh%20gi%C3%A1%20t%C3%A1c%20%C4%91%E1%BB%99ng%5C%22%29%20AND%20%28%5C%22AI%5C%22%20OR%20%5C%22tr%C3%AD%20tu%E1%BB%87%20nh%C3%A2n%20t%E1%BA%A1o%5C%22%29%22&page=1,UNSCREENED_CANDIDATE_LOCATOR_NOT_ACQUIRED
WHO-VNM,DQ-TOOL-02,1,https://www.who.int/vietnam/our-work,https://www.who.int/vietnam/search?query=%28n%E1%BB%81n%20t%E1%BA%A3ng%20OR%20c%C3%B4ng%20c%E1%BB%A5%29%20AND%20%28%5C%C4%91%C3%A1nh%20gi%C3%A1%20tu%C3%A2n%20th%E1%BB%A7%5C%22%20OR%20%5C%22%C4%91%C3%A1nh%20gi%C3%A1%20t%C3%A1c%20%C4%91%E1%BB%99ng%5C%22%29%20AND%20%28%5C%22AI%5C%22%20OR%20%5C%22tr%C3%AD%20tu%E1%BB%87%20nh%C3%A2n%20t%E1%BA%A1o%5C%22%29%22&page=1,UNSCREENED_CANDIDATE_LOCATOR_NOT_ACQUIRED
WHO-VNM,DQ-TOOL-02,1,https://www.who.int/vietnam/search?query=%28n%E1%BB%81n%20t%E1%BA%A3ng%20OR%20c%C3%B4ng%20c%E1%BB%A5%29%20AND%20%28%5C%C4%91%C3%A1nh%20gi%C3%A1%20tu%C3%A2n%20th%E1%BB%A7%5C%22%20OR%20%5C%22%C4%91%C3%A1nh%20gi%C3%A1%20t%C3%A1c%20%C4%91%E1%BB%99ng%5C%22%29%20AND%20%28%5C%22AI%5C%22%20OR%20%5C%22tr%C3%AD%20tu%E1%BB%87%20nh%C3%A2n%20t%E1%BA%A1o%5C%22%29%22&page=1,https://www.who.int/vietnam/search?query=%28n%E1%BB%81n%20t%E1%BA%A3ng%20OR%20c%C3%B4ng%20c%E1%BB%A5%29%20AND%20%28%5C%C4%91%C3%A1nh%20gi%C3%A1%20tu%C3%A2n%20th%E1%BB%A7%5C%22%20OR%20%5C%22%C4%91%C3%A1nh%20gi%C3%A1%20t%C3%A1c%20%C4%91%E1%BB%99ng%5C%22%29%20AND%20%28%5C%22AI%5C%22%20OR%20%5C%22tr%C3%AD%20tu%E1%BB%87%20nh%C3%A2n%20t%E1%BA%A1o%5C%22%29%22&page=1,UNSCREENED_CANDIDATE_LOCATOR_NOT_ACQUIRED
WHO-VNM,DQ-TOOL-02,1,https://www.who.int/wallisandfutuna/home,https://www.who.int/vietnam/search?query=%28n%E1%BB%81n%20t%E1%BA%A3ng%20OR%20c%C3%B4ng%20c%E1%BB%A5%29%20AND%20%28%5C%C4%91%C3%A1nh%20gi%C3%A1%20tu%C3%A2n%20th%E1%BB%A7%5C%22%20OR%20%5C%22%C4%91%C3%A1nh%20gi%C3%A1%20t%C3%A1c%20%C4%91%E1%BB%99ng%5C%22%29%20AND%20%28%5C%22AI%5C%22%20OR%20%5C%22tr%C3%AD%20tu%E1%BB%87%20nh%C3%A2n%20t%E1%BA%A1o%5C%22%29%22&page=1,UNSCREENED_CANDIDATE_LOCATOR_NOT_ACQUIRED
WHO-VNM,DQ-TOOL-02,1,https://www.who.int/westernpacific/,https://www.who.int/vietnam/search?query=%28n%E1%BB%81n%20t%E1%BA%A3ng%20OR%20c%C3%B4ng%20c%E1%BB%A5%29%20AND%20%28%5C%C4%91%C3%A1nh%20gi%C3%A1%20tu%C3%A2n%20th%E1%BB%A7%5C%22%20OR%20%5C%22%C4%91%C3%A1nh%20gi%C3%A1%20t%C3%A1c%20%C4%91%E1%BB%99ng%5C%22%29%20AND%20%28%5C%22AI%5C%22%20OR%20%5C%22tr%C3%AD%20tu%E1%BB%87%20nh%C3%A2n%20t%E1%BA%A1o%5C%22%29%22&page=1,UNSCREENED_CANDIDATE_LOCATOR_NOT_ACQUIRED
WHO-VNM,DQ-TOOL-02,2,https://www.who.int/vietnam/search?query=%28n%E1%BB%81n%20t%E1%BA%A3ng%20OR%20c%C3%B4ng%20c%E1%BB%A5%29%20AND%20%28%5C%C4%91%C3%A1nh%20gi%C3%A1%20tu%C3%A2n%20th%E1%BB%A7%5C%22%20OR%20%5C%22%C4%91%C3%A1nh%20gi%C3%A1%20t%C3%A1c%20%C4%91%E1%BB%99ng%5C%22%29%20AND%20%28%5C%22AI%5C%22%20OR%20%5C%22tr%C3%AD%20tu%E1%BB%87%20nh%C3%A2n%20t%E1%BA%A1o%5C%22%29%22&page=2,https://www.who.int/vietnam/search?query=%28n%E1%BB%81n%20t%E1%BA%A3ng%20OR%20c%C3%B4ng%20c%E1%BB%A5%29%20AND%20%28%5C%C4%91%C3%A1nh%20gi%C3%A1%20tu%C3%A2n%20th%E1%BB%A7%5C%22%20OR%20%5C%22%C4%91%C3%A1nh%20gi%C3%A1%20t%C3%A1c%20%C4%91%E1%BB%99ng%5C%22%29%20AND%20%28%5C%22AI%5C%22%20OR%20%5C%22tr%C3%AD%20tu%E1%BB%87%20nh%C3%A2n%20t%E1%BA%A1o%5C%22%29%22&page=2,UNSCREENED_CANDIDATE_LOCATOR_NOT_ACQUIRED
WHO-VNM,DQ-IMPL-04,1,https://www.who.int/,https://www.who.int/vietnam/search?query=%28%5Ctr%C3%AD%20tu%E1%BB%87%20nh%C3%A2n%20t%E1%BA%A1o%5C%22%20OR%20AI%29%20AND%20%28%5C%22theo%20d%C3%B5i%20sau%20tri%E1%BB%83n%20khai%5C%22%20OR%20h%E1%BA%ADu%20ki%E1%BB%83m%20OR%20%5C%22gi%C3%A1m%20s%C3%A1t%20sau%20tri%E1%BB%83n%20khai%5C%22%20OR%20%5C%22%C4%91%C3%A1nh%20gi%C3%A1%20hi%E1%BB%87u%20qu%E1%BA%A3%5C%22%29%20AND%20%28y%20t%E1%BA%BF%20OR%20b%E1%BB%87nh%20vi%E1%BB%87n%20OR%20%5C%22S%E1%BB%9F%20Y%20t%E1%BA%BF%5C%22%29%22&page=1,UNSCREENED_CANDIDATE_LOCATOR_NOT_ACQUIRED
WHO-VNM,DQ-IMPL-04,1,https://www.who.int/americansamoa/,https://www.who.int/vietnam/search?query=%28%5Ctr%C3%AD%20tu%E1%BB%87%20nh%C3%A2n%20t%E1%BA%A1o%5C%22%20OR%20AI%29%20AND%20%28%5C%22theo%20d%C3%B5i%20sau%20tri%E1%BB%83n%20khai%5C%22%20OR%20h%E1%BA%ADu%20ki%E1%BB%83m%20OR%20%5C%22gi%C3%A1m%20s%C3%A1t%20sau%20tri%E1%BB%83n%20khai%5C%22%20OR%20%5C%22%C4%91%C3%A1nh%20gi%C3%A1%20hi%E1%BB%87u%20qu%E1%BA%A3%5C%22%29%20AND%20%28y%20t%E1%BA%BF%20OR%20b%E1%BB%87nh%20vi%E1%BB%87n%20OR%20%5C%22S%E1%BB%9F%20Y%20t%E1%BA%BF%5C%22%29%22&page=1,UNSCREENED_CANDIDATE_LOCATOR_NOT_ACQUIRED
WHO-VNM,DQ-IMPL-04,1,https://www.who.int/australia/,https://www.who.int/vietnam/search?query=%28%5Ctr%C3%AD%20tu%E1%BB%87%20nh%C3%A2n%20t%E1%BA%A1o%5C%22%20OR%20AI%29%20AND%20%28%5C%22theo%20d%C3%B5i%20sau%20tri%E1%BB%83n%20khai%5C%22%20OR%20h%E1%BA%ADu%20ki%E1%BB%83m%20OR%20%5C%22gi%C3%A1m%20s%C3%A1t%20sau%20tri%E1%BB%83n%20khai%5C%22%20OR%20%5C%22%C4%91%C3%A1nh%20gi%C3%A1%20hi%E1%BB%87u%20qu%E1%BA%A3%5C%22%29%20AND%20%28y%20t%E1%BA%BF%20OR%20b%E1%BB%87nh%20vi%E1%BB%87n%20OR%20%5C%22S%E1%BB%9F%20Y%20t%E1%BA%BF%5C%22%29%22&page=1,UNSCREENED_CANDIDATE_LOCATOR_NOT_ACQUIRED
WHO-VNM,DQ-IMPL-04,1,https://www.who.int/brunei/,https://www.who.int/vietnam/search?query=%28%5Ctr%C3%AD%20tu%E1%BB%87%20nh%C3%A2n%20t%E1%BA%A1o%5C%22%20OR%20AI%29%20AND%20%28%5C%22theo%20d%C3%B5i%20sau%20tri%E1%BB%83n%20khai%5C%22%20OR%20h%E1%BA%ADu%20ki%E1%BB%83m%20OR%20%5C%22gi%C3%A1m%20s%C3%A1t%20sau%20tri%E1%BB%83n%20khai%5C%22%20OR%20%5C%22%C4%91%C3%A1nh%20gi%C3%A1%20hi%E1%BB%87u%20qu%E1%BA%A3%5C%22%29%20AND%20%28y%20t%E1%BA%BF%20OR%20b%E1%BB%87nh%20vi%E1%BB%87n%20OR%20%5C%22S%E1%BB%9F%20Y%20t%E1%BA%BF%5C%22%29%22&page=1,UNSCREENED_CANDIDATE_LOCATOR_NOT_ACQUIRED
WHO-VNM,DQ-IMPL-04,1,https://www.who.int/cambodia/,https://www.who.int/vietnam/search?query=%28%5Ctr%C3%AD%20tu%E1%BB%87%20nh%C3%A2n%20t%E1%BA%A1o%5C%22%20OR%20AI%29%20AND%20%28%5C%22theo%20d%C3%B5i%20sau%20tri%E1%BB%83n%20khai%5C%22%20OR%20h%E1%BA%ADu%20ki%E1%BB%83m%20OR%20%5C%22gi%C3%A1m%20s%C3%A1t%20sau%20tri%E1%BB%83n%20khai%5C%22%20OR%20%5C%22%C4%91%C3%A1nh%20gi%C3%A1%20hi%E1%BB%87u%20qu%E1%BA%A3%5C%22%29%20AND%20%28y%20t%E1%BA%BF%20OR%20b%E1%BB%87nh%20vi%E1%BB%87n%20OR%20%5C%22S%E1%BB%9F%20Y%20t%E1%BA%BF%5C%22%29%22&page=1,UNSCREENED_CANDIDATE_LOCATOR_NOT_ACQUIRED
WHO-VNM,DQ-IMPL-04,1,https://www.who.int/china/,https://www.who.int/vietnam/search?query=%28%5Ctr%C3%AD%20tu%E1%BB%87%20nh%C3%A2n%20t%E1%BA%A1o%5C%22%20OR%20AI%29%20AND%20%28%5C%22theo%20d%C3%B5i%20sau%20tri%E1%BB%83n%20khai%5C%22%20OR%20h%E1%BA%ADu%20ki%E1%BB%83m%20OR%20%5C%22gi%C3%A1m%20s%C3%A1t%20sau%20tri%E1%BB%83n%20khai%5C%22%20OR%20%5C%22%C4%91%C3%A1nh%20gi%C3%A1%20hi%E1%BB%87u%20qu%E1%BA%A3%5C%22%29%20AND%20%28y%20t%E1%BA%BF%20OR%20b%E1%BB%87nh%20vi%E1%BB%87n%20OR%20%5C%22S%E1%BB%9F%20Y%20t%E1%BA%BF%5C%22%29%22&page=1,UNSCREENED_CANDIDATE_LOCATOR_NOT_ACQUIRED
WHO-VNM,DQ-IMPL-04,1,https://www.who.int/cookislands/,https://www.who.int/vietnam/search?query=%28%5Ctr%C3%AD%20tu%E1%BB%87%20nh%C3%A2n%20t%E1%BA%A1o%5C%22%20OR%20AI%29%20AND%20%28%5C%22theo%20d%C3%B5i%20sau%20tri%E1%BB%83n%20khai%5C%22%20OR%20h%E1%BA%ADu%20ki%E1%BB%83m%20OR%20%5C%22gi%C3%A1m%20s%C3%A1t%20sau%20tri%E1%BB%83n%20khai%5C%22%20OR%20%5C%22%C4%91%C3%A1nh%20gi%C3%A1%20hi%E1%BB%87u%20qu%E1%BA%A3%5C%22%29%20AND%20%28y%20t%E1%BA%BF%20OR%20b%E1%BB%87nh%20vi%E1%BB%87n%20OR%20%5C%22S%E1%BB%9F%20Y%20t%E1%BA%BF%5C%22%29%22&page=1,UNSCREENED_CANDIDATE_LOCATOR_NOT_ACQUIRED
WHO-VNM,DQ-IMPL-04,1,https://www.who.int/europe/,https://www.who.int/vietnam/search?query=%28%5Ctr%C3%AD%20tu%E1%BB%87%20nh%C3%A2n%20t%E1%BA%A1o%5C%22%20OR%20AI%29%20AND%20%28%5C%22theo%20d%C3%B5i%20sau%20tri%E1%BB%83n%20khai%5C%22%20OR%20h%E1%BA%ADu%20ki%E1%BB%83m%20OR%20%5C%22gi%C3%A1m%20s%C3%A1t%20sau%20tri%E1%BB%83n%20khai%5C%22%20OR%20%5C%22%C4%91%C3%A1nh%20gi%C3%A1%20hi%E1%BB%87u%20qu%E1%BA%A3%5C%22%29%20AND%20%28y%20t%E1%BA%BF%20OR%20b%E1%BB%87nh%20vi%E1%BB%87n%20OR%20%5C%22S%E1%BB%9F%20Y%20t%E1%BA%BF%5C%22%29%22&page=1,UNSCREENED_CANDIDATE_LOCATOR_NOT_ACQUIRED
WHO-VNM,DQ-IMPL-04,1,https://www.who.int/fiji/,https://www.who.int/vietnam/search?query=%28%5Ctr%C3%AD%20tu%E1%BB%87%20nh%C3%A2n%20t%E1%BA%A1o%5C%22%20OR%20AI%29%20AND%20%28%5C%22theo%20d%C3%B5i%20sau%20tri%E1%BB%83n%20khai%5C%22%20OR%20h%E1%BA%ADu%20ki%E1%BB%83m%20OR%20%5C%22gi%C3%A1m%20s%C3%A1t%20sau%20tri%E1%BB%83n%20khai%5C%22%20OR%20%5C%22%C4%91%C3%A1nh%20gi%C3%A1%20hi%E1%BB%87u%20qu%E1%BA%A3%5C%22%29%20AND%20%28y%20t%E1%BA%BF%20OR%20b%E1%BB%87nh%20vi%E1%BB%87n%20OR%20%5C%22S%E1%BB%9F%20Y%20t%E1%BA%BF%5C%22%29%22&page=1,UNSCREENED_CANDIDATE_LOCATOR_NOT_ACQUIRED
WHO-VNM,DQ-IMPL-04,1,https://www.who.int/frenchpolynesia/,https://www.who.int/vietnam/search?query=%28%5Ctr%C3%AD%20tu%E1%BB%87%20nh%C3%A2n%20t%E1%BA%A1o%5C%22%20OR%20AI%29%20AND%20%28%5C%22theo%20d%C3%B5i%20sau%20tri%E1%BB%83n%20khai%5C%22%20OR%20h%E1%BA%ADu%20ki%E1%BB%83m%20OR%20%5C%22gi%C3%A1m%20s%C3%A1t%20sau%20tri%E1%BB%83n%20khai%5C%22%20OR%20%5C%22%C4%91%C3%A1nh%20gi%C3%A1%20hi%E1%BB%87u%20qu%E1%BA%A3%5C%22%29%20AND%20%28y%20t%E1%BA%BF%20OR%20b%E1%BB%87nh%20vi%E1%BB%87n%20OR%20%5C%22S%E1%BB%9F%20Y%20t%E1%BA%BF%5C%22%29%22&page=1,UNSCREENED_CANDIDATE_LOCATOR_NOT_ACQUIRED
WHO-VNM,DQ-IMPL-04,1,https://www.who.int/guam/,https://www.who.int/vietnam/search?query=%28%5Ctr%C3%AD%20tu%E1%BB%87%20nh%C3%A2n%20t%E1%BA%A1o%5C%22%20OR%20AI%29%20AND%20%28%5C%22theo%20d%C3%B5i%20sau%20tri%E1%BB%83n%20khai%5C%22%20OR%20h%E1%BA%ADu%20ki%E1%BB%83m%20OR%20%5C%22gi%C3%A1m%20s%C3%A1t%20sau%20tri%E1%BB%83n%20khai%5C%22%20OR%20%5C%22%C4%91%C3%A1nh%20gi%C3%A1%20hi%E1%BB%87u%20qu%E1%BA%A3%5C%22%29%20AND%20%28y%20t%E1%BA%BF%20OR%20b%E1%BB%87nh%20vi%E1%BB%87n%20OR%20%5C%22S%E1%BB%9F%20Y%20t%E1%BA%BF%5C%22%29%22&page=1,UNSCREENED_CANDIDATE_LOCATOR_NOT_ACQUIRED
WHO-VNM,DQ-IMPL-04,1,https://www.who.int/hongkongchina/,https://www.who.int/vietnam/search?query=%28%5Ctr%C3%AD%20tu%E1%BB%87%20nh%C3%A2n%20t%E1%BA%A1o%5C%22%20OR%20AI%29%20AND%20%28%5C%22theo%20d%C3%B5i%20sau%20tri%E1%BB%83n%20khai%5C%22%20OR%20h%E1%BA%ADu%20ki%E1%BB%83m%20OR%20%5C%22gi%C3%A1m%20s%C3%A1t%20sau%20tri%E1%BB%83n%20khai%5C%22%20OR%20%5C%22%C4%91%C3%A1nh%20gi%C3%A1%20hi%E1%BB%87u%20qu%E1%BA%A3%5C%22%29%20AND%20%28y%20t%E1%BA%BF%20OR%20b%E1%BB%87nh%20vi%E1%BB%87n%20OR%20%5C%22S%E1%BB%9F%20Y%20t%E1%BA%BF%5C%22%29%22&page=1,UNSCREENED_CANDIDATE_LOCATOR_NOT_ACQUIRED
WHO-VNM,DQ-IMPL-04,1,https://www.who.int/indonesia/,https://www.who.int/vietnam/search?query=%28%5Ctr%C3%AD%20tu%E1%BB%87%20nh%C3%A2n%20t%E1%BA%A1o%5C%22%20OR%20AI%29%20AND%20%28%5C%22theo%20d%C3%B5i%20sau%20tri%E1%BB%83n%20khai%5C%22%20OR%20h%E1%BA%ADu%20ki%E1%BB%83m%20OR%20%5C%22gi%C3%A1m%20s%C3%A1t%20sau%20tri%E1%BB%83n%20khai%5C%22%20OR%20%5C%22%C4%91%C3%A1nh%20gi%C3%A1%20hi%E1%BB%87u%20qu%E1%BA%A3%5C%22%29%20AND%20%28y%20t%E1%BA%BF%20OR%20b%E1%BB%87nh%20vi%E1%BB%87n%20OR%20%5C%22S%E1%BB%9F%20Y%20t%E1%BA%BF%5C%22%29%22&page=1,UNSCREENED_CANDIDATE_LOCATOR_NOT_ACQUIRED
WHO-VNM,DQ-IMPL-04,1,https://www.who.int/japan/,https://www.who.int/vietnam/search?query=%28%5Ctr%C3%AD%20tu%E1%BB%87%20nh%C3%A2n%20t%E1%BA%A1o%5C%22%20OR%20AI%29%20AND%20%28%5C%22theo%20d%C3%B5i%20sau%20tri%E1%BB%83n%20khai%5C%22%20OR%20h%E1%BA%ADu%20ki%E1%BB%83m%20OR%20%5C%22gi%C3%A1m%20s%C3%A1t%20sau%20tri%E1%BB%83n%20khai%5C%22%20OR%20%5C%22%C4%91%C3%A1nh%20gi%C3%A1%20hi%E1%BB%87u%20qu%E1%BA%A3%5C%22%29%20AND%20%28y%20t%E1%BA%BF%20OR%20b%E1%BB%87nh%20vi%E1%BB%87n%20OR%20%5C%22S%E1%BB%9F%20Y%20t%E1%BA%BF%5C%22%29%22&page=1,UNSCREENED_CANDIDATE_LOCATOR_NOT_ACQUIRED
WHO-VNM,DQ-IMPL-04,1,https://www.who.int/kiribati/,https://www.who.int/vietnam/search?query=%28%5Ctr%C3%AD%20tu%E1%BB%87%20nh%C3%A2n%20t%E1%BA%A1o%5C%22%20OR%20AI%29%20AND%20%28%5C%22theo%20d%C3%B5i%20sau%20tri%E1%BB%83n%20khai%5C%22%20OR%20h%E1%BA%ADu%20ki%E1%BB%83m%20OR%20%5C%22gi%C3%A1m%20s%C3%A1t%20sau%20tri%E1%BB%83n%20khai%5C%22%20OR%20%5C%22%C4%91%C3%A1nh%20gi%C3%A1%20hi%E1%BB%87u%20qu%E1%BA%A3%5C%22%29%20AND%20%28y%20t%E1%BA%BF%20OR%20b%E1%BB%87nh%20vi%E1%BB%87n%20OR%20%5C%22S%E1%BB%9F%20Y%20t%E1%BA%BF%5C%22%29%22&page=1,UNSCREENED_CANDIDATE_LOCATOR_NOT_ACQUIRED
WHO-VNM,DQ-IMPL-04,1,https://www.who.int/laos/,https://www.who.int/vietnam/search?query=%28%5Ctr%C3%AD%20tu%E1%BB%87%20nh%C3%A2n%20t%E1%BA%A1o%5C%22%20OR%20AI%29%20AND%20%28%5C%22theo%20d%C3%B5i%20sau%20tri%E1%BB%83n%20khai%5C%22%20OR%20h%E1%BA%ADu%20ki%E1%BB%83m%20OR%20%5C%22gi%C3%A1m%20s%C3%A1t%20sau%20tri%E1%BB%83n%20khai%5C%22%20OR%20%5C%22%C4%91%C3%A1nh%20gi%C3%A1%20hi%E1%BB%87u%20qu%E1%BA%A3%5C%22%29%20AND%20%28y%20t%E1%BA%BF%20OR%20b%E1%BB%87nh%20vi%E1%BB%87n%20OR%20%5C%22S%E1%BB%9F%20Y%20t%E1%BA%BF%5C%22%29%22&page=1,UNSCREENED_CANDIDATE_LOCATOR_NOT_ACQUIRED
WHO-VNM,DQ-IMPL-04,1,https://www.who.int/macaochina/,https://www.who.int/vietnam/search?query=%28%5Ctr%C3%AD%20tu%E1%BB%87%20nh%C3%A2n%20t%E1%BA%A1o%5C%22%20OR%20AI%29%20AND%20%28%5C%22theo%20d%C3%B5i%20sau%20tri%E1%BB%83n%20khai%5C%22%20OR%20h%E1%BA%ADu%20ki%E1%BB%83m%20OR%20%5C%22gi%C3%A1m%20s%C3%A1t%20sau%20tri%E1%BB%83n%20khai%5C%22%20OR%20%5C%22%C4%91%C3%A1nh%20gi%C3%A1%20hi%E1%BB%87u%20qu%E1%BA%A3%5C%22%29%20AND%20%28y%20t%E1%BA%BF%20OR%20b%E1%BB%87nh%20vi%E1%BB%87n%20OR%20%5C%22S%E1%BB%9F%20Y%20t%E1%BA%BF%5C%22%29%22&page=1,UNSCREENED_CANDIDATE_LOCATOR_NOT_ACQUIRED
WHO-VNM,DQ-IMPL-04,1,https://www.who.int/malaysia/,https://www.who.int/vietnam/search?query=%28%5Ctr%C3%AD%20tu%E1%BB%87%20nh%C3%A2n%20t%E1%BA%A1o%5C%22%20OR%20AI%29%20AND%20%28%5C%22theo%20d%C3%B5i%20sau%20tri%E1%BB%83n%20khai%5C%22%20OR%20h%E1%BA%ADu%20ki%E1%BB%83m%20OR%20%5C%22gi%C3%A1m%20s%C3%A1t%20sau%20tri%E1%BB%83n%20khai%5C%22%20OR%20%5C%22%C4%91%C3%A1nh%20gi%C3%A1%20hi%E1%BB%87u%20qu%E1%BA%A3%5C%22%29%20AND%20%28y%20t%E1%BA%BF%20OR%20b%E1%BB%87nh%20vi%E1%BB%87n%20OR%20%5C%22S%E1%BB%9F%20Y%20t%E1%BA%BF%5C%22%29%22&page=1,UNSCREENED_CANDIDATE_LOCATOR_NOT_ACQUIRED
WHO-VNM,DQ-IMPL-04,1,https://www.who.int/marshallislands/,https://www.who.int/vietnam/search?query=%28%5Ctr%C3%AD%20tu%E1%BB%87%20nh%C3%A2n%20t%E1%BA%A1o%5C%22%20OR%20AI%29%20AND%20%28%5C%22theo%20d%C3%B5i%20sau%20tri%E1%BB%83n%20khai%5C%22%20OR%20h%E1%BA%ADu%20ki%E1%BB%83m%20OR%20%5C%22gi%C3%A1m%20s%C3%A1t%20sau%20tri%E1%BB%83n%20khai%5C%22%20OR%20%5C%22%C4%91%C3%A1nh%20gi%C3%A1%20hi%E1%BB%87u%20qu%E1%BA%A3%5C%22%29%20AND%20%28y%20t%E1%BA%BF%20OR%20b%E1%BB%87nh%20vi%E1%BB%87n%20OR%20%5C%22S%E1%BB%9F%20Y%20t%E1%BA%BF%5C%22%29%22&page=1,UNSCREENED_CANDIDATE_LOCATOR_NOT_ACQUIRED
WHO-VNM,DQ-IMPL-04,1,https://www.who.int/micronesia/,https://www.who.int/vietnam/search?query=%28%5Ctr%C3%AD%20tu%E1%BB%87%20nh%C3%A2n%20t%E1%BA%A1o%5C%22%20OR%20AI%29%20AND%20%28%5C%22theo%20d%C3%B5i%20sau%20tri%E1%BB%83n%20khai%5C%22%20OR%20h%E1%BA%ADu%20ki%E1%BB%83m%20OR%20%5C%22gi%C3%A1m%20s%C3%A1t%20sau%20tri%E1%BB%83n%20khai%5C%22%20OR%20%5C%22%C4%91%C3%A1nh%20gi%C3%A1%20hi%E1%BB%87u%20qu%E1%BA%A3%5C%22%29%20AND%20%28y%20t%E1%BA%BF%20OR%20b%E1%BB%87nh%20vi%E1%BB%87n%20OR%20%5C%22S%E1%BB%9F%20Y%20t%E1%BA%BF%5C%22%29%22&page=1,UNSCREENED_CANDIDATE_LOCATOR_NOT_ACQUIRED
WHO-VNM,DQ-IMPL-04,1,https://www.who.int/mongolia/,https://www.who.int/vietnam/search?query=%28%5Ctr%C3%AD%20tu%E1%BB%87%20nh%C3%A2n%20t%E1%BA%A1o%5C%22%20OR%20AI%29%20AND%20%28%5C%22theo%20d%C3%B5i%20sau%20tri%E1%BB%83n%20khai%5C%22%20OR%20h%E1%BA%ADu%20ki%E1%BB%83m%20OR%20%5C%22gi%C3%A1m%20s%C3%A1t%20sau%20tri%E1%BB%83n%20khai%5C%22%20OR%20%5C%22%C4%91%C3%A1nh%20gi%C3%A1%20hi%E1%BB%87u%20qu%E1%BA%A3%5C%22%29%20AND%20%28y%20t%E1%BA%BF%20OR%20b%E1%BB%87nh%20vi%E1%BB%87n%20OR%20%5C%22S%E1%BB%9F%20Y%20t%E1%BA%BF%5C%22%29%22&page=1,UNSCREENED_CANDIDATE_LOCATOR_NOT_ACQUIRED
WHO-VNM,DQ-IMPL-04,1,https://www.who.int/nauru/,https://www.who.int/vietnam/search?query=%28%5Ctr%C3%AD%20tu%E1%BB%87%20nh%C3%A2n%20t%E1%BA%A1o%5C%22%20OR%20AI%29%20AND%20%28%5C%22theo%20d%C3%B5i%20sau%20tri%E1%BB%83n%20khai%5C%22%20OR%20h%E1%BA%ADu%20ki%E1%BB%83m%20OR%20%5C%22gi%C3%A1m%20s%C3%A1t%20sau%20tri%E1%BB%83n%20khai%5C%22%20OR%20%5C%22%C4%91%C3%A1nh%20gi%C3%A1%20hi%E1%BB%87u%20qu%E1%BA%A3%5C%22%29%20AND%20%28y%20t%E1%BA%BF%20OR%20b%E1%BB%87nh%20vi%E1%BB%87n%20OR%20%5C%22S%E1%BB%9F%20Y%20t%E1%BA%BF%5C%22%29%22&page=1,UNSCREENED_CANDIDATE_LOCATOR_NOT_ACQUIRED
WHO-VNM,DQ-IMPL-04,1,https://www.who.int/newcaledonia/,https://www.who.int/vietnam/search?query=%28%5Ctr%C3%AD%20tu%E1%BB%87%20nh%C3%A2n%20t%E1%BA%A1o%5C%22%20OR%20AI%29%20AND%20%28%5C%22theo%20d%C3%B5i%20sau%20tri%E1%BB%83n%20khai%5C%22%20OR%20h%E1%BA%ADu%20ki%E1%BB%83m%20OR%20%5C%22gi%C3%A1m%20s%C3%A1t%20sau%20tri%E1%BB%83n%20khai%5C%22%20OR%20%5C%22%C4%91%C3%A1nh%20gi%C3%A1%20hi%E1%BB%87u%20qu%E1%BA%A3%5C%22%29%20AND%20%28y%20t%E1%BA%BF%20OR%20b%E1%BB%87nh%20vi%E1%BB%87n%20OR%20%5C%22S%E1%BB%9F%20Y%20t%E1%BA%BF%5C%22%29%22&page=1,UNSCREENED_CANDIDATE_LOCATOR_NOT_ACQUIRED
WHO-VNM,DQ-IMPL-04,1,https://www.who.int/newzealand/,https://www.who.int/vietnam/search?query=%28%5Ctr%C3%AD%20tu%E1%BB%87%20nh%C3%A2n%20t%E1%BA%A1o%5C%22%20OR%20AI%29%20AND%20%28%5C%22theo%20d%C3%B5i%20sau%20tri%E1%BB%83n%20khai%5C%22%20OR%20h%E1%BA%ADu%20ki%E1%BB%83m%20OR%20%5C%22gi%C3%A1m%20s%C3%A1t%20sau%20tri%E1%BB%83n%20khai%5C%22%20OR%20%5C%22%C4%91%C3%A1nh%20gi%C3%A1%20hi%E1%BB%87u%20qu%E1%BA%A3%5C%22%29%20AND%20%28y%20t%E1%BA%BF%20OR%20b%E1%BB%87nh%20vi%E1%BB%87n%20OR%20%5C%22S%E1%BB%9F%20Y%20t%E1%BA%BF%5C%22%29%22&page=1,UNSCREENED_CANDIDATE_LOCATOR_NOT_ACQUIRED
WHO-VNM,DQ-IMPL-04,1,https://www.who.int/niue/,https://www.who.int/vietnam/search?query=%28%5Ctr%C3%AD%20tu%E1%BB%87%20nh%C3%A2n%20t%E1%BA%A1o%5C%22%20OR%20AI%29%20AND%20%28%5C%22theo%20d%C3%B5i%20sau%20tri%E1%BB%83n%20khai%5C%22%20OR%20h%E1%BA%ADu%20ki%E1%BB%83m%20OR%20%5C%22gi%C3%A1m%20s%C3%A1t%20sau%20tri%E1%BB%83n%20khai%5C%22%20OR%20%5C%22%C4%91%C3%A1nh%20gi%C3%A1%20hi%E1%BB%87u%20qu%E1%BA%A3%5C%22%29%20AND%20%28y%20t%E1%BA%BF%20OR%20b%E1%BB%87nh%20vi%E1%BB%87n%20OR%20%5C%22S%E1%BB%9F%20Y%20t%E1%BA%BF%5C%22%29%22&page=1,UNSCREENED_CANDIDATE_LOCATOR_NOT_ACQUIRED
WHO-VNM,DQ-IMPL-04,1,https://www.who.int/northernmarianaislands/,https://www.who.int/vietnam/search?query=%28%5Ctr%C3%AD%20tu%E1%BB%87%20nh%C3%A2n%20t%E1%BA%A1o%5C%22%20OR%20AI%29%20AND%20%28%5C%22theo%20d%C3%B5i%20sau%20tri%E1%BB%83n%20khai%5C%22%20OR%20h%E1%BA%ADu%20ki%E1%BB%83m%20OR%20%5C%22gi%C3%A1m%20s%C3%A1t%20sau%20tri%E1%BB%83n%20khai%5C%22%20OR%20%5C%22%C4%91%C3%A1nh%20gi%C3%A1%20hi%E1%BB%87u%20qu%E1%BA%A3%5C%22%29%20AND%20%28y%20t%E1%BA%BF%20OR%20b%E1%BB%87nh%20vi%E1%BB%87n%20OR%20%5C%22S%E1%BB%9F%20Y%20t%E1%BA%BF%5C%22%29%22&page=1,UNSCREENED_CANDIDATE_LOCATOR_NOT_ACQUIRED
WHO-VNM,DQ-IMPL-04,1,https://www.who.int/palau/,https://www.who.int/vietnam/search?query=%28%5Ctr%C3%AD%20tu%E1%BB%87%20nh%C3%A2n%20t%E1%BA%A1o%5C%22%20OR%20AI%29%20AND%20%28%5C%22theo%20d%C3%B5i%20sau%20tri%E1%BB%83n%20khai%5C%22%20OR%20h%E1%BA%ADu%20ki%E1%BB%83m%20OR%20%5C%22gi%C3%A1m%20s%C3%A1t%20sau%20tri%E1%BB%83n%20khai%5C%22%20OR%20%5C%22%C4%91%C3%A1nh%20gi%C3%A1%20hi%E1%BB%87u%20qu%E1%BA%A3%5C%22%29%20AND%20%28y%20t%E1%BA%BF%20OR%20b%E1%BB%87nh%20vi%E1%BB%87n%20OR%20%5C%22S%E1%BB%9F%20Y%20t%E1%BA%BF%5C%22%29%22&page=1,UNSCREENED_CANDIDATE_LOCATOR_NOT_ACQUIRED
WHO-VNM,DQ-IMPL-04,1,https://www.who.int/papuanewguinea/,https://www.who.int/vietnam/search?query=%28%5Ctr%C3%AD%20tu%E1%BB%87%20nh%C3%A2n%20t%E1%BA%A1o%5C%22%20OR%20AI%29%20AND%20%28%5C%22theo%20d%C3%B5i%20sau%20tri%E1%BB%83n%20khai%5C%22%20OR%20h%E1%BA%ADu%20ki%E1%BB%83m%20OR%20%5C%22gi%C3%A1m%20s%C3%A1t%20sau%20tri%E1%BB%83n%20khai%5C%22%20OR%20%5C%22%C4%91%C3%A1nh%20gi%C3%A1%20hi%E1%BB%87u%20qu%E1%BA%A3%5C%22%29%20AND%20%28y%20t%E1%BA%BF%20OR%20b%E1%BB%87nh%20vi%E1%BB%87n%20OR%20%5C%22S%E1%BB%9F%20Y%20t%E1%BA%BF%5C%22%29%22&page=1,UNSCREENED_CANDIDATE_LOCATOR_NOT_ACQUIRED
WHO-VNM,DQ-IMPL-04,1,https://www.who.int/philippines/,https://www.who.int/vietnam/search?query=%28%5Ctr%C3%AD%20tu%E1%BB%87%20nh%C3%A2n%20t%E1%BA%A1o%5C%22%20OR%20AI%29%20AND%20%28%5C%22theo%20d%C3%B5i%20sau%20tri%E1%BB%83n%20khai%5C%22%20OR%20h%E1%BA%ADu%20ki%E1%BB%83m%20OR%20%5C%22gi%C3%A1m%20s%C3%A1t%20sau%20tri%E1%BB%83n%20khai%5C%22%20OR%20%5C%22%C4%91%C3%A1nh%20gi%C3%A1%20hi%E1%BB%87u%20qu%E1%BA%A3%5C%22%29%20AND%20%28y%20t%E1%BA%BF%20OR%20b%E1%BB%87nh%20vi%E1%BB%87n%20OR%20%5C%22S%E1%BB%9F%20Y%20t%E1%BA%BF%5C%22%29%22&page=1,UNSCREENED_CANDIDATE_LOCATOR_NOT_ACQUIRED
WHO-VNM,DQ-IMPL-04,1,https://www.who.int/pitcairnislands/,https://www.who.int/vietnam/search?query=%28%5Ctr%C3%AD%20tu%E1%BB%87%20nh%C3%A2n%20t%E1%BA%A1o%5C%22%20OR%20AI%29%20AND%20%28%5C%22theo%20d%C3%B5i%20sau%20tri%E1%BB%83n%20khai%5C%22%20OR%20h%E1%BA%ADu%20ki%E1%BB%83m%20OR%20%5C%22gi%C3%A1m%20s%C3%A1t%20sau%20tri%E1%BB%83n%20khai%5C%22%20OR%20%5C%22%C4%91%C3%A1nh%20gi%C3%A1%20hi%E1%BB%87u%20qu%E1%BA%A3%5C%22%29%20AND%20%28y%20t%E1%BA%BF%20OR%20b%E1%BB%87nh%20vi%E1%BB%87n%20OR%20%5C%22S%E1%BB%9F%20Y%20t%E1%BA%BF%5C%22%29%22&page=1,UNSCREENED_CANDIDATE_LOCATOR_NOT_ACQUIRED
WHO-VNM,DQ-IMPL-04,1,https://www.who.int/republicofkorea/,https://www.who.int/vietnam/search?query=%28%5Ctr%C3%AD%20tu%E1%BB%87%20nh%C3%A2n%20t%E1%BA%A1o%5C%22%20OR%20AI%29%20AND%20%28%5C%22theo%20d%C3%B5i%20sau%20tri%E1%BB%83n%20khai%5C%22%20OR%20h%E1%BA%ADu%20ki%E1%BB%83m%20OR%20%5C%22gi%C3%A1m%20s%C3%A1t%20sau%20tri%E1%BB%83n%20khai%5C%22%20OR%20%5C%22%C4%91%C3%A1nh%20gi%C3%A1%20hi%E1%BB%87u%20qu%E1%BA%A3%5C%22%29%20AND%20%28y%20t%E1%BA%BF%20OR%20b%E1%BB%87nh%20vi%E1%BB%87n%20OR%20%5C%22S%E1%BB%9F%20Y%20t%E1%BA%BF%5C%22%29%22&page=1,UNSCREENED_CANDIDATE_LOCATOR_NOT_ACQUIRED
WHO-VNM,DQ-IMPL-04,1,https://www.who.int/samoa/,https://www.who.int/vietnam/search?query=%28%5Ctr%C3%AD%20tu%E1%BB%87%20nh%C3%A2n%20t%E1%BA%A1o%5C%22%20OR%20AI%29%20AND%20%28%5C%22theo%20d%C3%B5i%20sau%20tri%E1%BB%83n%20khai%5C%22%20OR%20h%E1%BA%ADu%20ki%E1%BB%83m%20OR%20%5C%22gi%C3%A1m%20s%C3%A1t%20sau%20tri%E1%BB%83n%20khai%5C%22%20OR%20%5C%22%C4%91%C3%A1nh%20gi%C3%A1%20hi%E1%BB%87u%20qu%E1%BA%A3%5C%22%29%20AND%20%28y%20t%E1%BA%BF%20OR%20b%E1%BB%87nh%20vi%E1%BB%87n%20OR%20%5C%22S%E1%BB%9F%20Y%20t%E1%BA%BF%5C%22%29%22&page=1,UNSCREENED_CANDIDATE_LOCATOR_NOT_ACQUIRED
WHO-VNM,DQ-IMPL-04,1,https://www.who.int/singapore/,https://www.who.int/vietnam/search?query=%28%5Ctr%C3%AD%20tu%E1%BB%87%20nh%C3%A2n%20t%E1%BA%A1o%5C%22%20OR%20AI%29%20AND%20%28%5C%22theo%20d%C3%B5i%20sau%20tri%E1%BB%83n%20khai%5C%22%20OR%20h%E1%BA%ADu%20ki%E1%BB%83m%20OR%20%5C%22gi%C3%A1m%20s%C3%A1t%20sau%20tri%E1%BB%83n%20khai%5C%22%20OR%20%5C%22%C4%91%C3%A1nh%20gi%C3%A1%20hi%E1%BB%87u%20qu%E1%BA%A3%5C%22%29%20AND%20%28y%20t%E1%BA%BF%20OR%20b%E1%BB%87nh%20vi%E1%BB%87n%20OR%20%5C%22S%E1%BB%9F%20Y%20t%E1%BA%BF%5C%22%29%22&page=1,UNSCREENED_CANDIDATE_LOCATOR_NOT_ACQUIRED
WHO-VNM,DQ-IMPL-04,1,https://www.who.int/solomonislands/home,https://www.who.int/vietnam/search?query=%28%5Ctr%C3%AD%20tu%E1%BB%87%20nh%C3%A2n%20t%E1%BA%A1o%5C%22%20OR%20AI%29%20AND%20%28%5C%22theo%20d%C3%B5i%20sau%20tri%E1%BB%83n%20khai%5C%22%20OR%20h%E1%BA%ADu%20ki%E1%BB%83m%20OR%20%5C%22gi%C3%A1m%20s%C3%A1t%20sau%20tri%E1%BB%83n%20khai%5C%22%20OR%20%5C%22%C4%91%C3%A1nh%20gi%C3%A1%20hi%E1%BB%87u%20qu%E1%BA%A3%5C%22%29%20AND%20%28y%20t%E1%BA%BF%20OR%20b%E1%BB%87nh%20vi%E1%BB%87n%20OR%20%5C%22S%E1%BB%9F%20Y%20t%E1%BA%BF%5C%22%29%22&page=1,UNSCREENED_CANDIDATE_LOCATOR_NOT_ACQUIRED
WHO-VNM,DQ-IMPL-04,1,https://www.who.int/southeastasia,https://www.who.int/vietnam/search?query=%28%5Ctr%C3%AD%20tu%E1%BB%87%20nh%C3%A2n%20t%E1%BA%A1o%5C%22%20OR%20AI%29%20AND%20%28%5C%22theo%20d%C3%B5i%20sau%20tri%E1%BB%83n%20khai%5C%22%20OR%20h%E1%BA%ADu%20ki%E1%BB%83m%20OR%20%5C%22gi%C3%A1m%20s%C3%A1t%20sau%20tri%E1%BB%83n%20khai%5C%22%20OR%20%5C%22%C4%91%C3%A1nh%20gi%C3%A1%20hi%E1%BB%87u%20qu%E1%BA%A3%5C%22%29%20AND%20%28y%20t%E1%BA%BF%20OR%20b%E1%BB%87nh%20vi%E1%BB%87n%20OR%20%5C%22S%E1%BB%9F%20Y%20t%E1%BA%BF%5C%22%29%22&page=1,UNSCREENED_CANDIDATE_LOCATOR_NOT_ACQUIRED
WHO-VNM,DQ-IMPL-04,1,https://www.who.int/tokelau/home,https://www.who.int/vietnam/search?query=%28%5Ctr%C3%AD%20tu%E1%BB%87%20nh%C3%A2n%20t%E1%BA%A1o%5C%22%20OR%20AI%29%20AND%20%28%5C%22theo%20d%C3%B5i%20sau%20tri%E1%BB%83n%20khai%5C%22%20OR%20h%E1%BA%ADu%20ki%E1%BB%83m%20OR%20%5C%22gi%C3%A1m%20s%C3%A1t%20sau%20tri%E1%BB%83n%20khai%5C%22%20OR%20%5C%22%C4%91%C3%A1nh%20gi%C3%A1%20hi%E1%BB%87u%20qu%E1%BA%A3%5C%22%29%20AND%20%28y%20t%E1%BA%BF%20OR%20b%E1%BB%87nh%20vi%E1%BB%87n%20OR%20%5C%22S%E1%BB%9F%20Y%20t%E1%BA%BF%5C%22%29%22&page=1,UNSCREENED_CANDIDATE_LOCATOR_NOT_ACQUIRED
WHO-VNM,DQ-IMPL-04,1,https://www.who.int/tonga/home,https://www.who.int/vietnam/search?query=%28%5Ctr%C3%AD%20tu%E1%BB%87%20nh%C3%A2n%20t%E1%BA%A1o%5C%22%20OR%20AI%29%20AND%20%28%5C%22theo%20d%C3%B5i%20sau%20tri%E1%BB%83n%20khai%5C%22%20OR%20h%E1%BA%ADu%20ki%E1%BB%83m%20OR%20%5C%22gi%C3%A1m%20s%C3%A1t%20sau%20tri%E1%BB%83n%20khai%5C%22%20OR%20%5C%22%C4%91%C3%A1nh%20gi%C3%A1%20hi%E1%BB%87u%20qu%E1%BA%A3%5C%22%29%20AND%20%28y%20t%E1%BA%BF%20OR%20b%E1%BB%87nh%20vi%E1%BB%87n%20OR%20%5C%22S%E1%BB%9F%20Y%20t%E1%BA%BF%5C%22%29%22&page=1,UNSCREENED_CANDIDATE_LOCATOR_NOT_ACQUIRED
WHO-VNM,DQ-IMPL-04,1,https://www.who.int/tuvalu/home,https://www.who.int/vietnam/search?query=%28%5Ctr%C3%AD%20tu%E1%BB%87%20nh%C3%A2n%20t%E1%BA%A1o%5C%22%20OR%20AI%29%20AND%20%28%5C%22theo%20d%C3%B5i%20sau%20tri%E1%BB%83n%20khai%5C%22%20OR%20h%E1%BA%ADu%20ki%E1%BB%83m%20OR%20%5C%22gi%C3%A1m%20s%C3%A1t%20sau%20tri%E1%BB%83n%20khai%5C%22%20OR%20%5C%22%C4%91%C3%A1nh%20gi%C3%A1%20hi%E1%BB%87u%20qu%E1%BA%A3%5C%22%29%20AND%20%28y%20t%E1%BA%BF%20OR%20b%E1%BB%87nh%20vi%E1%BB%87n%20OR%20%5C%22S%E1%BB%9F%20Y%20t%E1%BA%BF%5C%22%29%22&page=1,UNSCREENED_CANDIDATE_LOCATOR_NOT_ACQUIRED
WHO-VNM,DQ-IMPL-04,1,https://www.who.int/vanuatu/home,https://www.who.int/vietnam/search?query=%28%5Ctr%C3%AD%20tu%E1%BB%87%20nh%C3%A2n%20t%E1%BA%A1o%5C%22%20OR%20AI%29%20AND%20%28%5C%22theo%20d%C3%B5i%20sau%20tri%E1%BB%83n%20khai%5C%22%20OR%20h%E1%BA%ADu%20ki%E1%BB%83m%20OR%20%5C%22gi%C3%A1m%20s%C3%A1t%20sau%20tri%E1%BB%83n%20khai%5C%22%20OR%20%5C%22%C4%91%C3%A1nh%20gi%C3%A1%20hi%E1%BB%87u%20qu%E1%BA%A3%5C%22%29%20AND%20%28y%20t%E1%BA%BF%20OR%20b%E1%BB%87nh%20vi%E1%BB%87n%20OR%20%5C%22S%E1%BB%9F%20Y%20t%E1%BA%BF%5C%22%29%22&page=1,UNSCREENED_CANDIDATE_LOCATOR_NOT_ACQUIRED
WHO-VNM,DQ-IMPL-04,1,https://www.who.int/vietnam,https://www.who.int/vietnam/search?query=%28%5Ctr%C3%AD%20tu%E1%BB%87%20nh%C3%A2n%20t%E1%BA%A1o%5C%22%20OR%20AI%29%20AND%20%28%5C%22theo%20d%C3%B5i%20sau%20tri%E1%BB%83n%20khai%5C%22%20OR%20h%E1%BA%ADu%20ki%E1%BB%83m%20OR%20%5C%22gi%C3%A1m%20s%C3%A1t%20sau%20tri%E1%BB%83n%20khai%5C%22%20OR%20%5C%22%C4%91%C3%A1nh%20gi%C3%A1%20hi%E1%BB%87u%20qu%E1%BA%A3%5C%22%29%20AND%20%28y%20t%E1%BA%BF%20OR%20b%E1%BB%87nh%20vi%E1%BB%87n%20OR%20%5C%22S%E1%BB%9F%20Y%20t%E1%BA%BF%5C%22%29%22&page=1,UNSCREENED_CANDIDATE_LOCATOR_NOT_ACQUIRED
WHO-VNM,DQ-IMPL-04,1,https://www.who.int/vietnam/,https://www.who.int/vietnam/search?query=%28%5Ctr%C3%AD%20tu%E1%BB%87%20nh%C3%A2n%20t%E1%BA%A1o%5C%22%20OR%20AI%29%20AND%20%28%5C%22theo%20d%C3%B5i%20sau%20tri%E1%BB%83n%20khai%5C%22%20OR%20h%E1%BA%ADu%20ki%E1%BB%83m%20OR%20%5C%22gi%C3%A1m%20s%C3%A1t%20sau%20tri%E1%BB%83n%20khai%5C%22%20OR%20%5C%22%C4%91%C3%A1nh%20gi%C3%A1%20hi%E1%BB%87u%20qu%E1%BA%A3%5C%22%29%20AND%20%28y%20t%E1%BA%BF%20OR%20b%E1%BB%87nh%20vi%E1%BB%87n%20OR%20%5C%22S%E1%BB%9F%20Y%20t%E1%BA%BF%5C%22%29%22&page=1,UNSCREENED_CANDIDATE_LOCATOR_NOT_ACQUIRED
WHO-VNM,DQ-IMPL-04,1,https://www.who.int/vietnam/about,https://www.who.int/vietnam/search?query=%28%5Ctr%C3%AD%20tu%E1%BB%87%20nh%C3%A2n%20t%E1%BA%A1o%5C%22%20OR%20AI%29%20AND%20%28%5C%22theo%20d%C3%B5i%20sau%20tri%E1%BB%83n%20khai%5C%22%20OR%20h%E1%BA%ADu%20ki%E1%BB%83m%20OR%20%5C%22gi%C3%A1m%20s%C3%A1t%20sau%20tri%E1%BB%83n%20khai%5C%22%20OR%20%5C%22%C4%91%C3%A1nh%20gi%C3%A1%20hi%E1%BB%87u%20qu%E1%BA%A3%5C%22%29%20AND%20%28y%20t%E1%BA%BF%20OR%20b%E1%BB%87nh%20vi%E1%BB%87n%20OR%20%5C%22S%E1%BB%9F%20Y%20t%E1%BA%BF%5C%22%29%22&page=1,UNSCREENED_CANDIDATE_LOCATOR_NOT_ACQUIRED
WHO-VNM,DQ-IMPL-04,1,https://www.who.int/vietnam/emergencies,https://www.who.int/vietnam/search?query=%28%5Ctr%C3%AD%20tu%E1%BB%87%20nh%C3%A2n%20t%E1%BA%A1o%5C%22%20OR%20AI%29%20AND%20%28%5C%22theo%20d%C3%B5i%20sau%20tri%E1%BB%83n%20khai%5C%22%20OR%20h%E1%BA%ADu%20ki%E1%BB%83m%20OR%20%5C%22gi%C3%A1m%20s%C3%A1t%20sau%20tri%E1%BB%83n%20khai%5C%22%20OR%20%5C%22%C4%91%C3%A1nh%20gi%C3%A1%20hi%E1%BB%87u%20qu%E1%BA%A3%5C%22%29%20AND%20%28y%20t%E1%BA%BF%20OR%20b%E1%BB%87nh%20vi%E1%BB%87n%20OR%20%5C%22S%E1%BB%9F%20Y%20t%E1%BA%BF%5C%22%29%22&page=1,UNSCREENED_CANDIDATE_LOCATOR_NOT_ACQUIRED
WHO-VNM,DQ-IMPL-04,1,https://www.who.int/vietnam/footer/help,https://www.who.int/vietnam/search?query=%28%5Ctr%C3%AD%20tu%E1%BB%87%20nh%C3%A2n%20t%E1%BA%A1o%5C%22%20OR%20AI%29%20AND%20%28%5C%22theo%20d%C3%B5i%20sau%20tri%E1%BB%83n%20khai%5C%22%20OR%20h%E1%BA%ADu%20ki%E1%BB%83m%20OR%20%5C%22gi%C3%A1m%20s%C3%A1t%20sau%20tri%E1%BB%83n%20khai%5C%22%20OR%20%5C%22%C4%91%C3%A1nh%20gi%C3%A1%20hi%E1%BB%87u%20qu%E1%BA%A3%5C%22%29%20AND%20%28y%20t%E1%BA%BF%20OR%20b%E1%BB%87nh%20vi%E1%BB%87n%20OR%20%5C%22S%E1%BB%9F%20Y%20t%E1%BA%BF%5C%22%29%22&page=1,UNSCREENED_CANDIDATE_LOCATOR_NOT_ACQUIRED
WHO-VNM,DQ-IMPL-04,1,https://www.who.int/vietnam/footer/help/contact-us,https://www.who.int/vietnam/search?query=%28%5Ctr%C3%AD%20tu%E1%BB%87%20nh%C3%A2n%20t%E1%BA%A1o%5C%22%20OR%20AI%29%20AND%20%28%5C%22theo%20d%C3%B5i%20sau%20tri%E1%BB%83n%20khai%5C%22%20OR%20h%E1%BA%ADu%20ki%E1%BB%83m%20OR%20%5C%22gi%C3%A1m%20s%C3%A1t%20sau%20tri%E1%BB%83n%20khai%5C%22%20OR%20%5C%22%C4%91%C3%A1nh%20gi%C3%A1%20hi%E1%BB%87u%20qu%E1%BA%A3%5C%22%29%20AND%20%28y%20t%E1%BA%BF%20OR%20b%E1%BB%87nh%20vi%E1%BB%87n%20OR%20%5C%22S%E1%BB%9F%20Y%20t%E1%BA%BF%5C%22%29%22&page=1,UNSCREENED_CANDIDATE_LOCATOR_NOT_ACQUIRED
WHO-VNM,DQ-IMPL-04,1,https://www.who.int/vietnam/footer/help/cyber-security,https://www.who.int/vietnam/search?query=%28%5Ctr%C3%AD%20tu%E1%BB%87%20nh%C3%A2n%20t%E1%BA%A1o%5C%22%20OR%20AI%29%20AND%20%28%5C%22theo%20d%C3%B5i%20sau%20tri%E1%BB%83n%20khai%5C%22%20OR%20h%E1%BA%ADu%20ki%E1%BB%83m%20OR%20%5C%22gi%C3%A1m%20s%C3%A1t%20sau%20tri%E1%BB%83n%20khai%5C%22%20OR%20%5C%22%C4%91%C3%A1nh%20gi%C3%A1%20hi%E1%BB%87u%20qu%E1%BA%A3%5C%22%29%20AND%20%28y%20t%E1%BA%BF%20OR%20b%E1%BB%87nh%20vi%E1%BB%87n%20OR%20%5C%22S%E1%BB%9F%20Y%20t%E1%BA%BF%5C%22%29%22&page=1,UNSCREENED_CANDIDATE_LOCATOR_NOT_ACQUIRED
WHO-VNM,DQ-IMPL-04,1,https://www.who.int/vietnam/footer/help/ethics,https://www.who.int/vietnam/search?query=%28%5Ctr%C3%AD%20tu%E1%BB%87%20nh%C3%A2n%20t%E1%BA%A1o%5C%22%20OR%20AI%29%20AND%20%28%5C%22theo%20d%C3%B5i%20sau%20tri%E1%BB%83n%20khai%5C%22%20OR%20h%E1%BA%ADu%20ki%E1%BB%83m%20OR%20%5C%22gi%C3%A1m%20s%C3%A1t%20sau%20tri%E1%BB%83n%20khai%5C%22%20OR%20%5C%22%C4%91%C3%A1nh%20gi%C3%A1%20hi%E1%BB%87u%20qu%E1%BA%A3%5C%22%29%20AND%20%28y%20t%E1%BA%BF%20OR%20b%E1%BB%87nh%20vi%E1%BB%87n%20OR%20%5C%22S%E1%BB%9F%20Y%20t%E1%BA%BF%5C%22%29%22&page=1,UNSCREENED_CANDIDATE_LOCATOR_NOT_ACQUIRED
WHO-VNM,DQ-IMPL-04,1,https://www.who.int/vietnam/footer/quick-links,https://www.who.int/vietnam/search?query=%28%5Ctr%C3%AD%20tu%E1%BB%87%20nh%C3%A2n%20t%E1%BA%A1o%5C%22%20OR%20AI%29%20AND%20%28%5C%22theo%20d%C3%B5i%20sau%20tri%E1%BB%83n%20khai%5C%22%20OR%20h%E1%BA%ADu%20ki%E1%BB%83m%20OR%20%5C%22gi%C3%A1m%20s%C3%A1t%20sau%20tri%E1%BB%83n%20khai%5C%22%20OR%20%5C%22%C4%91%C3%A1nh%20gi%C3%A1%20hi%E1%BB%87u%20qu%E1%BA%A3%5C%22%29%20AND%20%28y%20t%E1%BA%BF%20OR%20b%E1%BB%87nh%20vi%E1%BB%87n%20OR%20%5C%22S%E1%BB%9F%20Y%20t%E1%BA%BF%5C%22%29%22&page=1,UNSCREENED_CANDIDATE_LOCATOR_NOT_ACQUIRED
WHO-VNM,DQ-IMPL-04,1,https://www.who.int/vietnam/footer/quick-links/careers-in-who-viet-nam,https://www.who.int/vietnam/search?query=%28%5Ctr%C3%AD%20tu%E1%BB%87%20nh%C3%A2n%20t%E1%BA%A1o%5C%22%20OR%20AI%29%20AND%20%28%5C%22theo%20d%C3%B5i%20sau%20tri%E1%BB%83n%20khai%5C%22%20OR%20h%E1%BA%ADu%20ki%E1%BB%83m%20OR%20%5C%22gi%C3%A1m%20s%C3%A1t%20sau%20tri%E1%BB%83n%20khai%5C%22%20OR%20%5C%22%C4%91%C3%A1nh%20gi%C3%A1%20hi%E1%BB%87u%20qu%E1%BA%A3%5C%22%29%20AND%20%28y%20t%E1%BA%BF%20OR%20b%E1%BB%87nh%20vi%E1%BB%87n%20OR%20%5C%22S%E1%BB%9F%20Y%20t%E1%BA%BF%5C%22%29%22&page=1,UNSCREENED_CANDIDATE_LOCATOR_NOT_ACQUIRED
WHO-VNM,DQ-IMPL-04,1,https://www.who.int/vietnam/footer/quick-links/newsroom,https://www.who.int/vietnam/search?query=%28%5Ctr%C3%AD%20tu%E1%BB%87%20nh%C3%A2n%20t%E1%BA%A1o%5C%22%20OR%20AI%29%20AND%20%28%5C%22theo%20d%C3%B5i%20sau%20tri%E1%BB%83n%20khai%5C%22%20OR%20h%E1%BA%ADu%20ki%E1%BB%83m%20OR%20%5C%22gi%C3%A1m%20s%C3%A1t%20sau%20tri%E1%BB%83n%20khai%5C%22%20OR%20%5C%22%C4%91%C3%A1nh%20gi%C3%A1%20hi%E1%BB%87u%20qu%E1%BA%A3%5C%22%29%20AND%20%28y%20t%E1%BA%BF%20OR%20b%E1%BB%87nh%20vi%E1%BB%87n%20OR%20%5C%22S%E1%BB%9F%20Y%20t%E1%BA%BF%5C%22%29%22&page=1,UNSCREENED_CANDIDATE_LOCATOR_NOT_ACQUIRED
WHO-VNM,DQ-IMPL-04,1,https://www.who.int/vietnam/footer/quick-links/publications-and-information-resources,https://www.who.int/vietnam/search?query=%28%5Ctr%C3%AD%20tu%E1%BB%87%20nh%C3%A2n%20t%E1%BA%A1o%5C%22%20OR%20AI%29%20AND%20%28%5C%22theo%20d%C3%B5i%20sau%20tri%E1%BB%83n%20khai%5C%22%20OR%20h%E1%BA%ADu%20ki%E1%BB%83m%20OR%20%5C%22gi%C3%A1m%20s%C3%A1t%20sau%20tri%E1%BB%83n%20khai%5C%22%20OR%20%5C%22%C4%91%C3%A1nh%20gi%C3%A1%20hi%E1%BB%87u%20qu%E1%BA%A3%5C%22%29%20AND%20%28y%20t%E1%BA%BF%20OR%20b%E1%BB%87nh%20vi%E1%BB%87n%20OR%20%5C%22S%E1%BB%9F%20Y%20t%E1%BA%BF%5C%22%29%22&page=1,UNSCREENED_CANDIDATE_LOCATOR_NOT_ACQUIRED
WHO-VNM,DQ-IMPL-04,1,https://www.who.int/vietnam/footer/regional-links,https://www.who.int/vietnam/search?query=%28%5Ctr%C3%AD%20tu%E1%BB%87%20nh%C3%A2n%20t%E1%BA%A1o%5C%22%20OR%20AI%29%20AND%20%28%5C%22theo%20d%C3%B5i%20sau%20tri%E1%BB%83n%20khai%5C%22%20OR%20h%E1%BA%ADu%20ki%E1%BB%83m%20OR%20%5C%22gi%C3%A1m%20s%C3%A1t%20sau%20tri%E1%BB%83n%20khai%5C%22%20OR%20%5C%22%C4%91%C3%A1nh%20gi%C3%A1%20hi%E1%BB%87u%20qu%E1%BA%A3%5C%22%29%20AND%20%28y%20t%E1%BA%BF%20OR%20b%E1%BB%87nh%20vi%E1%BB%87n%20OR%20%5C%22S%E1%BB%9F%20Y%20t%E1%BA%BF%5C%22%29%22&page=1,UNSCREENED_CANDIDATE_LOCATOR_NOT_ACQUIRED
WHO-VNM,DQ-IMPL-04,1,https://www.who.int/vietnam/footer/regional-links/campaigns,https://www.who.int/vietnam/search?query=%28%5Ctr%C3%AD%20tu%E1%BB%87%20nh%C3%A2n%20t%E1%BA%A1o%5C%22%20OR%20AI%29%20AND%20%28%5C%22theo%20d%C3%B5i%20sau%20tri%E1%BB%83n%20khai%5C%22%20OR%20h%E1%BA%ADu%20ki%E1%BB%83m%20OR%20%5C%22gi%C3%A1m%20s%C3%A1t%20sau%20tri%E1%BB%83n%20khai%5C%22%20OR%20%5C%22%C4%91%C3%A1nh%20gi%C3%A1%20hi%E1%BB%87u%20qu%E1%BA%A3%5C%22%29%20AND%20%28y%20t%E1%BA%BF%20OR%20b%E1%BB%87nh%20vi%E1%BB%87n%20OR%20%5C%22S%E1%BB%9F%20Y%20t%E1%BA%BF%5C%22%29%22&page=1,UNSCREENED_CANDIDATE_LOCATOR_NOT_ACQUIRED
WHO-VNM,DQ-IMPL-04,1,https://www.who.int/vietnam/footer/regional-links/careers,https://www.who.int/vietnam/search?query=%28%5Ctr%C3%AD%20tu%E1%BB%87%20nh%C3%A2n%20t%E1%BA%A1o%5C%22%20OR%20AI%29%20AND%20%28%5C%22theo%20d%C3%B5i%20sau%20tri%E1%BB%83n%20khai%5C%22%20OR%20h%E1%BA%ADu%20ki%E1%BB%83m%20OR%20%5C%22gi%C3%A1m%20s%C3%A1t%20sau%20tri%E1%BB%83n%20khai%5C%22%20OR%20%5C%22%C4%91%C3%A1nh%20gi%C3%A1%20hi%E1%BB%87u%20qu%E1%BA%A3%5C%22%29%20AND%20%28y%20t%E1%BA%BF%20OR%20b%E1%BB%87nh%20vi%E1%BB%87n%20OR%20%5C%22S%E1%BB%9F%20Y%20t%E1%BA%BF%5C%22%29%22&page=1,UNSCREENED_CANDIDATE_LOCATOR_NOT_ACQUIRED
WHO-VNM,DQ-IMPL-04,1,https://www.who.int/vietnam/footer/regional-links/data,https://www.who.int/vietnam/search?query=%28%5Ctr%C3%AD%20tu%E1%BB%87%20nh%C3%A2n%20t%E1%BA%A1o%5C%22%20OR%20AI%29%20AND%20%28%5C%22theo%20d%C3%B5i%20sau%20tri%E1%BB%83n%20khai%5C%22%20OR%20h%E1%BA%ADu%20ki%E1%BB%83m%20OR%20%5C%22gi%C3%A1m%20s%C3%A1t%20sau%20tri%E1%BB%83n%20khai%5C%22%20OR%20%5C%22%C4%91%C3%A1nh%20gi%C3%A1%20hi%E1%BB%87u%20qu%E1%BA%A3%5C%22%29%20AND%20%28y%20t%E1%BA%BF%20OR%20b%E1%BB%87nh%20vi%E1%BB%87n%20OR%20%5C%22S%E1%BB%9F%20Y%20t%E1%BA%BF%5C%22%29%22&page=1,UNSCREENED_CANDIDATE_LOCATOR_NOT_ACQUIRED
WHO-VNM,DQ-IMPL-04,1,https://www.who.int/vietnam/footer/regional-links/publications,https://www.who.int/vietnam/search?query=%28%5Ctr%C3%AD%20tu%E1%BB%87%20nh%C3%A2n%20t%E1%BA%A1o%5C%22%20OR%20AI%29%20AND%20%28%5C%22theo%20d%C3%B5i%20sau%20tri%E1%BB%83n%20khai%5C%22%20OR%20h%E1%BA%ADu%20ki%E1%BB%83m%20OR%20%5C%22gi%C3%A1m%20s%C3%A1t%20sau%20tri%E1%BB%83n%20khai%5C%22%20OR%20%5C%22%C4%91%C3%A1nh%20gi%C3%A1%20hi%E1%BB%87u%20qu%E1%BA%A3%5C%22%29%20AND%20%28y%20t%E1%BA%BF%20OR%20b%E1%BB%87nh%20vi%E1%BB%87n%20OR%20%5C%22S%E1%BB%9F%20Y%20t%E1%BA%BF%5C%22%29%22&page=1,UNSCREENED_CANDIDATE_LOCATOR_NOT_ACQUIRED
WHO-VNM,DQ-IMPL-04,1,https://www.who.int/vietnam/health-topics,https://www.who.int/vietnam/search?query=%28%5Ctr%C3%AD%20tu%E1%BB%87%20nh%C3%A2n%20t%E1%BA%A1o%5C%22%20OR%20AI%29%20AND%20%28%5C%22theo%20d%C3%B5i%20sau%20tri%E1%BB%83n%20khai%5C%22%20OR%20h%E1%BA%ADu%20ki%E1%BB%83m%20OR%20%5C%22gi%C3%A1m%20s%C3%A1t%20sau%20tri%E1%BB%83n%20khai%5C%22%20OR%20%5C%22%C4%91%C3%A1nh%20gi%C3%A1%20hi%E1%BB%87u%20qu%E1%BA%A3%5C%22%29%20AND%20%28y%20t%E1%BA%BF%20OR%20b%E1%BB%87nh%20vi%E1%BB%87n%20OR%20%5C%22S%E1%BB%9F%20Y%20t%E1%BA%BF%5C%22%29%22&page=1,UNSCREENED_CANDIDATE_LOCATOR_NOT_ACQUIRED
WHO-VNM,DQ-IMPL-04,1,https://www.who.int/vietnam/news,https://www.who.int/vietnam/search?query=%28%5Ctr%C3%AD%20tu%E1%BB%87%20nh%C3%A2n%20t%E1%BA%A1o%5C%22%20OR%20AI%29%20AND%20%28%5C%22theo%20d%C3%B5i%20sau%20tri%E1%BB%83n%20khai%5C%22%20OR%20h%E1%BA%ADu%20ki%E1%BB%83m%20OR%20%5C%22gi%C3%A1m%20s%C3%A1t%20sau%20tri%E1%BB%83n%20khai%5C%22%20OR%20%5C%22%C4%91%C3%A1nh%20gi%C3%A1%20hi%E1%BB%87u%20qu%E1%BA%A3%5C%22%29%20AND%20%28y%20t%E1%BA%BF%20OR%20b%E1%BB%87nh%20vi%E1%BB%87n%20OR%20%5C%22S%E1%BB%9F%20Y%20t%E1%BA%BF%5C%22%29%22&page=1,UNSCREENED_CANDIDATE_LOCATOR_NOT_ACQUIRED
WHO-VNM,DQ-IMPL-04,1,https://www.who.int/vietnam/our-work,https://www.who.int/vietnam/search?query=%28%5Ctr%C3%AD%20tu%E1%BB%87%20nh%C3%A2n%20t%E1%BA%A1o%5C%22%20OR%20AI%29%20AND%20%28%5C%22theo%20d%C3%B5i%20sau%20tri%E1%BB%83n%20khai%5C%22%20OR%20h%E1%BA%ADu%20ki%E1%BB%83m%20OR%20%5C%22gi%C3%A1m%20s%C3%A1t%20sau%20tri%E1%BB%83n%20khai%5C%22%20OR%20%5C%22%C4%91%C3%A1nh%20gi%C3%A1%20hi%E1%BB%87u%20qu%E1%BA%A3%5C%22%29%20AND%20%28y%20t%E1%BA%BF%20OR%20b%E1%BB%87nh%20vi%E1%BB%87n%20OR%20%5C%22S%E1%BB%9F%20Y%20t%E1%BA%BF%5C%22%29%22&page=1,UNSCREENED_CANDIDATE_LOCATOR_NOT_ACQUIRED
WHO-VNM,DQ-IMPL-04,1,https://www.who.int/vietnam/search?query=%28%5Ctr%C3%AD%20tu%E1%BB%87%20nh%C3%A2n%20t%E1%BA%A1o%5C%22%20OR%20AI%29%20AND%20%28%5C%22theo%20d%C3%B5i%20sau%20tri%E1%BB%83n%20khai%5C%22%20OR%20h%E1%BA%ADu%20ki%E1%BB%83m%20OR%20%5C%22gi%C3%A1m%20s%C3%A1t%20sau%20tri%E1%BB%83n%20khai%5C%22%20OR%20%5C%22%C4%91%C3%A1nh%20gi%C3%A1%20hi%E1%BB%87u%20qu%E1%BA%A3%5C%22%29%20AND%20%28y%20t%E1%BA%BF%20OR%20b%E1%BB%87nh%20vi%E1%BB%87n%20OR%20%5C%22S%E1%BB%9F%20Y%20t%E1%BA%BF%5C%22%29%22&page=1,https://www.who.int/vietnam/search?query=%28%5Ctr%C3%AD%20tu%E1%BB%87%20nh%C3%A2n%20t%E1%BA%A1o%5C%22%20OR%20AI%29%20AND%20%28%5C%22theo%20d%C3%B5i%20sau%20tri%E1%BB%83n%20khai%5C%22%20OR%20h%E1%BA%ADu%20ki%E1%BB%83m%20OR%20%5C%22gi%C3%A1m%20s%C3%A1t%20sau%20tri%E1%BB%83n%20khai%5C%22%20OR%20%5C%22%C4%91%C3%A1nh%20gi%C3%A1%20hi%E1%BB%87u%20qu%E1%BA%A3%5C%22%29%20AND%20%28y%20t%E1%BA%BF%20OR%20b%E1%BB%87nh%20vi%E1%BB%87n%20OR%20%5C%22S%E1%BB%9F%20Y%20t%E1%BA%BF%5C%22%29%22&page=1,UNSCREENED_CANDIDATE_LOCATOR_NOT_ACQUIRED
WHO-VNM,DQ-IMPL-04,1,https://www.who.int/wallisandfutuna/home,https://www.who.int/vietnam/search?query=%28%5Ctr%C3%AD%20tu%E1%BB%87%20nh%C3%A2n%20t%E1%BA%A1o%5C%22%20OR%20AI%29%20AND%20%28%5C%22theo%20d%C3%B5i%20sau%20tri%E1%BB%83n%20khai%5C%22%20OR%20h%E1%BA%ADu%20ki%E1%BB%83m%20OR%20%5C%22gi%C3%A1m%20s%C3%A1t%20sau%20tri%E1%BB%83n%20khai%5C%22%20OR%20%5C%22%C4%91%C3%A1nh%20gi%C3%A1%20hi%E1%BB%87u%20qu%E1%BA%A3%5C%22%29%20AND%20%28y%20t%E1%BA%BF%20OR%20b%E1%BB%87nh%20vi%E1%BB%87n%20OR%20%5C%22S%E1%BB%9F%20Y%20t%E1%BA%BF%5C%22%29%22&page=1,UNSCREENED_CANDIDATE_LOCATOR_NOT_ACQUIRED
WHO-VNM,DQ-IMPL-04,1,https://www.who.int/westernpacific/,https://www.who.int/vietnam/search?query=%28%5Ctr%C3%AD%20tu%E1%BB%87%20nh%C3%A2n%20t%E1%BA%A1o%5C%22%20OR%20AI%29%20AND%20%28%5C%22theo%20d%C3%B5i%20sau%20tri%E1%BB%83n%20khai%5C%22%20OR%20h%E1%BA%ADu%20ki%E1%BB%83m%20OR%20%5C%22gi%C3%A1m%20s%C3%A1t%20sau%20tri%E1%BB%83n%20khai%5C%22%20OR%20%5C%22%C4%91%C3%A1nh%20gi%C3%A1%20hi%E1%BB%87u%20qu%E1%BA%A3%5C%22%29%20AND%20%28y%20t%E1%BA%BF%20OR%20b%E1%BB%87nh%20vi%E1%BB%87n%20OR%20%5C%22S%E1%BB%9F%20Y%20t%E1%BA%BF%5C%22%29%22&page=1,UNSCREENED_CANDIDATE_LOCATOR_NOT_ACQUIRED
WHO-VNM,DQ-IMPL-04,2,https://www.who.int/vietnam/search?query=%28%5Ctr%C3%AD%20tu%E1%BB%87%20nh%C3%A2n%20t%E1%BA%A1o%5C%22%20OR%20AI%29%20AND%20%28%5C%22theo%20d%C3%B5i%20sau%20tri%E1%BB%83n%20khai%5C%22%20OR%20h%E1%BA%ADu%20ki%E1%BB%83m%20OR%20%5C%22gi%C3%A1m%20s%C3%A1t%20sau%20tri%E1%BB%83n%20khai%5C%22%20OR%20%5C%22%C4%91%C3%A1nh%20gi%C3%A1%20hi%E1%BB%87u%20qu%E1%BA%A3%5C%22%29%20AND%20%28y%20t%E1%BA%BF%20OR%20b%E1%BB%87nh%20vi%E1%BB%87n%20OR%20%5C%22S%E1%BB%9F%20Y%20t%E1%BA%BF%5C%22%29%22&page=2,https://www.who.int/vietnam/search?query=%28%5Ctr%C3%AD%20tu%E1%BB%87%20nh%C3%A2n%20t%E1%BA%A1o%5C%22%20OR%20AI%29%20AND%20%28%5C%22theo%20d%C3%B5i%20sau%20tri%E1%BB%83n%20khai%5C%22%20OR%20h%E1%BA%ADu%20ki%E1%BB%83m%20OR%20%5C%22gi%C3%A1m%20s%C3%A1t%20sau%20tri%E1%BB%83n%20khai%5C%22%20OR%20%5C%22%C4%91%C3%A1nh%20gi%C3%A1%20hi%E1%BB%87u%20qu%E1%BA%A3%5C%22%29%20AND%20%28y%20t%E1%BA%BF%20OR%20b%E1%BB%87nh%20vi%E1%BB%87n%20OR%20%5C%22S%E1%BB%9F%20Y%20t%E1%BA%BF%5C%22%29%22&page=2,UNSCREENED_CANDIDATE_LOCATOR_NOT_ACQUIRED
WHO-VNM,DQ-IMPL-05,1,https://www.who.int/,https://www.who.int/vietnam/search?query=%28%5Ctr%C3%AD%20tu%E1%BB%87%20nh%C3%A2n%20t%E1%BA%A1o%5C%22%20OR%20AI%29%20AND%20%28%5C%22b%C3%A1o%20c%C3%A1o%20s%E1%BB%B1%20c%E1%BB%91%5C%22%20OR%20%5C%22qu%E1%BA%A3n%20l%C3%BD%20ch%E1%BA%A5t%20l%C6%B0%E1%BB%A3ng%5C%22%20OR%20ki%E1%BB%83m%20to%C3%A1n%20OR%20thanh%20tra%29%20AND%20%28y%20t%E1%BA%BF%20OR%20b%E1%BB%87nh%20vi%E1%BB%87n%20OR%20%5C%22S%E1%BB%9F%20Y%20t%E1%BA%BF%5C%22%29%22&page=1,UNSCREENED_CANDIDATE_LOCATOR_NOT_ACQUIRED
WHO-VNM,DQ-IMPL-05,1,https://www.who.int/americansamoa/,https://www.who.int/vietnam/search?query=%28%5Ctr%C3%AD%20tu%E1%BB%87%20nh%C3%A2n%20t%E1%BA%A1o%5C%22%20OR%20AI%29%20AND%20%28%5C%22b%C3%A1o%20c%C3%A1o%20s%E1%BB%B1%20c%E1%BB%91%5C%22%20OR%20%5C%22qu%E1%BA%A3n%20l%C3%BD%20ch%E1%BA%A5t%20l%C6%B0%E1%BB%A3ng%5C%22%20OR%20ki%E1%BB%83m%20to%C3%A1n%20OR%20thanh%20tra%29%20AND%20%28y%20t%E1%BA%BF%20OR%20b%E1%BB%87nh%20vi%E1%BB%87n%20OR%20%5C%22S%E1%BB%9F%20Y%20t%E1%BA%BF%5C%22%29%22&page=1,UNSCREENED_CANDIDATE_LOCATOR_NOT_ACQUIRED
WHO-VNM,DQ-IMPL-05,1,https://www.who.int/australia/,https://www.who.int/vietnam/search?query=%28%5Ctr%C3%AD%20tu%E1%BB%87%20nh%C3%A2n%20t%E1%BA%A1o%5C%22%20OR%20AI%29%20AND%20%28%5C%22b%C3%A1o%20c%C3%A1o%20s%E1%BB%B1%20c%E1%BB%91%5C%22%20OR%20%5C%22qu%E1%BA%A3n%20l%C3%BD%20ch%E1%BA%A5t%20l%C6%B0%E1%BB%A3ng%5C%22%20OR%20ki%E1%BB%83m%20to%C3%A1n%20OR%20thanh%20tra%29%20AND%20%28y%20t%E1%BA%BF%20OR%20b%E1%BB%87nh%20vi%E1%BB%87n%20OR%20%5C%22S%E1%BB%9F%20Y%20t%E1%BA%BF%5C%22%29%22&page=1,UNSCREENED_CANDIDATE_LOCATOR_NOT_ACQUIRED
WHO-VNM,DQ-IMPL-05,1,https://www.who.int/brunei/,https://www.who.int/vietnam/search?query=%28%5Ctr%C3%AD%20tu%E1%BB%87%20nh%C3%A2n%20t%E1%BA%A1o%5C%22%20OR%20AI%29%20AND%20%28%5C%22b%C3%A1o%20c%C3%A1o%20s%E1%BB%B1%20c%E1%BB%91%5C%22%20OR%20%5C%22qu%E1%BA%A3n%20l%C3%BD%20ch%E1%BA%A5t%20l%C6%B0%E1%BB%A3ng%5C%22%20OR%20ki%E1%BB%83m%20to%C3%A1n%20OR%20thanh%20tra%29%20AND%20%28y%20t%E1%BA%BF%20OR%20b%E1%BB%87nh%20vi%E1%BB%87n%20OR%20%5C%22S%E1%BB%9F%20Y%20t%E1%BA%BF%5C%22%29%22&page=1,UNSCREENED_CANDIDATE_LOCATOR_NOT_ACQUIRED
WHO-VNM,DQ-IMPL-05,1,https://www.who.int/cambodia/,https://www.who.int/vietnam/search?query=%28%5Ctr%C3%AD%20tu%E1%BB%87%20nh%C3%A2n%20t%E1%BA%A1o%5C%22%20OR%20AI%29%20AND%20%28%5C%22b%C3%A1o%20c%C3%A1o%20s%E1%BB%B1%20c%E1%BB%91%5C%22%20OR%20%5C%22qu%E1%BA%A3n%20l%C3%BD%20ch%E1%BA%A5t%20l%C6%B0%E1%BB%A3ng%5C%22%20OR%20ki%E1%BB%83m%20to%C3%A1n%20OR%20thanh%20tra%29%20AND%20%28y%20t%E1%BA%BF%20OR%20b%E1%BB%87nh%20vi%E1%BB%87n%20OR%20%5C%22S%E1%BB%9F%20Y%20t%E1%BA%BF%5C%22%29%22&page=1,UNSCREENED_CANDIDATE_LOCATOR_NOT_ACQUIRED
WHO-VNM,DQ-IMPL-05,1,https://www.who.int/china/,https://www.who.int/vietnam/search?query=%28%5Ctr%C3%AD%20tu%E1%BB%87%20nh%C3%A2n%20t%E1%BA%A1o%5C%22%20OR%20AI%29%20AND%20%28%5C%22b%C3%A1o%20c%C3%A1o%20s%E1%BB%B1%20c%E1%BB%91%5C%22%20OR%20%5C%22qu%E1%BA%A3n%20l%C3%BD%20ch%E1%BA%A5t%20l%C6%B0%E1%BB%A3ng%5C%22%20OR%20ki%E1%BB%83m%20to%C3%A1n%20OR%20thanh%20tra%29%20AND%20%28y%20t%E1%BA%BF%20OR%20b%E1%BB%87nh%20vi%E1%BB%87n%20OR%20%5C%22S%E1%BB%9F%20Y%20t%E1%BA%BF%5C%22%29%22&page=1,UNSCREENED_CANDIDATE_LOCATOR_NOT_ACQUIRED
WHO-VNM,DQ-IMPL-05,1,https://www.who.int/cookislands/,https://www.who.int/vietnam/search?query=%28%5Ctr%C3%AD%20tu%E1%BB%87%20nh%C3%A2n%20t%E1%BA%A1o%5C%22%20OR%20AI%29%20AND%20%28%5C%22b%C3%A1o%20c%C3%A1o%20s%E1%BB%B1%20c%E1%BB%91%5C%22%20OR%20%5C%22qu%E1%BA%A3n%20l%C3%BD%20ch%E1%BA%A5t%20l%C6%B0%E1%BB%A3ng%5C%22%20OR%20ki%E1%BB%83m%20to%C3%A1n%20OR%20thanh%20tra%29%20AND%20%28y%20t%E1%BA%BF%20OR%20b%E1%BB%87nh%20vi%E1%BB%87n%20OR%20%5C%22S%E1%BB%9F%20Y%20t%E1%BA%BF%5C%22%29%22&page=1,UNSCREENED_CANDIDATE_LOCATOR_NOT_ACQUIRED
WHO-VNM,DQ-IMPL-05,1,https://www.who.int/europe/,https://www.who.int/vietnam/search?query=%28%5Ctr%C3%AD%20tu%E1%BB%87%20nh%C3%A2n%20t%E1%BA%A1o%5C%22%20OR%20AI%29%20AND%20%28%5C%22b%C3%A1o%20c%C3%A1o%20s%E1%BB%B1%20c%E1%BB%91%5C%22%20OR%20%5C%22qu%E1%BA%A3n%20l%C3%BD%20ch%E1%BA%A5t%20l%C6%B0%E1%BB%A3ng%5C%22%20OR%20ki%E1%BB%83m%20to%C3%A1n%20OR%20thanh%20tra%29%20AND%20%28y%20t%E1%BA%BF%20OR%20b%E1%BB%87nh%20vi%E1%BB%87n%20OR%20%5C%22S%E1%BB%9F%20Y%20t%E1%BA%BF%5C%22%29%22&page=1,UNSCREENED_CANDIDATE_LOCATOR_NOT_ACQUIRED
WHO-VNM,DQ-IMPL-05,1,https://www.who.int/fiji/,https://www.who.int/vietnam/search?query=%28%5Ctr%C3%AD%20tu%E1%BB%87%20nh%C3%A2n%20t%E1%BA%A1o%5C%22%20OR%20AI%29%20AND%20%28%5C%22b%C3%A1o%20c%C3%A1o%20s%E1%BB%B1%20c%E1%BB%91%5C%22%20OR%20%5C%22qu%E1%BA%A3n%20l%C3%BD%20ch%E1%BA%A5t%20l%C6%B0%E1%BB%A3ng%5C%22%20OR%20ki%E1%BB%83m%20to%C3%A1n%20OR%20thanh%20tra%29%20AND%20%28y%20t%E1%BA%BF%20OR%20b%E1%BB%87nh%20vi%E1%BB%87n%20OR%20%5C%22S%E1%BB%9F%20Y%20t%E1%BA%BF%5C%22%29%22&page=1,UNSCREENED_CANDIDATE_LOCATOR_NOT_ACQUIRED
WHO-VNM,DQ-IMPL-05,1,https://www.who.int/frenchpolynesia/,https://www.who.int/vietnam/search?query=%28%5Ctr%C3%AD%20tu%E1%BB%87%20nh%C3%A2n%20t%E1%BA%A1o%5C%22%20OR%20AI%29%20AND%20%28%5C%22b%C3%A1o%20c%C3%A1o%20s%E1%BB%B1%20c%E1%BB%91%5C%22%20OR%20%5C%22qu%E1%BA%A3n%20l%C3%BD%20ch%E1%BA%A5t%20l%C6%B0%E1%BB%A3ng%5C%22%20OR%20ki%E1%BB%83m%20to%C3%A1n%20OR%20thanh%20tra%29%20AND%20%28y%20t%E1%BA%BF%20OR%20b%E1%BB%87nh%20vi%E1%BB%87n%20OR%20%5C%22S%E1%BB%9F%20Y%20t%E1%BA%BF%5C%22%29%22&page=1,UNSCREENED_CANDIDATE_LOCATOR_NOT_ACQUIRED
WHO-VNM,DQ-IMPL-05,1,https://www.who.int/guam/,https://www.who.int/vietnam/search?query=%28%5Ctr%C3%AD%20tu%E1%BB%87%20nh%C3%A2n%20t%E1%BA%A1o%5C%22%20OR%20AI%29%20AND%20%28%5C%22b%C3%A1o%20c%C3%A1o%20s%E1%BB%B1%20c%E1%BB%91%5C%22%20OR%20%5C%22qu%E1%BA%A3n%20l%C3%BD%20ch%E1%BA%A5t%20l%C6%B0%E1%BB%A3ng%5C%22%20OR%20ki%E1%BB%83m%20to%C3%A1n%20OR%20thanh%20tra%29%20AND%20%28y%20t%E1%BA%BF%20OR%20b%E1%BB%87nh%20vi%E1%BB%87n%20OR%20%5C%22S%E1%BB%9F%20Y%20t%E1%BA%BF%5C%22%29%22&page=1,UNSCREENED_CANDIDATE_LOCATOR_NOT_ACQUIRED
WHO-VNM,DQ-IMPL-05,1,https://www.who.int/hongkongchina/,https://www.who.int/vietnam/search?query=%28%5Ctr%C3%AD%20tu%E1%BB%87%20nh%C3%A2n%20t%E1%BA%A1o%5C%22%20OR%20AI%29%20AND%20%28%5C%22b%C3%A1o%20c%C3%A1o%20s%E1%BB%B1%20c%E1%BB%91%5C%22%20OR%20%5C%22qu%E1%BA%A3n%20l%C3%BD%20ch%E1%BA%A5t%20l%C6%B0%E1%BB%A3ng%5C%22%20OR%20ki%E1%BB%83m%20to%C3%A1n%20OR%20thanh%20tra%29%20AND%20%28y%20t%E1%BA%BF%20OR%20b%E1%BB%87nh%20vi%E1%BB%87n%20OR%20%5C%22S%E1%BB%9F%20Y%20t%E1%BA%BF%5C%22%29%22&page=1,UNSCREENED_CANDIDATE_LOCATOR_NOT_ACQUIRED
WHO-VNM,DQ-IMPL-05,1,https://www.who.int/indonesia/,https://www.who.int/vietnam/search?query=%28%5Ctr%C3%AD%20tu%E1%BB%87%20nh%C3%A2n%20t%E1%BA%A1o%5C%22%20OR%20AI%29%20AND%20%28%5C%22b%C3%A1o%20c%C3%A1o%20s%E1%BB%B1%20c%E1%BB%91%5C%22%20OR%20%5C%22qu%E1%BA%A3n%20l%C3%BD%20ch%E1%BA%A5t%20l%C6%B0%E1%BB%A3ng%5C%22%20OR%20ki%E1%BB%83m%20to%C3%A1n%20OR%20thanh%20tra%29%20AND%20%28y%20t%E1%BA%BF%20OR%20b%E1%BB%87nh%20vi%E1%BB%87n%20OR%20%5C%22S%E1%BB%9F%20Y%20t%E1%BA%BF%5C%22%29%22&page=1,UNSCREENED_CANDIDATE_LOCATOR_NOT_ACQUIRED
WHO-VNM,DQ-IMPL-05,1,https://www.who.int/japan/,https://www.who.int/vietnam/search?query=%28%5Ctr%C3%AD%20tu%E1%BB%87%20nh%C3%A2n%20t%E1%BA%A1o%5C%22%20OR%20AI%29%20AND%20%28%5C%22b%C3%A1o%20c%C3%A1o%20s%E1%BB%B1%20c%E1%BB%91%5C%22%20OR%20%5C%22qu%E1%BA%A3n%20l%C3%BD%20ch%E1%BA%A5t%20l%C6%B0%E1%BB%A3ng%5C%22%20OR%20ki%E1%BB%83m%20to%C3%A1n%20OR%20thanh%20tra%29%20AND%20%28y%20t%E1%BA%BF%20OR%20b%E1%BB%87nh%20vi%E1%BB%87n%20OR%20%5C%22S%E1%BB%9F%20Y%20t%E1%BA%BF%5C%22%29%22&page=1,UNSCREENED_CANDIDATE_LOCATOR_NOT_ACQUIRED
WHO-VNM,DQ-IMPL-05,1,https://www.who.int/kiribati/,https://www.who.int/vietnam/search?query=%28%5Ctr%C3%AD%20tu%E1%BB%87%20nh%C3%A2n%20t%E1%BA%A1o%5C%22%20OR%20AI%29%20AND%20%28%5C%22b%C3%A1o%20c%C3%A1o%20s%E1%BB%B1%20c%E1%BB%91%5C%22%20OR%20%5C%22qu%E1%BA%A3n%20l%C3%BD%20ch%E1%BA%A5t%20l%C6%B0%E1%BB%A3ng%5C%22%20OR%20ki%E1%BB%83m%20to%C3%A1n%20OR%20thanh%20tra%29%20AND%20%28y%20t%E1%BA%BF%20OR%20b%E1%BB%87nh%20vi%E1%BB%87n%20OR%20%5C%22S%E1%BB%9F%20Y%20t%E1%BA%BF%5C%22%29%22&page=1,UNSCREENED_CANDIDATE_LOCATOR_NOT_ACQUIRED
WHO-VNM,DQ-IMPL-05,1,https://www.who.int/laos/,https://www.who.int/vietnam/search?query=%28%5Ctr%C3%AD%20tu%E1%BB%87%20nh%C3%A2n%20t%E1%BA%A1o%5C%22%20OR%20AI%29%20AND%20%28%5C%22b%C3%A1o%20c%C3%A1o%20s%E1%BB%B1%20c%E1%BB%91%5C%22%20OR%20%5C%22qu%E1%BA%A3n%20l%C3%BD%20ch%E1%BA%A5t%20l%C6%B0%E1%BB%A3ng%5C%22%20OR%20ki%E1%BB%83m%20to%C3%A1n%20OR%20thanh%20tra%29%20AND%20%28y%20t%E1%BA%BF%20OR%20b%E1%BB%87nh%20vi%E1%BB%87n%20OR%20%5C%22S%E1%BB%9F%20Y%20t%E1%BA%BF%5C%22%29%22&page=1,UNSCREENED_CANDIDATE_LOCATOR_NOT_ACQUIRED
WHO-VNM,DQ-IMPL-05,1,https://www.who.int/macaochina/,https://www.who.int/vietnam/search?query=%28%5Ctr%C3%AD%20tu%E1%BB%87%20nh%C3%A2n%20t%E1%BA%A1o%5C%22%20OR%20AI%29%20AND%20%28%5C%22b%C3%A1o%20c%C3%A1o%20s%E1%BB%B1%20c%E1%BB%91%5C%22%20OR%20%5C%22qu%E1%BA%A3n%20l%C3%BD%20ch%E1%BA%A5t%20l%C6%B0%E1%BB%A3ng%5C%22%20OR%20ki%E1%BB%83m%20to%C3%A1n%20OR%20thanh%20tra%29%20AND%20%28y%20t%E1%BA%BF%20OR%20b%E1%BB%87nh%20vi%E1%BB%87n%20OR%20%5C%22S%E1%BB%9F%20Y%20t%E1%BA%BF%5C%22%29%22&page=1,UNSCREENED_CANDIDATE_LOCATOR_NOT_ACQUIRED
WHO-VNM,DQ-IMPL-05,1,https://www.who.int/malaysia/,https://www.who.int/vietnam/search?query=%28%5Ctr%C3%AD%20tu%E1%BB%87%20nh%C3%A2n%20t%E1%BA%A1o%5C%22%20OR%20AI%29%20AND%20%28%5C%22b%C3%A1o%20c%C3%A1o%20s%E1%BB%B1%20c%E1%BB%91%5C%22%20OR%20%5C%22qu%E1%BA%A3n%20l%C3%BD%20ch%E1%BA%A5t%20l%C6%B0%E1%BB%A3ng%5C%22%20OR%20ki%E1%BB%83m%20to%C3%A1n%20OR%20thanh%20tra%29%20AND%20%28y%20t%E1%BA%BF%20OR%20b%E1%BB%87nh%20vi%E1%BB%87n%20OR%20%5C%22S%E1%BB%9F%20Y%20t%E1%BA%BF%5C%22%29%22&page=1,UNSCREENED_CANDIDATE_LOCATOR_NOT_ACQUIRED
WHO-VNM,DQ-IMPL-05,1,https://www.who.int/marshallislands/,https://www.who.int/vietnam/search?query=%28%5Ctr%C3%AD%20tu%E1%BB%87%20nh%C3%A2n%20t%E1%BA%A1o%5C%22%20OR%20AI%29%20AND%20%28%5C%22b%C3%A1o%20c%C3%A1o%20s%E1%BB%B1%20c%E1%BB%91%5C%22%20OR%20%5C%22qu%E1%BA%A3n%20l%C3%BD%20ch%E1%BA%A5t%20l%C6%B0%E1%BB%A3ng%5C%22%20OR%20ki%E1%BB%83m%20to%C3%A1n%20OR%20thanh%20tra%29%20AND%20%28y%20t%E1%BA%BF%20OR%20b%E1%BB%87nh%20vi%E1%BB%87n%20OR%20%5C%22S%E1%BB%9F%20Y%20t%E1%BA%BF%5C%22%29%22&page=1,UNSCREENED_CANDIDATE_LOCATOR_NOT_ACQUIRED
WHO-VNM,DQ-IMPL-05,1,https://www.who.int/micronesia/,https://www.who.int/vietnam/search?query=%28%5Ctr%C3%AD%20tu%E1%BB%87%20nh%C3%A2n%20t%E1%BA%A1o%5C%22%20OR%20AI%29%20AND%20%28%5C%22b%C3%A1o%20c%C3%A1o%20s%E1%BB%B1%20c%E1%BB%91%5C%22%20OR%20%5C%22qu%E1%BA%A3n%20l%C3%BD%20ch%E1%BA%A5t%20l%C6%B0%E1%BB%A3ng%5C%22%20OR%20ki%E1%BB%83m%20to%C3%A1n%20OR%20thanh%20tra%29%20AND%20%28y%20t%E1%BA%BF%20OR%20b%E1%BB%87nh%20vi%E1%BB%87n%20OR%20%5C%22S%E1%BB%9F%20Y%20t%E1%BA%BF%5C%22%29%22&page=1,UNSCREENED_CANDIDATE_LOCATOR_NOT_ACQUIRED
WHO-VNM,DQ-IMPL-05,1,https://www.who.int/mongolia/,https://www.who.int/vietnam/search?query=%28%5Ctr%C3%AD%20tu%E1%BB%87%20nh%C3%A2n%20t%E1%BA%A1o%5C%22%20OR%20AI%29%20AND%20%28%5C%22b%C3%A1o%20c%C3%A1o%20s%E1%BB%B1%20c%E1%BB%91%5C%22%20OR%20%5C%22qu%E1%BA%A3n%20l%C3%BD%20ch%E1%BA%A5t%20l%C6%B0%E1%BB%A3ng%5C%22%20OR%20ki%E1%BB%83m%20to%C3%A1n%20OR%20thanh%20tra%29%20AND%20%28y%20t%E1%BA%BF%20OR%20b%E1%BB%87nh%20vi%E1%BB%87n%20OR%20%5C%22S%E1%BB%9F%20Y%20t%E1%BA%BF%5C%22%29%22&page=1,UNSCREENED_CANDIDATE_LOCATOR_NOT_ACQUIRED
WHO-VNM,DQ-IMPL-05,1,https://www.who.int/nauru/,https://www.who.int/vietnam/search?query=%28%5Ctr%C3%AD%20tu%E1%BB%87%20nh%C3%A2n%20t%E1%BA%A1o%5C%22%20OR%20AI%29%20AND%20%28%5C%22b%C3%A1o%20c%C3%A1o%20s%E1%BB%B1%20c%E1%BB%91%5C%22%20OR%20%5C%22qu%E1%BA%A3n%20l%C3%BD%20ch%E1%BA%A5t%20l%C6%B0%E1%BB%A3ng%5C%22%20OR%20ki%E1%BB%83m%20to%C3%A1n%20OR%20thanh%20tra%29%20AND%20%28y%20t%E1%BA%BF%20OR%20b%E1%BB%87nh%20vi%E1%BB%87n%20OR%20%5C%22S%E1%BB%9F%20Y%20t%E1%BA%BF%5C%22%29%22&page=1,UNSCREENED_CANDIDATE_LOCATOR_NOT_ACQUIRED
WHO-VNM,DQ-IMPL-05,1,https://www.who.int/newcaledonia/,https://www.who.int/vietnam/search?query=%28%5Ctr%C3%AD%20tu%E1%BB%87%20nh%C3%A2n%20t%E1%BA%A1o%5C%22%20OR%20AI%29%20AND%20%28%5C%22b%C3%A1o%20c%C3%A1o%20s%E1%BB%B1%20c%E1%BB%91%5C%22%20OR%20%5C%22qu%E1%BA%A3n%20l%C3%BD%20ch%E1%BA%A5t%20l%C6%B0%E1%BB%A3ng%5C%22%20OR%20ki%E1%BB%83m%20to%C3%A1n%20OR%20thanh%20tra%29%20AND%20%28y%20t%E1%BA%BF%20OR%20b%E1%BB%87nh%20vi%E1%BB%87n%20OR%20%5C%22S%E1%BB%9F%20Y%20t%E1%BA%BF%5C%22%29%22&page=1,UNSCREENED_CANDIDATE_LOCATOR_NOT_ACQUIRED
WHO-VNM,DQ-IMPL-05,1,https://www.who.int/newzealand/,https://www.who.int/vietnam/search?query=%28%5Ctr%C3%AD%20tu%E1%BB%87%20nh%C3%A2n%20t%E1%BA%A1o%5C%22%20OR%20AI%29%20AND%20%28%5C%22b%C3%A1o%20c%C3%A1o%20s%E1%BB%B1%20c%E1%BB%91%5C%22%20OR%20%5C%22qu%E1%BA%A3n%20l%C3%BD%20ch%E1%BA%A5t%20l%C6%B0%E1%BB%A3ng%5C%22%20OR%20ki%E1%BB%83m%20to%C3%A1n%20OR%20thanh%20tra%29%20AND%20%28y%20t%E1%BA%BF%20OR%20b%E1%BB%87nh%20vi%E1%BB%87n%20OR%20%5C%22S%E1%BB%9F%20Y%20t%E1%BA%BF%5C%22%29%22&page=1,UNSCREENED_CANDIDATE_LOCATOR_NOT_ACQUIRED
WHO-VNM,DQ-IMPL-05,1,https://www.who.int/niue/,https://www.who.int/vietnam/search?query=%28%5Ctr%C3%AD%20tu%E1%BB%87%20nh%C3%A2n%20t%E1%BA%A1o%5C%22%20OR%20AI%29%20AND%20%28%5C%22b%C3%A1o%20c%C3%A1o%20s%E1%BB%B1%20c%E1%BB%91%5C%22%20OR%20%5C%22qu%E1%BA%A3n%20l%C3%BD%20ch%E1%BA%A5t%20l%C6%B0%E1%BB%A3ng%5C%22%20OR%20ki%E1%BB%83m%20to%C3%A1n%20OR%20thanh%20tra%29%20AND%20%28y%20t%E1%BA%BF%20OR%20b%E1%BB%87nh%20vi%E1%BB%87n%20OR%20%5C%22S%E1%BB%9F%20Y%20t%E1%BA%BF%5C%22%29%22&page=1,UNSCREENED_CANDIDATE_LOCATOR_NOT_ACQUIRED
WHO-VNM,DQ-IMPL-05,1,https://www.who.int/northernmarianaislands/,https://www.who.int/vietnam/search?query=%28%5Ctr%C3%AD%20tu%E1%BB%87%20nh%C3%A2n%20t%E1%BA%A1o%5C%22%20OR%20AI%29%20AND%20%28%5C%22b%C3%A1o%20c%C3%A1o%20s%E1%BB%B1%20c%E1%BB%91%5C%22%20OR%20%5C%22qu%E1%BA%A3n%20l%C3%BD%20ch%E1%BA%A5t%20l%C6%B0%E1%BB%A3ng%5C%22%20OR%20ki%E1%BB%83m%20to%C3%A1n%20OR%20thanh%20tra%29%20AND%20%28y%20t%E1%BA%BF%20OR%20b%E1%BB%87nh%20vi%E1%BB%87n%20OR%20%5C%22S%E1%BB%9F%20Y%20t%E1%BA%BF%5C%22%29%22&page=1,UNSCREENED_CANDIDATE_LOCATOR_NOT_ACQUIRED
WHO-VNM,DQ-IMPL-05,1,https://www.who.int/palau/,https://www.who.int/vietnam/search?query=%28%5Ctr%C3%AD%20tu%E1%BB%87%20nh%C3%A2n%20t%E1%BA%A1o%5C%22%20OR%20AI%29%20AND%20%28%5C%22b%C3%A1o%20c%C3%A1o%20s%E1%BB%B1%20c%E1%BB%91%5C%22%20OR%20%5C%22qu%E1%BA%A3n%20l%C3%BD%20ch%E1%BA%A5t%20l%C6%B0%E1%BB%A3ng%5C%22%20OR%20ki%E1%BB%83m%20to%C3%A1n%20OR%20thanh%20tra%29%20AND%20%28y%20t%E1%BA%BF%20OR%20b%E1%BB%87nh%20vi%E1%BB%87n%20OR%20%5C%22S%E1%BB%9F%20Y%20t%E1%BA%BF%5C%22%29%22&page=1,UNSCREENED_CANDIDATE_LOCATOR_NOT_ACQUIRED
WHO-VNM,DQ-IMPL-05,1,https://www.who.int/papuanewguinea/,https://www.who.int/vietnam/search?query=%28%5Ctr%C3%AD%20tu%E1%BB%87%20nh%C3%A2n%20t%E1%BA%A1o%5C%22%20OR%20AI%29%20AND%20%28%5C%22b%C3%A1o%20c%C3%A1o%20s%E1%BB%B1%20c%E1%BB%91%5C%22%20OR%20%5C%22qu%E1%BA%A3n%20l%C3%BD%20ch%E1%BA%A5t%20l%C6%B0%E1%BB%A3ng%5C%22%20OR%20ki%E1%BB%83m%20to%C3%A1n%20OR%20thanh%20tra%29%20AND%20%28y%20t%E1%BA%BF%20OR%20b%E1%BB%87nh%20vi%E1%BB%87n%20OR%20%5C%22S%E1%BB%9F%20Y%20t%E1%BA%BF%5C%22%29%22&page=1,UNSCREENED_CANDIDATE_LOCATOR_NOT_ACQUIRED
WHO-VNM,DQ-IMPL-05,1,https://www.who.int/philippines/,https://www.who.int/vietnam/search?query=%28%5Ctr%C3%AD%20tu%E1%BB%87%20nh%C3%A2n%20t%E1%BA%A1o%5C%22%20OR%20AI%29%20AND%20%28%5C%22b%C3%A1o%20c%C3%A1o%20s%E1%BB%B1%20c%E1%BB%91%5C%22%20OR%20%5C%22qu%E1%BA%A3n%20l%C3%BD%20ch%E1%BA%A5t%20l%C6%B0%E1%BB%A3ng%5C%22%20OR%20ki%E1%BB%83m%20to%C3%A1n%20OR%20thanh%20tra%29%20AND%20%28y%20t%E1%BA%BF%20OR%20b%E1%BB%87nh%20vi%E1%BB%87n%20OR%20%5C%22S%E1%BB%9F%20Y%20t%E1%BA%BF%5C%22%29%22&page=1,UNSCREENED_CANDIDATE_LOCATOR_NOT_ACQUIRED
WHO-VNM,DQ-IMPL-05,1,https://www.who.int/pitcairnislands/,https://www.who.int/vietnam/search?query=%28%5Ctr%C3%AD%20tu%E1%BB%87%20nh%C3%A2n%20t%E1%BA%A1o%5C%22%20OR%20AI%29%20AND%20%28%5C%22b%C3%A1o%20c%C3%A1o%20s%E1%BB%B1%20c%E1%BB%91%5C%22%20OR%20%5C%22qu%E1%BA%A3n%20l%C3%BD%20ch%E1%BA%A5t%20l%C6%B0%E1%BB%A3ng%5C%22%20OR%20ki%E1%BB%83m%20to%C3%A1n%20OR%20thanh%20tra%29%20AND%20%28y%20t%E1%BA%BF%20OR%20b%E1%BB%87nh%20vi%E1%BB%87n%20OR%20%5C%22S%E1%BB%9F%20Y%20t%E1%BA%BF%5C%22%29%22&page=1,UNSCREENED_CANDIDATE_LOCATOR_NOT_ACQUIRED
WHO-VNM,DQ-IMPL-05,1,https://www.who.int/republicofkorea/,https://www.who.int/vietnam/search?query=%28%5Ctr%C3%AD%20tu%E1%BB%87%20nh%C3%A2n%20t%E1%BA%A1o%5C%22%20OR%20AI%29%20AND%20%28%5C%22b%C3%A1o%20c%C3%A1o%20s%E1%BB%B1%20c%E1%BB%91%5C%22%20OR%20%5C%22qu%E1%BA%A3n%20l%C3%BD%20ch%E1%BA%A5t%20l%C6%B0%E1%BB%A3ng%5C%22%20OR%20ki%E1%BB%83m%20to%C3%A1n%20OR%20thanh%20tra%29%20AND%20%28y%20t%E1%BA%BF%20OR%20b%E1%BB%87nh%20vi%E1%BB%87n%20OR%20%5C%22S%E1%BB%9F%20Y%20t%E1%BA%BF%5C%22%29%22&page=1,UNSCREENED_CANDIDATE_LOCATOR_NOT_ACQUIRED
WHO-VNM,DQ-IMPL-05,1,https://www.who.int/samoa/,https://www.who.int/vietnam/search?query=%28%5Ctr%C3%AD%20tu%E1%BB%87%20nh%C3%A2n%20t%E1%BA%A1o%5C%22%20OR%20AI%29%20AND%20%28%5C%22b%C3%A1o%20c%C3%A1o%20s%E1%BB%B1%20c%E1%BB%91%5C%22%20OR%20%5C%22qu%E1%BA%A3n%20l%C3%BD%20ch%E1%BA%A5t%20l%C6%B0%E1%BB%A3ng%5C%22%20OR%20ki%E1%BB%83m%20to%C3%A1n%20OR%20thanh%20tra%29%20AND%20%28y%20t%E1%BA%BF%20OR%20b%E1%BB%87nh%20vi%E1%BB%87n%20OR%20%5C%22S%E1%BB%9F%20Y%20t%E1%BA%BF%5C%22%29%22&page=1,UNSCREENED_CANDIDATE_LOCATOR_NOT_ACQUIRED
WHO-VNM,DQ-IMPL-05,1,https://www.who.int/singapore/,https://www.who.int/vietnam/search?query=%28%5Ctr%C3%AD%20tu%E1%BB%87%20nh%C3%A2n%20t%E1%BA%A1o%5C%22%20OR%20AI%29%20AND%20%28%5C%22b%C3%A1o%20c%C3%A1o%20s%E1%BB%B1%20c%E1%BB%91%5C%22%20OR%20%5C%22qu%E1%BA%A3n%20l%C3%BD%20ch%E1%BA%A5t%20l%C6%B0%E1%BB%A3ng%5C%22%20OR%20ki%E1%BB%83m%20to%C3%A1n%20OR%20thanh%20tra%29%20AND%20%28y%20t%E1%BA%BF%20OR%20b%E1%BB%87nh%20vi%E1%BB%87n%20OR%20%5C%22S%E1%BB%9F%20Y%20t%E1%BA%BF%5C%22%29%22&page=1,UNSCREENED_CANDIDATE_LOCATOR_NOT_ACQUIRED
WHO-VNM,DQ-IMPL-05,1,https://www.who.int/solomonislands/home,https://www.who.int/vietnam/search?query=%28%5Ctr%C3%AD%20tu%E1%BB%87%20nh%C3%A2n%20t%E1%BA%A1o%5C%22%20OR%20AI%29%20AND%20%28%5C%22b%C3%A1o%20c%C3%A1o%20s%E1%BB%B1%20c%E1%BB%91%5C%22%20OR%20%5C%22qu%E1%BA%A3n%20l%C3%BD%20ch%E1%BA%A5t%20l%C6%B0%E1%BB%A3ng%5C%22%20OR%20ki%E1%BB%83m%20to%C3%A1n%20OR%20thanh%20tra%29%20AND%20%28y%20t%E1%BA%BF%20OR%20b%E1%BB%87nh%20vi%E1%BB%87n%20OR%20%5C%22S%E1%BB%9F%20Y%20t%E1%BA%BF%5C%22%29%22&page=1,UNSCREENED_CANDIDATE_LOCATOR_NOT_ACQUIRED
WHO-VNM,DQ-IMPL-05,1,https://www.who.int/southeastasia,https://www.who.int/vietnam/search?query=%28%5Ctr%C3%AD%20tu%E1%BB%87%20nh%C3%A2n%20t%E1%BA%A1o%5C%22%20OR%20AI%29%20AND%20%28%5C%22b%C3%A1o%20c%C3%A1o%20s%E1%BB%B1%20c%E1%BB%91%5C%22%20OR%20%5C%22qu%E1%BA%A3n%20l%C3%BD%20ch%E1%BA%A5t%20l%C6%B0%E1%BB%A3ng%5C%22%20OR%20ki%E1%BB%83m%20to%C3%A1n%20OR%20thanh%20tra%29%20AND%20%28y%20t%E1%BA%BF%20OR%20b%E1%BB%87nh%20vi%E1%BB%87n%20OR%20%5C%22S%E1%BB%9F%20Y%20t%E1%BA%BF%5C%22%29%22&page=1,UNSCREENED_CANDIDATE_LOCATOR_NOT_ACQUIRED
WHO-VNM,DQ-IMPL-05,1,https://www.who.int/tokelau/home,https://www.who.int/vietnam/search?query=%28%5Ctr%C3%AD%20tu%E1%BB%87%20nh%C3%A2n%20t%E1%BA%A1o%5C%22%20OR%20AI%29%20AND%20%28%5C%22b%C3%A1o%20c%C3%A1o%20s%E1%BB%B1%20c%E1%BB%91%5C%22%20OR%20%5C%22qu%E1%BA%A3n%20l%C3%BD%20ch%E1%BA%A5t%20l%C6%B0%E1%BB%A3ng%5C%22%20OR%20ki%E1%BB%83m%20to%C3%A1n%20OR%20thanh%20tra%29%20AND%20%28y%20t%E1%BA%BF%20OR%20b%E1%BB%87nh%20vi%E1%BB%87n%20OR%20%5C%22S%E1%BB%9F%20Y%20t%E1%BA%BF%5C%22%29%22&page=1,UNSCREENED_CANDIDATE_LOCATOR_NOT_ACQUIRED
WHO-VNM,DQ-IMPL-05,1,https://www.who.int/tonga/home,https://www.who.int/vietnam/search?query=%28%5Ctr%C3%AD%20tu%E1%BB%87%20nh%C3%A2n%20t%E1%BA%A1o%5C%22%20OR%20AI%29%20AND%20%28%5C%22b%C3%A1o%20c%C3%A1o%20s%E1%BB%B1%20c%E1%BB%91%5C%22%20OR%20%5C%22qu%E1%BA%A3n%20l%C3%BD%20ch%E1%BA%A5t%20l%C6%B0%E1%BB%A3ng%5C%22%20OR%20ki%E1%BB%83m%20to%C3%A1n%20OR%20thanh%20tra%29%20AND%20%28y%20t%E1%BA%BF%20OR%20b%E1%BB%87nh%20vi%E1%BB%87n%20OR%20%5C%22S%E1%BB%9F%20Y%20t%E1%BA%BF%5C%22%29%22&page=1,UNSCREENED_CANDIDATE_LOCATOR_NOT_ACQUIRED
WHO-VNM,DQ-IMPL-05,1,https://www.who.int/tuvalu/home,https://www.who.int/vietnam/search?query=%28%5Ctr%C3%AD%20tu%E1%BB%87%20nh%C3%A2n%20t%E1%BA%A1o%5C%22%20OR%20AI%29%20AND%20%28%5C%22b%C3%A1o%20c%C3%A1o%20s%E1%BB%B1%20c%E1%BB%91%5C%22%20OR%20%5C%22qu%E1%BA%A3n%20l%C3%BD%20ch%E1%BA%A5t%20l%C6%B0%E1%BB%A3ng%5C%22%20OR%20ki%E1%BB%83m%20to%C3%A1n%20OR%20thanh%20tra%29%20AND%20%28y%20t%E1%BA%BF%20OR%20b%E1%BB%87nh%20vi%E1%BB%87n%20OR%20%5C%22S%E1%BB%9F%20Y%20t%E1%BA%BF%5C%22%29%22&page=1,UNSCREENED_CANDIDATE_LOCATOR_NOT_ACQUIRED
WHO-VNM,DQ-IMPL-05,1,https://www.who.int/vanuatu/home,https://www.who.int/vietnam/search?query=%28%5Ctr%C3%AD%20tu%E1%BB%87%20nh%C3%A2n%20t%E1%BA%A1o%5C%22%20OR%20AI%29%20AND%20%28%5C%22b%C3%A1o%20c%C3%A1o%20s%E1%BB%B1%20c%E1%BB%91%5C%22%20OR%20%5C%22qu%E1%BA%A3n%20l%C3%BD%20ch%E1%BA%A5t%20l%C6%B0%E1%BB%A3ng%5C%22%20OR%20ki%E1%BB%83m%20to%C3%A1n%20OR%20thanh%20tra%29%20AND%20%28y%20t%E1%BA%BF%20OR%20b%E1%BB%87nh%20vi%E1%BB%87n%20OR%20%5C%22S%E1%BB%9F%20Y%20t%E1%BA%BF%5C%22%29%22&page=1,UNSCREENED_CANDIDATE_LOCATOR_NOT_ACQUIRED
WHO-VNM,DQ-IMPL-05,1,https://www.who.int/vietnam,https://www.who.int/vietnam/search?query=%28%5Ctr%C3%AD%20tu%E1%BB%87%20nh%C3%A2n%20t%E1%BA%A1o%5C%22%20OR%20AI%29%20AND%20%28%5C%22b%C3%A1o%20c%C3%A1o%20s%E1%BB%B1%20c%E1%BB%91%5C%22%20OR%20%5C%22qu%E1%BA%A3n%20l%C3%BD%20ch%E1%BA%A5t%20l%C6%B0%E1%BB%A3ng%5C%22%20OR%20ki%E1%BB%83m%20to%C3%A1n%20OR%20thanh%20tra%29%20AND%20%28y%20t%E1%BA%BF%20OR%20b%E1%BB%87nh%20vi%E1%BB%87n%20OR%20%5C%22S%E1%BB%9F%20Y%20t%E1%BA%BF%5C%22%29%22&page=1,UNSCREENED_CANDIDATE_LOCATOR_NOT_ACQUIRED
WHO-VNM,DQ-IMPL-05,1,https://www.who.int/vietnam/,https://www.who.int/vietnam/search?query=%28%5Ctr%C3%AD%20tu%E1%BB%87%20nh%C3%A2n%20t%E1%BA%A1o%5C%22%20OR%20AI%29%20AND%20%28%5C%22b%C3%A1o%20c%C3%A1o%20s%E1%BB%B1%20c%E1%BB%91%5C%22%20OR%20%5C%22qu%E1%BA%A3n%20l%C3%BD%20ch%E1%BA%A5t%20l%C6%B0%E1%BB%A3ng%5C%22%20OR%20ki%E1%BB%83m%20to%C3%A1n%20OR%20thanh%20tra%29%20AND%20%28y%20t%E1%BA%BF%20OR%20b%E1%BB%87nh%20vi%E1%BB%87n%20OR%20%5C%22S%E1%BB%9F%20Y%20t%E1%BA%BF%5C%22%29%22&page=1,UNSCREENED_CANDIDATE_LOCATOR_NOT_ACQUIRED
WHO-VNM,DQ-IMPL-05,1,https://www.who.int/vietnam/about,https://www.who.int/vietnam/search?query=%28%5Ctr%C3%AD%20tu%E1%BB%87%20nh%C3%A2n%20t%E1%BA%A1o%5C%22%20OR%20AI%29%20AND%20%28%5C%22b%C3%A1o%20c%C3%A1o%20s%E1%BB%B1%20c%E1%BB%91%5C%22%20OR%20%5C%22qu%E1%BA%A3n%20l%C3%BD%20ch%E1%BA%A5t%20l%C6%B0%E1%BB%A3ng%5C%22%20OR%20ki%E1%BB%83m%20to%C3%A1n%20OR%20thanh%20tra%29%20AND%20%28y%20t%E1%BA%BF%20OR%20b%E1%BB%87nh%20vi%E1%BB%87n%20OR%20%5C%22S%E1%BB%9F%20Y%20t%E1%BA%BF%5C%22%29%22&page=1,UNSCREENED_CANDIDATE_LOCATOR_NOT_ACQUIRED
WHO-VNM,DQ-IMPL-05,1,https://www.who.int/vietnam/emergencies,https://www.who.int/vietnam/search?query=%28%5Ctr%C3%AD%20tu%E1%BB%87%20nh%C3%A2n%20t%E1%BA%A1o%5C%22%20OR%20AI%29%20AND%20%28%5C%22b%C3%A1o%20c%C3%A1o%20s%E1%BB%B1%20c%E1%BB%91%5C%22%20OR%20%5C%22qu%E1%BA%A3n%20l%C3%BD%20ch%E1%BA%A5t%20l%C6%B0%E1%BB%A3ng%5C%22%20OR%20ki%E1%BB%83m%20to%C3%A1n%20OR%20thanh%20tra%29%20AND%20%28y%20t%E1%BA%BF%20OR%20b%E1%BB%87nh%20vi%E1%BB%87n%20OR%20%5C%22S%E1%BB%9F%20Y%20t%E1%BA%BF%5C%22%29%22&page=1,UNSCREENED_CANDIDATE_LOCATOR_NOT_ACQUIRED
WHO-VNM,DQ-IMPL-05,1,https://www.who.int/vietnam/footer/help,https://www.who.int/vietnam/search?query=%28%5Ctr%C3%AD%20tu%E1%BB%87%20nh%C3%A2n%20t%E1%BA%A1o%5C%22%20OR%20AI%29%20AND%20%28%5C%22b%C3%A1o%20c%C3%A1o%20s%E1%BB%B1%20c%E1%BB%91%5C%22%20OR%20%5C%22qu%E1%BA%A3n%20l%C3%BD%20ch%E1%BA%A5t%20l%C6%B0%E1%BB%A3ng%5C%22%20OR%20ki%E1%BB%83m%20to%C3%A1n%20OR%20thanh%20tra%29%20AND%20%28y%20t%E1%BA%BF%20OR%20b%E1%BB%87nh%20vi%E1%BB%87n%20OR%20%5C%22S%E1%BB%9F%20Y%20t%E1%BA%BF%5C%22%29%22&page=1,UNSCREENED_CANDIDATE_LOCATOR_NOT_ACQUIRED
WHO-VNM,DQ-IMPL-05,1,https://www.who.int/vietnam/footer/help/contact-us,https://www.who.int/vietnam/search?query=%28%5Ctr%C3%AD%20tu%E1%BB%87%20nh%C3%A2n%20t%E1%BA%A1o%5C%22%20OR%20AI%29%20AND%20%28%5C%22b%C3%A1o%20c%C3%A1o%20s%E1%BB%B1%20c%E1%BB%91%5C%22%20OR%20%5C%22qu%E1%BA%A3n%20l%C3%BD%20ch%E1%BA%A5t%20l%C6%B0%E1%BB%A3ng%5C%22%20OR%20ki%E1%BB%83m%20to%C3%A1n%20OR%20thanh%20tra%29%20AND%20%28y%20t%E1%BA%BF%20OR%20b%E1%BB%87nh%20vi%E1%BB%87n%20OR%20%5C%22S%E1%BB%9F%20Y%20t%E1%BA%BF%5C%22%29%22&page=1,UNSCREENED_CANDIDATE_LOCATOR_NOT_ACQUIRED
WHO-VNM,DQ-IMPL-05,1,https://www.who.int/vietnam/footer/help/cyber-security,https://www.who.int/vietnam/search?query=%28%5Ctr%C3%AD%20tu%E1%BB%87%20nh%C3%A2n%20t%E1%BA%A1o%5C%22%20OR%20AI%29%20AND%20%28%5C%22b%C3%A1o%20c%C3%A1o%20s%E1%BB%B1%20c%E1%BB%91%5C%22%20OR%20%5C%22qu%E1%BA%A3n%20l%C3%BD%20ch%E1%BA%A5t%20l%C6%B0%E1%BB%A3ng%5C%22%20OR%20ki%E1%BB%83m%20to%C3%A1n%20OR%20thanh%20tra%29%20AND%20%28y%20t%E1%BA%BF%20OR%20b%E1%BB%87nh%20vi%E1%BB%87n%20OR%20%5C%22S%E1%BB%9F%20Y%20t%E1%BA%BF%5C%22%29%22&page=1,UNSCREENED_CANDIDATE_LOCATOR_NOT_ACQUIRED
WHO-VNM,DQ-IMPL-05,1,https://www.who.int/vietnam/footer/help/ethics,https://www.who.int/vietnam/search?query=%28%5Ctr%C3%AD%20tu%E1%BB%87%20nh%C3%A2n%20t%E1%BA%A1o%5C%22%20OR%20AI%29%20AND%20%28%5C%22b%C3%A1o%20c%C3%A1o%20s%E1%BB%B1%20c%E1%BB%91%5C%22%20OR%20%5C%22qu%E1%BA%A3n%20l%C3%BD%20ch%E1%BA%A5t%20l%C6%B0%E1%BB%A3ng%5C%22%20OR%20ki%E1%BB%83m%20to%C3%A1n%20OR%20thanh%20tra%29%20AND%20%28y%20t%E1%BA%BF%20OR%20b%E1%BB%87nh%20vi%E1%BB%87n%20OR%20%5C%22S%E1%BB%9F%20Y%20t%E1%BA%BF%5C%22%29%22&page=1,UNSCREENED_CANDIDATE_LOCATOR_NOT_ACQUIRED
WHO-VNM,DQ-IMPL-05,1,https://www.who.int/vietnam/footer/quick-links,https://www.who.int/vietnam/search?query=%28%5Ctr%C3%AD%20tu%E1%BB%87%20nh%C3%A2n%20t%E1%BA%A1o%5C%22%20OR%20AI%29%20AND%20%28%5C%22b%C3%A1o%20c%C3%A1o%20s%E1%BB%B1%20c%E1%BB%91%5C%22%20OR%20%5C%22qu%E1%BA%A3n%20l%C3%BD%20ch%E1%BA%A5t%20l%C6%B0%E1%BB%A3ng%5C%22%20OR%20ki%E1%BB%83m%20to%C3%A1n%20OR%20thanh%20tra%29%20AND%20%28y%20t%E1%BA%BF%20OR%20b%E1%BB%87nh%20vi%E1%BB%87n%20OR%20%5C%22S%E1%BB%9F%20Y%20t%E1%BA%BF%5C%22%29%22&page=1,UNSCREENED_CANDIDATE_LOCATOR_NOT_ACQUIRED
WHO-VNM,DQ-IMPL-05,1,https://www.who.int/vietnam/footer/quick-links/careers-in-who-viet-nam,https://www.who.int/vietnam/search?query=%28%5Ctr%C3%AD%20tu%E1%BB%87%20nh%C3%A2n%20t%E1%BA%A1o%5C%22%20OR%20AI%29%20AND%20%28%5C%22b%C3%A1o%20c%C3%A1o%20s%E1%BB%B1%20c%E1%BB%91%5C%22%20OR%20%5C%22qu%E1%BA%A3n%20l%C3%BD%20ch%E1%BA%A5t%20l%C6%B0%E1%BB%A3ng%5C%22%20OR%20ki%E1%BB%83m%20to%C3%A1n%20OR%20thanh%20tra%29%20AND%20%28y%20t%E1%BA%BF%20OR%20b%E1%BB%87nh%20vi%E1%BB%87n%20OR%20%5C%22S%E1%BB%9F%20Y%20t%E1%BA%BF%5C%22%29%22&page=1,UNSCREENED_CANDIDATE_LOCATOR_NOT_ACQUIRED
WHO-VNM,DQ-IMPL-05,1,https://www.who.int/vietnam/footer/quick-links/newsroom,https://www.who.int/vietnam/search?query=%28%5Ctr%C3%AD%20tu%E1%BB%87%20nh%C3%A2n%20t%E1%BA%A1o%5C%22%20OR%20AI%29%20AND%20%28%5C%22b%C3%A1o%20c%C3%A1o%20s%E1%BB%B1%20c%E1%BB%91%5C%22%20OR%20%5C%22qu%E1%BA%A3n%20l%C3%BD%20ch%E1%BA%A5t%20l%C6%B0%E1%BB%A3ng%5C%22%20OR%20ki%E1%BB%83m%20to%C3%A1n%20OR%20thanh%20tra%29%20AND%20%28y%20t%E1%BA%BF%20OR%20b%E1%BB%87nh%20vi%E1%BB%87n%20OR%20%5C%22S%E1%BB%9F%20Y%20t%E1%BA%BF%5C%22%29%22&page=1,UNSCREENED_CANDIDATE_LOCATOR_NOT_ACQUIRED
WHO-VNM,DQ-IMPL-05,1,https://www.who.int/vietnam/footer/quick-links/publications-and-information-resources,https://www.who.int/vietnam/search?query=%28%5Ctr%C3%AD%20tu%E1%BB%87%20nh%C3%A2n%20t%E1%BA%A1o%5C%22%20OR%20AI%29%20AND%20%28%5C%22b%C3%A1o%20c%C3%A1o%20s%E1%BB%B1%20c%E1%BB%91%5C%22%20OR%20%5C%22qu%E1%BA%A3n%20l%C3%BD%20ch%E1%BA%A5t%20l%C6%B0%E1%BB%A3ng%5C%22%20OR%20ki%E1%BB%83m%20to%C3%A1n%20OR%20thanh%20tra%29%20AND%20%28y%20t%E1%BA%BF%20OR%20b%E1%BB%87nh%20vi%E1%BB%87n%20OR%20%5C%22S%E1%BB%9F%20Y%20t%E1%BA%BF%5C%22%29%22&page=1,UNSCREENED_CANDIDATE_LOCATOR_NOT_ACQUIRED
WHO-VNM,DQ-IMPL-05,1,https://www.who.int/vietnam/footer/regional-links,https://www.who.int/vietnam/search?query=%28%5Ctr%C3%AD%20tu%E1%BB%87%20nh%C3%A2n%20t%E1%BA%A1o%5C%22%20OR%20AI%29%20AND%20%28%5C%22b%C3%A1o%20c%C3%A1o%20s%E1%BB%B1%20c%E1%BB%91%5C%22%20OR%20%5C%22qu%E1%BA%A3n%20l%C3%BD%20ch%E1%BA%A5t%20l%C6%B0%E1%BB%A3ng%5C%22%20OR%20ki%E1%BB%83m%20to%C3%A1n%20OR%20thanh%20tra%29%20AND%20%28y%20t%E1%BA%BF%20OR%20b%E1%BB%87nh%20vi%E1%BB%87n%20OR%20%5C%22S%E1%BB%9F%20Y%20t%E1%BA%BF%5C%22%29%22&page=1,UNSCREENED_CANDIDATE_LOCATOR_NOT_ACQUIRED
WHO-VNM,DQ-IMPL-05,1,https://www.who.int/vietnam/footer/regional-links/campaigns,https://www.who.int/vietnam/search?query=%28%5Ctr%C3%AD%20tu%E1%BB%87%20nh%C3%A2n%20t%E1%BA%A1o%5C%22%20OR%20AI%29%20AND%20%28%5C%22b%C3%A1o%20c%C3%A1o%20s%E1%BB%B1%20c%E1%BB%91%5C%22%20OR%20%5C%22qu%E1%BA%A3n%20l%C3%BD%20ch%E1%BA%A5t%20l%C6%B0%E1%BB%A3ng%5C%22%20OR%20ki%E1%BB%83m%20to%C3%A1n%20OR%20thanh%20tra%29%20AND%20%28y%20t%E1%BA%BF%20OR%20b%E1%BB%87nh%20vi%E1%BB%87n%20OR%20%5C%22S%E1%BB%9F%20Y%20t%E1%BA%BF%5C%22%29%22&page=1,UNSCREENED_CANDIDATE_LOCATOR_NOT_ACQUIRED
WHO-VNM,DQ-IMPL-05,1,https://www.who.int/vietnam/footer/regional-links/careers,https://www.who.int/vietnam/search?query=%28%5Ctr%C3%AD%20tu%E1%BB%87%20nh%C3%A2n%20t%E1%BA%A1o%5C%22%20OR%20AI%29%20AND%20%28%5C%22b%C3%A1o%20c%C3%A1o%20s%E1%BB%B1%20c%E1%BB%91%5C%22%20OR%20%5C%22qu%E1%BA%A3n%20l%C3%BD%20ch%E1%BA%A5t%20l%C6%B0%E1%BB%A3ng%5C%22%20OR%20ki%E1%BB%83m%20to%C3%A1n%20OR%20thanh%20tra%29%20AND%20%28y%20t%E1%BA%BF%20OR%20b%E1%BB%87nh%20vi%E1%BB%87n%20OR%20%5C%22S%E1%BB%9F%20Y%20t%E1%BA%BF%5C%22%29%22&page=1,UNSCREENED_CANDIDATE_LOCATOR_NOT_ACQUIRED
WHO-VNM,DQ-IMPL-05,1,https://www.who.int/vietnam/footer/regional-links/data,https://www.who.int/vietnam/search?query=%28%5Ctr%C3%AD%20tu%E1%BB%87%20nh%C3%A2n%20t%E1%BA%A1o%5C%22%20OR%20AI%29%20AND%20%28%5C%22b%C3%A1o%20c%C3%A1o%20s%E1%BB%B1%20c%E1%BB%91%5C%22%20OR%20%5C%22qu%E1%BA%A3n%20l%C3%BD%20ch%E1%BA%A5t%20l%C6%B0%E1%BB%A3ng%5C%22%20OR%20ki%E1%BB%83m%20to%C3%A1n%20OR%20thanh%20tra%29%20AND%20%28y%20t%E1%BA%BF%20OR%20b%E1%BB%87nh%20vi%E1%BB%87n%20OR%20%5C%22S%E1%BB%9F%20Y%20t%E1%BA%BF%5C%22%29%22&page=1,UNSCREENED_CANDIDATE_LOCATOR_NOT_ACQUIRED
WHO-VNM,DQ-IMPL-05,1,https://www.who.int/vietnam/footer/regional-links/publications,https://www.who.int/vietnam/search?query=%28%5Ctr%C3%AD%20tu%E1%BB%87%20nh%C3%A2n%20t%E1%BA%A1o%5C%22%20OR%20AI%29%20AND%20%28%5C%22b%C3%A1o%20c%C3%A1o%20s%E1%BB%B1%20c%E1%BB%91%5C%22%20OR%20%5C%22qu%E1%BA%A3n%20l%C3%BD%20ch%E1%BA%A5t%20l%C6%B0%E1%BB%A3ng%5C%22%20OR%20ki%E1%BB%83m%20to%C3%A1n%20OR%20thanh%20tra%29%20AND%20%28y%20t%E1%BA%BF%20OR%20b%E1%BB%87nh%20vi%E1%BB%87n%20OR%20%5C%22S%E1%BB%9F%20Y%20t%E1%BA%BF%5C%22%29%22&page=1,UNSCREENED_CANDIDATE_LOCATOR_NOT_ACQUIRED
WHO-VNM,DQ-IMPL-05,1,https://www.who.int/vietnam/health-topics,https://www.who.int/vietnam/search?query=%28%5Ctr%C3%AD%20tu%E1%BB%87%20nh%C3%A2n%20t%E1%BA%A1o%5C%22%20OR%20AI%29%20AND%20%28%5C%22b%C3%A1o%20c%C3%A1o%20s%E1%BB%B1%20c%E1%BB%91%5C%22%20OR%20%5C%22qu%E1%BA%A3n%20l%C3%BD%20ch%E1%BA%A5t%20l%C6%B0%E1%BB%A3ng%5C%22%20OR%20ki%E1%BB%83m%20to%C3%A1n%20OR%20thanh%20tra%29%20AND%20%28y%20t%E1%BA%BF%20OR%20b%E1%BB%87nh%20vi%E1%BB%87n%20OR%20%5C%22S%E1%BB%9F%20Y%20t%E1%BA%BF%5C%22%29%22&page=1,UNSCREENED_CANDIDATE_LOCATOR_NOT_ACQUIRED
WHO-VNM,DQ-IMPL-05,1,https://www.who.int/vietnam/news,https://www.who.int/vietnam/search?query=%28%5Ctr%C3%AD%20tu%E1%BB%87%20nh%C3%A2n%20t%E1%BA%A1o%5C%22%20OR%20AI%29%20AND%20%28%5C%22b%C3%A1o%20c%C3%A1o%20s%E1%BB%B1%20c%E1%BB%91%5C%22%20OR%20%5C%22qu%E1%BA%A3n%20l%C3%BD%20ch%E1%BA%A5t%20l%C6%B0%E1%BB%A3ng%5C%22%20OR%20ki%E1%BB%83m%20to%C3%A1n%20OR%20thanh%20tra%29%20AND%20%28y%20t%E1%BA%BF%20OR%20b%E1%BB%87nh%20vi%E1%BB%87n%20OR%20%5C%22S%E1%BB%9F%20Y%20t%E1%BA%BF%5C%22%29%22&page=1,UNSCREENED_CANDIDATE_LOCATOR_NOT_ACQUIRED
WHO-VNM,DQ-IMPL-05,1,https://www.who.int/vietnam/our-work,https://www.who.int/vietnam/search?query=%28%5Ctr%C3%AD%20tu%E1%BB%87%20nh%C3%A2n%20t%E1%BA%A1o%5C%22%20OR%20AI%29%20AND%20%28%5C%22b%C3%A1o%20c%C3%A1o%20s%E1%BB%B1%20c%E1%BB%91%5C%22%20OR%20%5C%22qu%E1%BA%A3n%20l%C3%BD%20ch%E1%BA%A5t%20l%C6%B0%E1%BB%A3ng%5C%22%20OR%20ki%E1%BB%83m%20to%C3%A1n%20OR%20thanh%20tra%29%20AND%20%28y%20t%E1%BA%BF%20OR%20b%E1%BB%87nh%20vi%E1%BB%87n%20OR%20%5C%22S%E1%BB%9F%20Y%20t%E1%BA%BF%5C%22%29%22&page=1,UNSCREENED_CANDIDATE_LOCATOR_NOT_ACQUIRED
WHO-VNM,DQ-IMPL-05,1,https://www.who.int/vietnam/search?query=%28%5Ctr%C3%AD%20tu%E1%BB%87%20nh%C3%A2n%20t%E1%BA%A1o%5C%22%20OR%20AI%29%20AND%20%28%5C%22b%C3%A1o%20c%C3%A1o%20s%E1%BB%B1%20c%E1%BB%91%5C%22%20OR%20%5C%22qu%E1%BA%A3n%20l%C3%BD%20ch%E1%BA%A5t%20l%C6%B0%E1%BB%A3ng%5C%22%20OR%20ki%E1%BB%83m%20to%C3%A1n%20OR%20thanh%20tra%29%20AND%20%28y%20t%E1%BA%BF%20OR%20b%E1%BB%87nh%20vi%E1%BB%87n%20OR%20%5C%22S%E1%BB%9F%20Y%20t%E1%BA%BF%5C%22%29%22&page=1,https://www.who.int/vietnam/search?query=%28%5Ctr%C3%AD%20tu%E1%BB%87%20nh%C3%A2n%20t%E1%BA%A1o%5C%22%20OR%20AI%29%20AND%20%28%5C%22b%C3%A1o%20c%C3%A1o%20s%E1%BB%B1%20c%E1%BB%91%5C%22%20OR%20%5C%22qu%E1%BA%A3n%20l%C3%BD%20ch%E1%BA%A5t%20l%C6%B0%E1%BB%A3ng%5C%22%20OR%20ki%E1%BB%83m%20to%C3%A1n%20OR%20thanh%20tra%29%20AND%20%28y%20t%E1%BA%BF%20OR%20b%E1%BB%87nh%20vi%E1%BB%87n%20OR%20%5C%22S%E1%BB%9F%20Y%20t%E1%BA%BF%5C%22%29%22&page=1,UNSCREENED_CANDIDATE_LOCATOR_NOT_ACQUIRED
WHO-VNM,DQ-IMPL-05,1,https://www.who.int/wallisandfutuna/home,https://www.who.int/vietnam/search?query=%28%5Ctr%C3%AD%20tu%E1%BB%87%20nh%C3%A2n%20t%E1%BA%A1o%5C%22%20OR%20AI%29%20AND%20%28%5C%22b%C3%A1o%20c%C3%A1o%20s%E1%BB%B1%20c%E1%BB%91%5C%22%20OR%20%5C%22qu%E1%BA%A3n%20l%C3%BD%20ch%E1%BA%A5t%20l%C6%B0%E1%BB%A3ng%5C%22%20OR%20ki%E1%BB%83m%20to%C3%A1n%20OR%20thanh%20tra%29%20AND%20%28y%20t%E1%BA%BF%20OR%20b%E1%BB%87nh%20vi%E1%BB%87n%20OR%20%5C%22S%E1%BB%9F%20Y%20t%E1%BA%BF%5C%22%29%22&page=1,UNSCREENED_CANDIDATE_LOCATOR_NOT_ACQUIRED
WHO-VNM,DQ-IMPL-05,1,https://www.who.int/westernpacific/,https://www.who.int/vietnam/search?query=%28%5Ctr%C3%AD%20tu%E1%BB%87%20nh%C3%A2n%20t%E1%BA%A1o%5C%22%20OR%20AI%29%20AND%20%28%5C%22b%C3%A1o%20c%C3%A1o%20s%E1%BB%B1%20c%E1%BB%91%5C%22%20OR%20%5C%22qu%E1%BA%A3n%20l%C3%BD%20ch%E1%BA%A5t%20l%C6%B0%E1%BB%A3ng%5C%22%20OR%20ki%E1%BB%83m%20to%C3%A1n%20OR%20thanh%20tra%29%20AND%20%28y%20t%E1%BA%BF%20OR%20b%E1%BB%87nh%20vi%E1%BB%87n%20OR%20%5C%22S%E1%BB%9F%20Y%20t%E1%BA%BF%5C%22%29%22&page=1,UNSCREENED_CANDIDATE_LOCATOR_NOT_ACQUIRED
WHO-VNM,DQ-IMPL-05,2,https://www.who.int/vietnam/search?query=%28%5Ctr%C3%AD%20tu%E1%BB%87%20nh%C3%A2n%20t%E1%BA%A1o%5C%22%20OR%20AI%29%20AND%20%28%5C%22b%C3%A1o%20c%C3%A1o%20s%E1%BB%B1%20c%E1%BB%91%5C%22%20OR%20%5C%22qu%E1%BA%A3n%20l%C3%BD%20ch%E1%BA%A5t%20l%C6%B0%E1%BB%A3ng%5C%22%20OR%20ki%E1%BB%83m%20to%C3%A1n%20OR%20thanh%20tra%29%20AND%20%28y%20t%E1%BA%BF%20OR%20b%E1%BB%87nh%20vi%E1%BB%87n%20OR%20%5C%22S%E1%BB%9F%20Y%20t%E1%BA%BF%5C%22%29%22&page=2,https://www.who.int/vietnam/search?query=%28%5Ctr%C3%AD%20tu%E1%BB%87%20nh%C3%A2n%20t%E1%BA%A1o%5C%22%20OR%20AI%29%20AND%20%28%5C%22b%C3%A1o%20c%C3%A1o%20s%E1%BB%B1%20c%E1%BB%91%5C%22%20OR%20%5C%22qu%E1%BA%A3n%20l%C3%BD%20ch%E1%BA%A5t%20l%C6%B0%E1%BB%A3ng%5C%22%20OR%20ki%E1%BB%83m%20to%C3%A1n%20OR%20thanh%20tra%29%20AND%20%28y%20t%E1%BA%BF%20OR%20b%E1%BB%87nh%20vi%E1%BB%87n%20OR%20%5C%22S%E1%BB%9F%20Y%20t%E1%BA%BF%5C%22%29%22&page=2,UNSCREENED_CANDIDATE_LOCATOR_NOT_ACQUIRED
WHO-VNM,DQ-EVID-01,1,https://www.who.int/,https://www.who.int/vietnam/search?query=%28%5C%C4%91%E1%BA%A1o%20%C4%91%E1%BB%A9c%20AI%5C%22%20OR%20%5C%22qu%E1%BA%A3n%20tr%E1%BB%8B%20AI%5C%22%29%20AND%20%28ki%E1%BB%83m%20to%C3%A1n%20OR%20thanh%20tra%20OR%20gi%C3%A1m%20s%C3%A1t%29%22&page=1,UNSCREENED_CANDIDATE_LOCATOR_NOT_ACQUIRED
WHO-VNM,DQ-EVID-01,1,https://www.who.int/americansamoa/,https://www.who.int/vietnam/search?query=%28%5C%C4%91%E1%BA%A1o%20%C4%91%E1%BB%A9c%20AI%5C%22%20OR%20%5C%22qu%E1%BA%A3n%20tr%E1%BB%8B%20AI%5C%22%29%20AND%20%28ki%E1%BB%83m%20to%C3%A1n%20OR%20thanh%20tra%20OR%20gi%C3%A1m%20s%C3%A1t%29%22&page=1,UNSCREENED_CANDIDATE_LOCATOR_NOT_ACQUIRED
WHO-VNM,DQ-EVID-01,1,https://www.who.int/australia/,https://www.who.int/vietnam/search?query=%28%5C%C4%91%E1%BA%A1o%20%C4%91%E1%BB%A9c%20AI%5C%22%20OR%20%5C%22qu%E1%BA%A3n%20tr%E1%BB%8B%20AI%5C%22%29%20AND%20%28ki%E1%BB%83m%20to%C3%A1n%20OR%20thanh%20tra%20OR%20gi%C3%A1m%20s%C3%A1t%29%22&page=1,UNSCREENED_CANDIDATE_LOCATOR_NOT_ACQUIRED
WHO-VNM,DQ-EVID-01,1,https://www.who.int/brunei/,https://www.who.int/vietnam/search?query=%28%5C%C4%91%E1%BA%A1o%20%C4%91%E1%BB%A9c%20AI%5C%22%20OR%20%5C%22qu%E1%BA%A3n%20tr%E1%BB%8B%20AI%5C%22%29%20AND%20%28ki%E1%BB%83m%20to%C3%A1n%20OR%20thanh%20tra%20OR%20gi%C3%A1m%20s%C3%A1t%29%22&page=1,UNSCREENED_CANDIDATE_LOCATOR_NOT_ACQUIRED
WHO-VNM,DQ-EVID-01,1,https://www.who.int/cambodia/,https://www.who.int/vietnam/search?query=%28%5C%C4%91%E1%BA%A1o%20%C4%91%E1%BB%A9c%20AI%5C%22%20OR%20%5C%22qu%E1%BA%A3n%20tr%E1%BB%8B%20AI%5C%22%29%20AND%20%28ki%E1%BB%83m%20to%C3%A1n%20OR%20thanh%20tra%20OR%20gi%C3%A1m%20s%C3%A1t%29%22&page=1,UNSCREENED_CANDIDATE_LOCATOR_NOT_ACQUIRED
WHO-VNM,DQ-EVID-01,1,https://www.who.int/china/,https://www.who.int/vietnam/search?query=%28%5C%C4%91%E1%BA%A1o%20%C4%91%E1%BB%A9c%20AI%5C%22%20OR%20%5C%22qu%E1%BA%A3n%20tr%E1%BB%8B%20AI%5C%22%29%20AND%20%28ki%E1%BB%83m%20to%C3%A1n%20OR%20thanh%20tra%20OR%20gi%C3%A1m%20s%C3%A1t%29%22&page=1,UNSCREENED_CANDIDATE_LOCATOR_NOT_ACQUIRED
WHO-VNM,DQ-EVID-01,1,https://www.who.int/cookislands/,https://www.who.int/vietnam/search?query=%28%5C%C4%91%E1%BA%A1o%20%C4%91%E1%BB%A9c%20AI%5C%22%20OR%20%5C%22qu%E1%BA%A3n%20tr%E1%BB%8B%20AI%5C%22%29%20AND%20%28ki%E1%BB%83m%20to%C3%A1n%20OR%20thanh%20tra%20OR%20gi%C3%A1m%20s%C3%A1t%29%22&page=1,UNSCREENED_CANDIDATE_LOCATOR_NOT_ACQUIRED
WHO-VNM,DQ-EVID-01,1,https://www.who.int/europe/,https://www.who.int/vietnam/search?query=%28%5C%C4%91%E1%BA%A1o%20%C4%91%E1%BB%A9c%20AI%5C%22%20OR%20%5C%22qu%E1%BA%A3n%20tr%E1%BB%8B%20AI%5C%22%29%20AND%20%28ki%E1%BB%83m%20to%C3%A1n%20OR%20thanh%20tra%20OR%20gi%C3%A1m%20s%C3%A1t%29%22&page=1,UNSCREENED_CANDIDATE_LOCATOR_NOT_ACQUIRED
WHO-VNM,DQ-EVID-01,1,https://www.who.int/fiji/,https://www.who.int/vietnam/search?query=%28%5C%C4%91%E1%BA%A1o%20%C4%91%E1%BB%A9c%20AI%5C%22%20OR%20%5C%22qu%E1%BA%A3n%20tr%E1%BB%8B%20AI%5C%22%29%20AND%20%28ki%E1%BB%83m%20to%C3%A1n%20OR%20thanh%20tra%20OR%20gi%C3%A1m%20s%C3%A1t%29%22&page=1,UNSCREENED_CANDIDATE_LOCATOR_NOT_ACQUIRED
WHO-VNM,DQ-EVID-01,1,https://www.who.int/frenchpolynesia/,https://www.who.int/vietnam/search?query=%28%5C%C4%91%E1%BA%A1o%20%C4%91%E1%BB%A9c%20AI%5C%22%20OR%20%5C%22qu%E1%BA%A3n%20tr%E1%BB%8B%20AI%5C%22%29%20AND%20%28ki%E1%BB%83m%20to%C3%A1n%20OR%20thanh%20tra%20OR%20gi%C3%A1m%20s%C3%A1t%29%22&page=1,UNSCREENED_CANDIDATE_LOCATOR_NOT_ACQUIRED
WHO-VNM,DQ-EVID-01,1,https://www.who.int/guam/,https://www.who.int/vietnam/search?query=%28%5C%C4%91%E1%BA%A1o%20%C4%91%E1%BB%A9c%20AI%5C%22%20OR%20%5C%22qu%E1%BA%A3n%20tr%E1%BB%8B%20AI%5C%22%29%20AND%20%28ki%E1%BB%83m%20to%C3%A1n%20OR%20thanh%20tra%20OR%20gi%C3%A1m%20s%C3%A1t%29%22&page=1,UNSCREENED_CANDIDATE_LOCATOR_NOT_ACQUIRED
WHO-VNM,DQ-EVID-01,1,https://www.who.int/hongkongchina/,https://www.who.int/vietnam/search?query=%28%5C%C4%91%E1%BA%A1o%20%C4%91%E1%BB%A9c%20AI%5C%22%20OR%20%5C%22qu%E1%BA%A3n%20tr%E1%BB%8B%20AI%5C%22%29%20AND%20%28ki%E1%BB%83m%20to%C3%A1n%20OR%20thanh%20tra%20OR%20gi%C3%A1m%20s%C3%A1t%29%22&page=1,UNSCREENED_CANDIDATE_LOCATOR_NOT_ACQUIRED
WHO-VNM,DQ-EVID-01,1,https://www.who.int/indonesia/,https://www.who.int/vietnam/search?query=%28%5C%C4%91%E1%BA%A1o%20%C4%91%E1%BB%A9c%20AI%5C%22%20OR%20%5C%22qu%E1%BA%A3n%20tr%E1%BB%8B%20AI%5C%22%29%20AND%20%28ki%E1%BB%83m%20to%C3%A1n%20OR%20thanh%20tra%20OR%20gi%C3%A1m%20s%C3%A1t%29%22&page=1,UNSCREENED_CANDIDATE_LOCATOR_NOT_ACQUIRED
WHO-VNM,DQ-EVID-01,1,https://www.who.int/japan/,https://www.who.int/vietnam/search?query=%28%5C%C4%91%E1%BA%A1o%20%C4%91%E1%BB%A9c%20AI%5C%22%20OR%20%5C%22qu%E1%BA%A3n%20tr%E1%BB%8B%20AI%5C%22%29%20AND%20%28ki%E1%BB%83m%20to%C3%A1n%20OR%20thanh%20tra%20OR%20gi%C3%A1m%20s%C3%A1t%29%22&page=1,UNSCREENED_CANDIDATE_LOCATOR_NOT_ACQUIRED
WHO-VNM,DQ-EVID-01,1,https://www.who.int/kiribati/,https://www.who.int/vietnam/search?query=%28%5C%C4%91%E1%BA%A1o%20%C4%91%E1%BB%A9c%20AI%5C%22%20OR%20%5C%22qu%E1%BA%A3n%20tr%E1%BB%8B%20AI%5C%22%29%20AND%20%28ki%E1%BB%83m%20to%C3%A1n%20OR%20thanh%20tra%20OR%20gi%C3%A1m%20s%C3%A1t%29%22&page=1,UNSCREENED_CANDIDATE_LOCATOR_NOT_ACQUIRED
WHO-VNM,DQ-EVID-01,1,https://www.who.int/laos/,https://www.who.int/vietnam/search?query=%28%5C%C4%91%E1%BA%A1o%20%C4%91%E1%BB%A9c%20AI%5C%22%20OR%20%5C%22qu%E1%BA%A3n%20tr%E1%BB%8B%20AI%5C%22%29%20AND%20%28ki%E1%BB%83m%20to%C3%A1n%20OR%20thanh%20tra%20OR%20gi%C3%A1m%20s%C3%A1t%29%22&page=1,UNSCREENED_CANDIDATE_LOCATOR_NOT_ACQUIRED
WHO-VNM,DQ-EVID-01,1,https://www.who.int/macaochina/,https://www.who.int/vietnam/search?query=%28%5C%C4%91%E1%BA%A1o%20%C4%91%E1%BB%A9c%20AI%5C%22%20OR%20%5C%22qu%E1%BA%A3n%20tr%E1%BB%8B%20AI%5C%22%29%20AND%20%28ki%E1%BB%83m%20to%C3%A1n%20OR%20thanh%20tra%20OR%20gi%C3%A1m%20s%C3%A1t%29%22&page=1,UNSCREENED_CANDIDATE_LOCATOR_NOT_ACQUIRED
WHO-VNM,DQ-EVID-01,1,https://www.who.int/malaysia/,https://www.who.int/vietnam/search?query=%28%5C%C4%91%E1%BA%A1o%20%C4%91%E1%BB%A9c%20AI%5C%22%20OR%20%5C%22qu%E1%BA%A3n%20tr%E1%BB%8B%20AI%5C%22%29%20AND%20%28ki%E1%BB%83m%20to%C3%A1n%20OR%20thanh%20tra%20OR%20gi%C3%A1m%20s%C3%A1t%29%22&page=1,UNSCREENED_CANDIDATE_LOCATOR_NOT_ACQUIRED
WHO-VNM,DQ-EVID-01,1,https://www.who.int/marshallislands/,https://www.who.int/vietnam/search?query=%28%5C%C4%91%E1%BA%A1o%20%C4%91%E1%BB%A9c%20AI%5C%22%20OR%20%5C%22qu%E1%BA%A3n%20tr%E1%BB%8B%20AI%5C%22%29%20AND%20%28ki%E1%BB%83m%20to%C3%A1n%20OR%20thanh%20tra%20OR%20gi%C3%A1m%20s%C3%A1t%29%22&page=1,UNSCREENED_CANDIDATE_LOCATOR_NOT_ACQUIRED
WHO-VNM,DQ-EVID-01,1,https://www.who.int/micronesia/,https://www.who.int/vietnam/search?query=%28%5C%C4%91%E1%BA%A1o%20%C4%91%E1%BB%A9c%20AI%5C%22%20OR%20%5C%22qu%E1%BA%A3n%20tr%E1%BB%8B%20AI%5C%22%29%20AND%20%28ki%E1%BB%83m%20to%C3%A1n%20OR%20thanh%20tra%20OR%20gi%C3%A1m%20s%C3%A1t%29%22&page=1,UNSCREENED_CANDIDATE_LOCATOR_NOT_ACQUIRED
WHO-VNM,DQ-EVID-01,1,https://www.who.int/mongolia/,https://www.who.int/vietnam/search?query=%28%5C%C4%91%E1%BA%A1o%20%C4%91%E1%BB%A9c%20AI%5C%22%20OR%20%5C%22qu%E1%BA%A3n%20tr%E1%BB%8B%20AI%5C%22%29%20AND%20%28ki%E1%BB%83m%20to%C3%A1n%20OR%20thanh%20tra%20OR%20gi%C3%A1m%20s%C3%A1t%29%22&page=1,UNSCREENED_CANDIDATE_LOCATOR_NOT_ACQUIRED
WHO-VNM,DQ-EVID-01,1,https://www.who.int/nauru/,https://www.who.int/vietnam/search?query=%28%5C%C4%91%E1%BA%A1o%20%C4%91%E1%BB%A9c%20AI%5C%22%20OR%20%5C%22qu%E1%BA%A3n%20tr%E1%BB%8B%20AI%5C%22%29%20AND%20%28ki%E1%BB%83m%20to%C3%A1n%20OR%20thanh%20tra%20OR%20gi%C3%A1m%20s%C3%A1t%29%22&page=1,UNSCREENED_CANDIDATE_LOCATOR_NOT_ACQUIRED
WHO-VNM,DQ-EVID-01,1,https://www.who.int/newcaledonia/,https://www.who.int/vietnam/search?query=%28%5C%C4%91%E1%BA%A1o%20%C4%91%E1%BB%A9c%20AI%5C%22%20OR%20%5C%22qu%E1%BA%A3n%20tr%E1%BB%8B%20AI%5C%22%29%20AND%20%28ki%E1%BB%83m%20to%C3%A1n%20OR%20thanh%20tra%20OR%20gi%C3%A1m%20s%C3%A1t%29%22&page=1,UNSCREENED_CANDIDATE_LOCATOR_NOT_ACQUIRED
WHO-VNM,DQ-EVID-01,1,https://www.who.int/newzealand/,https://www.who.int/vietnam/search?query=%28%5C%C4%91%E1%BA%A1o%20%C4%91%E1%BB%A9c%20AI%5C%22%20OR%20%5C%22qu%E1%BA%A3n%20tr%E1%BB%8B%20AI%5C%22%29%20AND%20%28ki%E1%BB%83m%20to%C3%A1n%20OR%20thanh%20tra%20OR%20gi%C3%A1m%20s%C3%A1t%29%22&page=1,UNSCREENED_CANDIDATE_LOCATOR_NOT_ACQUIRED
WHO-VNM,DQ-EVID-01,1,https://www.who.int/niue/,https://www.who.int/vietnam/search?query=%28%5C%C4%91%E1%BA%A1o%20%C4%91%E1%BB%A9c%20AI%5C%22%20OR%20%5C%22qu%E1%BA%A3n%20tr%E1%BB%8B%20AI%5C%22%29%20AND%20%28ki%E1%BB%83m%20to%C3%A1n%20OR%20thanh%20tra%20OR%20gi%C3%A1m%20s%C3%A1t%29%22&page=1,UNSCREENED_CANDIDATE_LOCATOR_NOT_ACQUIRED
WHO-VNM,DQ-EVID-01,1,https://www.who.int/northernmarianaislands/,https://www.who.int/vietnam/search?query=%28%5C%C4%91%E1%BA%A1o%20%C4%91%E1%BB%A9c%20AI%5C%22%20OR%20%5C%22qu%E1%BA%A3n%20tr%E1%BB%8B%20AI%5C%22%29%20AND%20%28ki%E1%BB%83m%20to%C3%A1n%20OR%20thanh%20tra%20OR%20gi%C3%A1m%20s%C3%A1t%29%22&page=1,UNSCREENED_CANDIDATE_LOCATOR_NOT_ACQUIRED
WHO-VNM,DQ-EVID-01,1,https://www.who.int/palau/,https://www.who.int/vietnam/search?query=%28%5C%C4%91%E1%BA%A1o%20%C4%91%E1%BB%A9c%20AI%5C%22%20OR%20%5C%22qu%E1%BA%A3n%20tr%E1%BB%8B%20AI%5C%22%29%20AND%20%28ki%E1%BB%83m%20to%C3%A1n%20OR%20thanh%20tra%20OR%20gi%C3%A1m%20s%C3%A1t%29%22&page=1,UNSCREENED_CANDIDATE_LOCATOR_NOT_ACQUIRED
WHO-VNM,DQ-EVID-01,1,https://www.who.int/papuanewguinea/,https://www.who.int/vietnam/search?query=%28%5C%C4%91%E1%BA%A1o%20%C4%91%E1%BB%A9c%20AI%5C%22%20OR%20%5C%22qu%E1%BA%A3n%20tr%E1%BB%8B%20AI%5C%22%29%20AND%20%28ki%E1%BB%83m%20to%C3%A1n%20OR%20thanh%20tra%20OR%20gi%C3%A1m%20s%C3%A1t%29%22&page=1,UNSCREENED_CANDIDATE_LOCATOR_NOT_ACQUIRED
WHO-VNM,DQ-EVID-01,1,https://www.who.int/philippines/,https://www.who.int/vietnam/search?query=%28%5C%C4%91%E1%BA%A1o%20%C4%91%E1%BB%A9c%20AI%5C%22%20OR%20%5C%22qu%E1%BA%A3n%20tr%E1%BB%8B%20AI%5C%22%29%20AND%20%28ki%E1%BB%83m%20to%C3%A1n%20OR%20thanh%20tra%20OR%20gi%C3%A1m%20s%C3%A1t%29%22&page=1,UNSCREENED_CANDIDATE_LOCATOR_NOT_ACQUIRED
WHO-VNM,DQ-EVID-01,1,https://www.who.int/pitcairnislands/,https://www.who.int/vietnam/search?query=%28%5C%C4%91%E1%BA%A1o%20%C4%91%E1%BB%A9c%20AI%5C%22%20OR%20%5C%22qu%E1%BA%A3n%20tr%E1%BB%8B%20AI%5C%22%29%20AND%20%28ki%E1%BB%83m%20to%C3%A1n%20OR%20thanh%20tra%20OR%20gi%C3%A1m%20s%C3%A1t%29%22&page=1,UNSCREENED_CANDIDATE_LOCATOR_NOT_ACQUIRED
WHO-VNM,DQ-EVID-01,1,https://www.who.int/republicofkorea/,https://www.who.int/vietnam/search?query=%28%5C%C4%91%E1%BA%A1o%20%C4%91%E1%BB%A9c%20AI%5C%22%20OR%20%5C%22qu%E1%BA%A3n%20tr%E1%BB%8B%20AI%5C%22%29%20AND%20%28ki%E1%BB%83m%20to%C3%A1n%20OR%20thanh%20tra%20OR%20gi%C3%A1m%20s%C3%A1t%29%22&page=1,UNSCREENED_CANDIDATE_LOCATOR_NOT_ACQUIRED
WHO-VNM,DQ-EVID-01,1,https://www.who.int/samoa/,https://www.who.int/vietnam/search?query=%28%5C%C4%91%E1%BA%A1o%20%C4%91%E1%BB%A9c%20AI%5C%22%20OR%20%5C%22qu%E1%BA%A3n%20tr%E1%BB%8B%20AI%5C%22%29%20AND%20%28ki%E1%BB%83m%20to%C3%A1n%20OR%20thanh%20tra%20OR%20gi%C3%A1m%20s%C3%A1t%29%22&page=1,UNSCREENED_CANDIDATE_LOCATOR_NOT_ACQUIRED
WHO-VNM,DQ-EVID-01,1,https://www.who.int/singapore/,https://www.who.int/vietnam/search?query=%28%5C%C4%91%E1%BA%A1o%20%C4%91%E1%BB%A9c%20AI%5C%22%20OR%20%5C%22qu%E1%BA%A3n%20tr%E1%BB%8B%20AI%5C%22%29%20AND%20%28ki%E1%BB%83m%20to%C3%A1n%20OR%20thanh%20tra%20OR%20gi%C3%A1m%20s%C3%A1t%29%22&page=1,UNSCREENED_CANDIDATE_LOCATOR_NOT_ACQUIRED
WHO-VNM,DQ-EVID-01,1,https://www.who.int/solomonislands/home,https://www.who.int/vietnam/search?query=%28%5C%C4%91%E1%BA%A1o%20%C4%91%E1%BB%A9c%20AI%5C%22%20OR%20%5C%22qu%E1%BA%A3n%20tr%E1%BB%8B%20AI%5C%22%29%20AND%20%28ki%E1%BB%83m%20to%C3%A1n%20OR%20thanh%20tra%20OR%20gi%C3%A1m%20s%C3%A1t%29%22&page=1,UNSCREENED_CANDIDATE_LOCATOR_NOT_ACQUIRED
WHO-VNM,DQ-EVID-01,1,https://www.who.int/southeastasia,https://www.who.int/vietnam/search?query=%28%5C%C4%91%E1%BA%A1o%20%C4%91%E1%BB%A9c%20AI%5C%22%20OR%20%5C%22qu%E1%BA%A3n%20tr%E1%BB%8B%20AI%5C%22%29%20AND%20%28ki%E1%BB%83m%20to%C3%A1n%20OR%20thanh%20tra%20OR%20gi%C3%A1m%20s%C3%A1t%29%22&page=1,UNSCREENED_CANDIDATE_LOCATOR_NOT_ACQUIRED
WHO-VNM,DQ-EVID-01,1,https://www.who.int/tokelau/home,https://www.who.int/vietnam/search?query=%28%5C%C4%91%E1%BA%A1o%20%C4%91%E1%BB%A9c%20AI%5C%22%20OR%20%5C%22qu%E1%BA%A3n%20tr%E1%BB%8B%20AI%5C%22%29%20AND%20%28ki%E1%BB%83m%20to%C3%A1n%20OR%20thanh%20tra%20OR%20gi%C3%A1m%20s%C3%A1t%29%22&page=1,UNSCREENED_CANDIDATE_LOCATOR_NOT_ACQUIRED
WHO-VNM,DQ-EVID-01,1,https://www.who.int/tonga/home,https://www.who.int/vietnam/search?query=%28%5C%C4%91%E1%BA%A1o%20%C4%91%E1%BB%A9c%20AI%5C%22%20OR%20%5C%22qu%E1%BA%A3n%20tr%E1%BB%8B%20AI%5C%22%29%20AND%20%28ki%E1%BB%83m%20to%C3%A1n%20OR%20thanh%20tra%20OR%20gi%C3%A1m%20s%C3%A1t%29%22&page=1,UNSCREENED_CANDIDATE_LOCATOR_NOT_ACQUIRED
WHO-VNM,DQ-EVID-01,1,https://www.who.int/tuvalu/home,https://www.who.int/vietnam/search?query=%28%5C%C4%91%E1%BA%A1o%20%C4%91%E1%BB%A9c%20AI%5C%22%20OR%20%5C%22qu%E1%BA%A3n%20tr%E1%BB%8B%20AI%5C%22%29%20AND%20%28ki%E1%BB%83m%20to%C3%A1n%20OR%20thanh%20tra%20OR%20gi%C3%A1m%20s%C3%A1t%29%22&page=1,UNSCREENED_CANDIDATE_LOCATOR_NOT_ACQUIRED
WHO-VNM,DQ-EVID-01,1,https://www.who.int/vanuatu/home,https://www.who.int/vietnam/search?query=%28%5C%C4%91%E1%BA%A1o%20%C4%91%E1%BB%A9c%20AI%5C%22%20OR%20%5C%22qu%E1%BA%A3n%20tr%E1%BB%8B%20AI%5C%22%29%20AND%20%28ki%E1%BB%83m%20to%C3%A1n%20OR%20thanh%20tra%20OR%20gi%C3%A1m%20s%C3%A1t%29%22&page=1,UNSCREENED_CANDIDATE_LOCATOR_NOT_ACQUIRED
WHO-VNM,DQ-EVID-01,1,https://www.who.int/vietnam,https://www.who.int/vietnam/search?query=%28%5C%C4%91%E1%BA%A1o%20%C4%91%E1%BB%A9c%20AI%5C%22%20OR%20%5C%22qu%E1%BA%A3n%20tr%E1%BB%8B%20AI%5C%22%29%20AND%20%28ki%E1%BB%83m%20to%C3%A1n%20OR%20thanh%20tra%20OR%20gi%C3%A1m%20s%C3%A1t%29%22&page=1,UNSCREENED_CANDIDATE_LOCATOR_NOT_ACQUIRED
WHO-VNM,DQ-EVID-01,1,https://www.who.int/vietnam/,https://www.who.int/vietnam/search?query=%28%5C%C4%91%E1%BA%A1o%20%C4%91%E1%BB%A9c%20AI%5C%22%20OR%20%5C%22qu%E1%BA%A3n%20tr%E1%BB%8B%20AI%5C%22%29%20AND%20%28ki%E1%BB%83m%20to%C3%A1n%20OR%20thanh%20tra%20OR%20gi%C3%A1m%20s%C3%A1t%29%22&page=1,UNSCREENED_CANDIDATE_LOCATOR_NOT_ACQUIRED
WHO-VNM,DQ-EVID-01,1,https://www.who.int/vietnam/about,https://www.who.int/vietnam/search?query=%28%5C%C4%91%E1%BA%A1o%20%C4%91%E1%BB%A9c%20AI%5C%22%20OR%20%5C%22qu%E1%BA%A3n%20tr%E1%BB%8B%20AI%5C%22%29%20AND%20%28ki%E1%BB%83m%20to%C3%A1n%20OR%20thanh%20tra%20OR%20gi%C3%A1m%20s%C3%A1t%29%22&page=1,UNSCREENED_CANDIDATE_LOCATOR_NOT_ACQUIRED
WHO-VNM,DQ-EVID-01,1,https://www.who.int/vietnam/emergencies,https://www.who.int/vietnam/search?query=%28%5C%C4%91%E1%BA%A1o%20%C4%91%E1%BB%A9c%20AI%5C%22%20OR%20%5C%22qu%E1%BA%A3n%20tr%E1%BB%8B%20AI%5C%22%29%20AND%20%28ki%E1%BB%83m%20to%C3%A1n%20OR%20thanh%20tra%20OR%20gi%C3%A1m%20s%C3%A1t%29%22&page=1,UNSCREENED_CANDIDATE_LOCATOR_NOT_ACQUIRED
WHO-VNM,DQ-EVID-01,1,https://www.who.int/vietnam/footer/help,https://www.who.int/vietnam/search?query=%28%5C%C4%91%E1%BA%A1o%20%C4%91%E1%BB%A9c%20AI%5C%22%20OR%20%5C%22qu%E1%BA%A3n%20tr%E1%BB%8B%20AI%5C%22%29%20AND%20%28ki%E1%BB%83m%20to%C3%A1n%20OR%20thanh%20tra%20OR%20gi%C3%A1m%20s%C3%A1t%29%22&page=1,UNSCREENED_CANDIDATE_LOCATOR_NOT_ACQUIRED
WHO-VNM,DQ-EVID-01,1,https://www.who.int/vietnam/footer/help/contact-us,https://www.who.int/vietnam/search?query=%28%5C%C4%91%E1%BA%A1o%20%C4%91%E1%BB%A9c%20AI%5C%22%20OR%20%5C%22qu%E1%BA%A3n%20tr%E1%BB%8B%20AI%5C%22%29%20AND%20%28ki%E1%BB%83m%20to%C3%A1n%20OR%20thanh%20tra%20OR%20gi%C3%A1m%20s%C3%A1t%29%22&page=1,UNSCREENED_CANDIDATE_LOCATOR_NOT_ACQUIRED
WHO-VNM,DQ-EVID-01,1,https://www.who.int/vietnam/footer/help/cyber-security,https://www.who.int/vietnam/search?query=%28%5C%C4%91%E1%BA%A1o%20%C4%91%E1%BB%A9c%20AI%5C%22%20OR%20%5C%22qu%E1%BA%A3n%20tr%E1%BB%8B%20AI%5C%22%29%20AND%20%28ki%E1%BB%83m%20to%C3%A1n%20OR%20thanh%20tra%20OR%20gi%C3%A1m%20s%C3%A1t%29%22&page=1,UNSCREENED_CANDIDATE_LOCATOR_NOT_ACQUIRED
WHO-VNM,DQ-EVID-01,1,https://www.who.int/vietnam/footer/help/ethics,https://www.who.int/vietnam/search?query=%28%5C%C4%91%E1%BA%A1o%20%C4%91%E1%BB%A9c%20AI%5C%22%20OR%20%5C%22qu%E1%BA%A3n%20tr%E1%BB%8B%20AI%5C%22%29%20AND%20%28ki%E1%BB%83m%20to%C3%A1n%20OR%20thanh%20tra%20OR%20gi%C3%A1m%20s%C3%A1t%29%22&page=1,UNSCREENED_CANDIDATE_LOCATOR_NOT_ACQUIRED
WHO-VNM,DQ-EVID-01,1,https://www.who.int/vietnam/footer/quick-links,https://www.who.int/vietnam/search?query=%28%5C%C4%91%E1%BA%A1o%20%C4%91%E1%BB%A9c%20AI%5C%22%20OR%20%5C%22qu%E1%BA%A3n%20tr%E1%BB%8B%20AI%5C%22%29%20AND%20%28ki%E1%BB%83m%20to%C3%A1n%20OR%20thanh%20tra%20OR%20gi%C3%A1m%20s%C3%A1t%29%22&page=1,UNSCREENED_CANDIDATE_LOCATOR_NOT_ACQUIRED
WHO-VNM,DQ-EVID-01,1,https://www.who.int/vietnam/footer/quick-links/careers-in-who-viet-nam,https://www.who.int/vietnam/search?query=%28%5C%C4%91%E1%BA%A1o%20%C4%91%E1%BB%A9c%20AI%5C%22%20OR%20%5C%22qu%E1%BA%A3n%20tr%E1%BB%8B%20AI%5C%22%29%20AND%20%28ki%E1%BB%83m%20to%C3%A1n%20OR%20thanh%20tra%20OR%20gi%C3%A1m%20s%C3%A1t%29%22&page=1,UNSCREENED_CANDIDATE_LOCATOR_NOT_ACQUIRED
WHO-VNM,DQ-EVID-01,1,https://www.who.int/vietnam/footer/quick-links/newsroom,https://www.who.int/vietnam/search?query=%28%5C%C4%91%E1%BA%A1o%20%C4%91%E1%BB%A9c%20AI%5C%22%20OR%20%5C%22qu%E1%BA%A3n%20tr%E1%BB%8B%20AI%5C%22%29%20AND%20%28ki%E1%BB%83m%20to%C3%A1n%20OR%20thanh%20tra%20OR%20gi%C3%A1m%20s%C3%A1t%29%22&page=1,UNSCREENED_CANDIDATE_LOCATOR_NOT_ACQUIRED
WHO-VNM,DQ-EVID-01,1,https://www.who.int/vietnam/footer/quick-links/publications-and-information-resources,https://www.who.int/vietnam/search?query=%28%5C%C4%91%E1%BA%A1o%20%C4%91%E1%BB%A9c%20AI%5C%22%20OR%20%5C%22qu%E1%BA%A3n%20tr%E1%BB%8B%20AI%5C%22%29%20AND%20%28ki%E1%BB%83m%20to%C3%A1n%20OR%20thanh%20tra%20OR%20gi%C3%A1m%20s%C3%A1t%29%22&page=1,UNSCREENED_CANDIDATE_LOCATOR_NOT_ACQUIRED
WHO-VNM,DQ-EVID-01,1,https://www.who.int/vietnam/footer/regional-links,https://www.who.int/vietnam/search?query=%28%5C%C4%91%E1%BA%A1o%20%C4%91%E1%BB%A9c%20AI%5C%22%20OR%20%5C%22qu%E1%BA%A3n%20tr%E1%BB%8B%20AI%5C%22%29%20AND%20%28ki%E1%BB%83m%20to%C3%A1n%20OR%20thanh%20tra%20OR%20gi%C3%A1m%20s%C3%A1t%29%22&page=1,UNSCREENED_CANDIDATE_LOCATOR_NOT_ACQUIRED
WHO-VNM,DQ-EVID-01,1,https://www.who.int/vietnam/footer/regional-links/campaigns,https://www.who.int/vietnam/search?query=%28%5C%C4%91%E1%BA%A1o%20%C4%91%E1%BB%A9c%20AI%5C%22%20OR%20%5C%22qu%E1%BA%A3n%20tr%E1%BB%8B%20AI%5C%22%29%20AND%20%28ki%E1%BB%83m%20to%C3%A1n%20OR%20thanh%20tra%20OR%20gi%C3%A1m%20s%C3%A1t%29%22&page=1,UNSCREENED_CANDIDATE_LOCATOR_NOT_ACQUIRED
WHO-VNM,DQ-EVID-01,1,https://www.who.int/vietnam/footer/regional-links/careers,https://www.who.int/vietnam/search?query=%28%5C%C4%91%E1%BA%A1o%20%C4%91%E1%BB%A9c%20AI%5C%22%20OR%20%5C%22qu%E1%BA%A3n%20tr%E1%BB%8B%20AI%5C%22%29%20AND%20%28ki%E1%BB%83m%20to%C3%A1n%20OR%20thanh%20tra%20OR%20gi%C3%A1m%20s%C3%A1t%29%22&page=1,UNSCREENED_CANDIDATE_LOCATOR_NOT_ACQUIRED
WHO-VNM,DQ-EVID-01,1,https://www.who.int/vietnam/footer/regional-links/data,https://www.who.int/vietnam/search?query=%28%5C%C4%91%E1%BA%A1o%20%C4%91%E1%BB%A9c%20AI%5C%22%20OR%20%5C%22qu%E1%BA%A3n%20tr%E1%BB%8B%20AI%5C%22%29%20AND%20%28ki%E1%BB%83m%20to%C3%A1n%20OR%20thanh%20tra%20OR%20gi%C3%A1m%20s%C3%A1t%29%22&page=1,UNSCREENED_CANDIDATE_LOCATOR_NOT_ACQUIRED
WHO-VNM,DQ-EVID-01,1,https://www.who.int/vietnam/footer/regional-links/publications,https://www.who.int/vietnam/search?query=%28%5C%C4%91%E1%BA%A1o%20%C4%91%E1%BB%A9c%20AI%5C%22%20OR%20%5C%22qu%E1%BA%A3n%20tr%E1%BB%8B%20AI%5C%22%29%20AND%20%28ki%E1%BB%83m%20to%C3%A1n%20OR%20thanh%20tra%20OR%20gi%C3%A1m%20s%C3%A1t%29%22&page=1,UNSCREENED_CANDIDATE_LOCATOR_NOT_ACQUIRED
WHO-VNM,DQ-EVID-01,1,https://www.who.int/vietnam/health-topics,https://www.who.int/vietnam/search?query=%28%5C%C4%91%E1%BA%A1o%20%C4%91%E1%BB%A9c%20AI%5C%22%20OR%20%5C%22qu%E1%BA%A3n%20tr%E1%BB%8B%20AI%5C%22%29%20AND%20%28ki%E1%BB%83m%20to%C3%A1n%20OR%20thanh%20tra%20OR%20gi%C3%A1m%20s%C3%A1t%29%22&page=1,UNSCREENED_CANDIDATE_LOCATOR_NOT_ACQUIRED
WHO-VNM,DQ-EVID-01,1,https://www.who.int/vietnam/news,https://www.who.int/vietnam/search?query=%28%5C%C4%91%E1%BA%A1o%20%C4%91%E1%BB%A9c%20AI%5C%22%20OR%20%5C%22qu%E1%BA%A3n%20tr%E1%BB%8B%20AI%5C%22%29%20AND%20%28ki%E1%BB%83m%20to%C3%A1n%20OR%20thanh%20tra%20OR%20gi%C3%A1m%20s%C3%A1t%29%22&page=1,UNSCREENED_CANDIDATE_LOCATOR_NOT_ACQUIRED
WHO-VNM,DQ-EVID-01,1,https://www.who.int/vietnam/our-work,https://www.who.int/vietnam/search?query=%28%5C%C4%91%E1%BA%A1o%20%C4%91%E1%BB%A9c%20AI%5C%22%20OR%20%5C%22qu%E1%BA%A3n%20tr%E1%BB%8B%20AI%5C%22%29%20AND%20%28ki%E1%BB%83m%20to%C3%A1n%20OR%20thanh%20tra%20OR%20gi%C3%A1m%20s%C3%A1t%29%22&page=1,UNSCREENED_CANDIDATE_LOCATOR_NOT_ACQUIRED
WHO-VNM,DQ-EVID-01,1,https://www.who.int/vietnam/search?query=%28%5C%C4%91%E1%BA%A1o%20%C4%91%E1%BB%A9c%20AI%5C%22%20OR%20%5C%22qu%E1%BA%A3n%20tr%E1%BB%8B%20AI%5C%22%29%20AND%20%28ki%E1%BB%83m%20to%C3%A1n%20OR%20thanh%20tra%20OR%20gi%C3%A1m%20s%C3%A1t%29%22&page=1,https://www.who.int/vietnam/search?query=%28%5C%C4%91%E1%BA%A1o%20%C4%91%E1%BB%A9c%20AI%5C%22%20OR%20%5C%22qu%E1%BA%A3n%20tr%E1%BB%8B%20AI%5C%22%29%20AND%20%28ki%E1%BB%83m%20to%C3%A1n%20OR%20thanh%20tra%20OR%20gi%C3%A1m%20s%C3%A1t%29%22&page=1,UNSCREENED_CANDIDATE_LOCATOR_NOT_ACQUIRED
WHO-VNM,DQ-EVID-01,1,https://www.who.int/wallisandfutuna/home,https://www.who.int/vietnam/search?query=%28%5C%C4%91%E1%BA%A1o%20%C4%91%E1%BB%A9c%20AI%5C%22%20OR%20%5C%22qu%E1%BA%A3n%20tr%E1%BB%8B%20AI%5C%22%29%20AND%20%28ki%E1%BB%83m%20to%C3%A1n%20OR%20thanh%20tra%20OR%20gi%C3%A1m%20s%C3%A1t%29%22&page=1,UNSCREENED_CANDIDATE_LOCATOR_NOT_ACQUIRED
WHO-VNM,DQ-EVID-01,1,https://www.who.int/westernpacific/,https://www.who.int/vietnam/search?query=%28%5C%C4%91%E1%BA%A1o%20%C4%91%E1%BB%A9c%20AI%5C%22%20OR%20%5C%22qu%E1%BA%A3n%20tr%E1%BB%8B%20AI%5C%22%29%20AND%20%28ki%E1%BB%83m%20to%C3%A1n%20OR%20thanh%20tra%20OR%20gi%C3%A1m%20s%C3%A1t%29%22&page=1,UNSCREENED_CANDIDATE_LOCATOR_NOT_ACQUIRED
WHO-VNM,DQ-EVID-01,2,https://www.who.int/vietnam/search?query=%28%5C%C4%91%E1%BA%A1o%20%C4%91%E1%BB%A9c%20AI%5C%22%20OR%20%5C%22qu%E1%BA%A3n%20tr%E1%BB%8B%20AI%5C%22%29%20AND%20%28ki%E1%BB%83m%20to%C3%A1n%20OR%20thanh%20tra%20OR%20gi%C3%A1m%20s%C3%A1t%29%22&page=2,https://www.who.int/vietnam/search?query=%28%5C%C4%91%E1%BA%A1o%20%C4%91%E1%BB%A9c%20AI%5C%22%20OR%20%5C%22qu%E1%BA%A3n%20tr%E1%BB%8B%20AI%5C%22%29%20AND%20%28ki%E1%BB%83m%20to%C3%A1n%20OR%20thanh%20tra%20OR%20gi%C3%A1m%20s%C3%A1t%29%22&page=2,UNSCREENED_CANDIDATE_LOCATOR_NOT_ACQUIRED
WHO-VNM,DQ-EVID-02,1,https://www.who.int/,https://www.who.int/vietnam/search?query=%28%5CAI%5C%22%20OR%20%5C%22tr%C3%AD%20tu%E1%BB%87%20nh%C3%A2n%20t%E1%BA%A1o%5C%22%29%20AND%20%28s%E1%BB%B1%20c%E1%BB%91%20OR%20khi%E1%BA%BFu%20n%E1%BA%A1i%20OR%20kh%E1%BA%AFc%20ph%E1%BB%A5c%29%20AND%20%28y%20t%E1%BA%BF%20OR%20b%E1%BB%87nh%20vi%E1%BB%87n%29%22&page=1,UNSCREENED_CANDIDATE_LOCATOR_NOT_ACQUIRED
WHO-VNM,DQ-EVID-02,1,https://www.who.int/americansamoa/,https://www.who.int/vietnam/search?query=%28%5CAI%5C%22%20OR%20%5C%22tr%C3%AD%20tu%E1%BB%87%20nh%C3%A2n%20t%E1%BA%A1o%5C%22%29%20AND%20%28s%E1%BB%B1%20c%E1%BB%91%20OR%20khi%E1%BA%BFu%20n%E1%BA%A1i%20OR%20kh%E1%BA%AFc%20ph%E1%BB%A5c%29%20AND%20%28y%20t%E1%BA%BF%20OR%20b%E1%BB%87nh%20vi%E1%BB%87n%29%22&page=1,UNSCREENED_CANDIDATE_LOCATOR_NOT_ACQUIRED
WHO-VNM,DQ-EVID-02,1,https://www.who.int/australia/,https://www.who.int/vietnam/search?query=%28%5CAI%5C%22%20OR%20%5C%22tr%C3%AD%20tu%E1%BB%87%20nh%C3%A2n%20t%E1%BA%A1o%5C%22%29%20AND%20%28s%E1%BB%B1%20c%E1%BB%91%20OR%20khi%E1%BA%BFu%20n%E1%BA%A1i%20OR%20kh%E1%BA%AFc%20ph%E1%BB%A5c%29%20AND%20%28y%20t%E1%BA%BF%20OR%20b%E1%BB%87nh%20vi%E1%BB%87n%29%22&page=1,UNSCREENED_CANDIDATE_LOCATOR_NOT_ACQUIRED
WHO-VNM,DQ-EVID-02,1,https://www.who.int/brunei/,https://www.who.int/vietnam/search?query=%28%5CAI%5C%22%20OR%20%5C%22tr%C3%AD%20tu%E1%BB%87%20nh%C3%A2n%20t%E1%BA%A1o%5C%22%29%20AND%20%28s%E1%BB%B1%20c%E1%BB%91%20OR%20khi%E1%BA%BFu%20n%E1%BA%A1i%20OR%20kh%E1%BA%AFc%20ph%E1%BB%A5c%29%20AND%20%28y%20t%E1%BA%BF%20OR%20b%E1%BB%87nh%20vi%E1%BB%87n%29%22&page=1,UNSCREENED_CANDIDATE_LOCATOR_NOT_ACQUIRED
WHO-VNM,DQ-EVID-02,1,https://www.who.int/cambodia/,https://www.who.int/vietnam/search?query=%28%5CAI%5C%22%20OR%20%5C%22tr%C3%AD%20tu%E1%BB%87%20nh%C3%A2n%20t%E1%BA%A1o%5C%22%29%20AND%20%28s%E1%BB%B1%20c%E1%BB%91%20OR%20khi%E1%BA%BFu%20n%E1%BA%A1i%20OR%20kh%E1%BA%AFc%20ph%E1%BB%A5c%29%20AND%20%28y%20t%E1%BA%BF%20OR%20b%E1%BB%87nh%20vi%E1%BB%87n%29%22&page=1,UNSCREENED_CANDIDATE_LOCATOR_NOT_ACQUIRED
WHO-VNM,DQ-EVID-02,1,https://www.who.int/china/,https://www.who.int/vietnam/search?query=%28%5CAI%5C%22%20OR%20%5C%22tr%C3%AD%20tu%E1%BB%87%20nh%C3%A2n%20t%E1%BA%A1o%5C%22%29%20AND%20%28s%E1%BB%B1%20c%E1%BB%91%20OR%20khi%E1%BA%BFu%20n%E1%BA%A1i%20OR%20kh%E1%BA%AFc%20ph%E1%BB%A5c%29%20AND%20%28y%20t%E1%BA%BF%20OR%20b%E1%BB%87nh%20vi%E1%BB%87n%29%22&page=1,UNSCREENED_CANDIDATE_LOCATOR_NOT_ACQUIRED
WHO-VNM,DQ-EVID-02,1,https://www.who.int/cookislands/,https://www.who.int/vietnam/search?query=%28%5CAI%5C%22%20OR%20%5C%22tr%C3%AD%20tu%E1%BB%87%20nh%C3%A2n%20t%E1%BA%A1o%5C%22%29%20AND%20%28s%E1%BB%B1%20c%E1%BB%91%20OR%20khi%E1%BA%BFu%20n%E1%BA%A1i%20OR%20kh%E1%BA%AFc%20ph%E1%BB%A5c%29%20AND%20%28y%20t%E1%BA%BF%20OR%20b%E1%BB%87nh%20vi%E1%BB%87n%29%22&page=1,UNSCREENED_CANDIDATE_LOCATOR_NOT_ACQUIRED
WHO-VNM,DQ-EVID-02,1,https://www.who.int/europe/,https://www.who.int/vietnam/search?query=%28%5CAI%5C%22%20OR%20%5C%22tr%C3%AD%20tu%E1%BB%87%20nh%C3%A2n%20t%E1%BA%A1o%5C%22%29%20AND%20%28s%E1%BB%B1%20c%E1%BB%91%20OR%20khi%E1%BA%BFu%20n%E1%BA%A1i%20OR%20kh%E1%BA%AFc%20ph%E1%BB%A5c%29%20AND%20%28y%20t%E1%BA%BF%20OR%20b%E1%BB%87nh%20vi%E1%BB%87n%29%22&page=1,UNSCREENED_CANDIDATE_LOCATOR_NOT_ACQUIRED
WHO-VNM,DQ-EVID-02,1,https://www.who.int/fiji/,https://www.who.int/vietnam/search?query=%28%5CAI%5C%22%20OR%20%5C%22tr%C3%AD%20tu%E1%BB%87%20nh%C3%A2n%20t%E1%BA%A1o%5C%22%29%20AND%20%28s%E1%BB%B1%20c%E1%BB%91%20OR%20khi%E1%BA%BFu%20n%E1%BA%A1i%20OR%20kh%E1%BA%AFc%20ph%E1%BB%A5c%29%20AND%20%28y%20t%E1%BA%BF%20OR%20b%E1%BB%87nh%20vi%E1%BB%87n%29%22&page=1,UNSCREENED_CANDIDATE_LOCATOR_NOT_ACQUIRED
WHO-VNM,DQ-EVID-02,1,https://www.who.int/frenchpolynesia/,https://www.who.int/vietnam/search?query=%28%5CAI%5C%22%20OR%20%5C%22tr%C3%AD%20tu%E1%BB%87%20nh%C3%A2n%20t%E1%BA%A1o%5C%22%29%20AND%20%28s%E1%BB%B1%20c%E1%BB%91%20OR%20khi%E1%BA%BFu%20n%E1%BA%A1i%20OR%20kh%E1%BA%AFc%20ph%E1%BB%A5c%29%20AND%20%28y%20t%E1%BA%BF%20OR%20b%E1%BB%87nh%20vi%E1%BB%87n%29%22&page=1,UNSCREENED_CANDIDATE_LOCATOR_NOT_ACQUIRED
WHO-VNM,DQ-EVID-02,1,https://www.who.int/guam/,https://www.who.int/vietnam/search?query=%28%5CAI%5C%22%20OR%20%5C%22tr%C3%AD%20tu%E1%BB%87%20nh%C3%A2n%20t%E1%BA%A1o%5C%22%29%20AND%20%28s%E1%BB%B1%20c%E1%BB%91%20OR%20khi%E1%BA%BFu%20n%E1%BA%A1i%20OR%20kh%E1%BA%AFc%20ph%E1%BB%A5c%29%20AND%20%28y%20t%E1%BA%BF%20OR%20b%E1%BB%87nh%20vi%E1%BB%87n%29%22&page=1,UNSCREENED_CANDIDATE_LOCATOR_NOT_ACQUIRED
WHO-VNM,DQ-EVID-02,1,https://www.who.int/hongkongchina/,https://www.who.int/vietnam/search?query=%28%5CAI%5C%22%20OR%20%5C%22tr%C3%AD%20tu%E1%BB%87%20nh%C3%A2n%20t%E1%BA%A1o%5C%22%29%20AND%20%28s%E1%BB%B1%20c%E1%BB%91%20OR%20khi%E1%BA%BFu%20n%E1%BA%A1i%20OR%20kh%E1%BA%AFc%20ph%E1%BB%A5c%29%20AND%20%28y%20t%E1%BA%BF%20OR%20b%E1%BB%87nh%20vi%E1%BB%87n%29%22&page=1,UNSCREENED_CANDIDATE_LOCATOR_NOT_ACQUIRED
WHO-VNM,DQ-EVID-02,1,https://www.who.int/indonesia/,https://www.who.int/vietnam/search?query=%28%5CAI%5C%22%20OR%20%5C%22tr%C3%AD%20tu%E1%BB%87%20nh%C3%A2n%20t%E1%BA%A1o%5C%22%29%20AND%20%28s%E1%BB%B1%20c%E1%BB%91%20OR%20khi%E1%BA%BFu%20n%E1%BA%A1i%20OR%20kh%E1%BA%AFc%20ph%E1%BB%A5c%29%20AND%20%28y%20t%E1%BA%BF%20OR%20b%E1%BB%87nh%20vi%E1%BB%87n%29%22&page=1,UNSCREENED_CANDIDATE_LOCATOR_NOT_ACQUIRED
WHO-VNM,DQ-EVID-02,1,https://www.who.int/japan/,https://www.who.int/vietnam/search?query=%28%5CAI%5C%22%20OR%20%5C%22tr%C3%AD%20tu%E1%BB%87%20nh%C3%A2n%20t%E1%BA%A1o%5C%22%29%20AND%20%28s%E1%BB%B1%20c%E1%BB%91%20OR%20khi%E1%BA%BFu%20n%E1%BA%A1i%20OR%20kh%E1%BA%AFc%20ph%E1%BB%A5c%29%20AND%20%28y%20t%E1%BA%BF%20OR%20b%E1%BB%87nh%20vi%E1%BB%87n%29%22&page=1,UNSCREENED_CANDIDATE_LOCATOR_NOT_ACQUIRED
WHO-VNM,DQ-EVID-02,1,https://www.who.int/kiribati/,https://www.who.int/vietnam/search?query=%28%5CAI%5C%22%20OR%20%5C%22tr%C3%AD%20tu%E1%BB%87%20nh%C3%A2n%20t%E1%BA%A1o%5C%22%29%20AND%20%28s%E1%BB%B1%20c%E1%BB%91%20OR%20khi%E1%BA%BFu%20n%E1%BA%A1i%20OR%20kh%E1%BA%AFc%20ph%E1%BB%A5c%29%20AND%20%28y%20t%E1%BA%BF%20OR%20b%E1%BB%87nh%20vi%E1%BB%87n%29%22&page=1,UNSCREENED_CANDIDATE_LOCATOR_NOT_ACQUIRED
WHO-VNM,DQ-EVID-02,1,https://www.who.int/laos/,https://www.who.int/vietnam/search?query=%28%5CAI%5C%22%20OR%20%5C%22tr%C3%AD%20tu%E1%BB%87%20nh%C3%A2n%20t%E1%BA%A1o%5C%22%29%20AND%20%28s%E1%BB%B1%20c%E1%BB%91%20OR%20khi%E1%BA%BFu%20n%E1%BA%A1i%20OR%20kh%E1%BA%AFc%20ph%E1%BB%A5c%29%20AND%20%28y%20t%E1%BA%BF%20OR%20b%E1%BB%87nh%20vi%E1%BB%87n%29%22&page=1,UNSCREENED_CANDIDATE_LOCATOR_NOT_ACQUIRED
WHO-VNM,DQ-EVID-02,1,https://www.who.int/macaochina/,https://www.who.int/vietnam/search?query=%28%5CAI%5C%22%20OR%20%5C%22tr%C3%AD%20tu%E1%BB%87%20nh%C3%A2n%20t%E1%BA%A1o%5C%22%29%20AND%20%28s%E1%BB%B1%20c%E1%BB%91%20OR%20khi%E1%BA%BFu%20n%E1%BA%A1i%20OR%20kh%E1%BA%AFc%20ph%E1%BB%A5c%29%20AND%20%28y%20t%E1%BA%BF%20OR%20b%E1%BB%87nh%20vi%E1%BB%87n%29%22&page=1,UNSCREENED_CANDIDATE_LOCATOR_NOT_ACQUIRED
WHO-VNM,DQ-EVID-02,1,https://www.who.int/malaysia/,https://www.who.int/vietnam/search?query=%28%5CAI%5C%22%20OR%20%5C%22tr%C3%AD%20tu%E1%BB%87%20nh%C3%A2n%20t%E1%BA%A1o%5C%22%29%20AND%20%28s%E1%BB%B1%20c%E1%BB%91%20OR%20khi%E1%BA%BFu%20n%E1%BA%A1i%20OR%20kh%E1%BA%AFc%20ph%E1%BB%A5c%29%20AND%20%28y%20t%E1%BA%BF%20OR%20b%E1%BB%87nh%20vi%E1%BB%87n%29%22&page=1,UNSCREENED_CANDIDATE_LOCATOR_NOT_ACQUIRED
WHO-VNM,DQ-EVID-02,1,https://www.who.int/marshallislands/,https://www.who.int/vietnam/search?query=%28%5CAI%5C%22%20OR%20%5C%22tr%C3%AD%20tu%E1%BB%87%20nh%C3%A2n%20t%E1%BA%A1o%5C%22%29%20AND%20%28s%E1%BB%B1%20c%E1%BB%91%20OR%20khi%E1%BA%BFu%20n%E1%BA%A1i%20OR%20kh%E1%BA%AFc%20ph%E1%BB%A5c%29%20AND%20%28y%20t%E1%BA%BF%20OR%20b%E1%BB%87nh%20vi%E1%BB%87n%29%22&page=1,UNSCREENED_CANDIDATE_LOCATOR_NOT_ACQUIRED
WHO-VNM,DQ-EVID-02,1,https://www.who.int/micronesia/,https://www.who.int/vietnam/search?query=%28%5CAI%5C%22%20OR%20%5C%22tr%C3%AD%20tu%E1%BB%87%20nh%C3%A2n%20t%E1%BA%A1o%5C%22%29%20AND%20%28s%E1%BB%B1%20c%E1%BB%91%20OR%20khi%E1%BA%BFu%20n%E1%BA%A1i%20OR%20kh%E1%BA%AFc%20ph%E1%BB%A5c%29%20AND%20%28y%20t%E1%BA%BF%20OR%20b%E1%BB%87nh%20vi%E1%BB%87n%29%22&page=1,UNSCREENED_CANDIDATE_LOCATOR_NOT_ACQUIRED
WHO-VNM,DQ-EVID-02,1,https://www.who.int/mongolia/,https://www.who.int/vietnam/search?query=%28%5CAI%5C%22%20OR%20%5C%22tr%C3%AD%20tu%E1%BB%87%20nh%C3%A2n%20t%E1%BA%A1o%5C%22%29%20AND%20%28s%E1%BB%B1%20c%E1%BB%91%20OR%20khi%E1%BA%BFu%20n%E1%BA%A1i%20OR%20kh%E1%BA%AFc%20ph%E1%BB%A5c%29%20AND%20%28y%20t%E1%BA%BF%20OR%20b%E1%BB%87nh%20vi%E1%BB%87n%29%22&page=1,UNSCREENED_CANDIDATE_LOCATOR_NOT_ACQUIRED
WHO-VNM,DQ-EVID-02,1,https://www.who.int/nauru/,https://www.who.int/vietnam/search?query=%28%5CAI%5C%22%20OR%20%5C%22tr%C3%AD%20tu%E1%BB%87%20nh%C3%A2n%20t%E1%BA%A1o%5C%22%29%20AND%20%28s%E1%BB%B1%20c%E1%BB%91%20OR%20khi%E1%BA%BFu%20n%E1%BA%A1i%20OR%20kh%E1%BA%AFc%20ph%E1%BB%A5c%29%20AND%20%28y%20t%E1%BA%BF%20OR%20b%E1%BB%87nh%20vi%E1%BB%87n%29%22&page=1,UNSCREENED_CANDIDATE_LOCATOR_NOT_ACQUIRED
WHO-VNM,DQ-EVID-02,1,https://www.who.int/newcaledonia/,https://www.who.int/vietnam/search?query=%28%5CAI%5C%22%20OR%20%5C%22tr%C3%AD%20tu%E1%BB%87%20nh%C3%A2n%20t%E1%BA%A1o%5C%22%29%20AND%20%28s%E1%BB%B1%20c%E1%BB%91%20OR%20khi%E1%BA%BFu%20n%E1%BA%A1i%20OR%20kh%E1%BA%AFc%20ph%E1%BB%A5c%29%20AND%20%28y%20t%E1%BA%BF%20OR%20b%E1%BB%87nh%20vi%E1%BB%87n%29%22&page=1,UNSCREENED_CANDIDATE_LOCATOR_NOT_ACQUIRED
WHO-VNM,DQ-EVID-02,1,https://www.who.int/newzealand/,https://www.who.int/vietnam/search?query=%28%5CAI%5C%22%20OR%20%5C%22tr%C3%AD%20tu%E1%BB%87%20nh%C3%A2n%20t%E1%BA%A1o%5C%22%29%20AND%20%28s%E1%BB%B1%20c%E1%BB%91%20OR%20khi%E1%BA%BFu%20n%E1%BA%A1i%20OR%20kh%E1%BA%AFc%20ph%E1%BB%A5c%29%20AND%20%28y%20t%E1%BA%BF%20OR%20b%E1%BB%87nh%20vi%E1%BB%87n%29%22&page=1,UNSCREENED_CANDIDATE_LOCATOR_NOT_ACQUIRED
WHO-VNM,DQ-EVID-02,1,https://www.who.int/niue/,https://www.who.int/vietnam/search?query=%28%5CAI%5C%22%20OR%20%5C%22tr%C3%AD%20tu%E1%BB%87%20nh%C3%A2n%20t%E1%BA%A1o%5C%22%29%20AND%20%28s%E1%BB%B1%20c%E1%BB%91%20OR%20khi%E1%BA%BFu%20n%E1%BA%A1i%20OR%20kh%E1%BA%AFc%20ph%E1%BB%A5c%29%20AND%20%28y%20t%E1%BA%BF%20OR%20b%E1%BB%87nh%20vi%E1%BB%87n%29%22&page=1,UNSCREENED_CANDIDATE_LOCATOR_NOT_ACQUIRED
WHO-VNM,DQ-EVID-02,1,https://www.who.int/northernmarianaislands/,https://www.who.int/vietnam/search?query=%28%5CAI%5C%22%20OR%20%5C%22tr%C3%AD%20tu%E1%BB%87%20nh%C3%A2n%20t%E1%BA%A1o%5C%22%29%20AND%20%28s%E1%BB%B1%20c%E1%BB%91%20OR%20khi%E1%BA%BFu%20n%E1%BA%A1i%20OR%20kh%E1%BA%AFc%20ph%E1%BB%A5c%29%20AND%20%28y%20t%E1%BA%BF%20OR%20b%E1%BB%87nh%20vi%E1%BB%87n%29%22&page=1,UNSCREENED_CANDIDATE_LOCATOR_NOT_ACQUIRED
WHO-VNM,DQ-EVID-02,1,https://www.who.int/palau/,https://www.who.int/vietnam/search?query=%28%5CAI%5C%22%20OR%20%5C%22tr%C3%AD%20tu%E1%BB%87%20nh%C3%A2n%20t%E1%BA%A1o%5C%22%29%20AND%20%28s%E1%BB%B1%20c%E1%BB%91%20OR%20khi%E1%BA%BFu%20n%E1%BA%A1i%20OR%20kh%E1%BA%AFc%20ph%E1%BB%A5c%29%20AND%20%28y%20t%E1%BA%BF%20OR%20b%E1%BB%87nh%20vi%E1%BB%87n%29%22&page=1,UNSCREENED_CANDIDATE_LOCATOR_NOT_ACQUIRED
WHO-VNM,DQ-EVID-02,1,https://www.who.int/papuanewguinea/,https://www.who.int/vietnam/search?query=%28%5CAI%5C%22%20OR%20%5C%22tr%C3%AD%20tu%E1%BB%87%20nh%C3%A2n%20t%E1%BA%A1o%5C%22%29%20AND%20%28s%E1%BB%B1%20c%E1%BB%91%20OR%20khi%E1%BA%BFu%20n%E1%BA%A1i%20OR%20kh%E1%BA%AFc%20ph%E1%BB%A5c%29%20AND%20%28y%20t%E1%BA%BF%20OR%20b%E1%BB%87nh%20vi%E1%BB%87n%29%22&page=1,UNSCREENED_CANDIDATE_LOCATOR_NOT_ACQUIRED
WHO-VNM,DQ-EVID-02,1,https://www.who.int/philippines/,https://www.who.int/vietnam/search?query=%28%5CAI%5C%22%20OR%20%5C%22tr%C3%AD%20tu%E1%BB%87%20nh%C3%A2n%20t%E1%BA%A1o%5C%22%29%20AND%20%28s%E1%BB%B1%20c%E1%BB%91%20OR%20khi%E1%BA%BFu%20n%E1%BA%A1i%20OR%20kh%E1%BA%AFc%20ph%E1%BB%A5c%29%20AND%20%28y%20t%E1%BA%BF%20OR%20b%E1%BB%87nh%20vi%E1%BB%87n%29%22&page=1,UNSCREENED_CANDIDATE_LOCATOR_NOT_ACQUIRED
WHO-VNM,DQ-EVID-02,1,https://www.who.int/pitcairnislands/,https://www.who.int/vietnam/search?query=%28%5CAI%5C%22%20OR%20%5C%22tr%C3%AD%20tu%E1%BB%87%20nh%C3%A2n%20t%E1%BA%A1o%5C%22%29%20AND%20%28s%E1%BB%B1%20c%E1%BB%91%20OR%20khi%E1%BA%BFu%20n%E1%BA%A1i%20OR%20kh%E1%BA%AFc%20ph%E1%BB%A5c%29%20AND%20%28y%20t%E1%BA%BF%20OR%20b%E1%BB%87nh%20vi%E1%BB%87n%29%22&page=1,UNSCREENED_CANDIDATE_LOCATOR_NOT_ACQUIRED
WHO-VNM,DQ-EVID-02,1,https://www.who.int/republicofkorea/,https://www.who.int/vietnam/search?query=%28%5CAI%5C%22%20OR%20%5C%22tr%C3%AD%20tu%E1%BB%87%20nh%C3%A2n%20t%E1%BA%A1o%5C%22%29%20AND%20%28s%E1%BB%B1%20c%E1%BB%91%20OR%20khi%E1%BA%BFu%20n%E1%BA%A1i%20OR%20kh%E1%BA%AFc%20ph%E1%BB%A5c%29%20AND%20%28y%20t%E1%BA%BF%20OR%20b%E1%BB%87nh%20vi%E1%BB%87n%29%22&page=1,UNSCREENED_CANDIDATE_LOCATOR_NOT_ACQUIRED
WHO-VNM,DQ-EVID-02,1,https://www.who.int/samoa/,https://www.who.int/vietnam/search?query=%28%5CAI%5C%22%20OR%20%5C%22tr%C3%AD%20tu%E1%BB%87%20nh%C3%A2n%20t%E1%BA%A1o%5C%22%29%20AND%20%28s%E1%BB%B1%20c%E1%BB%91%20OR%20khi%E1%BA%BFu%20n%E1%BA%A1i%20OR%20kh%E1%BA%AFc%20ph%E1%BB%A5c%29%20AND%20%28y%20t%E1%BA%BF%20OR%20b%E1%BB%87nh%20vi%E1%BB%87n%29%22&page=1,UNSCREENED_CANDIDATE_LOCATOR_NOT_ACQUIRED
WHO-VNM,DQ-EVID-02,1,https://www.who.int/singapore/,https://www.who.int/vietnam/search?query=%28%5CAI%5C%22%20OR%20%5C%22tr%C3%AD%20tu%E1%BB%87%20nh%C3%A2n%20t%E1%BA%A1o%5C%22%29%20AND%20%28s%E1%BB%B1%20c%E1%BB%91%20OR%20khi%E1%BA%BFu%20n%E1%BA%A1i%20OR%20kh%E1%BA%AFc%20ph%E1%BB%A5c%29%20AND%20%28y%20t%E1%BA%BF%20OR%20b%E1%BB%87nh%20vi%E1%BB%87n%29%22&page=1,UNSCREENED_CANDIDATE_LOCATOR_NOT_ACQUIRED
WHO-VNM,DQ-EVID-02,1,https://www.who.int/solomonislands/home,https://www.who.int/vietnam/search?query=%28%5CAI%5C%22%20OR%20%5C%22tr%C3%AD%20tu%E1%BB%87%20nh%C3%A2n%20t%E1%BA%A1o%5C%22%29%20AND%20%28s%E1%BB%B1%20c%E1%BB%91%20OR%20khi%E1%BA%BFu%20n%E1%BA%A1i%20OR%20kh%E1%BA%AFc%20ph%E1%BB%A5c%29%20AND%20%28y%20t%E1%BA%BF%20OR%20b%E1%BB%87nh%20vi%E1%BB%87n%29%22&page=1,UNSCREENED_CANDIDATE_LOCATOR_NOT_ACQUIRED
WHO-VNM,DQ-EVID-02,1,https://www.who.int/southeastasia,https://www.who.int/vietnam/search?query=%28%5CAI%5C%22%20OR%20%5C%22tr%C3%AD%20tu%E1%BB%87%20nh%C3%A2n%20t%E1%BA%A1o%5C%22%29%20AND%20%28s%E1%BB%B1%20c%E1%BB%91%20OR%20khi%E1%BA%BFu%20n%E1%BA%A1i%20OR%20kh%E1%BA%AFc%20ph%E1%BB%A5c%29%20AND%20%28y%20t%E1%BA%BF%20OR%20b%E1%BB%87nh%20vi%E1%BB%87n%29%22&page=1,UNSCREENED_CANDIDATE_LOCATOR_NOT_ACQUIRED
WHO-VNM,DQ-EVID-02,1,https://www.who.int/tokelau/home,https://www.who.int/vietnam/search?query=%28%5CAI%5C%22%20OR%20%5C%22tr%C3%AD%20tu%E1%BB%87%20nh%C3%A2n%20t%E1%BA%A1o%5C%22%29%20AND%20%28s%E1%BB%B1%20c%E1%BB%91%20OR%20khi%E1%BA%BFu%20n%E1%BA%A1i%20OR%20kh%E1%BA%AFc%20ph%E1%BB%A5c%29%20AND%20%28y%20t%E1%BA%BF%20OR%20b%E1%BB%87nh%20vi%E1%BB%87n%29%22&page=1,UNSCREENED_CANDIDATE_LOCATOR_NOT_ACQUIRED
WHO-VNM,DQ-EVID-02,1,https://www.who.int/tonga/home,https://www.who.int/vietnam/search?query=%28%5CAI%5C%22%20OR%20%5C%22tr%C3%AD%20tu%E1%BB%87%20nh%C3%A2n%20t%E1%BA%A1o%5C%22%29%20AND%20%28s%E1%BB%B1%20c%E1%BB%91%20OR%20khi%E1%BA%BFu%20n%E1%BA%A1i%20OR%20kh%E1%BA%AFc%20ph%E1%BB%A5c%29%20AND%20%28y%20t%E1%BA%BF%20OR%20b%E1%BB%87nh%20vi%E1%BB%87n%29%22&page=1,UNSCREENED_CANDIDATE_LOCATOR_NOT_ACQUIRED
WHO-VNM,DQ-EVID-02,1,https://www.who.int/tuvalu/home,https://www.who.int/vietnam/search?query=%28%5CAI%5C%22%20OR%20%5C%22tr%C3%AD%20tu%E1%BB%87%20nh%C3%A2n%20t%E1%BA%A1o%5C%22%29%20AND%20%28s%E1%BB%B1%20c%E1%BB%91%20OR%20khi%E1%BA%BFu%20n%E1%BA%A1i%20OR%20kh%E1%BA%AFc%20ph%E1%BB%A5c%29%20AND%20%28y%20t%E1%BA%BF%20OR%20b%E1%BB%87nh%20vi%E1%BB%87n%29%22&page=1,UNSCREENED_CANDIDATE_LOCATOR_NOT_ACQUIRED
WHO-VNM,DQ-EVID-02,1,https://www.who.int/vanuatu/home,https://www.who.int/vietnam/search?query=%28%5CAI%5C%22%20OR%20%5C%22tr%C3%AD%20tu%E1%BB%87%20nh%C3%A2n%20t%E1%BA%A1o%5C%22%29%20AND%20%28s%E1%BB%B1%20c%E1%BB%91%20OR%20khi%E1%BA%BFu%20n%E1%BA%A1i%20OR%20kh%E1%BA%AFc%20ph%E1%BB%A5c%29%20AND%20%28y%20t%E1%BA%BF%20OR%20b%E1%BB%87nh%20vi%E1%BB%87n%29%22&page=1,UNSCREENED_CANDIDATE_LOCATOR_NOT_ACQUIRED
WHO-VNM,DQ-EVID-02,1,https://www.who.int/vietnam,https://www.who.int/vietnam/search?query=%28%5CAI%5C%22%20OR%20%5C%22tr%C3%AD%20tu%E1%BB%87%20nh%C3%A2n%20t%E1%BA%A1o%5C%22%29%20AND%20%28s%E1%BB%B1%20c%E1%BB%91%20OR%20khi%E1%BA%BFu%20n%E1%BA%A1i%20OR%20kh%E1%BA%AFc%20ph%E1%BB%A5c%29%20AND%20%28y%20t%E1%BA%BF%20OR%20b%E1%BB%87nh%20vi%E1%BB%87n%29%22&page=1,UNSCREENED_CANDIDATE_LOCATOR_NOT_ACQUIRED
WHO-VNM,DQ-EVID-02,1,https://www.who.int/vietnam/,https://www.who.int/vietnam/search?query=%28%5CAI%5C%22%20OR%20%5C%22tr%C3%AD%20tu%E1%BB%87%20nh%C3%A2n%20t%E1%BA%A1o%5C%22%29%20AND%20%28s%E1%BB%B1%20c%E1%BB%91%20OR%20khi%E1%BA%BFu%20n%E1%BA%A1i%20OR%20kh%E1%BA%AFc%20ph%E1%BB%A5c%29%20AND%20%28y%20t%E1%BA%BF%20OR%20b%E1%BB%87nh%20vi%E1%BB%87n%29%22&page=1,UNSCREENED_CANDIDATE_LOCATOR_NOT_ACQUIRED
WHO-VNM,DQ-EVID-02,1,https://www.who.int/vietnam/about,https://www.who.int/vietnam/search?query=%28%5CAI%5C%22%20OR%20%5C%22tr%C3%AD%20tu%E1%BB%87%20nh%C3%A2n%20t%E1%BA%A1o%5C%22%29%20AND%20%28s%E1%BB%B1%20c%E1%BB%91%20OR%20khi%E1%BA%BFu%20n%E1%BA%A1i%20OR%20kh%E1%BA%AFc%20ph%E1%BB%A5c%29%20AND%20%28y%20t%E1%BA%BF%20OR%20b%E1%BB%87nh%20vi%E1%BB%87n%29%22&page=1,UNSCREENED_CANDIDATE_LOCATOR_NOT_ACQUIRED
WHO-VNM,DQ-EVID-02,1,https://www.who.int/vietnam/emergencies,https://www.who.int/vietnam/search?query=%28%5CAI%5C%22%20OR%20%5C%22tr%C3%AD%20tu%E1%BB%87%20nh%C3%A2n%20t%E1%BA%A1o%5C%22%29%20AND%20%28s%E1%BB%B1%20c%E1%BB%91%20OR%20khi%E1%BA%BFu%20n%E1%BA%A1i%20OR%20kh%E1%BA%AFc%20ph%E1%BB%A5c%29%20AND%20%28y%20t%E1%BA%BF%20OR%20b%E1%BB%87nh%20vi%E1%BB%87n%29%22&page=1,UNSCREENED_CANDIDATE_LOCATOR_NOT_ACQUIRED
WHO-VNM,DQ-EVID-02,1,https://www.who.int/vietnam/footer/help,https://www.who.int/vietnam/search?query=%28%5CAI%5C%22%20OR%20%5C%22tr%C3%AD%20tu%E1%BB%87%20nh%C3%A2n%20t%E1%BA%A1o%5C%22%29%20AND%20%28s%E1%BB%B1%20c%E1%BB%91%20OR%20khi%E1%BA%BFu%20n%E1%BA%A1i%20OR%20kh%E1%BA%AFc%20ph%E1%BB%A5c%29%20AND%20%28y%20t%E1%BA%BF%20OR%20b%E1%BB%87nh%20vi%E1%BB%87n%29%22&page=1,UNSCREENED_CANDIDATE_LOCATOR_NOT_ACQUIRED
WHO-VNM,DQ-EVID-02,1,https://www.who.int/vietnam/footer/help/contact-us,https://www.who.int/vietnam/search?query=%28%5CAI%5C%22%20OR%20%5C%22tr%C3%AD%20tu%E1%BB%87%20nh%C3%A2n%20t%E1%BA%A1o%5C%22%29%20AND%20%28s%E1%BB%B1%20c%E1%BB%91%20OR%20khi%E1%BA%BFu%20n%E1%BA%A1i%20OR%20kh%E1%BA%AFc%20ph%E1%BB%A5c%29%20AND%20%28y%20t%E1%BA%BF%20OR%20b%E1%BB%87nh%20vi%E1%BB%87n%29%22&page=1,UNSCREENED_CANDIDATE_LOCATOR_NOT_ACQUIRED
WHO-VNM,DQ-EVID-02,1,https://www.who.int/vietnam/footer/help/cyber-security,https://www.who.int/vietnam/search?query=%28%5CAI%5C%22%20OR%20%5C%22tr%C3%AD%20tu%E1%BB%87%20nh%C3%A2n%20t%E1%BA%A1o%5C%22%29%20AND%20%28s%E1%BB%B1%20c%E1%BB%91%20OR%20khi%E1%BA%BFu%20n%E1%BA%A1i%20OR%20kh%E1%BA%AFc%20ph%E1%BB%A5c%29%20AND%20%28y%20t%E1%BA%BF%20OR%20b%E1%BB%87nh%20vi%E1%BB%87n%29%22&page=1,UNSCREENED_CANDIDATE_LOCATOR_NOT_ACQUIRED
WHO-VNM,DQ-EVID-02,1,https://www.who.int/vietnam/footer/help/ethics,https://www.who.int/vietnam/search?query=%28%5CAI%5C%22%20OR%20%5C%22tr%C3%AD%20tu%E1%BB%87%20nh%C3%A2n%20t%E1%BA%A1o%5C%22%29%20AND%20%28s%E1%BB%B1%20c%E1%BB%91%20OR%20khi%E1%BA%BFu%20n%E1%BA%A1i%20OR%20kh%E1%BA%AFc%20ph%E1%BB%A5c%29%20AND%20%28y%20t%E1%BA%BF%20OR%20b%E1%BB%87nh%20vi%E1%BB%87n%29%22&page=1,UNSCREENED_CANDIDATE_LOCATOR_NOT_ACQUIRED
WHO-VNM,DQ-EVID-02,1,https://www.who.int/vietnam/footer/quick-links,https://www.who.int/vietnam/search?query=%28%5CAI%5C%22%20OR%20%5C%22tr%C3%AD%20tu%E1%BB%87%20nh%C3%A2n%20t%E1%BA%A1o%5C%22%29%20AND%20%28s%E1%BB%B1%20c%E1%BB%91%20OR%20khi%E1%BA%BFu%20n%E1%BA%A1i%20OR%20kh%E1%BA%AFc%20ph%E1%BB%A5c%29%20AND%20%28y%20t%E1%BA%BF%20OR%20b%E1%BB%87nh%20vi%E1%BB%87n%29%22&page=1,UNSCREENED_CANDIDATE_LOCATOR_NOT_ACQUIRED
WHO-VNM,DQ-EVID-02,1,https://www.who.int/vietnam/footer/quick-links/careers-in-who-viet-nam,https://www.who.int/vietnam/search?query=%28%5CAI%5C%22%20OR%20%5C%22tr%C3%AD%20tu%E1%BB%87%20nh%C3%A2n%20t%E1%BA%A1o%5C%22%29%20AND%20%28s%E1%BB%B1%20c%E1%BB%91%20OR%20khi%E1%BA%BFu%20n%E1%BA%A1i%20OR%20kh%E1%BA%AFc%20ph%E1%BB%A5c%29%20AND%20%28y%20t%E1%BA%BF%20OR%20b%E1%BB%87nh%20vi%E1%BB%87n%29%22&page=1,UNSCREENED_CANDIDATE_LOCATOR_NOT_ACQUIRED
WHO-VNM,DQ-EVID-02,1,https://www.who.int/vietnam/footer/quick-links/newsroom,https://www.who.int/vietnam/search?query=%28%5CAI%5C%22%20OR%20%5C%22tr%C3%AD%20tu%E1%BB%87%20nh%C3%A2n%20t%E1%BA%A1o%5C%22%29%20AND%20%28s%E1%BB%B1%20c%E1%BB%91%20OR%20khi%E1%BA%BFu%20n%E1%BA%A1i%20OR%20kh%E1%BA%AFc%20ph%E1%BB%A5c%29%20AND%20%28y%20t%E1%BA%BF%20OR%20b%E1%BB%87nh%20vi%E1%BB%87n%29%22&page=1,UNSCREENED_CANDIDATE_LOCATOR_NOT_ACQUIRED
WHO-VNM,DQ-EVID-02,1,https://www.who.int/vietnam/footer/quick-links/publications-and-information-resources,https://www.who.int/vietnam/search?query=%28%5CAI%5C%22%20OR%20%5C%22tr%C3%AD%20tu%E1%BB%87%20nh%C3%A2n%20t%E1%BA%A1o%5C%22%29%20AND%20%28s%E1%BB%B1%20c%E1%BB%91%20OR%20khi%E1%BA%BFu%20n%E1%BA%A1i%20OR%20kh%E1%BA%AFc%20ph%E1%BB%A5c%29%20AND%20%28y%20t%E1%BA%BF%20OR%20b%E1%BB%87nh%20vi%E1%BB%87n%29%22&page=1,UNSCREENED_CANDIDATE_LOCATOR_NOT_ACQUIRED
WHO-VNM,DQ-EVID-02,1,https://www.who.int/vietnam/footer/regional-links,https://www.who.int/vietnam/search?query=%28%5CAI%5C%22%20OR%20%5C%22tr%C3%AD%20tu%E1%BB%87%20nh%C3%A2n%20t%E1%BA%A1o%5C%22%29%20AND%20%28s%E1%BB%B1%20c%E1%BB%91%20OR%20khi%E1%BA%BFu%20n%E1%BA%A1i%20OR%20kh%E1%BA%AFc%20ph%E1%BB%A5c%29%20AND%20%28y%20t%E1%BA%BF%20OR%20b%E1%BB%87nh%20vi%E1%BB%87n%29%22&page=1,UNSCREENED_CANDIDATE_LOCATOR_NOT_ACQUIRED
WHO-VNM,DQ-EVID-02,1,https://www.who.int/vietnam/footer/regional-links/campaigns,https://www.who.int/vietnam/search?query=%28%5CAI%5C%22%20OR%20%5C%22tr%C3%AD%20tu%E1%BB%87%20nh%C3%A2n%20t%E1%BA%A1o%5C%22%29%20AND%20%28s%E1%BB%B1%20c%E1%BB%91%20OR%20khi%E1%BA%BFu%20n%E1%BA%A1i%20OR%20kh%E1%BA%AFc%20ph%E1%BB%A5c%29%20AND%20%28y%20t%E1%BA%BF%20OR%20b%E1%BB%87nh%20vi%E1%BB%87n%29%22&page=1,UNSCREENED_CANDIDATE_LOCATOR_NOT_ACQUIRED
WHO-VNM,DQ-EVID-02,1,https://www.who.int/vietnam/footer/regional-links/careers,https://www.who.int/vietnam/search?query=%28%5CAI%5C%22%20OR%20%5C%22tr%C3%AD%20tu%E1%BB%87%20nh%C3%A2n%20t%E1%BA%A1o%5C%22%29%20AND%20%28s%E1%BB%B1%20c%E1%BB%91%20OR%20khi%E1%BA%BFu%20n%E1%BA%A1i%20OR%20kh%E1%BA%AFc%20ph%E1%BB%A5c%29%20AND%20%28y%20t%E1%BA%BF%20OR%20b%E1%BB%87nh%20vi%E1%BB%87n%29%22&page=1,UNSCREENED_CANDIDATE_LOCATOR_NOT_ACQUIRED
WHO-VNM,DQ-EVID-02,1,https://www.who.int/vietnam/footer/regional-links/data,https://www.who.int/vietnam/search?query=%28%5CAI%5C%22%20OR%20%5C%22tr%C3%AD%20tu%E1%BB%87%20nh%C3%A2n%20t%E1%BA%A1o%5C%22%29%20AND%20%28s%E1%BB%B1%20c%E1%BB%91%20OR%20khi%E1%BA%BFu%20n%E1%BA%A1i%20OR%20kh%E1%BA%AFc%20ph%E1%BB%A5c%29%20AND%20%28y%20t%E1%BA%BF%20OR%20b%E1%BB%87nh%20vi%E1%BB%87n%29%22&page=1,UNSCREENED_CANDIDATE_LOCATOR_NOT_ACQUIRED
WHO-VNM,DQ-EVID-02,1,https://www.who.int/vietnam/footer/regional-links/publications,https://www.who.int/vietnam/search?query=%28%5CAI%5C%22%20OR%20%5C%22tr%C3%AD%20tu%E1%BB%87%20nh%C3%A2n%20t%E1%BA%A1o%5C%22%29%20AND%20%28s%E1%BB%B1%20c%E1%BB%91%20OR%20khi%E1%BA%BFu%20n%E1%BA%A1i%20OR%20kh%E1%BA%AFc%20ph%E1%BB%A5c%29%20AND%20%28y%20t%E1%BA%BF%20OR%20b%E1%BB%87nh%20vi%E1%BB%87n%29%22&page=1,UNSCREENED_CANDIDATE_LOCATOR_NOT_ACQUIRED
WHO-VNM,DQ-EVID-02,1,https://www.who.int/vietnam/health-topics,https://www.who.int/vietnam/search?query=%28%5CAI%5C%22%20OR%20%5C%22tr%C3%AD%20tu%E1%BB%87%20nh%C3%A2n%20t%E1%BA%A1o%5C%22%29%20AND%20%28s%E1%BB%B1%20c%E1%BB%91%20OR%20khi%E1%BA%BFu%20n%E1%BA%A1i%20OR%20kh%E1%BA%AFc%20ph%E1%BB%A5c%29%20AND%20%28y%20t%E1%BA%BF%20OR%20b%E1%BB%87nh%20vi%E1%BB%87n%29%22&page=1,UNSCREENED_CANDIDATE_LOCATOR_NOT_ACQUIRED
WHO-VNM,DQ-EVID-02,1,https://www.who.int/vietnam/news,https://www.who.int/vietnam/search?query=%28%5CAI%5C%22%20OR%20%5C%22tr%C3%AD%20tu%E1%BB%87%20nh%C3%A2n%20t%E1%BA%A1o%5C%22%29%20AND%20%28s%E1%BB%B1%20c%E1%BB%91%20OR%20khi%E1%BA%BFu%20n%E1%BA%A1i%20OR%20kh%E1%BA%AFc%20ph%E1%BB%A5c%29%20AND%20%28y%20t%E1%BA%BF%20OR%20b%E1%BB%87nh%20vi%E1%BB%87n%29%22&page=1,UNSCREENED_CANDIDATE_LOCATOR_NOT_ACQUIRED
WHO-VNM,DQ-EVID-02,1,https://www.who.int/vietnam/our-work,https://www.who.int/vietnam/search?query=%28%5CAI%5C%22%20OR%20%5C%22tr%C3%AD%20tu%E1%BB%87%20nh%C3%A2n%20t%E1%BA%A1o%5C%22%29%20AND%20%28s%E1%BB%B1%20c%E1%BB%91%20OR%20khi%E1%BA%BFu%20n%E1%BA%A1i%20OR%20kh%E1%BA%AFc%20ph%E1%BB%A5c%29%20AND%20%28y%20t%E1%BA%BF%20OR%20b%E1%BB%87nh%20vi%E1%BB%87n%29%22&page=1,UNSCREENED_CANDIDATE_LOCATOR_NOT_ACQUIRED
WHO-VNM,DQ-EVID-02,1,https://www.who.int/vietnam/search?query=%28%5CAI%5C%22%20OR%20%5C%22tr%C3%AD%20tu%E1%BB%87%20nh%C3%A2n%20t%E1%BA%A1o%5C%22%29%20AND%20%28s%E1%BB%B1%20c%E1%BB%91%20OR%20khi%E1%BA%BFu%20n%E1%BA%A1i%20OR%20kh%E1%BA%AFc%20ph%E1%BB%A5c%29%20AND%20%28y%20t%E1%BA%BF%20OR%20b%E1%BB%87nh%20vi%E1%BB%87n%29%22&page=1,https://www.who.int/vietnam/search?query=%28%5CAI%5C%22%20OR%20%5C%22tr%C3%AD%20tu%E1%BB%87%20nh%C3%A2n%20t%E1%BA%A1o%5C%22%29%20AND%20%28s%E1%BB%B1%20c%E1%BB%91%20OR%20khi%E1%BA%BFu%20n%E1%BA%A1i%20OR%20kh%E1%BA%AFc%20ph%E1%BB%A5c%29%20AND%20%28y%20t%E1%BA%BF%20OR%20b%E1%BB%87nh%20vi%E1%BB%87n%29%22&page=1,UNSCREENED_CANDIDATE_LOCATOR_NOT_ACQUIRED
WHO-VNM,DQ-EVID-02,1,https://www.who.int/wallisandfutuna/home,https://www.who.int/vietnam/search?query=%28%5CAI%5C%22%20OR%20%5C%22tr%C3%AD%20tu%E1%BB%87%20nh%C3%A2n%20t%E1%BA%A1o%5C%22%29%20AND%20%28s%E1%BB%B1%20c%E1%BB%91%20OR%20khi%E1%BA%BFu%20n%E1%BA%A1i%20OR%20kh%E1%BA%AFc%20ph%E1%BB%A5c%29%20AND%20%28y%20t%E1%BA%BF%20OR%20b%E1%BB%87nh%20vi%E1%BB%87n%29%22&page=1,UNSCREENED_CANDIDATE_LOCATOR_NOT_ACQUIRED
WHO-VNM,DQ-EVID-02,1,https://www.who.int/westernpacific/,https://www.who.int/vietnam/search?query=%28%5CAI%5C%22%20OR%20%5C%22tr%C3%AD%20tu%E1%BB%87%20nh%C3%A2n%20t%E1%BA%A1o%5C%22%29%20AND%20%28s%E1%BB%B1%20c%E1%BB%91%20OR%20khi%E1%BA%BFu%20n%E1%BA%A1i%20OR%20kh%E1%BA%AFc%20ph%E1%BB%A5c%29%20AND%20%28y%20t%E1%BA%BF%20OR%20b%E1%BB%87nh%20vi%E1%BB%87n%29%22&page=1,UNSCREENED_CANDIDATE_LOCATOR_NOT_ACQUIRED
WHO-VNM,DQ-EVID-02,2,https://www.who.int/vietnam/search?query=%28%5CAI%5C%22%20OR%20%5C%22tr%C3%AD%20tu%E1%BB%87%20nh%C3%A2n%20t%E1%BA%A1o%5C%22%29%20AND%20%28s%E1%BB%B1%20c%E1%BB%91%20OR%20khi%E1%BA%BFu%20n%E1%BA%A1i%20OR%20kh%E1%BA%AFc%20ph%E1%BB%A5c%29%20AND%20%28y%20t%E1%BA%BF%20OR%20b%E1%BB%87nh%20vi%E1%BB%87n%29%22&page=2,https://www.who.int/vietnam/search?query=%28%5CAI%5C%22%20OR%20%5C%22tr%C3%AD%20tu%E1%BB%87%20nh%C3%A2n%20t%E1%BA%A1o%5C%22%29%20AND%20%28s%E1%BB%B1%20c%E1%BB%91%20OR%20khi%E1%BA%BFu%20n%E1%BA%A1i%20OR%20kh%E1%BA%AFc%20ph%E1%BB%A5c%29%20AND%20%28y%20t%E1%BA%BF%20OR%20b%E1%BB%87nh%20vi%E1%BB%87n%29%22&page=2,UNSCREENED_CANDIDATE_LOCATOR_NOT_ACQUIRED
WHO-VNM,DQ-EVID-03,1,https://www.who.int/,https://www.who.int/vietnam/search?query=%28%5CAI%5C%22%20OR%20%5C%22tr%C3%AD%20tu%E1%BB%87%20nh%C3%A2n%20t%E1%BA%A1o%5C%22%29%20AND%20%28%5C%22%C4%91%C3%A1nh%20gi%C3%A1%20t%C3%A1c%20%C4%91%E1%BB%99ng%5C%22%20OR%20k%E1%BA%BFt%20qu%E1%BA%A3%29%20AND%20%28y%20t%E1%BA%BF%20OR%20b%E1%BB%87nh%20vi%E1%BB%87n%29%22&page=1,UNSCREENED_CANDIDATE_LOCATOR_NOT_ACQUIRED
WHO-VNM,DQ-EVID-03,1,https://www.who.int/americansamoa/,https://www.who.int/vietnam/search?query=%28%5CAI%5C%22%20OR%20%5C%22tr%C3%AD%20tu%E1%BB%87%20nh%C3%A2n%20t%E1%BA%A1o%5C%22%29%20AND%20%28%5C%22%C4%91%C3%A1nh%20gi%C3%A1%20t%C3%A1c%20%C4%91%E1%BB%99ng%5C%22%20OR%20k%E1%BA%BFt%20qu%E1%BA%A3%29%20AND%20%28y%20t%E1%BA%BF%20OR%20b%E1%BB%87nh%20vi%E1%BB%87n%29%22&page=1,UNSCREENED_CANDIDATE_LOCATOR_NOT_ACQUIRED
WHO-VNM,DQ-EVID-03,1,https://www.who.int/australia/,https://www.who.int/vietnam/search?query=%28%5CAI%5C%22%20OR%20%5C%22tr%C3%AD%20tu%E1%BB%87%20nh%C3%A2n%20t%E1%BA%A1o%5C%22%29%20AND%20%28%5C%22%C4%91%C3%A1nh%20gi%C3%A1%20t%C3%A1c%20%C4%91%E1%BB%99ng%5C%22%20OR%20k%E1%BA%BFt%20qu%E1%BA%A3%29%20AND%20%28y%20t%E1%BA%BF%20OR%20b%E1%BB%87nh%20vi%E1%BB%87n%29%22&page=1,UNSCREENED_CANDIDATE_LOCATOR_NOT_ACQUIRED
WHO-VNM,DQ-EVID-03,1,https://www.who.int/brunei/,https://www.who.int/vietnam/search?query=%28%5CAI%5C%22%20OR%20%5C%22tr%C3%AD%20tu%E1%BB%87%20nh%C3%A2n%20t%E1%BA%A1o%5C%22%29%20AND%20%28%5C%22%C4%91%C3%A1nh%20gi%C3%A1%20t%C3%A1c%20%C4%91%E1%BB%99ng%5C%22%20OR%20k%E1%BA%BFt%20qu%E1%BA%A3%29%20AND%20%28y%20t%E1%BA%BF%20OR%20b%E1%BB%87nh%20vi%E1%BB%87n%29%22&page=1,UNSCREENED_CANDIDATE_LOCATOR_NOT_ACQUIRED
WHO-VNM,DQ-EVID-03,1,https://www.who.int/cambodia/,https://www.who.int/vietnam/search?query=%28%5CAI%5C%22%20OR%20%5C%22tr%C3%AD%20tu%E1%BB%87%20nh%C3%A2n%20t%E1%BA%A1o%5C%22%29%20AND%20%28%5C%22%C4%91%C3%A1nh%20gi%C3%A1%20t%C3%A1c%20%C4%91%E1%BB%99ng%5C%22%20OR%20k%E1%BA%BFt%20qu%E1%BA%A3%29%20AND%20%28y%20t%E1%BA%BF%20OR%20b%E1%BB%87nh%20vi%E1%BB%87n%29%22&page=1,UNSCREENED_CANDIDATE_LOCATOR_NOT_ACQUIRED
WHO-VNM,DQ-EVID-03,1,https://www.who.int/china/,https://www.who.int/vietnam/search?query=%28%5CAI%5C%22%20OR%20%5C%22tr%C3%AD%20tu%E1%BB%87%20nh%C3%A2n%20t%E1%BA%A1o%5C%22%29%20AND%20%28%5C%22%C4%91%C3%A1nh%20gi%C3%A1%20t%C3%A1c%20%C4%91%E1%BB%99ng%5C%22%20OR%20k%E1%BA%BFt%20qu%E1%BA%A3%29%20AND%20%28y%20t%E1%BA%BF%20OR%20b%E1%BB%87nh%20vi%E1%BB%87n%29%22&page=1,UNSCREENED_CANDIDATE_LOCATOR_NOT_ACQUIRED
WHO-VNM,DQ-EVID-03,1,https://www.who.int/cookislands/,https://www.who.int/vietnam/search?query=%28%5CAI%5C%22%20OR%20%5C%22tr%C3%AD%20tu%E1%BB%87%20nh%C3%A2n%20t%E1%BA%A1o%5C%22%29%20AND%20%28%5C%22%C4%91%C3%A1nh%20gi%C3%A1%20t%C3%A1c%20%C4%91%E1%BB%99ng%5C%22%20OR%20k%E1%BA%BFt%20qu%E1%BA%A3%29%20AND%20%28y%20t%E1%BA%BF%20OR%20b%E1%BB%87nh%20vi%E1%BB%87n%29%22&page=1,UNSCREENED_CANDIDATE_LOCATOR_NOT_ACQUIRED
WHO-VNM,DQ-EVID-03,1,https://www.who.int/europe/,https://www.who.int/vietnam/search?query=%28%5CAI%5C%22%20OR%20%5C%22tr%C3%AD%20tu%E1%BB%87%20nh%C3%A2n%20t%E1%BA%A1o%5C%22%29%20AND%20%28%5C%22%C4%91%C3%A1nh%20gi%C3%A1%20t%C3%A1c%20%C4%91%E1%BB%99ng%5C%22%20OR%20k%E1%BA%BFt%20qu%E1%BA%A3%29%20AND%20%28y%20t%E1%BA%BF%20OR%20b%E1%BB%87nh%20vi%E1%BB%87n%29%22&page=1,UNSCREENED_CANDIDATE_LOCATOR_NOT_ACQUIRED
WHO-VNM,DQ-EVID-03,1,https://www.who.int/fiji/,https://www.who.int/vietnam/search?query=%28%5CAI%5C%22%20OR%20%5C%22tr%C3%AD%20tu%E1%BB%87%20nh%C3%A2n%20t%E1%BA%A1o%5C%22%29%20AND%20%28%5C%22%C4%91%C3%A1nh%20gi%C3%A1%20t%C3%A1c%20%C4%91%E1%BB%99ng%5C%22%20OR%20k%E1%BA%BFt%20qu%E1%BA%A3%29%20AND%20%28y%20t%E1%BA%BF%20OR%20b%E1%BB%87nh%20vi%E1%BB%87n%29%22&page=1,UNSCREENED_CANDIDATE_LOCATOR_NOT_ACQUIRED
WHO-VNM,DQ-EVID-03,1,https://www.who.int/frenchpolynesia/,https://www.who.int/vietnam/search?query=%28%5CAI%5C%22%20OR%20%5C%22tr%C3%AD%20tu%E1%BB%87%20nh%C3%A2n%20t%E1%BA%A1o%5C%22%29%20AND%20%28%5C%22%C4%91%C3%A1nh%20gi%C3%A1%20t%C3%A1c%20%C4%91%E1%BB%99ng%5C%22%20OR%20k%E1%BA%BFt%20qu%E1%BA%A3%29%20AND%20%28y%20t%E1%BA%BF%20OR%20b%E1%BB%87nh%20vi%E1%BB%87n%29%22&page=1,UNSCREENED_CANDIDATE_LOCATOR_NOT_ACQUIRED
WHO-VNM,DQ-EVID-03,1,https://www.who.int/guam/,https://www.who.int/vietnam/search?query=%28%5CAI%5C%22%20OR%20%5C%22tr%C3%AD%20tu%E1%BB%87%20nh%C3%A2n%20t%E1%BA%A1o%5C%22%29%20AND%20%28%5C%22%C4%91%C3%A1nh%20gi%C3%A1%20t%C3%A1c%20%C4%91%E1%BB%99ng%5C%22%20OR%20k%E1%BA%BFt%20qu%E1%BA%A3%29%20AND%20%28y%20t%E1%BA%BF%20OR%20b%E1%BB%87nh%20vi%E1%BB%87n%29%22&page=1,UNSCREENED_CANDIDATE_LOCATOR_NOT_ACQUIRED
WHO-VNM,DQ-EVID-03,1,https://www.who.int/hongkongchina/,https://www.who.int/vietnam/search?query=%28%5CAI%5C%22%20OR%20%5C%22tr%C3%AD%20tu%E1%BB%87%20nh%C3%A2n%20t%E1%BA%A1o%5C%22%29%20AND%20%28%5C%22%C4%91%C3%A1nh%20gi%C3%A1%20t%C3%A1c%20%C4%91%E1%BB%99ng%5C%22%20OR%20k%E1%BA%BFt%20qu%E1%BA%A3%29%20AND%20%28y%20t%E1%BA%BF%20OR%20b%E1%BB%87nh%20vi%E1%BB%87n%29%22&page=1,UNSCREENED_CANDIDATE_LOCATOR_NOT_ACQUIRED
WHO-VNM,DQ-EVID-03,1,https://www.who.int/indonesia/,https://www.who.int/vietnam/search?query=%28%5CAI%5C%22%20OR%20%5C%22tr%C3%AD%20tu%E1%BB%87%20nh%C3%A2n%20t%E1%BA%A1o%5C%22%29%20AND%20%28%5C%22%C4%91%C3%A1nh%20gi%C3%A1%20t%C3%A1c%20%C4%91%E1%BB%99ng%5C%22%20OR%20k%E1%BA%BFt%20qu%E1%BA%A3%29%20AND%20%28y%20t%E1%BA%BF%20OR%20b%E1%BB%87nh%20vi%E1%BB%87n%29%22&page=1,UNSCREENED_CANDIDATE_LOCATOR_NOT_ACQUIRED
WHO-VNM,DQ-EVID-03,1,https://www.who.int/japan/,https://www.who.int/vietnam/search?query=%28%5CAI%5C%22%20OR%20%5C%22tr%C3%AD%20tu%E1%BB%87%20nh%C3%A2n%20t%E1%BA%A1o%5C%22%29%20AND%20%28%5C%22%C4%91%C3%A1nh%20gi%C3%A1%20t%C3%A1c%20%C4%91%E1%BB%99ng%5C%22%20OR%20k%E1%BA%BFt%20qu%E1%BA%A3%29%20AND%20%28y%20t%E1%BA%BF%20OR%20b%E1%BB%87nh%20vi%E1%BB%87n%29%22&page=1,UNSCREENED_CANDIDATE_LOCATOR_NOT_ACQUIRED
WHO-VNM,DQ-EVID-03,1,https://www.who.int/kiribati/,https://www.who.int/vietnam/search?query=%28%5CAI%5C%22%20OR%20%5C%22tr%C3%AD%20tu%E1%BB%87%20nh%C3%A2n%20t%E1%BA%A1o%5C%22%29%20AND%20%28%5C%22%C4%91%C3%A1nh%20gi%C3%A1%20t%C3%A1c%20%C4%91%E1%BB%99ng%5C%22%20OR%20k%E1%BA%BFt%20qu%E1%BA%A3%29%20AND%20%28y%20t%E1%BA%BF%20OR%20b%E1%BB%87nh%20vi%E1%BB%87n%29%22&page=1,UNSCREENED_CANDIDATE_LOCATOR_NOT_ACQUIRED
WHO-VNM,DQ-EVID-03,1,https://www.who.int/laos/,https://www.who.int/vietnam/search?query=%28%5CAI%5C%22%20OR%20%5C%22tr%C3%AD%20tu%E1%BB%87%20nh%C3%A2n%20t%E1%BA%A1o%5C%22%29%20AND%20%28%5C%22%C4%91%C3%A1nh%20gi%C3%A1%20t%C3%A1c%20%C4%91%E1%BB%99ng%5C%22%20OR%20k%E1%BA%BFt%20qu%E1%BA%A3%29%20AND%20%28y%20t%E1%BA%BF%20OR%20b%E1%BB%87nh%20vi%E1%BB%87n%29%22&page=1,UNSCREENED_CANDIDATE_LOCATOR_NOT_ACQUIRED
WHO-VNM,DQ-EVID-03,1,https://www.who.int/macaochina/,https://www.who.int/vietnam/search?query=%28%5CAI%5C%22%20OR%20%5C%22tr%C3%AD%20tu%E1%BB%87%20nh%C3%A2n%20t%E1%BA%A1o%5C%22%29%20AND%20%28%5C%22%C4%91%C3%A1nh%20gi%C3%A1%20t%C3%A1c%20%C4%91%E1%BB%99ng%5C%22%20OR%20k%E1%BA%BFt%20qu%E1%BA%A3%29%20AND%20%28y%20t%E1%BA%BF%20OR%20b%E1%BB%87nh%20vi%E1%BB%87n%29%22&page=1,UNSCREENED_CANDIDATE_LOCATOR_NOT_ACQUIRED
WHO-VNM,DQ-EVID-03,1,https://www.who.int/malaysia/,https://www.who.int/vietnam/search?query=%28%5CAI%5C%22%20OR%20%5C%22tr%C3%AD%20tu%E1%BB%87%20nh%C3%A2n%20t%E1%BA%A1o%5C%22%29%20AND%20%28%5C%22%C4%91%C3%A1nh%20gi%C3%A1%20t%C3%A1c%20%C4%91%E1%BB%99ng%5C%22%20OR%20k%E1%BA%BFt%20qu%E1%BA%A3%29%20AND%20%28y%20t%E1%BA%BF%20OR%20b%E1%BB%87nh%20vi%E1%BB%87n%29%22&page=1,UNSCREENED_CANDIDATE_LOCATOR_NOT_ACQUIRED
WHO-VNM,DQ-EVID-03,1,https://www.who.int/marshallislands/,https://www.who.int/vietnam/search?query=%28%5CAI%5C%22%20OR%20%5C%22tr%C3%AD%20tu%E1%BB%87%20nh%C3%A2n%20t%E1%BA%A1o%5C%22%29%20AND%20%28%5C%22%C4%91%C3%A1nh%20gi%C3%A1%20t%C3%A1c%20%C4%91%E1%BB%99ng%5C%22%20OR%20k%E1%BA%BFt%20qu%E1%BA%A3%29%20AND%20%28y%20t%E1%BA%BF%20OR%20b%E1%BB%87nh%20vi%E1%BB%87n%29%22&page=1,UNSCREENED_CANDIDATE_LOCATOR_NOT_ACQUIRED
WHO-VNM,DQ-EVID-03,1,https://www.who.int/micronesia/,https://www.who.int/vietnam/search?query=%28%5CAI%5C%22%20OR%20%5C%22tr%C3%AD%20tu%E1%BB%87%20nh%C3%A2n%20t%E1%BA%A1o%5C%22%29%20AND%20%28%5C%22%C4%91%C3%A1nh%20gi%C3%A1%20t%C3%A1c%20%C4%91%E1%BB%99ng%5C%22%20OR%20k%E1%BA%BFt%20qu%E1%BA%A3%29%20AND%20%28y%20t%E1%BA%BF%20OR%20b%E1%BB%87nh%20vi%E1%BB%87n%29%22&page=1,UNSCREENED_CANDIDATE_LOCATOR_NOT_ACQUIRED
WHO-VNM,DQ-EVID-03,1,https://www.who.int/mongolia/,https://www.who.int/vietnam/search?query=%28%5CAI%5C%22%20OR%20%5C%22tr%C3%AD%20tu%E1%BB%87%20nh%C3%A2n%20t%E1%BA%A1o%5C%22%29%20AND%20%28%5C%22%C4%91%C3%A1nh%20gi%C3%A1%20t%C3%A1c%20%C4%91%E1%BB%99ng%5C%22%20OR%20k%E1%BA%BFt%20qu%E1%BA%A3%29%20AND%20%28y%20t%E1%BA%BF%20OR%20b%E1%BB%87nh%20vi%E1%BB%87n%29%22&page=1,UNSCREENED_CANDIDATE_LOCATOR_NOT_ACQUIRED
WHO-VNM,DQ-EVID-03,1,https://www.who.int/nauru/,https://www.who.int/vietnam/search?query=%28%5CAI%5C%22%20OR%20%5C%22tr%C3%AD%20tu%E1%BB%87%20nh%C3%A2n%20t%E1%BA%A1o%5C%22%29%20AND%20%28%5C%22%C4%91%C3%A1nh%20gi%C3%A1%20t%C3%A1c%20%C4%91%E1%BB%99ng%5C%22%20OR%20k%E1%BA%BFt%20qu%E1%BA%A3%29%20AND%20%28y%20t%E1%BA%BF%20OR%20b%E1%BB%87nh%20vi%E1%BB%87n%29%22&page=1,UNSCREENED_CANDIDATE_LOCATOR_NOT_ACQUIRED
WHO-VNM,DQ-EVID-03,1,https://www.who.int/newcaledonia/,https://www.who.int/vietnam/search?query=%28%5CAI%5C%22%20OR%20%5C%22tr%C3%AD%20tu%E1%BB%87%20nh%C3%A2n%20t%E1%BA%A1o%5C%22%29%20AND%20%28%5C%22%C4%91%C3%A1nh%20gi%C3%A1%20t%C3%A1c%20%C4%91%E1%BB%99ng%5C%22%20OR%20k%E1%BA%BFt%20qu%E1%BA%A3%29%20AND%20%28y%20t%E1%BA%BF%20OR%20b%E1%BB%87nh%20vi%E1%BB%87n%29%22&page=1,UNSCREENED_CANDIDATE_LOCATOR_NOT_ACQUIRED
WHO-VNM,DQ-EVID-03,1,https://www.who.int/newzealand/,https://www.who.int/vietnam/search?query=%28%5CAI%5C%22%20OR%20%5C%22tr%C3%AD%20tu%E1%BB%87%20nh%C3%A2n%20t%E1%BA%A1o%5C%22%29%20AND%20%28%5C%22%C4%91%C3%A1nh%20gi%C3%A1%20t%C3%A1c%20%C4%91%E1%BB%99ng%5C%22%20OR%20k%E1%BA%BFt%20qu%E1%BA%A3%29%20AND%20%28y%20t%E1%BA%BF%20OR%20b%E1%BB%87nh%20vi%E1%BB%87n%29%22&page=1,UNSCREENED_CANDIDATE_LOCATOR_NOT_ACQUIRED
WHO-VNM,DQ-EVID-03,1,https://www.who.int/niue/,https://www.who.int/vietnam/search?query=%28%5CAI%5C%22%20OR%20%5C%22tr%C3%AD%20tu%E1%BB%87%20nh%C3%A2n%20t%E1%BA%A1o%5C%22%29%20AND%20%28%5C%22%C4%91%C3%A1nh%20gi%C3%A1%20t%C3%A1c%20%C4%91%E1%BB%99ng%5C%22%20OR%20k%E1%BA%BFt%20qu%E1%BA%A3%29%20AND%20%28y%20t%E1%BA%BF%20OR%20b%E1%BB%87nh%20vi%E1%BB%87n%29%22&page=1,UNSCREENED_CANDIDATE_LOCATOR_NOT_ACQUIRED
WHO-VNM,DQ-EVID-03,1,https://www.who.int/northernmarianaislands/,https://www.who.int/vietnam/search?query=%28%5CAI%5C%22%20OR%20%5C%22tr%C3%AD%20tu%E1%BB%87%20nh%C3%A2n%20t%E1%BA%A1o%5C%22%29%20AND%20%28%5C%22%C4%91%C3%A1nh%20gi%C3%A1%20t%C3%A1c%20%C4%91%E1%BB%99ng%5C%22%20OR%20k%E1%BA%BFt%20qu%E1%BA%A3%29%20AND%20%28y%20t%E1%BA%BF%20OR%20b%E1%BB%87nh%20vi%E1%BB%87n%29%22&page=1,UNSCREENED_CANDIDATE_LOCATOR_NOT_ACQUIRED
WHO-VNM,DQ-EVID-03,1,https://www.who.int/palau/,https://www.who.int/vietnam/search?query=%28%5CAI%5C%22%20OR%20%5C%22tr%C3%AD%20tu%E1%BB%87%20nh%C3%A2n%20t%E1%BA%A1o%5C%22%29%20AND%20%28%5C%22%C4%91%C3%A1nh%20gi%C3%A1%20t%C3%A1c%20%C4%91%E1%BB%99ng%5C%22%20OR%20k%E1%BA%BFt%20qu%E1%BA%A3%29%20AND%20%28y%20t%E1%BA%BF%20OR%20b%E1%BB%87nh%20vi%E1%BB%87n%29%22&page=1,UNSCREENED_CANDIDATE_LOCATOR_NOT_ACQUIRED
WHO-VNM,DQ-EVID-03,1,https://www.who.int/papuanewguinea/,https://www.who.int/vietnam/search?query=%28%5CAI%5C%22%20OR%20%5C%22tr%C3%AD%20tu%E1%BB%87%20nh%C3%A2n%20t%E1%BA%A1o%5C%22%29%20AND%20%28%5C%22%C4%91%C3%A1nh%20gi%C3%A1%20t%C3%A1c%20%C4%91%E1%BB%99ng%5C%22%20OR%20k%E1%BA%BFt%20qu%E1%BA%A3%29%20AND%20%28y%20t%E1%BA%BF%20OR%20b%E1%BB%87nh%20vi%E1%BB%87n%29%22&page=1,UNSCREENED_CANDIDATE_LOCATOR_NOT_ACQUIRED
WHO-VNM,DQ-EVID-03,1,https://www.who.int/philippines/,https://www.who.int/vietnam/search?query=%28%5CAI%5C%22%20OR%20%5C%22tr%C3%AD%20tu%E1%BB%87%20nh%C3%A2n%20t%E1%BA%A1o%5C%22%29%20AND%20%28%5C%22%C4%91%C3%A1nh%20gi%C3%A1%20t%C3%A1c%20%C4%91%E1%BB%99ng%5C%22%20OR%20k%E1%BA%BFt%20qu%E1%BA%A3%29%20AND%20%28y%20t%E1%BA%BF%20OR%20b%E1%BB%87nh%20vi%E1%BB%87n%29%22&page=1,UNSCREENED_CANDIDATE_LOCATOR_NOT_ACQUIRED
WHO-VNM,DQ-EVID-03,1,https://www.who.int/pitcairnislands/,https://www.who.int/vietnam/search?query=%28%5CAI%5C%22%20OR%20%5C%22tr%C3%AD%20tu%E1%BB%87%20nh%C3%A2n%20t%E1%BA%A1o%5C%22%29%20AND%20%28%5C%22%C4%91%C3%A1nh%20gi%C3%A1%20t%C3%A1c%20%C4%91%E1%BB%99ng%5C%22%20OR%20k%E1%BA%BFt%20qu%E1%BA%A3%29%20AND%20%28y%20t%E1%BA%BF%20OR%20b%E1%BB%87nh%20vi%E1%BB%87n%29%22&page=1,UNSCREENED_CANDIDATE_LOCATOR_NOT_ACQUIRED
WHO-VNM,DQ-EVID-03,1,https://www.who.int/republicofkorea/,https://www.who.int/vietnam/search?query=%28%5CAI%5C%22%20OR%20%5C%22tr%C3%AD%20tu%E1%BB%87%20nh%C3%A2n%20t%E1%BA%A1o%5C%22%29%20AND%20%28%5C%22%C4%91%C3%A1nh%20gi%C3%A1%20t%C3%A1c%20%C4%91%E1%BB%99ng%5C%22%20OR%20k%E1%BA%BFt%20qu%E1%BA%A3%29%20AND%20%28y%20t%E1%BA%BF%20OR%20b%E1%BB%87nh%20vi%E1%BB%87n%29%22&page=1,UNSCREENED_CANDIDATE_LOCATOR_NOT_ACQUIRED
WHO-VNM,DQ-EVID-03,1,https://www.who.int/samoa/,https://www.who.int/vietnam/search?query=%28%5CAI%5C%22%20OR%20%5C%22tr%C3%AD%20tu%E1%BB%87%20nh%C3%A2n%20t%E1%BA%A1o%5C%22%29%20AND%20%28%5C%22%C4%91%C3%A1nh%20gi%C3%A1%20t%C3%A1c%20%C4%91%E1%BB%99ng%5C%22%20OR%20k%E1%BA%BFt%20qu%E1%BA%A3%29%20AND%20%28y%20t%E1%BA%BF%20OR%20b%E1%BB%87nh%20vi%E1%BB%87n%29%22&page=1,UNSCREENED_CANDIDATE_LOCATOR_NOT_ACQUIRED
WHO-VNM,DQ-EVID-03,1,https://www.who.int/singapore/,https://www.who.int/vietnam/search?query=%28%5CAI%5C%22%20OR%20%5C%22tr%C3%AD%20tu%E1%BB%87%20nh%C3%A2n%20t%E1%BA%A1o%5C%22%29%20AND%20%28%5C%22%C4%91%C3%A1nh%20gi%C3%A1%20t%C3%A1c%20%C4%91%E1%BB%99ng%5C%22%20OR%20k%E1%BA%BFt%20qu%E1%BA%A3%29%20AND%20%28y%20t%E1%BA%BF%20OR%20b%E1%BB%87nh%20vi%E1%BB%87n%29%22&page=1,UNSCREENED_CANDIDATE_LOCATOR_NOT_ACQUIRED
WHO-VNM,DQ-EVID-03,1,https://www.who.int/solomonislands/home,https://www.who.int/vietnam/search?query=%28%5CAI%5C%22%20OR%20%5C%22tr%C3%AD%20tu%E1%BB%87%20nh%C3%A2n%20t%E1%BA%A1o%5C%22%29%20AND%20%28%5C%22%C4%91%C3%A1nh%20gi%C3%A1%20t%C3%A1c%20%C4%91%E1%BB%99ng%5C%22%20OR%20k%E1%BA%BFt%20qu%E1%BA%A3%29%20AND%20%28y%20t%E1%BA%BF%20OR%20b%E1%BB%87nh%20vi%E1%BB%87n%29%22&page=1,UNSCREENED_CANDIDATE_LOCATOR_NOT_ACQUIRED
WHO-VNM,DQ-EVID-03,1,https://www.who.int/southeastasia,https://www.who.int/vietnam/search?query=%28%5CAI%5C%22%20OR%20%5C%22tr%C3%AD%20tu%E1%BB%87%20nh%C3%A2n%20t%E1%BA%A1o%5C%22%29%20AND%20%28%5C%22%C4%91%C3%A1nh%20gi%C3%A1%20t%C3%A1c%20%C4%91%E1%BB%99ng%5C%22%20OR%20k%E1%BA%BFt%20qu%E1%BA%A3%29%20AND%20%28y%20t%E1%BA%BF%20OR%20b%E1%BB%87nh%20vi%E1%BB%87n%29%22&page=1,UNSCREENED_CANDIDATE_LOCATOR_NOT_ACQUIRED
WHO-VNM,DQ-EVID-03,1,https://www.who.int/tokelau/home,https://www.who.int/vietnam/search?query=%28%5CAI%5C%22%20OR%20%5C%22tr%C3%AD%20tu%E1%BB%87%20nh%C3%A2n%20t%E1%BA%A1o%5C%22%29%20AND%20%28%5C%22%C4%91%C3%A1nh%20gi%C3%A1%20t%C3%A1c%20%C4%91%E1%BB%99ng%5C%22%20OR%20k%E1%BA%BFt%20qu%E1%BA%A3%29%20AND%20%28y%20t%E1%BA%BF%20OR%20b%E1%BB%87nh%20vi%E1%BB%87n%29%22&page=1,UNSCREENED_CANDIDATE_LOCATOR_NOT_ACQUIRED
WHO-VNM,DQ-EVID-03,1,https://www.who.int/tonga/home,https://www.who.int/vietnam/search?query=%28%5CAI%5C%22%20OR%20%5C%22tr%C3%AD%20tu%E1%BB%87%20nh%C3%A2n%20t%E1%BA%A1o%5C%22%29%20AND%20%28%5C%22%C4%91%C3%A1nh%20gi%C3%A1%20t%C3%A1c%20%C4%91%E1%BB%99ng%5C%22%20OR%20k%E1%BA%BFt%20qu%E1%BA%A3%29%20AND%20%28y%20t%E1%BA%BF%20OR%20b%E1%BB%87nh%20vi%E1%BB%87n%29%22&page=1,UNSCREENED_CANDIDATE_LOCATOR_NOT_ACQUIRED
WHO-VNM,DQ-EVID-03,1,https://www.who.int/tuvalu/home,https://www.who.int/vietnam/search?query=%28%5CAI%5C%22%20OR%20%5C%22tr%C3%AD%20tu%E1%BB%87%20nh%C3%A2n%20t%E1%BA%A1o%5C%22%29%20AND%20%28%5C%22%C4%91%C3%A1nh%20gi%C3%A1%20t%C3%A1c%20%C4%91%E1%BB%99ng%5C%22%20OR%20k%E1%BA%BFt%20qu%E1%BA%A3%29%20AND%20%28y%20t%E1%BA%BF%20OR%20b%E1%BB%87nh%20vi%E1%BB%87n%29%22&page=1,UNSCREENED_CANDIDATE_LOCATOR_NOT_ACQUIRED
WHO-VNM,DQ-EVID-03,1,https://www.who.int/vanuatu/home,https://www.who.int/vietnam/search?query=%28%5CAI%5C%22%20OR%20%5C%22tr%C3%AD%20tu%E1%BB%87%20nh%C3%A2n%20t%E1%BA%A1o%5C%22%29%20AND%20%28%5C%22%C4%91%C3%A1nh%20gi%C3%A1%20t%C3%A1c%20%C4%91%E1%BB%99ng%5C%22%20OR%20k%E1%BA%BFt%20qu%E1%BA%A3%29%20AND%20%28y%20t%E1%BA%BF%20OR%20b%E1%BB%87nh%20vi%E1%BB%87n%29%22&page=1,UNSCREENED_CANDIDATE_LOCATOR_NOT_ACQUIRED
WHO-VNM,DQ-EVID-03,1,https://www.who.int/vietnam,https://www.who.int/vietnam/search?query=%28%5CAI%5C%22%20OR%20%5C%22tr%C3%AD%20tu%E1%BB%87%20nh%C3%A2n%20t%E1%BA%A1o%5C%22%29%20AND%20%28%5C%22%C4%91%C3%A1nh%20gi%C3%A1%20t%C3%A1c%20%C4%91%E1%BB%99ng%5C%22%20OR%20k%E1%BA%BFt%20qu%E1%BA%A3%29%20AND%20%28y%20t%E1%BA%BF%20OR%20b%E1%BB%87nh%20vi%E1%BB%87n%29%22&page=1,UNSCREENED_CANDIDATE_LOCATOR_NOT_ACQUIRED
WHO-VNM,DQ-EVID-03,1,https://www.who.int/vietnam/,https://www.who.int/vietnam/search?query=%28%5CAI%5C%22%20OR%20%5C%22tr%C3%AD%20tu%E1%BB%87%20nh%C3%A2n%20t%E1%BA%A1o%5C%22%29%20AND%20%28%5C%22%C4%91%C3%A1nh%20gi%C3%A1%20t%C3%A1c%20%C4%91%E1%BB%99ng%5C%22%20OR%20k%E1%BA%BFt%20qu%E1%BA%A3%29%20AND%20%28y%20t%E1%BA%BF%20OR%20b%E1%BB%87nh%20vi%E1%BB%87n%29%22&page=1,UNSCREENED_CANDIDATE_LOCATOR_NOT_ACQUIRED
WHO-VNM,DQ-EVID-03,1,https://www.who.int/vietnam/about,https://www.who.int/vietnam/search?query=%28%5CAI%5C%22%20OR%20%5C%22tr%C3%AD%20tu%E1%BB%87%20nh%C3%A2n%20t%E1%BA%A1o%5C%22%29%20AND%20%28%5C%22%C4%91%C3%A1nh%20gi%C3%A1%20t%C3%A1c%20%C4%91%E1%BB%99ng%5C%22%20OR%20k%E1%BA%BFt%20qu%E1%BA%A3%29%20AND%20%28y%20t%E1%BA%BF%20OR%20b%E1%BB%87nh%20vi%E1%BB%87n%29%22&page=1,UNSCREENED_CANDIDATE_LOCATOR_NOT_ACQUIRED
WHO-VNM,DQ-EVID-03,1,https://www.who.int/vietnam/emergencies,https://www.who.int/vietnam/search?query=%28%5CAI%5C%22%20OR%20%5C%22tr%C3%AD%20tu%E1%BB%87%20nh%C3%A2n%20t%E1%BA%A1o%5C%22%29%20AND%20%28%5C%22%C4%91%C3%A1nh%20gi%C3%A1%20t%C3%A1c%20%C4%91%E1%BB%99ng%5C%22%20OR%20k%E1%BA%BFt%20qu%E1%BA%A3%29%20AND%20%28y%20t%E1%BA%BF%20OR%20b%E1%BB%87nh%20vi%E1%BB%87n%29%22&page=1,UNSCREENED_CANDIDATE_LOCATOR_NOT_ACQUIRED
WHO-VNM,DQ-EVID-03,1,https://www.who.int/vietnam/footer/help,https://www.who.int/vietnam/search?query=%28%5CAI%5C%22%20OR%20%5C%22tr%C3%AD%20tu%E1%BB%87%20nh%C3%A2n%20t%E1%BA%A1o%5C%22%29%20AND%20%28%5C%22%C4%91%C3%A1nh%20gi%C3%A1%20t%C3%A1c%20%C4%91%E1%BB%99ng%5C%22%20OR%20k%E1%BA%BFt%20qu%E1%BA%A3%29%20AND%20%28y%20t%E1%BA%BF%20OR%20b%E1%BB%87nh%20vi%E1%BB%87n%29%22&page=1,UNSCREENED_CANDIDATE_LOCATOR_NOT_ACQUIRED
WHO-VNM,DQ-EVID-03,1,https://www.who.int/vietnam/footer/help/contact-us,https://www.who.int/vietnam/search?query=%28%5CAI%5C%22%20OR%20%5C%22tr%C3%AD%20tu%E1%BB%87%20nh%C3%A2n%20t%E1%BA%A1o%5C%22%29%20AND%20%28%5C%22%C4%91%C3%A1nh%20gi%C3%A1%20t%C3%A1c%20%C4%91%E1%BB%99ng%5C%22%20OR%20k%E1%BA%BFt%20qu%E1%BA%A3%29%20AND%20%28y%20t%E1%BA%BF%20OR%20b%E1%BB%87nh%20vi%E1%BB%87n%29%22&page=1,UNSCREENED_CANDIDATE_LOCATOR_NOT_ACQUIRED
WHO-VNM,DQ-EVID-03,1,https://www.who.int/vietnam/footer/help/cyber-security,https://www.who.int/vietnam/search?query=%28%5CAI%5C%22%20OR%20%5C%22tr%C3%AD%20tu%E1%BB%87%20nh%C3%A2n%20t%E1%BA%A1o%5C%22%29%20AND%20%28%5C%22%C4%91%C3%A1nh%20gi%C3%A1%20t%C3%A1c%20%C4%91%E1%BB%99ng%5C%22%20OR%20k%E1%BA%BFt%20qu%E1%BA%A3%29%20AND%20%28y%20t%E1%BA%BF%20OR%20b%E1%BB%87nh%20vi%E1%BB%87n%29%22&page=1,UNSCREENED_CANDIDATE_LOCATOR_NOT_ACQUIRED
WHO-VNM,DQ-EVID-03,1,https://www.who.int/vietnam/footer/help/ethics,https://www.who.int/vietnam/search?query=%28%5CAI%5C%22%20OR%20%5C%22tr%C3%AD%20tu%E1%BB%87%20nh%C3%A2n%20t%E1%BA%A1o%5C%22%29%20AND%20%28%5C%22%C4%91%C3%A1nh%20gi%C3%A1%20t%C3%A1c%20%C4%91%E1%BB%99ng%5C%22%20OR%20k%E1%BA%BFt%20qu%E1%BA%A3%29%20AND%20%28y%20t%E1%BA%BF%20OR%20b%E1%BB%87nh%20vi%E1%BB%87n%29%22&page=1,UNSCREENED_CANDIDATE_LOCATOR_NOT_ACQUIRED
WHO-VNM,DQ-EVID-03,1,https://www.who.int/vietnam/footer/quick-links,https://www.who.int/vietnam/search?query=%28%5CAI%5C%22%20OR%20%5C%22tr%C3%AD%20tu%E1%BB%87%20nh%C3%A2n%20t%E1%BA%A1o%5C%22%29%20AND%20%28%5C%22%C4%91%C3%A1nh%20gi%C3%A1%20t%C3%A1c%20%C4%91%E1%BB%99ng%5C%22%20OR%20k%E1%BA%BFt%20qu%E1%BA%A3%29%20AND%20%28y%20t%E1%BA%BF%20OR%20b%E1%BB%87nh%20vi%E1%BB%87n%29%22&page=1,UNSCREENED_CANDIDATE_LOCATOR_NOT_ACQUIRED
WHO-VNM,DQ-EVID-03,1,https://www.who.int/vietnam/footer/quick-links/careers-in-who-viet-nam,https://www.who.int/vietnam/search?query=%28%5CAI%5C%22%20OR%20%5C%22tr%C3%AD%20tu%E1%BB%87%20nh%C3%A2n%20t%E1%BA%A1o%5C%22%29%20AND%20%28%5C%22%C4%91%C3%A1nh%20gi%C3%A1%20t%C3%A1c%20%C4%91%E1%BB%99ng%5C%22%20OR%20k%E1%BA%BFt%20qu%E1%BA%A3%29%20AND%20%28y%20t%E1%BA%BF%20OR%20b%E1%BB%87nh%20vi%E1%BB%87n%29%22&page=1,UNSCREENED_CANDIDATE_LOCATOR_NOT_ACQUIRED
WHO-VNM,DQ-EVID-03,1,https://www.who.int/vietnam/footer/quick-links/newsroom,https://www.who.int/vietnam/search?query=%28%5CAI%5C%22%20OR%20%5C%22tr%C3%AD%20tu%E1%BB%87%20nh%C3%A2n%20t%E1%BA%A1o%5C%22%29%20AND%20%28%5C%22%C4%91%C3%A1nh%20gi%C3%A1%20t%C3%A1c%20%C4%91%E1%BB%99ng%5C%22%20OR%20k%E1%BA%BFt%20qu%E1%BA%A3%29%20AND%20%28y%20t%E1%BA%BF%20OR%20b%E1%BB%87nh%20vi%E1%BB%87n%29%22&page=1,UNSCREENED_CANDIDATE_LOCATOR_NOT_ACQUIRED
WHO-VNM,DQ-EVID-03,1,https://www.who.int/vietnam/footer/quick-links/publications-and-information-resources,https://www.who.int/vietnam/search?query=%28%5CAI%5C%22%20OR%20%5C%22tr%C3%AD%20tu%E1%BB%87%20nh%C3%A2n%20t%E1%BA%A1o%5C%22%29%20AND%20%28%5C%22%C4%91%C3%A1nh%20gi%C3%A1%20t%C3%A1c%20%C4%91%E1%BB%99ng%5C%22%20OR%20k%E1%BA%BFt%20qu%E1%BA%A3%29%20AND%20%28y%20t%E1%BA%BF%20OR%20b%E1%BB%87nh%20vi%E1%BB%87n%29%22&page=1,UNSCREENED_CANDIDATE_LOCATOR_NOT_ACQUIRED
WHO-VNM,DQ-EVID-03,1,https://www.who.int/vietnam/footer/regional-links,https://www.who.int/vietnam/search?query=%28%5CAI%5C%22%20OR%20%5C%22tr%C3%AD%20tu%E1%BB%87%20nh%C3%A2n%20t%E1%BA%A1o%5C%22%29%20AND%20%28%5C%22%C4%91%C3%A1nh%20gi%C3%A1%20t%C3%A1c%20%C4%91%E1%BB%99ng%5C%22%20OR%20k%E1%BA%BFt%20qu%E1%BA%A3%29%20AND%20%28y%20t%E1%BA%BF%20OR%20b%E1%BB%87nh%20vi%E1%BB%87n%29%22&page=1,UNSCREENED_CANDIDATE_LOCATOR_NOT_ACQUIRED
WHO-VNM,DQ-EVID-03,1,https://www.who.int/vietnam/footer/regional-links/campaigns,https://www.who.int/vietnam/search?query=%28%5CAI%5C%22%20OR%20%5C%22tr%C3%AD%20tu%E1%BB%87%20nh%C3%A2n%20t%E1%BA%A1o%5C%22%29%20AND%20%28%5C%22%C4%91%C3%A1nh%20gi%C3%A1%20t%C3%A1c%20%C4%91%E1%BB%99ng%5C%22%20OR%20k%E1%BA%BFt%20qu%E1%BA%A3%29%20AND%20%28y%20t%E1%BA%BF%20OR%20b%E1%BB%87nh%20vi%E1%BB%87n%29%22&page=1,UNSCREENED_CANDIDATE_LOCATOR_NOT_ACQUIRED
WHO-VNM,DQ-EVID-03,1,https://www.who.int/vietnam/footer/regional-links/careers,https://www.who.int/vietnam/search?query=%28%5CAI%5C%22%20OR%20%5C%22tr%C3%AD%20tu%E1%BB%87%20nh%C3%A2n%20t%E1%BA%A1o%5C%22%29%20AND%20%28%5C%22%C4%91%C3%A1nh%20gi%C3%A1%20t%C3%A1c%20%C4%91%E1%BB%99ng%5C%22%20OR%20k%E1%BA%BFt%20qu%E1%BA%A3%29%20AND%20%28y%20t%E1%BA%BF%20OR%20b%E1%BB%87nh%20vi%E1%BB%87n%29%22&page=1,UNSCREENED_CANDIDATE_LOCATOR_NOT_ACQUIRED
WHO-VNM,DQ-EVID-03,1,https://www.who.int/vietnam/footer/regional-links/data,https://www.who.int/vietnam/search?query=%28%5CAI%5C%22%20OR%20%5C%22tr%C3%AD%20tu%E1%BB%87%20nh%C3%A2n%20t%E1%BA%A1o%5C%22%29%20AND%20%28%5C%22%C4%91%C3%A1nh%20gi%C3%A1%20t%C3%A1c%20%C4%91%E1%BB%99ng%5C%22%20OR%20k%E1%BA%BFt%20qu%E1%BA%A3%29%20AND%20%28y%20t%E1%BA%BF%20OR%20b%E1%BB%87nh%20vi%E1%BB%87n%29%22&page=1,UNSCREENED_CANDIDATE_LOCATOR_NOT_ACQUIRED
WHO-VNM,DQ-EVID-03,1,https://www.who.int/vietnam/footer/regional-links/publications,https://www.who.int/vietnam/search?query=%28%5CAI%5C%22%20OR%20%5C%22tr%C3%AD%20tu%E1%BB%87%20nh%C3%A2n%20t%E1%BA%A1o%5C%22%29%20AND%20%28%5C%22%C4%91%C3%A1nh%20gi%C3%A1%20t%C3%A1c%20%C4%91%E1%BB%99ng%5C%22%20OR%20k%E1%BA%BFt%20qu%E1%BA%A3%29%20AND%20%28y%20t%E1%BA%BF%20OR%20b%E1%BB%87nh%20vi%E1%BB%87n%29%22&page=1,UNSCREENED_CANDIDATE_LOCATOR_NOT_ACQUIRED
WHO-VNM,DQ-EVID-03,1,https://www.who.int/vietnam/health-topics,https://www.who.int/vietnam/search?query=%28%5CAI%5C%22%20OR%20%5C%22tr%C3%AD%20tu%E1%BB%87%20nh%C3%A2n%20t%E1%BA%A1o%5C%22%29%20AND%20%28%5C%22%C4%91%C3%A1nh%20gi%C3%A1%20t%C3%A1c%20%C4%91%E1%BB%99ng%5C%22%20OR%20k%E1%BA%BFt%20qu%E1%BA%A3%29%20AND%20%28y%20t%E1%BA%BF%20OR%20b%E1%BB%87nh%20vi%E1%BB%87n%29%22&page=1,UNSCREENED_CANDIDATE_LOCATOR_NOT_ACQUIRED
WHO-VNM,DQ-EVID-03,1,https://www.who.int/vietnam/news,https://www.who.int/vietnam/search?query=%28%5CAI%5C%22%20OR%20%5C%22tr%C3%AD%20tu%E1%BB%87%20nh%C3%A2n%20t%E1%BA%A1o%5C%22%29%20AND%20%28%5C%22%C4%91%C3%A1nh%20gi%C3%A1%20t%C3%A1c%20%C4%91%E1%BB%99ng%5C%22%20OR%20k%E1%BA%BFt%20qu%E1%BA%A3%29%20AND%20%28y%20t%E1%BA%BF%20OR%20b%E1%BB%87nh%20vi%E1%BB%87n%29%22&page=1,UNSCREENED_CANDIDATE_LOCATOR_NOT_ACQUIRED
WHO-VNM,DQ-EVID-03,1,https://www.who.int/vietnam/our-work,https://www.who.int/vietnam/search?query=%28%5CAI%5C%22%20OR%20%5C%22tr%C3%AD%20tu%E1%BB%87%20nh%C3%A2n%20t%E1%BA%A1o%5C%22%29%20AND%20%28%5C%22%C4%91%C3%A1nh%20gi%C3%A1%20t%C3%A1c%20%C4%91%E1%BB%99ng%5C%22%20OR%20k%E1%BA%BFt%20qu%E1%BA%A3%29%20AND%20%28y%20t%E1%BA%BF%20OR%20b%E1%BB%87nh%20vi%E1%BB%87n%29%22&page=1,UNSCREENED_CANDIDATE_LOCATOR_NOT_ACQUIRED
WHO-VNM,DQ-EVID-03,1,https://www.who.int/vietnam/search?query=%28%5CAI%5C%22%20OR%20%5C%22tr%C3%AD%20tu%E1%BB%87%20nh%C3%A2n%20t%E1%BA%A1o%5C%22%29%20AND%20%28%5C%22%C4%91%C3%A1nh%20gi%C3%A1%20t%C3%A1c%20%C4%91%E1%BB%99ng%5C%22%20OR%20k%E1%BA%BFt%20qu%E1%BA%A3%29%20AND%20%28y%20t%E1%BA%BF%20OR%20b%E1%BB%87nh%20vi%E1%BB%87n%29%22&page=1,https://www.who.int/vietnam/search?query=%28%5CAI%5C%22%20OR%20%5C%22tr%C3%AD%20tu%E1%BB%87%20nh%C3%A2n%20t%E1%BA%A1o%5C%22%29%20AND%20%28%5C%22%C4%91%C3%A1nh%20gi%C3%A1%20t%C3%A1c%20%C4%91%E1%BB%99ng%5C%22%20OR%20k%E1%BA%BFt%20qu%E1%BA%A3%29%20AND%20%28y%20t%E1%BA%BF%20OR%20b%E1%BB%87nh%20vi%E1%BB%87n%29%22&page=1,UNSCREENED_CANDIDATE_LOCATOR_NOT_ACQUIRED
WHO-VNM,DQ-EVID-03,1,https://www.who.int/wallisandfutuna/home,https://www.who.int/vietnam/search?query=%28%5CAI%5C%22%20OR%20%5C%22tr%C3%AD%20tu%E1%BB%87%20nh%C3%A2n%20t%E1%BA%A1o%5C%22%29%20AND%20%28%5C%22%C4%91%C3%A1nh%20gi%C3%A1%20t%C3%A1c%20%C4%91%E1%BB%99ng%5C%22%20OR%20k%E1%BA%BFt%20qu%E1%BA%A3%29%20AND%20%28y%20t%E1%BA%BF%20OR%20b%E1%BB%87nh%20vi%E1%BB%87n%29%22&page=1,UNSCREENED_CANDIDATE_LOCATOR_NOT_ACQUIRED
WHO-VNM,DQ-EVID-03,1,https://www.who.int/westernpacific/,https://www.who.int/vietnam/search?query=%28%5CAI%5C%22%20OR%20%5C%22tr%C3%AD%20tu%E1%BB%87%20nh%C3%A2n%20t%E1%BA%A1o%5C%22%29%20AND%20%28%5C%22%C4%91%C3%A1nh%20gi%C3%A1%20t%C3%A1c%20%C4%91%E1%BB%99ng%5C%22%20OR%20k%E1%BA%BFt%20qu%E1%BA%A3%29%20AND%20%28y%20t%E1%BA%BF%20OR%20b%E1%BB%87nh%20vi%E1%BB%87n%29%22&page=1,UNSCREENED_CANDIDATE_LOCATOR_NOT_ACQUIRED
WHO-VNM,DQ-EVID-03,2,https://www.who.int/vietnam/search?query=%28%5CAI%5C%22%20OR%20%5C%22tr%C3%AD%20tu%E1%BB%87%20nh%C3%A2n%20t%E1%BA%A1o%5C%22%29%20AND%20%28%5C%22%C4%91%C3%A1nh%20gi%C3%A1%20t%C3%A1c%20%C4%91%E1%BB%99ng%5C%22%20OR%20k%E1%BA%BFt%20qu%E1%BA%A3%29%20AND%20%28y%20t%E1%BA%BF%20OR%20b%E1%BB%87nh%20vi%E1%BB%87n%29%22&page=2,https://www.who.int/vietnam/search?query=%28%5CAI%5C%22%20OR%20%5C%22tr%C3%AD%20tu%E1%BB%87%20nh%C3%A2n%20t%E1%BA%A1o%5C%22%29%20AND%20%28%5C%22%C4%91%C3%A1nh%20gi%C3%A1%20t%C3%A1c%20%C4%91%E1%BB%99ng%5C%22%20OR%20k%E1%BA%BFt%20qu%E1%BA%A3%29%20AND%20%28y%20t%E1%BA%BF%20OR%20b%E1%BB%87nh%20vi%E1%BB%87n%29%22&page=2,UNSCREENED_CANDIDATE_LOCATOR_NOT_ACQUIRED
WHO-VNM,DQ-EVID-04,1,https://www.who.int/,https://www.who.int/vietnam/search?query=%28%5CAI%20ethics%5C%22%20OR%20%5C%22AI%20governance%5C%22%29%20AND%20%28audit%20OR%20inspection%20OR%20monitoring%20OR%20incident%20OR%20complaint%20OR%20redress%20OR%20%5C%22impact%20assessment%5C%22%20OR%20outcome%20OR%20result%29%20AND%20%28Vietnam%20OR%20%5C%22Viet%20Nam%5C%22%29%20AND%20%28health%20OR%20hospital%29%22&page=1,UNSCREENED_CANDIDATE_LOCATOR_NOT_ACQUIRED
WHO-VNM,DQ-EVID-04,1,https://www.who.int/americansamoa/,https://www.who.int/vietnam/search?query=%28%5CAI%20ethics%5C%22%20OR%20%5C%22AI%20governance%5C%22%29%20AND%20%28audit%20OR%20inspection%20OR%20monitoring%20OR%20incident%20OR%20complaint%20OR%20redress%20OR%20%5C%22impact%20assessment%5C%22%20OR%20outcome%20OR%20result%29%20AND%20%28Vietnam%20OR%20%5C%22Viet%20Nam%5C%22%29%20AND%20%28health%20OR%20hospital%29%22&page=1,UNSCREENED_CANDIDATE_LOCATOR_NOT_ACQUIRED
WHO-VNM,DQ-EVID-04,1,https://www.who.int/australia/,https://www.who.int/vietnam/search?query=%28%5CAI%20ethics%5C%22%20OR%20%5C%22AI%20governance%5C%22%29%20AND%20%28audit%20OR%20inspection%20OR%20monitoring%20OR%20incident%20OR%20complaint%20OR%20redress%20OR%20%5C%22impact%20assessment%5C%22%20OR%20outcome%20OR%20result%29%20AND%20%28Vietnam%20OR%20%5C%22Viet%20Nam%5C%22%29%20AND%20%28health%20OR%20hospital%29%22&page=1,UNSCREENED_CANDIDATE_LOCATOR_NOT_ACQUIRED
WHO-VNM,DQ-EVID-04,1,https://www.who.int/brunei/,https://www.who.int/vietnam/search?query=%28%5CAI%20ethics%5C%22%20OR%20%5C%22AI%20governance%5C%22%29%20AND%20%28audit%20OR%20inspection%20OR%20monitoring%20OR%20incident%20OR%20complaint%20OR%20redress%20OR%20%5C%22impact%20assessment%5C%22%20OR%20outcome%20OR%20result%29%20AND%20%28Vietnam%20OR%20%5C%22Viet%20Nam%5C%22%29%20AND%20%28health%20OR%20hospital%29%22&page=1,UNSCREENED_CANDIDATE_LOCATOR_NOT_ACQUIRED
WHO-VNM,DQ-EVID-04,1,https://www.who.int/cambodia/,https://www.who.int/vietnam/search?query=%28%5CAI%20ethics%5C%22%20OR%20%5C%22AI%20governance%5C%22%29%20AND%20%28audit%20OR%20inspection%20OR%20monitoring%20OR%20incident%20OR%20complaint%20OR%20redress%20OR%20%5C%22impact%20assessment%5C%22%20OR%20outcome%20OR%20result%29%20AND%20%28Vietnam%20OR%20%5C%22Viet%20Nam%5C%22%29%20AND%20%28health%20OR%20hospital%29%22&page=1,UNSCREENED_CANDIDATE_LOCATOR_NOT_ACQUIRED
WHO-VNM,DQ-EVID-04,1,https://www.who.int/china/,https://www.who.int/vietnam/search?query=%28%5CAI%20ethics%5C%22%20OR%20%5C%22AI%20governance%5C%22%29%20AND%20%28audit%20OR%20inspection%20OR%20monitoring%20OR%20incident%20OR%20complaint%20OR%20redress%20OR%20%5C%22impact%20assessment%5C%22%20OR%20outcome%20OR%20result%29%20AND%20%28Vietnam%20OR%20%5C%22Viet%20Nam%5C%22%29%20AND%20%28health%20OR%20hospital%29%22&page=1,UNSCREENED_CANDIDATE_LOCATOR_NOT_ACQUIRED
WHO-VNM,DQ-EVID-04,1,https://www.who.int/cookislands/,https://www.who.int/vietnam/search?query=%28%5CAI%20ethics%5C%22%20OR%20%5C%22AI%20governance%5C%22%29%20AND%20%28audit%20OR%20inspection%20OR%20monitoring%20OR%20incident%20OR%20complaint%20OR%20redress%20OR%20%5C%22impact%20assessment%5C%22%20OR%20outcome%20OR%20result%29%20AND%20%28Vietnam%20OR%20%5C%22Viet%20Nam%5C%22%29%20AND%20%28health%20OR%20hospital%29%22&page=1,UNSCREENED_CANDIDATE_LOCATOR_NOT_ACQUIRED
WHO-VNM,DQ-EVID-04,1,https://www.who.int/europe/,https://www.who.int/vietnam/search?query=%28%5CAI%20ethics%5C%22%20OR%20%5C%22AI%20governance%5C%22%29%20AND%20%28audit%20OR%20inspection%20OR%20monitoring%20OR%20incident%20OR%20complaint%20OR%20redress%20OR%20%5C%22impact%20assessment%5C%22%20OR%20outcome%20OR%20result%29%20AND%20%28Vietnam%20OR%20%5C%22Viet%20Nam%5C%22%29%20AND%20%28health%20OR%20hospital%29%22&page=1,UNSCREENED_CANDIDATE_LOCATOR_NOT_ACQUIRED
WHO-VNM,DQ-EVID-04,1,https://www.who.int/fiji/,https://www.who.int/vietnam/search?query=%28%5CAI%20ethics%5C%22%20OR%20%5C%22AI%20governance%5C%22%29%20AND%20%28audit%20OR%20inspection%20OR%20monitoring%20OR%20incident%20OR%20complaint%20OR%20redress%20OR%20%5C%22impact%20assessment%5C%22%20OR%20outcome%20OR%20result%29%20AND%20%28Vietnam%20OR%20%5C%22Viet%20Nam%5C%22%29%20AND%20%28health%20OR%20hospital%29%22&page=1,UNSCREENED_CANDIDATE_LOCATOR_NOT_ACQUIRED
WHO-VNM,DQ-EVID-04,1,https://www.who.int/frenchpolynesia/,https://www.who.int/vietnam/search?query=%28%5CAI%20ethics%5C%22%20OR%20%5C%22AI%20governance%5C%22%29%20AND%20%28audit%20OR%20inspection%20OR%20monitoring%20OR%20incident%20OR%20complaint%20OR%20redress%20OR%20%5C%22impact%20assessment%5C%22%20OR%20outcome%20OR%20result%29%20AND%20%28Vietnam%20OR%20%5C%22Viet%20Nam%5C%22%29%20AND%20%28health%20OR%20hospital%29%22&page=1,UNSCREENED_CANDIDATE_LOCATOR_NOT_ACQUIRED
WHO-VNM,DQ-EVID-04,1,https://www.who.int/guam/,https://www.who.int/vietnam/search?query=%28%5CAI%20ethics%5C%22%20OR%20%5C%22AI%20governance%5C%22%29%20AND%20%28audit%20OR%20inspection%20OR%20monitoring%20OR%20incident%20OR%20complaint%20OR%20redress%20OR%20%5C%22impact%20assessment%5C%22%20OR%20outcome%20OR%20result%29%20AND%20%28Vietnam%20OR%20%5C%22Viet%20Nam%5C%22%29%20AND%20%28health%20OR%20hospital%29%22&page=1,UNSCREENED_CANDIDATE_LOCATOR_NOT_ACQUIRED
WHO-VNM,DQ-EVID-04,1,https://www.who.int/hongkongchina/,https://www.who.int/vietnam/search?query=%28%5CAI%20ethics%5C%22%20OR%20%5C%22AI%20governance%5C%22%29%20AND%20%28audit%20OR%20inspection%20OR%20monitoring%20OR%20incident%20OR%20complaint%20OR%20redress%20OR%20%5C%22impact%20assessment%5C%22%20OR%20outcome%20OR%20result%29%20AND%20%28Vietnam%20OR%20%5C%22Viet%20Nam%5C%22%29%20AND%20%28health%20OR%20hospital%29%22&page=1,UNSCREENED_CANDIDATE_LOCATOR_NOT_ACQUIRED
WHO-VNM,DQ-EVID-04,1,https://www.who.int/indonesia/,https://www.who.int/vietnam/search?query=%28%5CAI%20ethics%5C%22%20OR%20%5C%22AI%20governance%5C%22%29%20AND%20%28audit%20OR%20inspection%20OR%20monitoring%20OR%20incident%20OR%20complaint%20OR%20redress%20OR%20%5C%22impact%20assessment%5C%22%20OR%20outcome%20OR%20result%29%20AND%20%28Vietnam%20OR%20%5C%22Viet%20Nam%5C%22%29%20AND%20%28health%20OR%20hospital%29%22&page=1,UNSCREENED_CANDIDATE_LOCATOR_NOT_ACQUIRED
WHO-VNM,DQ-EVID-04,1,https://www.who.int/japan/,https://www.who.int/vietnam/search?query=%28%5CAI%20ethics%5C%22%20OR%20%5C%22AI%20governance%5C%22%29%20AND%20%28audit%20OR%20inspection%20OR%20monitoring%20OR%20incident%20OR%20complaint%20OR%20redress%20OR%20%5C%22impact%20assessment%5C%22%20OR%20outcome%20OR%20result%29%20AND%20%28Vietnam%20OR%20%5C%22Viet%20Nam%5C%22%29%20AND%20%28health%20OR%20hospital%29%22&page=1,UNSCREENED_CANDIDATE_LOCATOR_NOT_ACQUIRED
WHO-VNM,DQ-EVID-04,1,https://www.who.int/kiribati/,https://www.who.int/vietnam/search?query=%28%5CAI%20ethics%5C%22%20OR%20%5C%22AI%20governance%5C%22%29%20AND%20%28audit%20OR%20inspection%20OR%20monitoring%20OR%20incident%20OR%20complaint%20OR%20redress%20OR%20%5C%22impact%20assessment%5C%22%20OR%20outcome%20OR%20result%29%20AND%20%28Vietnam%20OR%20%5C%22Viet%20Nam%5C%22%29%20AND%20%28health%20OR%20hospital%29%22&page=1,UNSCREENED_CANDIDATE_LOCATOR_NOT_ACQUIRED
WHO-VNM,DQ-EVID-04,1,https://www.who.int/laos/,https://www.who.int/vietnam/search?query=%28%5CAI%20ethics%5C%22%20OR%20%5C%22AI%20governance%5C%22%29%20AND%20%28audit%20OR%20inspection%20OR%20monitoring%20OR%20incident%20OR%20complaint%20OR%20redress%20OR%20%5C%22impact%20assessment%5C%22%20OR%20outcome%20OR%20result%29%20AND%20%28Vietnam%20OR%20%5C%22Viet%20Nam%5C%22%29%20AND%20%28health%20OR%20hospital%29%22&page=1,UNSCREENED_CANDIDATE_LOCATOR_NOT_ACQUIRED
WHO-VNM,DQ-EVID-04,1,https://www.who.int/macaochina/,https://www.who.int/vietnam/search?query=%28%5CAI%20ethics%5C%22%20OR%20%5C%22AI%20governance%5C%22%29%20AND%20%28audit%20OR%20inspection%20OR%20monitoring%20OR%20incident%20OR%20complaint%20OR%20redress%20OR%20%5C%22impact%20assessment%5C%22%20OR%20outcome%20OR%20result%29%20AND%20%28Vietnam%20OR%20%5C%22Viet%20Nam%5C%22%29%20AND%20%28health%20OR%20hospital%29%22&page=1,UNSCREENED_CANDIDATE_LOCATOR_NOT_ACQUIRED
WHO-VNM,DQ-EVID-04,1,https://www.who.int/malaysia/,https://www.who.int/vietnam/search?query=%28%5CAI%20ethics%5C%22%20OR%20%5C%22AI%20governance%5C%22%29%20AND%20%28audit%20OR%20inspection%20OR%20monitoring%20OR%20incident%20OR%20complaint%20OR%20redress%20OR%20%5C%22impact%20assessment%5C%22%20OR%20outcome%20OR%20result%29%20AND%20%28Vietnam%20OR%20%5C%22Viet%20Nam%5C%22%29%20AND%20%28health%20OR%20hospital%29%22&page=1,UNSCREENED_CANDIDATE_LOCATOR_NOT_ACQUIRED
WHO-VNM,DQ-EVID-04,1,https://www.who.int/marshallislands/,https://www.who.int/vietnam/search?query=%28%5CAI%20ethics%5C%22%20OR%20%5C%22AI%20governance%5C%22%29%20AND%20%28audit%20OR%20inspection%20OR%20monitoring%20OR%20incident%20OR%20complaint%20OR%20redress%20OR%20%5C%22impact%20assessment%5C%22%20OR%20outcome%20OR%20result%29%20AND%20%28Vietnam%20OR%20%5C%22Viet%20Nam%5C%22%29%20AND%20%28health%20OR%20hospital%29%22&page=1,UNSCREENED_CANDIDATE_LOCATOR_NOT_ACQUIRED
WHO-VNM,DQ-EVID-04,1,https://www.who.int/micronesia/,https://www.who.int/vietnam/search?query=%28%5CAI%20ethics%5C%22%20OR%20%5C%22AI%20governance%5C%22%29%20AND%20%28audit%20OR%20inspection%20OR%20monitoring%20OR%20incident%20OR%20complaint%20OR%20redress%20OR%20%5C%22impact%20assessment%5C%22%20OR%20outcome%20OR%20result%29%20AND%20%28Vietnam%20OR%20%5C%22Viet%20Nam%5C%22%29%20AND%20%28health%20OR%20hospital%29%22&page=1,UNSCREENED_CANDIDATE_LOCATOR_NOT_ACQUIRED
WHO-VNM,DQ-EVID-04,1,https://www.who.int/mongolia/,https://www.who.int/vietnam/search?query=%28%5CAI%20ethics%5C%22%20OR%20%5C%22AI%20governance%5C%22%29%20AND%20%28audit%20OR%20inspection%20OR%20monitoring%20OR%20incident%20OR%20complaint%20OR%20redress%20OR%20%5C%22impact%20assessment%5C%22%20OR%20outcome%20OR%20result%29%20AND%20%28Vietnam%20OR%20%5C%22Viet%20Nam%5C%22%29%20AND%20%28health%20OR%20hospital%29%22&page=1,UNSCREENED_CANDIDATE_LOCATOR_NOT_ACQUIRED
WHO-VNM,DQ-EVID-04,1,https://www.who.int/nauru/,https://www.who.int/vietnam/search?query=%28%5CAI%20ethics%5C%22%20OR%20%5C%22AI%20governance%5C%22%29%20AND%20%28audit%20OR%20inspection%20OR%20monitoring%20OR%20incident%20OR%20complaint%20OR%20redress%20OR%20%5C%22impact%20assessment%5C%22%20OR%20outcome%20OR%20result%29%20AND%20%28Vietnam%20OR%20%5C%22Viet%20Nam%5C%22%29%20AND%20%28health%20OR%20hospital%29%22&page=1,UNSCREENED_CANDIDATE_LOCATOR_NOT_ACQUIRED
WHO-VNM,DQ-EVID-04,1,https://www.who.int/newcaledonia/,https://www.who.int/vietnam/search?query=%28%5CAI%20ethics%5C%22%20OR%20%5C%22AI%20governance%5C%22%29%20AND%20%28audit%20OR%20inspection%20OR%20monitoring%20OR%20incident%20OR%20complaint%20OR%20redress%20OR%20%5C%22impact%20assessment%5C%22%20OR%20outcome%20OR%20result%29%20AND%20%28Vietnam%20OR%20%5C%22Viet%20Nam%5C%22%29%20AND%20%28health%20OR%20hospital%29%22&page=1,UNSCREENED_CANDIDATE_LOCATOR_NOT_ACQUIRED
WHO-VNM,DQ-EVID-04,1,https://www.who.int/newzealand/,https://www.who.int/vietnam/search?query=%28%5CAI%20ethics%5C%22%20OR%20%5C%22AI%20governance%5C%22%29%20AND%20%28audit%20OR%20inspection%20OR%20monitoring%20OR%20incident%20OR%20complaint%20OR%20redress%20OR%20%5C%22impact%20assessment%5C%22%20OR%20outcome%20OR%20result%29%20AND%20%28Vietnam%20OR%20%5C%22Viet%20Nam%5C%22%29%20AND%20%28health%20OR%20hospital%29%22&page=1,UNSCREENED_CANDIDATE_LOCATOR_NOT_ACQUIRED
WHO-VNM,DQ-EVID-04,1,https://www.who.int/niue/,https://www.who.int/vietnam/search?query=%28%5CAI%20ethics%5C%22%20OR%20%5C%22AI%20governance%5C%22%29%20AND%20%28audit%20OR%20inspection%20OR%20monitoring%20OR%20incident%20OR%20complaint%20OR%20redress%20OR%20%5C%22impact%20assessment%5C%22%20OR%20outcome%20OR%20result%29%20AND%20%28Vietnam%20OR%20%5C%22Viet%20Nam%5C%22%29%20AND%20%28health%20OR%20hospital%29%22&page=1,UNSCREENED_CANDIDATE_LOCATOR_NOT_ACQUIRED
WHO-VNM,DQ-EVID-04,1,https://www.who.int/northernmarianaislands/,https://www.who.int/vietnam/search?query=%28%5CAI%20ethics%5C%22%20OR%20%5C%22AI%20governance%5C%22%29%20AND%20%28audit%20OR%20inspection%20OR%20monitoring%20OR%20incident%20OR%20complaint%20OR%20redress%20OR%20%5C%22impact%20assessment%5C%22%20OR%20outcome%20OR%20result%29%20AND%20%28Vietnam%20OR%20%5C%22Viet%20Nam%5C%22%29%20AND%20%28health%20OR%20hospital%29%22&page=1,UNSCREENED_CANDIDATE_LOCATOR_NOT_ACQUIRED
WHO-VNM,DQ-EVID-04,1,https://www.who.int/palau/,https://www.who.int/vietnam/search?query=%28%5CAI%20ethics%5C%22%20OR%20%5C%22AI%20governance%5C%22%29%20AND%20%28audit%20OR%20inspection%20OR%20monitoring%20OR%20incident%20OR%20complaint%20OR%20redress%20OR%20%5C%22impact%20assessment%5C%22%20OR%20outcome%20OR%20result%29%20AND%20%28Vietnam%20OR%20%5C%22Viet%20Nam%5C%22%29%20AND%20%28health%20OR%20hospital%29%22&page=1,UNSCREENED_CANDIDATE_LOCATOR_NOT_ACQUIRED
WHO-VNM,DQ-EVID-04,1,https://www.who.int/papuanewguinea/,https://www.who.int/vietnam/search?query=%28%5CAI%20ethics%5C%22%20OR%20%5C%22AI%20governance%5C%22%29%20AND%20%28audit%20OR%20inspection%20OR%20monitoring%20OR%20incident%20OR%20complaint%20OR%20redress%20OR%20%5C%22impact%20assessment%5C%22%20OR%20outcome%20OR%20result%29%20AND%20%28Vietnam%20OR%20%5C%22Viet%20Nam%5C%22%29%20AND%20%28health%20OR%20hospital%29%22&page=1,UNSCREENED_CANDIDATE_LOCATOR_NOT_ACQUIRED
WHO-VNM,DQ-EVID-04,1,https://www.who.int/philippines/,https://www.who.int/vietnam/search?query=%28%5CAI%20ethics%5C%22%20OR%20%5C%22AI%20governance%5C%22%29%20AND%20%28audit%20OR%20inspection%20OR%20monitoring%20OR%20incident%20OR%20complaint%20OR%20redress%20OR%20%5C%22impact%20assessment%5C%22%20OR%20outcome%20OR%20result%29%20AND%20%28Vietnam%20OR%20%5C%22Viet%20Nam%5C%22%29%20AND%20%28health%20OR%20hospital%29%22&page=1,UNSCREENED_CANDIDATE_LOCATOR_NOT_ACQUIRED
WHO-VNM,DQ-EVID-04,1,https://www.who.int/pitcairnislands/,https://www.who.int/vietnam/search?query=%28%5CAI%20ethics%5C%22%20OR%20%5C%22AI%20governance%5C%22%29%20AND%20%28audit%20OR%20inspection%20OR%20monitoring%20OR%20incident%20OR%20complaint%20OR%20redress%20OR%20%5C%22impact%20assessment%5C%22%20OR%20outcome%20OR%20result%29%20AND%20%28Vietnam%20OR%20%5C%22Viet%20Nam%5C%22%29%20AND%20%28health%20OR%20hospital%29%22&page=1,UNSCREENED_CANDIDATE_LOCATOR_NOT_ACQUIRED
WHO-VNM,DQ-EVID-04,1,https://www.who.int/republicofkorea/,https://www.who.int/vietnam/search?query=%28%5CAI%20ethics%5C%22%20OR%20%5C%22AI%20governance%5C%22%29%20AND%20%28audit%20OR%20inspection%20OR%20monitoring%20OR%20incident%20OR%20complaint%20OR%20redress%20OR%20%5C%22impact%20assessment%5C%22%20OR%20outcome%20OR%20result%29%20AND%20%28Vietnam%20OR%20%5C%22Viet%20Nam%5C%22%29%20AND%20%28health%20OR%20hospital%29%22&page=1,UNSCREENED_CANDIDATE_LOCATOR_NOT_ACQUIRED
WHO-VNM,DQ-EVID-04,1,https://www.who.int/samoa/,https://www.who.int/vietnam/search?query=%28%5CAI%20ethics%5C%22%20OR%20%5C%22AI%20governance%5C%22%29%20AND%20%28audit%20OR%20inspection%20OR%20monitoring%20OR%20incident%20OR%20complaint%20OR%20redress%20OR%20%5C%22impact%20assessment%5C%22%20OR%20outcome%20OR%20result%29%20AND%20%28Vietnam%20OR%20%5C%22Viet%20Nam%5C%22%29%20AND%20%28health%20OR%20hospital%29%22&page=1,UNSCREENED_CANDIDATE_LOCATOR_NOT_ACQUIRED
WHO-VNM,DQ-EVID-04,1,https://www.who.int/singapore/,https://www.who.int/vietnam/search?query=%28%5CAI%20ethics%5C%22%20OR%20%5C%22AI%20governance%5C%22%29%20AND%20%28audit%20OR%20inspection%20OR%20monitoring%20OR%20incident%20OR%20complaint%20OR%20redress%20OR%20%5C%22impact%20assessment%5C%22%20OR%20outcome%20OR%20result%29%20AND%20%28Vietnam%20OR%20%5C%22Viet%20Nam%5C%22%29%20AND%20%28health%20OR%20hospital%29%22&page=1,UNSCREENED_CANDIDATE_LOCATOR_NOT_ACQUIRED
WHO-VNM,DQ-EVID-04,1,https://www.who.int/solomonislands/home,https://www.who.int/vietnam/search?query=%28%5CAI%20ethics%5C%22%20OR%20%5C%22AI%20governance%5C%22%29%20AND%20%28audit%20OR%20inspection%20OR%20monitoring%20OR%20incident%20OR%20complaint%20OR%20redress%20OR%20%5C%22impact%20assessment%5C%22%20OR%20outcome%20OR%20result%29%20AND%20%28Vietnam%20OR%20%5C%22Viet%20Nam%5C%22%29%20AND%20%28health%20OR%20hospital%29%22&page=1,UNSCREENED_CANDIDATE_LOCATOR_NOT_ACQUIRED
WHO-VNM,DQ-EVID-04,1,https://www.who.int/southeastasia,https://www.who.int/vietnam/search?query=%28%5CAI%20ethics%5C%22%20OR%20%5C%22AI%20governance%5C%22%29%20AND%20%28audit%20OR%20inspection%20OR%20monitoring%20OR%20incident%20OR%20complaint%20OR%20redress%20OR%20%5C%22impact%20assessment%5C%22%20OR%20outcome%20OR%20result%29%20AND%20%28Vietnam%20OR%20%5C%22Viet%20Nam%5C%22%29%20AND%20%28health%20OR%20hospital%29%22&page=1,UNSCREENED_CANDIDATE_LOCATOR_NOT_ACQUIRED
WHO-VNM,DQ-EVID-04,1,https://www.who.int/tokelau/home,https://www.who.int/vietnam/search?query=%28%5CAI%20ethics%5C%22%20OR%20%5C%22AI%20governance%5C%22%29%20AND%20%28audit%20OR%20inspection%20OR%20monitoring%20OR%20incident%20OR%20complaint%20OR%20redress%20OR%20%5C%22impact%20assessment%5C%22%20OR%20outcome%20OR%20result%29%20AND%20%28Vietnam%20OR%20%5C%22Viet%20Nam%5C%22%29%20AND%20%28health%20OR%20hospital%29%22&page=1,UNSCREENED_CANDIDATE_LOCATOR_NOT_ACQUIRED
WHO-VNM,DQ-EVID-04,1,https://www.who.int/tonga/home,https://www.who.int/vietnam/search?query=%28%5CAI%20ethics%5C%22%20OR%20%5C%22AI%20governance%5C%22%29%20AND%20%28audit%20OR%20inspection%20OR%20monitoring%20OR%20incident%20OR%20complaint%20OR%20redress%20OR%20%5C%22impact%20assessment%5C%22%20OR%20outcome%20OR%20result%29%20AND%20%28Vietnam%20OR%20%5C%22Viet%20Nam%5C%22%29%20AND%20%28health%20OR%20hospital%29%22&page=1,UNSCREENED_CANDIDATE_LOCATOR_NOT_ACQUIRED
WHO-VNM,DQ-EVID-04,1,https://www.who.int/tuvalu/home,https://www.who.int/vietnam/search?query=%28%5CAI%20ethics%5C%22%20OR%20%5C%22AI%20governance%5C%22%29%20AND%20%28audit%20OR%20inspection%20OR%20monitoring%20OR%20incident%20OR%20complaint%20OR%20redress%20OR%20%5C%22impact%20assessment%5C%22%20OR%20outcome%20OR%20result%29%20AND%20%28Vietnam%20OR%20%5C%22Viet%20Nam%5C%22%29%20AND%20%28health%20OR%20hospital%29%22&page=1,UNSCREENED_CANDIDATE_LOCATOR_NOT_ACQUIRED
WHO-VNM,DQ-EVID-04,1,https://www.who.int/vanuatu/home,https://www.who.int/vietnam/search?query=%28%5CAI%20ethics%5C%22%20OR%20%5C%22AI%20governance%5C%22%29%20AND%20%28audit%20OR%20inspection%20OR%20monitoring%20OR%20incident%20OR%20complaint%20OR%20redress%20OR%20%5C%22impact%20assessment%5C%22%20OR%20outcome%20OR%20result%29%20AND%20%28Vietnam%20OR%20%5C%22Viet%20Nam%5C%22%29%20AND%20%28health%20OR%20hospital%29%22&page=1,UNSCREENED_CANDIDATE_LOCATOR_NOT_ACQUIRED
WHO-VNM,DQ-EVID-04,1,https://www.who.int/vietnam,https://www.who.int/vietnam/search?query=%28%5CAI%20ethics%5C%22%20OR%20%5C%22AI%20governance%5C%22%29%20AND%20%28audit%20OR%20inspection%20OR%20monitoring%20OR%20incident%20OR%20complaint%20OR%20redress%20OR%20%5C%22impact%20assessment%5C%22%20OR%20outcome%20OR%20result%29%20AND%20%28Vietnam%20OR%20%5C%22Viet%20Nam%5C%22%29%20AND%20%28health%20OR%20hospital%29%22&page=1,UNSCREENED_CANDIDATE_LOCATOR_NOT_ACQUIRED
WHO-VNM,DQ-EVID-04,1,https://www.who.int/vietnam/,https://www.who.int/vietnam/search?query=%28%5CAI%20ethics%5C%22%20OR%20%5C%22AI%20governance%5C%22%29%20AND%20%28audit%20OR%20inspection%20OR%20monitoring%20OR%20incident%20OR%20complaint%20OR%20redress%20OR%20%5C%22impact%20assessment%5C%22%20OR%20outcome%20OR%20result%29%20AND%20%28Vietnam%20OR%20%5C%22Viet%20Nam%5C%22%29%20AND%20%28health%20OR%20hospital%29%22&page=1,UNSCREENED_CANDIDATE_LOCATOR_NOT_ACQUIRED
WHO-VNM,DQ-EVID-04,1,https://www.who.int/vietnam/about,https://www.who.int/vietnam/search?query=%28%5CAI%20ethics%5C%22%20OR%20%5C%22AI%20governance%5C%22%29%20AND%20%28audit%20OR%20inspection%20OR%20monitoring%20OR%20incident%20OR%20complaint%20OR%20redress%20OR%20%5C%22impact%20assessment%5C%22%20OR%20outcome%20OR%20result%29%20AND%20%28Vietnam%20OR%20%5C%22Viet%20Nam%5C%22%29%20AND%20%28health%20OR%20hospital%29%22&page=1,UNSCREENED_CANDIDATE_LOCATOR_NOT_ACQUIRED
WHO-VNM,DQ-EVID-04,1,https://www.who.int/vietnam/emergencies,https://www.who.int/vietnam/search?query=%28%5CAI%20ethics%5C%22%20OR%20%5C%22AI%20governance%5C%22%29%20AND%20%28audit%20OR%20inspection%20OR%20monitoring%20OR%20incident%20OR%20complaint%20OR%20redress%20OR%20%5C%22impact%20assessment%5C%22%20OR%20outcome%20OR%20result%29%20AND%20%28Vietnam%20OR%20%5C%22Viet%20Nam%5C%22%29%20AND%20%28health%20OR%20hospital%29%22&page=1,UNSCREENED_CANDIDATE_LOCATOR_NOT_ACQUIRED
WHO-VNM,DQ-EVID-04,1,https://www.who.int/vietnam/footer/help,https://www.who.int/vietnam/search?query=%28%5CAI%20ethics%5C%22%20OR%20%5C%22AI%20governance%5C%22%29%20AND%20%28audit%20OR%20inspection%20OR%20monitoring%20OR%20incident%20OR%20complaint%20OR%20redress%20OR%20%5C%22impact%20assessment%5C%22%20OR%20outcome%20OR%20result%29%20AND%20%28Vietnam%20OR%20%5C%22Viet%20Nam%5C%22%29%20AND%20%28health%20OR%20hospital%29%22&page=1,UNSCREENED_CANDIDATE_LOCATOR_NOT_ACQUIRED
WHO-VNM,DQ-EVID-04,1,https://www.who.int/vietnam/footer/help/contact-us,https://www.who.int/vietnam/search?query=%28%5CAI%20ethics%5C%22%20OR%20%5C%22AI%20governance%5C%22%29%20AND%20%28audit%20OR%20inspection%20OR%20monitoring%20OR%20incident%20OR%20complaint%20OR%20redress%20OR%20%5C%22impact%20assessment%5C%22%20OR%20outcome%20OR%20result%29%20AND%20%28Vietnam%20OR%20%5C%22Viet%20Nam%5C%22%29%20AND%20%28health%20OR%20hospital%29%22&page=1,UNSCREENED_CANDIDATE_LOCATOR_NOT_ACQUIRED
WHO-VNM,DQ-EVID-04,1,https://www.who.int/vietnam/footer/help/cyber-security,https://www.who.int/vietnam/search?query=%28%5CAI%20ethics%5C%22%20OR%20%5C%22AI%20governance%5C%22%29%20AND%20%28audit%20OR%20inspection%20OR%20monitoring%20OR%20incident%20OR%20complaint%20OR%20redress%20OR%20%5C%22impact%20assessment%5C%22%20OR%20outcome%20OR%20result%29%20AND%20%28Vietnam%20OR%20%5C%22Viet%20Nam%5C%22%29%20AND%20%28health%20OR%20hospital%29%22&page=1,UNSCREENED_CANDIDATE_LOCATOR_NOT_ACQUIRED
WHO-VNM,DQ-EVID-04,1,https://www.who.int/vietnam/footer/help/ethics,https://www.who.int/vietnam/search?query=%28%5CAI%20ethics%5C%22%20OR%20%5C%22AI%20governance%5C%22%29%20AND%20%28audit%20OR%20inspection%20OR%20monitoring%20OR%20incident%20OR%20complaint%20OR%20redress%20OR%20%5C%22impact%20assessment%5C%22%20OR%20outcome%20OR%20result%29%20AND%20%28Vietnam%20OR%20%5C%22Viet%20Nam%5C%22%29%20AND%20%28health%20OR%20hospital%29%22&page=1,UNSCREENED_CANDIDATE_LOCATOR_NOT_ACQUIRED
WHO-VNM,DQ-EVID-04,1,https://www.who.int/vietnam/footer/quick-links,https://www.who.int/vietnam/search?query=%28%5CAI%20ethics%5C%22%20OR%20%5C%22AI%20governance%5C%22%29%20AND%20%28audit%20OR%20inspection%20OR%20monitoring%20OR%20incident%20OR%20complaint%20OR%20redress%20OR%20%5C%22impact%20assessment%5C%22%20OR%20outcome%20OR%20result%29%20AND%20%28Vietnam%20OR%20%5C%22Viet%20Nam%5C%22%29%20AND%20%28health%20OR%20hospital%29%22&page=1,UNSCREENED_CANDIDATE_LOCATOR_NOT_ACQUIRED
WHO-VNM,DQ-EVID-04,1,https://www.who.int/vietnam/footer/quick-links/careers-in-who-viet-nam,https://www.who.int/vietnam/search?query=%28%5CAI%20ethics%5C%22%20OR%20%5C%22AI%20governance%5C%22%29%20AND%20%28audit%20OR%20inspection%20OR%20monitoring%20OR%20incident%20OR%20complaint%20OR%20redress%20OR%20%5C%22impact%20assessment%5C%22%20OR%20outcome%20OR%20result%29%20AND%20%28Vietnam%20OR%20%5C%22Viet%20Nam%5C%22%29%20AND%20%28health%20OR%20hospital%29%22&page=1,UNSCREENED_CANDIDATE_LOCATOR_NOT_ACQUIRED
WHO-VNM,DQ-EVID-04,1,https://www.who.int/vietnam/footer/quick-links/newsroom,https://www.who.int/vietnam/search?query=%28%5CAI%20ethics%5C%22%20OR%20%5C%22AI%20governance%5C%22%29%20AND%20%28audit%20OR%20inspection%20OR%20monitoring%20OR%20incident%20OR%20complaint%20OR%20redress%20OR%20%5C%22impact%20assessment%5C%22%20OR%20outcome%20OR%20result%29%20AND%20%28Vietnam%20OR%20%5C%22Viet%20Nam%5C%22%29%20AND%20%28health%20OR%20hospital%29%22&page=1,UNSCREENED_CANDIDATE_LOCATOR_NOT_ACQUIRED
WHO-VNM,DQ-EVID-04,1,https://www.who.int/vietnam/footer/quick-links/publications-and-information-resources,https://www.who.int/vietnam/search?query=%28%5CAI%20ethics%5C%22%20OR%20%5C%22AI%20governance%5C%22%29%20AND%20%28audit%20OR%20inspection%20OR%20monitoring%20OR%20incident%20OR%20complaint%20OR%20redress%20OR%20%5C%22impact%20assessment%5C%22%20OR%20outcome%20OR%20result%29%20AND%20%28Vietnam%20OR%20%5C%22Viet%20Nam%5C%22%29%20AND%20%28health%20OR%20hospital%29%22&page=1,UNSCREENED_CANDIDATE_LOCATOR_NOT_ACQUIRED
WHO-VNM,DQ-EVID-04,1,https://www.who.int/vietnam/footer/regional-links,https://www.who.int/vietnam/search?query=%28%5CAI%20ethics%5C%22%20OR%20%5C%22AI%20governance%5C%22%29%20AND%20%28audit%20OR%20inspection%20OR%20monitoring%20OR%20incident%20OR%20complaint%20OR%20redress%20OR%20%5C%22impact%20assessment%5C%22%20OR%20outcome%20OR%20result%29%20AND%20%28Vietnam%20OR%20%5C%22Viet%20Nam%5C%22%29%20AND%20%28health%20OR%20hospital%29%22&page=1,UNSCREENED_CANDIDATE_LOCATOR_NOT_ACQUIRED
WHO-VNM,DQ-EVID-04,1,https://www.who.int/vietnam/footer/regional-links/campaigns,https://www.who.int/vietnam/search?query=%28%5CAI%20ethics%5C%22%20OR%20%5C%22AI%20governance%5C%22%29%20AND%20%28audit%20OR%20inspection%20OR%20monitoring%20OR%20incident%20OR%20complaint%20OR%20redress%20OR%20%5C%22impact%20assessment%5C%22%20OR%20outcome%20OR%20result%29%20AND%20%28Vietnam%20OR%20%5C%22Viet%20Nam%5C%22%29%20AND%20%28health%20OR%20hospital%29%22&page=1,UNSCREENED_CANDIDATE_LOCATOR_NOT_ACQUIRED
WHO-VNM,DQ-EVID-04,1,https://www.who.int/vietnam/footer/regional-links/careers,https://www.who.int/vietnam/search?query=%28%5CAI%20ethics%5C%22%20OR%20%5C%22AI%20governance%5C%22%29%20AND%20%28audit%20OR%20inspection%20OR%20monitoring%20OR%20incident%20OR%20complaint%20OR%20redress%20OR%20%5C%22impact%20assessment%5C%22%20OR%20outcome%20OR%20result%29%20AND%20%28Vietnam%20OR%20%5C%22Viet%20Nam%5C%22%29%20AND%20%28health%20OR%20hospital%29%22&page=1,UNSCREENED_CANDIDATE_LOCATOR_NOT_ACQUIRED
WHO-VNM,DQ-EVID-04,1,https://www.who.int/vietnam/footer/regional-links/data,https://www.who.int/vietnam/search?query=%28%5CAI%20ethics%5C%22%20OR%20%5C%22AI%20governance%5C%22%29%20AND%20%28audit%20OR%20inspection%20OR%20monitoring%20OR%20incident%20OR%20complaint%20OR%20redress%20OR%20%5C%22impact%20assessment%5C%22%20OR%20outcome%20OR%20result%29%20AND%20%28Vietnam%20OR%20%5C%22Viet%20Nam%5C%22%29%20AND%20%28health%20OR%20hospital%29%22&page=1,UNSCREENED_CANDIDATE_LOCATOR_NOT_ACQUIRED
WHO-VNM,DQ-EVID-04,1,https://www.who.int/vietnam/footer/regional-links/publications,https://www.who.int/vietnam/search?query=%28%5CAI%20ethics%5C%22%20OR%20%5C%22AI%20governance%5C%22%29%20AND%20%28audit%20OR%20inspection%20OR%20monitoring%20OR%20incident%20OR%20complaint%20OR%20redress%20OR%20%5C%22impact%20assessment%5C%22%20OR%20outcome%20OR%20result%29%20AND%20%28Vietnam%20OR%20%5C%22Viet%20Nam%5C%22%29%20AND%20%28health%20OR%20hospital%29%22&page=1,UNSCREENED_CANDIDATE_LOCATOR_NOT_ACQUIRED
WHO-VNM,DQ-EVID-04,1,https://www.who.int/vietnam/health-topics,https://www.who.int/vietnam/search?query=%28%5CAI%20ethics%5C%22%20OR%20%5C%22AI%20governance%5C%22%29%20AND%20%28audit%20OR%20inspection%20OR%20monitoring%20OR%20incident%20OR%20complaint%20OR%20redress%20OR%20%5C%22impact%20assessment%5C%22%20OR%20outcome%20OR%20result%29%20AND%20%28Vietnam%20OR%20%5C%22Viet%20Nam%5C%22%29%20AND%20%28health%20OR%20hospital%29%22&page=1,UNSCREENED_CANDIDATE_LOCATOR_NOT_ACQUIRED
WHO-VNM,DQ-EVID-04,1,https://www.who.int/vietnam/news,https://www.who.int/vietnam/search?query=%28%5CAI%20ethics%5C%22%20OR%20%5C%22AI%20governance%5C%22%29%20AND%20%28audit%20OR%20inspection%20OR%20monitoring%20OR%20incident%20OR%20complaint%20OR%20redress%20OR%20%5C%22impact%20assessment%5C%22%20OR%20outcome%20OR%20result%29%20AND%20%28Vietnam%20OR%20%5C%22Viet%20Nam%5C%22%29%20AND%20%28health%20OR%20hospital%29%22&page=1,UNSCREENED_CANDIDATE_LOCATOR_NOT_ACQUIRED
WHO-VNM,DQ-EVID-04,1,https://www.who.int/vietnam/our-work,https://www.who.int/vietnam/search?query=%28%5CAI%20ethics%5C%22%20OR%20%5C%22AI%20governance%5C%22%29%20AND%20%28audit%20OR%20inspection%20OR%20monitoring%20OR%20incident%20OR%20complaint%20OR%20redress%20OR%20%5C%22impact%20assessment%5C%22%20OR%20outcome%20OR%20result%29%20AND%20%28Vietnam%20OR%20%5C%22Viet%20Nam%5C%22%29%20AND%20%28health%20OR%20hospital%29%22&page=1,UNSCREENED_CANDIDATE_LOCATOR_NOT_ACQUIRED
WHO-VNM,DQ-EVID-04,1,https://www.who.int/vietnam/search?query=%28%5CAI%20ethics%5C%22%20OR%20%5C%22AI%20governance%5C%22%29%20AND%20%28audit%20OR%20inspection%20OR%20monitoring%20OR%20incident%20OR%20complaint%20OR%20redress%20OR%20%5C%22impact%20assessment%5C%22%20OR%20outcome%20OR%20result%29%20AND%20%28Vietnam%20OR%20%5C%22Viet%20Nam%5C%22%29%20AND%20%28health%20OR%20hospital%29%22&page=1,https://www.who.int/vietnam/search?query=%28%5CAI%20ethics%5C%22%20OR%20%5C%22AI%20governance%5C%22%29%20AND%20%28audit%20OR%20inspection%20OR%20monitoring%20OR%20incident%20OR%20complaint%20OR%20redress%20OR%20%5C%22impact%20assessment%5C%22%20OR%20outcome%20OR%20result%29%20AND%20%28Vietnam%20OR%20%5C%22Viet%20Nam%5C%22%29%20AND%20%28health%20OR%20hospital%29%22&page=1,UNSCREENED_CANDIDATE_LOCATOR_NOT_ACQUIRED
WHO-VNM,DQ-EVID-04,1,https://www.who.int/wallisandfutuna/home,https://www.who.int/vietnam/search?query=%28%5CAI%20ethics%5C%22%20OR%20%5C%22AI%20governance%5C%22%29%20AND%20%28audit%20OR%20inspection%20OR%20monitoring%20OR%20incident%20OR%20complaint%20OR%20redress%20OR%20%5C%22impact%20assessment%5C%22%20OR%20outcome%20OR%20result%29%20AND%20%28Vietnam%20OR%20%5C%22Viet%20Nam%5C%22%29%20AND%20%28health%20OR%20hospital%29%22&page=1,UNSCREENED_CANDIDATE_LOCATOR_NOT_ACQUIRED
WHO-VNM,DQ-EVID-04,1,https://www.who.int/westernpacific/,https://www.who.int/vietnam/search?query=%28%5CAI%20ethics%5C%22%20OR%20%5C%22AI%20governance%5C%22%29%20AND%20%28audit%20OR%20inspection%20OR%20monitoring%20OR%20incident%20OR%20complaint%20OR%20redress%20OR%20%5C%22impact%20assessment%5C%22%20OR%20outcome%20OR%20result%29%20AND%20%28Vietnam%20OR%20%5C%22Viet%20Nam%5C%22%29%20AND%20%28health%20OR%20hospital%29%22&page=1,UNSCREENED_CANDIDATE_LOCATOR_NOT_ACQUIRED
WHO-VNM,DQ-EVID-04,2,https://www.who.int/vietnam/search?query=%28%5CAI%20ethics%5C%22%20OR%20%5C%22AI%20governance%5C%22%29%20AND%20%28audit%20OR%20inspection%20OR%20monitoring%20OR%20incident%20OR%20complaint%20OR%20redress%20OR%20%5C%22impact%20assessment%5C%22%20OR%20outcome%20OR%20result%29%20AND%20%28Vietnam%20OR%20%5C%22Viet%20Nam%5C%22%29%20AND%20%28health%20OR%20hospital%29%22&page=2,https://www.who.int/vietnam/search?query=%28%5CAI%20ethics%5C%22%20OR%20%5C%22AI%20governance%5C%22%29%20AND%20%28audit%20OR%20inspection%20OR%20monitoring%20OR%20incident%20OR%20complaint%20OR%20redress%20OR%20%5C%22impact%20assessment%5C%22%20OR%20outcome%20OR%20result%29%20AND%20%28Vietnam%20OR%20%5C%22Viet%20Nam%5C%22%29%20AND%20%28health%20OR%20hospital%29%22&page=2,UNSCREENED_CANDIDATE_LOCATOR_NOT_ACQUIRED
WHO-VNM,DQ-EVID-05,1,https://www.who.int/,https://www.who.int/vietnam/search?query=%28%5Cartificial%20intelligence%5C%22%20OR%20AI%29%20AND%20%28%5C%22post-implementation%20monitoring%5C%22%20OR%20%5C%22post-market%20surveillance%5C%22%20OR%20%5C%22incident%20reporting%5C%22%20OR%20%5C%22quality%20management%5C%22%20OR%20%5C%22effectiveness%20evaluation%5C%22%20OR%20audit%29%20AND%20%28Vietnam%20OR%20%5C%22Viet%20Nam%5C%22%29%20AND%20%28health%20OR%20hospital%20OR%20%5C%22provincial%20health%20department%5C%22%29%22&page=1,UNSCREENED_CANDIDATE_LOCATOR_NOT_ACQUIRED
WHO-VNM,DQ-EVID-05,1,https://www.who.int/americansamoa/,https://www.who.int/vietnam/search?query=%28%5Cartificial%20intelligence%5C%22%20OR%20AI%29%20AND%20%28%5C%22post-implementation%20monitoring%5C%22%20OR%20%5C%22post-market%20surveillance%5C%22%20OR%20%5C%22incident%20reporting%5C%22%20OR%20%5C%22quality%20management%5C%22%20OR%20%5C%22effectiveness%20evaluation%5C%22%20OR%20audit%29%20AND%20%28Vietnam%20OR%20%5C%22Viet%20Nam%5C%22%29%20AND%20%28health%20OR%20hospital%20OR%20%5C%22provincial%20health%20department%5C%22%29%22&page=1,UNSCREENED_CANDIDATE_LOCATOR_NOT_ACQUIRED
WHO-VNM,DQ-EVID-05,1,https://www.who.int/australia/,https://www.who.int/vietnam/search?query=%28%5Cartificial%20intelligence%5C%22%20OR%20AI%29%20AND%20%28%5C%22post-implementation%20monitoring%5C%22%20OR%20%5C%22post-market%20surveillance%5C%22%20OR%20%5C%22incident%20reporting%5C%22%20OR%20%5C%22quality%20management%5C%22%20OR%20%5C%22effectiveness%20evaluation%5C%22%20OR%20audit%29%20AND%20%28Vietnam%20OR%20%5C%22Viet%20Nam%5C%22%29%20AND%20%28health%20OR%20hospital%20OR%20%5C%22provincial%20health%20department%5C%22%29%22&page=1,UNSCREENED_CANDIDATE_LOCATOR_NOT_ACQUIRED
WHO-VNM,DQ-EVID-05,1,https://www.who.int/brunei/,https://www.who.int/vietnam/search?query=%28%5Cartificial%20intelligence%5C%22%20OR%20AI%29%20AND%20%28%5C%22post-implementation%20monitoring%5C%22%20OR%20%5C%22post-market%20surveillance%5C%22%20OR%20%5C%22incident%20reporting%5C%22%20OR%20%5C%22quality%20management%5C%22%20OR%20%5C%22effectiveness%20evaluation%5C%22%20OR%20audit%29%20AND%20%28Vietnam%20OR%20%5C%22Viet%20Nam%5C%22%29%20AND%20%28health%20OR%20hospital%20OR%20%5C%22provincial%20health%20department%5C%22%29%22&page=1,UNSCREENED_CANDIDATE_LOCATOR_NOT_ACQUIRED
WHO-VNM,DQ-EVID-05,1,https://www.who.int/cambodia/,https://www.who.int/vietnam/search?query=%28%5Cartificial%20intelligence%5C%22%20OR%20AI%29%20AND%20%28%5C%22post-implementation%20monitoring%5C%22%20OR%20%5C%22post-market%20surveillance%5C%22%20OR%20%5C%22incident%20reporting%5C%22%20OR%20%5C%22quality%20management%5C%22%20OR%20%5C%22effectiveness%20evaluation%5C%22%20OR%20audit%29%20AND%20%28Vietnam%20OR%20%5C%22Viet%20Nam%5C%22%29%20AND%20%28health%20OR%20hospital%20OR%20%5C%22provincial%20health%20department%5C%22%29%22&page=1,UNSCREENED_CANDIDATE_LOCATOR_NOT_ACQUIRED
WHO-VNM,DQ-EVID-05,1,https://www.who.int/china/,https://www.who.int/vietnam/search?query=%28%5Cartificial%20intelligence%5C%22%20OR%20AI%29%20AND%20%28%5C%22post-implementation%20monitoring%5C%22%20OR%20%5C%22post-market%20surveillance%5C%22%20OR%20%5C%22incident%20reporting%5C%22%20OR%20%5C%22quality%20management%5C%22%20OR%20%5C%22effectiveness%20evaluation%5C%22%20OR%20audit%29%20AND%20%28Vietnam%20OR%20%5C%22Viet%20Nam%5C%22%29%20AND%20%28health%20OR%20hospital%20OR%20%5C%22provincial%20health%20department%5C%22%29%22&page=1,UNSCREENED_CANDIDATE_LOCATOR_NOT_ACQUIRED
WHO-VNM,DQ-EVID-05,1,https://www.who.int/cookislands/,https://www.who.int/vietnam/search?query=%28%5Cartificial%20intelligence%5C%22%20OR%20AI%29%20AND%20%28%5C%22post-implementation%20monitoring%5C%22%20OR%20%5C%22post-market%20surveillance%5C%22%20OR%20%5C%22incident%20reporting%5C%22%20OR%20%5C%22quality%20management%5C%22%20OR%20%5C%22effectiveness%20evaluation%5C%22%20OR%20audit%29%20AND%20%28Vietnam%20OR%20%5C%22Viet%20Nam%5C%22%29%20AND%20%28health%20OR%20hospital%20OR%20%5C%22provincial%20health%20department%5C%22%29%22&page=1,UNSCREENED_CANDIDATE_LOCATOR_NOT_ACQUIRED
WHO-VNM,DQ-EVID-05,1,https://www.who.int/europe/,https://www.who.int/vietnam/search?query=%28%5Cartificial%20intelligence%5C%22%20OR%20AI%29%20AND%20%28%5C%22post-implementation%20monitoring%5C%22%20OR%20%5C%22post-market%20surveillance%5C%22%20OR%20%5C%22incident%20reporting%5C%22%20OR%20%5C%22quality%20management%5C%22%20OR%20%5C%22effectiveness%20evaluation%5C%22%20OR%20audit%29%20AND%20%28Vietnam%20OR%20%5C%22Viet%20Nam%5C%22%29%20AND%20%28health%20OR%20hospital%20OR%20%5C%22provincial%20health%20department%5C%22%29%22&page=1,UNSCREENED_CANDIDATE_LOCATOR_NOT_ACQUIRED
WHO-VNM,DQ-EVID-05,1,https://www.who.int/fiji/,https://www.who.int/vietnam/search?query=%28%5Cartificial%20intelligence%5C%22%20OR%20AI%29%20AND%20%28%5C%22post-implementation%20monitoring%5C%22%20OR%20%5C%22post-market%20surveillance%5C%22%20OR%20%5C%22incident%20reporting%5C%22%20OR%20%5C%22quality%20management%5C%22%20OR%20%5C%22effectiveness%20evaluation%5C%22%20OR%20audit%29%20AND%20%28Vietnam%20OR%20%5C%22Viet%20Nam%5C%22%29%20AND%20%28health%20OR%20hospital%20OR%20%5C%22provincial%20health%20department%5C%22%29%22&page=1,UNSCREENED_CANDIDATE_LOCATOR_NOT_ACQUIRED
WHO-VNM,DQ-EVID-05,1,https://www.who.int/frenchpolynesia/,https://www.who.int/vietnam/search?query=%28%5Cartificial%20intelligence%5C%22%20OR%20AI%29%20AND%20%28%5C%22post-implementation%20monitoring%5C%22%20OR%20%5C%22post-market%20surveillance%5C%22%20OR%20%5C%22incident%20reporting%5C%22%20OR%20%5C%22quality%20management%5C%22%20OR%20%5C%22effectiveness%20evaluation%5C%22%20OR%20audit%29%20AND%20%28Vietnam%20OR%20%5C%22Viet%20Nam%5C%22%29%20AND%20%28health%20OR%20hospital%20OR%20%5C%22provincial%20health%20department%5C%22%29%22&page=1,UNSCREENED_CANDIDATE_LOCATOR_NOT_ACQUIRED
WHO-VNM,DQ-EVID-05,1,https://www.who.int/guam/,https://www.who.int/vietnam/search?query=%28%5Cartificial%20intelligence%5C%22%20OR%20AI%29%20AND%20%28%5C%22post-implementation%20monitoring%5C%22%20OR%20%5C%22post-market%20surveillance%5C%22%20OR%20%5C%22incident%20reporting%5C%22%20OR%20%5C%22quality%20management%5C%22%20OR%20%5C%22effectiveness%20evaluation%5C%22%20OR%20audit%29%20AND%20%28Vietnam%20OR%20%5C%22Viet%20Nam%5C%22%29%20AND%20%28health%20OR%20hospital%20OR%20%5C%22provincial%20health%20department%5C%22%29%22&page=1,UNSCREENED_CANDIDATE_LOCATOR_NOT_ACQUIRED
WHO-VNM,DQ-EVID-05,1,https://www.who.int/hongkongchina/,https://www.who.int/vietnam/search?query=%28%5Cartificial%20intelligence%5C%22%20OR%20AI%29%20AND%20%28%5C%22post-implementation%20monitoring%5C%22%20OR%20%5C%22post-market%20surveillance%5C%22%20OR%20%5C%22incident%20reporting%5C%22%20OR%20%5C%22quality%20management%5C%22%20OR%20%5C%22effectiveness%20evaluation%5C%22%20OR%20audit%29%20AND%20%28Vietnam%20OR%20%5C%22Viet%20Nam%5C%22%29%20AND%20%28health%20OR%20hospital%20OR%20%5C%22provincial%20health%20department%5C%22%29%22&page=1,UNSCREENED_CANDIDATE_LOCATOR_NOT_ACQUIRED
WHO-VNM,DQ-EVID-05,1,https://www.who.int/indonesia/,https://www.who.int/vietnam/search?query=%28%5Cartificial%20intelligence%5C%22%20OR%20AI%29%20AND%20%28%5C%22post-implementation%20monitoring%5C%22%20OR%20%5C%22post-market%20surveillance%5C%22%20OR%20%5C%22incident%20reporting%5C%22%20OR%20%5C%22quality%20management%5C%22%20OR%20%5C%22effectiveness%20evaluation%5C%22%20OR%20audit%29%20AND%20%28Vietnam%20OR%20%5C%22Viet%20Nam%5C%22%29%20AND%20%28health%20OR%20hospital%20OR%20%5C%22provincial%20health%20department%5C%22%29%22&page=1,UNSCREENED_CANDIDATE_LOCATOR_NOT_ACQUIRED
WHO-VNM,DQ-EVID-05,1,https://www.who.int/japan/,https://www.who.int/vietnam/search?query=%28%5Cartificial%20intelligence%5C%22%20OR%20AI%29%20AND%20%28%5C%22post-implementation%20monitoring%5C%22%20OR%20%5C%22post-market%20surveillance%5C%22%20OR%20%5C%22incident%20reporting%5C%22%20OR%20%5C%22quality%20management%5C%22%20OR%20%5C%22effectiveness%20evaluation%5C%22%20OR%20audit%29%20AND%20%28Vietnam%20OR%20%5C%22Viet%20Nam%5C%22%29%20AND%20%28health%20OR%20hospital%20OR%20%5C%22provincial%20health%20department%5C%22%29%22&page=1,UNSCREENED_CANDIDATE_LOCATOR_NOT_ACQUIRED
WHO-VNM,DQ-EVID-05,1,https://www.who.int/kiribati/,https://www.who.int/vietnam/search?query=%28%5Cartificial%20intelligence%5C%22%20OR%20AI%29%20AND%20%28%5C%22post-implementation%20monitoring%5C%22%20OR%20%5C%22post-market%20surveillance%5C%22%20OR%20%5C%22incident%20reporting%5C%22%20OR%20%5C%22quality%20management%5C%22%20OR%20%5C%22effectiveness%20evaluation%5C%22%20OR%20audit%29%20AND%20%28Vietnam%20OR%20%5C%22Viet%20Nam%5C%22%29%20AND%20%28health%20OR%20hospital%20OR%20%5C%22provincial%20health%20department%5C%22%29%22&page=1,UNSCREENED_CANDIDATE_LOCATOR_NOT_ACQUIRED
WHO-VNM,DQ-EVID-05,1,https://www.who.int/laos/,https://www.who.int/vietnam/search?query=%28%5Cartificial%20intelligence%5C%22%20OR%20AI%29%20AND%20%28%5C%22post-implementation%20monitoring%5C%22%20OR%20%5C%22post-market%20surveillance%5C%22%20OR%20%5C%22incident%20reporting%5C%22%20OR%20%5C%22quality%20management%5C%22%20OR%20%5C%22effectiveness%20evaluation%5C%22%20OR%20audit%29%20AND%20%28Vietnam%20OR%20%5C%22Viet%20Nam%5C%22%29%20AND%20%28health%20OR%20hospital%20OR%20%5C%22provincial%20health%20department%5C%22%29%22&page=1,UNSCREENED_CANDIDATE_LOCATOR_NOT_ACQUIRED
WHO-VNM,DQ-EVID-05,1,https://www.who.int/macaochina/,https://www.who.int/vietnam/search?query=%28%5Cartificial%20intelligence%5C%22%20OR%20AI%29%20AND%20%28%5C%22post-implementation%20monitoring%5C%22%20OR%20%5C%22post-market%20surveillance%5C%22%20OR%20%5C%22incident%20reporting%5C%22%20OR%20%5C%22quality%20management%5C%22%20OR%20%5C%22effectiveness%20evaluation%5C%22%20OR%20audit%29%20AND%20%28Vietnam%20OR%20%5C%22Viet%20Nam%5C%22%29%20AND%20%28health%20OR%20hospital%20OR%20%5C%22provincial%20health%20department%5C%22%29%22&page=1,UNSCREENED_CANDIDATE_LOCATOR_NOT_ACQUIRED
WHO-VNM,DQ-EVID-05,1,https://www.who.int/malaysia/,https://www.who.int/vietnam/search?query=%28%5Cartificial%20intelligence%5C%22%20OR%20AI%29%20AND%20%28%5C%22post-implementation%20monitoring%5C%22%20OR%20%5C%22post-market%20surveillance%5C%22%20OR%20%5C%22incident%20reporting%5C%22%20OR%20%5C%22quality%20management%5C%22%20OR%20%5C%22effectiveness%20evaluation%5C%22%20OR%20audit%29%20AND%20%28Vietnam%20OR%20%5C%22Viet%20Nam%5C%22%29%20AND%20%28health%20OR%20hospital%20OR%20%5C%22provincial%20health%20department%5C%22%29%22&page=1,UNSCREENED_CANDIDATE_LOCATOR_NOT_ACQUIRED
WHO-VNM,DQ-EVID-05,1,https://www.who.int/marshallislands/,https://www.who.int/vietnam/search?query=%28%5Cartificial%20intelligence%5C%22%20OR%20AI%29%20AND%20%28%5C%22post-implementation%20monitoring%5C%22%20OR%20%5C%22post-market%20surveillance%5C%22%20OR%20%5C%22incident%20reporting%5C%22%20OR%20%5C%22quality%20management%5C%22%20OR%20%5C%22effectiveness%20evaluation%5C%22%20OR%20audit%29%20AND%20%28Vietnam%20OR%20%5C%22Viet%20Nam%5C%22%29%20AND%20%28health%20OR%20hospital%20OR%20%5C%22provincial%20health%20department%5C%22%29%22&page=1,UNSCREENED_CANDIDATE_LOCATOR_NOT_ACQUIRED
WHO-VNM,DQ-EVID-05,1,https://www.who.int/micronesia/,https://www.who.int/vietnam/search?query=%28%5Cartificial%20intelligence%5C%22%20OR%20AI%29%20AND%20%28%5C%22post-implementation%20monitoring%5C%22%20OR%20%5C%22post-market%20surveillance%5C%22%20OR%20%5C%22incident%20reporting%5C%22%20OR%20%5C%22quality%20management%5C%22%20OR%20%5C%22effectiveness%20evaluation%5C%22%20OR%20audit%29%20AND%20%28Vietnam%20OR%20%5C%22Viet%20Nam%5C%22%29%20AND%20%28health%20OR%20hospital%20OR%20%5C%22provincial%20health%20department%5C%22%29%22&page=1,UNSCREENED_CANDIDATE_LOCATOR_NOT_ACQUIRED
WHO-VNM,DQ-EVID-05,1,https://www.who.int/mongolia/,https://www.who.int/vietnam/search?query=%28%5Cartificial%20intelligence%5C%22%20OR%20AI%29%20AND%20%28%5C%22post-implementation%20monitoring%5C%22%20OR%20%5C%22post-market%20surveillance%5C%22%20OR%20%5C%22incident%20reporting%5C%22%20OR%20%5C%22quality%20management%5C%22%20OR%20%5C%22effectiveness%20evaluation%5C%22%20OR%20audit%29%20AND%20%28Vietnam%20OR%20%5C%22Viet%20Nam%5C%22%29%20AND%20%28health%20OR%20hospital%20OR%20%5C%22provincial%20health%20department%5C%22%29%22&page=1,UNSCREENED_CANDIDATE_LOCATOR_NOT_ACQUIRED
WHO-VNM,DQ-EVID-05,1,https://www.who.int/nauru/,https://www.who.int/vietnam/search?query=%28%5Cartificial%20intelligence%5C%22%20OR%20AI%29%20AND%20%28%5C%22post-implementation%20monitoring%5C%22%20OR%20%5C%22post-market%20surveillance%5C%22%20OR%20%5C%22incident%20reporting%5C%22%20OR%20%5C%22quality%20management%5C%22%20OR%20%5C%22effectiveness%20evaluation%5C%22%20OR%20audit%29%20AND%20%28Vietnam%20OR%20%5C%22Viet%20Nam%5C%22%29%20AND%20%28health%20OR%20hospital%20OR%20%5C%22provincial%20health%20department%5C%22%29%22&page=1,UNSCREENED_CANDIDATE_LOCATOR_NOT_ACQUIRED
WHO-VNM,DQ-EVID-05,1,https://www.who.int/newcaledonia/,https://www.who.int/vietnam/search?query=%28%5Cartificial%20intelligence%5C%22%20OR%20AI%29%20AND%20%28%5C%22post-implementation%20monitoring%5C%22%20OR%20%5C%22post-market%20surveillance%5C%22%20OR%20%5C%22incident%20reporting%5C%22%20OR%20%5C%22quality%20management%5C%22%20OR%20%5C%22effectiveness%20evaluation%5C%22%20OR%20audit%29%20AND%20%28Vietnam%20OR%20%5C%22Viet%20Nam%5C%22%29%20AND%20%28health%20OR%20hospital%20OR%20%5C%22provincial%20health%20department%5C%22%29%22&page=1,UNSCREENED_CANDIDATE_LOCATOR_NOT_ACQUIRED
WHO-VNM,DQ-EVID-05,1,https://www.who.int/newzealand/,https://www.who.int/vietnam/search?query=%28%5Cartificial%20intelligence%5C%22%20OR%20AI%29%20AND%20%28%5C%22post-implementation%20monitoring%5C%22%20OR%20%5C%22post-market%20surveillance%5C%22%20OR%20%5C%22incident%20reporting%5C%22%20OR%20%5C%22quality%20management%5C%22%20OR%20%5C%22effectiveness%20evaluation%5C%22%20OR%20audit%29%20AND%20%28Vietnam%20OR%20%5C%22Viet%20Nam%5C%22%29%20AND%20%28health%20OR%20hospital%20OR%20%5C%22provincial%20health%20department%5C%22%29%22&page=1,UNSCREENED_CANDIDATE_LOCATOR_NOT_ACQUIRED
WHO-VNM,DQ-EVID-05,1,https://www.who.int/niue/,https://www.who.int/vietnam/search?query=%28%5Cartificial%20intelligence%5C%22%20OR%20AI%29%20AND%20%28%5C%22post-implementation%20monitoring%5C%22%20OR%20%5C%22post-market%20surveillance%5C%22%20OR%20%5C%22incident%20reporting%5C%22%20OR%20%5C%22quality%20management%5C%22%20OR%20%5C%22effectiveness%20evaluation%5C%22%20OR%20audit%29%20AND%20%28Vietnam%20OR%20%5C%22Viet%20Nam%5C%22%29%20AND%20%28health%20OR%20hospital%20OR%20%5C%22provincial%20health%20department%5C%22%29%22&page=1,UNSCREENED_CANDIDATE_LOCATOR_NOT_ACQUIRED
WHO-VNM,DQ-EVID-05,1,https://www.who.int/northernmarianaislands/,https://www.who.int/vietnam/search?query=%28%5Cartificial%20intelligence%5C%22%20OR%20AI%29%20AND%20%28%5C%22post-implementation%20monitoring%5C%22%20OR%20%5C%22post-market%20surveillance%5C%22%20OR%20%5C%22incident%20reporting%5C%22%20OR%20%5C%22quality%20management%5C%22%20OR%20%5C%22effectiveness%20evaluation%5C%22%20OR%20audit%29%20AND%20%28Vietnam%20OR%20%5C%22Viet%20Nam%5C%22%29%20AND%20%28health%20OR%20hospital%20OR%20%5C%22provincial%20health%20department%5C%22%29%22&page=1,UNSCREENED_CANDIDATE_LOCATOR_NOT_ACQUIRED
WHO-VNM,DQ-EVID-05,1,https://www.who.int/palau/,https://www.who.int/vietnam/search?query=%28%5Cartificial%20intelligence%5C%22%20OR%20AI%29%20AND%20%28%5C%22post-implementation%20monitoring%5C%22%20OR%20%5C%22post-market%20surveillance%5C%22%20OR%20%5C%22incident%20reporting%5C%22%20OR%20%5C%22quality%20management%5C%22%20OR%20%5C%22effectiveness%20evaluation%5C%22%20OR%20audit%29%20AND%20%28Vietnam%20OR%20%5C%22Viet%20Nam%5C%22%29%20AND%20%28health%20OR%20hospital%20OR%20%5C%22provincial%20health%20department%5C%22%29%22&page=1,UNSCREENED_CANDIDATE_LOCATOR_NOT_ACQUIRED
WHO-VNM,DQ-EVID-05,1,https://www.who.int/papuanewguinea/,https://www.who.int/vietnam/search?query=%28%5Cartificial%20intelligence%5C%22%20OR%20AI%29%20AND%20%28%5C%22post-implementation%20monitoring%5C%22%20OR%20%5C%22post-market%20surveillance%5C%22%20OR%20%5C%22incident%20reporting%5C%22%20OR%20%5C%22quality%20management%5C%22%20OR%20%5C%22effectiveness%20evaluation%5C%22%20OR%20audit%29%20AND%20%28Vietnam%20OR%20%5C%22Viet%20Nam%5C%22%29%20AND%20%28health%20OR%20hospital%20OR%20%5C%22provincial%20health%20department%5C%22%29%22&page=1,UNSCREENED_CANDIDATE_LOCATOR_NOT_ACQUIRED
WHO-VNM,DQ-EVID-05,1,https://www.who.int/philippines/,https://www.who.int/vietnam/search?query=%28%5Cartificial%20intelligence%5C%22%20OR%20AI%29%20AND%20%28%5C%22post-implementation%20monitoring%5C%22%20OR%20%5C%22post-market%20surveillance%5C%22%20OR%20%5C%22incident%20reporting%5C%22%20OR%20%5C%22quality%20management%5C%22%20OR%20%5C%22effectiveness%20evaluation%5C%22%20OR%20audit%29%20AND%20%28Vietnam%20OR%20%5C%22Viet%20Nam%5C%22%29%20AND%20%28health%20OR%20hospital%20OR%20%5C%22provincial%20health%20department%5C%22%29%22&page=1,UNSCREENED_CANDIDATE_LOCATOR_NOT_ACQUIRED
WHO-VNM,DQ-EVID-05,1,https://www.who.int/pitcairnislands/,https://www.who.int/vietnam/search?query=%28%5Cartificial%20intelligence%5C%22%20OR%20AI%29%20AND%20%28%5C%22post-implementation%20monitoring%5C%22%20OR%20%5C%22post-market%20surveillance%5C%22%20OR%20%5C%22incident%20reporting%5C%22%20OR%20%5C%22quality%20management%5C%22%20OR%20%5C%22effectiveness%20evaluation%5C%22%20OR%20audit%29%20AND%20%28Vietnam%20OR%20%5C%22Viet%20Nam%5C%22%29%20AND%20%28health%20OR%20hospital%20OR%20%5C%22provincial%20health%20department%5C%22%29%22&page=1,UNSCREENED_CANDIDATE_LOCATOR_NOT_ACQUIRED
WHO-VNM,DQ-EVID-05,1,https://www.who.int/republicofkorea/,https://www.who.int/vietnam/search?query=%28%5Cartificial%20intelligence%5C%22%20OR%20AI%29%20AND%20%28%5C%22post-implementation%20monitoring%5C%22%20OR%20%5C%22post-market%20surveillance%5C%22%20OR%20%5C%22incident%20reporting%5C%22%20OR%20%5C%22quality%20management%5C%22%20OR%20%5C%22effectiveness%20evaluation%5C%22%20OR%20audit%29%20AND%20%28Vietnam%20OR%20%5C%22Viet%20Nam%5C%22%29%20AND%20%28health%20OR%20hospital%20OR%20%5C%22provincial%20health%20department%5C%22%29%22&page=1,UNSCREENED_CANDIDATE_LOCATOR_NOT_ACQUIRED
WHO-VNM,DQ-EVID-05,1,https://www.who.int/samoa/,https://www.who.int/vietnam/search?query=%28%5Cartificial%20intelligence%5C%22%20OR%20AI%29%20AND%20%28%5C%22post-implementation%20monitoring%5C%22%20OR%20%5C%22post-market%20surveillance%5C%22%20OR%20%5C%22incident%20reporting%5C%22%20OR%20%5C%22quality%20management%5C%22%20OR%20%5C%22effectiveness%20evaluation%5C%22%20OR%20audit%29%20AND%20%28Vietnam%20OR%20%5C%22Viet%20Nam%5C%22%29%20AND%20%28health%20OR%20hospital%20OR%20%5C%22provincial%20health%20department%5C%22%29%22&page=1,UNSCREENED_CANDIDATE_LOCATOR_NOT_ACQUIRED
WHO-VNM,DQ-EVID-05,1,https://www.who.int/singapore/,https://www.who.int/vietnam/search?query=%28%5Cartificial%20intelligence%5C%22%20OR%20AI%29%20AND%20%28%5C%22post-implementation%20monitoring%5C%22%20OR%20%5C%22post-market%20surveillance%5C%22%20OR%20%5C%22incident%20reporting%5C%22%20OR%20%5C%22quality%20management%5C%22%20OR%20%5C%22effectiveness%20evaluation%5C%22%20OR%20audit%29%20AND%20%28Vietnam%20OR%20%5C%22Viet%20Nam%5C%22%29%20AND%20%28health%20OR%20hospital%20OR%20%5C%22provincial%20health%20department%5C%22%29%22&page=1,UNSCREENED_CANDIDATE_LOCATOR_NOT_ACQUIRED
WHO-VNM,DQ-EVID-05,1,https://www.who.int/solomonislands/home,https://www.who.int/vietnam/search?query=%28%5Cartificial%20intelligence%5C%22%20OR%20AI%29%20AND%20%28%5C%22post-implementation%20monitoring%5C%22%20OR%20%5C%22post-market%20surveillance%5C%22%20OR%20%5C%22incident%20reporting%5C%22%20OR%20%5C%22quality%20management%5C%22%20OR%20%5C%22effectiveness%20evaluation%5C%22%20OR%20audit%29%20AND%20%28Vietnam%20OR%20%5C%22Viet%20Nam%5C%22%29%20AND%20%28health%20OR%20hospital%20OR%20%5C%22provincial%20health%20department%5C%22%29%22&page=1,UNSCREENED_CANDIDATE_LOCATOR_NOT_ACQUIRED
WHO-VNM,DQ-EVID-05,1,https://www.who.int/southeastasia,https://www.who.int/vietnam/search?query=%28%5Cartificial%20intelligence%5C%22%20OR%20AI%29%20AND%20%28%5C%22post-implementation%20monitoring%5C%22%20OR%20%5C%22post-market%20surveillance%5C%22%20OR%20%5C%22incident%20reporting%5C%22%20OR%20%5C%22quality%20management%5C%22%20OR%20%5C%22effectiveness%20evaluation%5C%22%20OR%20audit%29%20AND%20%28Vietnam%20OR%20%5C%22Viet%20Nam%5C%22%29%20AND%20%28health%20OR%20hospital%20OR%20%5C%22provincial%20health%20department%5C%22%29%22&page=1,UNSCREENED_CANDIDATE_LOCATOR_NOT_ACQUIRED
WHO-VNM,DQ-EVID-05,1,https://www.who.int/tokelau/home,https://www.who.int/vietnam/search?query=%28%5Cartificial%20intelligence%5C%22%20OR%20AI%29%20AND%20%28%5C%22post-implementation%20monitoring%5C%22%20OR%20%5C%22post-market%20surveillance%5C%22%20OR%20%5C%22incident%20reporting%5C%22%20OR%20%5C%22quality%20management%5C%22%20OR%20%5C%22effectiveness%20evaluation%5C%22%20OR%20audit%29%20AND%20%28Vietnam%20OR%20%5C%22Viet%20Nam%5C%22%29%20AND%20%28health%20OR%20hospital%20OR%20%5C%22provincial%20health%20department%5C%22%29%22&page=1,UNSCREENED_CANDIDATE_LOCATOR_NOT_ACQUIRED
WHO-VNM,DQ-EVID-05,1,https://www.who.int/tonga/home,https://www.who.int/vietnam/search?query=%28%5Cartificial%20intelligence%5C%22%20OR%20AI%29%20AND%20%28%5C%22post-implementation%20monitoring%5C%22%20OR%20%5C%22post-market%20surveillance%5C%22%20OR%20%5C%22incident%20reporting%5C%22%20OR%20%5C%22quality%20management%5C%22%20OR%20%5C%22effectiveness%20evaluation%5C%22%20OR%20audit%29%20AND%20%28Vietnam%20OR%20%5C%22Viet%20Nam%5C%22%29%20AND%20%28health%20OR%20hospital%20OR%20%5C%22provincial%20health%20department%5C%22%29%22&page=1,UNSCREENED_CANDIDATE_LOCATOR_NOT_ACQUIRED
WHO-VNM,DQ-EVID-05,1,https://www.who.int/tuvalu/home,https://www.who.int/vietnam/search?query=%28%5Cartificial%20intelligence%5C%22%20OR%20AI%29%20AND%20%28%5C%22post-implementation%20monitoring%5C%22%20OR%20%5C%22post-market%20surveillance%5C%22%20OR%20%5C%22incident%20reporting%5C%22%20OR%20%5C%22quality%20management%5C%22%20OR%20%5C%22effectiveness%20evaluation%5C%22%20OR%20audit%29%20AND%20%28Vietnam%20OR%20%5C%22Viet%20Nam%5C%22%29%20AND%20%28health%20OR%20hospital%20OR%20%5C%22provincial%20health%20department%5C%22%29%22&page=1,UNSCREENED_CANDIDATE_LOCATOR_NOT_ACQUIRED
WHO-VNM,DQ-EVID-05,1,https://www.who.int/vanuatu/home,https://www.who.int/vietnam/search?query=%28%5Cartificial%20intelligence%5C%22%20OR%20AI%29%20AND%20%28%5C%22post-implementation%20monitoring%5C%22%20OR%20%5C%22post-market%20surveillance%5C%22%20OR%20%5C%22incident%20reporting%5C%22%20OR%20%5C%22quality%20management%5C%22%20OR%20%5C%22effectiveness%20evaluation%5C%22%20OR%20audit%29%20AND%20%28Vietnam%20OR%20%5C%22Viet%20Nam%5C%22%29%20AND%20%28health%20OR%20hospital%20OR%20%5C%22provincial%20health%20department%5C%22%29%22&page=1,UNSCREENED_CANDIDATE_LOCATOR_NOT_ACQUIRED
WHO-VNM,DQ-EVID-05,1,https://www.who.int/vietnam,https://www.who.int/vietnam/search?query=%28%5Cartificial%20intelligence%5C%22%20OR%20AI%29%20AND%20%28%5C%22post-implementation%20monitoring%5C%22%20OR%20%5C%22post-market%20surveillance%5C%22%20OR%20%5C%22incident%20reporting%5C%22%20OR%20%5C%22quality%20management%5C%22%20OR%20%5C%22effectiveness%20evaluation%5C%22%20OR%20audit%29%20AND%20%28Vietnam%20OR%20%5C%22Viet%20Nam%5C%22%29%20AND%20%28health%20OR%20hospital%20OR%20%5C%22provincial%20health%20department%5C%22%29%22&page=1,UNSCREENED_CANDIDATE_LOCATOR_NOT_ACQUIRED
WHO-VNM,DQ-EVID-05,1,https://www.who.int/vietnam/,https://www.who.int/vietnam/search?query=%28%5Cartificial%20intelligence%5C%22%20OR%20AI%29%20AND%20%28%5C%22post-implementation%20monitoring%5C%22%20OR%20%5C%22post-market%20surveillance%5C%22%20OR%20%5C%22incident%20reporting%5C%22%20OR%20%5C%22quality%20management%5C%22%20OR%20%5C%22effectiveness%20evaluation%5C%22%20OR%20audit%29%20AND%20%28Vietnam%20OR%20%5C%22Viet%20Nam%5C%22%29%20AND%20%28health%20OR%20hospital%20OR%20%5C%22provincial%20health%20department%5C%22%29%22&page=1,UNSCREENED_CANDIDATE_LOCATOR_NOT_ACQUIRED
WHO-VNM,DQ-EVID-05,1,https://www.who.int/vietnam/about,https://www.who.int/vietnam/search?query=%28%5Cartificial%20intelligence%5C%22%20OR%20AI%29%20AND%20%28%5C%22post-implementation%20monitoring%5C%22%20OR%20%5C%22post-market%20surveillance%5C%22%20OR%20%5C%22incident%20reporting%5C%22%20OR%20%5C%22quality%20management%5C%22%20OR%20%5C%22effectiveness%20evaluation%5C%22%20OR%20audit%29%20AND%20%28Vietnam%20OR%20%5C%22Viet%20Nam%5C%22%29%20AND%20%28health%20OR%20hospital%20OR%20%5C%22provincial%20health%20department%5C%22%29%22&page=1,UNSCREENED_CANDIDATE_LOCATOR_NOT_ACQUIRED
WHO-VNM,DQ-EVID-05,1,https://www.who.int/vietnam/emergencies,https://www.who.int/vietnam/search?query=%28%5Cartificial%20intelligence%5C%22%20OR%20AI%29%20AND%20%28%5C%22post-implementation%20monitoring%5C%22%20OR%20%5C%22post-market%20surveillance%5C%22%20OR%20%5C%22incident%20reporting%5C%22%20OR%20%5C%22quality%20management%5C%22%20OR%20%5C%22effectiveness%20evaluation%5C%22%20OR%20audit%29%20AND%20%28Vietnam%20OR%20%5C%22Viet%20Nam%5C%22%29%20AND%20%28health%20OR%20hospital%20OR%20%5C%22provincial%20health%20department%5C%22%29%22&page=1,UNSCREENED_CANDIDATE_LOCATOR_NOT_ACQUIRED
WHO-VNM,DQ-EVID-05,1,https://www.who.int/vietnam/footer/help,https://www.who.int/vietnam/search?query=%28%5Cartificial%20intelligence%5C%22%20OR%20AI%29%20AND%20%28%5C%22post-implementation%20monitoring%5C%22%20OR%20%5C%22post-market%20surveillance%5C%22%20OR%20%5C%22incident%20reporting%5C%22%20OR%20%5C%22quality%20management%5C%22%20OR%20%5C%22effectiveness%20evaluation%5C%22%20OR%20audit%29%20AND%20%28Vietnam%20OR%20%5C%22Viet%20Nam%5C%22%29%20AND%20%28health%20OR%20hospital%20OR%20%5C%22provincial%20health%20department%5C%22%29%22&page=1,UNSCREENED_CANDIDATE_LOCATOR_NOT_ACQUIRED
WHO-VNM,DQ-EVID-05,1,https://www.who.int/vietnam/footer/help/contact-us,https://www.who.int/vietnam/search?query=%28%5Cartificial%20intelligence%5C%22%20OR%20AI%29%20AND%20%28%5C%22post-implementation%20monitoring%5C%22%20OR%20%5C%22post-market%20surveillance%5C%22%20OR%20%5C%22incident%20reporting%5C%22%20OR%20%5C%22quality%20management%5C%22%20OR%20%5C%22effectiveness%20evaluation%5C%22%20OR%20audit%29%20AND%20%28Vietnam%20OR%20%5C%22Viet%20Nam%5C%22%29%20AND%20%28health%20OR%20hospital%20OR%20%5C%22provincial%20health%20department%5C%22%29%22&page=1,UNSCREENED_CANDIDATE_LOCATOR_NOT_ACQUIRED
WHO-VNM,DQ-EVID-05,1,https://www.who.int/vietnam/footer/help/cyber-security,https://www.who.int/vietnam/search?query=%28%5Cartificial%20intelligence%5C%22%20OR%20AI%29%20AND%20%28%5C%22post-implementation%20monitoring%5C%22%20OR%20%5C%22post-market%20surveillance%5C%22%20OR%20%5C%22incident%20reporting%5C%22%20OR%20%5C%22quality%20management%5C%22%20OR%20%5C%22effectiveness%20evaluation%5C%22%20OR%20audit%29%20AND%20%28Vietnam%20OR%20%5C%22Viet%20Nam%5C%22%29%20AND%20%28health%20OR%20hospital%20OR%20%5C%22provincial%20health%20department%5C%22%29%22&page=1,UNSCREENED_CANDIDATE_LOCATOR_NOT_ACQUIRED
WHO-VNM,DQ-EVID-05,1,https://www.who.int/vietnam/footer/help/ethics,https://www.who.int/vietnam/search?query=%28%5Cartificial%20intelligence%5C%22%20OR%20AI%29%20AND%20%28%5C%22post-implementation%20monitoring%5C%22%20OR%20%5C%22post-market%20surveillance%5C%22%20OR%20%5C%22incident%20reporting%5C%22%20OR%20%5C%22quality%20management%5C%22%20OR%20%5C%22effectiveness%20evaluation%5C%22%20OR%20audit%29%20AND%20%28Vietnam%20OR%20%5C%22Viet%20Nam%5C%22%29%20AND%20%28health%20OR%20hospital%20OR%20%5C%22provincial%20health%20department%5C%22%29%22&page=1,UNSCREENED_CANDIDATE_LOCATOR_NOT_ACQUIRED
WHO-VNM,DQ-EVID-05,1,https://www.who.int/vietnam/footer/quick-links,https://www.who.int/vietnam/search?query=%28%5Cartificial%20intelligence%5C%22%20OR%20AI%29%20AND%20%28%5C%22post-implementation%20monitoring%5C%22%20OR%20%5C%22post-market%20surveillance%5C%22%20OR%20%5C%22incident%20reporting%5C%22%20OR%20%5C%22quality%20management%5C%22%20OR%20%5C%22effectiveness%20evaluation%5C%22%20OR%20audit%29%20AND%20%28Vietnam%20OR%20%5C%22Viet%20Nam%5C%22%29%20AND%20%28health%20OR%20hospital%20OR%20%5C%22provincial%20health%20department%5C%22%29%22&page=1,UNSCREENED_CANDIDATE_LOCATOR_NOT_ACQUIRED
WHO-VNM,DQ-EVID-05,1,https://www.who.int/vietnam/footer/quick-links/careers-in-who-viet-nam,https://www.who.int/vietnam/search?query=%28%5Cartificial%20intelligence%5C%22%20OR%20AI%29%20AND%20%28%5C%22post-implementation%20monitoring%5C%22%20OR%20%5C%22post-market%20surveillance%5C%22%20OR%20%5C%22incident%20reporting%5C%22%20OR%20%5C%22quality%20management%5C%22%20OR%20%5C%22effectiveness%20evaluation%5C%22%20OR%20audit%29%20AND%20%28Vietnam%20OR%20%5C%22Viet%20Nam%5C%22%29%20AND%20%28health%20OR%20hospital%20OR%20%5C%22provincial%20health%20department%5C%22%29%22&page=1,UNSCREENED_CANDIDATE_LOCATOR_NOT_ACQUIRED
WHO-VNM,DQ-EVID-05,1,https://www.who.int/vietnam/footer/quick-links/newsroom,https://www.who.int/vietnam/search?query=%28%5Cartificial%20intelligence%5C%22%20OR%20AI%29%20AND%20%28%5C%22post-implementation%20monitoring%5C%22%20OR%20%5C%22post-market%20surveillance%5C%22%20OR%20%5C%22incident%20reporting%5C%22%20OR%20%5C%22quality%20management%5C%22%20OR%20%5C%22effectiveness%20evaluation%5C%22%20OR%20audit%29%20AND%20%28Vietnam%20OR%20%5C%22Viet%20Nam%5C%22%29%20AND%20%28health%20OR%20hospital%20OR%20%5C%22provincial%20health%20department%5C%22%29%22&page=1,UNSCREENED_CANDIDATE_LOCATOR_NOT_ACQUIRED
WHO-VNM,DQ-EVID-05,1,https://www.who.int/vietnam/footer/quick-links/publications-and-information-resources,https://www.who.int/vietnam/search?query=%28%5Cartificial%20intelligence%5C%22%20OR%20AI%29%20AND%20%28%5C%22post-implementation%20monitoring%5C%22%20OR%20%5C%22post-market%20surveillance%5C%22%20OR%20%5C%22incident%20reporting%5C%22%20OR%20%5C%22quality%20management%5C%22%20OR%20%5C%22effectiveness%20evaluation%5C%22%20OR%20audit%29%20AND%20%28Vietnam%20OR%20%5C%22Viet%20Nam%5C%22%29%20AND%20%28health%20OR%20hospital%20OR%20%5C%22provincial%20health%20department%5C%22%29%22&page=1,UNSCREENED_CANDIDATE_LOCATOR_NOT_ACQUIRED
WHO-VNM,DQ-EVID-05,1,https://www.who.int/vietnam/footer/regional-links,https://www.who.int/vietnam/search?query=%28%5Cartificial%20intelligence%5C%22%20OR%20AI%29%20AND%20%28%5C%22post-implementation%20monitoring%5C%22%20OR%20%5C%22post-market%20surveillance%5C%22%20OR%20%5C%22incident%20reporting%5C%22%20OR%20%5C%22quality%20management%5C%22%20OR%20%5C%22effectiveness%20evaluation%5C%22%20OR%20audit%29%20AND%20%28Vietnam%20OR%20%5C%22Viet%20Nam%5C%22%29%20AND%20%28health%20OR%20hospital%20OR%20%5C%22provincial%20health%20department%5C%22%29%22&page=1,UNSCREENED_CANDIDATE_LOCATOR_NOT_ACQUIRED
WHO-VNM,DQ-EVID-05,1,https://www.who.int/vietnam/footer/regional-links/campaigns,https://www.who.int/vietnam/search?query=%28%5Cartificial%20intelligence%5C%22%20OR%20AI%29%20AND%20%28%5C%22post-implementation%20monitoring%5C%22%20OR%20%5C%22post-market%20surveillance%5C%22%20OR%20%5C%22incident%20reporting%5C%22%20OR%20%5C%22quality%20management%5C%22%20OR%20%5C%22effectiveness%20evaluation%5C%22%20OR%20audit%29%20AND%20%28Vietnam%20OR%20%5C%22Viet%20Nam%5C%22%29%20AND%20%28health%20OR%20hospital%20OR%20%5C%22provincial%20health%20department%5C%22%29%22&page=1,UNSCREENED_CANDIDATE_LOCATOR_NOT_ACQUIRED
WHO-VNM,DQ-EVID-05,1,https://www.who.int/vietnam/footer/regional-links/careers,https://www.who.int/vietnam/search?query=%28%5Cartificial%20intelligence%5C%22%20OR%20AI%29%20AND%20%28%5C%22post-implementation%20monitoring%5C%22%20OR%20%5C%22post-market%20surveillance%5C%22%20OR%20%5C%22incident%20reporting%5C%22%20OR%20%5C%22quality%20management%5C%22%20OR%20%5C%22effectiveness%20evaluation%5C%22%20OR%20audit%29%20AND%20%28Vietnam%20OR%20%5C%22Viet%20Nam%5C%22%29%20AND%20%28health%20OR%20hospital%20OR%20%5C%22provincial%20health%20department%5C%22%29%22&page=1,UNSCREENED_CANDIDATE_LOCATOR_NOT_ACQUIRED
WHO-VNM,DQ-EVID-05,1,https://www.who.int/vietnam/footer/regional-links/data,https://www.who.int/vietnam/search?query=%28%5Cartificial%20intelligence%5C%22%20OR%20AI%29%20AND%20%28%5C%22post-implementation%20monitoring%5C%22%20OR%20%5C%22post-market%20surveillance%5C%22%20OR%20%5C%22incident%20reporting%5C%22%20OR%20%5C%22quality%20management%5C%22%20OR%20%5C%22effectiveness%20evaluation%5C%22%20OR%20audit%29%20AND%20%28Vietnam%20OR%20%5C%22Viet%20Nam%5C%22%29%20AND%20%28health%20OR%20hospital%20OR%20%5C%22provincial%20health%20department%5C%22%29%22&page=1,UNSCREENED_CANDIDATE_LOCATOR_NOT_ACQUIRED
WHO-VNM,DQ-EVID-05,1,https://www.who.int/vietnam/footer/regional-links/publications,https://www.who.int/vietnam/search?query=%28%5Cartificial%20intelligence%5C%22%20OR%20AI%29%20AND%20%28%5C%22post-implementation%20monitoring%5C%22%20OR%20%5C%22post-market%20surveillance%5C%22%20OR%20%5C%22incident%20reporting%5C%22%20OR%20%5C%22quality%20management%5C%22%20OR%20%5C%22effectiveness%20evaluation%5C%22%20OR%20audit%29%20AND%20%28Vietnam%20OR%20%5C%22Viet%20Nam%5C%22%29%20AND%20%28health%20OR%20hospital%20OR%20%5C%22provincial%20health%20department%5C%22%29%22&page=1,UNSCREENED_CANDIDATE_LOCATOR_NOT_ACQUIRED
WHO-VNM,DQ-EVID-05,1,https://www.who.int/vietnam/health-topics,https://www.who.int/vietnam/search?query=%28%5Cartificial%20intelligence%5C%22%20OR%20AI%29%20AND%20%28%5C%22post-implementation%20monitoring%5C%22%20OR%20%5C%22post-market%20surveillance%5C%22%20OR%20%5C%22incident%20reporting%5C%22%20OR%20%5C%22quality%20management%5C%22%20OR%20%5C%22effectiveness%20evaluation%5C%22%20OR%20audit%29%20AND%20%28Vietnam%20OR%20%5C%22Viet%20Nam%5C%22%29%20AND%20%28health%20OR%20hospital%20OR%20%5C%22provincial%20health%20department%5C%22%29%22&page=1,UNSCREENED_CANDIDATE_LOCATOR_NOT_ACQUIRED
WHO-VNM,DQ-EVID-05,1,https://www.who.int/vietnam/news,https://www.who.int/vietnam/search?query=%28%5Cartificial%20intelligence%5C%22%20OR%20AI%29%20AND%20%28%5C%22post-implementation%20monitoring%5C%22%20OR%20%5C%22post-market%20surveillance%5C%22%20OR%20%5C%22incident%20reporting%5C%22%20OR%20%5C%22quality%20management%5C%22%20OR%20%5C%22effectiveness%20evaluation%5C%22%20OR%20audit%29%20AND%20%28Vietnam%20OR%20%5C%22Viet%20Nam%5C%22%29%20AND%20%28health%20OR%20hospital%20OR%20%5C%22provincial%20health%20department%5C%22%29%22&page=1,UNSCREENED_CANDIDATE_LOCATOR_NOT_ACQUIRED
WHO-VNM,DQ-EVID-05,1,https://www.who.int/vietnam/our-work,https://www.who.int/vietnam/search?query=%28%5Cartificial%20intelligence%5C%22%20OR%20AI%29%20AND%20%28%5C%22post-implementation%20monitoring%5C%22%20OR%20%5C%22post-market%20surveillance%5C%22%20OR%20%5C%22incident%20reporting%5C%22%20OR%20%5C%22quality%20management%5C%22%20OR%20%5C%22effectiveness%20evaluation%5C%22%20OR%20audit%29%20AND%20%28Vietnam%20OR%20%5C%22Viet%20Nam%5C%22%29%20AND%20%28health%20OR%20hospital%20OR%20%5C%22provincial%20health%20department%5C%22%29%22&page=1,UNSCREENED_CANDIDATE_LOCATOR_NOT_ACQUIRED
WHO-VNM,DQ-EVID-05,1,https://www.who.int/vietnam/search?query=%28%5Cartificial%20intelligence%5C%22%20OR%20AI%29%20AND%20%28%5C%22post-implementation%20monitoring%5C%22%20OR%20%5C%22post-market%20surveillance%5C%22%20OR%20%5C%22incident%20reporting%5C%22%20OR%20%5C%22quality%20management%5C%22%20OR%20%5C%22effectiveness%20evaluation%5C%22%20OR%20audit%29%20AND%20%28Vietnam%20OR%20%5C%22Viet%20Nam%5C%22%29%20AND%20%28health%20OR%20hospital%20OR%20%5C%22provincial%20health%20department%5C%22%29%22&page=1,https://www.who.int/vietnam/search?query=%28%5Cartificial%20intelligence%5C%22%20OR%20AI%29%20AND%20%28%5C%22post-implementation%20monitoring%5C%22%20OR%20%5C%22post-market%20surveillance%5C%22%20OR%20%5C%22incident%20reporting%5C%22%20OR%20%5C%22quality%20management%5C%22%20OR%20%5C%22effectiveness%20evaluation%5C%22%20OR%20audit%29%20AND%20%28Vietnam%20OR%20%5C%22Viet%20Nam%5C%22%29%20AND%20%28health%20OR%20hospital%20OR%20%5C%22provincial%20health%20department%5C%22%29%22&page=1,UNSCREENED_CANDIDATE_LOCATOR_NOT_ACQUIRED
WHO-VNM,DQ-EVID-05,1,https://www.who.int/wallisandfutuna/home,https://www.who.int/vietnam/search?query=%28%5Cartificial%20intelligence%5C%22%20OR%20AI%29%20AND%20%28%5C%22post-implementation%20monitoring%5C%22%20OR%20%5C%22post-market%20surveillance%5C%22%20OR%20%5C%22incident%20reporting%5C%22%20OR%20%5C%22quality%20management%5C%22%20OR%20%5C%22effectiveness%20evaluation%5C%22%20OR%20audit%29%20AND%20%28Vietnam%20OR%20%5C%22Viet%20Nam%5C%22%29%20AND%20%28health%20OR%20hospital%20OR%20%5C%22provincial%20health%20department%5C%22%29%22&page=1,UNSCREENED_CANDIDATE_LOCATOR_NOT_ACQUIRED
WHO-VNM,DQ-EVID-05,1,https://www.who.int/westernpacific/,https://www.who.int/vietnam/search?query=%28%5Cartificial%20intelligence%5C%22%20OR%20AI%29%20AND%20%28%5C%22post-implementation%20monitoring%5C%22%20OR%20%5C%22post-market%20surveillance%5C%22%20OR%20%5C%22incident%20reporting%5C%22%20OR%20%5C%22quality%20management%5C%22%20OR%20%5C%22effectiveness%20evaluation%5C%22%20OR%20audit%29%20AND%20%28Vietnam%20OR%20%5C%22Viet%20Nam%5C%22%29%20AND%20%28health%20OR%20hospital%20OR%20%5C%22provincial%20health%20department%5C%22%29%22&page=1,UNSCREENED_CANDIDATE_LOCATOR_NOT_ACQUIRED
WHO-VNM,DQ-EVID-05,2,https://www.who.int/vietnam/search?query=%28%5Cartificial%20intelligence%5C%22%20OR%20AI%29%20AND%20%28%5C%22post-implementation%20monitoring%5C%22%20OR%20%5C%22post-market%20surveillance%5C%22%20OR%20%5C%22incident%20reporting%5C%22%20OR%20%5C%22quality%20management%5C%22%20OR%20%5C%22effectiveness%20evaluation%5C%22%20OR%20audit%29%20AND%20%28Vietnam%20OR%20%5C%22Viet%20Nam%5C%22%29%20AND%20%28health%20OR%20hospital%20OR%20%5C%22provincial%20health%20department%5C%22%29%22&page=2,https://www.who.int/vietnam/search?query=%28%5Cartificial%20intelligence%5C%22%20OR%20AI%29%20AND%20%28%5C%22post-implementation%20monitoring%5C%22%20OR%20%5C%22post-market%20surveillance%5C%22%20OR%20%5C%22incident%20reporting%5C%22%20OR%20%5C%22quality%20management%5C%22%20OR%20%5C%22effectiveness%20evaluation%5C%22%20OR%20audit%29%20AND%20%28Vietnam%20OR%20%5C%22Viet%20Nam%5C%22%29%20AND%20%28health%20OR%20hospital%20OR%20%5C%22provincial%20health%20department%5C%22%29%22&page=2,UNSCREENED_CANDIDATE_LOCATOR_NOT_ACQUIRED
