E3B0C44298FC1C149AFBF4C8996FB92427AE41E4649B934CA495991B7852B855,C:\Users\DELL\Documents\2. Research & Writing\dao-duc-ai-tu-gia-tri-den-van-hanh\docs\research\ai-ethics-healthcare-vietnam\artifacts\search-rerun-01-2026-07-31\official-sources\nonlegal-portals-2026-07-31\raw\moh-dq-impl-01-internal.headers.txt
BE71D74D7D22436032ACE9F9BF1A2546FACD75BEAFE9AB39C0938D5DF6CA6679,C:\Users\DELL\Documents\2. Research & Writing\dao-duc-ai-tu-gia-tri-den-van-hanh\docs\research\ai-ethics-healthcare-vietnam\artifacts\search-rerun-01-2026-07-31\official-sources\nonlegal-portals-2026-07-31\raw\moh-dq-impl-01-internal.stderr.txt
2AC9A6746ACA543AF8DFF39894CFE8173AFBA21EB01C6FAE33D52947222855EF,C:\Users\DELL\Documents\2. Research & Writing\dao-duc-ai-tu-gia-tri-den-van-hanh\docs\research\ai-ethics-healthcare-vietnam\artifacts\search-rerun-01-2026-07-31\official-sources\nonlegal-portals-2026-07-31\raw\moh-dq-impl-01-internal.httpstatus.txt
8C8253287965C5CC55CAAB85169205CB2E8F3A090E8CA9111B48E83AC531BF9F,C:\Users\DELL\Documents\2. Research & Writing\dao-duc-ai-tu-gia-tri-den-van-hanh\docs\research\ai-ethics-healthcare-vietnam\artifacts\search-rerun-01-2026-07-31\official-sources\nonlegal-portals-2026-07-31\raw\moh-dq-impl-01-site-fallback.html
DB7C82FC0B912691FD72D3A5AF1E02419A13686418C3B287573CFEA85B580B1A,C:\Users\DELL\Documents\2. Research & Writing\dao-duc-ai-tu-gia-tri-den-van-hanh\docs\research\ai-ethics-healthcare-vietnam\artifacts\search-rerun-01-2026-07-31\official-sources\nonlegal-portals-2026-07-31\raw\moh-dq-impl-01-site-fallback.headers.txt
23D52D3465FBA86906CAE20CB74A42DC85DFF4603CC02CF99A78AF08BB42ED38,C:\Users\DELL\Documents\2. Research & Writing\dao-duc-ai-tu-gia-tri-den-van-hanh\docs\research\ai-ethics-healthcare-vietnam\artifacts\search-rerun-01-2026-07-31\official-sources\nonlegal-portals-2026-07-31\raw\moh-dq-impl-01-site-fallback.stderr.txt
27BADC983DF1780B60C2B3FA9D3A19A00E46AAC798451F0FEBDCA52920FAADDF,C:\Users\DELL\Documents\2. Research & Writing\dao-duc-ai-tu-gia-tri-den-van-hanh\docs\research\ai-ethics-healthcare-vietnam\artifacts\search-rerun-01-2026-07-31\official-sources\nonlegal-portals-2026-07-31\raw\moh-dq-impl-01-site-fallback.httpstatus.txt
E3B0C44298FC1C149AFBF4C8996FB92427AE41E4649B934CA495991B7852B855,C:\Users\DELL\Documents\2. Research & Writing\dao-duc-ai-tu-gia-tri-den-van-hanh\docs\research\ai-ethics-healthcare-vietnam\artifacts\search-rerun-01-2026-07-31\official-sources\nonlegal-portals-2026-07-31\raw\moh-dq-impl-02-internal.headers.txt
1EE837591305605062C2CCF9B9FE4F9E9D6B9D03BCD84DD218BB137E755945BB,C:\Users\DELL\Documents\2. Research & Writing\dao-duc-ai-tu-gia-tri-den-van-hanh\docs\research\ai-ethics-healthcare-vietnam\artifacts\search-rerun-01-2026-07-31\official-sources\nonlegal-portals-2026-07-31\raw\moh-dq-impl-02-internal.stderr.txt
2AC9A6746ACA543AF8DFF39894CFE8173AFBA21EB01C6FAE33D52947222855EF,C:\Users\DELL\Documents\2. Research & Writing\dao-duc-ai-tu-gia-tri-den-van-hanh\docs\research\ai-ethics-healthcare-vietnam\artifacts\search-rerun-01-2026-07-31\official-sources\nonlegal-portals-2026-07-31\raw\moh-dq-impl-02-internal.httpstatus.txt
1E5EEAE24C62D11A4F409EF9C234B6F88B4FA88613CA1CE013CCCDD0EA1144C0,C:\Users\DELL\Documents\2. Research & Writing\dao-duc-ai-tu-gia-tri-den-van-hanh\docs\research\ai-ethics-healthcare-vietnam\artifacts\search-rerun-01-2026-07-31\official-sources\nonlegal-portals-2026-07-31\raw\moh-dq-impl-02-site-fallback.html
E351716E1528F1B638793BA3E40B4849B0B1CEE29BFDCCD3D1CC89159D9FF115,C:\Users\DELL\Documents\2. Research & Writing\dao-duc-ai-tu-gia-tri-den-van-hanh\docs\research\ai-ethics-healthcare-vietnam\artifacts\search-rerun-01-2026-07-31\official-sources\nonlegal-portals-2026-07-31\raw\moh-dq-impl-02-site-fallback.headers.txt
5878BBFA282A98A7EABE1E8A9646C9771EA561F9104B1C98CBE80249ACF28C81,C:\Users\DELL\Documents\2. Research & Writing\dao-duc-ai-tu-gia-tri-den-van-hanh\docs\research\ai-ethics-healthcare-vietnam\artifacts\search-rerun-01-2026-07-31\official-sources\nonlegal-portals-2026-07-31\raw\moh-dq-impl-02-site-fallback.stderr.txt
27BADC983DF1780B60C2B3FA9D3A19A00E46AAC798451F0FEBDCA52920FAADDF,C:\Users\DELL\Documents\2. Research & Writing\dao-duc-ai-tu-gia-tri-den-van-hanh\docs\research\ai-ethics-healthcare-vietnam\artifacts\search-rerun-01-2026-07-31\official-sources\nonlegal-portals-2026-07-31\raw\moh-dq-impl-02-site-fallback.httpstatus.txt
E3B0C44298FC1C149AFBF4C8996FB92427AE41E4649B934CA495991B7852B855,C:\Users\DELL\Documents\2. Research & Writing\dao-duc-ai-tu-gia-tri-den-van-hanh\docs\research\ai-ethics-healthcare-vietnam\artifacts\search-rerun-01-2026-07-31\official-sources\nonlegal-portals-2026-07-31\raw\moh-dq-impl-03-internal.headers.txt
1EE837591305605062C2CCF9B9FE4F9E9D6B9D03BCD84DD218BB137E755945BB,C:\Users\DELL\Documents\2. Research & Writing\dao-duc-ai-tu-gia-tri-den-van-hanh\docs\research\ai-ethics-healthcare-vietnam\artifacts\search-rerun-01-2026-07-31\official-sources\nonlegal-portals-2026-07-31\raw\moh-dq-impl-03-internal.stderr.txt
2AC9A6746ACA543AF8DFF39894CFE8173AFBA21EB01C6FAE33D52947222855EF,C:\Users\DELL\Documents\2. Research & Writing\dao-duc-ai-tu-gia-tri-den-van-hanh\docs\research\ai-ethics-healthcare-vietnam\artifacts\search-rerun-01-2026-07-31\official-sources\nonlegal-portals-2026-07-31\raw\moh-dq-impl-03-internal.httpstatus.txt
16DB31009091A840484945FA8ADCD870FF8462AC5DCA624661A3770B7E3D7BBF,C:\Users\DELL\Documents\2. Research & Writing\dao-duc-ai-tu-gia-tri-den-van-hanh\docs\research\ai-ethics-healthcare-vietnam\artifacts\search-rerun-01-2026-07-31\official-sources\nonlegal-portals-2026-07-31\raw\moh-dq-impl-03-site-fallback.html
3E70D9E0F1C7B449B5BB87352EBFFCEEA8DBED48A9234A5123A874496242DD02,C:\Users\DELL\Documents\2. Research & Writing\dao-duc-ai-tu-gia-tri-den-van-hanh\docs\research\ai-ethics-healthcare-vietnam\artifacts\search-rerun-01-2026-07-31\official-sources\nonlegal-portals-2026-07-31\raw\moh-dq-impl-03-site-fallback.headers.txt
7727E55D72406C825FE7E0E1F010D8E1EB58CB8A9036D0B912C17C73453EF070,C:\Users\DELL\Documents\2. Research & Writing\dao-duc-ai-tu-gia-tri-den-van-hanh\docs\research\ai-ethics-healthcare-vietnam\artifacts\search-rerun-01-2026-07-31\official-sources\nonlegal-portals-2026-07-31\raw\moh-dq-impl-03-site-fallback.stderr.txt
27BADC983DF1780B60C2B3FA9D3A19A00E46AAC798451F0FEBDCA52920FAADDF,C:\Users\DELL\Documents\2. Research & Writing\dao-duc-ai-tu-gia-tri-den-van-hanh\docs\research\ai-ethics-healthcare-vietnam\artifacts\search-rerun-01-2026-07-31\official-sources\nonlegal-portals-2026-07-31\raw\moh-dq-impl-03-site-fallback.httpstatus.txt
E3B0C44298FC1C149AFBF4C8996FB92427AE41E4649B934CA495991B7852B855,C:\Users\DELL\Documents\2. Research & Writing\dao-duc-ai-tu-gia-tri-den-van-hanh\docs\research\ai-ethics-healthcare-vietnam\artifacts\search-rerun-01-2026-07-31\official-sources\nonlegal-portals-2026-07-31\raw\moh-dq-tool-01-internal.headers.txt
5BD0E7EEBCEE596F183DC367C2175BDC6E3DE4842163EEF0BB790172499C40B0,C:\Users\DELL\Documents\2. Research & Writing\dao-duc-ai-tu-gia-tri-den-van-hanh\docs\research\ai-ethics-healthcare-vietnam\artifacts\search-rerun-01-2026-07-31\official-sources\nonlegal-portals-2026-07-31\raw\moh-dq-tool-01-internal.stderr.txt
2AC9A6746ACA543AF8DFF39894CFE8173AFBA21EB01C6FAE33D52947222855EF,C:\Users\DELL\Documents\2. Research & Writing\dao-duc-ai-tu-gia-tri-den-van-hanh\docs\research\ai-ethics-healthcare-vietnam\artifacts\search-rerun-01-2026-07-31\official-sources\nonlegal-portals-2026-07-31\raw\moh-dq-tool-01-internal.httpstatus.txt
3A493541F066949B26C19DEB91188F1BA6722A1135D65BF1C884370465FD0423,C:\Users\DELL\Documents\2. Research & Writing\dao-duc-ai-tu-gia-tri-den-van-hanh\docs\research\ai-ethics-healthcare-vietnam\artifacts\search-rerun-01-2026-07-31\official-sources\nonlegal-portals-2026-07-31\raw\moh-dq-tool-01-site-fallback.html
4402BC37DEA678833AB181AD01D291EE58F05D5165BF95660FE66E0165202ADA,C:\Users\DELL\Documents\2. Research & Writing\dao-duc-ai-tu-gia-tri-den-van-hanh\docs\research\ai-ethics-healthcare-vietnam\artifacts\search-rerun-01-2026-07-31\official-sources\nonlegal-portals-2026-07-31\raw\moh-dq-tool-01-site-fallback.headers.txt
886DAE4237685EBC59B38E1929DBB6700484F847C12332CA0B37137864F319FA,C:\Users\DELL\Documents\2. Research & Writing\dao-duc-ai-tu-gia-tri-den-van-hanh\docs\research\ai-ethics-healthcare-vietnam\artifacts\search-rerun-01-2026-07-31\official-sources\nonlegal-portals-2026-07-31\raw\moh-dq-tool-01-site-fallback.stderr.txt
27BADC983DF1780B60C2B3FA9D3A19A00E46AAC798451F0FEBDCA52920FAADDF,C:\Users\DELL\Documents\2. Research & Writing\dao-duc-ai-tu-gia-tri-den-van-hanh\docs\research\ai-ethics-healthcare-vietnam\artifacts\search-rerun-01-2026-07-31\official-sources\nonlegal-portals-2026-07-31\raw\moh-dq-tool-01-site-fallback.httpstatus.txt
E3B0C44298FC1C149AFBF4C8996FB92427AE41E4649B934CA495991B7852B855,C:\Users\DELL\Documents\2. Research & Writing\dao-duc-ai-tu-gia-tri-den-van-hanh\docs\research\ai-ethics-healthcare-vietnam\artifacts\search-rerun-01-2026-07-31\official-sources\nonlegal-portals-2026-07-31\raw\moh-dq-tool-02-internal.headers.txt
5BD0E7EEBCEE596F183DC367C2175BDC6E3DE4842163EEF0BB790172499C40B0,C:\Users\DELL\Documents\2. Research & Writing\dao-duc-ai-tu-gia-tri-den-van-hanh\docs\research\ai-ethics-healthcare-vietnam\artifacts\search-rerun-01-2026-07-31\official-sources\nonlegal-portals-2026-07-31\raw\moh-dq-tool-02-internal.stderr.txt
2AC9A6746ACA543AF8DFF39894CFE8173AFBA21EB01C6FAE33D52947222855EF,C:\Users\DELL\Documents\2. Research & Writing\dao-duc-ai-tu-gia-tri-den-van-hanh\docs\research\ai-ethics-healthcare-vietnam\artifacts\search-rerun-01-2026-07-31\official-sources\nonlegal-portals-2026-07-31\raw\moh-dq-tool-02-internal.httpstatus.txt
E2B3CD6830A4C721FEE9A9B53580C3AFFED31A7DF02C066EDB397046EA5E0702,C:\Users\DELL\Documents\2. Research & Writing\dao-duc-ai-tu-gia-tri-den-van-hanh\docs\research\ai-ethics-healthcare-vietnam\artifacts\search-rerun-01-2026-07-31\official-sources\nonlegal-portals-2026-07-31\raw\moh-dq-tool-02-site-fallback.html
8791F05D8EA772AF4AF4B4D512A6F6F4C7B4B14D2540F86623488400E9AAA77C,C:\Users\DELL\Documents\2. Research & Writing\dao-duc-ai-tu-gia-tri-den-van-hanh\docs\research\ai-ethics-healthcare-vietnam\artifacts\search-rerun-01-2026-07-31\official-sources\nonlegal-portals-2026-07-31\raw\moh-dq-tool-02-site-fallback.headers.txt
E98FA1794AB8049A800E709E004C15CEE7C700620875C12B544DEA6A26355C9D,C:\Users\DELL\Documents\2. Research & Writing\dao-duc-ai-tu-gia-tri-den-van-hanh\docs\research\ai-ethics-healthcare-vietnam\artifacts\search-rerun-01-2026-07-31\official-sources\nonlegal-portals-2026-07-31\raw\moh-dq-tool-02-site-fallback.stderr.txt
27BADC983DF1780B60C2B3FA9D3A19A00E46AAC798451F0FEBDCA52920FAADDF,C:\Users\DELL\Documents\2. Research & Writing\dao-duc-ai-tu-gia-tri-den-van-hanh\docs\research\ai-ethics-healthcare-vietnam\artifacts\search-rerun-01-2026-07-31\official-sources\nonlegal-portals-2026-07-31\raw\moh-dq-tool-02-site-fallback.httpstatus.txt
E3B0C44298FC1C149AFBF4C8996FB92427AE41E4649B934CA495991B7852B855,C:\Users\DELL\Documents\2. Research & Writing\dao-duc-ai-tu-gia-tri-den-van-hanh\docs\research\ai-ethics-healthcare-vietnam\artifacts\search-rerun-01-2026-07-31\official-sources\nonlegal-portals-2026-07-31\raw\moh-dq-impl-04-internal.headers.txt
1EE837591305605062C2CCF9B9FE4F9E9D6B9D03BCD84DD218BB137E755945BB,C:\Users\DELL\Documents\2. Research & Writing\dao-duc-ai-tu-gia-tri-den-van-hanh\docs\research\ai-ethics-healthcare-vietnam\artifacts\search-rerun-01-2026-07-31\official-sources\nonlegal-portals-2026-07-31\raw\moh-dq-impl-04-internal.stderr.txt
2AC9A6746ACA543AF8DFF39894CFE8173AFBA21EB01C6FAE33D52947222855EF,C:\Users\DELL\Documents\2. Research & Writing\dao-duc-ai-tu-gia-tri-den-van-hanh\docs\research\ai-ethics-healthcare-vietnam\artifacts\search-rerun-01-2026-07-31\official-sources\nonlegal-portals-2026-07-31\raw\moh-dq-impl-04-internal.httpstatus.txt
8A854D29E331E9E2502B6644B21DEEC2298DD7A91EE19205ECF175120D3B92B7,C:\Users\DELL\Documents\2. Research & Writing\dao-duc-ai-tu-gia-tri-den-van-hanh\docs\research\ai-ethics-healthcare-vietnam\artifacts\search-rerun-01-2026-07-31\official-sources\nonlegal-portals-2026-07-31\raw\moh-dq-impl-04-site-fallback.html
B3298DD98D99ED233DCBF48C5E62F3197EF3FA78C70C138B93B9DCE9E34B699E,C:\Users\DELL\Documents\2. Research & Writing\dao-duc-ai-tu-gia-tri-den-van-hanh\docs\research\ai-ethics-healthcare-vietnam\artifacts\search-rerun-01-2026-07-31\official-sources\nonlegal-portals-2026-07-31\raw\moh-dq-impl-04-site-fallback.headers.txt
66FD2C514D3D6F3EC397E93624B41A47587F0C80BEC2AA9768CC1501B42BA45E,C:\Users\DELL\Documents\2. Research & Writing\dao-duc-ai-tu-gia-tri-den-van-hanh\docs\research\ai-ethics-healthcare-vietnam\artifacts\search-rerun-01-2026-07-31\official-sources\nonlegal-portals-2026-07-31\raw\moh-dq-impl-04-site-fallback.stderr.txt
27BADC983DF1780B60C2B3FA9D3A19A00E46AAC798451F0FEBDCA52920FAADDF,C:\Users\DELL\Documents\2. Research & Writing\dao-duc-ai-tu-gia-tri-den-van-hanh\docs\research\ai-ethics-healthcare-vietnam\artifacts\search-rerun-01-2026-07-31\official-sources\nonlegal-portals-2026-07-31\raw\moh-dq-impl-04-site-fallback.httpstatus.txt
E3B0C44298FC1C149AFBF4C8996FB92427AE41E4649B934CA495991B7852B855,C:\Users\DELL\Documents\2. Research & Writing\dao-duc-ai-tu-gia-tri-den-van-hanh\docs\research\ai-ethics-healthcare-vietnam\artifacts\search-rerun-01-2026-07-31\official-sources\nonlegal-portals-2026-07-31\raw\moh-dq-impl-05-internal.headers.txt
B66F38D7B0886D1B8D2CB16145C49E74EDED6BCB6A01C3559BBF7DC11537E725,C:\Users\DELL\Documents\2. Research & Writing\dao-duc-ai-tu-gia-tri-den-van-hanh\docs\research\ai-ethics-healthcare-vietnam\artifacts\search-rerun-01-2026-07-31\official-sources\nonlegal-portals-2026-07-31\raw\moh-dq-impl-05-internal.stderr.txt
2AC9A6746ACA543AF8DFF39894CFE8173AFBA21EB01C6FAE33D52947222855EF,C:\Users\DELL\Documents\2. Research & Writing\dao-duc-ai-tu-gia-tri-den-van-hanh\docs\research\ai-ethics-healthcare-vietnam\artifacts\search-rerun-01-2026-07-31\official-sources\nonlegal-portals-2026-07-31\raw\moh-dq-impl-05-internal.httpstatus.txt
E6EADB75B4ED46BBC9B1121E627835D6B1401E621BE411497E8F3EDEC10658B5,C:\Users\DELL\Documents\2. Research & Writing\dao-duc-ai-tu-gia-tri-den-van-hanh\docs\research\ai-ethics-healthcare-vietnam\artifacts\search-rerun-01-2026-07-31\official-sources\nonlegal-portals-2026-07-31\raw\moh-dq-impl-05-site-fallback.html
2D2DCD7F71DEF9D63A0DA68D77B5A7B7DAB5608D6163EE2793ED4B908D3C848D,C:\Users\DELL\Documents\2. Research & Writing\dao-duc-ai-tu-gia-tri-den-van-hanh\docs\research\ai-ethics-healthcare-vietnam\artifacts\search-rerun-01-2026-07-31\official-sources\nonlegal-portals-2026-07-31\raw\moh-dq-impl-05-site-fallback.headers.txt
E9843FD897FAF20E80AAFD0CFD29AF43C37C79790298CA3370DEF69229BADC07,C:\Users\DELL\Documents\2. Research & Writing\dao-duc-ai-tu-gia-tri-den-van-hanh\docs\research\ai-ethics-healthcare-vietnam\artifacts\search-rerun-01-2026-07-31\official-sources\nonlegal-portals-2026-07-31\raw\moh-dq-impl-05-site-fallback.stderr.txt
27BADC983DF1780B60C2B3FA9D3A19A00E46AAC798451F0FEBDCA52920FAADDF,C:\Users\DELL\Documents\2. Research & Writing\dao-duc-ai-tu-gia-tri-den-van-hanh\docs\research\ai-ethics-healthcare-vietnam\artifacts\search-rerun-01-2026-07-31\official-sources\nonlegal-portals-2026-07-31\raw\moh-dq-impl-05-site-fallback.httpstatus.txt
E3B0C44298FC1C149AFBF4C8996FB92427AE41E4649B934CA495991B7852B855,C:\Users\DELL\Documents\2. Research & Writing\dao-duc-ai-tu-gia-tri-den-van-hanh\docs\research\ai-ethics-healthcare-vietnam\artifacts\search-rerun-01-2026-07-31\official-sources\nonlegal-portals-2026-07-31\raw\moh-dq-evid-01-internal.headers.txt
22FC9CBF295D7B0A48C1111296B5B53E479B84F939194DDCFCFA4BB5D1A16D2E,C:\Users\DELL\Documents\2. Research & Writing\dao-duc-ai-tu-gia-tri-den-van-hanh\docs\research\ai-ethics-healthcare-vietnam\artifacts\search-rerun-01-2026-07-31\official-sources\nonlegal-portals-2026-07-31\raw\moh-dq-evid-01-internal.stderr.txt
2AC9A6746ACA543AF8DFF39894CFE8173AFBA21EB01C6FAE33D52947222855EF,C:\Users\DELL\Documents\2. Research & Writing\dao-duc-ai-tu-gia-tri-den-van-hanh\docs\research\ai-ethics-healthcare-vietnam\artifacts\search-rerun-01-2026-07-31\official-sources\nonlegal-portals-2026-07-31\raw\moh-dq-evid-01-internal.httpstatus.txt
B23C1FB5911F63F87B3E1AD6DA4E3B47CE3036211FC7451F14B63646436CF736,C:\Users\DELL\Documents\2. Research & Writing\dao-duc-ai-tu-gia-tri-den-van-hanh\docs\research\ai-ethics-healthcare-vietnam\artifacts\search-rerun-01-2026-07-31\official-sources\nonlegal-portals-2026-07-31\raw\moh-dq-evid-01-site-fallback.html
02657FE047A0F81AAD6DFBD2090C3FD0AAEF749DE61FBD6A46505CF83452259F,C:\Users\DELL\Documents\2. Research & Writing\dao-duc-ai-tu-gia-tri-den-van-hanh\docs\research\ai-ethics-healthcare-vietnam\artifacts\search-rerun-01-2026-07-31\official-sources\nonlegal-portals-2026-07-31\raw\moh-dq-evid-01-site-fallback.headers.txt
BE5A89A845B6D5CDFEEFD193B9E550C6CB03C0E928DB34D11A4B676B2D9421FC,C:\Users\DELL\Documents\2. Research & Writing\dao-duc-ai-tu-gia-tri-den-van-hanh\docs\research\ai-ethics-healthcare-vietnam\artifacts\search-rerun-01-2026-07-31\official-sources\nonlegal-portals-2026-07-31\raw\moh-dq-evid-01-site-fallback.stderr.txt
27BADC983DF1780B60C2B3FA9D3A19A00E46AAC798451F0FEBDCA52920FAADDF,C:\Users\DELL\Documents\2. Research & Writing\dao-duc-ai-tu-gia-tri-den-van-hanh\docs\research\ai-ethics-healthcare-vietnam\artifacts\search-rerun-01-2026-07-31\official-sources\nonlegal-portals-2026-07-31\raw\moh-dq-evid-01-site-fallback.httpstatus.txt
E3B0C44298FC1C149AFBF4C8996FB92427AE41E4649B934CA495991B7852B855,C:\Users\DELL\Documents\2. Research & Writing\dao-duc-ai-tu-gia-tri-den-van-hanh\docs\research\ai-ethics-healthcare-vietnam\artifacts\search-rerun-01-2026-07-31\official-sources\nonlegal-portals-2026-07-31\raw\moh-dq-evid-02-internal.headers.txt
24F851B5BFF9834F1BDA07CB585838811457AB0AC83DB69320A450E81F6FF86C,C:\Users\DELL\Documents\2. Research & Writing\dao-duc-ai-tu-gia-tri-den-van-hanh\docs\research\ai-ethics-healthcare-vietnam\artifacts\search-rerun-01-2026-07-31\official-sources\nonlegal-portals-2026-07-31\raw\moh-dq-evid-02-internal.stderr.txt
2AC9A6746ACA543AF8DFF39894CFE8173AFBA21EB01C6FAE33D52947222855EF,C:\Users\DELL\Documents\2. Research & Writing\dao-duc-ai-tu-gia-tri-den-van-hanh\docs\research\ai-ethics-healthcare-vietnam\artifacts\search-rerun-01-2026-07-31\official-sources\nonlegal-portals-2026-07-31\raw\moh-dq-evid-02-internal.httpstatus.txt
3E4FABEC44B30DAF976E6FA40C4A5B50CE0390494216BDC05E0D0BFA57F0C708,C:\Users\DELL\Documents\2. Research & Writing\dao-duc-ai-tu-gia-tri-den-van-hanh\docs\research\ai-ethics-healthcare-vietnam\artifacts\search-rerun-01-2026-07-31\official-sources\nonlegal-portals-2026-07-31\raw\moh-dq-evid-02-site-fallback.html
3EB5364C85CABF0EB5B62D197387C66E1EDA1E02FA578AFE32641CCE43DA8F22,C:\Users\DELL\Documents\2. Research & Writing\dao-duc-ai-tu-gia-tri-den-van-hanh\docs\research\ai-ethics-healthcare-vietnam\artifacts\search-rerun-01-2026-07-31\official-sources\nonlegal-portals-2026-07-31\raw\moh-dq-evid-02-site-fallback.headers.txt
5F10B9647E48DA0872A2E921DCD895634AD2172C5AEE886FFFFE720AA7C2850D,C:\Users\DELL\Documents\2. Research & Writing\dao-duc-ai-tu-gia-tri-den-van-hanh\docs\research\ai-ethics-healthcare-vietnam\artifacts\search-rerun-01-2026-07-31\official-sources\nonlegal-portals-2026-07-31\raw\moh-dq-evid-02-site-fallback.stderr.txt
27BADC983DF1780B60C2B3FA9D3A19A00E46AAC798451F0FEBDCA52920FAADDF,C:\Users\DELL\Documents\2. Research & Writing\dao-duc-ai-tu-gia-tri-den-van-hanh\docs\research\ai-ethics-healthcare-vietnam\artifacts\search-rerun-01-2026-07-31\official-sources\nonlegal-portals-2026-07-31\raw\moh-dq-evid-02-site-fallback.httpstatus.txt
E3B0C44298FC1C149AFBF4C8996FB92427AE41E4649B934CA495991B7852B855,C:\Users\DELL\Documents\2. Research & Writing\dao-duc-ai-tu-gia-tri-den-van-hanh\docs\research\ai-ethics-healthcare-vietnam\artifacts\search-rerun-01-2026-07-31\official-sources\nonlegal-portals-2026-07-31\raw\moh-dq-evid-03-internal.headers.txt
5BD0E7EEBCEE596F183DC367C2175BDC6E3DE4842163EEF0BB790172499C40B0,C:\Users\DELL\Documents\2. Research & Writing\dao-duc-ai-tu-gia-tri-den-van-hanh\docs\research\ai-ethics-healthcare-vietnam\artifacts\search-rerun-01-2026-07-31\official-sources\nonlegal-portals-2026-07-31\raw\moh-dq-evid-03-internal.stderr.txt
2AC9A6746ACA543AF8DFF39894CFE8173AFBA21EB01C6FAE33D52947222855EF,C:\Users\DELL\Documents\2. Research & Writing\dao-duc-ai-tu-gia-tri-den-van-hanh\docs\research\ai-ethics-healthcare-vietnam\artifacts\search-rerun-01-2026-07-31\official-sources\nonlegal-portals-2026-07-31\raw\moh-dq-evid-03-internal.httpstatus.txt
00F7B9B3D4A9BE9AF982BBFA10005AC82C5A4C06938436C43082C4BAC10A0311,C:\Users\DELL\Documents\2. Research & Writing\dao-duc-ai-tu-gia-tri-den-van-hanh\docs\research\ai-ethics-healthcare-vietnam\artifacts\search-rerun-01-2026-07-31\official-sources\nonlegal-portals-2026-07-31\raw\moh-dq-evid-03-site-fallback.html
A953D45BEAC971EB5C4EDA512A8623BE1E9F9DF33C7B0F02B408BC6E1ACDD18F,C:\Users\DELL\Documents\2. Research & Writing\dao-duc-ai-tu-gia-tri-den-van-hanh\docs\research\ai-ethics-healthcare-vietnam\artifacts\search-rerun-01-2026-07-31\official-sources\nonlegal-portals-2026-07-31\raw\moh-dq-evid-03-site-fallback.headers.txt
A08CF0E7A2A1705BEBAE12F61D7A327E6B463CC39538D4BE3DDA02A7A822F6F7,C:\Users\DELL\Documents\2. Research & Writing\dao-duc-ai-tu-gia-tri-den-van-hanh\docs\research\ai-ethics-healthcare-vietnam\artifacts\search-rerun-01-2026-07-31\official-sources\nonlegal-portals-2026-07-31\raw\moh-dq-evid-03-site-fallback.stderr.txt
27BADC983DF1780B60C2B3FA9D3A19A00E46AAC798451F0FEBDCA52920FAADDF,C:\Users\DELL\Documents\2. Research & Writing\dao-duc-ai-tu-gia-tri-den-van-hanh\docs\research\ai-ethics-healthcare-vietnam\artifacts\search-rerun-01-2026-07-31\official-sources\nonlegal-portals-2026-07-31\raw\moh-dq-evid-03-site-fallback.httpstatus.txt
E3B0C44298FC1C149AFBF4C8996FB92427AE41E4649B934CA495991B7852B855,C:\Users\DELL\Documents\2. Research & Writing\dao-duc-ai-tu-gia-tri-den-van-hanh\docs\research\ai-ethics-healthcare-vietnam\artifacts\search-rerun-01-2026-07-31\official-sources\nonlegal-portals-2026-07-31\raw\moh-dq-evid-04-internal.headers.txt
0B4F6D183A1839A81F6D5AE5DF02E42BE72A76282AA6C3C0310233CBE6189188,C:\Users\DELL\Documents\2. Research & Writing\dao-duc-ai-tu-gia-tri-den-van-hanh\docs\research\ai-ethics-healthcare-vietnam\artifacts\search-rerun-01-2026-07-31\official-sources\nonlegal-portals-2026-07-31\raw\moh-dq-evid-04-internal.stderr.txt
2AC9A6746ACA543AF8DFF39894CFE8173AFBA21EB01C6FAE33D52947222855EF,C:\Users\DELL\Documents\2. Research & Writing\dao-duc-ai-tu-gia-tri-den-van-hanh\docs\research\ai-ethics-healthcare-vietnam\artifacts\search-rerun-01-2026-07-31\official-sources\nonlegal-portals-2026-07-31\raw\moh-dq-evid-04-internal.httpstatus.txt
7A040D6FFB6250F1FDB00ADB874B1E7E928B41365D554C8DCFC09060EB802A86,C:\Users\DELL\Documents\2. Research & Writing\dao-duc-ai-tu-gia-tri-den-van-hanh\docs\research\ai-ethics-healthcare-vietnam\artifacts\search-rerun-01-2026-07-31\official-sources\nonlegal-portals-2026-07-31\raw\moh-dq-evid-04-site-fallback.html
C753D882F13F85E574489848ACDDECF1E595101BAAA0108279F4361F18FFF2CD,C:\Users\DELL\Documents\2. Research & Writing\dao-duc-ai-tu-gia-tri-den-van-hanh\docs\research\ai-ethics-healthcare-vietnam\artifacts\search-rerun-01-2026-07-31\official-sources\nonlegal-portals-2026-07-31\raw\moh-dq-evid-04-site-fallback.headers.txt
A42CEA6805D15F656D4A528CF38E8F09D3F85B3C29582F38A3D06108139F4A7E,C:\Users\DELL\Documents\2. Research & Writing\dao-duc-ai-tu-gia-tri-den-van-hanh\docs\research\ai-ethics-healthcare-vietnam\artifacts\search-rerun-01-2026-07-31\official-sources\nonlegal-portals-2026-07-31\raw\moh-dq-evid-04-site-fallback.stderr.txt
27BADC983DF1780B60C2B3FA9D3A19A00E46AAC798451F0FEBDCA52920FAADDF,C:\Users\DELL\Documents\2. Research & Writing\dao-duc-ai-tu-gia-tri-den-van-hanh\docs\research\ai-ethics-healthcare-vietnam\artifacts\search-rerun-01-2026-07-31\official-sources\nonlegal-portals-2026-07-31\raw\moh-dq-evid-04-site-fallback.httpstatus.txt
E3B0C44298FC1C149AFBF4C8996FB92427AE41E4649B934CA495991B7852B855,C:\Users\DELL\Documents\2. Research & Writing\dao-duc-ai-tu-gia-tri-den-van-hanh\docs\research\ai-ethics-healthcare-vietnam\artifacts\search-rerun-01-2026-07-31\official-sources\nonlegal-portals-2026-07-31\raw\moh-dq-evid-05-internal.headers.txt
4A6AFD13B432922A0119C281A6B1D880C554777CED6F4A68CAFB403C312DD787,C:\Users\DELL\Documents\2. Research & Writing\dao-duc-ai-tu-gia-tri-den-van-hanh\docs\research\ai-ethics-healthcare-vietnam\artifacts\search-rerun-01-2026-07-31\official-sources\nonlegal-portals-2026-07-31\raw\moh-dq-evid-05-internal.stderr.txt
2AC9A6746ACA543AF8DFF39894CFE8173AFBA21EB01C6FAE33D52947222855EF,C:\Users\DELL\Documents\2. Research & Writing\dao-duc-ai-tu-gia-tri-den-van-hanh\docs\research\ai-ethics-healthcare-vietnam\artifacts\search-rerun-01-2026-07-31\official-sources\nonlegal-portals-2026-07-31\raw\moh-dq-evid-05-internal.httpstatus.txt
245E65BFED498C3896B374E47B664D63A1F96E5CBDE45E7C41C3E871C9E14C4A,C:\Users\DELL\Documents\2. Research & Writing\dao-duc-ai-tu-gia-tri-den-van-hanh\docs\research\ai-ethics-healthcare-vietnam\artifacts\search-rerun-01-2026-07-31\official-sources\nonlegal-portals-2026-07-31\raw\moh-dq-evid-05-site-fallback.html
7875C5577DC4EEE3B0F70FBE981C2E612D4BC0B6308E160FD23EDFBA032312C6,C:\Users\DELL\Documents\2. Research & Writing\dao-duc-ai-tu-gia-tri-den-van-hanh\docs\research\ai-ethics-healthcare-vietnam\artifacts\search-rerun-01-2026-07-31\official-sources\nonlegal-portals-2026-07-31\raw\moh-dq-evid-05-site-fallback.headers.txt
64038314F50543D9762A20F56E09C954C8C793ED81A5DD801272A7A728BC494C,C:\Users\DELL\Documents\2. Research & Writing\dao-duc-ai-tu-gia-tri-den-van-hanh\docs\research\ai-ethics-healthcare-vietnam\artifacts\search-rerun-01-2026-07-31\official-sources\nonlegal-portals-2026-07-31\raw\moh-dq-evid-05-site-fallback.stderr.txt
27BADC983DF1780B60C2B3FA9D3A19A00E46AAC798451F0FEBDCA52920FAADDF,C:\Users\DELL\Documents\2. Research & Writing\dao-duc-ai-tu-gia-tri-den-van-hanh\docs\research\ai-ethics-healthcare-vietnam\artifacts\search-rerun-01-2026-07-31\official-sources\nonlegal-portals-2026-07-31\raw\moh-dq-evid-05-site-fallback.httpstatus.txt
1305EAB9E4D796F3711A27B679988BBC8D32504F6F8CB706D76EAB644C5A1225,C:\Users\DELL\Documents\2. Research & Writing\dao-duc-ai-tu-gia-tri-den-van-hanh\docs\research\ai-ethics-healthcare-vietnam\artifacts\search-rerun-01-2026-07-31\official-sources\nonlegal-portals-2026-07-31\raw\moh-astt-dq-impl-01-internal.html
2DD7FC1E45E483FFD9859FF415CAA388B16DF04AA9AD6C6199D122A332F72F53,C:\Users\DELL\Documents\2. Research & Writing\dao-duc-ai-tu-gia-tri-den-van-hanh\docs\research\ai-ethics-healthcare-vietnam\artifacts\search-rerun-01-2026-07-31\official-sources\nonlegal-portals-2026-07-31\raw\moh-astt-dq-impl-01-internal.headers.txt
15F0E1DB4ABD285A3B7AD6542B8E99AB88CD87C0BBCDFFD26838C548E1ECBFFC,C:\Users\DELL\Documents\2. Research & Writing\dao-duc-ai-tu-gia-tri-den-van-hanh\docs\research\ai-ethics-healthcare-vietnam\artifacts\search-rerun-01-2026-07-31\official-sources\nonlegal-portals-2026-07-31\raw\moh-astt-dq-impl-01-internal.stderr.txt
27BADC983DF1780B60C2B3FA9D3A19A00E46AAC798451F0FEBDCA52920FAADDF,C:\Users\DELL\Documents\2. Research & Writing\dao-duc-ai-tu-gia-tri-den-van-hanh\docs\research\ai-ethics-healthcare-vietnam\artifacts\search-rerun-01-2026-07-31\official-sources\nonlegal-portals-2026-07-31\raw\moh-astt-dq-impl-01-internal.httpstatus.txt
F675AFCC55904C65804E04CF1F97BC5DBF28ADE746EEEFEE184A2C9D1B7DEEF7,C:\Users\DELL\Documents\2. Research & Writing\dao-duc-ai-tu-gia-tri-den-van-hanh\docs\research\ai-ethics-healthcare-vietnam\artifacts\search-rerun-01-2026-07-31\official-sources\nonlegal-portals-2026-07-31\raw\moh-astt-dq-impl-02-internal.html
EFFFF0AE571A93C0186CB3DFFF8A02AC22DEFF9AF65AFA8684D1C0ACA3C9610A,C:\Users\DELL\Documents\2. Research & Writing\dao-duc-ai-tu-gia-tri-den-van-hanh\docs\research\ai-ethics-healthcare-vietnam\artifacts\search-rerun-01-2026-07-31\official-sources\nonlegal-portals-2026-07-31\raw\moh-astt-dq-impl-02-internal.headers.txt
0FE28EBB7048C5F5104B2C7E21416C0898C52016E536762B590483E0129FA506,C:\Users\DELL\Documents\2. Research & Writing\dao-duc-ai-tu-gia-tri-den-van-hanh\docs\research\ai-ethics-healthcare-vietnam\artifacts\search-rerun-01-2026-07-31\official-sources\nonlegal-portals-2026-07-31\raw\moh-astt-dq-impl-02-internal.stderr.txt
27BADC983DF1780B60C2B3FA9D3A19A00E46AAC798451F0FEBDCA52920FAADDF,C:\Users\DELL\Documents\2. Research & Writing\dao-duc-ai-tu-gia-tri-den-van-hanh\docs\research\ai-ethics-healthcare-vietnam\artifacts\search-rerun-01-2026-07-31\official-sources\nonlegal-portals-2026-07-31\raw\moh-astt-dq-impl-02-internal.httpstatus.txt
353991CBA1BE5713747A249A0302883F8CFFB978064F6FCE1AE3D36F1AD5746C,C:\Users\DELL\Documents\2. Research & Writing\dao-duc-ai-tu-gia-tri-den-van-hanh\docs\research\ai-ethics-healthcare-vietnam\artifacts\search-rerun-01-2026-07-31\official-sources\nonlegal-portals-2026-07-31\raw\moh-astt-dq-impl-03-internal.html
8EB2CCD03E53A6A7CA105F5B07EA7E3FBF8A1CB9DD9F24C28968620220404E8E,C:\Users\DELL\Documents\2. Research & Writing\dao-duc-ai-tu-gia-tri-den-van-hanh\docs\research\ai-ethics-healthcare-vietnam\artifacts\search-rerun-01-2026-07-31\official-sources\nonlegal-portals-2026-07-31\raw\moh-astt-dq-impl-03-internal.headers.txt
55E0F81FE2FEBE1B19AE7D547D0D0CF201A43C9983ADF3FAFE0FF1247BBB65CC,C:\Users\DELL\Documents\2. Research & Writing\dao-duc-ai-tu-gia-tri-den-van-hanh\docs\research\ai-ethics-healthcare-vietnam\artifacts\search-rerun-01-2026-07-31\official-sources\nonlegal-portals-2026-07-31\raw\moh-astt-dq-impl-03-internal.stderr.txt
27BADC983DF1780B60C2B3FA9D3A19A00E46AAC798451F0FEBDCA52920FAADDF,C:\Users\DELL\Documents\2. Research & Writing\dao-duc-ai-tu-gia-tri-den-van-hanh\docs\research\ai-ethics-healthcare-vietnam\artifacts\search-rerun-01-2026-07-31\official-sources\nonlegal-portals-2026-07-31\raw\moh-astt-dq-impl-03-internal.httpstatus.txt
83233D2AA26AFE1F1F126192C14CDB319A1EBF5185B580245ECC5FC06790F29E,C:\Users\DELL\Documents\2. Research & Writing\dao-duc-ai-tu-gia-tri-den-van-hanh\docs\research\ai-ethics-healthcare-vietnam\artifacts\search-rerun-01-2026-07-31\official-sources\nonlegal-portals-2026-07-31\raw\moh-astt-dq-tool-01-internal.html
B7B12822E0628DD7D94E86EAAB4C6C240659C844905E4FDFA3E933315A7060F1,C:\Users\DELL\Documents\2. Research & Writing\dao-duc-ai-tu-gia-tri-den-van-hanh\docs\research\ai-ethics-healthcare-vietnam\artifacts\search-rerun-01-2026-07-31\official-sources\nonlegal-portals-2026-07-31\raw\moh-astt-dq-tool-01-internal.headers.txt
68091C94697EA2D5A122D807365A94B8DFF47DAA86975C5736325FC28E9EA64F,C:\Users\DELL\Documents\2. Research & Writing\dao-duc-ai-tu-gia-tri-den-van-hanh\docs\research\ai-ethics-healthcare-vietnam\artifacts\search-rerun-01-2026-07-31\official-sources\nonlegal-portals-2026-07-31\raw\moh-astt-dq-tool-01-internal.stderr.txt
27BADC983DF1780B60C2B3FA9D3A19A00E46AAC798451F0FEBDCA52920FAADDF,C:\Users\DELL\Documents\2. Research & Writing\dao-duc-ai-tu-gia-tri-den-van-hanh\docs\research\ai-ethics-healthcare-vietnam\artifacts\search-rerun-01-2026-07-31\official-sources\nonlegal-portals-2026-07-31\raw\moh-astt-dq-tool-01-internal.httpstatus.txt
9563DD1842D2B6B4B72139C7B7C8E3CEB944C2E65C9ABF45D11A042F0F798227,C:\Users\DELL\Documents\2. Research & Writing\dao-duc-ai-tu-gia-tri-den-van-hanh\docs\research\ai-ethics-healthcare-vietnam\artifacts\search-rerun-01-2026-07-31\official-sources\nonlegal-portals-2026-07-31\raw\moh-astt-dq-tool-02-internal.html
CB3F42409A2B6780F252B6DBC4447B40F0208F6F879DF2C77A05CC3832837A13,C:\Users\DELL\Documents\2. Research & Writing\dao-duc-ai-tu-gia-tri-den-van-hanh\docs\research\ai-ethics-healthcare-vietnam\artifacts\search-rerun-01-2026-07-31\official-sources\nonlegal-portals-2026-07-31\raw\moh-astt-dq-tool-02-internal.headers.txt
F4F2AE475EA59242D6F177F9D30B626D0AB045755F03D6437CE62D38773240AB,C:\Users\DELL\Documents\2. Research & Writing\dao-duc-ai-tu-gia-tri-den-van-hanh\docs\research\ai-ethics-healthcare-vietnam\artifacts\search-rerun-01-2026-07-31\official-sources\nonlegal-portals-2026-07-31\raw\moh-astt-dq-tool-02-internal.stderr.txt
27BADC983DF1780B60C2B3FA9D3A19A00E46AAC798451F0FEBDCA52920FAADDF,C:\Users\DELL\Documents\2. Research & Writing\dao-duc-ai-tu-gia-tri-den-van-hanh\docs\research\ai-ethics-healthcare-vietnam\artifacts\search-rerun-01-2026-07-31\official-sources\nonlegal-portals-2026-07-31\raw\moh-astt-dq-tool-02-internal.httpstatus.txt
9534D117A0FBDE842BEB0292CF4E1187435B01590F649B47AA592A145A4E8DE8,C:\Users\DELL\Documents\2. Research & Writing\dao-duc-ai-tu-gia-tri-den-van-hanh\docs\research\ai-ethics-healthcare-vietnam\artifacts\search-rerun-01-2026-07-31\official-sources\nonlegal-portals-2026-07-31\raw\moh-astt-dq-impl-04-internal.html
C7765B0B11234A17DD5FB4C2F586C5CEE2C904E9A94B820B63312A4532E9FA03,C:\Users\DELL\Documents\2. Research & Writing\dao-duc-ai-tu-gia-tri-den-van-hanh\docs\research\ai-ethics-healthcare-vietnam\artifacts\search-rerun-01-2026-07-31\official-sources\nonlegal-portals-2026-07-31\raw\moh-astt-dq-impl-04-internal.headers.txt
5D0D9DA56751FE708AC08017C18536FE7DE51B2AA5505BFCA28DE0067C9C9AE5,C:\Users\DELL\Documents\2. Research & Writing\dao-duc-ai-tu-gia-tri-den-van-hanh\docs\research\ai-ethics-healthcare-vietnam\artifacts\search-rerun-01-2026-07-31\official-sources\nonlegal-portals-2026-07-31\raw\moh-astt-dq-impl-04-internal.stderr.txt
27BADC983DF1780B60C2B3FA9D3A19A00E46AAC798451F0FEBDCA52920FAADDF,C:\Users\DELL\Documents\2. Research & Writing\dao-duc-ai-tu-gia-tri-den-van-hanh\docs\research\ai-ethics-healthcare-vietnam\artifacts\search-rerun-01-2026-07-31\official-sources\nonlegal-portals-2026-07-31\raw\moh-astt-dq-impl-04-internal.httpstatus.txt
AE2F80448EF60024F65AC9406D261992706984B71F7466B463FAAF9B03605CE7,C:\Users\DELL\Documents\2. Research & Writing\dao-duc-ai-tu-gia-tri-den-van-hanh\docs\research\ai-ethics-healthcare-vietnam\artifacts\search-rerun-01-2026-07-31\official-sources\nonlegal-portals-2026-07-31\raw\moh-astt-dq-impl-05-internal.html
1489388E9A0006F3B6A084292C189D824EDD024FBFEF28431B036D0D8345F6DB,C:\Users\DELL\Documents\2. Research & Writing\dao-duc-ai-tu-gia-tri-den-van-hanh\docs\research\ai-ethics-healthcare-vietnam\artifacts\search-rerun-01-2026-07-31\official-sources\nonlegal-portals-2026-07-31\raw\moh-astt-dq-impl-05-internal.headers.txt
D55DD58655B2F440EBC4F4F78C66C7F75996CF6073A0BC5413C9B13609C030B4,C:\Users\DELL\Documents\2. Research & Writing\dao-duc-ai-tu-gia-tri-den-van-hanh\docs\research\ai-ethics-healthcare-vietnam\artifacts\search-rerun-01-2026-07-31\official-sources\nonlegal-portals-2026-07-31\raw\moh-astt-dq-impl-05-internal.stderr.txt
27BADC983DF1780B60C2B3FA9D3A19A00E46AAC798451F0FEBDCA52920FAADDF,C:\Users\DELL\Documents\2. Research & Writing\dao-duc-ai-tu-gia-tri-den-van-hanh\docs\research\ai-ethics-healthcare-vietnam\artifacts\search-rerun-01-2026-07-31\official-sources\nonlegal-portals-2026-07-31\raw\moh-astt-dq-impl-05-internal.httpstatus.txt
B909D76A61EA50A2D71FABFA9D550ABCFDAC3B24B5991EE4FE954088938368B2,C:\Users\DELL\Documents\2. Research & Writing\dao-duc-ai-tu-gia-tri-den-van-hanh\docs\research\ai-ethics-healthcare-vietnam\artifacts\search-rerun-01-2026-07-31\official-sources\nonlegal-portals-2026-07-31\raw\moh-astt-dq-evid-01-internal.html
036F3E4BB27D03118FFA7D77DC63A08361134063DDA122FFC6274D9113BD3EE0,C:\Users\DELL\Documents\2. Research & Writing\dao-duc-ai-tu-gia-tri-den-van-hanh\docs\research\ai-ethics-healthcare-vietnam\artifacts\search-rerun-01-2026-07-31\official-sources\nonlegal-portals-2026-07-31\raw\moh-astt-dq-evid-01-internal.headers.txt
D53A92C7908670D61B4E13B1A6383559E30FC7EF65FACD3CEBF0A0BEBAD3B245,C:\Users\DELL\Documents\2. Research & Writing\dao-duc-ai-tu-gia-tri-den-van-hanh\docs\research\ai-ethics-healthcare-vietnam\artifacts\search-rerun-01-2026-07-31\official-sources\nonlegal-portals-2026-07-31\raw\moh-astt-dq-evid-01-internal.stderr.txt
27BADC983DF1780B60C2B3FA9D3A19A00E46AAC798451F0FEBDCA52920FAADDF,C:\Users\DELL\Documents\2. Research & Writing\dao-duc-ai-tu-gia-tri-den-van-hanh\docs\research\ai-ethics-healthcare-vietnam\artifacts\search-rerun-01-2026-07-31\official-sources\nonlegal-portals-2026-07-31\raw\moh-astt-dq-evid-01-internal.httpstatus.txt
A31F5649FD079089B2DD278C929F27E9C73650913A12A601783F622F184C672F,C:\Users\DELL\Documents\2. Research & Writing\dao-duc-ai-tu-gia-tri-den-van-hanh\docs\research\ai-ethics-healthcare-vietnam\artifacts\search-rerun-01-2026-07-31\official-sources\nonlegal-portals-2026-07-31\raw\moh-astt-dq-evid-02-internal.html
98C9B8E3CA0FD0054A3BEB174DC220DC6126939483D497683FD9CABA79C3B8D5,C:\Users\DELL\Documents\2. Research & Writing\dao-duc-ai-tu-gia-tri-den-van-hanh\docs\research\ai-ethics-healthcare-vietnam\artifacts\search-rerun-01-2026-07-31\official-sources\nonlegal-portals-2026-07-31\raw\moh-astt-dq-evid-02-internal.headers.txt
2FD32A074BD117D206A35D3B5378CCADDCBEDB5C9A4076B373294C0B12B7E1BA,C:\Users\DELL\Documents\2. Research & Writing\dao-duc-ai-tu-gia-tri-den-van-hanh\docs\research\ai-ethics-healthcare-vietnam\artifacts\search-rerun-01-2026-07-31\official-sources\nonlegal-portals-2026-07-31\raw\moh-astt-dq-evid-02-internal.stderr.txt
27BADC983DF1780B60C2B3FA9D3A19A00E46AAC798451F0FEBDCA52920FAADDF,C:\Users\DELL\Documents\2. Research & Writing\dao-duc-ai-tu-gia-tri-den-van-hanh\docs\research\ai-ethics-healthcare-vietnam\artifacts\search-rerun-01-2026-07-31\official-sources\nonlegal-portals-2026-07-31\raw\moh-astt-dq-evid-02-internal.httpstatus.txt
A1092984003F51EA5E1AFD8ECD9C344B615D9371D836246D53DBEB20E544B347,C:\Users\DELL\Documents\2. Research & Writing\dao-duc-ai-tu-gia-tri-den-van-hanh\docs\research\ai-ethics-healthcare-vietnam\artifacts\search-rerun-01-2026-07-31\official-sources\nonlegal-portals-2026-07-31\raw\moh-astt-dq-evid-03-internal.html
6166230163597CF3F21256E622B069349EF7C1922558318DC0265D11E014C7F1,C:\Users\DELL\Documents\2. Research & Writing\dao-duc-ai-tu-gia-tri-den-van-hanh\docs\research\ai-ethics-healthcare-vietnam\artifacts\search-rerun-01-2026-07-31\official-sources\nonlegal-portals-2026-07-31\raw\moh-astt-dq-evid-03-internal.headers.txt
44664DF8BE1B2343A31A1B6E41A4CBFA2018FE22277E840EA87FDDB08CCD7CDA,C:\Users\DELL\Documents\2. Research & Writing\dao-duc-ai-tu-gia-tri-den-van-hanh\docs\research\ai-ethics-healthcare-vietnam\artifacts\search-rerun-01-2026-07-31\official-sources\nonlegal-portals-2026-07-31\raw\moh-astt-dq-evid-03-internal.stderr.txt
27BADC983DF1780B60C2B3FA9D3A19A00E46AAC798451F0FEBDCA52920FAADDF,C:\Users\DELL\Documents\2. Research & Writing\dao-duc-ai-tu-gia-tri-den-van-hanh\docs\research\ai-ethics-healthcare-vietnam\artifacts\search-rerun-01-2026-07-31\official-sources\nonlegal-portals-2026-07-31\raw\moh-astt-dq-evid-03-internal.httpstatus.txt
F2B0C097FBEA96C7D6364EE33D3F78EC3DD906FBC1DC02552F41EE8A82767442,C:\Users\DELL\Documents\2. Research & Writing\dao-duc-ai-tu-gia-tri-den-van-hanh\docs\research\ai-ethics-healthcare-vietnam\artifacts\search-rerun-01-2026-07-31\official-sources\nonlegal-portals-2026-07-31\raw\moh-astt-dq-evid-04-internal.html
A0BF53ACB7A05AAF312E610B1F12BF3E6F8EFC6A9AAD0ABC44C5861A6F42D3F3,C:\Users\DELL\Documents\2. Research & Writing\dao-duc-ai-tu-gia-tri-den-van-hanh\docs\research\ai-ethics-healthcare-vietnam\artifacts\search-rerun-01-2026-07-31\official-sources\nonlegal-portals-2026-07-31\raw\moh-astt-dq-evid-04-internal.headers.txt
1C4772909DAE56B3728E337E0E56A3C37364C3862BD6C5E9F449772291C09337,C:\Users\DELL\Documents\2. Research & Writing\dao-duc-ai-tu-gia-tri-den-van-hanh\docs\research\ai-ethics-healthcare-vietnam\artifacts\search-rerun-01-2026-07-31\official-sources\nonlegal-portals-2026-07-31\raw\moh-astt-dq-evid-04-internal.stderr.txt
27BADC983DF1780B60C2B3FA9D3A19A00E46AAC798451F0FEBDCA52920FAADDF,C:\Users\DELL\Documents\2. Research & Writing\dao-duc-ai-tu-gia-tri-den-van-hanh\docs\research\ai-ethics-healthcare-vietnam\artifacts\search-rerun-01-2026-07-31\official-sources\nonlegal-portals-2026-07-31\raw\moh-astt-dq-evid-04-internal.httpstatus.txt
833D743C4FA84AF0EC8C35C70E4188F56A937834B18F4F547CA20F26314C5DB1,C:\Users\DELL\Documents\2. Research & Writing\dao-duc-ai-tu-gia-tri-den-van-hanh\docs\research\ai-ethics-healthcare-vietnam\artifacts\search-rerun-01-2026-07-31\official-sources\nonlegal-portals-2026-07-31\raw\moh-astt-dq-evid-05-internal.html
EE86FF0D293194AC66D2A98C964822C8D3662B9318A4EA42801A0CA541F297C7,C:\Users\DELL\Documents\2. Research & Writing\dao-duc-ai-tu-gia-tri-den-van-hanh\docs\research\ai-ethics-healthcare-vietnam\artifacts\search-rerun-01-2026-07-31\official-sources\nonlegal-portals-2026-07-31\raw\moh-astt-dq-evid-05-internal.headers.txt
C8A513C0F0B4AE38AE11F8AC8AF47687101AF2AB4E1F35E5ED122E9C006784DC,C:\Users\DELL\Documents\2. Research & Writing\dao-duc-ai-tu-gia-tri-den-van-hanh\docs\research\ai-ethics-healthcare-vietnam\artifacts\search-rerun-01-2026-07-31\official-sources\nonlegal-portals-2026-07-31\raw\moh-astt-dq-evid-05-internal.stderr.txt
27BADC983DF1780B60C2B3FA9D3A19A00E46AAC798451F0FEBDCA52920FAADDF,C:\Users\DELL\Documents\2. Research & Writing\dao-duc-ai-tu-gia-tri-den-van-hanh\docs\research\ai-ethics-healthcare-vietnam\artifacts\search-rerun-01-2026-07-31\official-sources\nonlegal-portals-2026-07-31\raw\moh-astt-dq-evid-05-internal.httpstatus.txt
3E63EC7391F95CBFA526529F27B0B0857606F2CA2D70D78CF282544CAEF5F3FE,C:\Users\DELL\Documents\2. Research & Writing\dao-duc-ai-tu-gia-tri-den-van-hanh\docs\research\ai-ethics-healthcare-vietnam\artifacts\search-rerun-01-2026-07-31\official-sources\nonlegal-portals-2026-07-31\raw\moh-kcb-dq-impl-01-internal.html
EC9F7EFE37F6922BFA011DB023A1B37CE65509CC21985A5BDA08F0F99DBEF1E1,C:\Users\DELL\Documents\2. Research & Writing\dao-duc-ai-tu-gia-tri-den-van-hanh\docs\research\ai-ethics-healthcare-vietnam\artifacts\search-rerun-01-2026-07-31\official-sources\nonlegal-portals-2026-07-31\raw\moh-kcb-dq-impl-01-internal.headers.txt
5CB52643DF8A3C926A416B4A5EE4D496A5E0AE545E287646F01B46DE0676AE7D,C:\Users\DELL\Documents\2. Research & Writing\dao-duc-ai-tu-gia-tri-den-van-hanh\docs\research\ai-ethics-healthcare-vietnam\artifacts\search-rerun-01-2026-07-31\official-sources\nonlegal-portals-2026-07-31\raw\moh-kcb-dq-impl-01-internal.stderr.txt
27BADC983DF1780B60C2B3FA9D3A19A00E46AAC798451F0FEBDCA52920FAADDF,C:\Users\DELL\Documents\2. Research & Writing\dao-duc-ai-tu-gia-tri-den-van-hanh\docs\research\ai-ethics-healthcare-vietnam\artifacts\search-rerun-01-2026-07-31\official-sources\nonlegal-portals-2026-07-31\raw\moh-kcb-dq-impl-01-internal.httpstatus.txt
9B78B7CAC88E25B77BF88EB2716D8C2B577EBBE4A6FC413802CD4B0B44017B52,C:\Users\DELL\Documents\2. Research & Writing\dao-duc-ai-tu-gia-tri-den-van-hanh\docs\research\ai-ethics-healthcare-vietnam\artifacts\search-rerun-01-2026-07-31\official-sources\nonlegal-portals-2026-07-31\raw\moh-kcb-dq-impl-02-internal.html
1C6732EF6D884E299D4FBC2DA23900D0BA1987CB3B8003BCB30F082A8CEC0A70,C:\Users\DELL\Documents\2. Research & Writing\dao-duc-ai-tu-gia-tri-den-van-hanh\docs\research\ai-ethics-healthcare-vietnam\artifacts\search-rerun-01-2026-07-31\official-sources\nonlegal-portals-2026-07-31\raw\moh-kcb-dq-impl-02-internal.headers.txt
DE77D91E41129918F4F558DBA5493637EDAC6B2B2FF8CFFEE622737A7ED595F4,C:\Users\DELL\Documents\2. Research & Writing\dao-duc-ai-tu-gia-tri-den-van-hanh\docs\research\ai-ethics-healthcare-vietnam\artifacts\search-rerun-01-2026-07-31\official-sources\nonlegal-portals-2026-07-31\raw\moh-kcb-dq-impl-02-internal.stderr.txt
27BADC983DF1780B60C2B3FA9D3A19A00E46AAC798451F0FEBDCA52920FAADDF,C:\Users\DELL\Documents\2. Research & Writing\dao-duc-ai-tu-gia-tri-den-van-hanh\docs\research\ai-ethics-healthcare-vietnam\artifacts\search-rerun-01-2026-07-31\official-sources\nonlegal-portals-2026-07-31\raw\moh-kcb-dq-impl-02-internal.httpstatus.txt
D7BB4F4AF0ACE0B3C18E5A71F7AF03E2C9A4497F62C518BAD481195D0AB3339A,C:\Users\DELL\Documents\2. Research & Writing\dao-duc-ai-tu-gia-tri-den-van-hanh\docs\research\ai-ethics-healthcare-vietnam\artifacts\search-rerun-01-2026-07-31\official-sources\nonlegal-portals-2026-07-31\raw\moh-kcb-dq-impl-03-internal.html
BF6C0BC54B38CF7A6B5869CF62C7B820DC08CBA7EF641D2DC56053168BF0ED3F,C:\Users\DELL\Documents\2. Research & Writing\dao-duc-ai-tu-gia-tri-den-van-hanh\docs\research\ai-ethics-healthcare-vietnam\artifacts\search-rerun-01-2026-07-31\official-sources\nonlegal-portals-2026-07-31\raw\moh-kcb-dq-impl-03-internal.headers.txt
DAAAC40C21786FD5A4E01DBF31715BD317C1F6B049A67A4E234EBB4AC3577662,C:\Users\DELL\Documents\2. Research & Writing\dao-duc-ai-tu-gia-tri-den-van-hanh\docs\research\ai-ethics-healthcare-vietnam\artifacts\search-rerun-01-2026-07-31\official-sources\nonlegal-portals-2026-07-31\raw\moh-kcb-dq-impl-03-internal.stderr.txt
27BADC983DF1780B60C2B3FA9D3A19A00E46AAC798451F0FEBDCA52920FAADDF,C:\Users\DELL\Documents\2. Research & Writing\dao-duc-ai-tu-gia-tri-den-van-hanh\docs\research\ai-ethics-healthcare-vietnam\artifacts\search-rerun-01-2026-07-31\official-sources\nonlegal-portals-2026-07-31\raw\moh-kcb-dq-impl-03-internal.httpstatus.txt
EB3328A81ECD43357C166C74202930A40C87D4EF8F88055AD6199567FB9F7EFA,C:\Users\DELL\Documents\2. Research & Writing\dao-duc-ai-tu-gia-tri-den-van-hanh\docs\research\ai-ethics-healthcare-vietnam\artifacts\search-rerun-01-2026-07-31\official-sources\nonlegal-portals-2026-07-31\raw\moh-kcb-dq-tool-01-internal.html
35E459BD347AA6760F979261FE6BAE3B211B92D297705ED3F08595B5FAA1BACB,C:\Users\DELL\Documents\2. Research & Writing\dao-duc-ai-tu-gia-tri-den-van-hanh\docs\research\ai-ethics-healthcare-vietnam\artifacts\search-rerun-01-2026-07-31\official-sources\nonlegal-portals-2026-07-31\raw\moh-kcb-dq-tool-01-internal.headers.txt
94092DEE9753F4CC30E90EFAEB60C99BD9289673A293F069837C38B1E855195D,C:\Users\DELL\Documents\2. Research & Writing\dao-duc-ai-tu-gia-tri-den-van-hanh\docs\research\ai-ethics-healthcare-vietnam\artifacts\search-rerun-01-2026-07-31\official-sources\nonlegal-portals-2026-07-31\raw\moh-kcb-dq-tool-01-internal.stderr.txt
27BADC983DF1780B60C2B3FA9D3A19A00E46AAC798451F0FEBDCA52920FAADDF,C:\Users\DELL\Documents\2. Research & Writing\dao-duc-ai-tu-gia-tri-den-van-hanh\docs\research\ai-ethics-healthcare-vietnam\artifacts\search-rerun-01-2026-07-31\official-sources\nonlegal-portals-2026-07-31\raw\moh-kcb-dq-tool-01-internal.httpstatus.txt
DE191396403F96C3C5F714DFA5814C8605F1D81D739BE46E681EBDB6208ED123,C:\Users\DELL\Documents\2. Research & Writing\dao-duc-ai-tu-gia-tri-den-van-hanh\docs\research\ai-ethics-healthcare-vietnam\artifacts\search-rerun-01-2026-07-31\official-sources\nonlegal-portals-2026-07-31\raw\moh-kcb-dq-tool-02-internal.html
C6B4868972FF1DBF4D9DE3D51157691BFA0625A808526AE0B6DBCE287ED4690B,C:\Users\DELL\Documents\2. Research & Writing\dao-duc-ai-tu-gia-tri-den-van-hanh\docs\research\ai-ethics-healthcare-vietnam\artifacts\search-rerun-01-2026-07-31\official-sources\nonlegal-portals-2026-07-31\raw\moh-kcb-dq-tool-02-internal.headers.txt
F7A5A395830623026CA5E0878E543256AFC9A7453BDAC4C4759AA12E26FDFB84,C:\Users\DELL\Documents\2. Research & Writing\dao-duc-ai-tu-gia-tri-den-van-hanh\docs\research\ai-ethics-healthcare-vietnam\artifacts\search-rerun-01-2026-07-31\official-sources\nonlegal-portals-2026-07-31\raw\moh-kcb-dq-tool-02-internal.stderr.txt
27BADC983DF1780B60C2B3FA9D3A19A00E46AAC798451F0FEBDCA52920FAADDF,C:\Users\DELL\Documents\2. Research & Writing\dao-duc-ai-tu-gia-tri-den-van-hanh\docs\research\ai-ethics-healthcare-vietnam\artifacts\search-rerun-01-2026-07-31\official-sources\nonlegal-portals-2026-07-31\raw\moh-kcb-dq-tool-02-internal.httpstatus.txt
17D323FFBF5C97BBAEA0C549CD95452A3835AAD5C61B2A7B02A1CF31C5A77EC8,C:\Users\DELL\Documents\2. Research & Writing\dao-duc-ai-tu-gia-tri-den-van-hanh\docs\research\ai-ethics-healthcare-vietnam\artifacts\search-rerun-01-2026-07-31\official-sources\nonlegal-portals-2026-07-31\raw\moh-kcb-dq-impl-04-internal.html
4C32C2F5FC71389B1BEE73550A86E9B639E942AD586FBFC70A257CDDFB28E63F,C:\Users\DELL\Documents\2. Research & Writing\dao-duc-ai-tu-gia-tri-den-van-hanh\docs\research\ai-ethics-healthcare-vietnam\artifacts\search-rerun-01-2026-07-31\official-sources\nonlegal-portals-2026-07-31\raw\moh-kcb-dq-impl-04-internal.headers.txt
36D0979FE0477C895F6B86A3F4EC71C2840A90FF3548BC266B73AE3CAA554247,C:\Users\DELL\Documents\2. Research & Writing\dao-duc-ai-tu-gia-tri-den-van-hanh\docs\research\ai-ethics-healthcare-vietnam\artifacts\search-rerun-01-2026-07-31\official-sources\nonlegal-portals-2026-07-31\raw\moh-kcb-dq-impl-04-internal.stderr.txt
27BADC983DF1780B60C2B3FA9D3A19A00E46AAC798451F0FEBDCA52920FAADDF,C:\Users\DELL\Documents\2. Research & Writing\dao-duc-ai-tu-gia-tri-den-van-hanh\docs\research\ai-ethics-healthcare-vietnam\artifacts\search-rerun-01-2026-07-31\official-sources\nonlegal-portals-2026-07-31\raw\moh-kcb-dq-impl-04-internal.httpstatus.txt
12804ADC313F1B0910B56A0C01FFBD6D70BAFE58D60654CD2E7BD4369ED250D6,C:\Users\DELL\Documents\2. Research & Writing\dao-duc-ai-tu-gia-tri-den-van-hanh\docs\research\ai-ethics-healthcare-vietnam\artifacts\search-rerun-01-2026-07-31\official-sources\nonlegal-portals-2026-07-31\raw\moh-kcb-dq-impl-05-internal.html
A85AA494B44197B0BBEB135CEA126DE84CB146C2BFF3F2C1960614F29FA1B4F4,C:\Users\DELL\Documents\2. Research & Writing\dao-duc-ai-tu-gia-tri-den-van-hanh\docs\research\ai-ethics-healthcare-vietnam\artifacts\search-rerun-01-2026-07-31\official-sources\nonlegal-portals-2026-07-31\raw\moh-kcb-dq-impl-05-internal.headers.txt
4F0EDC5FDF43DAD78985FA1F6700438A0944BE2C1ECB7B43128F3A7BDB8DB2B5,C:\Users\DELL\Documents\2. Research & Writing\dao-duc-ai-tu-gia-tri-den-van-hanh\docs\research\ai-ethics-healthcare-vietnam\artifacts\search-rerun-01-2026-07-31\official-sources\nonlegal-portals-2026-07-31\raw\moh-kcb-dq-impl-05-internal.stderr.txt
27BADC983DF1780B60C2B3FA9D3A19A00E46AAC798451F0FEBDCA52920FAADDF,C:\Users\DELL\Documents\2. Research & Writing\dao-duc-ai-tu-gia-tri-den-van-hanh\docs\research\ai-ethics-healthcare-vietnam\artifacts\search-rerun-01-2026-07-31\official-sources\nonlegal-portals-2026-07-31\raw\moh-kcb-dq-impl-05-internal.httpstatus.txt
2D3EB2CFADE203C75094CEF4C753902EBAFDA040797AC9F2E1A53C1615264DB4,C:\Users\DELL\Documents\2. Research & Writing\dao-duc-ai-tu-gia-tri-den-van-hanh\docs\research\ai-ethics-healthcare-vietnam\artifacts\search-rerun-01-2026-07-31\official-sources\nonlegal-portals-2026-07-31\raw\moh-kcb-dq-evid-01-internal.html
29A31B573C8E2D254DBBD3F1693605D65E54F8602E1FDD123291786E1F971A35,C:\Users\DELL\Documents\2. Research & Writing\dao-duc-ai-tu-gia-tri-den-van-hanh\docs\research\ai-ethics-healthcare-vietnam\artifacts\search-rerun-01-2026-07-31\official-sources\nonlegal-portals-2026-07-31\raw\moh-kcb-dq-evid-01-internal.headers.txt
4E6EB577E6890ACE6962DC01FC4B5535EC9394B91D38D22840CFD06F61DFDD59,C:\Users\DELL\Documents\2. Research & Writing\dao-duc-ai-tu-gia-tri-den-van-hanh\docs\research\ai-ethics-healthcare-vietnam\artifacts\search-rerun-01-2026-07-31\official-sources\nonlegal-portals-2026-07-31\raw\moh-kcb-dq-evid-01-internal.stderr.txt
27BADC983DF1780B60C2B3FA9D3A19A00E46AAC798451F0FEBDCA52920FAADDF,C:\Users\DELL\Documents\2. Research & Writing\dao-duc-ai-tu-gia-tri-den-van-hanh\docs\research\ai-ethics-healthcare-vietnam\artifacts\search-rerun-01-2026-07-31\official-sources\nonlegal-portals-2026-07-31\raw\moh-kcb-dq-evid-01-internal.httpstatus.txt
E8ECACA2033DA020433D2A7111E13B186F8959A7DC8893845DA5674E7AC33BF9,C:\Users\DELL\Documents\2. Research & Writing\dao-duc-ai-tu-gia-tri-den-van-hanh\docs\research\ai-ethics-healthcare-vietnam\artifacts\search-rerun-01-2026-07-31\official-sources\nonlegal-portals-2026-07-31\raw\moh-kcb-dq-evid-02-internal.html
EB3C9125B1DE775E7D93DD3BF1A87EA68E4877A15B64255941B275B909599E93,C:\Users\DELL\Documents\2. Research & Writing\dao-duc-ai-tu-gia-tri-den-van-hanh\docs\research\ai-ethics-healthcare-vietnam\artifacts\search-rerun-01-2026-07-31\official-sources\nonlegal-portals-2026-07-31\raw\moh-kcb-dq-evid-02-internal.headers.txt
F53E5C519319E3B035CEF773FB69D49C0B5DEE196BDB9A8B951C0A2A8BDC9806,C:\Users\DELL\Documents\2. Research & Writing\dao-duc-ai-tu-gia-tri-den-van-hanh\docs\research\ai-ethics-healthcare-vietnam\artifacts\search-rerun-01-2026-07-31\official-sources\nonlegal-portals-2026-07-31\raw\moh-kcb-dq-evid-02-internal.stderr.txt
27BADC983DF1780B60C2B3FA9D3A19A00E46AAC798451F0FEBDCA52920FAADDF,C:\Users\DELL\Documents\2. Research & Writing\dao-duc-ai-tu-gia-tri-den-van-hanh\docs\research\ai-ethics-healthcare-vietnam\artifacts\search-rerun-01-2026-07-31\official-sources\nonlegal-portals-2026-07-31\raw\moh-kcb-dq-evid-02-internal.httpstatus.txt
59E57191AF6DBDD393713ED6EFFC042543BC613D37990ABF5B5AF9D27B123E3A,C:\Users\DELL\Documents\2. Research & Writing\dao-duc-ai-tu-gia-tri-den-van-hanh\docs\research\ai-ethics-healthcare-vietnam\artifacts\search-rerun-01-2026-07-31\official-sources\nonlegal-portals-2026-07-31\raw\moh-kcb-dq-evid-03-internal.html
29D1B04F80B5ED5F43049251FE1C4C1F8D48CDCF49F6F19FA90F0BF65AAF621A,C:\Users\DELL\Documents\2. Research & Writing\dao-duc-ai-tu-gia-tri-den-van-hanh\docs\research\ai-ethics-healthcare-vietnam\artifacts\search-rerun-01-2026-07-31\official-sources\nonlegal-portals-2026-07-31\raw\moh-kcb-dq-evid-03-internal.headers.txt
F9E507F538AB4633B945E708122E3624AE2EA097B10FF756DA13D801A4464CCB,C:\Users\DELL\Documents\2. Research & Writing\dao-duc-ai-tu-gia-tri-den-van-hanh\docs\research\ai-ethics-healthcare-vietnam\artifacts\search-rerun-01-2026-07-31\official-sources\nonlegal-portals-2026-07-31\raw\moh-kcb-dq-evid-03-internal.stderr.txt
27BADC983DF1780B60C2B3FA9D3A19A00E46AAC798451F0FEBDCA52920FAADDF,C:\Users\DELL\Documents\2. Research & Writing\dao-duc-ai-tu-gia-tri-den-van-hanh\docs\research\ai-ethics-healthcare-vietnam\artifacts\search-rerun-01-2026-07-31\official-sources\nonlegal-portals-2026-07-31\raw\moh-kcb-dq-evid-03-internal.httpstatus.txt
889E81566BEAE5C8D92418440682122BD726500241491D002B919262ADE055D2,C:\Users\DELL\Documents\2. Research & Writing\dao-duc-ai-tu-gia-tri-den-van-hanh\docs\research\ai-ethics-healthcare-vietnam\artifacts\search-rerun-01-2026-07-31\official-sources\nonlegal-portals-2026-07-31\raw\moh-kcb-dq-evid-04-internal.html
3C9F6D6AE1A58D54B611819353D18A9526794F77B2815B92F1700E332FC752B5,C:\Users\DELL\Documents\2. Research & Writing\dao-duc-ai-tu-gia-tri-den-van-hanh\docs\research\ai-ethics-healthcare-vietnam\artifacts\search-rerun-01-2026-07-31\official-sources\nonlegal-portals-2026-07-31\raw\moh-kcb-dq-evid-04-internal.headers.txt
19FEEED01EF1DEEB76088E53CC0B7BBE0B7A8285D4B344459B62CF3703D4FAEF,C:\Users\DELL\Documents\2. Research & Writing\dao-duc-ai-tu-gia-tri-den-van-hanh\docs\research\ai-ethics-healthcare-vietnam\artifacts\search-rerun-01-2026-07-31\official-sources\nonlegal-portals-2026-07-31\raw\moh-kcb-dq-evid-04-internal.stderr.txt
27BADC983DF1780B60C2B3FA9D3A19A00E46AAC798451F0FEBDCA52920FAADDF,C:\Users\DELL\Documents\2. Research & Writing\dao-duc-ai-tu-gia-tri-den-van-hanh\docs\research\ai-ethics-healthcare-vietnam\artifacts\search-rerun-01-2026-07-31\official-sources\nonlegal-portals-2026-07-31\raw\moh-kcb-dq-evid-04-internal.httpstatus.txt
EDE343E5DACE051C8620EC8D88A99CFB81E0D75CF607FA138815F9FC506E63AC,C:\Users\DELL\Documents\2. Research & Writing\dao-duc-ai-tu-gia-tri-den-van-hanh\docs\research\ai-ethics-healthcare-vietnam\artifacts\search-rerun-01-2026-07-31\official-sources\nonlegal-portals-2026-07-31\raw\moh-kcb-dq-evid-05-internal.html
1370AB82540AFDB30772AE29879C3A2D98AE1D1B9E4F30C878132A574C6354B5,C:\Users\DELL\Documents\2. Research & Writing\dao-duc-ai-tu-gia-tri-den-van-hanh\docs\research\ai-ethics-healthcare-vietnam\artifacts\search-rerun-01-2026-07-31\official-sources\nonlegal-portals-2026-07-31\raw\moh-kcb-dq-evid-05-internal.headers.txt
6B5D8EDD73DBCEC47C214FDD0F0D5FCBDC2F1B46EEEABB0379571E8BE2B2130E,C:\Users\DELL\Documents\2. Research & Writing\dao-duc-ai-tu-gia-tri-den-van-hanh\docs\research\ai-ethics-healthcare-vietnam\artifacts\search-rerun-01-2026-07-31\official-sources\nonlegal-portals-2026-07-31\raw\moh-kcb-dq-evid-05-internal.stderr.txt
27BADC983DF1780B60C2B3FA9D3A19A00E46AAC798451F0FEBDCA52920FAADDF,C:\Users\DELL\Documents\2. Research & Writing\dao-duc-ai-tu-gia-tri-den-van-hanh\docs\research\ai-ethics-healthcare-vietnam\artifacts\search-rerun-01-2026-07-31\official-sources\nonlegal-portals-2026-07-31\raw\moh-kcb-dq-evid-05-internal.httpstatus.txt
8A65219ED1869E56E4FFBA14B87E07F0DB6C209B282C684F0CC3FA664E3D3F09,C:\Users\DELL\Documents\2. Research & Writing\dao-duc-ai-tu-gia-tri-den-van-hanh\docs\research\ai-ethics-healthcare-vietnam\artifacts\search-rerun-01-2026-07-31\official-sources\nonlegal-portals-2026-07-31\raw\moh-httb-dq-impl-01-internal.html
7CB6F09D37E09A890B5D4E654BC521BB6C338E12852858EE6733A5976B81387A,C:\Users\DELL\Documents\2. Research & Writing\dao-duc-ai-tu-gia-tri-den-van-hanh\docs\research\ai-ethics-healthcare-vietnam\artifacts\search-rerun-01-2026-07-31\official-sources\nonlegal-portals-2026-07-31\raw\moh-httb-dq-impl-01-internal.headers.txt
9D7691DE8779D93E4A58CFBEDEE5C865B013F23F0076A1A7795EAD86EEAE251E,C:\Users\DELL\Documents\2. Research & Writing\dao-duc-ai-tu-gia-tri-den-van-hanh\docs\research\ai-ethics-healthcare-vietnam\artifacts\search-rerun-01-2026-07-31\official-sources\nonlegal-portals-2026-07-31\raw\moh-httb-dq-impl-01-internal.stderr.txt
27BADC983DF1780B60C2B3FA9D3A19A00E46AAC798451F0FEBDCA52920FAADDF,C:\Users\DELL\Documents\2. Research & Writing\dao-duc-ai-tu-gia-tri-den-van-hanh\docs\research\ai-ethics-healthcare-vietnam\artifacts\search-rerun-01-2026-07-31\official-sources\nonlegal-portals-2026-07-31\raw\moh-httb-dq-impl-01-internal.httpstatus.txt
C7036BE672B9E0AFD4D68BB1ADD00F54E5A4E65682EFA75D2F8019EA55ABA99D,C:\Users\DELL\Documents\2. Research & Writing\dao-duc-ai-tu-gia-tri-den-van-hanh\docs\research\ai-ethics-healthcare-vietnam\artifacts\search-rerun-01-2026-07-31\official-sources\nonlegal-portals-2026-07-31\raw\moh-httb-dq-impl-02-internal.html
D5AA1BA08C36AE8FCC4385AADFF78A1C37207300AB8A9656D155EB3386B2EBD3,C:\Users\DELL\Documents\2. Research & Writing\dao-duc-ai-tu-gia-tri-den-van-hanh\docs\research\ai-ethics-healthcare-vietnam\artifacts\search-rerun-01-2026-07-31\official-sources\nonlegal-portals-2026-07-31\raw\moh-httb-dq-impl-02-internal.headers.txt
C9E57542223D7C366065CC17F2F245CB70CF41A9DC294353BAA4B19A5E8F0402,C:\Users\DELL\Documents\2. Research & Writing\dao-duc-ai-tu-gia-tri-den-van-hanh\docs\research\ai-ethics-healthcare-vietnam\artifacts\search-rerun-01-2026-07-31\official-sources\nonlegal-portals-2026-07-31\raw\moh-httb-dq-impl-02-internal.stderr.txt
27BADC983DF1780B60C2B3FA9D3A19A00E46AAC798451F0FEBDCA52920FAADDF,C:\Users\DELL\Documents\2. Research & Writing\dao-duc-ai-tu-gia-tri-den-van-hanh\docs\research\ai-ethics-healthcare-vietnam\artifacts\search-rerun-01-2026-07-31\official-sources\nonlegal-portals-2026-07-31\raw\moh-httb-dq-impl-02-internal.httpstatus.txt
20F22092F25AF15F90C4CF3A645F0B88F1D7169755C6DE37521855D694CC8586,C:\Users\DELL\Documents\2. Research & Writing\dao-duc-ai-tu-gia-tri-den-van-hanh\docs\research\ai-ethics-healthcare-vietnam\artifacts\search-rerun-01-2026-07-31\official-sources\nonlegal-portals-2026-07-31\raw\moh-httb-dq-impl-03-internal.html
A4EC69E017D1673704C5B15CBB32C84C7CAA9A55F85273F30C0B39B37FDC3A41,C:\Users\DELL\Documents\2. Research & Writing\dao-duc-ai-tu-gia-tri-den-van-hanh\docs\research\ai-ethics-healthcare-vietnam\artifacts\search-rerun-01-2026-07-31\official-sources\nonlegal-portals-2026-07-31\raw\moh-httb-dq-impl-03-internal.headers.txt
D090C3E51092F6835437F35C080DE8A7352260049D9E9A91DB6FC94A983C5AF1,C:\Users\DELL\Documents\2. Research & Writing\dao-duc-ai-tu-gia-tri-den-van-hanh\docs\research\ai-ethics-healthcare-vietnam\artifacts\search-rerun-01-2026-07-31\official-sources\nonlegal-portals-2026-07-31\raw\moh-httb-dq-impl-03-internal.stderr.txt
27BADC983DF1780B60C2B3FA9D3A19A00E46AAC798451F0FEBDCA52920FAADDF,C:\Users\DELL\Documents\2. Research & Writing\dao-duc-ai-tu-gia-tri-den-van-hanh\docs\research\ai-ethics-healthcare-vietnam\artifacts\search-rerun-01-2026-07-31\official-sources\nonlegal-portals-2026-07-31\raw\moh-httb-dq-impl-03-internal.httpstatus.txt
B7B58B5FC262037D43DE111E3509C7480150EF912A6C0DB85CB9DFD2D98FBE20,C:\Users\DELL\Documents\2. Research & Writing\dao-duc-ai-tu-gia-tri-den-van-hanh\docs\research\ai-ethics-healthcare-vietnam\artifacts\search-rerun-01-2026-07-31\official-sources\nonlegal-portals-2026-07-31\raw\moh-httb-dq-tool-01-internal.html
002D0AA7E858C190C90E8498F5C2E86F505C62BF80CC0219D9747BCDA6BE0F83,C:\Users\DELL\Documents\2. Research & Writing\dao-duc-ai-tu-gia-tri-den-van-hanh\docs\research\ai-ethics-healthcare-vietnam\artifacts\search-rerun-01-2026-07-31\official-sources\nonlegal-portals-2026-07-31\raw\moh-httb-dq-tool-01-internal.headers.txt
BB8507745F4517A3DA3334FAE566D51A8AD9F49C9B24ECB8C2F4AC2BA309E84E,C:\Users\DELL\Documents\2. Research & Writing\dao-duc-ai-tu-gia-tri-den-van-hanh\docs\research\ai-ethics-healthcare-vietnam\artifacts\search-rerun-01-2026-07-31\official-sources\nonlegal-portals-2026-07-31\raw\moh-httb-dq-tool-01-internal.stderr.txt
27BADC983DF1780B60C2B3FA9D3A19A00E46AAC798451F0FEBDCA52920FAADDF,C:\Users\DELL\Documents\2. Research & Writing\dao-duc-ai-tu-gia-tri-den-van-hanh\docs\research\ai-ethics-healthcare-vietnam\artifacts\search-rerun-01-2026-07-31\official-sources\nonlegal-portals-2026-07-31\raw\moh-httb-dq-tool-01-internal.httpstatus.txt
7734A66246BC1E3D338522F5C64FE42E7EAC094BD257F8BB4D9B85923DC1CA61,C:\Users\DELL\Documents\2. Research & Writing\dao-duc-ai-tu-gia-tri-den-van-hanh\docs\research\ai-ethics-healthcare-vietnam\artifacts\search-rerun-01-2026-07-31\official-sources\nonlegal-portals-2026-07-31\raw\moh-httb-dq-tool-02-internal.html
848ED4ED0CA9029625BA708A5F1115FA752FEF454988D602373AF7CC6FDF8C75,C:\Users\DELL\Documents\2. Research & Writing\dao-duc-ai-tu-gia-tri-den-van-hanh\docs\research\ai-ethics-healthcare-vietnam\artifacts\search-rerun-01-2026-07-31\official-sources\nonlegal-portals-2026-07-31\raw\moh-httb-dq-tool-02-internal.headers.txt
B07352E8EC5AAAAB8695A7700473AA315F094DF205E0AE21ADC20B5DB48FD49D,C:\Users\DELL\Documents\2. Research & Writing\dao-duc-ai-tu-gia-tri-den-van-hanh\docs\research\ai-ethics-healthcare-vietnam\artifacts\search-rerun-01-2026-07-31\official-sources\nonlegal-portals-2026-07-31\raw\moh-httb-dq-tool-02-internal.stderr.txt
27BADC983DF1780B60C2B3FA9D3A19A00E46AAC798451F0FEBDCA52920FAADDF,C:\Users\DELL\Documents\2. Research & Writing\dao-duc-ai-tu-gia-tri-den-van-hanh\docs\research\ai-ethics-healthcare-vietnam\artifacts\search-rerun-01-2026-07-31\official-sources\nonlegal-portals-2026-07-31\raw\moh-httb-dq-tool-02-internal.httpstatus.txt
E51FDF4A05315D29A6800734AD8BA06CF5E645FDC4013B905B16815366DA7D70,C:\Users\DELL\Documents\2. Research & Writing\dao-duc-ai-tu-gia-tri-den-van-hanh\docs\research\ai-ethics-healthcare-vietnam\artifacts\search-rerun-01-2026-07-31\official-sources\nonlegal-portals-2026-07-31\raw\moh-httb-dq-impl-04-internal.html
A527026B53321E31E133A90CA9CA69A5ACDE2E0AA5FB649DC630FEBAF7A21E1D,C:\Users\DELL\Documents\2. Research & Writing\dao-duc-ai-tu-gia-tri-den-van-hanh\docs\research\ai-ethics-healthcare-vietnam\artifacts\search-rerun-01-2026-07-31\official-sources\nonlegal-portals-2026-07-31\raw\moh-httb-dq-impl-04-internal.headers.txt
22105BFFA0A344682E1887CDB327977B12F53E6FEE7EFD78A2E5101C180E536C,C:\Users\DELL\Documents\2. Research & Writing\dao-duc-ai-tu-gia-tri-den-van-hanh\docs\research\ai-ethics-healthcare-vietnam\artifacts\search-rerun-01-2026-07-31\official-sources\nonlegal-portals-2026-07-31\raw\moh-httb-dq-impl-04-internal.stderr.txt
27BADC983DF1780B60C2B3FA9D3A19A00E46AAC798451F0FEBDCA52920FAADDF,C:\Users\DELL\Documents\2. Research & Writing\dao-duc-ai-tu-gia-tri-den-van-hanh\docs\research\ai-ethics-healthcare-vietnam\artifacts\search-rerun-01-2026-07-31\official-sources\nonlegal-portals-2026-07-31\raw\moh-httb-dq-impl-04-internal.httpstatus.txt
1748BCA7F9A8E7660A18CB5457577D55FFFE1D9BE0356064A3796DD18A1FB121,C:\Users\DELL\Documents\2. Research & Writing\dao-duc-ai-tu-gia-tri-den-van-hanh\docs\research\ai-ethics-healthcare-vietnam\artifacts\search-rerun-01-2026-07-31\official-sources\nonlegal-portals-2026-07-31\raw\moh-httb-dq-impl-05-internal.html
99761CDBC94F5AB1E0D105BD4C7565CBFFDDDFFA62368257B5404FB3B07CD08D,C:\Users\DELL\Documents\2. Research & Writing\dao-duc-ai-tu-gia-tri-den-van-hanh\docs\research\ai-ethics-healthcare-vietnam\artifacts\search-rerun-01-2026-07-31\official-sources\nonlegal-portals-2026-07-31\raw\moh-httb-dq-impl-05-internal.headers.txt
A4CB938D8FFF11749C33F8680BD8968B4E2602FB738D23112FB1712727C8495B,C:\Users\DELL\Documents\2. Research & Writing\dao-duc-ai-tu-gia-tri-den-van-hanh\docs\research\ai-ethics-healthcare-vietnam\artifacts\search-rerun-01-2026-07-31\official-sources\nonlegal-portals-2026-07-31\raw\moh-httb-dq-impl-05-internal.stderr.txt
27BADC983DF1780B60C2B3FA9D3A19A00E46AAC798451F0FEBDCA52920FAADDF,C:\Users\DELL\Documents\2. Research & Writing\dao-duc-ai-tu-gia-tri-den-van-hanh\docs\research\ai-ethics-healthcare-vietnam\artifacts\search-rerun-01-2026-07-31\official-sources\nonlegal-portals-2026-07-31\raw\moh-httb-dq-impl-05-internal.httpstatus.txt
A76E0BA1C86348C870AE48AE31CA01F13870FC9613A085787B83EDBD3DD81C4A,C:\Users\DELL\Documents\2. Research & Writing\dao-duc-ai-tu-gia-tri-den-van-hanh\docs\research\ai-ethics-healthcare-vietnam\artifacts\search-rerun-01-2026-07-31\official-sources\nonlegal-portals-2026-07-31\raw\moh-httb-dq-evid-01-internal.html
D79A86D40FC3CAD9239B541A346983F51A06AFAB833BA0CC99DCA6CB721CFCC0,C:\Users\DELL\Documents\2. Research & Writing\dao-duc-ai-tu-gia-tri-den-van-hanh\docs\research\ai-ethics-healthcare-vietnam\artifacts\search-rerun-01-2026-07-31\official-sources\nonlegal-portals-2026-07-31\raw\moh-httb-dq-evid-01-internal.headers.txt
ED2B6167D8118CE6C49AA038F9AE7F7CCF5B9C0BBD9962913F19259F501C78C5,C:\Users\DELL\Documents\2. Research & Writing\dao-duc-ai-tu-gia-tri-den-van-hanh\docs\research\ai-ethics-healthcare-vietnam\artifacts\search-rerun-01-2026-07-31\official-sources\nonlegal-portals-2026-07-31\raw\moh-httb-dq-evid-01-internal.stderr.txt
27BADC983DF1780B60C2B3FA9D3A19A00E46AAC798451F0FEBDCA52920FAADDF,C:\Users\DELL\Documents\2. Research & Writing\dao-duc-ai-tu-gia-tri-den-van-hanh\docs\research\ai-ethics-healthcare-vietnam\artifacts\search-rerun-01-2026-07-31\official-sources\nonlegal-portals-2026-07-31\raw\moh-httb-dq-evid-01-internal.httpstatus.txt
B779574CB022B73CD1081846B5376ACB238198073ABA3FAD49CF2C1BDAA15381,C:\Users\DELL\Documents\2. Research & Writing\dao-duc-ai-tu-gia-tri-den-van-hanh\docs\research\ai-ethics-healthcare-vietnam\artifacts\search-rerun-01-2026-07-31\official-sources\nonlegal-portals-2026-07-31\raw\moh-httb-dq-evid-02-internal.html
E25BC71334C0919929CBA48675E2B261B04BCAAE14783EB96BCB462FF2827896,C:\Users\DELL\Documents\2. Research & Writing\dao-duc-ai-tu-gia-tri-den-van-hanh\docs\research\ai-ethics-healthcare-vietnam\artifacts\search-rerun-01-2026-07-31\official-sources\nonlegal-portals-2026-07-31\raw\moh-httb-dq-evid-02-internal.headers.txt
9A7E794AD228483CA79776B66DDDBEF9A1943D770ED0D3825F48D446A8B75B95,C:\Users\DELL\Documents\2. Research & Writing\dao-duc-ai-tu-gia-tri-den-van-hanh\docs\research\ai-ethics-healthcare-vietnam\artifacts\search-rerun-01-2026-07-31\official-sources\nonlegal-portals-2026-07-31\raw\moh-httb-dq-evid-02-internal.stderr.txt
27BADC983DF1780B60C2B3FA9D3A19A00E46AAC798451F0FEBDCA52920FAADDF,C:\Users\DELL\Documents\2. Research & Writing\dao-duc-ai-tu-gia-tri-den-van-hanh\docs\research\ai-ethics-healthcare-vietnam\artifacts\search-rerun-01-2026-07-31\official-sources\nonlegal-portals-2026-07-31\raw\moh-httb-dq-evid-02-internal.httpstatus.txt
CF470500341249461666D251098477703C0AA578A48007D1E66F783E40CD92F3,C:\Users\DELL\Documents\2. Research & Writing\dao-duc-ai-tu-gia-tri-den-van-hanh\docs\research\ai-ethics-healthcare-vietnam\artifacts\search-rerun-01-2026-07-31\official-sources\nonlegal-portals-2026-07-31\raw\moh-httb-dq-evid-03-internal.html
C10600BF04BB02EDBFCFE9F704213D222073CD325047ECD8B88567D01C972B6A,C:\Users\DELL\Documents\2. Research & Writing\dao-duc-ai-tu-gia-tri-den-van-hanh\docs\research\ai-ethics-healthcare-vietnam\artifacts\search-rerun-01-2026-07-31\official-sources\nonlegal-portals-2026-07-31\raw\moh-httb-dq-evid-03-internal.headers.txt
A275308D1FCECC2AE15230959D812013AD52F1195069AA40D473C66B748EF25F,C:\Users\DELL\Documents\2. Research & Writing\dao-duc-ai-tu-gia-tri-den-van-hanh\docs\research\ai-ethics-healthcare-vietnam\artifacts\search-rerun-01-2026-07-31\official-sources\nonlegal-portals-2026-07-31\raw\moh-httb-dq-evid-03-internal.stderr.txt
27BADC983DF1780B60C2B3FA9D3A19A00E46AAC798451F0FEBDCA52920FAADDF,C:\Users\DELL\Documents\2. Research & Writing\dao-duc-ai-tu-gia-tri-den-van-hanh\docs\research\ai-ethics-healthcare-vietnam\artifacts\search-rerun-01-2026-07-31\official-sources\nonlegal-portals-2026-07-31\raw\moh-httb-dq-evid-03-internal.httpstatus.txt
7F393E5B83F8A1B2FCBEA51B1982F48F0728CFEE5AA2E43ECB22280E3FE19E9C,C:\Users\DELL\Documents\2. Research & Writing\dao-duc-ai-tu-gia-tri-den-van-hanh\docs\research\ai-ethics-healthcare-vietnam\artifacts\search-rerun-01-2026-07-31\official-sources\nonlegal-portals-2026-07-31\raw\moh-httb-dq-evid-04-internal.html
47EE1E0A7E1B629D3D9D8026C78B0F2E86A9C291E3FDF0FB6AAA81DF0CDB5AE1,C:\Users\DELL\Documents\2. Research & Writing\dao-duc-ai-tu-gia-tri-den-van-hanh\docs\research\ai-ethics-healthcare-vietnam\artifacts\search-rerun-01-2026-07-31\official-sources\nonlegal-portals-2026-07-31\raw\moh-httb-dq-evid-04-internal.headers.txt
84FB549E76B42AB21702797428FD93595D6502946B0DD6468C596EE02D4E8132,C:\Users\DELL\Documents\2. Research & Writing\dao-duc-ai-tu-gia-tri-den-van-hanh\docs\research\ai-ethics-healthcare-vietnam\artifacts\search-rerun-01-2026-07-31\official-sources\nonlegal-portals-2026-07-31\raw\moh-httb-dq-evid-04-internal.stderr.txt
27BADC983DF1780B60C2B3FA9D3A19A00E46AAC798451F0FEBDCA52920FAADDF,C:\Users\DELL\Documents\2. Research & Writing\dao-duc-ai-tu-gia-tri-den-van-hanh\docs\research\ai-ethics-healthcare-vietnam\artifacts\search-rerun-01-2026-07-31\official-sources\nonlegal-portals-2026-07-31\raw\moh-httb-dq-evid-04-internal.httpstatus.txt
2784C61ED8847CF2C840A6B10DA16081182A5D2582A3885F5865D3EAB985567F,C:\Users\DELL\Documents\2. Research & Writing\dao-duc-ai-tu-gia-tri-den-van-hanh\docs\research\ai-ethics-healthcare-vietnam\artifacts\search-rerun-01-2026-07-31\official-sources\nonlegal-portals-2026-07-31\raw\moh-httb-dq-evid-05-internal.html
35319025835CD34FE6AAA42C6E3C96B7E3748D7CA8FC543F07F9B15504143B1D,C:\Users\DELL\Documents\2. Research & Writing\dao-duc-ai-tu-gia-tri-den-van-hanh\docs\research\ai-ethics-healthcare-vietnam\artifacts\search-rerun-01-2026-07-31\official-sources\nonlegal-portals-2026-07-31\raw\moh-httb-dq-evid-05-internal.headers.txt
76151FBFBE014FECE58D00904D8F56CF2DA933668550BEBEF6083073E1E8618F,C:\Users\DELL\Documents\2. Research & Writing\dao-duc-ai-tu-gia-tri-den-van-hanh\docs\research\ai-ethics-healthcare-vietnam\artifacts\search-rerun-01-2026-07-31\official-sources\nonlegal-portals-2026-07-31\raw\moh-httb-dq-evid-05-internal.stderr.txt
27BADC983DF1780B60C2B3FA9D3A19A00E46AAC798451F0FEBDCA52920FAADDF,C:\Users\DELL\Documents\2. Research & Writing\dao-duc-ai-tu-gia-tri-den-van-hanh\docs\research\ai-ethics-healthcare-vietnam\artifacts\search-rerun-01-2026-07-31\official-sources\nonlegal-portals-2026-07-31\raw\moh-httb-dq-evid-05-internal.httpstatus.txt
E3B0C44298FC1C149AFBF4C8996FB92427AE41E4649B934CA495991B7852B855,C:\Users\DELL\Documents\2. Research & Writing\dao-duc-ai-tu-gia-tri-den-van-hanh\docs\research\ai-ethics-healthcare-vietnam\artifacts\search-rerun-01-2026-07-31\official-sources\nonlegal-portals-2026-07-31\raw\moh-nhic-dq-impl-01-internal.headers.txt
22FC9CBF295D7B0A48C1111296B5B53E479B84F939194DDCFCFA4BB5D1A16D2E,C:\Users\DELL\Documents\2. Research & Writing\dao-duc-ai-tu-gia-tri-den-van-hanh\docs\research\ai-ethics-healthcare-vietnam\artifacts\search-rerun-01-2026-07-31\official-sources\nonlegal-portals-2026-07-31\raw\moh-nhic-dq-impl-01-internal.stderr.txt
2AC9A6746ACA543AF8DFF39894CFE8173AFBA21EB01C6FAE33D52947222855EF,C:\Users\DELL\Documents\2. Research & Writing\dao-duc-ai-tu-gia-tri-den-van-hanh\docs\research\ai-ethics-healthcare-vietnam\artifacts\search-rerun-01-2026-07-31\official-sources\nonlegal-portals-2026-07-31\raw\moh-nhic-dq-impl-01-internal.httpstatus.txt
CDEAA1FBEFB45B4893A7C1000736A19FDAE03824998ADB53722F9649AF7124D6,C:\Users\DELL\Documents\2. Research & Writing\dao-duc-ai-tu-gia-tri-den-van-hanh\docs\research\ai-ethics-healthcare-vietnam\artifacts\search-rerun-01-2026-07-31\official-sources\nonlegal-portals-2026-07-31\raw\moh-nhic-dq-impl-01-site-fallback.html
6B0E5CACC34CD8AF16821A2F23FD1FA638292739D7CC919B21624CC580DC4F81,C:\Users\DELL\Documents\2. Research & Writing\dao-duc-ai-tu-gia-tri-den-van-hanh\docs\research\ai-ethics-healthcare-vietnam\artifacts\search-rerun-01-2026-07-31\official-sources\nonlegal-portals-2026-07-31\raw\moh-nhic-dq-impl-01-site-fallback.headers.txt
F8B7934B2A4595D078EB9341CEA6C9A947A4403654047413636DAC79179173F0,C:\Users\DELL\Documents\2. Research & Writing\dao-duc-ai-tu-gia-tri-den-van-hanh\docs\research\ai-ethics-healthcare-vietnam\artifacts\search-rerun-01-2026-07-31\official-sources\nonlegal-portals-2026-07-31\raw\moh-nhic-dq-impl-01-site-fallback.stderr.txt
27BADC983DF1780B60C2B3FA9D3A19A00E46AAC798451F0FEBDCA52920FAADDF,C:\Users\DELL\Documents\2. Research & Writing\dao-duc-ai-tu-gia-tri-den-van-hanh\docs\research\ai-ethics-healthcare-vietnam\artifacts\search-rerun-01-2026-07-31\official-sources\nonlegal-portals-2026-07-31\raw\moh-nhic-dq-impl-01-site-fallback.httpstatus.txt
E3B0C44298FC1C149AFBF4C8996FB92427AE41E4649B934CA495991B7852B855,C:\Users\DELL\Documents\2. Research & Writing\dao-duc-ai-tu-gia-tri-den-van-hanh\docs\research\ai-ethics-healthcare-vietnam\artifacts\search-rerun-01-2026-07-31\official-sources\nonlegal-portals-2026-07-31\raw\moh-nhic-dq-impl-02-internal.headers.txt
1EE837591305605062C2CCF9B9FE4F9E9D6B9D03BCD84DD218BB137E755945BB,C:\Users\DELL\Documents\2. Research & Writing\dao-duc-ai-tu-gia-tri-den-van-hanh\docs\research\ai-ethics-healthcare-vietnam\artifacts\search-rerun-01-2026-07-31\official-sources\nonlegal-portals-2026-07-31\raw\moh-nhic-dq-impl-02-internal.stderr.txt
2AC9A6746ACA543AF8DFF39894CFE8173AFBA21EB01C6FAE33D52947222855EF,C:\Users\DELL\Documents\2. Research & Writing\dao-duc-ai-tu-gia-tri-den-van-hanh\docs\research\ai-ethics-healthcare-vietnam\artifacts\search-rerun-01-2026-07-31\official-sources\nonlegal-portals-2026-07-31\raw\moh-nhic-dq-impl-02-internal.httpstatus.txt
FC405D44DC92C54D782CB52CFF200825C831909DDE6B41F2588F1CFD741BC29D,C:\Users\DELL\Documents\2. Research & Writing\dao-duc-ai-tu-gia-tri-den-van-hanh\docs\research\ai-ethics-healthcare-vietnam\artifacts\search-rerun-01-2026-07-31\official-sources\nonlegal-portals-2026-07-31\raw\moh-nhic-dq-impl-02-site-fallback.html
3405B201396D926FFBE51339C548705B963570456BAD4D3D1302659E23B944F5,C:\Users\DELL\Documents\2. Research & Writing\dao-duc-ai-tu-gia-tri-den-van-hanh\docs\research\ai-ethics-healthcare-vietnam\artifacts\search-rerun-01-2026-07-31\official-sources\nonlegal-portals-2026-07-31\raw\moh-nhic-dq-impl-02-site-fallback.headers.txt
B40572928018F93C5AD9E2B78B23A475E422BF831EF674ECC07C68536E535590,C:\Users\DELL\Documents\2. Research & Writing\dao-duc-ai-tu-gia-tri-den-van-hanh\docs\research\ai-ethics-healthcare-vietnam\artifacts\search-rerun-01-2026-07-31\official-sources\nonlegal-portals-2026-07-31\raw\moh-nhic-dq-impl-02-site-fallback.stderr.txt
27BADC983DF1780B60C2B3FA9D3A19A00E46AAC798451F0FEBDCA52920FAADDF,C:\Users\DELL\Documents\2. Research & Writing\dao-duc-ai-tu-gia-tri-den-van-hanh\docs\research\ai-ethics-healthcare-vietnam\artifacts\search-rerun-01-2026-07-31\official-sources\nonlegal-portals-2026-07-31\raw\moh-nhic-dq-impl-02-site-fallback.httpstatus.txt
E3B0C44298FC1C149AFBF4C8996FB92427AE41E4649B934CA495991B7852B855,C:\Users\DELL\Documents\2. Research & Writing\dao-duc-ai-tu-gia-tri-den-van-hanh\docs\research\ai-ethics-healthcare-vietnam\artifacts\search-rerun-01-2026-07-31\official-sources\nonlegal-portals-2026-07-31\raw\moh-nhic-dq-impl-03-internal.headers.txt
43615B83FAB4DA1B272C20E38E1D86A3B63405396D5291F588A6F02FAD0A2451,C:\Users\DELL\Documents\2. Research & Writing\dao-duc-ai-tu-gia-tri-den-van-hanh\docs\research\ai-ethics-healthcare-vietnam\artifacts\search-rerun-01-2026-07-31\official-sources\nonlegal-portals-2026-07-31\raw\moh-nhic-dq-impl-03-internal.stderr.txt
2AC9A6746ACA543AF8DFF39894CFE8173AFBA21EB01C6FAE33D52947222855EF,C:\Users\DELL\Documents\2. Research & Writing\dao-duc-ai-tu-gia-tri-den-van-hanh\docs\research\ai-ethics-healthcare-vietnam\artifacts\search-rerun-01-2026-07-31\official-sources\nonlegal-portals-2026-07-31\raw\moh-nhic-dq-impl-03-internal.httpstatus.txt
43EF72A7B5FE5FB19DD89088B946EAAE1BC6F5CDF109FD0375D9A9732DC16DF5,C:\Users\DELL\Documents\2. Research & Writing\dao-duc-ai-tu-gia-tri-den-van-hanh\docs\research\ai-ethics-healthcare-vietnam\artifacts\search-rerun-01-2026-07-31\official-sources\nonlegal-portals-2026-07-31\raw\moh-nhic-dq-impl-03-site-fallback.html
645B7C0D1A0D373327F4698B135B7974F108D60361649A3F05E6CDED3FA5238E,C:\Users\DELL\Documents\2. Research & Writing\dao-duc-ai-tu-gia-tri-den-van-hanh\docs\research\ai-ethics-healthcare-vietnam\artifacts\search-rerun-01-2026-07-31\official-sources\nonlegal-portals-2026-07-31\raw\moh-nhic-dq-impl-03-site-fallback.headers.txt
941594F37A05C7575A5631A023F5A43CA192235A58FE7553C743C5CFEDB2EF9E,C:\Users\DELL\Documents\2. Research & Writing\dao-duc-ai-tu-gia-tri-den-van-hanh\docs\research\ai-ethics-healthcare-vietnam\artifacts\search-rerun-01-2026-07-31\official-sources\nonlegal-portals-2026-07-31\raw\moh-nhic-dq-impl-03-site-fallback.stderr.txt
27BADC983DF1780B60C2B3FA9D3A19A00E46AAC798451F0FEBDCA52920FAADDF,C:\Users\DELL\Documents\2. Research & Writing\dao-duc-ai-tu-gia-tri-den-van-hanh\docs\research\ai-ethics-healthcare-vietnam\artifacts\search-rerun-01-2026-07-31\official-sources\nonlegal-portals-2026-07-31\raw\moh-nhic-dq-impl-03-site-fallback.httpstatus.txt
E3B0C44298FC1C149AFBF4C8996FB92427AE41E4649B934CA495991B7852B855,C:\Users\DELL\Documents\2. Research & Writing\dao-duc-ai-tu-gia-tri-den-van-hanh\docs\research\ai-ethics-healthcare-vietnam\artifacts\search-rerun-01-2026-07-31\official-sources\nonlegal-portals-2026-07-31\raw\moh-nhic-dq-tool-01-internal.headers.txt
4A6AFD13B432922A0119C281A6B1D880C554777CED6F4A68CAFB403C312DD787,C:\Users\DELL\Documents\2. Research & Writing\dao-duc-ai-tu-gia-tri-den-van-hanh\docs\research\ai-ethics-healthcare-vietnam\artifacts\search-rerun-01-2026-07-31\official-sources\nonlegal-portals-2026-07-31\raw\moh-nhic-dq-tool-01-internal.stderr.txt
2AC9A6746ACA543AF8DFF39894CFE8173AFBA21EB01C6FAE33D52947222855EF,C:\Users\DELL\Documents\2. Research & Writing\dao-duc-ai-tu-gia-tri-den-van-hanh\docs\research\ai-ethics-healthcare-vietnam\artifacts\search-rerun-01-2026-07-31\official-sources\nonlegal-portals-2026-07-31\raw\moh-nhic-dq-tool-01-internal.httpstatus.txt
0D6D28F0540D91307FCBB67C12A788E4696C7E46CB1602BD828010A66F3669AD,C:\Users\DELL\Documents\2. Research & Writing\dao-duc-ai-tu-gia-tri-den-van-hanh\docs\research\ai-ethics-healthcare-vietnam\artifacts\search-rerun-01-2026-07-31\official-sources\nonlegal-portals-2026-07-31\raw\moh-nhic-dq-tool-01-site-fallback.html
074966C067606CA12633FDDEDF498EC8C6348B09621359F70A76D131048749AC,C:\Users\DELL\Documents\2. Research & Writing\dao-duc-ai-tu-gia-tri-den-van-hanh\docs\research\ai-ethics-healthcare-vietnam\artifacts\search-rerun-01-2026-07-31\official-sources\nonlegal-portals-2026-07-31\raw\moh-nhic-dq-tool-01-site-fallback.headers.txt
960F79A02806B4807AED18519E54C115EDFEE3BDB9D90A367F5CE39D1F8C2F0F,C:\Users\DELL\Documents\2. Research & Writing\dao-duc-ai-tu-gia-tri-den-van-hanh\docs\research\ai-ethics-healthcare-vietnam\artifacts\search-rerun-01-2026-07-31\official-sources\nonlegal-portals-2026-07-31\raw\moh-nhic-dq-tool-01-site-fallback.stderr.txt
27BADC983DF1780B60C2B3FA9D3A19A00E46AAC798451F0FEBDCA52920FAADDF,C:\Users\DELL\Documents\2. Research & Writing\dao-duc-ai-tu-gia-tri-den-van-hanh\docs\research\ai-ethics-healthcare-vietnam\artifacts\search-rerun-01-2026-07-31\official-sources\nonlegal-portals-2026-07-31\raw\moh-nhic-dq-tool-01-site-fallback.httpstatus.txt
E3B0C44298FC1C149AFBF4C8996FB92427AE41E4649B934CA495991B7852B855,C:\Users\DELL\Documents\2. Research & Writing\dao-duc-ai-tu-gia-tri-den-van-hanh\docs\research\ai-ethics-healthcare-vietnam\artifacts\search-rerun-01-2026-07-31\official-sources\nonlegal-portals-2026-07-31\raw\moh-nhic-dq-tool-02-internal.headers.txt
BE71D74D7D22436032ACE9F9BF1A2546FACD75BEAFE9AB39C0938D5DF6CA6679,C:\Users\DELL\Documents\2. Research & Writing\dao-duc-ai-tu-gia-tri-den-van-hanh\docs\research\ai-ethics-healthcare-vietnam\artifacts\search-rerun-01-2026-07-31\official-sources\nonlegal-portals-2026-07-31\raw\moh-nhic-dq-tool-02-internal.stderr.txt
2AC9A6746ACA543AF8DFF39894CFE8173AFBA21EB01C6FAE33D52947222855EF,C:\Users\DELL\Documents\2. Research & Writing\dao-duc-ai-tu-gia-tri-den-van-hanh\docs\research\ai-ethics-healthcare-vietnam\artifacts\search-rerun-01-2026-07-31\official-sources\nonlegal-portals-2026-07-31\raw\moh-nhic-dq-tool-02-internal.httpstatus.txt
607C44F97E1C99629A12B6BDF8E41F3696FD3838F1DBAAA3911A06ECBF7FAF74,C:\Users\DELL\Documents\2. Research & Writing\dao-duc-ai-tu-gia-tri-den-van-hanh\docs\research\ai-ethics-healthcare-vietnam\artifacts\search-rerun-01-2026-07-31\official-sources\nonlegal-portals-2026-07-31\raw\moh-nhic-dq-tool-02-site-fallback.html
B6C70132BAC6F90241DE574F7ACBBF740407C70CEE944173267BC238698AAF00,C:\Users\DELL\Documents\2. Research & Writing\dao-duc-ai-tu-gia-tri-den-van-hanh\docs\research\ai-ethics-healthcare-vietnam\artifacts\search-rerun-01-2026-07-31\official-sources\nonlegal-portals-2026-07-31\raw\moh-nhic-dq-tool-02-site-fallback.headers.txt
F29E47C0EBCB55ADC3A6212CCEC0122B8A836A415824D7D19412A7B5296A35D8,C:\Users\DELL\Documents\2. Research & Writing\dao-duc-ai-tu-gia-tri-den-van-hanh\docs\research\ai-ethics-healthcare-vietnam\artifacts\search-rerun-01-2026-07-31\official-sources\nonlegal-portals-2026-07-31\raw\moh-nhic-dq-tool-02-site-fallback.stderr.txt
27BADC983DF1780B60C2B3FA9D3A19A00E46AAC798451F0FEBDCA52920FAADDF,C:\Users\DELL\Documents\2. Research & Writing\dao-duc-ai-tu-gia-tri-den-van-hanh\docs\research\ai-ethics-healthcare-vietnam\artifacts\search-rerun-01-2026-07-31\official-sources\nonlegal-portals-2026-07-31\raw\moh-nhic-dq-tool-02-site-fallback.httpstatus.txt
E3B0C44298FC1C149AFBF4C8996FB92427AE41E4649B934CA495991B7852B855,C:\Users\DELL\Documents\2. Research & Writing\dao-duc-ai-tu-gia-tri-den-van-hanh\docs\research\ai-ethics-healthcare-vietnam\artifacts\search-rerun-01-2026-07-31\official-sources\nonlegal-portals-2026-07-31\raw\moh-nhic-dq-impl-04-internal.headers.txt
4A6AFD13B432922A0119C281A6B1D880C554777CED6F4A68CAFB403C312DD787,C:\Users\DELL\Documents\2. Research & Writing\dao-duc-ai-tu-gia-tri-den-van-hanh\docs\research\ai-ethics-healthcare-vietnam\artifacts\search-rerun-01-2026-07-31\official-sources\nonlegal-portals-2026-07-31\raw\moh-nhic-dq-impl-04-internal.stderr.txt
2AC9A6746ACA543AF8DFF39894CFE8173AFBA21EB01C6FAE33D52947222855EF,C:\Users\DELL\Documents\2. Research & Writing\dao-duc-ai-tu-gia-tri-den-van-hanh\docs\research\ai-ethics-healthcare-vietnam\artifacts\search-rerun-01-2026-07-31\official-sources\nonlegal-portals-2026-07-31\raw\moh-nhic-dq-impl-04-internal.httpstatus.txt
8B4547B5F32912BD24FD48C1F2C82183BF2D6B7830E2845DF73F660B771E49B7,C:\Users\DELL\Documents\2. Research & Writing\dao-duc-ai-tu-gia-tri-den-van-hanh\docs\research\ai-ethics-healthcare-vietnam\artifacts\search-rerun-01-2026-07-31\official-sources\nonlegal-portals-2026-07-31\raw\moh-nhic-dq-impl-04-site-fallback.html
524457FDB83C0325B525D778E141892233130A6632E736E51CA48538BEF6767A,C:\Users\DELL\Documents\2. Research & Writing\dao-duc-ai-tu-gia-tri-den-van-hanh\docs\research\ai-ethics-healthcare-vietnam\artifacts\search-rerun-01-2026-07-31\official-sources\nonlegal-portals-2026-07-31\raw\moh-nhic-dq-impl-04-site-fallback.headers.txt
3D420B41D88C7B8A68F39839F7750521CEC3454577A3B4FA3BAFA6059E8F978F,C:\Users\DELL\Documents\2. Research & Writing\dao-duc-ai-tu-gia-tri-den-van-hanh\docs\research\ai-ethics-healthcare-vietnam\artifacts\search-rerun-01-2026-07-31\official-sources\nonlegal-portals-2026-07-31\raw\moh-nhic-dq-impl-04-site-fallback.stderr.txt
27BADC983DF1780B60C2B3FA9D3A19A00E46AAC798451F0FEBDCA52920FAADDF,C:\Users\DELL\Documents\2. Research & Writing\dao-duc-ai-tu-gia-tri-den-van-hanh\docs\research\ai-ethics-healthcare-vietnam\artifacts\search-rerun-01-2026-07-31\official-sources\nonlegal-portals-2026-07-31\raw\moh-nhic-dq-impl-04-site-fallback.httpstatus.txt
E3B0C44298FC1C149AFBF4C8996FB92427AE41E4649B934CA495991B7852B855,C:\Users\DELL\Documents\2. Research & Writing\dao-duc-ai-tu-gia-tri-den-van-hanh\docs\research\ai-ethics-healthcare-vietnam\artifacts\search-rerun-01-2026-07-31\official-sources\nonlegal-portals-2026-07-31\raw\moh-nhic-dq-impl-05-internal.headers.txt
24F851B5BFF9834F1BDA07CB585838811457AB0AC83DB69320A450E81F6FF86C,C:\Users\DELL\Documents\2. Research & Writing\dao-duc-ai-tu-gia-tri-den-van-hanh\docs\research\ai-ethics-healthcare-vietnam\artifacts\search-rerun-01-2026-07-31\official-sources\nonlegal-portals-2026-07-31\raw\moh-nhic-dq-impl-05-internal.stderr.txt
2AC9A6746ACA543AF8DFF39894CFE8173AFBA21EB01C6FAE33D52947222855EF,C:\Users\DELL\Documents\2. Research & Writing\dao-duc-ai-tu-gia-tri-den-van-hanh\docs\research\ai-ethics-healthcare-vietnam\artifacts\search-rerun-01-2026-07-31\official-sources\nonlegal-portals-2026-07-31\raw\moh-nhic-dq-impl-05-internal.httpstatus.txt
A6D09D1E67B842D53289AEF6A60B440259EDB7B1A131A468B7A368F571C36924,C:\Users\DELL\Documents\2. Research & Writing\dao-duc-ai-tu-gia-tri-den-van-hanh\docs\research\ai-ethics-healthcare-vietnam\artifacts\search-rerun-01-2026-07-31\official-sources\nonlegal-portals-2026-07-31\raw\moh-nhic-dq-impl-05-site-fallback.html
B4789350FBD267C7E04D819716BFA59DDB2A5FD9C196062C115B2D8EE11A3B82,C:\Users\DELL\Documents\2. Research & Writing\dao-duc-ai-tu-gia-tri-den-van-hanh\docs\research\ai-ethics-healthcare-vietnam\artifacts\search-rerun-01-2026-07-31\official-sources\nonlegal-portals-2026-07-31\raw\moh-nhic-dq-impl-05-site-fallback.headers.txt
82550263A7463A22FA20BDFE542858E462F0B378D97F678DB3530D60AEFD240E,C:\Users\DELL\Documents\2. Research & Writing\dao-duc-ai-tu-gia-tri-den-van-hanh\docs\research\ai-ethics-healthcare-vietnam\artifacts\search-rerun-01-2026-07-31\official-sources\nonlegal-portals-2026-07-31\raw\moh-nhic-dq-impl-05-site-fallback.stderr.txt
27BADC983DF1780B60C2B3FA9D3A19A00E46AAC798451F0FEBDCA52920FAADDF,C:\Users\DELL\Documents\2. Research & Writing\dao-duc-ai-tu-gia-tri-den-van-hanh\docs\research\ai-ethics-healthcare-vietnam\artifacts\search-rerun-01-2026-07-31\official-sources\nonlegal-portals-2026-07-31\raw\moh-nhic-dq-impl-05-site-fallback.httpstatus.txt
E3B0C44298FC1C149AFBF4C8996FB92427AE41E4649B934CA495991B7852B855,C:\Users\DELL\Documents\2. Research & Writing\dao-duc-ai-tu-gia-tri-den-van-hanh\docs\research\ai-ethics-healthcare-vietnam\artifacts\search-rerun-01-2026-07-31\official-sources\nonlegal-portals-2026-07-31\raw\moh-nhic-dq-evid-01-internal.headers.txt
24F851B5BFF9834F1BDA07CB585838811457AB0AC83DB69320A450E81F6FF86C,C:\Users\DELL\Documents\2. Research & Writing\dao-duc-ai-tu-gia-tri-den-van-hanh\docs\research\ai-ethics-healthcare-vietnam\artifacts\search-rerun-01-2026-07-31\official-sources\nonlegal-portals-2026-07-31\raw\moh-nhic-dq-evid-01-internal.stderr.txt
2AC9A6746ACA543AF8DFF39894CFE8173AFBA21EB01C6FAE33D52947222855EF,C:\Users\DELL\Documents\2. Research & Writing\dao-duc-ai-tu-gia-tri-den-van-hanh\docs\research\ai-ethics-healthcare-vietnam\artifacts\search-rerun-01-2026-07-31\official-sources\nonlegal-portals-2026-07-31\raw\moh-nhic-dq-evid-01-internal.httpstatus.txt
F656086AFD977C9D7AAA970BE0C2D620E709659C9E84FBCBD5CDA0CBBAA9429D,C:\Users\DELL\Documents\2. Research & Writing\dao-duc-ai-tu-gia-tri-den-van-hanh\docs\research\ai-ethics-healthcare-vietnam\artifacts\search-rerun-01-2026-07-31\official-sources\nonlegal-portals-2026-07-31\raw\moh-nhic-dq-evid-01-site-fallback.html
AF0C07549A2B01CF9F9834FC462876E2B2522372550E4D1C0C618DF4E5F3F40C,C:\Users\DELL\Documents\2. Research & Writing\dao-duc-ai-tu-gia-tri-den-van-hanh\docs\research\ai-ethics-healthcare-vietnam\artifacts\search-rerun-01-2026-07-31\official-sources\nonlegal-portals-2026-07-31\raw\moh-nhic-dq-evid-01-site-fallback.headers.txt
44E5EB95BB1D987E2A5FE2E1EEBACDD15ACE4A47E3108ECCE796A3B9A75555B0,C:\Users\DELL\Documents\2. Research & Writing\dao-duc-ai-tu-gia-tri-den-van-hanh\docs\research\ai-ethics-healthcare-vietnam\artifacts\search-rerun-01-2026-07-31\official-sources\nonlegal-portals-2026-07-31\raw\moh-nhic-dq-evid-01-site-fallback.stderr.txt
27BADC983DF1780B60C2B3FA9D3A19A00E46AAC798451F0FEBDCA52920FAADDF,C:\Users\DELL\Documents\2. Research & Writing\dao-duc-ai-tu-gia-tri-den-van-hanh\docs\research\ai-ethics-healthcare-vietnam\artifacts\search-rerun-01-2026-07-31\official-sources\nonlegal-portals-2026-07-31\raw\moh-nhic-dq-evid-01-site-fallback.httpstatus.txt
E3B0C44298FC1C149AFBF4C8996FB92427AE41E4649B934CA495991B7852B855,C:\Users\DELL\Documents\2. Research & Writing\dao-duc-ai-tu-gia-tri-den-van-hanh\docs\research\ai-ethics-healthcare-vietnam\artifacts\search-rerun-01-2026-07-31\official-sources\nonlegal-portals-2026-07-31\raw\moh-nhic-dq-evid-02-internal.headers.txt
D51D458CE2B7FEB2CADB455466A366C78CB14A5816576BD6CAFB1EF875AB0A4C,C:\Users\DELL\Documents\2. Research & Writing\dao-duc-ai-tu-gia-tri-den-van-hanh\docs\research\ai-ethics-healthcare-vietnam\artifacts\search-rerun-01-2026-07-31\official-sources\nonlegal-portals-2026-07-31\raw\moh-nhic-dq-evid-02-internal.stderr.txt
2AC9A6746ACA543AF8DFF39894CFE8173AFBA21EB01C6FAE33D52947222855EF,C:\Users\DELL\Documents\2. Research & Writing\dao-duc-ai-tu-gia-tri-den-van-hanh\docs\research\ai-ethics-healthcare-vietnam\artifacts\search-rerun-01-2026-07-31\official-sources\nonlegal-portals-2026-07-31\raw\moh-nhic-dq-evid-02-internal.httpstatus.txt
6C75B9594775EB3E5573714D006AED752FD49C886345EF9D68D5B2F4E14C4250,C:\Users\DELL\Documents\2. Research & Writing\dao-duc-ai-tu-gia-tri-den-van-hanh\docs\research\ai-ethics-healthcare-vietnam\artifacts\search-rerun-01-2026-07-31\official-sources\nonlegal-portals-2026-07-31\raw\moh-nhic-dq-evid-02-site-fallback.html
42AE3CB882274B2BEB0BBCAF4F285BF9BF490C931B59881A49BEDE68F8FDB501,C:\Users\DELL\Documents\2. Research & Writing\dao-duc-ai-tu-gia-tri-den-van-hanh\docs\research\ai-ethics-healthcare-vietnam\artifacts\search-rerun-01-2026-07-31\official-sources\nonlegal-portals-2026-07-31\raw\moh-nhic-dq-evid-02-site-fallback.headers.txt
1217FA3EE6033E8D9356C8874E29D3A53262544BE624B104D3C3F2EAC7E53FA5,C:\Users\DELL\Documents\2. Research & Writing\dao-duc-ai-tu-gia-tri-den-van-hanh\docs\research\ai-ethics-healthcare-vietnam\artifacts\search-rerun-01-2026-07-31\official-sources\nonlegal-portals-2026-07-31\raw\moh-nhic-dq-evid-02-site-fallback.stderr.txt
27BADC983DF1780B60C2B3FA9D3A19A00E46AAC798451F0FEBDCA52920FAADDF,C:\Users\DELL\Documents\2. Research & Writing\dao-duc-ai-tu-gia-tri-den-van-hanh\docs\research\ai-ethics-healthcare-vietnam\artifacts\search-rerun-01-2026-07-31\official-sources\nonlegal-portals-2026-07-31\raw\moh-nhic-dq-evid-02-site-fallback.httpstatus.txt
E3B0C44298FC1C149AFBF4C8996FB92427AE41E4649B934CA495991B7852B855,C:\Users\DELL\Documents\2. Research & Writing\dao-duc-ai-tu-gia-tri-den-van-hanh\docs\research\ai-ethics-healthcare-vietnam\artifacts\search-rerun-01-2026-07-31\official-sources\nonlegal-portals-2026-07-31\raw\moh-nhic-dq-evid-03-internal.headers.txt
B66F38D7B0886D1B8D2CB16145C49E74EDED6BCB6A01C3559BBF7DC11537E725,C:\Users\DELL\Documents\2. Research & Writing\dao-duc-ai-tu-gia-tri-den-van-hanh\docs\research\ai-ethics-healthcare-vietnam\artifacts\search-rerun-01-2026-07-31\official-sources\nonlegal-portals-2026-07-31\raw\moh-nhic-dq-evid-03-internal.stderr.txt
2AC9A6746ACA543AF8DFF39894CFE8173AFBA21EB01C6FAE33D52947222855EF,C:\Users\DELL\Documents\2. Research & Writing\dao-duc-ai-tu-gia-tri-den-van-hanh\docs\research\ai-ethics-healthcare-vietnam\artifacts\search-rerun-01-2026-07-31\official-sources\nonlegal-portals-2026-07-31\raw\moh-nhic-dq-evid-03-internal.httpstatus.txt
3765880B76F2BE236B2D522CCA2BFB455655B6DD07232943F33E934BD116849C,C:\Users\DELL\Documents\2. Research & Writing\dao-duc-ai-tu-gia-tri-den-van-hanh\docs\research\ai-ethics-healthcare-vietnam\artifacts\search-rerun-01-2026-07-31\official-sources\nonlegal-portals-2026-07-31\raw\moh-nhic-dq-evid-03-site-fallback.html
BE967F7D2ABC8E4D8FB021F5B7BF18DE09B29CCB9D6C3F7BB55BA128660DEEDA,C:\Users\DELL\Documents\2. Research & Writing\dao-duc-ai-tu-gia-tri-den-van-hanh\docs\research\ai-ethics-healthcare-vietnam\artifacts\search-rerun-01-2026-07-31\official-sources\nonlegal-portals-2026-07-31\raw\moh-nhic-dq-evid-03-site-fallback.headers.txt
19FB656925315C9DEE564A98309A33AABB2495611B193F241A883E2638426591,C:\Users\DELL\Documents\2. Research & Writing\dao-duc-ai-tu-gia-tri-den-van-hanh\docs\research\ai-ethics-healthcare-vietnam\artifacts\search-rerun-01-2026-07-31\official-sources\nonlegal-portals-2026-07-31\raw\moh-nhic-dq-evid-03-site-fallback.stderr.txt
27BADC983DF1780B60C2B3FA9D3A19A00E46AAC798451F0FEBDCA52920FAADDF,C:\Users\DELL\Documents\2. Research & Writing\dao-duc-ai-tu-gia-tri-den-van-hanh\docs\research\ai-ethics-healthcare-vietnam\artifacts\search-rerun-01-2026-07-31\official-sources\nonlegal-portals-2026-07-31\raw\moh-nhic-dq-evid-03-site-fallback.httpstatus.txt
E3B0C44298FC1C149AFBF4C8996FB92427AE41E4649B934CA495991B7852B855,C:\Users\DELL\Documents\2. Research & Writing\dao-duc-ai-tu-gia-tri-den-van-hanh\docs\research\ai-ethics-healthcare-vietnam\artifacts\search-rerun-01-2026-07-31\official-sources\nonlegal-portals-2026-07-31\raw\moh-nhic-dq-evid-04-internal.headers.txt
E70733E3CECF8B2C3C0B4A33DAC756D24695E1BDF98683F60E801A2A27EBFFC4,C:\Users\DELL\Documents\2. Research & Writing\dao-duc-ai-tu-gia-tri-den-van-hanh\docs\research\ai-ethics-healthcare-vietnam\artifacts\search-rerun-01-2026-07-31\official-sources\nonlegal-portals-2026-07-31\raw\moh-nhic-dq-evid-04-internal.stderr.txt
2AC9A6746ACA543AF8DFF39894CFE8173AFBA21EB01C6FAE33D52947222855EF,C:\Users\DELL\Documents\2. Research & Writing\dao-duc-ai-tu-gia-tri-den-van-hanh\docs\research\ai-ethics-healthcare-vietnam\artifacts\search-rerun-01-2026-07-31\official-sources\nonlegal-portals-2026-07-31\raw\moh-nhic-dq-evid-04-internal.httpstatus.txt
82AA29893297E1BA960B575F95646C565E89B59871F85C8A3326A964AF2996F1,C:\Users\DELL\Documents\2. Research & Writing\dao-duc-ai-tu-gia-tri-den-van-hanh\docs\research\ai-ethics-healthcare-vietnam\artifacts\search-rerun-01-2026-07-31\official-sources\nonlegal-portals-2026-07-31\raw\moh-nhic-dq-evid-04-site-fallback.html
E0F98A5AEFDB7BE66444275C08F1B89FD9A07C059E527EECAAD0390C15F53EF0,C:\Users\DELL\Documents\2. Research & Writing\dao-duc-ai-tu-gia-tri-den-van-hanh\docs\research\ai-ethics-healthcare-vietnam\artifacts\search-rerun-01-2026-07-31\official-sources\nonlegal-portals-2026-07-31\raw\moh-nhic-dq-evid-04-site-fallback.headers.txt
1178DB242DDBB8AF43D55262E385C09ACFDAA1807D8CB81E9EF58FAD4E655038,C:\Users\DELL\Documents\2. Research & Writing\dao-duc-ai-tu-gia-tri-den-van-hanh\docs\research\ai-ethics-healthcare-vietnam\artifacts\search-rerun-01-2026-07-31\official-sources\nonlegal-portals-2026-07-31\raw\moh-nhic-dq-evid-04-site-fallback.stderr.txt
27BADC983DF1780B60C2B3FA9D3A19A00E46AAC798451F0FEBDCA52920FAADDF,C:\Users\DELL\Documents\2. Research & Writing\dao-duc-ai-tu-gia-tri-den-van-hanh\docs\research\ai-ethics-healthcare-vietnam\artifacts\search-rerun-01-2026-07-31\official-sources\nonlegal-portals-2026-07-31\raw\moh-nhic-dq-evid-04-site-fallback.httpstatus.txt
E3B0C44298FC1C149AFBF4C8996FB92427AE41E4649B934CA495991B7852B855,C:\Users\DELL\Documents\2. Research & Writing\dao-duc-ai-tu-gia-tri-den-van-hanh\docs\research\ai-ethics-healthcare-vietnam\artifacts\search-rerun-01-2026-07-31\official-sources\nonlegal-portals-2026-07-31\raw\moh-nhic-dq-evid-05-internal.headers.txt
EC62FA411117B3F54574D277CC4C654E9D588F85CF4DD701C35119A12B7892E8,C:\Users\DELL\Documents\2. Research & Writing\dao-duc-ai-tu-gia-tri-den-van-hanh\docs\research\ai-ethics-healthcare-vietnam\artifacts\search-rerun-01-2026-07-31\official-sources\nonlegal-portals-2026-07-31\raw\moh-nhic-dq-evid-05-internal.stderr.txt
2AC9A6746ACA543AF8DFF39894CFE8173AFBA21EB01C6FAE33D52947222855EF,C:\Users\DELL\Documents\2. Research & Writing\dao-duc-ai-tu-gia-tri-den-van-hanh\docs\research\ai-ethics-healthcare-vietnam\artifacts\search-rerun-01-2026-07-31\official-sources\nonlegal-portals-2026-07-31\raw\moh-nhic-dq-evid-05-internal.httpstatus.txt
5FC1A236824BD5EF9D33599D28901DCB04CAFFD48CCDF050FD781CDB832EB0E5,C:\Users\DELL\Documents\2. Research & Writing\dao-duc-ai-tu-gia-tri-den-van-hanh\docs\research\ai-ethics-healthcare-vietnam\artifacts\search-rerun-01-2026-07-31\official-sources\nonlegal-portals-2026-07-31\raw\moh-nhic-dq-evid-05-site-fallback.html
7B143F02675770E7BB308DD7EE2B9A1122A1D5D768865B9672DD54CC2AF61CCC,C:\Users\DELL\Documents\2. Research & Writing\dao-duc-ai-tu-gia-tri-den-van-hanh\docs\research\ai-ethics-healthcare-vietnam\artifacts\search-rerun-01-2026-07-31\official-sources\nonlegal-portals-2026-07-31\raw\moh-nhic-dq-evid-05-site-fallback.headers.txt
6C4DE650D919C3227397DE32FBA03BBAE7F6D1B8278DCD293837C6195D75E5E3,C:\Users\DELL\Documents\2. Research & Writing\dao-duc-ai-tu-gia-tri-den-van-hanh\docs\research\ai-ethics-healthcare-vietnam\artifacts\search-rerun-01-2026-07-31\official-sources\nonlegal-portals-2026-07-31\raw\moh-nhic-dq-evid-05-site-fallback.stderr.txt
27BADC983DF1780B60C2B3FA9D3A19A00E46AAC798451F0FEBDCA52920FAADDF,C:\Users\DELL\Documents\2. Research & Writing\dao-duc-ai-tu-gia-tri-den-van-hanh\docs\research\ai-ethics-healthcare-vietnam\artifacts\search-rerun-01-2026-07-31\official-sources\nonlegal-portals-2026-07-31\raw\moh-nhic-dq-evid-05-site-fallback.httpstatus.txt
E3B0C44298FC1C149AFBF4C8996FB92427AE41E4649B934CA495991B7852B855,C:\Users\DELL\Documents\2. Research & Writing\dao-duc-ai-tu-gia-tri-den-van-hanh\docs\research\ai-ethics-healthcare-vietnam\artifacts\search-rerun-01-2026-07-31\official-sources\nonlegal-portals-2026-07-31\raw\moh-pc-dq-impl-01-internal.headers.txt
5BD0E7EEBCEE596F183DC367C2175BDC6E3DE4842163EEF0BB790172499C40B0,C:\Users\DELL\Documents\2. Research & Writing\dao-duc-ai-tu-gia-tri-den-van-hanh\docs\research\ai-ethics-healthcare-vietnam\artifacts\search-rerun-01-2026-07-31\official-sources\nonlegal-portals-2026-07-31\raw\moh-pc-dq-impl-01-internal.stderr.txt
2AC9A6746ACA543AF8DFF39894CFE8173AFBA21EB01C6FAE33D52947222855EF,C:\Users\DELL\Documents\2. Research & Writing\dao-duc-ai-tu-gia-tri-den-van-hanh\docs\research\ai-ethics-healthcare-vietnam\artifacts\search-rerun-01-2026-07-31\official-sources\nonlegal-portals-2026-07-31\raw\moh-pc-dq-impl-01-internal.httpstatus.txt
D0CA9964C1FE0EACC94D11A984E3513A6774BD29AB5F60ABB06A2DE484899EF7,C:\Users\DELL\Documents\2. Research & Writing\dao-duc-ai-tu-gia-tri-den-van-hanh\docs\research\ai-ethics-healthcare-vietnam\artifacts\search-rerun-01-2026-07-31\official-sources\nonlegal-portals-2026-07-31\raw\moh-pc-dq-impl-01-site-fallback.html
380FA9F056D41DF53F100433BDE8907989DDF9DCBE653492CA1BDFACA62340AB,C:\Users\DELL\Documents\2. Research & Writing\dao-duc-ai-tu-gia-tri-den-van-hanh\docs\research\ai-ethics-healthcare-vietnam\artifacts\search-rerun-01-2026-07-31\official-sources\nonlegal-portals-2026-07-31\raw\moh-pc-dq-impl-01-site-fallback.headers.txt
288B52832CD60409CCD909109EB91E327A79A74D6950EDB91B5AE55D44BF603A,C:\Users\DELL\Documents\2. Research & Writing\dao-duc-ai-tu-gia-tri-den-van-hanh\docs\research\ai-ethics-healthcare-vietnam\artifacts\search-rerun-01-2026-07-31\official-sources\nonlegal-portals-2026-07-31\raw\moh-pc-dq-impl-01-site-fallback.stderr.txt
27BADC983DF1780B60C2B3FA9D3A19A00E46AAC798451F0FEBDCA52920FAADDF,C:\Users\DELL\Documents\2. Research & Writing\dao-duc-ai-tu-gia-tri-den-van-hanh\docs\research\ai-ethics-healthcare-vietnam\artifacts\search-rerun-01-2026-07-31\official-sources\nonlegal-portals-2026-07-31\raw\moh-pc-dq-impl-01-site-fallback.httpstatus.txt
E3B0C44298FC1C149AFBF4C8996FB92427AE41E4649B934CA495991B7852B855,C:\Users\DELL\Documents\2. Research & Writing\dao-duc-ai-tu-gia-tri-den-van-hanh\docs\research\ai-ethics-healthcare-vietnam\artifacts\search-rerun-01-2026-07-31\official-sources\nonlegal-portals-2026-07-31\raw\moh-pc-dq-impl-02-internal.headers.txt
764DDD7370E7D72DBD6BDB54FD5A681A18A432D88A20E927884FA47B8BAAFDA5,C:\Users\DELL\Documents\2. Research & Writing\dao-duc-ai-tu-gia-tri-den-van-hanh\docs\research\ai-ethics-healthcare-vietnam\artifacts\search-rerun-01-2026-07-31\official-sources\nonlegal-portals-2026-07-31\raw\moh-pc-dq-impl-02-internal.stderr.txt
2AC9A6746ACA543AF8DFF39894CFE8173AFBA21EB01C6FAE33D52947222855EF,C:\Users\DELL\Documents\2. Research & Writing\dao-duc-ai-tu-gia-tri-den-van-hanh\docs\research\ai-ethics-healthcare-vietnam\artifacts\search-rerun-01-2026-07-31\official-sources\nonlegal-portals-2026-07-31\raw\moh-pc-dq-impl-02-internal.httpstatus.txt
C48372856EE1A4E6D86910FB92CDCD6912F536517EAF0D7C9049F91B4436626B,C:\Users\DELL\Documents\2. Research & Writing\dao-duc-ai-tu-gia-tri-den-van-hanh\docs\research\ai-ethics-healthcare-vietnam\artifacts\search-rerun-01-2026-07-31\official-sources\nonlegal-portals-2026-07-31\raw\moh-pc-dq-impl-02-site-fallback.html
913165AE02B3D5E7E2A11D11EAB8D343E70430BB15AB435A75F7374DBA07D31B,C:\Users\DELL\Documents\2. Research & Writing\dao-duc-ai-tu-gia-tri-den-van-hanh\docs\research\ai-ethics-healthcare-vietnam\artifacts\search-rerun-01-2026-07-31\official-sources\nonlegal-portals-2026-07-31\raw\moh-pc-dq-impl-02-site-fallback.headers.txt
11039DF6FA8DBE4E9674FF4A368D0B8D1E4F7073292F82B5115086EA990E9E99,C:\Users\DELL\Documents\2. Research & Writing\dao-duc-ai-tu-gia-tri-den-van-hanh\docs\research\ai-ethics-healthcare-vietnam\artifacts\search-rerun-01-2026-07-31\official-sources\nonlegal-portals-2026-07-31\raw\moh-pc-dq-impl-02-site-fallback.stderr.txt
27BADC983DF1780B60C2B3FA9D3A19A00E46AAC798451F0FEBDCA52920FAADDF,C:\Users\DELL\Documents\2. Research & Writing\dao-duc-ai-tu-gia-tri-den-van-hanh\docs\research\ai-ethics-healthcare-vietnam\artifacts\search-rerun-01-2026-07-31\official-sources\nonlegal-portals-2026-07-31\raw\moh-pc-dq-impl-02-site-fallback.httpstatus.txt
E3B0C44298FC1C149AFBF4C8996FB92427AE41E4649B934CA495991B7852B855,C:\Users\DELL\Documents\2. Research & Writing\dao-duc-ai-tu-gia-tri-den-van-hanh\docs\research\ai-ethics-healthcare-vietnam\artifacts\search-rerun-01-2026-07-31\official-sources\nonlegal-portals-2026-07-31\raw\moh-pc-dq-impl-03-internal.headers.txt
24F851B5BFF9834F1BDA07CB585838811457AB0AC83DB69320A450E81F6FF86C,C:\Users\DELL\Documents\2. Research & Writing\dao-duc-ai-tu-gia-tri-den-van-hanh\docs\research\ai-ethics-healthcare-vietnam\artifacts\search-rerun-01-2026-07-31\official-sources\nonlegal-portals-2026-07-31\raw\moh-pc-dq-impl-03-internal.stderr.txt
2AC9A6746ACA543AF8DFF39894CFE8173AFBA21EB01C6FAE33D52947222855EF,C:\Users\DELL\Documents\2. Research & Writing\dao-duc-ai-tu-gia-tri-den-van-hanh\docs\research\ai-ethics-healthcare-vietnam\artifacts\search-rerun-01-2026-07-31\official-sources\nonlegal-portals-2026-07-31\raw\moh-pc-dq-impl-03-internal.httpstatus.txt
F4A81D9DBCF77EFE61C75A0C92C22D133DCA36001EDC327461C562EBCD2D5FD6,C:\Users\DELL\Documents\2. Research & Writing\dao-duc-ai-tu-gia-tri-den-van-hanh\docs\research\ai-ethics-healthcare-vietnam\artifacts\search-rerun-01-2026-07-31\official-sources\nonlegal-portals-2026-07-31\raw\moh-pc-dq-impl-03-site-fallback.html
DB2DDA957B4E59F081D51C8D089F4D59013E70E8ECDB4373F06661C6282607D4,C:\Users\DELL\Documents\2. Research & Writing\dao-duc-ai-tu-gia-tri-den-van-hanh\docs\research\ai-ethics-healthcare-vietnam\artifacts\search-rerun-01-2026-07-31\official-sources\nonlegal-portals-2026-07-31\raw\moh-pc-dq-impl-03-site-fallback.headers.txt
8F59B24B9A75E955747E5473C5AA72D2194F4A9CD13BDCE3D03A4B98C7C8E769,C:\Users\DELL\Documents\2. Research & Writing\dao-duc-ai-tu-gia-tri-den-van-hanh\docs\research\ai-ethics-healthcare-vietnam\artifacts\search-rerun-01-2026-07-31\official-sources\nonlegal-portals-2026-07-31\raw\moh-pc-dq-impl-03-site-fallback.stderr.txt
27BADC983DF1780B60C2B3FA9D3A19A00E46AAC798451F0FEBDCA52920FAADDF,C:\Users\DELL\Documents\2. Research & Writing\dao-duc-ai-tu-gia-tri-den-van-hanh\docs\research\ai-ethics-healthcare-vietnam\artifacts\search-rerun-01-2026-07-31\official-sources\nonlegal-portals-2026-07-31\raw\moh-pc-dq-impl-03-site-fallback.httpstatus.txt
E3B0C44298FC1C149AFBF4C8996FB92427AE41E4649B934CA495991B7852B855,C:\Users\DELL\Documents\2. Research & Writing\dao-duc-ai-tu-gia-tri-den-van-hanh\docs\research\ai-ethics-healthcare-vietnam\artifacts\search-rerun-01-2026-07-31\official-sources\nonlegal-portals-2026-07-31\raw\moh-pc-dq-tool-01-internal.headers.txt
49A69A65445B940BED02C1671AFCCAAC771C32D0C5686B54A7A8B785E119764D,C:\Users\DELL\Documents\2. Research & Writing\dao-duc-ai-tu-gia-tri-den-van-hanh\docs\research\ai-ethics-healthcare-vietnam\artifacts\search-rerun-01-2026-07-31\official-sources\nonlegal-portals-2026-07-31\raw\moh-pc-dq-tool-01-internal.stderr.txt
2AC9A6746ACA543AF8DFF39894CFE8173AFBA21EB01C6FAE33D52947222855EF,C:\Users\DELL\Documents\2. Research & Writing\dao-duc-ai-tu-gia-tri-den-van-hanh\docs\research\ai-ethics-healthcare-vietnam\artifacts\search-rerun-01-2026-07-31\official-sources\nonlegal-portals-2026-07-31\raw\moh-pc-dq-tool-01-internal.httpstatus.txt
D7ADD330016866EFE0178ACD2C5AA134B1A920FF8B6B7F60A6E90DD10D3DA955,C:\Users\DELL\Documents\2. Research & Writing\dao-duc-ai-tu-gia-tri-den-van-hanh\docs\research\ai-ethics-healthcare-vietnam\artifacts\search-rerun-01-2026-07-31\official-sources\nonlegal-portals-2026-07-31\raw\moh-pc-dq-tool-01-site-fallback.html
3D38701320E7EBC2626C147137137275DA5BD322742BDAF77E8C4F9716832BFF,C:\Users\DELL\Documents\2. Research & Writing\dao-duc-ai-tu-gia-tri-den-van-hanh\docs\research\ai-ethics-healthcare-vietnam\artifacts\search-rerun-01-2026-07-31\official-sources\nonlegal-portals-2026-07-31\raw\moh-pc-dq-tool-01-site-fallback.headers.txt
25617F67F770C641AF31BE309EC39593C7F9F9940112483CA2AEC562C98EA57F,C:\Users\DELL\Documents\2. Research & Writing\dao-duc-ai-tu-gia-tri-den-van-hanh\docs\research\ai-ethics-healthcare-vietnam\artifacts\search-rerun-01-2026-07-31\official-sources\nonlegal-portals-2026-07-31\raw\moh-pc-dq-tool-01-site-fallback.stderr.txt
27BADC983DF1780B60C2B3FA9D3A19A00E46AAC798451F0FEBDCA52920FAADDF,C:\Users\DELL\Documents\2. Research & Writing\dao-duc-ai-tu-gia-tri-den-van-hanh\docs\research\ai-ethics-healthcare-vietnam\artifacts\search-rerun-01-2026-07-31\official-sources\nonlegal-portals-2026-07-31\raw\moh-pc-dq-tool-01-site-fallback.httpstatus.txt
E3B0C44298FC1C149AFBF4C8996FB92427AE41E4649B934CA495991B7852B855,C:\Users\DELL\Documents\2. Research & Writing\dao-duc-ai-tu-gia-tri-den-van-hanh\docs\research\ai-ethics-healthcare-vietnam\artifacts\search-rerun-01-2026-07-31\official-sources\nonlegal-portals-2026-07-31\raw\moh-pc-dq-tool-02-internal.headers.txt
EC62FA411117B3F54574D277CC4C654E9D588F85CF4DD701C35119A12B7892E8,C:\Users\DELL\Documents\2. Research & Writing\dao-duc-ai-tu-gia-tri-den-van-hanh\docs\research\ai-ethics-healthcare-vietnam\artifacts\search-rerun-01-2026-07-31\official-sources\nonlegal-portals-2026-07-31\raw\moh-pc-dq-tool-02-internal.stderr.txt
2AC9A6746ACA543AF8DFF39894CFE8173AFBA21EB01C6FAE33D52947222855EF,C:\Users\DELL\Documents\2. Research & Writing\dao-duc-ai-tu-gia-tri-den-van-hanh\docs\research\ai-ethics-healthcare-vietnam\artifacts\search-rerun-01-2026-07-31\official-sources\nonlegal-portals-2026-07-31\raw\moh-pc-dq-tool-02-internal.httpstatus.txt
09F9CF0C36C87DDD717B024200F4F3825998E87EB01037BDFFCDDFC89583BC36,C:\Users\DELL\Documents\2. Research & Writing\dao-duc-ai-tu-gia-tri-den-van-hanh\docs\research\ai-ethics-healthcare-vietnam\artifacts\search-rerun-01-2026-07-31\official-sources\nonlegal-portals-2026-07-31\raw\moh-pc-dq-tool-02-site-fallback.html
F34C0782505FE6D2385B4CB24BADDEDC0401734B8ED8C026925EADC192026CE8,C:\Users\DELL\Documents\2. Research & Writing\dao-duc-ai-tu-gia-tri-den-van-hanh\docs\research\ai-ethics-healthcare-vietnam\artifacts\search-rerun-01-2026-07-31\official-sources\nonlegal-portals-2026-07-31\raw\moh-pc-dq-tool-02-site-fallback.headers.txt
597A8950C19B93BC01B9084ACAF0A1A2369AAC4709E15BBDC3CFE35B64263553,C:\Users\DELL\Documents\2. Research & Writing\dao-duc-ai-tu-gia-tri-den-van-hanh\docs\research\ai-ethics-healthcare-vietnam\artifacts\search-rerun-01-2026-07-31\official-sources\nonlegal-portals-2026-07-31\raw\moh-pc-dq-tool-02-site-fallback.stderr.txt
27BADC983DF1780B60C2B3FA9D3A19A00E46AAC798451F0FEBDCA52920FAADDF,C:\Users\DELL\Documents\2. Research & Writing\dao-duc-ai-tu-gia-tri-den-van-hanh\docs\research\ai-ethics-healthcare-vietnam\artifacts\search-rerun-01-2026-07-31\official-sources\nonlegal-portals-2026-07-31\raw\moh-pc-dq-tool-02-site-fallback.httpstatus.txt
E3B0C44298FC1C149AFBF4C8996FB92427AE41E4649B934CA495991B7852B855,C:\Users\DELL\Documents\2. Research & Writing\dao-duc-ai-tu-gia-tri-den-van-hanh\docs\research\ai-ethics-healthcare-vietnam\artifacts\search-rerun-01-2026-07-31\official-sources\nonlegal-portals-2026-07-31\raw\moh-pc-dq-impl-04-internal.headers.txt
22FC9CBF295D7B0A48C1111296B5B53E479B84F939194DDCFCFA4BB5D1A16D2E,C:\Users\DELL\Documents\2. Research & Writing\dao-duc-ai-tu-gia-tri-den-van-hanh\docs\research\ai-ethics-healthcare-vietnam\artifacts\search-rerun-01-2026-07-31\official-sources\nonlegal-portals-2026-07-31\raw\moh-pc-dq-impl-04-internal.stderr.txt
2AC9A6746ACA543AF8DFF39894CFE8173AFBA21EB01C6FAE33D52947222855EF,C:\Users\DELL\Documents\2. Research & Writing\dao-duc-ai-tu-gia-tri-den-van-hanh\docs\research\ai-ethics-healthcare-vietnam\artifacts\search-rerun-01-2026-07-31\official-sources\nonlegal-portals-2026-07-31\raw\moh-pc-dq-impl-04-internal.httpstatus.txt
3267C5190467537B29FE5AC5D67E18946D4C81B410C623155E8B89112176FCAF,C:\Users\DELL\Documents\2. Research & Writing\dao-duc-ai-tu-gia-tri-den-van-hanh\docs\research\ai-ethics-healthcare-vietnam\artifacts\search-rerun-01-2026-07-31\official-sources\nonlegal-portals-2026-07-31\raw\moh-pc-dq-impl-04-site-fallback.html
C80BB96FE6C063185AFFFB09AF898A61FCBB2A10AF47C2A4E4F502F90625C9DF,C:\Users\DELL\Documents\2. Research & Writing\dao-duc-ai-tu-gia-tri-den-van-hanh\docs\research\ai-ethics-healthcare-vietnam\artifacts\search-rerun-01-2026-07-31\official-sources\nonlegal-portals-2026-07-31\raw\moh-pc-dq-impl-04-site-fallback.headers.txt
E316E3B0A9555F72671DD30C633127C68EBC8B1DD192F1D625765EE16C88F537,C:\Users\DELL\Documents\2. Research & Writing\dao-duc-ai-tu-gia-tri-den-van-hanh\docs\research\ai-ethics-healthcare-vietnam\artifacts\search-rerun-01-2026-07-31\official-sources\nonlegal-portals-2026-07-31\raw\moh-pc-dq-impl-04-site-fallback.stderr.txt
27BADC983DF1780B60C2B3FA9D3A19A00E46AAC798451F0FEBDCA52920FAADDF,C:\Users\DELL\Documents\2. Research & Writing\dao-duc-ai-tu-gia-tri-den-van-hanh\docs\research\ai-ethics-healthcare-vietnam\artifacts\search-rerun-01-2026-07-31\official-sources\nonlegal-portals-2026-07-31\raw\moh-pc-dq-impl-04-site-fallback.httpstatus.txt
E3B0C44298FC1C149AFBF4C8996FB92427AE41E4649B934CA495991B7852B855,C:\Users\DELL\Documents\2. Research & Writing\dao-duc-ai-tu-gia-tri-den-van-hanh\docs\research\ai-ethics-healthcare-vietnam\artifacts\search-rerun-01-2026-07-31\official-sources\nonlegal-portals-2026-07-31\raw\moh-pc-dq-impl-05-internal.headers.txt
43615B83FAB4DA1B272C20E38E1D86A3B63405396D5291F588A6F02FAD0A2451,C:\Users\DELL\Documents\2. Research & Writing\dao-duc-ai-tu-gia-tri-den-van-hanh\docs\research\ai-ethics-healthcare-vietnam\artifacts\search-rerun-01-2026-07-31\official-sources\nonlegal-portals-2026-07-31\raw\moh-pc-dq-impl-05-internal.stderr.txt
2AC9A6746ACA543AF8DFF39894CFE8173AFBA21EB01C6FAE33D52947222855EF,C:\Users\DELL\Documents\2. Research & Writing\dao-duc-ai-tu-gia-tri-den-van-hanh\docs\research\ai-ethics-healthcare-vietnam\artifacts\search-rerun-01-2026-07-31\official-sources\nonlegal-portals-2026-07-31\raw\moh-pc-dq-impl-05-internal.httpstatus.txt
95FA711AF0DD7832B123D052697AB47F565F6255C9E67D496CFE5A49AFB55B64,C:\Users\DELL\Documents\2. Research & Writing\dao-duc-ai-tu-gia-tri-den-van-hanh\docs\research\ai-ethics-healthcare-vietnam\artifacts\search-rerun-01-2026-07-31\official-sources\nonlegal-portals-2026-07-31\raw\moh-pc-dq-impl-05-site-fallback.html
DA97EE271AAF05C33B3278508B7F646AF034CF640E14A2DF3A6170F4DECD86D2,C:\Users\DELL\Documents\2. Research & Writing\dao-duc-ai-tu-gia-tri-den-van-hanh\docs\research\ai-ethics-healthcare-vietnam\artifacts\search-rerun-01-2026-07-31\official-sources\nonlegal-portals-2026-07-31\raw\moh-pc-dq-impl-05-site-fallback.headers.txt
2BF6D24A79D11703AB846C544E3E22F30F08AEFB563CFEBA24F6F19A6BF40FFB,C:\Users\DELL\Documents\2. Research & Writing\dao-duc-ai-tu-gia-tri-den-van-hanh\docs\research\ai-ethics-healthcare-vietnam\artifacts\search-rerun-01-2026-07-31\official-sources\nonlegal-portals-2026-07-31\raw\moh-pc-dq-impl-05-site-fallback.stderr.txt
27BADC983DF1780B60C2B3FA9D3A19A00E46AAC798451F0FEBDCA52920FAADDF,C:\Users\DELL\Documents\2. Research & Writing\dao-duc-ai-tu-gia-tri-den-van-hanh\docs\research\ai-ethics-healthcare-vietnam\artifacts\search-rerun-01-2026-07-31\official-sources\nonlegal-portals-2026-07-31\raw\moh-pc-dq-impl-05-site-fallback.httpstatus.txt
E3B0C44298FC1C149AFBF4C8996FB92427AE41E4649B934CA495991B7852B855,C:\Users\DELL\Documents\2. Research & Writing\dao-duc-ai-tu-gia-tri-den-van-hanh\docs\research\ai-ethics-healthcare-vietnam\artifacts\search-rerun-01-2026-07-31\official-sources\nonlegal-portals-2026-07-31\raw\moh-pc-dq-evid-01-internal.headers.txt
24F851B5BFF9834F1BDA07CB585838811457AB0AC83DB69320A450E81F6FF86C,C:\Users\DELL\Documents\2. Research & Writing\dao-duc-ai-tu-gia-tri-den-van-hanh\docs\research\ai-ethics-healthcare-vietnam\artifacts\search-rerun-01-2026-07-31\official-sources\nonlegal-portals-2026-07-31\raw\moh-pc-dq-evid-01-internal.stderr.txt
2AC9A6746ACA543AF8DFF39894CFE8173AFBA21EB01C6FAE33D52947222855EF,C:\Users\DELL\Documents\2. Research & Writing\dao-duc-ai-tu-gia-tri-den-van-hanh\docs\research\ai-ethics-healthcare-vietnam\artifacts\search-rerun-01-2026-07-31\official-sources\nonlegal-portals-2026-07-31\raw\moh-pc-dq-evid-01-internal.httpstatus.txt
BE0CD5D3F50A08F3774A9D9137983AFB41915C4E090ABE88096FD171C291D307,C:\Users\DELL\Documents\2. Research & Writing\dao-duc-ai-tu-gia-tri-den-van-hanh\docs\research\ai-ethics-healthcare-vietnam\artifacts\search-rerun-01-2026-07-31\official-sources\nonlegal-portals-2026-07-31\raw\moh-pc-dq-evid-01-site-fallback.html
7668ABD4523626E0101B490886DD5368CA3CA8BF806AB49FDCAFDA286BB83426,C:\Users\DELL\Documents\2. Research & Writing\dao-duc-ai-tu-gia-tri-den-van-hanh\docs\research\ai-ethics-healthcare-vietnam\artifacts\search-rerun-01-2026-07-31\official-sources\nonlegal-portals-2026-07-31\raw\moh-pc-dq-evid-01-site-fallback.headers.txt
5F035417DACB68246C366AFC197C3C708BA55567EC988B2C56F06011AE9D6020,C:\Users\DELL\Documents\2. Research & Writing\dao-duc-ai-tu-gia-tri-den-van-hanh\docs\research\ai-ethics-healthcare-vietnam\artifacts\search-rerun-01-2026-07-31\official-sources\nonlegal-portals-2026-07-31\raw\moh-pc-dq-evid-01-site-fallback.stderr.txt
27BADC983DF1780B60C2B3FA9D3A19A00E46AAC798451F0FEBDCA52920FAADDF,C:\Users\DELL\Documents\2. Research & Writing\dao-duc-ai-tu-gia-tri-den-van-hanh\docs\research\ai-ethics-healthcare-vietnam\artifacts\search-rerun-01-2026-07-31\official-sources\nonlegal-portals-2026-07-31\raw\moh-pc-dq-evid-01-site-fallback.httpstatus.txt
E3B0C44298FC1C149AFBF4C8996FB92427AE41E4649B934CA495991B7852B855,C:\Users\DELL\Documents\2. Research & Writing\dao-duc-ai-tu-gia-tri-den-van-hanh\docs\research\ai-ethics-healthcare-vietnam\artifacts\search-rerun-01-2026-07-31\official-sources\nonlegal-portals-2026-07-31\raw\moh-pc-dq-evid-02-internal.headers.txt
4A6AFD13B432922A0119C281A6B1D880C554777CED6F4A68CAFB403C312DD787,C:\Users\DELL\Documents\2. Research & Writing\dao-duc-ai-tu-gia-tri-den-van-hanh\docs\research\ai-ethics-healthcare-vietnam\artifacts\search-rerun-01-2026-07-31\official-sources\nonlegal-portals-2026-07-31\raw\moh-pc-dq-evid-02-internal.stderr.txt
2AC9A6746ACA543AF8DFF39894CFE8173AFBA21EB01C6FAE33D52947222855EF,C:\Users\DELL\Documents\2. Research & Writing\dao-duc-ai-tu-gia-tri-den-van-hanh\docs\research\ai-ethics-healthcare-vietnam\artifacts\search-rerun-01-2026-07-31\official-sources\nonlegal-portals-2026-07-31\raw\moh-pc-dq-evid-02-internal.httpstatus.txt
B7FA55845A459F71E2A347F8ED2D1DEFEDB056FD78492B62990F06707F86C081,C:\Users\DELL\Documents\2. Research & Writing\dao-duc-ai-tu-gia-tri-den-van-hanh\docs\research\ai-ethics-healthcare-vietnam\artifacts\search-rerun-01-2026-07-31\official-sources\nonlegal-portals-2026-07-31\raw\moh-pc-dq-evid-02-site-fallback.html
0F1662A2633DF319E2BAF30E8499C785B80EE743E8D84A281AFA30485A43873F,C:\Users\DELL\Documents\2. Research & Writing\dao-duc-ai-tu-gia-tri-den-van-hanh\docs\research\ai-ethics-healthcare-vietnam\artifacts\search-rerun-01-2026-07-31\official-sources\nonlegal-portals-2026-07-31\raw\moh-pc-dq-evid-02-site-fallback.headers.txt
D0277AF9CAB220B56662B74FD7E55D08EC5FB81C80B5ED15BDA5DC6222B581FF,C:\Users\DELL\Documents\2. Research & Writing\dao-duc-ai-tu-gia-tri-den-van-hanh\docs\research\ai-ethics-healthcare-vietnam\artifacts\search-rerun-01-2026-07-31\official-sources\nonlegal-portals-2026-07-31\raw\moh-pc-dq-evid-02-site-fallback.stderr.txt
27BADC983DF1780B60C2B3FA9D3A19A00E46AAC798451F0FEBDCA52920FAADDF,C:\Users\DELL\Documents\2. Research & Writing\dao-duc-ai-tu-gia-tri-den-van-hanh\docs\research\ai-ethics-healthcare-vietnam\artifacts\search-rerun-01-2026-07-31\official-sources\nonlegal-portals-2026-07-31\raw\moh-pc-dq-evid-02-site-fallback.httpstatus.txt
E3B0C44298FC1C149AFBF4C8996FB92427AE41E4649B934CA495991B7852B855,C:\Users\DELL\Documents\2. Research & Writing\dao-duc-ai-tu-gia-tri-den-van-hanh\docs\research\ai-ethics-healthcare-vietnam\artifacts\search-rerun-01-2026-07-31\official-sources\nonlegal-portals-2026-07-31\raw\moh-pc-dq-evid-03-internal.headers.txt
EC62FA411117B3F54574D277CC4C654E9D588F85CF4DD701C35119A12B7892E8,C:\Users\DELL\Documents\2. Research & Writing\dao-duc-ai-tu-gia-tri-den-van-hanh\docs\research\ai-ethics-healthcare-vietnam\artifacts\search-rerun-01-2026-07-31\official-sources\nonlegal-portals-2026-07-31\raw\moh-pc-dq-evid-03-internal.stderr.txt
2AC9A6746ACA543AF8DFF39894CFE8173AFBA21EB01C6FAE33D52947222855EF,C:\Users\DELL\Documents\2. Research & Writing\dao-duc-ai-tu-gia-tri-den-van-hanh\docs\research\ai-ethics-healthcare-vietnam\artifacts\search-rerun-01-2026-07-31\official-sources\nonlegal-portals-2026-07-31\raw\moh-pc-dq-evid-03-internal.httpstatus.txt
51A3B7D38E6EC429B148428629438AC00E03A11DBC0A9A38E94E72A813C77A55,C:\Users\DELL\Documents\2. Research & Writing\dao-duc-ai-tu-gia-tri-den-van-hanh\docs\research\ai-ethics-healthcare-vietnam\artifacts\search-rerun-01-2026-07-31\official-sources\nonlegal-portals-2026-07-31\raw\moh-pc-dq-evid-03-site-fallback.html
CE1C997F74E7FA03ACA66E34C2574148752B1FFB39D82AE09CC263A805561BE9,C:\Users\DELL\Documents\2. Research & Writing\dao-duc-ai-tu-gia-tri-den-van-hanh\docs\research\ai-ethics-healthcare-vietnam\artifacts\search-rerun-01-2026-07-31\official-sources\nonlegal-portals-2026-07-31\raw\moh-pc-dq-evid-03-site-fallback.headers.txt
E675392AE090BD266194A9B90F68F8A9EB4E6C590FE9E268DB65D5581CEF6265,C:\Users\DELL\Documents\2. Research & Writing\dao-duc-ai-tu-gia-tri-den-van-hanh\docs\research\ai-ethics-healthcare-vietnam\artifacts\search-rerun-01-2026-07-31\official-sources\nonlegal-portals-2026-07-31\raw\moh-pc-dq-evid-03-site-fallback.stderr.txt
27BADC983DF1780B60C2B3FA9D3A19A00E46AAC798451F0FEBDCA52920FAADDF,C:\Users\DELL\Documents\2. Research & Writing\dao-duc-ai-tu-gia-tri-den-van-hanh\docs\research\ai-ethics-healthcare-vietnam\artifacts\search-rerun-01-2026-07-31\official-sources\nonlegal-portals-2026-07-31\raw\moh-pc-dq-evid-03-site-fallback.httpstatus.txt
E3B0C44298FC1C149AFBF4C8996FB92427AE41E4649B934CA495991B7852B855,C:\Users\DELL\Documents\2. Research & Writing\dao-duc-ai-tu-gia-tri-den-van-hanh\docs\research\ai-ethics-healthcare-vietnam\artifacts\search-rerun-01-2026-07-31\official-sources\nonlegal-portals-2026-07-31\raw\moh-pc-dq-evid-04-internal.headers.txt
D51D458CE2B7FEB2CADB455466A366C78CB14A5816576BD6CAFB1EF875AB0A4C,C:\Users\DELL\Documents\2. Research & Writing\dao-duc-ai-tu-gia-tri-den-van-hanh\docs\research\ai-ethics-healthcare-vietnam\artifacts\search-rerun-01-2026-07-31\official-sources\nonlegal-portals-2026-07-31\raw\moh-pc-dq-evid-04-internal.stderr.txt
2AC9A6746ACA543AF8DFF39894CFE8173AFBA21EB01C6FAE33D52947222855EF,C:\Users\DELL\Documents\2. Research & Writing\dao-duc-ai-tu-gia-tri-den-van-hanh\docs\research\ai-ethics-healthcare-vietnam\artifacts\search-rerun-01-2026-07-31\official-sources\nonlegal-portals-2026-07-31\raw\moh-pc-dq-evid-04-internal.httpstatus.txt
9B64B67549A186064F044317209BE16F463BE7E48E592FBE31C7B7878FD34A70,C:\Users\DELL\Documents\2. Research & Writing\dao-duc-ai-tu-gia-tri-den-van-hanh\docs\research\ai-ethics-healthcare-vietnam\artifacts\search-rerun-01-2026-07-31\official-sources\nonlegal-portals-2026-07-31\raw\moh-pc-dq-evid-04-site-fallback.html
1ED5FC2FC3DD101F1EC8ACC906EF310D191083C5134AE18AEEB61C59A8D84916,C:\Users\DELL\Documents\2. Research & Writing\dao-duc-ai-tu-gia-tri-den-van-hanh\docs\research\ai-ethics-healthcare-vietnam\artifacts\search-rerun-01-2026-07-31\official-sources\nonlegal-portals-2026-07-31\raw\moh-pc-dq-evid-04-site-fallback.headers.txt
3DECD88740D8E6E4F31F4098CDBD0E34C6AC8060C523CC8BDB59CC7A61DE9995,C:\Users\DELL\Documents\2. Research & Writing\dao-duc-ai-tu-gia-tri-den-van-hanh\docs\research\ai-ethics-healthcare-vietnam\artifacts\search-rerun-01-2026-07-31\official-sources\nonlegal-portals-2026-07-31\raw\moh-pc-dq-evid-04-site-fallback.stderr.txt
27BADC983DF1780B60C2B3FA9D3A19A00E46AAC798451F0FEBDCA52920FAADDF,C:\Users\DELL\Documents\2. Research & Writing\dao-duc-ai-tu-gia-tri-den-van-hanh\docs\research\ai-ethics-healthcare-vietnam\artifacts\search-rerun-01-2026-07-31\official-sources\nonlegal-portals-2026-07-31\raw\moh-pc-dq-evid-04-site-fallback.httpstatus.txt
E3B0C44298FC1C149AFBF4C8996FB92427AE41E4649B934CA495991B7852B855,C:\Users\DELL\Documents\2. Research & Writing\dao-duc-ai-tu-gia-tri-den-van-hanh\docs\research\ai-ethics-healthcare-vietnam\artifacts\search-rerun-01-2026-07-31\official-sources\nonlegal-portals-2026-07-31\raw\moh-pc-dq-evid-05-internal.headers.txt
BE71D74D7D22436032ACE9F9BF1A2546FACD75BEAFE9AB39C0938D5DF6CA6679,C:\Users\DELL\Documents\2. Research & Writing\dao-duc-ai-tu-gia-tri-den-van-hanh\docs\research\ai-ethics-healthcare-vietnam\artifacts\search-rerun-01-2026-07-31\official-sources\nonlegal-portals-2026-07-31\raw\moh-pc-dq-evid-05-internal.stderr.txt
2AC9A6746ACA543AF8DFF39894CFE8173AFBA21EB01C6FAE33D52947222855EF,C:\Users\DELL\Documents\2. Research & Writing\dao-duc-ai-tu-gia-tri-den-van-hanh\docs\research\ai-ethics-healthcare-vietnam\artifacts\search-rerun-01-2026-07-31\official-sources\nonlegal-portals-2026-07-31\raw\moh-pc-dq-evid-05-internal.httpstatus.txt
7025FD0959C61F26D9AD925B1E0BF6F69426E4953E6BCEF4A520A804FC3D4F88,C:\Users\DELL\Documents\2. Research & Writing\dao-duc-ai-tu-gia-tri-den-van-hanh\docs\research\ai-ethics-healthcare-vietnam\artifacts\search-rerun-01-2026-07-31\official-sources\nonlegal-portals-2026-07-31\raw\moh-pc-dq-evid-05-site-fallback.html
8148AB0804D9F1B1A5024A4CBFFD1D4651E56667BA7CEACE35C7146247BAE4B3,C:\Users\DELL\Documents\2. Research & Writing\dao-duc-ai-tu-gia-tri-den-van-hanh\docs\research\ai-ethics-healthcare-vietnam\artifacts\search-rerun-01-2026-07-31\official-sources\nonlegal-portals-2026-07-31\raw\moh-pc-dq-evid-05-site-fallback.headers.txt
F0C749B81A92190C76576F60126417B8CB0360EBA47DFA5275CB0C6077F20030,C:\Users\DELL\Documents\2. Research & Writing\dao-duc-ai-tu-gia-tri-den-van-hanh\docs\research\ai-ethics-healthcare-vietnam\artifacts\search-rerun-01-2026-07-31\official-sources\nonlegal-portals-2026-07-31\raw\moh-pc-dq-evid-05-site-fallback.stderr.txt
27BADC983DF1780B60C2B3FA9D3A19A00E46AAC798451F0FEBDCA52920FAADDF,C:\Users\DELL\Documents\2. Research & Writing\dao-duc-ai-tu-gia-tri-den-van-hanh\docs\research\ai-ethics-healthcare-vietnam\artifacts\search-rerun-01-2026-07-31\official-sources\nonlegal-portals-2026-07-31\raw\moh-pc-dq-evid-05-site-fallback.httpstatus.txt
E4B53791E6F0E3F268316B5E2047971C0F199BEF1A887E28AC5658439F1C0641,C:\Users\DELL\Documents\2. Research & Writing\dao-duc-ai-tu-gia-tri-den-van-hanh\docs\research\ai-ethics-healthcare-vietnam\artifacts\search-rerun-01-2026-07-31\official-sources\nonlegal-portals-2026-07-31\raw\moh-hspi-dq-impl-01-internal.html
3A801AC91140C1E6A1BFC950E740532E7571B22FBC52F8F5095422167A81EA86,C:\Users\DELL\Documents\2. Research & Writing\dao-duc-ai-tu-gia-tri-den-van-hanh\docs\research\ai-ethics-healthcare-vietnam\artifacts\search-rerun-01-2026-07-31\official-sources\nonlegal-portals-2026-07-31\raw\moh-hspi-dq-impl-01-internal.headers.txt
226F3AC020A5B14722B2F8B151174BECDCAE36C3FF246DBF05040EC700C997D6,C:\Users\DELL\Documents\2. Research & Writing\dao-duc-ai-tu-gia-tri-den-van-hanh\docs\research\ai-ethics-healthcare-vietnam\artifacts\search-rerun-01-2026-07-31\official-sources\nonlegal-portals-2026-07-31\raw\moh-hspi-dq-impl-01-internal.stderr.txt
0604CD3138FEED202EF293E062DA2F4720F77A05D25EE036A7A01C9CFCDD1F0A,C:\Users\DELL\Documents\2. Research & Writing\dao-duc-ai-tu-gia-tri-den-van-hanh\docs\research\ai-ethics-healthcare-vietnam\artifacts\search-rerun-01-2026-07-31\official-sources\nonlegal-portals-2026-07-31\raw\moh-hspi-dq-impl-01-internal.httpstatus.txt
3C3348CC69D204E95AC973A84753A55D7F78156E68AEFC04B589731FCB5153C0,C:\Users\DELL\Documents\2. Research & Writing\dao-duc-ai-tu-gia-tri-den-van-hanh\docs\research\ai-ethics-healthcare-vietnam\artifacts\search-rerun-01-2026-07-31\official-sources\nonlegal-portals-2026-07-31\raw\moh-hspi-dq-impl-01-site-fallback.html
2152361486BA1ACF3846851D1DD7B54F7B35C875F5A82CCA88FD3F29992B39D9,C:\Users\DELL\Documents\2. Research & Writing\dao-duc-ai-tu-gia-tri-den-van-hanh\docs\research\ai-ethics-healthcare-vietnam\artifacts\search-rerun-01-2026-07-31\official-sources\nonlegal-portals-2026-07-31\raw\moh-hspi-dq-impl-01-site-fallback.headers.txt
11AF44162B9FDB6309A655A3FCD86DB8ABE40C56D11BC65EB028476A0607DFC4,C:\Users\DELL\Documents\2. Research & Writing\dao-duc-ai-tu-gia-tri-den-van-hanh\docs\research\ai-ethics-healthcare-vietnam\artifacts\search-rerun-01-2026-07-31\official-sources\nonlegal-portals-2026-07-31\raw\moh-hspi-dq-impl-01-site-fallback.stderr.txt
27BADC983DF1780B60C2B3FA9D3A19A00E46AAC798451F0FEBDCA52920FAADDF,C:\Users\DELL\Documents\2. Research & Writing\dao-duc-ai-tu-gia-tri-den-van-hanh\docs\research\ai-ethics-healthcare-vietnam\artifacts\search-rerun-01-2026-07-31\official-sources\nonlegal-portals-2026-07-31\raw\moh-hspi-dq-impl-01-site-fallback.httpstatus.txt
E4B53791E6F0E3F268316B5E2047971C0F199BEF1A887E28AC5658439F1C0641,C:\Users\DELL\Documents\2. Research & Writing\dao-duc-ai-tu-gia-tri-den-van-hanh\docs\research\ai-ethics-healthcare-vietnam\artifacts\search-rerun-01-2026-07-31\official-sources\nonlegal-portals-2026-07-31\raw\moh-hspi-dq-impl-02-internal.html
A4C5033EAB52E861B8E05EC270C8194FC57C127BA0E47C9D5A1BE037E0EE6748,C:\Users\DELL\Documents\2. Research & Writing\dao-duc-ai-tu-gia-tri-den-van-hanh\docs\research\ai-ethics-healthcare-vietnam\artifacts\search-rerun-01-2026-07-31\official-sources\nonlegal-portals-2026-07-31\raw\moh-hspi-dq-impl-02-internal.headers.txt
D595E701F85F39D1F71E333345A91B50475998CD4E34EF3B7ADD117FE497C44E,C:\Users\DELL\Documents\2. Research & Writing\dao-duc-ai-tu-gia-tri-den-van-hanh\docs\research\ai-ethics-healthcare-vietnam\artifacts\search-rerun-01-2026-07-31\official-sources\nonlegal-portals-2026-07-31\raw\moh-hspi-dq-impl-02-internal.stderr.txt
0604CD3138FEED202EF293E062DA2F4720F77A05D25EE036A7A01C9CFCDD1F0A,C:\Users\DELL\Documents\2. Research & Writing\dao-duc-ai-tu-gia-tri-den-van-hanh\docs\research\ai-ethics-healthcare-vietnam\artifacts\search-rerun-01-2026-07-31\official-sources\nonlegal-portals-2026-07-31\raw\moh-hspi-dq-impl-02-internal.httpstatus.txt
36439F81FCE9FC82EF2A71C89FF63E9DBD3FE0D882F7EA440ACEA9F31BDFA5AC,C:\Users\DELL\Documents\2. Research & Writing\dao-duc-ai-tu-gia-tri-den-van-hanh\docs\research\ai-ethics-healthcare-vietnam\artifacts\search-rerun-01-2026-07-31\official-sources\nonlegal-portals-2026-07-31\raw\moh-hspi-dq-impl-02-site-fallback.html
44E83AB62F7AA48FA33B81C8862B07947C9F4562DFB23AD5E62BD80AA3D4F4A3,C:\Users\DELL\Documents\2. Research & Writing\dao-duc-ai-tu-gia-tri-den-van-hanh\docs\research\ai-ethics-healthcare-vietnam\artifacts\search-rerun-01-2026-07-31\official-sources\nonlegal-portals-2026-07-31\raw\moh-hspi-dq-impl-02-site-fallback.headers.txt
DC7BAE49E556637938F87ECD160CD62F73D10F5E02A483F8946976D2AC73B069,C:\Users\DELL\Documents\2. Research & Writing\dao-duc-ai-tu-gia-tri-den-van-hanh\docs\research\ai-ethics-healthcare-vietnam\artifacts\search-rerun-01-2026-07-31\official-sources\nonlegal-portals-2026-07-31\raw\moh-hspi-dq-impl-02-site-fallback.stderr.txt
27BADC983DF1780B60C2B3FA9D3A19A00E46AAC798451F0FEBDCA52920FAADDF,C:\Users\DELL\Documents\2. Research & Writing\dao-duc-ai-tu-gia-tri-den-van-hanh\docs\research\ai-ethics-healthcare-vietnam\artifacts\search-rerun-01-2026-07-31\official-sources\nonlegal-portals-2026-07-31\raw\moh-hspi-dq-impl-02-site-fallback.httpstatus.txt
E4B53791E6F0E3F268316B5E2047971C0F199BEF1A887E28AC5658439F1C0641,C:\Users\DELL\Documents\2. Research & Writing\dao-duc-ai-tu-gia-tri-den-van-hanh\docs\research\ai-ethics-healthcare-vietnam\artifacts\search-rerun-01-2026-07-31\official-sources\nonlegal-portals-2026-07-31\raw\moh-hspi-dq-impl-03-internal.html
DAF119CEEA4DE6AAD78983FED3C28A7E5DD941997B6E2D16A23C705AEEF3CA2E,C:\Users\DELL\Documents\2. Research & Writing\dao-duc-ai-tu-gia-tri-den-van-hanh\docs\research\ai-ethics-healthcare-vietnam\artifacts\search-rerun-01-2026-07-31\official-sources\nonlegal-portals-2026-07-31\raw\moh-hspi-dq-impl-03-internal.headers.txt
9AF273BC5A7E260BB0626BC2A59441772E1AD07A0FBDD7407D8C7F3728D90814,C:\Users\DELL\Documents\2. Research & Writing\dao-duc-ai-tu-gia-tri-den-van-hanh\docs\research\ai-ethics-healthcare-vietnam\artifacts\search-rerun-01-2026-07-31\official-sources\nonlegal-portals-2026-07-31\raw\moh-hspi-dq-impl-03-internal.stderr.txt
0604CD3138FEED202EF293E062DA2F4720F77A05D25EE036A7A01C9CFCDD1F0A,C:\Users\DELL\Documents\2. Research & Writing\dao-duc-ai-tu-gia-tri-den-van-hanh\docs\research\ai-ethics-healthcare-vietnam\artifacts\search-rerun-01-2026-07-31\official-sources\nonlegal-portals-2026-07-31\raw\moh-hspi-dq-impl-03-internal.httpstatus.txt
625C51A1BD6626763525D601EA2B57A42D74FB09A0A1063500A33E97B960ADBE,C:\Users\DELL\Documents\2. Research & Writing\dao-duc-ai-tu-gia-tri-den-van-hanh\docs\research\ai-ethics-healthcare-vietnam\artifacts\search-rerun-01-2026-07-31\official-sources\nonlegal-portals-2026-07-31\raw\moh-hspi-dq-impl-03-site-fallback.html
ADBC4A22D44A134DF40A2A41C2522CFB1953585388D12647814E302DDF504869,C:\Users\DELL\Documents\2. Research & Writing\dao-duc-ai-tu-gia-tri-den-van-hanh\docs\research\ai-ethics-healthcare-vietnam\artifacts\search-rerun-01-2026-07-31\official-sources\nonlegal-portals-2026-07-31\raw\moh-hspi-dq-impl-03-site-fallback.headers.txt
03124CA51D775E4A10AE559ABD9918259B0F4D381967385EE377AB4ED0397A71,C:\Users\DELL\Documents\2. Research & Writing\dao-duc-ai-tu-gia-tri-den-van-hanh\docs\research\ai-ethics-healthcare-vietnam\artifacts\search-rerun-01-2026-07-31\official-sources\nonlegal-portals-2026-07-31\raw\moh-hspi-dq-impl-03-site-fallback.stderr.txt
27BADC983DF1780B60C2B3FA9D3A19A00E46AAC798451F0FEBDCA52920FAADDF,C:\Users\DELL\Documents\2. Research & Writing\dao-duc-ai-tu-gia-tri-den-van-hanh\docs\research\ai-ethics-healthcare-vietnam\artifacts\search-rerun-01-2026-07-31\official-sources\nonlegal-portals-2026-07-31\raw\moh-hspi-dq-impl-03-site-fallback.httpstatus.txt
E4B53791E6F0E3F268316B5E2047971C0F199BEF1A887E28AC5658439F1C0641,C:\Users\DELL\Documents\2. Research & Writing\dao-duc-ai-tu-gia-tri-den-van-hanh\docs\research\ai-ethics-healthcare-vietnam\artifacts\search-rerun-01-2026-07-31\official-sources\nonlegal-portals-2026-07-31\raw\moh-hspi-dq-tool-01-internal.html
845EACB5979B2EB308025CAD3BF569A229E3F1CC41215B0A09371411446064DF,C:\Users\DELL\Documents\2. Research & Writing\dao-duc-ai-tu-gia-tri-den-van-hanh\docs\research\ai-ethics-healthcare-vietnam\artifacts\search-rerun-01-2026-07-31\official-sources\nonlegal-portals-2026-07-31\raw\moh-hspi-dq-tool-01-internal.headers.txt
5237D8834C049170E09C73E499BE186ECA046637759C43E9E0E370970210DDF1,C:\Users\DELL\Documents\2. Research & Writing\dao-duc-ai-tu-gia-tri-den-van-hanh\docs\research\ai-ethics-healthcare-vietnam\artifacts\search-rerun-01-2026-07-31\official-sources\nonlegal-portals-2026-07-31\raw\moh-hspi-dq-tool-01-internal.stderr.txt
0604CD3138FEED202EF293E062DA2F4720F77A05D25EE036A7A01C9CFCDD1F0A,C:\Users\DELL\Documents\2. Research & Writing\dao-duc-ai-tu-gia-tri-den-van-hanh\docs\research\ai-ethics-healthcare-vietnam\artifacts\search-rerun-01-2026-07-31\official-sources\nonlegal-portals-2026-07-31\raw\moh-hspi-dq-tool-01-internal.httpstatus.txt
751266FE60E56154496FA53C3779E1EA4EEA15C7292C21AB3CC112BAE3676952,C:\Users\DELL\Documents\2. Research & Writing\dao-duc-ai-tu-gia-tri-den-van-hanh\docs\research\ai-ethics-healthcare-vietnam\artifacts\search-rerun-01-2026-07-31\official-sources\nonlegal-portals-2026-07-31\raw\moh-hspi-dq-tool-01-site-fallback.html
DEB006A8C0E5C73F884E8502DE5FF7A81CD4FA4146E131DB65C132912FDC85FF,C:\Users\DELL\Documents\2. Research & Writing\dao-duc-ai-tu-gia-tri-den-van-hanh\docs\research\ai-ethics-healthcare-vietnam\artifacts\search-rerun-01-2026-07-31\official-sources\nonlegal-portals-2026-07-31\raw\moh-hspi-dq-tool-01-site-fallback.headers.txt
21359CEBDD49D853A4294184FA4D23F56322FCAAD9D38EBF0CB7D420CC3DC1CE,C:\Users\DELL\Documents\2. Research & Writing\dao-duc-ai-tu-gia-tri-den-van-hanh\docs\research\ai-ethics-healthcare-vietnam\artifacts\search-rerun-01-2026-07-31\official-sources\nonlegal-portals-2026-07-31\raw\moh-hspi-dq-tool-01-site-fallback.stderr.txt
27BADC983DF1780B60C2B3FA9D3A19A00E46AAC798451F0FEBDCA52920FAADDF,C:\Users\DELL\Documents\2. Research & Writing\dao-duc-ai-tu-gia-tri-den-van-hanh\docs\research\ai-ethics-healthcare-vietnam\artifacts\search-rerun-01-2026-07-31\official-sources\nonlegal-portals-2026-07-31\raw\moh-hspi-dq-tool-01-site-fallback.httpstatus.txt
E4B53791E6F0E3F268316B5E2047971C0F199BEF1A887E28AC5658439F1C0641,C:\Users\DELL\Documents\2. Research & Writing\dao-duc-ai-tu-gia-tri-den-van-hanh\docs\research\ai-ethics-healthcare-vietnam\artifacts\search-rerun-01-2026-07-31\official-sources\nonlegal-portals-2026-07-31\raw\moh-hspi-dq-tool-02-internal.html
42D7CBE8A64DE4AD864EA897D3FAB9A125D253481DD573D7353C4455D4B21707,C:\Users\DELL\Documents\2. Research & Writing\dao-duc-ai-tu-gia-tri-den-van-hanh\docs\research\ai-ethics-healthcare-vietnam\artifacts\search-rerun-01-2026-07-31\official-sources\nonlegal-portals-2026-07-31\raw\moh-hspi-dq-tool-02-internal.headers.txt
D22F24F73166FA9A43D5FEF10149F49C71F209654E560AD4392F11CA2A2F1484,C:\Users\DELL\Documents\2. Research & Writing\dao-duc-ai-tu-gia-tri-den-van-hanh\docs\research\ai-ethics-healthcare-vietnam\artifacts\search-rerun-01-2026-07-31\official-sources\nonlegal-portals-2026-07-31\raw\moh-hspi-dq-tool-02-internal.stderr.txt
0604CD3138FEED202EF293E062DA2F4720F77A05D25EE036A7A01C9CFCDD1F0A,C:\Users\DELL\Documents\2. Research & Writing\dao-duc-ai-tu-gia-tri-den-van-hanh\docs\research\ai-ethics-healthcare-vietnam\artifacts\search-rerun-01-2026-07-31\official-sources\nonlegal-portals-2026-07-31\raw\moh-hspi-dq-tool-02-internal.httpstatus.txt
04451CB78E59FBDBE1EFC6D8CB00C5DF2C8BC74C13EAE7DB42F4A2A14417D125,C:\Users\DELL\Documents\2. Research & Writing\dao-duc-ai-tu-gia-tri-den-van-hanh\docs\research\ai-ethics-healthcare-vietnam\artifacts\search-rerun-01-2026-07-31\official-sources\nonlegal-portals-2026-07-31\raw\moh-hspi-dq-tool-02-site-fallback.html
C0ECFF9D58C9976B994B3E0D34175FA752E0CEA4EB46FB15022D6203E2A427DD,C:\Users\DELL\Documents\2. Research & Writing\dao-duc-ai-tu-gia-tri-den-van-hanh\docs\research\ai-ethics-healthcare-vietnam\artifacts\search-rerun-01-2026-07-31\official-sources\nonlegal-portals-2026-07-31\raw\moh-hspi-dq-tool-02-site-fallback.headers.txt
6857A88491AAB27D0B713199EE594D5ADDA87E91B4D18E9992772B2342743B83,C:\Users\DELL\Documents\2. Research & Writing\dao-duc-ai-tu-gia-tri-den-van-hanh\docs\research\ai-ethics-healthcare-vietnam\artifacts\search-rerun-01-2026-07-31\official-sources\nonlegal-portals-2026-07-31\raw\moh-hspi-dq-tool-02-site-fallback.stderr.txt
27BADC983DF1780B60C2B3FA9D3A19A00E46AAC798451F0FEBDCA52920FAADDF,C:\Users\DELL\Documents\2. Research & Writing\dao-duc-ai-tu-gia-tri-den-van-hanh\docs\research\ai-ethics-healthcare-vietnam\artifacts\search-rerun-01-2026-07-31\official-sources\nonlegal-portals-2026-07-31\raw\moh-hspi-dq-tool-02-site-fallback.httpstatus.txt
E4B53791E6F0E3F268316B5E2047971C0F199BEF1A887E28AC5658439F1C0641,C:\Users\DELL\Documents\2. Research & Writing\dao-duc-ai-tu-gia-tri-den-van-hanh\docs\research\ai-ethics-healthcare-vietnam\artifacts\search-rerun-01-2026-07-31\official-sources\nonlegal-portals-2026-07-31\raw\moh-hspi-dq-impl-04-internal.html
A6CF3E0A725F061FC122BDC88C7FDB4D225F05E2BE1CFBF684F33F71F9745D66,C:\Users\DELL\Documents\2. Research & Writing\dao-duc-ai-tu-gia-tri-den-van-hanh\docs\research\ai-ethics-healthcare-vietnam\artifacts\search-rerun-01-2026-07-31\official-sources\nonlegal-portals-2026-07-31\raw\moh-hspi-dq-impl-04-internal.headers.txt
5905BD5B13BBF7FCE1A521B5B6B95A1D4D282F48F51858A3B228AAC8A3829A1B,C:\Users\DELL\Documents\2. Research & Writing\dao-duc-ai-tu-gia-tri-den-van-hanh\docs\research\ai-ethics-healthcare-vietnam\artifacts\search-rerun-01-2026-07-31\official-sources\nonlegal-portals-2026-07-31\raw\moh-hspi-dq-impl-04-internal.stderr.txt
0604CD3138FEED202EF293E062DA2F4720F77A05D25EE036A7A01C9CFCDD1F0A,C:\Users\DELL\Documents\2. Research & Writing\dao-duc-ai-tu-gia-tri-den-van-hanh\docs\research\ai-ethics-healthcare-vietnam\artifacts\search-rerun-01-2026-07-31\official-sources\nonlegal-portals-2026-07-31\raw\moh-hspi-dq-impl-04-internal.httpstatus.txt
1C346EA99B0B2A85708A7F01A2D9E3D27ACABB0D25F668B01135B3CAFF4A8BCC,C:\Users\DELL\Documents\2. Research & Writing\dao-duc-ai-tu-gia-tri-den-van-hanh\docs\research\ai-ethics-healthcare-vietnam\artifacts\search-rerun-01-2026-07-31\official-sources\nonlegal-portals-2026-07-31\raw\moh-hspi-dq-impl-04-site-fallback.html
7DC87F1F3DC02D6F834B1CD2BF1BF5B1438244F5EC732E3D97821EB2A578080D,C:\Users\DELL\Documents\2. Research & Writing\dao-duc-ai-tu-gia-tri-den-van-hanh\docs\research\ai-ethics-healthcare-vietnam\artifacts\search-rerun-01-2026-07-31\official-sources\nonlegal-portals-2026-07-31\raw\moh-hspi-dq-impl-04-site-fallback.headers.txt
D3EA2C985D7ECD3D46ED2C179ED8F6873A80CDAC5D379FA0AF9151C6CDFAA584,C:\Users\DELL\Documents\2. Research & Writing\dao-duc-ai-tu-gia-tri-den-van-hanh\docs\research\ai-ethics-healthcare-vietnam\artifacts\search-rerun-01-2026-07-31\official-sources\nonlegal-portals-2026-07-31\raw\moh-hspi-dq-impl-04-site-fallback.stderr.txt
27BADC983DF1780B60C2B3FA9D3A19A00E46AAC798451F0FEBDCA52920FAADDF,C:\Users\DELL\Documents\2. Research & Writing\dao-duc-ai-tu-gia-tri-den-van-hanh\docs\research\ai-ethics-healthcare-vietnam\artifacts\search-rerun-01-2026-07-31\official-sources\nonlegal-portals-2026-07-31\raw\moh-hspi-dq-impl-04-site-fallback.httpstatus.txt
E4B53791E6F0E3F268316B5E2047971C0F199BEF1A887E28AC5658439F1C0641,C:\Users\DELL\Documents\2. Research & Writing\dao-duc-ai-tu-gia-tri-den-van-hanh\docs\research\ai-ethics-healthcare-vietnam\artifacts\search-rerun-01-2026-07-31\official-sources\nonlegal-portals-2026-07-31\raw\moh-hspi-dq-impl-05-internal.html
10B34E79E4E5039AB98BCEB1C52BFE0D36AEABD2A332D6A3D4C80D8BE0856583,C:\Users\DELL\Documents\2. Research & Writing\dao-duc-ai-tu-gia-tri-den-van-hanh\docs\research\ai-ethics-healthcare-vietnam\artifacts\search-rerun-01-2026-07-31\official-sources\nonlegal-portals-2026-07-31\raw\moh-hspi-dq-impl-05-internal.headers.txt
58E6EFBF04C3F993F8B8BB223D0D4CBE24EAF67C975E51B3666D221F42B92871,C:\Users\DELL\Documents\2. Research & Writing\dao-duc-ai-tu-gia-tri-den-van-hanh\docs\research\ai-ethics-healthcare-vietnam\artifacts\search-rerun-01-2026-07-31\official-sources\nonlegal-portals-2026-07-31\raw\moh-hspi-dq-impl-05-internal.stderr.txt
0604CD3138FEED202EF293E062DA2F4720F77A05D25EE036A7A01C9CFCDD1F0A,C:\Users\DELL\Documents\2. Research & Writing\dao-duc-ai-tu-gia-tri-den-van-hanh\docs\research\ai-ethics-healthcare-vietnam\artifacts\search-rerun-01-2026-07-31\official-sources\nonlegal-portals-2026-07-31\raw\moh-hspi-dq-impl-05-internal.httpstatus.txt
B5DF6E4ABE602B6ADEAD521034DA908FCC3949E0E7338DDCE386CEDFC1C498C1,C:\Users\DELL\Documents\2. Research & Writing\dao-duc-ai-tu-gia-tri-den-van-hanh\docs\research\ai-ethics-healthcare-vietnam\artifacts\search-rerun-01-2026-07-31\official-sources\nonlegal-portals-2026-07-31\raw\moh-hspi-dq-impl-05-site-fallback.html
DCD6486B48921DF5BEDF056C1A6DBB3DCE19452DDB0D4833F8518A5AAD3378A1,C:\Users\DELL\Documents\2. Research & Writing\dao-duc-ai-tu-gia-tri-den-van-hanh\docs\research\ai-ethics-healthcare-vietnam\artifacts\search-rerun-01-2026-07-31\official-sources\nonlegal-portals-2026-07-31\raw\moh-hspi-dq-impl-05-site-fallback.headers.txt
6FA003313508D84703C9144C497C76558EA6D38AFB305FE363A87FB9A0593F7F,C:\Users\DELL\Documents\2. Research & Writing\dao-duc-ai-tu-gia-tri-den-van-hanh\docs\research\ai-ethics-healthcare-vietnam\artifacts\search-rerun-01-2026-07-31\official-sources\nonlegal-portals-2026-07-31\raw\moh-hspi-dq-impl-05-site-fallback.stderr.txt
27BADC983DF1780B60C2B3FA9D3A19A00E46AAC798451F0FEBDCA52920FAADDF,C:\Users\DELL\Documents\2. Research & Writing\dao-duc-ai-tu-gia-tri-den-van-hanh\docs\research\ai-ethics-healthcare-vietnam\artifacts\search-rerun-01-2026-07-31\official-sources\nonlegal-portals-2026-07-31\raw\moh-hspi-dq-impl-05-site-fallback.httpstatus.txt
E4B53791E6F0E3F268316B5E2047971C0F199BEF1A887E28AC5658439F1C0641,C:\Users\DELL\Documents\2. Research & Writing\dao-duc-ai-tu-gia-tri-den-van-hanh\docs\research\ai-ethics-healthcare-vietnam\artifacts\search-rerun-01-2026-07-31\official-sources\nonlegal-portals-2026-07-31\raw\moh-hspi-dq-evid-01-internal.html
5BB4D5C3AD79FC54808E9D03746D24D55AD3F81A3E4DFFF265F0ABFF4DD7B8E8,C:\Users\DELL\Documents\2. Research & Writing\dao-duc-ai-tu-gia-tri-den-van-hanh\docs\research\ai-ethics-healthcare-vietnam\artifacts\search-rerun-01-2026-07-31\official-sources\nonlegal-portals-2026-07-31\raw\moh-hspi-dq-evid-01-internal.headers.txt
4FB17E480FE44DA3D485CF4EEF1E2665CBEDED5ECC6EB5A7F9546451C9DF3394,C:\Users\DELL\Documents\2. Research & Writing\dao-duc-ai-tu-gia-tri-den-van-hanh\docs\research\ai-ethics-healthcare-vietnam\artifacts\search-rerun-01-2026-07-31\official-sources\nonlegal-portals-2026-07-31\raw\moh-hspi-dq-evid-01-internal.stderr.txt
0604CD3138FEED202EF293E062DA2F4720F77A05D25EE036A7A01C9CFCDD1F0A,C:\Users\DELL\Documents\2. Research & Writing\dao-duc-ai-tu-gia-tri-den-van-hanh\docs\research\ai-ethics-healthcare-vietnam\artifacts\search-rerun-01-2026-07-31\official-sources\nonlegal-portals-2026-07-31\raw\moh-hspi-dq-evid-01-internal.httpstatus.txt
C43AB8954E41A176575DFF3F27C5952517B7A1D5849563F89AC62DB484ECA16A,C:\Users\DELL\Documents\2. Research & Writing\dao-duc-ai-tu-gia-tri-den-van-hanh\docs\research\ai-ethics-healthcare-vietnam\artifacts\search-rerun-01-2026-07-31\official-sources\nonlegal-portals-2026-07-31\raw\moh-hspi-dq-evid-01-site-fallback.html
29262FCFAB18460E1EC1DF3D3A3EC58D7EEFDDD786420D50A4C0E61400EC701B,C:\Users\DELL\Documents\2. Research & Writing\dao-duc-ai-tu-gia-tri-den-van-hanh\docs\research\ai-ethics-healthcare-vietnam\artifacts\search-rerun-01-2026-07-31\official-sources\nonlegal-portals-2026-07-31\raw\moh-hspi-dq-evid-01-site-fallback.headers.txt
12E3F1982E1DD6DA51E6DD8B4456FD59FBDA2D4F2913EDCCF4CF05132E16DF18,C:\Users\DELL\Documents\2. Research & Writing\dao-duc-ai-tu-gia-tri-den-van-hanh\docs\research\ai-ethics-healthcare-vietnam\artifacts\search-rerun-01-2026-07-31\official-sources\nonlegal-portals-2026-07-31\raw\moh-hspi-dq-evid-01-site-fallback.stderr.txt
27BADC983DF1780B60C2B3FA9D3A19A00E46AAC798451F0FEBDCA52920FAADDF,C:\Users\DELL\Documents\2. Research & Writing\dao-duc-ai-tu-gia-tri-den-van-hanh\docs\research\ai-ethics-healthcare-vietnam\artifacts\search-rerun-01-2026-07-31\official-sources\nonlegal-portals-2026-07-31\raw\moh-hspi-dq-evid-01-site-fallback.httpstatus.txt
