case_id,official_name,official_domain,query_id,verbatim_query,page,requested_url,started_at,http_status,response_bytes,error,body_file,headers_file,body_sha256,candidate_url_count,status
DOH-N-01,Sở Y tế Hà Nội,https://soyte.hanoi.gov.vn/,DQ-IMPL-01,"(\đạo đức AI\"" OR \""AI có trách nhiệm\"" OR \""quản trị AI\"") AND (kế hoạch OR triển khai OR áp dụng OR thí điểm)""",1,https://soyte.hanoi.gov.vn/tim-kiem?query=%28%5C%C4%91%E1%BA%A1o%20%C4%91%E1%BB%A9c%20AI%5C%22%20OR%20%5C%22AI%20c%C3%B3%20tr%C3%A1ch%20nhi%E1%BB%87m%5C%22%20OR%20%5C%22qu%E1%BA%A3n%20tr%E1%BB%8B%20AI%5C%22%29%20AND%20%28k%E1%BA%BF%20ho%E1%BA%A1ch%20OR%20tri%E1%BB%83n%20khai%20OR%20%C3%A1p%20d%E1%BB%A5ng%20OR%20th%C3%AD%20%C4%91i%E1%BB%83m%29%22&page=1,2026-07-31T23:34:25+00:00,,0,URLError: <urlopen error [WinError 10054] An existing connection was forcibly closed by the remote host>,raw/doh-n-01-dq-impl-01-p01.body,raw/doh-n-01-dq-impl-01-p01.headers,E3B0C44298FC1C149AFBF4C8996FB92427AE41E4649B934CA495991B7852B855,0,TRANSPORT_ATTEMPTED
DOH-N-01,Sở Y tế Hà Nội,https://soyte.hanoi.gov.vn/,DQ-IMPL-01,"(\đạo đức AI\"" OR \""AI có trách nhiệm\"" OR \""quản trị AI\"") AND (kế hoạch OR triển khai OR áp dụng OR thí điểm)""",2,https://soyte.hanoi.gov.vn/tim-kiem?query=%28%5C%C4%91%E1%BA%A1o%20%C4%91%E1%BB%A9c%20AI%5C%22%20OR%20%5C%22AI%20c%C3%B3%20tr%C3%A1ch%20nhi%E1%BB%87m%5C%22%20OR%20%5C%22qu%E1%BA%A3n%20tr%E1%BB%8B%20AI%5C%22%29%20AND%20%28k%E1%BA%BF%20ho%E1%BA%A1ch%20OR%20tri%E1%BB%83n%20khai%20OR%20%C3%A1p%20d%E1%BB%A5ng%20OR%20th%C3%AD%20%C4%91i%E1%BB%83m%29%22&page=2,2026-07-31T23:34:45+00:00,,0,URLError: <urlopen error [WinError 10054] An existing connection was forcibly closed by the remote host>,raw/doh-n-01-dq-impl-01-p02.body,raw/doh-n-01-dq-impl-01-p02.headers,E3B0C44298FC1C149AFBF4C8996FB92427AE41E4649B934CA495991B7852B855,0,TRANSPORT_ATTEMPTED
DOH-N-01,Sở Y tế Hà Nội,https://soyte.hanoi.gov.vn/,DQ-TOOL-01,"(\đánh giá tuân thủ\"" OR \""tự đánh giá\"") AND (\""đạo đức AI\"" OR \""AI có trách nhiệm\"")""",1,https://soyte.hanoi.gov.vn/tim-kiem?query=%28%5C%C4%91%C3%A1nh%20gi%C3%A1%20tu%C3%A2n%20th%E1%BB%A7%5C%22%20OR%20%5C%22t%E1%BB%B1%20%C4%91%C3%A1nh%20gi%C3%A1%5C%22%29%20AND%20%28%5C%22%C4%91%E1%BA%A1o%20%C4%91%E1%BB%A9c%20AI%5C%22%20OR%20%5C%22AI%20c%C3%B3%20tr%C3%A1ch%20nhi%E1%BB%87m%5C%22%29%22&page=1,2026-07-31T23:35:06+00:00,,0,URLError: <urlopen error [WinError 10054] An existing connection was forcibly closed by the remote host>,raw/doh-n-01-dq-tool-01-p01.body,raw/doh-n-01-dq-tool-01-p01.headers,E3B0C44298FC1C149AFBF4C8996FB92427AE41E4649B934CA495991B7852B855,0,TRANSPORT_ATTEMPTED
DOH-N-01,Sở Y tế Hà Nội,https://soyte.hanoi.gov.vn/,DQ-TOOL-01,"(\đánh giá tuân thủ\"" OR \""tự đánh giá\"") AND (\""đạo đức AI\"" OR \""AI có trách nhiệm\"")""",2,https://soyte.hanoi.gov.vn/tim-kiem?query=%28%5C%C4%91%C3%A1nh%20gi%C3%A1%20tu%C3%A2n%20th%E1%BB%A7%5C%22%20OR%20%5C%22t%E1%BB%B1%20%C4%91%C3%A1nh%20gi%C3%A1%5C%22%29%20AND%20%28%5C%22%C4%91%E1%BA%A1o%20%C4%91%E1%BB%A9c%20AI%5C%22%20OR%20%5C%22AI%20c%C3%B3%20tr%C3%A1ch%20nhi%E1%BB%87m%5C%22%29%22&page=2,2026-07-31T23:35:26+00:00,,0,URLError: <urlopen error [WinError 10054] An existing connection was forcibly closed by the remote host>,raw/doh-n-01-dq-tool-01-p02.body,raw/doh-n-01-dq-tool-01-p02.headers,E3B0C44298FC1C149AFBF4C8996FB92427AE41E4649B934CA495991B7852B855,0,TRANSPORT_ATTEMPTED
DOH-N-01,Sở Y tế Hà Nội,https://soyte.hanoi.gov.vn/,DQ-TOOL-02,"(nền tảng OR công cụ) AND (\đánh giá tuân thủ\"" OR \""đánh giá tác động\"") AND (\""AI\"" OR \""trí tuệ nhân tạo\"")""",1,https://soyte.hanoi.gov.vn/tim-kiem?query=%28n%E1%BB%81n%20t%E1%BA%A3ng%20OR%20c%C3%B4ng%20c%E1%BB%A5%29%20AND%20%28%5C%C4%91%C3%A1nh%20gi%C3%A1%20tu%C3%A2n%20th%E1%BB%A7%5C%22%20OR%20%5C%22%C4%91%C3%A1nh%20gi%C3%A1%20t%C3%A1c%20%C4%91%E1%BB%99ng%5C%22%29%20AND%20%28%5C%22AI%5C%22%20OR%20%5C%22tr%C3%AD%20tu%E1%BB%87%20nh%C3%A2n%20t%E1%BA%A1o%5C%22%29%22&page=1,2026-07-31T23:35:46+00:00,,0,URLError: <urlopen error [WinError 10054] An existing connection was forcibly closed by the remote host>,raw/doh-n-01-dq-tool-02-p01.body,raw/doh-n-01-dq-tool-02-p01.headers,E3B0C44298FC1C149AFBF4C8996FB92427AE41E4649B934CA495991B7852B855,0,TRANSPORT_ATTEMPTED
DOH-N-01,Sở Y tế Hà Nội,https://soyte.hanoi.gov.vn/,DQ-TOOL-02,"(nền tảng OR công cụ) AND (\đánh giá tuân thủ\"" OR \""đánh giá tác động\"") AND (\""AI\"" OR \""trí tuệ nhân tạo\"")""",2,https://soyte.hanoi.gov.vn/tim-kiem?query=%28n%E1%BB%81n%20t%E1%BA%A3ng%20OR%20c%C3%B4ng%20c%E1%BB%A5%29%20AND%20%28%5C%C4%91%C3%A1nh%20gi%C3%A1%20tu%C3%A2n%20th%E1%BB%A7%5C%22%20OR%20%5C%22%C4%91%C3%A1nh%20gi%C3%A1%20t%C3%A1c%20%C4%91%E1%BB%99ng%5C%22%29%20AND%20%28%5C%22AI%5C%22%20OR%20%5C%22tr%C3%AD%20tu%E1%BB%87%20nh%C3%A2n%20t%E1%BA%A1o%5C%22%29%22&page=2,2026-07-31T23:36:06+00:00,,0,URLError: <urlopen error [WinError 10054] An existing connection was forcibly closed by the remote host>,raw/doh-n-01-dq-tool-02-p02.body,raw/doh-n-01-dq-tool-02-p02.headers,E3B0C44298FC1C149AFBF4C8996FB92427AE41E4649B934CA495991B7852B855,0,TRANSPORT_ATTEMPTED
DOH-N-01,Sở Y tế Hà Nội,https://soyte.hanoi.gov.vn/,DQ-IMPL-04,"(\trí tuệ nhân tạo\"" OR AI) AND (\""theo dõi sau triển khai\"" OR hậu kiểm OR \""giám sát sau triển khai\"" OR \""đánh giá hiệu quả\"") AND (y tế OR bệnh viện OR \""Sở Y tế\"")""",1,https://soyte.hanoi.gov.vn/tim-kiem?query=%28%5Ctr%C3%AD%20tu%E1%BB%87%20nh%C3%A2n%20t%E1%BA%A1o%5C%22%20OR%20AI%29%20AND%20%28%5C%22theo%20d%C3%B5i%20sau%20tri%E1%BB%83n%20khai%5C%22%20OR%20h%E1%BA%ADu%20ki%E1%BB%83m%20OR%20%5C%22gi%C3%A1m%20s%C3%A1t%20sau%20tri%E1%BB%83n%20khai%5C%22%20OR%20%5C%22%C4%91%C3%A1nh%20gi%C3%A1%20hi%E1%BB%87u%20qu%E1%BA%A3%5C%22%29%20AND%20%28y%20t%E1%BA%BF%20OR%20b%E1%BB%87nh%20vi%E1%BB%87n%20OR%20%5C%22S%E1%BB%9F%20Y%20t%E1%BA%BF%5C%22%29%22&page=1,2026-07-31T23:36:27+00:00,,0,URLError: <urlopen error [WinError 10054] An existing connection was forcibly closed by the remote host>,raw/doh-n-01-dq-impl-04-p01.body,raw/doh-n-01-dq-impl-04-p01.headers,E3B0C44298FC1C149AFBF4C8996FB92427AE41E4649B934CA495991B7852B855,0,TRANSPORT_ATTEMPTED
DOH-N-01,Sở Y tế Hà Nội,https://soyte.hanoi.gov.vn/,DQ-IMPL-04,"(\trí tuệ nhân tạo\"" OR AI) AND (\""theo dõi sau triển khai\"" OR hậu kiểm OR \""giám sát sau triển khai\"" OR \""đánh giá hiệu quả\"") AND (y tế OR bệnh viện OR \""Sở Y tế\"")""",2,https://soyte.hanoi.gov.vn/tim-kiem?query=%28%5Ctr%C3%AD%20tu%E1%BB%87%20nh%C3%A2n%20t%E1%BA%A1o%5C%22%20OR%20AI%29%20AND%20%28%5C%22theo%20d%C3%B5i%20sau%20tri%E1%BB%83n%20khai%5C%22%20OR%20h%E1%BA%ADu%20ki%E1%BB%83m%20OR%20%5C%22gi%C3%A1m%20s%C3%A1t%20sau%20tri%E1%BB%83n%20khai%5C%22%20OR%20%5C%22%C4%91%C3%A1nh%20gi%C3%A1%20hi%E1%BB%87u%20qu%E1%BA%A3%5C%22%29%20AND%20%28y%20t%E1%BA%BF%20OR%20b%E1%BB%87nh%20vi%E1%BB%87n%20OR%20%5C%22S%E1%BB%9F%20Y%20t%E1%BA%BF%5C%22%29%22&page=2,2026-07-31T23:36:47+00:00,,0,URLError: <urlopen error [WinError 10054] An existing connection was forcibly closed by the remote host>,raw/doh-n-01-dq-impl-04-p02.body,raw/doh-n-01-dq-impl-04-p02.headers,E3B0C44298FC1C149AFBF4C8996FB92427AE41E4649B934CA495991B7852B855,0,TRANSPORT_ATTEMPTED
DOH-N-01,Sở Y tế Hà Nội,https://soyte.hanoi.gov.vn/,DQ-IMPL-05,"(\trí tuệ nhân tạo\"" OR AI) AND (\""báo cáo sự cố\"" OR \""quản lý chất lượng\"" OR kiểm toán OR thanh tra) AND (y tế OR bệnh viện OR \""Sở Y tế\"")""",1,https://soyte.hanoi.gov.vn/tim-kiem?query=%28%5Ctr%C3%AD%20tu%E1%BB%87%20nh%C3%A2n%20t%E1%BA%A1o%5C%22%20OR%20AI%29%20AND%20%28%5C%22b%C3%A1o%20c%C3%A1o%20s%E1%BB%B1%20c%E1%BB%91%5C%22%20OR%20%5C%22qu%E1%BA%A3n%20l%C3%BD%20ch%E1%BA%A5t%20l%C6%B0%E1%BB%A3ng%5C%22%20OR%20ki%E1%BB%83m%20to%C3%A1n%20OR%20thanh%20tra%29%20AND%20%28y%20t%E1%BA%BF%20OR%20b%E1%BB%87nh%20vi%E1%BB%87n%20OR%20%5C%22S%E1%BB%9F%20Y%20t%E1%BA%BF%5C%22%29%22&page=1,2026-07-31T23:37:07+00:00,,0,URLError: <urlopen error [WinError 10054] An existing connection was forcibly closed by the remote host>,raw/doh-n-01-dq-impl-05-p01.body,raw/doh-n-01-dq-impl-05-p01.headers,E3B0C44298FC1C149AFBF4C8996FB92427AE41E4649B934CA495991B7852B855,0,TRANSPORT_ATTEMPTED
DOH-N-01,Sở Y tế Hà Nội,https://soyte.hanoi.gov.vn/,DQ-IMPL-05,"(\trí tuệ nhân tạo\"" OR AI) AND (\""báo cáo sự cố\"" OR \""quản lý chất lượng\"" OR kiểm toán OR thanh tra) AND (y tế OR bệnh viện OR \""Sở Y tế\"")""",2,https://soyte.hanoi.gov.vn/tim-kiem?query=%28%5Ctr%C3%AD%20tu%E1%BB%87%20nh%C3%A2n%20t%E1%BA%A1o%5C%22%20OR%20AI%29%20AND%20%28%5C%22b%C3%A1o%20c%C3%A1o%20s%E1%BB%B1%20c%E1%BB%91%5C%22%20OR%20%5C%22qu%E1%BA%A3n%20l%C3%BD%20ch%E1%BA%A5t%20l%C6%B0%E1%BB%A3ng%5C%22%20OR%20ki%E1%BB%83m%20to%C3%A1n%20OR%20thanh%20tra%29%20AND%20%28y%20t%E1%BA%BF%20OR%20b%E1%BB%87nh%20vi%E1%BB%87n%20OR%20%5C%22S%E1%BB%9F%20Y%20t%E1%BA%BF%5C%22%29%22&page=2,2026-07-31T23:37:27+00:00,,0,URLError: <urlopen error [WinError 10054] An existing connection was forcibly closed by the remote host>,raw/doh-n-01-dq-impl-05-p02.body,raw/doh-n-01-dq-impl-05-p02.headers,E3B0C44298FC1C149AFBF4C8996FB92427AE41E4649B934CA495991B7852B855,0,TRANSPORT_ATTEMPTED
DOH-N-01,Sở Y tế Hà Nội,https://soyte.hanoi.gov.vn/,DQ-EVID-01,"(\đạo đức AI\"" OR \""quản trị AI\"") AND (kiểm toán OR thanh tra OR giám sát)""",1,https://soyte.hanoi.gov.vn/tim-kiem?query=%28%5C%C4%91%E1%BA%A1o%20%C4%91%E1%BB%A9c%20AI%5C%22%20OR%20%5C%22qu%E1%BA%A3n%20tr%E1%BB%8B%20AI%5C%22%29%20AND%20%28ki%E1%BB%83m%20to%C3%A1n%20OR%20thanh%20tra%20OR%20gi%C3%A1m%20s%C3%A1t%29%22&page=1,2026-07-31T23:37:47+00:00,,0,URLError: <urlopen error [WinError 10054] An existing connection was forcibly closed by the remote host>,raw/doh-n-01-dq-evid-01-p01.body,raw/doh-n-01-dq-evid-01-p01.headers,E3B0C44298FC1C149AFBF4C8996FB92427AE41E4649B934CA495991B7852B855,0,TRANSPORT_ATTEMPTED
DOH-N-01,Sở Y tế Hà Nội,https://soyte.hanoi.gov.vn/,DQ-EVID-01,"(\đạo đức AI\"" OR \""quản trị AI\"") AND (kiểm toán OR thanh tra OR giám sát)""",2,https://soyte.hanoi.gov.vn/tim-kiem?query=%28%5C%C4%91%E1%BA%A1o%20%C4%91%E1%BB%A9c%20AI%5C%22%20OR%20%5C%22qu%E1%BA%A3n%20tr%E1%BB%8B%20AI%5C%22%29%20AND%20%28ki%E1%BB%83m%20to%C3%A1n%20OR%20thanh%20tra%20OR%20gi%C3%A1m%20s%C3%A1t%29%22&page=2,2026-07-31T23:38:08+00:00,,0,URLError: <urlopen error [WinError 10054] An existing connection was forcibly closed by the remote host>,raw/doh-n-01-dq-evid-01-p02.body,raw/doh-n-01-dq-evid-01-p02.headers,E3B0C44298FC1C149AFBF4C8996FB92427AE41E4649B934CA495991B7852B855,0,TRANSPORT_ATTEMPTED
DOH-N-01,Sở Y tế Hà Nội,https://soyte.hanoi.gov.vn/,DQ-EVID-02,"(\AI\"" OR \""trí tuệ nhân tạo\"") AND (sự cố OR khiếu nại OR khắc phục) AND (y tế OR bệnh viện)""",1,https://soyte.hanoi.gov.vn/tim-kiem?query=%28%5CAI%5C%22%20OR%20%5C%22tr%C3%AD%20tu%E1%BB%87%20nh%C3%A2n%20t%E1%BA%A1o%5C%22%29%20AND%20%28s%E1%BB%B1%20c%E1%BB%91%20OR%20khi%E1%BA%BFu%20n%E1%BA%A1i%20OR%20kh%E1%BA%AFc%20ph%E1%BB%A5c%29%20AND%20%28y%20t%E1%BA%BF%20OR%20b%E1%BB%87nh%20vi%E1%BB%87n%29%22&page=1,2026-07-31T23:38:28+00:00,,0,URLError: <urlopen error [WinError 10054] An existing connection was forcibly closed by the remote host>,raw/doh-n-01-dq-evid-02-p01.body,raw/doh-n-01-dq-evid-02-p01.headers,E3B0C44298FC1C149AFBF4C8996FB92427AE41E4649B934CA495991B7852B855,0,TRANSPORT_ATTEMPTED
DOH-N-01,Sở Y tế Hà Nội,https://soyte.hanoi.gov.vn/,DQ-EVID-02,"(\AI\"" OR \""trí tuệ nhân tạo\"") AND (sự cố OR khiếu nại OR khắc phục) AND (y tế OR bệnh viện)""",2,https://soyte.hanoi.gov.vn/tim-kiem?query=%28%5CAI%5C%22%20OR%20%5C%22tr%C3%AD%20tu%E1%BB%87%20nh%C3%A2n%20t%E1%BA%A1o%5C%22%29%20AND%20%28s%E1%BB%B1%20c%E1%BB%91%20OR%20khi%E1%BA%BFu%20n%E1%BA%A1i%20OR%20kh%E1%BA%AFc%20ph%E1%BB%A5c%29%20AND%20%28y%20t%E1%BA%BF%20OR%20b%E1%BB%87nh%20vi%E1%BB%87n%29%22&page=2,2026-07-31T23:38:48+00:00,,0,URLError: <urlopen error [WinError 10054] An existing connection was forcibly closed by the remote host>,raw/doh-n-01-dq-evid-02-p02.body,raw/doh-n-01-dq-evid-02-p02.headers,E3B0C44298FC1C149AFBF4C8996FB92427AE41E4649B934CA495991B7852B855,0,TRANSPORT_ATTEMPTED
DOH-N-01,Sở Y tế Hà Nội,https://soyte.hanoi.gov.vn/,DQ-EVID-03,"(\AI\"" OR \""trí tuệ nhân tạo\"") AND (\""đánh giá tác động\"" OR kết quả) AND (y tế OR bệnh viện)""",1,https://soyte.hanoi.gov.vn/tim-kiem?query=%28%5CAI%5C%22%20OR%20%5C%22tr%C3%AD%20tu%E1%BB%87%20nh%C3%A2n%20t%E1%BA%A1o%5C%22%29%20AND%20%28%5C%22%C4%91%C3%A1nh%20gi%C3%A1%20t%C3%A1c%20%C4%91%E1%BB%99ng%5C%22%20OR%20k%E1%BA%BFt%20qu%E1%BA%A3%29%20AND%20%28y%20t%E1%BA%BF%20OR%20b%E1%BB%87nh%20vi%E1%BB%87n%29%22&page=1,2026-07-31T23:39:08+00:00,,0,URLError: <urlopen error [WinError 10054] An existing connection was forcibly closed by the remote host>,raw/doh-n-01-dq-evid-03-p01.body,raw/doh-n-01-dq-evid-03-p01.headers,E3B0C44298FC1C149AFBF4C8996FB92427AE41E4649B934CA495991B7852B855,0,TRANSPORT_ATTEMPTED
DOH-N-01,Sở Y tế Hà Nội,https://soyte.hanoi.gov.vn/,DQ-EVID-03,"(\AI\"" OR \""trí tuệ nhân tạo\"") AND (\""đánh giá tác động\"" OR kết quả) AND (y tế OR bệnh viện)""",2,https://soyte.hanoi.gov.vn/tim-kiem?query=%28%5CAI%5C%22%20OR%20%5C%22tr%C3%AD%20tu%E1%BB%87%20nh%C3%A2n%20t%E1%BA%A1o%5C%22%29%20AND%20%28%5C%22%C4%91%C3%A1nh%20gi%C3%A1%20t%C3%A1c%20%C4%91%E1%BB%99ng%5C%22%20OR%20k%E1%BA%BFt%20qu%E1%BA%A3%29%20AND%20%28y%20t%E1%BA%BF%20OR%20b%E1%BB%87nh%20vi%E1%BB%87n%29%22&page=2,2026-07-31T23:39:29+00:00,,0,URLError: <urlopen error [WinError 10054] An existing connection was forcibly closed by the remote host>,raw/doh-n-01-dq-evid-03-p02.body,raw/doh-n-01-dq-evid-03-p02.headers,E3B0C44298FC1C149AFBF4C8996FB92427AE41E4649B934CA495991B7852B855,0,TRANSPORT_ATTEMPTED
DOH-N-01,Sở Y tế Hà Nội,https://soyte.hanoi.gov.vn/,DQ-EVID-04,"(\AI ethics\"" OR \""AI governance\"") AND (audit OR inspection OR monitoring OR incident OR complaint OR redress OR \""impact assessment\"" OR outcome OR result) AND (Vietnam OR \""Viet Nam\"") AND (health OR hospital)""",1,https://soyte.hanoi.gov.vn/tim-kiem?query=%28%5CAI%20ethics%5C%22%20OR%20%5C%22AI%20governance%5C%22%29%20AND%20%28audit%20OR%20inspection%20OR%20monitoring%20OR%20incident%20OR%20complaint%20OR%20redress%20OR%20%5C%22impact%20assessment%5C%22%20OR%20outcome%20OR%20result%29%20AND%20%28Vietnam%20OR%20%5C%22Viet%20Nam%5C%22%29%20AND%20%28health%20OR%20hospital%29%22&page=1,2026-07-31T23:39:49+00:00,,0,URLError: <urlopen error [WinError 10054] An existing connection was forcibly closed by the remote host>,raw/doh-n-01-dq-evid-04-p01.body,raw/doh-n-01-dq-evid-04-p01.headers,E3B0C44298FC1C149AFBF4C8996FB92427AE41E4649B934CA495991B7852B855,0,TRANSPORT_ATTEMPTED
DOH-N-01,Sở Y tế Hà Nội,https://soyte.hanoi.gov.vn/,DQ-EVID-04,"(\AI ethics\"" OR \""AI governance\"") AND (audit OR inspection OR monitoring OR incident OR complaint OR redress OR \""impact assessment\"" OR outcome OR result) AND (Vietnam OR \""Viet Nam\"") AND (health OR hospital)""",2,https://soyte.hanoi.gov.vn/tim-kiem?query=%28%5CAI%20ethics%5C%22%20OR%20%5C%22AI%20governance%5C%22%29%20AND%20%28audit%20OR%20inspection%20OR%20monitoring%20OR%20incident%20OR%20complaint%20OR%20redress%20OR%20%5C%22impact%20assessment%5C%22%20OR%20outcome%20OR%20result%29%20AND%20%28Vietnam%20OR%20%5C%22Viet%20Nam%5C%22%29%20AND%20%28health%20OR%20hospital%29%22&page=2,2026-07-31T23:40:09+00:00,,0,URLError: <urlopen error [WinError 10054] An existing connection was forcibly closed by the remote host>,raw/doh-n-01-dq-evid-04-p02.body,raw/doh-n-01-dq-evid-04-p02.headers,E3B0C44298FC1C149AFBF4C8996FB92427AE41E4649B934CA495991B7852B855,0,TRANSPORT_ATTEMPTED
DOH-N-01,Sở Y tế Hà Nội,https://soyte.hanoi.gov.vn/,DQ-EVID-05,"(\artificial intelligence\"" OR AI) AND (\""post-implementation monitoring\"" OR \""post-market surveillance\"" OR \""incident reporting\"" OR \""quality management\"" OR \""effectiveness evaluation\"" OR audit) AND (Vietnam OR \""Viet Nam\"") AND (health OR hospital OR \""provincial health department\"")""",1,https://soyte.hanoi.gov.vn/tim-kiem?query=%28%5Cartificial%20intelligence%5C%22%20OR%20AI%29%20AND%20%28%5C%22post-implementation%20monitoring%5C%22%20OR%20%5C%22post-market%20surveillance%5C%22%20OR%20%5C%22incident%20reporting%5C%22%20OR%20%5C%22quality%20management%5C%22%20OR%20%5C%22effectiveness%20evaluation%5C%22%20OR%20audit%29%20AND%20%28Vietnam%20OR%20%5C%22Viet%20Nam%5C%22%29%20AND%20%28health%20OR%20hospital%20OR%20%5C%22provincial%20health%20department%5C%22%29%22&page=1,2026-07-31T23:40:29+00:00,,0,URLError: <urlopen error [WinError 10054] An existing connection was forcibly closed by the remote host>,raw/doh-n-01-dq-evid-05-p01.body,raw/doh-n-01-dq-evid-05-p01.headers,E3B0C44298FC1C149AFBF4C8996FB92427AE41E4649B934CA495991B7852B855,0,TRANSPORT_ATTEMPTED
DOH-N-01,Sở Y tế Hà Nội,https://soyte.hanoi.gov.vn/,DQ-EVID-05,"(\artificial intelligence\"" OR AI) AND (\""post-implementation monitoring\"" OR \""post-market surveillance\"" OR \""incident reporting\"" OR \""quality management\"" OR \""effectiveness evaluation\"" OR audit) AND (Vietnam OR \""Viet Nam\"") AND (health OR hospital OR \""provincial health department\"")""",2,https://soyte.hanoi.gov.vn/tim-kiem?query=%28%5Cartificial%20intelligence%5C%22%20OR%20AI%29%20AND%20%28%5C%22post-implementation%20monitoring%5C%22%20OR%20%5C%22post-market%20surveillance%5C%22%20OR%20%5C%22incident%20reporting%5C%22%20OR%20%5C%22quality%20management%5C%22%20OR%20%5C%22effectiveness%20evaluation%5C%22%20OR%20audit%29%20AND%20%28Vietnam%20OR%20%5C%22Viet%20Nam%5C%22%29%20AND%20%28health%20OR%20hospital%20OR%20%5C%22provincial%20health%20department%5C%22%29%22&page=2,2026-07-31T23:40:49+00:00,,0,URLError: <urlopen error [WinError 10054] An existing connection was forcibly closed by the remote host>,raw/doh-n-01-dq-evid-05-p02.body,raw/doh-n-01-dq-evid-05-p02.headers,E3B0C44298FC1C149AFBF4C8996FB92427AE41E4649B934CA495991B7852B855,0,TRANSPORT_ATTEMPTED
DOH-C-01,Sở Y tế Đà Nẵng,https://soyte.danang.gov.vn/,DQ-IMPL-01,"(\đạo đức AI\"" OR \""AI có trách nhiệm\"" OR \""quản trị AI\"") AND (kế hoạch OR triển khai OR áp dụng OR thí điểm)""",1,https://soyte.danang.gov.vn/tim-kiem?query=%28%5C%C4%91%E1%BA%A1o%20%C4%91%E1%BB%A9c%20AI%5C%22%20OR%20%5C%22AI%20c%C3%B3%20tr%C3%A1ch%20nhi%E1%BB%87m%5C%22%20OR%20%5C%22qu%E1%BA%A3n%20tr%E1%BB%8B%20AI%5C%22%29%20AND%20%28k%E1%BA%BF%20ho%E1%BA%A1ch%20OR%20tri%E1%BB%83n%20khai%20OR%20%C3%A1p%20d%E1%BB%A5ng%20OR%20th%C3%AD%20%C4%91i%E1%BB%83m%29%22&page=1,2026-07-31T23:41:10+00:00,200,207104,,raw/doh-c-01-dq-impl-01-p01.body,raw/doh-c-01-dq-impl-01-p01.headers,667D0ADF343F3E769D1ACFC6ADFB91A94DCD6347D983EDDB5AE6147430D7D0CF,58,RAW_PAGE_CAPTURED
DOH-C-01,Sở Y tế Đà Nẵng,https://soyte.danang.gov.vn/,DQ-IMPL-01,"(\đạo đức AI\"" OR \""AI có trách nhiệm\"" OR \""quản trị AI\"") AND (kế hoạch OR triển khai OR áp dụng OR thí điểm)""",2,https://soyte.danang.gov.vn/tim-kiem?query=%28%5C%C4%91%E1%BA%A1o%20%C4%91%E1%BB%A9c%20AI%5C%22%20OR%20%5C%22AI%20c%C3%B3%20tr%C3%A1ch%20nhi%E1%BB%87m%5C%22%20OR%20%5C%22qu%E1%BA%A3n%20tr%E1%BB%8B%20AI%5C%22%29%20AND%20%28k%E1%BA%BF%20ho%E1%BA%A1ch%20OR%20tri%E1%BB%83n%20khai%20OR%20%C3%A1p%20d%E1%BB%A5ng%20OR%20th%C3%AD%20%C4%91i%E1%BB%83m%29%22&page=2,2026-07-31T23:41:13+00:00,200,207104,,raw/doh-c-01-dq-impl-01-p02.body,raw/doh-c-01-dq-impl-01-p02.headers,12CC45343D8A37B618BF0C001AC8B601A5EC74F3DD4CF35ADA9E173DE098C953,58,RAW_PAGE_CAPTURED
DOH-C-01,Sở Y tế Đà Nẵng,https://soyte.danang.gov.vn/,DQ-TOOL-01,"(\đánh giá tuân thủ\"" OR \""tự đánh giá\"") AND (\""đạo đức AI\"" OR \""AI có trách nhiệm\"")""",1,https://soyte.danang.gov.vn/tim-kiem?query=%28%5C%C4%91%C3%A1nh%20gi%C3%A1%20tu%C3%A2n%20th%E1%BB%A7%5C%22%20OR%20%5C%22t%E1%BB%B1%20%C4%91%C3%A1nh%20gi%C3%A1%5C%22%29%20AND%20%28%5C%22%C4%91%E1%BA%A1o%20%C4%91%E1%BB%A9c%20AI%5C%22%20OR%20%5C%22AI%20c%C3%B3%20tr%C3%A1ch%20nhi%E1%BB%87m%5C%22%29%22&page=1,2026-07-31T23:41:17+00:00,200,202660,,raw/doh-c-01-dq-tool-01-p01.body,raw/doh-c-01-dq-tool-01-p01.headers,908D12F375CC037B4E34665E766D77F97715BDED3FD77A02B2F87F445BA206E3,58,RAW_PAGE_CAPTURED
DOH-C-01,Sở Y tế Đà Nẵng,https://soyte.danang.gov.vn/,DQ-TOOL-01,"(\đánh giá tuân thủ\"" OR \""tự đánh giá\"") AND (\""đạo đức AI\"" OR \""AI có trách nhiệm\"")""",2,https://soyte.danang.gov.vn/tim-kiem?query=%28%5C%C4%91%C3%A1nh%20gi%C3%A1%20tu%C3%A2n%20th%E1%BB%A7%5C%22%20OR%20%5C%22t%E1%BB%B1%20%C4%91%C3%A1nh%20gi%C3%A1%5C%22%29%20AND%20%28%5C%22%C4%91%E1%BA%A1o%20%C4%91%E1%BB%A9c%20AI%5C%22%20OR%20%5C%22AI%20c%C3%B3%20tr%C3%A1ch%20nhi%E1%BB%87m%5C%22%29%22&page=2,2026-07-31T23:41:20+00:00,200,206012,,raw/doh-c-01-dq-tool-01-p02.body,raw/doh-c-01-dq-tool-01-p02.headers,901C8150191D91507D4F02677FE095DE191BF920F275F1D4692DA831FB0463CA,58,RAW_PAGE_CAPTURED
DOH-C-01,Sở Y tế Đà Nẵng,https://soyte.danang.gov.vn/,DQ-TOOL-02,"(nền tảng OR công cụ) AND (\đánh giá tuân thủ\"" OR \""đánh giá tác động\"") AND (\""AI\"" OR \""trí tuệ nhân tạo\"")""",1,https://soyte.danang.gov.vn/tim-kiem?query=%28n%E1%BB%81n%20t%E1%BA%A3ng%20OR%20c%C3%B4ng%20c%E1%BB%A5%29%20AND%20%28%5C%C4%91%C3%A1nh%20gi%C3%A1%20tu%C3%A2n%20th%E1%BB%A7%5C%22%20OR%20%5C%22%C4%91%C3%A1nh%20gi%C3%A1%20t%C3%A1c%20%C4%91%E1%BB%99ng%5C%22%29%20AND%20%28%5C%22AI%5C%22%20OR%20%5C%22tr%C3%AD%20tu%E1%BB%87%20nh%C3%A2n%20t%E1%BA%A1o%5C%22%29%22&page=1,2026-07-31T23:41:24+00:00,200,211563,,raw/doh-c-01-dq-tool-02-p01.body,raw/doh-c-01-dq-tool-02-p01.headers,B98015A947F9CF985BBADE0E1F994A6C6EBA210C61592EF570052F8A86148B91,58,RAW_PAGE_CAPTURED
DOH-C-01,Sở Y tế Đà Nẵng,https://soyte.danang.gov.vn/,DQ-TOOL-02,"(nền tảng OR công cụ) AND (\đánh giá tuân thủ\"" OR \""đánh giá tác động\"") AND (\""AI\"" OR \""trí tuệ nhân tạo\"")""",2,https://soyte.danang.gov.vn/tim-kiem?query=%28n%E1%BB%81n%20t%E1%BA%A3ng%20OR%20c%C3%B4ng%20c%E1%BB%A5%29%20AND%20%28%5C%C4%91%C3%A1nh%20gi%C3%A1%20tu%C3%A2n%20th%E1%BB%A7%5C%22%20OR%20%5C%22%C4%91%C3%A1nh%20gi%C3%A1%20t%C3%A1c%20%C4%91%E1%BB%99ng%5C%22%29%20AND%20%28%5C%22AI%5C%22%20OR%20%5C%22tr%C3%AD%20tu%E1%BB%87%20nh%C3%A2n%20t%E1%BA%A1o%5C%22%29%22&page=2,2026-07-31T23:41:28+00:00,200,208211,,raw/doh-c-01-dq-tool-02-p02.body,raw/doh-c-01-dq-tool-02-p02.headers,833741CE7B16F368E879F6D8AD0671FC73EC2D02D7BC6D3387292617ADAB361F,58,RAW_PAGE_CAPTURED
DOH-C-01,Sở Y tế Đà Nẵng,https://soyte.danang.gov.vn/,DQ-IMPL-04,"(\trí tuệ nhân tạo\"" OR AI) AND (\""theo dõi sau triển khai\"" OR hậu kiểm OR \""giám sát sau triển khai\"" OR \""đánh giá hiệu quả\"") AND (y tế OR bệnh viện OR \""Sở Y tế\"")""",1,https://soyte.danang.gov.vn/tim-kiem?query=%28%5Ctr%C3%AD%20tu%E1%BB%87%20nh%C3%A2n%20t%E1%BA%A1o%5C%22%20OR%20AI%29%20AND%20%28%5C%22theo%20d%C3%B5i%20sau%20tri%E1%BB%83n%20khai%5C%22%20OR%20h%E1%BA%ADu%20ki%E1%BB%83m%20OR%20%5C%22gi%C3%A1m%20s%C3%A1t%20sau%20tri%E1%BB%83n%20khai%5C%22%20OR%20%5C%22%C4%91%C3%A1nh%20gi%C3%A1%20hi%E1%BB%87u%20qu%E1%BA%A3%5C%22%29%20AND%20%28y%20t%E1%BA%BF%20OR%20b%E1%BB%87nh%20vi%E1%BB%87n%20OR%20%5C%22S%E1%BB%9F%20Y%20t%E1%BA%BF%5C%22%29%22&page=1,2026-07-31T23:41:32+00:00,200,219509,,raw/doh-c-01-dq-impl-04-p01.body,raw/doh-c-01-dq-impl-04-p01.headers,8B95955FCAF0F409B7AE4A2DEC792A076D7A216F04B17457D57ED7588F977278,58,RAW_PAGE_CAPTURED
DOH-C-01,Sở Y tế Đà Nẵng,https://soyte.danang.gov.vn/,DQ-IMPL-04,"(\trí tuệ nhân tạo\"" OR AI) AND (\""theo dõi sau triển khai\"" OR hậu kiểm OR \""giám sát sau triển khai\"" OR \""đánh giá hiệu quả\"") AND (y tế OR bệnh viện OR \""Sở Y tế\"")""",2,https://soyte.danang.gov.vn/tim-kiem?query=%28%5Ctr%C3%AD%20tu%E1%BB%87%20nh%C3%A2n%20t%E1%BA%A1o%5C%22%20OR%20AI%29%20AND%20%28%5C%22theo%20d%C3%B5i%20sau%20tri%E1%BB%83n%20khai%5C%22%20OR%20h%E1%BA%ADu%20ki%E1%BB%83m%20OR%20%5C%22gi%C3%A1m%20s%C3%A1t%20sau%20tri%E1%BB%83n%20khai%5C%22%20OR%20%5C%22%C4%91%C3%A1nh%20gi%C3%A1%20hi%E1%BB%87u%20qu%E1%BA%A3%5C%22%29%20AND%20%28y%20t%E1%BA%BF%20OR%20b%E1%BB%87nh%20vi%E1%BB%87n%20OR%20%5C%22S%E1%BB%9F%20Y%20t%E1%BA%BF%5C%22%29%22&page=2,2026-07-31T23:41:35+00:00,200,222861,,raw/doh-c-01-dq-impl-04-p02.body,raw/doh-c-01-dq-impl-04-p02.headers,D9C6EB2534FE2321BEDE0BACCA221839669D4BB2BA38D2DF2EAAF36DC7D53918,58,RAW_PAGE_CAPTURED
DOH-C-01,Sở Y tế Đà Nẵng,https://soyte.danang.gov.vn/,DQ-IMPL-05,"(\trí tuệ nhân tạo\"" OR AI) AND (\""báo cáo sự cố\"" OR \""quản lý chất lượng\"" OR kiểm toán OR thanh tra) AND (y tế OR bệnh viện OR \""Sở Y tế\"")""",1,https://soyte.danang.gov.vn/tim-kiem?query=%28%5Ctr%C3%AD%20tu%E1%BB%87%20nh%C3%A2n%20t%E1%BA%A1o%5C%22%20OR%20AI%29%20AND%20%28%5C%22b%C3%A1o%20c%C3%A1o%20s%E1%BB%B1%20c%E1%BB%91%5C%22%20OR%20%5C%22qu%E1%BA%A3n%20l%C3%BD%20ch%E1%BA%A5t%20l%C6%B0%E1%BB%A3ng%5C%22%20OR%20ki%E1%BB%83m%20to%C3%A1n%20OR%20thanh%20tra%29%20AND%20%28y%20t%E1%BA%BF%20OR%20b%E1%BB%87nh%20vi%E1%BB%87n%20OR%20%5C%22S%E1%BB%9F%20Y%20t%E1%BA%BF%5C%22%29%22&page=1,2026-07-31T23:41:39+00:00,200,215234,,raw/doh-c-01-dq-impl-05-p01.body,raw/doh-c-01-dq-impl-05-p01.headers,0FED6D087BEB290CEECB6C4BCC2CB9DB2A1F71935D52A15E41D415158FFD68A7,58,RAW_PAGE_CAPTURED
DOH-C-01,Sở Y tế Đà Nẵng,https://soyte.danang.gov.vn/,DQ-IMPL-05,"(\trí tuệ nhân tạo\"" OR AI) AND (\""báo cáo sự cố\"" OR \""quản lý chất lượng\"" OR kiểm toán OR thanh tra) AND (y tế OR bệnh viện OR \""Sở Y tế\"")""",2,https://soyte.danang.gov.vn/tim-kiem?query=%28%5Ctr%C3%AD%20tu%E1%BB%87%20nh%C3%A2n%20t%E1%BA%A1o%5C%22%20OR%20AI%29%20AND%20%28%5C%22b%C3%A1o%20c%C3%A1o%20s%E1%BB%B1%20c%E1%BB%91%5C%22%20OR%20%5C%22qu%E1%BA%A3n%20l%C3%BD%20ch%E1%BA%A5t%20l%C6%B0%E1%BB%A3ng%5C%22%20OR%20ki%E1%BB%83m%20to%C3%A1n%20OR%20thanh%20tra%29%20AND%20%28y%20t%E1%BA%BF%20OR%20b%E1%BB%87nh%20vi%E1%BB%87n%20OR%20%5C%22S%E1%BB%9F%20Y%20t%E1%BA%BF%5C%22%29%22&page=2,2026-07-31T23:41:43+00:00,200,218586,,raw/doh-c-01-dq-impl-05-p02.body,raw/doh-c-01-dq-impl-05-p02.headers,7779AFC93DB008AEEE33FD44F03A2E932C7B5FB03C057E7487E4874B3650D7EE,58,RAW_PAGE_CAPTURED
DOH-C-01,Sở Y tế Đà Nẵng,https://soyte.danang.gov.vn/,DQ-EVID-01,"(\đạo đức AI\"" OR \""quản trị AI\"") AND (kiểm toán OR thanh tra OR giám sát)""",1,https://soyte.danang.gov.vn/tim-kiem?query=%28%5C%C4%91%E1%BA%A1o%20%C4%91%E1%BB%A9c%20AI%5C%22%20OR%20%5C%22qu%E1%BA%A3n%20tr%E1%BB%8B%20AI%5C%22%29%20AND%20%28ki%E1%BB%83m%20to%C3%A1n%20OR%20thanh%20tra%20OR%20gi%C3%A1m%20s%C3%A1t%29%22&page=1,2026-07-31T23:41:47+00:00,200,199629,,raw/doh-c-01-dq-evid-01-p01.body,raw/doh-c-01-dq-evid-01-p01.headers,A67CD2B0648DBA371B104D82F7351F280F0ED7A5DA624664C3DC7DD99A701496,58,RAW_PAGE_CAPTURED
DOH-C-01,Sở Y tế Đà Nẵng,https://soyte.danang.gov.vn/,DQ-EVID-01,"(\đạo đức AI\"" OR \""quản trị AI\"") AND (kiểm toán OR thanh tra OR giám sát)""",2,https://soyte.danang.gov.vn/tim-kiem?query=%28%5C%C4%91%E1%BA%A1o%20%C4%91%E1%BB%A9c%20AI%5C%22%20OR%20%5C%22qu%E1%BA%A3n%20tr%E1%BB%8B%20AI%5C%22%29%20AND%20%28ki%E1%BB%83m%20to%C3%A1n%20OR%20thanh%20tra%20OR%20gi%C3%A1m%20s%C3%A1t%29%22&page=2,2026-07-31T23:41:50+00:00,200,199629,,raw/doh-c-01-dq-evid-01-p02.body,raw/doh-c-01-dq-evid-01-p02.headers,E7F3BCF9AA1BFD8C131EC3A6C3753DC2354EF28C4257D5F33D4B465B18B9F1C7,58,RAW_PAGE_CAPTURED
DOH-C-01,Sở Y tế Đà Nẵng,https://soyte.danang.gov.vn/,DQ-EVID-02,"(\AI\"" OR \""trí tuệ nhân tạo\"") AND (sự cố OR khiếu nại OR khắc phục) AND (y tế OR bệnh viện)""",1,https://soyte.danang.gov.vn/tim-kiem?query=%28%5CAI%5C%22%20OR%20%5C%22tr%C3%AD%20tu%E1%BB%87%20nh%C3%A2n%20t%E1%BA%A1o%5C%22%29%20AND%20%28s%E1%BB%B1%20c%E1%BB%91%20OR%20khi%E1%BA%BFu%20n%E1%BA%A1i%20OR%20kh%E1%BA%AFc%20ph%E1%BB%A5c%29%20AND%20%28y%20t%E1%BA%BF%20OR%20b%E1%BB%87nh%20vi%E1%BB%87n%29%22&page=1,2026-07-31T23:41:54+00:00,200,202741,,raw/doh-c-01-dq-evid-02-p01.body,raw/doh-c-01-dq-evid-02-p01.headers,73D0194BF9B65E70069BAD33679FCEF35BAA0DFCC34F7B84A4B29805896F0E28,58,RAW_PAGE_CAPTURED
DOH-C-01,Sở Y tế Đà Nẵng,https://soyte.danang.gov.vn/,DQ-EVID-02,"(\AI\"" OR \""trí tuệ nhân tạo\"") AND (sự cố OR khiếu nại OR khắc phục) AND (y tế OR bệnh viện)""",2,https://soyte.danang.gov.vn/tim-kiem?query=%28%5CAI%5C%22%20OR%20%5C%22tr%C3%AD%20tu%E1%BB%87%20nh%C3%A2n%20t%E1%BA%A1o%5C%22%29%20AND%20%28s%E1%BB%B1%20c%E1%BB%91%20OR%20khi%E1%BA%BFu%20n%E1%BA%A1i%20OR%20kh%E1%BA%AFc%20ph%E1%BB%A5c%29%20AND%20%28y%20t%E1%BA%BF%20OR%20b%E1%BB%87nh%20vi%E1%BB%87n%29%22&page=2,2026-07-31T23:41:58+00:00,200,206093,,raw/doh-c-01-dq-evid-02-p02.body,raw/doh-c-01-dq-evid-02-p02.headers,6BAA6EFB41E4E661F8D41BE41CBA10460CA453C924560910FF2A2DD5634E5ED3,58,RAW_PAGE_CAPTURED
DOH-C-01,Sở Y tế Đà Nẵng,https://soyte.danang.gov.vn/,DQ-EVID-03,"(\AI\"" OR \""trí tuệ nhân tạo\"") AND (\""đánh giá tác động\"" OR kết quả) AND (y tế OR bệnh viện)""",1,https://soyte.danang.gov.vn/tim-kiem?query=%28%5CAI%5C%22%20OR%20%5C%22tr%C3%AD%20tu%E1%BB%87%20nh%C3%A2n%20t%E1%BA%A1o%5C%22%29%20AND%20%28%5C%22%C4%91%C3%A1nh%20gi%C3%A1%20t%C3%A1c%20%C4%91%E1%BB%99ng%5C%22%20OR%20k%E1%BA%BFt%20qu%E1%BA%A3%29%20AND%20%28y%20t%E1%BA%BF%20OR%20b%E1%BB%87nh%20vi%E1%BB%87n%29%22&page=1,2026-07-31T23:42:03+00:00,200,207089,,raw/doh-c-01-dq-evid-03-p01.body,raw/doh-c-01-dq-evid-03-p01.headers,64D4D3C6AA6DFB25A277F7562AF19F8170C07192DF8B78489C8D7BA2D92B4924,58,RAW_PAGE_CAPTURED
DOH-C-01,Sở Y tế Đà Nẵng,https://soyte.danang.gov.vn/,DQ-EVID-03,"(\AI\"" OR \""trí tuệ nhân tạo\"") AND (\""đánh giá tác động\"" OR kết quả) AND (y tế OR bệnh viện)""",2,https://soyte.danang.gov.vn/tim-kiem?query=%28%5CAI%5C%22%20OR%20%5C%22tr%C3%AD%20tu%E1%BB%87%20nh%C3%A2n%20t%E1%BA%A1o%5C%22%29%20AND%20%28%5C%22%C4%91%C3%A1nh%20gi%C3%A1%20t%C3%A1c%20%C4%91%E1%BB%99ng%5C%22%20OR%20k%E1%BA%BFt%20qu%E1%BA%A3%29%20AND%20%28y%20t%E1%BA%BF%20OR%20b%E1%BB%87nh%20vi%E1%BB%87n%29%22&page=2,2026-07-31T23:42:07+00:00,200,207089,,raw/doh-c-01-dq-evid-03-p02.body,raw/doh-c-01-dq-evid-03-p02.headers,5119312D26E98F7E7E7D27432216B71944F1B4E8731D4B70612B7B6FF31D092F,58,RAW_PAGE_CAPTURED
DOH-C-01,Sở Y tế Đà Nẵng,https://soyte.danang.gov.vn/,DQ-EVID-04,"(\AI ethics\"" OR \""AI governance\"") AND (audit OR inspection OR monitoring OR incident OR complaint OR redress OR \""impact assessment\"" OR outcome OR result) AND (Vietnam OR \""Viet Nam\"") AND (health OR hospital)""",1,https://soyte.danang.gov.vn/tim-kiem?query=%28%5CAI%20ethics%5C%22%20OR%20%5C%22AI%20governance%5C%22%29%20AND%20%28audit%20OR%20inspection%20OR%20monitoring%20OR%20incident%20OR%20complaint%20OR%20redress%20OR%20%5C%22impact%20assessment%5C%22%20OR%20outcome%20OR%20result%29%20AND%20%28Vietnam%20OR%20%5C%22Viet%20Nam%5C%22%29%20AND%20%28health%20OR%20hospital%29%22&page=1,2026-07-31T23:42:11+00:00,200,205463,,raw/doh-c-01-dq-evid-04-p01.body,raw/doh-c-01-dq-evid-04-p01.headers,0CD18FA8F6D7B7BA9AA6F34DC1ECD3627E7AFC610AD511BCA7B5DA4D9EFD52FE,58,RAW_PAGE_CAPTURED
DOH-C-01,Sở Y tế Đà Nẵng,https://soyte.danang.gov.vn/,DQ-EVID-04,"(\AI ethics\"" OR \""AI governance\"") AND (audit OR inspection OR monitoring OR incident OR complaint OR redress OR \""impact assessment\"" OR outcome OR result) AND (Vietnam OR \""Viet Nam\"") AND (health OR hospital)""",2,https://soyte.danang.gov.vn/tim-kiem?query=%28%5CAI%20ethics%5C%22%20OR%20%5C%22AI%20governance%5C%22%29%20AND%20%28audit%20OR%20inspection%20OR%20monitoring%20OR%20incident%20OR%20complaint%20OR%20redress%20OR%20%5C%22impact%20assessment%5C%22%20OR%20outcome%20OR%20result%29%20AND%20%28Vietnam%20OR%20%5C%22Viet%20Nam%5C%22%29%20AND%20%28health%20OR%20hospital%29%22&page=2,2026-07-31T23:42:14+00:00,200,205463,,raw/doh-c-01-dq-evid-04-p02.body,raw/doh-c-01-dq-evid-04-p02.headers,1B084E0160907DB647A071CA6DAC0F174754253DE692F0A64A5645EFCEC4FA16,58,RAW_PAGE_CAPTURED
DOH-C-01,Sở Y tế Đà Nẵng,https://soyte.danang.gov.vn/,DQ-EVID-05,"(\artificial intelligence\"" OR AI) AND (\""post-implementation monitoring\"" OR \""post-market surveillance\"" OR \""incident reporting\"" OR \""quality management\"" OR \""effectiveness evaluation\"" OR audit) AND (Vietnam OR \""Viet Nam\"") AND (health OR hospital OR \""provincial health department\"")""",1,https://soyte.danang.gov.vn/tim-kiem?query=%28%5Cartificial%20intelligence%5C%22%20OR%20AI%29%20AND%20%28%5C%22post-implementation%20monitoring%5C%22%20OR%20%5C%22post-market%20surveillance%5C%22%20OR%20%5C%22incident%20reporting%5C%22%20OR%20%5C%22quality%20management%5C%22%20OR%20%5C%22effectiveness%20evaluation%5C%22%20OR%20audit%29%20AND%20%28Vietnam%20OR%20%5C%22Viet%20Nam%5C%22%29%20AND%20%28health%20OR%20hospital%20OR%20%5C%22provincial%20health%20department%5C%22%29%22&page=1,2026-07-31T23:42:17+00:00,200,214985,,raw/doh-c-01-dq-evid-05-p01.body,raw/doh-c-01-dq-evid-05-p01.headers,43956F4A504C57A34D2B988CA7772ECBA2B0EDDC1F57C0DC323E22075FDE54F5,58,RAW_PAGE_CAPTURED
DOH-C-01,Sở Y tế Đà Nẵng,https://soyte.danang.gov.vn/,DQ-EVID-05,"(\artificial intelligence\"" OR AI) AND (\""post-implementation monitoring\"" OR \""post-market surveillance\"" OR \""incident reporting\"" OR \""quality management\"" OR \""effectiveness evaluation\"" OR audit) AND (Vietnam OR \""Viet Nam\"") AND (health OR hospital OR \""provincial health department\"")""",2,https://soyte.danang.gov.vn/tim-kiem?query=%28%5Cartificial%20intelligence%5C%22%20OR%20AI%29%20AND%20%28%5C%22post-implementation%20monitoring%5C%22%20OR%20%5C%22post-market%20surveillance%5C%22%20OR%20%5C%22incident%20reporting%5C%22%20OR%20%5C%22quality%20management%5C%22%20OR%20%5C%22effectiveness%20evaluation%5C%22%20OR%20audit%29%20AND%20%28Vietnam%20OR%20%5C%22Viet%20Nam%5C%22%29%20AND%20%28health%20OR%20hospital%20OR%20%5C%22provincial%20health%20department%5C%22%29%22&page=2,2026-07-31T23:42:23+00:00,200,218337,,raw/doh-c-01-dq-evid-05-p02.body,raw/doh-c-01-dq-evid-05-p02.headers,04A49A0910952A760938795806F1FB06F7FDBFBDCB940CC09719AB06BE552CBC,58,RAW_PAGE_CAPTURED
DOH-S-01,Sở Y tế Thành phố Hồ Chí Minh,https://medinet.gov.vn/,DQ-IMPL-01,"(\đạo đức AI\"" OR \""AI có trách nhiệm\"" OR \""quản trị AI\"") AND (kế hoạch OR triển khai OR áp dụng OR thí điểm)""",1,https://medinet.gov.vn/tim-kiem?query=%28%5C%C4%91%E1%BA%A1o%20%C4%91%E1%BB%A9c%20AI%5C%22%20OR%20%5C%22AI%20c%C3%B3%20tr%C3%A1ch%20nhi%E1%BB%87m%5C%22%20OR%20%5C%22qu%E1%BA%A3n%20tr%E1%BB%8B%20AI%5C%22%29%20AND%20%28k%E1%BA%BF%20ho%E1%BA%A1ch%20OR%20tri%E1%BB%83n%20khai%20OR%20%C3%A1p%20d%E1%BB%A5ng%20OR%20th%C3%AD%20%C4%91i%E1%BB%83m%29%22&page=1,2026-07-31T23:42:27+00:00,404,1932,HTTPError: Not Found,raw/doh-s-01-dq-impl-01-p01.body,raw/doh-s-01-dq-impl-01-p01.headers,A1BF9C773808D3B86C11F5D370F3A41F40F4F4DC80623B8F4E27449872C370D9,0,TRANSPORT_ATTEMPTED
DOH-S-01,Sở Y tế Thành phố Hồ Chí Minh,https://medinet.gov.vn/,DQ-IMPL-01,"(\đạo đức AI\"" OR \""AI có trách nhiệm\"" OR \""quản trị AI\"") AND (kế hoạch OR triển khai OR áp dụng OR thí điểm)""",2,https://medinet.gov.vn/tim-kiem?query=%28%5C%C4%91%E1%BA%A1o%20%C4%91%E1%BB%A9c%20AI%5C%22%20OR%20%5C%22AI%20c%C3%B3%20tr%C3%A1ch%20nhi%E1%BB%87m%5C%22%20OR%20%5C%22qu%E1%BA%A3n%20tr%E1%BB%8B%20AI%5C%22%29%20AND%20%28k%E1%BA%BF%20ho%E1%BA%A1ch%20OR%20tri%E1%BB%83n%20khai%20OR%20%C3%A1p%20d%E1%BB%A5ng%20OR%20th%C3%AD%20%C4%91i%E1%BB%83m%29%22&page=2,2026-07-31T23:42:30+00:00,404,1932,HTTPError: Not Found,raw/doh-s-01-dq-impl-01-p02.body,raw/doh-s-01-dq-impl-01-p02.headers,A1BF9C773808D3B86C11F5D370F3A41F40F4F4DC80623B8F4E27449872C370D9,0,TRANSPORT_ATTEMPTED
DOH-S-01,Sở Y tế Thành phố Hồ Chí Minh,https://medinet.gov.vn/,DQ-TOOL-01,"(\đánh giá tuân thủ\"" OR \""tự đánh giá\"") AND (\""đạo đức AI\"" OR \""AI có trách nhiệm\"")""",1,https://medinet.gov.vn/tim-kiem?query=%28%5C%C4%91%C3%A1nh%20gi%C3%A1%20tu%C3%A2n%20th%E1%BB%A7%5C%22%20OR%20%5C%22t%E1%BB%B1%20%C4%91%C3%A1nh%20gi%C3%A1%5C%22%29%20AND%20%28%5C%22%C4%91%E1%BA%A1o%20%C4%91%E1%BB%A9c%20AI%5C%22%20OR%20%5C%22AI%20c%C3%B3%20tr%C3%A1ch%20nhi%E1%BB%87m%5C%22%29%22&page=1,2026-07-31T23:42:33+00:00,404,1932,HTTPError: Not Found,raw/doh-s-01-dq-tool-01-p01.body,raw/doh-s-01-dq-tool-01-p01.headers,A1BF9C773808D3B86C11F5D370F3A41F40F4F4DC80623B8F4E27449872C370D9,0,TRANSPORT_ATTEMPTED
DOH-S-01,Sở Y tế Thành phố Hồ Chí Minh,https://medinet.gov.vn/,DQ-TOOL-01,"(\đánh giá tuân thủ\"" OR \""tự đánh giá\"") AND (\""đạo đức AI\"" OR \""AI có trách nhiệm\"")""",2,https://medinet.gov.vn/tim-kiem?query=%28%5C%C4%91%C3%A1nh%20gi%C3%A1%20tu%C3%A2n%20th%E1%BB%A7%5C%22%20OR%20%5C%22t%E1%BB%B1%20%C4%91%C3%A1nh%20gi%C3%A1%5C%22%29%20AND%20%28%5C%22%C4%91%E1%BA%A1o%20%C4%91%E1%BB%A9c%20AI%5C%22%20OR%20%5C%22AI%20c%C3%B3%20tr%C3%A1ch%20nhi%E1%BB%87m%5C%22%29%22&page=2,2026-07-31T23:42:35+00:00,404,1932,HTTPError: Not Found,raw/doh-s-01-dq-tool-01-p02.body,raw/doh-s-01-dq-tool-01-p02.headers,A1BF9C773808D3B86C11F5D370F3A41F40F4F4DC80623B8F4E27449872C370D9,0,TRANSPORT_ATTEMPTED
DOH-S-01,Sở Y tế Thành phố Hồ Chí Minh,https://medinet.gov.vn/,DQ-TOOL-02,"(nền tảng OR công cụ) AND (\đánh giá tuân thủ\"" OR \""đánh giá tác động\"") AND (\""AI\"" OR \""trí tuệ nhân tạo\"")""",1,https://medinet.gov.vn/tim-kiem?query=%28n%E1%BB%81n%20t%E1%BA%A3ng%20OR%20c%C3%B4ng%20c%E1%BB%A5%29%20AND%20%28%5C%C4%91%C3%A1nh%20gi%C3%A1%20tu%C3%A2n%20th%E1%BB%A7%5C%22%20OR%20%5C%22%C4%91%C3%A1nh%20gi%C3%A1%20t%C3%A1c%20%C4%91%E1%BB%99ng%5C%22%29%20AND%20%28%5C%22AI%5C%22%20OR%20%5C%22tr%C3%AD%20tu%E1%BB%87%20nh%C3%A2n%20t%E1%BA%A1o%5C%22%29%22&page=1,2026-07-31T23:42:38+00:00,404,1932,HTTPError: Not Found,raw/doh-s-01-dq-tool-02-p01.body,raw/doh-s-01-dq-tool-02-p01.headers,A1BF9C773808D3B86C11F5D370F3A41F40F4F4DC80623B8F4E27449872C370D9,0,TRANSPORT_ATTEMPTED
DOH-S-01,Sở Y tế Thành phố Hồ Chí Minh,https://medinet.gov.vn/,DQ-TOOL-02,"(nền tảng OR công cụ) AND (\đánh giá tuân thủ\"" OR \""đánh giá tác động\"") AND (\""AI\"" OR \""trí tuệ nhân tạo\"")""",2,https://medinet.gov.vn/tim-kiem?query=%28n%E1%BB%81n%20t%E1%BA%A3ng%20OR%20c%C3%B4ng%20c%E1%BB%A5%29%20AND%20%28%5C%C4%91%C3%A1nh%20gi%C3%A1%20tu%C3%A2n%20th%E1%BB%A7%5C%22%20OR%20%5C%22%C4%91%C3%A1nh%20gi%C3%A1%20t%C3%A1c%20%C4%91%E1%BB%99ng%5C%22%29%20AND%20%28%5C%22AI%5C%22%20OR%20%5C%22tr%C3%AD%20tu%E1%BB%87%20nh%C3%A2n%20t%E1%BA%A1o%5C%22%29%22&page=2,2026-07-31T23:42:41+00:00,404,1932,HTTPError: Not Found,raw/doh-s-01-dq-tool-02-p02.body,raw/doh-s-01-dq-tool-02-p02.headers,A1BF9C773808D3B86C11F5D370F3A41F40F4F4DC80623B8F4E27449872C370D9,0,TRANSPORT_ATTEMPTED
DOH-S-01,Sở Y tế Thành phố Hồ Chí Minh,https://medinet.gov.vn/,DQ-IMPL-04,"(\trí tuệ nhân tạo\"" OR AI) AND (\""theo dõi sau triển khai\"" OR hậu kiểm OR \""giám sát sau triển khai\"" OR \""đánh giá hiệu quả\"") AND (y tế OR bệnh viện OR \""Sở Y tế\"")""",1,https://medinet.gov.vn/tim-kiem?query=%28%5Ctr%C3%AD%20tu%E1%BB%87%20nh%C3%A2n%20t%E1%BA%A1o%5C%22%20OR%20AI%29%20AND%20%28%5C%22theo%20d%C3%B5i%20sau%20tri%E1%BB%83n%20khai%5C%22%20OR%20h%E1%BA%ADu%20ki%E1%BB%83m%20OR%20%5C%22gi%C3%A1m%20s%C3%A1t%20sau%20tri%E1%BB%83n%20khai%5C%22%20OR%20%5C%22%C4%91%C3%A1nh%20gi%C3%A1%20hi%E1%BB%87u%20qu%E1%BA%A3%5C%22%29%20AND%20%28y%20t%E1%BA%BF%20OR%20b%E1%BB%87nh%20vi%E1%BB%87n%20OR%20%5C%22S%E1%BB%9F%20Y%20t%E1%BA%BF%5C%22%29%22&page=1,2026-07-31T23:42:43+00:00,404,1932,HTTPError: Not Found,raw/doh-s-01-dq-impl-04-p01.body,raw/doh-s-01-dq-impl-04-p01.headers,A1BF9C773808D3B86C11F5D370F3A41F40F4F4DC80623B8F4E27449872C370D9,0,TRANSPORT_ATTEMPTED
DOH-S-01,Sở Y tế Thành phố Hồ Chí Minh,https://medinet.gov.vn/,DQ-IMPL-04,"(\trí tuệ nhân tạo\"" OR AI) AND (\""theo dõi sau triển khai\"" OR hậu kiểm OR \""giám sát sau triển khai\"" OR \""đánh giá hiệu quả\"") AND (y tế OR bệnh viện OR \""Sở Y tế\"")""",2,https://medinet.gov.vn/tim-kiem?query=%28%5Ctr%C3%AD%20tu%E1%BB%87%20nh%C3%A2n%20t%E1%BA%A1o%5C%22%20OR%20AI%29%20AND%20%28%5C%22theo%20d%C3%B5i%20sau%20tri%E1%BB%83n%20khai%5C%22%20OR%20h%E1%BA%ADu%20ki%E1%BB%83m%20OR%20%5C%22gi%C3%A1m%20s%C3%A1t%20sau%20tri%E1%BB%83n%20khai%5C%22%20OR%20%5C%22%C4%91%C3%A1nh%20gi%C3%A1%20hi%E1%BB%87u%20qu%E1%BA%A3%5C%22%29%20AND%20%28y%20t%E1%BA%BF%20OR%20b%E1%BB%87nh%20vi%E1%BB%87n%20OR%20%5C%22S%E1%BB%9F%20Y%20t%E1%BA%BF%5C%22%29%22&page=2,2026-07-31T23:42:47+00:00,404,1932,HTTPError: Not Found,raw/doh-s-01-dq-impl-04-p02.body,raw/doh-s-01-dq-impl-04-p02.headers,A1BF9C773808D3B86C11F5D370F3A41F40F4F4DC80623B8F4E27449872C370D9,0,TRANSPORT_ATTEMPTED
DOH-S-01,Sở Y tế Thành phố Hồ Chí Minh,https://medinet.gov.vn/,DQ-IMPL-05,"(\trí tuệ nhân tạo\"" OR AI) AND (\""báo cáo sự cố\"" OR \""quản lý chất lượng\"" OR kiểm toán OR thanh tra) AND (y tế OR bệnh viện OR \""Sở Y tế\"")""",1,https://medinet.gov.vn/tim-kiem?query=%28%5Ctr%C3%AD%20tu%E1%BB%87%20nh%C3%A2n%20t%E1%BA%A1o%5C%22%20OR%20AI%29%20AND%20%28%5C%22b%C3%A1o%20c%C3%A1o%20s%E1%BB%B1%20c%E1%BB%91%5C%22%20OR%20%5C%22qu%E1%BA%A3n%20l%C3%BD%20ch%E1%BA%A5t%20l%C6%B0%E1%BB%A3ng%5C%22%20OR%20ki%E1%BB%83m%20to%C3%A1n%20OR%20thanh%20tra%29%20AND%20%28y%20t%E1%BA%BF%20OR%20b%E1%BB%87nh%20vi%E1%BB%87n%20OR%20%5C%22S%E1%BB%9F%20Y%20t%E1%BA%BF%5C%22%29%22&page=1,2026-07-31T23:42:49+00:00,404,1932,HTTPError: Not Found,raw/doh-s-01-dq-impl-05-p01.body,raw/doh-s-01-dq-impl-05-p01.headers,A1BF9C773808D3B86C11F5D370F3A41F40F4F4DC80623B8F4E27449872C370D9,0,TRANSPORT_ATTEMPTED
DOH-S-01,Sở Y tế Thành phố Hồ Chí Minh,https://medinet.gov.vn/,DQ-IMPL-05,"(\trí tuệ nhân tạo\"" OR AI) AND (\""báo cáo sự cố\"" OR \""quản lý chất lượng\"" OR kiểm toán OR thanh tra) AND (y tế OR bệnh viện OR \""Sở Y tế\"")""",2,https://medinet.gov.vn/tim-kiem?query=%28%5Ctr%C3%AD%20tu%E1%BB%87%20nh%C3%A2n%20t%E1%BA%A1o%5C%22%20OR%20AI%29%20AND%20%28%5C%22b%C3%A1o%20c%C3%A1o%20s%E1%BB%B1%20c%E1%BB%91%5C%22%20OR%20%5C%22qu%E1%BA%A3n%20l%C3%BD%20ch%E1%BA%A5t%20l%C6%B0%E1%BB%A3ng%5C%22%20OR%20ki%E1%BB%83m%20to%C3%A1n%20OR%20thanh%20tra%29%20AND%20%28y%20t%E1%BA%BF%20OR%20b%E1%BB%87nh%20vi%E1%BB%87n%20OR%20%5C%22S%E1%BB%9F%20Y%20t%E1%BA%BF%5C%22%29%22&page=2,2026-07-31T23:42:52+00:00,404,1932,HTTPError: Not Found,raw/doh-s-01-dq-impl-05-p02.body,raw/doh-s-01-dq-impl-05-p02.headers,A1BF9C773808D3B86C11F5D370F3A41F40F4F4DC80623B8F4E27449872C370D9,0,TRANSPORT_ATTEMPTED
DOH-S-01,Sở Y tế Thành phố Hồ Chí Minh,https://medinet.gov.vn/,DQ-EVID-01,"(\đạo đức AI\"" OR \""quản trị AI\"") AND (kiểm toán OR thanh tra OR giám sát)""",1,https://medinet.gov.vn/tim-kiem?query=%28%5C%C4%91%E1%BA%A1o%20%C4%91%E1%BB%A9c%20AI%5C%22%20OR%20%5C%22qu%E1%BA%A3n%20tr%E1%BB%8B%20AI%5C%22%29%20AND%20%28ki%E1%BB%83m%20to%C3%A1n%20OR%20thanh%20tra%20OR%20gi%C3%A1m%20s%C3%A1t%29%22&page=1,2026-07-31T23:42:54+00:00,404,1932,HTTPError: Not Found,raw/doh-s-01-dq-evid-01-p01.body,raw/doh-s-01-dq-evid-01-p01.headers,A1BF9C773808D3B86C11F5D370F3A41F40F4F4DC80623B8F4E27449872C370D9,0,TRANSPORT_ATTEMPTED
DOH-S-01,Sở Y tế Thành phố Hồ Chí Minh,https://medinet.gov.vn/,DQ-EVID-01,"(\đạo đức AI\"" OR \""quản trị AI\"") AND (kiểm toán OR thanh tra OR giám sát)""",2,https://medinet.gov.vn/tim-kiem?query=%28%5C%C4%91%E1%BA%A1o%20%C4%91%E1%BB%A9c%20AI%5C%22%20OR%20%5C%22qu%E1%BA%A3n%20tr%E1%BB%8B%20AI%5C%22%29%20AND%20%28ki%E1%BB%83m%20to%C3%A1n%20OR%20thanh%20tra%20OR%20gi%C3%A1m%20s%C3%A1t%29%22&page=2,2026-07-31T23:42:57+00:00,404,1932,HTTPError: Not Found,raw/doh-s-01-dq-evid-01-p02.body,raw/doh-s-01-dq-evid-01-p02.headers,A1BF9C773808D3B86C11F5D370F3A41F40F4F4DC80623B8F4E27449872C370D9,0,TRANSPORT_ATTEMPTED
DOH-S-01,Sở Y tế Thành phố Hồ Chí Minh,https://medinet.gov.vn/,DQ-EVID-02,"(\AI\"" OR \""trí tuệ nhân tạo\"") AND (sự cố OR khiếu nại OR khắc phục) AND (y tế OR bệnh viện)""",1,https://medinet.gov.vn/tim-kiem?query=%28%5CAI%5C%22%20OR%20%5C%22tr%C3%AD%20tu%E1%BB%87%20nh%C3%A2n%20t%E1%BA%A1o%5C%22%29%20AND%20%28s%E1%BB%B1%20c%E1%BB%91%20OR%20khi%E1%BA%BFu%20n%E1%BA%A1i%20OR%20kh%E1%BA%AFc%20ph%E1%BB%A5c%29%20AND%20%28y%20t%E1%BA%BF%20OR%20b%E1%BB%87nh%20vi%E1%BB%87n%29%22&page=1,2026-07-31T23:43:00+00:00,404,1932,HTTPError: Not Found,raw/doh-s-01-dq-evid-02-p01.body,raw/doh-s-01-dq-evid-02-p01.headers,A1BF9C773808D3B86C11F5D370F3A41F40F4F4DC80623B8F4E27449872C370D9,0,TRANSPORT_ATTEMPTED
DOH-S-01,Sở Y tế Thành phố Hồ Chí Minh,https://medinet.gov.vn/,DQ-EVID-02,"(\AI\"" OR \""trí tuệ nhân tạo\"") AND (sự cố OR khiếu nại OR khắc phục) AND (y tế OR bệnh viện)""",2,https://medinet.gov.vn/tim-kiem?query=%28%5CAI%5C%22%20OR%20%5C%22tr%C3%AD%20tu%E1%BB%87%20nh%C3%A2n%20t%E1%BA%A1o%5C%22%29%20AND%20%28s%E1%BB%B1%20c%E1%BB%91%20OR%20khi%E1%BA%BFu%20n%E1%BA%A1i%20OR%20kh%E1%BA%AFc%20ph%E1%BB%A5c%29%20AND%20%28y%20t%E1%BA%BF%20OR%20b%E1%BB%87nh%20vi%E1%BB%87n%29%22&page=2,2026-07-31T23:43:03+00:00,404,1932,HTTPError: Not Found,raw/doh-s-01-dq-evid-02-p02.body,raw/doh-s-01-dq-evid-02-p02.headers,A1BF9C773808D3B86C11F5D370F3A41F40F4F4DC80623B8F4E27449872C370D9,0,TRANSPORT_ATTEMPTED
DOH-S-01,Sở Y tế Thành phố Hồ Chí Minh,https://medinet.gov.vn/,DQ-EVID-03,"(\AI\"" OR \""trí tuệ nhân tạo\"") AND (\""đánh giá tác động\"" OR kết quả) AND (y tế OR bệnh viện)""",1,https://medinet.gov.vn/tim-kiem?query=%28%5CAI%5C%22%20OR%20%5C%22tr%C3%AD%20tu%E1%BB%87%20nh%C3%A2n%20t%E1%BA%A1o%5C%22%29%20AND%20%28%5C%22%C4%91%C3%A1nh%20gi%C3%A1%20t%C3%A1c%20%C4%91%E1%BB%99ng%5C%22%20OR%20k%E1%BA%BFt%20qu%E1%BA%A3%29%20AND%20%28y%20t%E1%BA%BF%20OR%20b%E1%BB%87nh%20vi%E1%BB%87n%29%22&page=1,2026-07-31T23:43:06+00:00,404,1932,HTTPError: Not Found,raw/doh-s-01-dq-evid-03-p01.body,raw/doh-s-01-dq-evid-03-p01.headers,A1BF9C773808D3B86C11F5D370F3A41F40F4F4DC80623B8F4E27449872C370D9,0,TRANSPORT_ATTEMPTED
DOH-S-01,Sở Y tế Thành phố Hồ Chí Minh,https://medinet.gov.vn/,DQ-EVID-03,"(\AI\"" OR \""trí tuệ nhân tạo\"") AND (\""đánh giá tác động\"" OR kết quả) AND (y tế OR bệnh viện)""",2,https://medinet.gov.vn/tim-kiem?query=%28%5CAI%5C%22%20OR%20%5C%22tr%C3%AD%20tu%E1%BB%87%20nh%C3%A2n%20t%E1%BA%A1o%5C%22%29%20AND%20%28%5C%22%C4%91%C3%A1nh%20gi%C3%A1%20t%C3%A1c%20%C4%91%E1%BB%99ng%5C%22%20OR%20k%E1%BA%BFt%20qu%E1%BA%A3%29%20AND%20%28y%20t%E1%BA%BF%20OR%20b%E1%BB%87nh%20vi%E1%BB%87n%29%22&page=2,2026-07-31T23:43:09+00:00,404,1932,HTTPError: Not Found,raw/doh-s-01-dq-evid-03-p02.body,raw/doh-s-01-dq-evid-03-p02.headers,A1BF9C773808D3B86C11F5D370F3A41F40F4F4DC80623B8F4E27449872C370D9,0,TRANSPORT_ATTEMPTED
DOH-S-01,Sở Y tế Thành phố Hồ Chí Minh,https://medinet.gov.vn/,DQ-EVID-04,"(\AI ethics\"" OR \""AI governance\"") AND (audit OR inspection OR monitoring OR incident OR complaint OR redress OR \""impact assessment\"" OR outcome OR result) AND (Vietnam OR \""Viet Nam\"") AND (health OR hospital)""",1,https://medinet.gov.vn/tim-kiem?query=%28%5CAI%20ethics%5C%22%20OR%20%5C%22AI%20governance%5C%22%29%20AND%20%28audit%20OR%20inspection%20OR%20monitoring%20OR%20incident%20OR%20complaint%20OR%20redress%20OR%20%5C%22impact%20assessment%5C%22%20OR%20outcome%20OR%20result%29%20AND%20%28Vietnam%20OR%20%5C%22Viet%20Nam%5C%22%29%20AND%20%28health%20OR%20hospital%29%22&page=1,2026-07-31T23:43:11+00:00,404,1932,HTTPError: Not Found,raw/doh-s-01-dq-evid-04-p01.body,raw/doh-s-01-dq-evid-04-p01.headers,A1BF9C773808D3B86C11F5D370F3A41F40F4F4DC80623B8F4E27449872C370D9,0,TRANSPORT_ATTEMPTED
DOH-S-01,Sở Y tế Thành phố Hồ Chí Minh,https://medinet.gov.vn/,DQ-EVID-04,"(\AI ethics\"" OR \""AI governance\"") AND (audit OR inspection OR monitoring OR incident OR complaint OR redress OR \""impact assessment\"" OR outcome OR result) AND (Vietnam OR \""Viet Nam\"") AND (health OR hospital)""",2,https://medinet.gov.vn/tim-kiem?query=%28%5CAI%20ethics%5C%22%20OR%20%5C%22AI%20governance%5C%22%29%20AND%20%28audit%20OR%20inspection%20OR%20monitoring%20OR%20incident%20OR%20complaint%20OR%20redress%20OR%20%5C%22impact%20assessment%5C%22%20OR%20outcome%20OR%20result%29%20AND%20%28Vietnam%20OR%20%5C%22Viet%20Nam%5C%22%29%20AND%20%28health%20OR%20hospital%29%22&page=2,2026-07-31T23:43:14+00:00,404,1932,HTTPError: Not Found,raw/doh-s-01-dq-evid-04-p02.body,raw/doh-s-01-dq-evid-04-p02.headers,A1BF9C773808D3B86C11F5D370F3A41F40F4F4DC80623B8F4E27449872C370D9,0,TRANSPORT_ATTEMPTED
DOH-S-01,Sở Y tế Thành phố Hồ Chí Minh,https://medinet.gov.vn/,DQ-EVID-05,"(\artificial intelligence\"" OR AI) AND (\""post-implementation monitoring\"" OR \""post-market surveillance\"" OR \""incident reporting\"" OR \""quality management\"" OR \""effectiveness evaluation\"" OR audit) AND (Vietnam OR \""Viet Nam\"") AND (health OR hospital OR \""provincial health department\"")""",1,https://medinet.gov.vn/tim-kiem?query=%28%5Cartificial%20intelligence%5C%22%20OR%20AI%29%20AND%20%28%5C%22post-implementation%20monitoring%5C%22%20OR%20%5C%22post-market%20surveillance%5C%22%20OR%20%5C%22incident%20reporting%5C%22%20OR%20%5C%22quality%20management%5C%22%20OR%20%5C%22effectiveness%20evaluation%5C%22%20OR%20audit%29%20AND%20%28Vietnam%20OR%20%5C%22Viet%20Nam%5C%22%29%20AND%20%28health%20OR%20hospital%20OR%20%5C%22provincial%20health%20department%5C%22%29%22&page=1,2026-07-31T23:43:16+00:00,404,1932,HTTPError: Not Found,raw/doh-s-01-dq-evid-05-p01.body,raw/doh-s-01-dq-evid-05-p01.headers,A1BF9C773808D3B86C11F5D370F3A41F40F4F4DC80623B8F4E27449872C370D9,0,TRANSPORT_ATTEMPTED
DOH-S-01,Sở Y tế Thành phố Hồ Chí Minh,https://medinet.gov.vn/,DQ-EVID-05,"(\artificial intelligence\"" OR AI) AND (\""post-implementation monitoring\"" OR \""post-market surveillance\"" OR \""incident reporting\"" OR \""quality management\"" OR \""effectiveness evaluation\"" OR audit) AND (Vietnam OR \""Viet Nam\"") AND (health OR hospital OR \""provincial health department\"")""",2,https://medinet.gov.vn/tim-kiem?query=%28%5Cartificial%20intelligence%5C%22%20OR%20AI%29%20AND%20%28%5C%22post-implementation%20monitoring%5C%22%20OR%20%5C%22post-market%20surveillance%5C%22%20OR%20%5C%22incident%20reporting%5C%22%20OR%20%5C%22quality%20management%5C%22%20OR%20%5C%22effectiveness%20evaluation%5C%22%20OR%20audit%29%20AND%20%28Vietnam%20OR%20%5C%22Viet%20Nam%5C%22%29%20AND%20%28health%20OR%20hospital%20OR%20%5C%22provincial%20health%20department%5C%22%29%22&page=2,2026-07-31T23:43:19+00:00,404,1932,HTTPError: Not Found,raw/doh-s-01-dq-evid-05-p02.body,raw/doh-s-01-dq-evid-05-p02.headers,A1BF9C773808D3B86C11F5D370F3A41F40F4F4DC80623B8F4E27449872C370D9,0,TRANSPORT_ATTEMPTED
HOSP-N-01,Bệnh viện Bạch Mai,https://bachmai.gov.vn/,DQ-IMPL-01,"(\đạo đức AI\"" OR \""AI có trách nhiệm\"" OR \""quản trị AI\"") AND (kế hoạch OR triển khai OR áp dụng OR thí điểm)""",1,https://bachmai.gov.vn/?s=%28%5C%C4%91%E1%BA%A1o%20%C4%91%E1%BB%A9c%20AI%5C%22%20OR%20%5C%22AI%20c%C3%B3%20tr%C3%A1ch%20nhi%E1%BB%87m%5C%22%20OR%20%5C%22qu%E1%BA%A3n%20tr%E1%BB%8B%20AI%5C%22%29%20AND%20%28k%E1%BA%BF%20ho%E1%BA%A1ch%20OR%20tri%E1%BB%83n%20khai%20OR%20%C3%A1p%20d%E1%BB%A5ng%20OR%20th%C3%AD%20%C4%91i%E1%BB%83m%29%22&paged=1,2026-07-31T23:43:21+00:00,200,158674,,raw/hosp-n-01-dq-impl-01-p01.body,raw/hosp-n-01-dq-impl-01-p01.headers,177DBCA5BAB6997F8CAD495364D21264D459F56C5080E783EA86598693170B88,33,RAW_PAGE_CAPTURED
HOSP-N-01,Bệnh viện Bạch Mai,https://bachmai.gov.vn/,DQ-IMPL-01,"(\đạo đức AI\"" OR \""AI có trách nhiệm\"" OR \""quản trị AI\"") AND (kế hoạch OR triển khai OR áp dụng OR thí điểm)""",2,https://bachmai.gov.vn/?s=%28%5C%C4%91%E1%BA%A1o%20%C4%91%E1%BB%A9c%20AI%5C%22%20OR%20%5C%22AI%20c%C3%B3%20tr%C3%A1ch%20nhi%E1%BB%87m%5C%22%20OR%20%5C%22qu%E1%BA%A3n%20tr%E1%BB%8B%20AI%5C%22%29%20AND%20%28k%E1%BA%BF%20ho%E1%BA%A1ch%20OR%20tri%E1%BB%83n%20khai%20OR%20%C3%A1p%20d%E1%BB%A5ng%20OR%20th%C3%AD%20%C4%91i%E1%BB%83m%29%22&paged=2,2026-07-31T23:43:25+00:00,200,158673,,raw/hosp-n-01-dq-impl-01-p02.body,raw/hosp-n-01-dq-impl-01-p02.headers,58D9255DE0C3E75A43AC8CCC47D7097DC8F9F2AC04DD967F7AAB978627E078CD,33,RAW_PAGE_CAPTURED
HOSP-N-01,Bệnh viện Bạch Mai,https://bachmai.gov.vn/,DQ-TOOL-01,"(\đánh giá tuân thủ\"" OR \""tự đánh giá\"") AND (\""đạo đức AI\"" OR \""AI có trách nhiệm\"")""",1,https://bachmai.gov.vn/?s=%28%5C%C4%91%C3%A1nh%20gi%C3%A1%20tu%C3%A2n%20th%E1%BB%A7%5C%22%20OR%20%5C%22t%E1%BB%B1%20%C4%91%C3%A1nh%20gi%C3%A1%5C%22%29%20AND%20%28%5C%22%C4%91%E1%BA%A1o%20%C4%91%E1%BB%A9c%20AI%5C%22%20OR%20%5C%22AI%20c%C3%B3%20tr%C3%A1ch%20nhi%E1%BB%87m%5C%22%29%22&paged=1,2026-07-31T23:43:28+00:00,200,158636,,raw/hosp-n-01-dq-tool-01-p01.body,raw/hosp-n-01-dq-tool-01-p01.headers,92760701BE2B9840FB9ACCAEAC6694F94295CE1D88F546D4D5A39F2AAAB4B0AC,33,RAW_PAGE_CAPTURED
HOSP-N-01,Bệnh viện Bạch Mai,https://bachmai.gov.vn/,DQ-TOOL-01,"(\đánh giá tuân thủ\"" OR \""tự đánh giá\"") AND (\""đạo đức AI\"" OR \""AI có trách nhiệm\"")""",2,https://bachmai.gov.vn/?s=%28%5C%C4%91%C3%A1nh%20gi%C3%A1%20tu%C3%A2n%20th%E1%BB%A7%5C%22%20OR%20%5C%22t%E1%BB%B1%20%C4%91%C3%A1nh%20gi%C3%A1%5C%22%29%20AND%20%28%5C%22%C4%91%E1%BA%A1o%20%C4%91%E1%BB%A9c%20AI%5C%22%20OR%20%5C%22AI%20c%C3%B3%20tr%C3%A1ch%20nhi%E1%BB%87m%5C%22%29%22&paged=2,2026-07-31T23:43:31+00:00,200,158636,,raw/hosp-n-01-dq-tool-01-p02.body,raw/hosp-n-01-dq-tool-01-p02.headers,29975D3D62DA36748F8D437C121FE77236E81AC1A00268E5EEF5E3A1C8F929D2,33,RAW_PAGE_CAPTURED
HOSP-N-01,Bệnh viện Bạch Mai,https://bachmai.gov.vn/,DQ-TOOL-02,"(nền tảng OR công cụ) AND (\đánh giá tuân thủ\"" OR \""đánh giá tác động\"") AND (\""AI\"" OR \""trí tuệ nhân tạo\"")""",1,https://bachmai.gov.vn/?s=%28n%E1%BB%81n%20t%E1%BA%A3ng%20OR%20c%C3%B4ng%20c%E1%BB%A5%29%20AND%20%28%5C%C4%91%C3%A1nh%20gi%C3%A1%20tu%C3%A2n%20th%E1%BB%A7%5C%22%20OR%20%5C%22%C4%91%C3%A1nh%20gi%C3%A1%20t%C3%A1c%20%C4%91%E1%BB%99ng%5C%22%29%20AND%20%28%5C%22AI%5C%22%20OR%20%5C%22tr%C3%AD%20tu%E1%BB%87%20nh%C3%A2n%20t%E1%BA%A1o%5C%22%29%22&paged=1,2026-07-31T23:43:34+00:00,200,158712,,raw/hosp-n-01-dq-tool-02-p01.body,raw/hosp-n-01-dq-tool-02-p01.headers,0D046D3813034C03916F1411AD83B8191CB468CD35185E1FF7001E77236829A5,33,RAW_PAGE_CAPTURED
HOSP-N-01,Bệnh viện Bạch Mai,https://bachmai.gov.vn/,DQ-TOOL-02,"(nền tảng OR công cụ) AND (\đánh giá tuân thủ\"" OR \""đánh giá tác động\"") AND (\""AI\"" OR \""trí tuệ nhân tạo\"")""",2,https://bachmai.gov.vn/?s=%28n%E1%BB%81n%20t%E1%BA%A3ng%20OR%20c%C3%B4ng%20c%E1%BB%A5%29%20AND%20%28%5C%C4%91%C3%A1nh%20gi%C3%A1%20tu%C3%A2n%20th%E1%BB%A7%5C%22%20OR%20%5C%22%C4%91%C3%A1nh%20gi%C3%A1%20t%C3%A1c%20%C4%91%E1%BB%99ng%5C%22%29%20AND%20%28%5C%22AI%5C%22%20OR%20%5C%22tr%C3%AD%20tu%E1%BB%87%20nh%C3%A2n%20t%E1%BA%A1o%5C%22%29%22&paged=2,2026-07-31T23:43:37+00:00,200,158712,,raw/hosp-n-01-dq-tool-02-p02.body,raw/hosp-n-01-dq-tool-02-p02.headers,25DCC6AF2B964F69E98BFAA4DE78697E29AD9779F34E631A405BB0BF324814E1,33,RAW_PAGE_CAPTURED
HOSP-N-01,Bệnh viện Bạch Mai,https://bachmai.gov.vn/,DQ-IMPL-04,"(\trí tuệ nhân tạo\"" OR AI) AND (\""theo dõi sau triển khai\"" OR hậu kiểm OR \""giám sát sau triển khai\"" OR \""đánh giá hiệu quả\"") AND (y tế OR bệnh viện OR \""Sở Y tế\"")""",1,https://bachmai.gov.vn/?s=%28%5Ctr%C3%AD%20tu%E1%BB%87%20nh%C3%A2n%20t%E1%BA%A1o%5C%22%20OR%20AI%29%20AND%20%28%5C%22theo%20d%C3%B5i%20sau%20tri%E1%BB%83n%20khai%5C%22%20OR%20h%E1%BA%ADu%20ki%E1%BB%83m%20OR%20%5C%22gi%C3%A1m%20s%C3%A1t%20sau%20tri%E1%BB%83n%20khai%5C%22%20OR%20%5C%22%C4%91%C3%A1nh%20gi%C3%A1%20hi%E1%BB%87u%20qu%E1%BA%A3%5C%22%29%20AND%20%28y%20t%E1%BA%BF%20OR%20b%E1%BB%87nh%20vi%E1%BB%87n%20OR%20%5C%22S%E1%BB%9F%20Y%20t%E1%BA%BF%5C%22%29%22&paged=1,2026-07-31T23:43:40+00:00,200,158900,,raw/hosp-n-01-dq-impl-04-p01.body,raw/hosp-n-01-dq-impl-04-p01.headers,64535AF02979301F3B695D92C27631F46477A72047EE518DA251027AAA648154,33,RAW_PAGE_CAPTURED
HOSP-N-01,Bệnh viện Bạch Mai,https://bachmai.gov.vn/,DQ-IMPL-04,"(\trí tuệ nhân tạo\"" OR AI) AND (\""theo dõi sau triển khai\"" OR hậu kiểm OR \""giám sát sau triển khai\"" OR \""đánh giá hiệu quả\"") AND (y tế OR bệnh viện OR \""Sở Y tế\"")""",2,https://bachmai.gov.vn/?s=%28%5Ctr%C3%AD%20tu%E1%BB%87%20nh%C3%A2n%20t%E1%BA%A1o%5C%22%20OR%20AI%29%20AND%20%28%5C%22theo%20d%C3%B5i%20sau%20tri%E1%BB%83n%20khai%5C%22%20OR%20h%E1%BA%ADu%20ki%E1%BB%83m%20OR%20%5C%22gi%C3%A1m%20s%C3%A1t%20sau%20tri%E1%BB%83n%20khai%5C%22%20OR%20%5C%22%C4%91%C3%A1nh%20gi%C3%A1%20hi%E1%BB%87u%20qu%E1%BA%A3%5C%22%29%20AND%20%28y%20t%E1%BA%BF%20OR%20b%E1%BB%87nh%20vi%E1%BB%87n%20OR%20%5C%22S%E1%BB%9F%20Y%20t%E1%BA%BF%5C%22%29%22&paged=2,2026-07-31T23:43:43+00:00,200,158900,,raw/hosp-n-01-dq-impl-04-p02.body,raw/hosp-n-01-dq-impl-04-p02.headers,DEDA5A75C9399FBA37CEC0E7285C3801A1B4E854BCF153B2F100FF74E8B6D0CA,33,RAW_PAGE_CAPTURED
HOSP-N-01,Bệnh viện Bạch Mai,https://bachmai.gov.vn/,DQ-IMPL-05,"(\trí tuệ nhân tạo\"" OR AI) AND (\""báo cáo sự cố\"" OR \""quản lý chất lượng\"" OR kiểm toán OR thanh tra) AND (y tế OR bệnh viện OR \""Sở Y tế\"")""",1,https://bachmai.gov.vn/?s=%28%5Ctr%C3%AD%20tu%E1%BB%87%20nh%C3%A2n%20t%E1%BA%A1o%5C%22%20OR%20AI%29%20AND%20%28%5C%22b%C3%A1o%20c%C3%A1o%20s%E1%BB%B1%20c%E1%BB%91%5C%22%20OR%20%5C%22qu%E1%BA%A3n%20l%C3%BD%20ch%E1%BA%A5t%20l%C6%B0%E1%BB%A3ng%5C%22%20OR%20ki%E1%BB%83m%20to%C3%A1n%20OR%20thanh%20tra%29%20AND%20%28y%20t%E1%BA%BF%20OR%20b%E1%BB%87nh%20vi%E1%BB%87n%20OR%20%5C%22S%E1%BB%9F%20Y%20t%E1%BA%BF%5C%22%29%22&paged=1,2026-07-31T23:43:46+00:00,200,158806,,raw/hosp-n-01-dq-impl-05-p01.body,raw/hosp-n-01-dq-impl-05-p01.headers,85238529FF3C2347139029B21139B7284CD064CFF6F9F146DE8B3B630DDB0995,33,RAW_PAGE_CAPTURED
HOSP-N-01,Bệnh viện Bạch Mai,https://bachmai.gov.vn/,DQ-IMPL-05,"(\trí tuệ nhân tạo\"" OR AI) AND (\""báo cáo sự cố\"" OR \""quản lý chất lượng\"" OR kiểm toán OR thanh tra) AND (y tế OR bệnh viện OR \""Sở Y tế\"")""",2,https://bachmai.gov.vn/?s=%28%5Ctr%C3%AD%20tu%E1%BB%87%20nh%C3%A2n%20t%E1%BA%A1o%5C%22%20OR%20AI%29%20AND%20%28%5C%22b%C3%A1o%20c%C3%A1o%20s%E1%BB%B1%20c%E1%BB%91%5C%22%20OR%20%5C%22qu%E1%BA%A3n%20l%C3%BD%20ch%E1%BA%A5t%20l%C6%B0%E1%BB%A3ng%5C%22%20OR%20ki%E1%BB%83m%20to%C3%A1n%20OR%20thanh%20tra%29%20AND%20%28y%20t%E1%BA%BF%20OR%20b%E1%BB%87nh%20vi%E1%BB%87n%20OR%20%5C%22S%E1%BB%9F%20Y%20t%E1%BA%BF%5C%22%29%22&paged=2,2026-07-31T23:43:49+00:00,200,158806,,raw/hosp-n-01-dq-impl-05-p02.body,raw/hosp-n-01-dq-impl-05-p02.headers,9AF6131C88B8783EF341EE10663A234F282B5231601F97B47E92389E7503740E,33,RAW_PAGE_CAPTURED
HOSP-N-01,Bệnh viện Bạch Mai,https://bachmai.gov.vn/,DQ-EVID-01,"(\đạo đức AI\"" OR \""quản trị AI\"") AND (kiểm toán OR thanh tra OR giám sát)""",1,https://bachmai.gov.vn/?s=%28%5C%C4%91%E1%BA%A1o%20%C4%91%E1%BB%A9c%20AI%5C%22%20OR%20%5C%22qu%E1%BA%A3n%20tr%E1%BB%8B%20AI%5C%22%29%20AND%20%28ki%E1%BB%83m%20to%C3%A1n%20OR%20thanh%20tra%20OR%20gi%C3%A1m%20s%C3%A1t%29%22&paged=1,2026-07-31T23:43:52+00:00,200,158504,,raw/hosp-n-01-dq-evid-01-p01.body,raw/hosp-n-01-dq-evid-01-p01.headers,C4B983E8F7F99CD7A4DFB8D0339FEA4780C3742AF337ED577599530B8BAE08B4,33,RAW_PAGE_CAPTURED
HOSP-N-01,Bệnh viện Bạch Mai,https://bachmai.gov.vn/,DQ-EVID-01,"(\đạo đức AI\"" OR \""quản trị AI\"") AND (kiểm toán OR thanh tra OR giám sát)""",2,https://bachmai.gov.vn/?s=%28%5C%C4%91%E1%BA%A1o%20%C4%91%E1%BB%A9c%20AI%5C%22%20OR%20%5C%22qu%E1%BA%A3n%20tr%E1%BB%8B%20AI%5C%22%29%20AND%20%28ki%E1%BB%83m%20to%C3%A1n%20OR%20thanh%20tra%20OR%20gi%C3%A1m%20s%C3%A1t%29%22&paged=2,2026-07-31T23:43:55+00:00,200,158504,,raw/hosp-n-01-dq-evid-01-p02.body,raw/hosp-n-01-dq-evid-01-p02.headers,E4AED4DB21D68D20F67A342EBE6CA9F804EE54A4530D346FDF39D08E02ACBE91,33,RAW_PAGE_CAPTURED
HOSP-N-01,Bệnh viện Bạch Mai,https://bachmai.gov.vn/,DQ-EVID-02,"(\AI\"" OR \""trí tuệ nhân tạo\"") AND (sự cố OR khiếu nại OR khắc phục) AND (y tế OR bệnh viện)""",1,https://bachmai.gov.vn/?s=%28%5CAI%5C%22%20OR%20%5C%22tr%C3%AD%20tu%E1%BB%87%20nh%C3%A2n%20t%E1%BA%A1o%5C%22%29%20AND%20%28s%E1%BB%B1%20c%E1%BB%91%20OR%20khi%E1%BA%BFu%20n%E1%BA%A1i%20OR%20kh%E1%BA%AFc%20ph%E1%BB%A5c%29%20AND%20%28y%20t%E1%BA%BF%20OR%20b%E1%BB%87nh%20vi%E1%BB%87n%29%22&paged=1,2026-07-31T23:43:58+00:00,200,158585,,raw/hosp-n-01-dq-evid-02-p01.body,raw/hosp-n-01-dq-evid-02-p01.headers,E9A96EAA7A7909FFD9F28D8D54C92D85E5477A78484F7861CB9993EF27D5AFFC,33,RAW_PAGE_CAPTURED
HOSP-N-01,Bệnh viện Bạch Mai,https://bachmai.gov.vn/,DQ-EVID-02,"(\AI\"" OR \""trí tuệ nhân tạo\"") AND (sự cố OR khiếu nại OR khắc phục) AND (y tế OR bệnh viện)""",2,https://bachmai.gov.vn/?s=%28%5CAI%5C%22%20OR%20%5C%22tr%C3%AD%20tu%E1%BB%87%20nh%C3%A2n%20t%E1%BA%A1o%5C%22%29%20AND%20%28s%E1%BB%B1%20c%E1%BB%91%20OR%20khi%E1%BA%BFu%20n%E1%BA%A1i%20OR%20kh%E1%BA%AFc%20ph%E1%BB%A5c%29%20AND%20%28y%20t%E1%BA%BF%20OR%20b%E1%BB%87nh%20vi%E1%BB%87n%29%22&paged=2,2026-07-31T23:44:02+00:00,200,158586,,raw/hosp-n-01-dq-evid-02-p02.body,raw/hosp-n-01-dq-evid-02-p02.headers,3CBB6AC284C0308815A80395CF386ED8B60316C9C66780FAFD7D40474C08983E,33,RAW_PAGE_CAPTURED
HOSP-N-01,Bệnh viện Bạch Mai,https://bachmai.gov.vn/,DQ-EVID-03,"(\AI\"" OR \""trí tuệ nhân tạo\"") AND (\""đánh giá tác động\"" OR kết quả) AND (y tế OR bệnh viện)""",1,https://bachmai.gov.vn/?s=%28%5CAI%5C%22%20OR%20%5C%22tr%C3%AD%20tu%E1%BB%87%20nh%C3%A2n%20t%E1%BA%A1o%5C%22%29%20AND%20%28%5C%22%C4%91%C3%A1nh%20gi%C3%A1%20t%C3%A1c%20%C4%91%E1%BB%99ng%5C%22%20OR%20k%E1%BA%BFt%20qu%E1%BA%A3%29%20AND%20%28y%20t%E1%BA%BF%20OR%20b%E1%BB%87nh%20vi%E1%BB%87n%29%22&paged=1,2026-07-31T23:44:05+00:00,200,158624,,raw/hosp-n-01-dq-evid-03-p01.body,raw/hosp-n-01-dq-evid-03-p01.headers,E32F8B27562399A587226D690AD12F53EC0A193EE95200833D64742C15D90705,33,RAW_PAGE_CAPTURED
HOSP-N-01,Bệnh viện Bạch Mai,https://bachmai.gov.vn/,DQ-EVID-03,"(\AI\"" OR \""trí tuệ nhân tạo\"") AND (\""đánh giá tác động\"" OR kết quả) AND (y tế OR bệnh viện)""",2,https://bachmai.gov.vn/?s=%28%5CAI%5C%22%20OR%20%5C%22tr%C3%AD%20tu%E1%BB%87%20nh%C3%A2n%20t%E1%BA%A1o%5C%22%29%20AND%20%28%5C%22%C4%91%C3%A1nh%20gi%C3%A1%20t%C3%A1c%20%C4%91%E1%BB%99ng%5C%22%20OR%20k%E1%BA%BFt%20qu%E1%BA%A3%29%20AND%20%28y%20t%E1%BA%BF%20OR%20b%E1%BB%87nh%20vi%E1%BB%87n%29%22&paged=2,2026-07-31T23:44:08+00:00,200,158624,,raw/hosp-n-01-dq-evid-03-p02.body,raw/hosp-n-01-dq-evid-03-p02.headers,FAB8AF15D06CA4EADB96408B346C66C1540085266F3F412FCD88D080DA286379,33,RAW_PAGE_CAPTURED
HOSP-N-01,Bệnh viện Bạch Mai,https://bachmai.gov.vn/,DQ-EVID-04,"(\AI ethics\"" OR \""AI governance\"") AND (audit OR inspection OR monitoring OR incident OR complaint OR redress OR \""impact assessment\"" OR outcome OR result) AND (Vietnam OR \""Viet Nam\"") AND (health OR hospital)""",1,https://bachmai.gov.vn/?s=%28%5CAI%20ethics%5C%22%20OR%20%5C%22AI%20governance%5C%22%29%20AND%20%28audit%20OR%20inspection%20OR%20monitoring%20OR%20incident%20OR%20complaint%20OR%20redress%20OR%20%5C%22impact%20assessment%5C%22%20OR%20outcome%20OR%20result%29%20AND%20%28Vietnam%20OR%20%5C%22Viet%20Nam%5C%22%29%20AND%20%28health%20OR%20hospital%29%22&paged=1,2026-07-31T23:44:12+00:00,200,158778,,raw/hosp-n-01-dq-evid-04-p01.body,raw/hosp-n-01-dq-evid-04-p01.headers,6F7D4388F267435E87F2C75C39EF667750B965640D5AD3D924764F108C8FCA3B,33,RAW_PAGE_CAPTURED
HOSP-N-01,Bệnh viện Bạch Mai,https://bachmai.gov.vn/,DQ-EVID-04,"(\AI ethics\"" OR \""AI governance\"") AND (audit OR inspection OR monitoring OR incident OR complaint OR redress OR \""impact assessment\"" OR outcome OR result) AND (Vietnam OR \""Viet Nam\"") AND (health OR hospital)""",2,https://bachmai.gov.vn/?s=%28%5CAI%20ethics%5C%22%20OR%20%5C%22AI%20governance%5C%22%29%20AND%20%28audit%20OR%20inspection%20OR%20monitoring%20OR%20incident%20OR%20complaint%20OR%20redress%20OR%20%5C%22impact%20assessment%5C%22%20OR%20outcome%20OR%20result%29%20AND%20%28Vietnam%20OR%20%5C%22Viet%20Nam%5C%22%29%20AND%20%28health%20OR%20hospital%29%22&paged=2,2026-07-31T23:44:15+00:00,200,158778,,raw/hosp-n-01-dq-evid-04-p02.body,raw/hosp-n-01-dq-evid-04-p02.headers,D92080C178CDB6BBC6B5AD44504D58DB2BBBDDBA483614FA0A2E294C30DD2C55,33,RAW_PAGE_CAPTURED
HOSP-N-01,Bệnh viện Bạch Mai,https://bachmai.gov.vn/,DQ-EVID-05,"(\artificial intelligence\"" OR AI) AND (\""post-implementation monitoring\"" OR \""post-market surveillance\"" OR \""incident reporting\"" OR \""quality management\"" OR \""effectiveness evaluation\"" OR audit) AND (Vietnam OR \""Viet Nam\"") AND (health OR hospital OR \""provincial health department\"")""",1,https://bachmai.gov.vn/?s=%28%5Cartificial%20intelligence%5C%22%20OR%20AI%29%20AND%20%28%5C%22post-implementation%20monitoring%5C%22%20OR%20%5C%22post-market%20surveillance%5C%22%20OR%20%5C%22incident%20reporting%5C%22%20OR%20%5C%22quality%20management%5C%22%20OR%20%5C%22effectiveness%20evaluation%5C%22%20OR%20audit%29%20AND%20%28Vietnam%20OR%20%5C%22Viet%20Nam%5C%22%29%20AND%20%28health%20OR%20hospital%20OR%20%5C%22provincial%20health%20department%5C%22%29%22&paged=1,2026-07-31T23:44:18+00:00,200,159080,,raw/hosp-n-01-dq-evid-05-p01.body,raw/hosp-n-01-dq-evid-05-p01.headers,A6713FDF8B33D8557C7AEB76205C3A99CDF35E79DB7B4FF8140F65DD44334610,33,RAW_PAGE_CAPTURED
HOSP-N-01,Bệnh viện Bạch Mai,https://bachmai.gov.vn/,DQ-EVID-05,"(\artificial intelligence\"" OR AI) AND (\""post-implementation monitoring\"" OR \""post-market surveillance\"" OR \""incident reporting\"" OR \""quality management\"" OR \""effectiveness evaluation\"" OR audit) AND (Vietnam OR \""Viet Nam\"") AND (health OR hospital OR \""provincial health department\"")""",2,https://bachmai.gov.vn/?s=%28%5Cartificial%20intelligence%5C%22%20OR%20AI%29%20AND%20%28%5C%22post-implementation%20monitoring%5C%22%20OR%20%5C%22post-market%20surveillance%5C%22%20OR%20%5C%22incident%20reporting%5C%22%20OR%20%5C%22quality%20management%5C%22%20OR%20%5C%22effectiveness%20evaluation%5C%22%20OR%20audit%29%20AND%20%28Vietnam%20OR%20%5C%22Viet%20Nam%5C%22%29%20AND%20%28health%20OR%20hospital%20OR%20%5C%22provincial%20health%20department%5C%22%29%22&paged=2,2026-07-31T23:44:21+00:00,200,159080,,raw/hosp-n-01-dq-evid-05-p02.body,raw/hosp-n-01-dq-evid-05-p02.headers,CB7075F2C84856EEF738F172445171C98EB236729AA31F9CA7DF867A16093659,33,RAW_PAGE_CAPTURED
HOSP-C-01,Bệnh viện Trung ương Huế,https://bvtwhue.com.vn/,DQ-IMPL-01,"(\đạo đức AI\"" OR \""AI có trách nhiệm\"" OR \""quản trị AI\"") AND (kế hoạch OR triển khai OR áp dụng OR thí điểm)""",1,https://bvtwhue.com.vn/?s=%28%5C%C4%91%E1%BA%A1o%20%C4%91%E1%BB%A9c%20AI%5C%22%20OR%20%5C%22AI%20c%C3%B3%20tr%C3%A1ch%20nhi%E1%BB%87m%5C%22%20OR%20%5C%22qu%E1%BA%A3n%20tr%E1%BB%8B%20AI%5C%22%29%20AND%20%28k%E1%BA%BF%20ho%E1%BA%A1ch%20OR%20tri%E1%BB%83n%20khai%20OR%20%C3%A1p%20d%E1%BB%A5ng%20OR%20th%C3%AD%20%C4%91i%E1%BB%83m%29%22&paged=1,2026-07-31T23:44:24+00:00,200,15850,,raw/hosp-c-01-dq-impl-01-p01.body,raw/hosp-c-01-dq-impl-01-p01.headers,601605A043F7755866FEC60F3483D2418D40309817E3E30C6F8E7E902E34C621,2,RAW_PAGE_CAPTURED
HOSP-C-01,Bệnh viện Trung ương Huế,https://bvtwhue.com.vn/,DQ-IMPL-01,"(\đạo đức AI\"" OR \""AI có trách nhiệm\"" OR \""quản trị AI\"") AND (kế hoạch OR triển khai OR áp dụng OR thí điểm)""",2,https://bvtwhue.com.vn/?s=%28%5C%C4%91%E1%BA%A1o%20%C4%91%E1%BB%A9c%20AI%5C%22%20OR%20%5C%22AI%20c%C3%B3%20tr%C3%A1ch%20nhi%E1%BB%87m%5C%22%20OR%20%5C%22qu%E1%BA%A3n%20tr%E1%BB%8B%20AI%5C%22%29%20AND%20%28k%E1%BA%BF%20ho%E1%BA%A1ch%20OR%20tri%E1%BB%83n%20khai%20OR%20%C3%A1p%20d%E1%BB%A5ng%20OR%20th%C3%AD%20%C4%91i%E1%BB%83m%29%22&paged=2,2026-07-31T23:44:27+00:00,200,15850,,raw/hosp-c-01-dq-impl-01-p02.body,raw/hosp-c-01-dq-impl-01-p02.headers,601605A043F7755866FEC60F3483D2418D40309817E3E30C6F8E7E902E34C621,2,RAW_PAGE_CAPTURED
HOSP-C-01,Bệnh viện Trung ương Huế,https://bvtwhue.com.vn/,DQ-TOOL-01,"(\đánh giá tuân thủ\"" OR \""tự đánh giá\"") AND (\""đạo đức AI\"" OR \""AI có trách nhiệm\"")""",1,https://bvtwhue.com.vn/?s=%28%5C%C4%91%C3%A1nh%20gi%C3%A1%20tu%C3%A2n%20th%E1%BB%A7%5C%22%20OR%20%5C%22t%E1%BB%B1%20%C4%91%C3%A1nh%20gi%C3%A1%5C%22%29%20AND%20%28%5C%22%C4%91%E1%BA%A1o%20%C4%91%E1%BB%A9c%20AI%5C%22%20OR%20%5C%22AI%20c%C3%B3%20tr%C3%A1ch%20nhi%E1%BB%87m%5C%22%29%22&paged=1,2026-07-31T23:44:29+00:00,200,15850,,raw/hosp-c-01-dq-tool-01-p01.body,raw/hosp-c-01-dq-tool-01-p01.headers,601605A043F7755866FEC60F3483D2418D40309817E3E30C6F8E7E902E34C621,2,RAW_PAGE_CAPTURED
HOSP-C-01,Bệnh viện Trung ương Huế,https://bvtwhue.com.vn/,DQ-TOOL-01,"(\đánh giá tuân thủ\"" OR \""tự đánh giá\"") AND (\""đạo đức AI\"" OR \""AI có trách nhiệm\"")""",2,https://bvtwhue.com.vn/?s=%28%5C%C4%91%C3%A1nh%20gi%C3%A1%20tu%C3%A2n%20th%E1%BB%A7%5C%22%20OR%20%5C%22t%E1%BB%B1%20%C4%91%C3%A1nh%20gi%C3%A1%5C%22%29%20AND%20%28%5C%22%C4%91%E1%BA%A1o%20%C4%91%E1%BB%A9c%20AI%5C%22%20OR%20%5C%22AI%20c%C3%B3%20tr%C3%A1ch%20nhi%E1%BB%87m%5C%22%29%22&paged=2,2026-07-31T23:44:31+00:00,200,15850,,raw/hosp-c-01-dq-tool-01-p02.body,raw/hosp-c-01-dq-tool-01-p02.headers,601605A043F7755866FEC60F3483D2418D40309817E3E30C6F8E7E902E34C621,2,RAW_PAGE_CAPTURED
HOSP-C-01,Bệnh viện Trung ương Huế,https://bvtwhue.com.vn/,DQ-TOOL-02,"(nền tảng OR công cụ) AND (\đánh giá tuân thủ\"" OR \""đánh giá tác động\"") AND (\""AI\"" OR \""trí tuệ nhân tạo\"")""",1,https://bvtwhue.com.vn/?s=%28n%E1%BB%81n%20t%E1%BA%A3ng%20OR%20c%C3%B4ng%20c%E1%BB%A5%29%20AND%20%28%5C%C4%91%C3%A1nh%20gi%C3%A1%20tu%C3%A2n%20th%E1%BB%A7%5C%22%20OR%20%5C%22%C4%91%C3%A1nh%20gi%C3%A1%20t%C3%A1c%20%C4%91%E1%BB%99ng%5C%22%29%20AND%20%28%5C%22AI%5C%22%20OR%20%5C%22tr%C3%AD%20tu%E1%BB%87%20nh%C3%A2n%20t%E1%BA%A1o%5C%22%29%22&paged=1,2026-07-31T23:44:33+00:00,200,15850,,raw/hosp-c-01-dq-tool-02-p01.body,raw/hosp-c-01-dq-tool-02-p01.headers,601605A043F7755866FEC60F3483D2418D40309817E3E30C6F8E7E902E34C621,2,RAW_PAGE_CAPTURED
HOSP-C-01,Bệnh viện Trung ương Huế,https://bvtwhue.com.vn/,DQ-TOOL-02,"(nền tảng OR công cụ) AND (\đánh giá tuân thủ\"" OR \""đánh giá tác động\"") AND (\""AI\"" OR \""trí tuệ nhân tạo\"")""",2,https://bvtwhue.com.vn/?s=%28n%E1%BB%81n%20t%E1%BA%A3ng%20OR%20c%C3%B4ng%20c%E1%BB%A5%29%20AND%20%28%5C%C4%91%C3%A1nh%20gi%C3%A1%20tu%C3%A2n%20th%E1%BB%A7%5C%22%20OR%20%5C%22%C4%91%C3%A1nh%20gi%C3%A1%20t%C3%A1c%20%C4%91%E1%BB%99ng%5C%22%29%20AND%20%28%5C%22AI%5C%22%20OR%20%5C%22tr%C3%AD%20tu%E1%BB%87%20nh%C3%A2n%20t%E1%BA%A1o%5C%22%29%22&paged=2,2026-07-31T23:44:36+00:00,200,15850,,raw/hosp-c-01-dq-tool-02-p02.body,raw/hosp-c-01-dq-tool-02-p02.headers,601605A043F7755866FEC60F3483D2418D40309817E3E30C6F8E7E902E34C621,2,RAW_PAGE_CAPTURED
HOSP-C-01,Bệnh viện Trung ương Huế,https://bvtwhue.com.vn/,DQ-IMPL-04,"(\trí tuệ nhân tạo\"" OR AI) AND (\""theo dõi sau triển khai\"" OR hậu kiểm OR \""giám sát sau triển khai\"" OR \""đánh giá hiệu quả\"") AND (y tế OR bệnh viện OR \""Sở Y tế\"")""",1,https://bvtwhue.com.vn/?s=%28%5Ctr%C3%AD%20tu%E1%BB%87%20nh%C3%A2n%20t%E1%BA%A1o%5C%22%20OR%20AI%29%20AND%20%28%5C%22theo%20d%C3%B5i%20sau%20tri%E1%BB%83n%20khai%5C%22%20OR%20h%E1%BA%ADu%20ki%E1%BB%83m%20OR%20%5C%22gi%C3%A1m%20s%C3%A1t%20sau%20tri%E1%BB%83n%20khai%5C%22%20OR%20%5C%22%C4%91%C3%A1nh%20gi%C3%A1%20hi%E1%BB%87u%20qu%E1%BA%A3%5C%22%29%20AND%20%28y%20t%E1%BA%BF%20OR%20b%E1%BB%87nh%20vi%E1%BB%87n%20OR%20%5C%22S%E1%BB%9F%20Y%20t%E1%BA%BF%5C%22%29%22&paged=1,2026-07-31T23:44:38+00:00,200,15850,,raw/hosp-c-01-dq-impl-04-p01.body,raw/hosp-c-01-dq-impl-04-p01.headers,601605A043F7755866FEC60F3483D2418D40309817E3E30C6F8E7E902E34C621,2,RAW_PAGE_CAPTURED
HOSP-C-01,Bệnh viện Trung ương Huế,https://bvtwhue.com.vn/,DQ-IMPL-04,"(\trí tuệ nhân tạo\"" OR AI) AND (\""theo dõi sau triển khai\"" OR hậu kiểm OR \""giám sát sau triển khai\"" OR \""đánh giá hiệu quả\"") AND (y tế OR bệnh viện OR \""Sở Y tế\"")""",2,https://bvtwhue.com.vn/?s=%28%5Ctr%C3%AD%20tu%E1%BB%87%20nh%C3%A2n%20t%E1%BA%A1o%5C%22%20OR%20AI%29%20AND%20%28%5C%22theo%20d%C3%B5i%20sau%20tri%E1%BB%83n%20khai%5C%22%20OR%20h%E1%BA%ADu%20ki%E1%BB%83m%20OR%20%5C%22gi%C3%A1m%20s%C3%A1t%20sau%20tri%E1%BB%83n%20khai%5C%22%20OR%20%5C%22%C4%91%C3%A1nh%20gi%C3%A1%20hi%E1%BB%87u%20qu%E1%BA%A3%5C%22%29%20AND%20%28y%20t%E1%BA%BF%20OR%20b%E1%BB%87nh%20vi%E1%BB%87n%20OR%20%5C%22S%E1%BB%9F%20Y%20t%E1%BA%BF%5C%22%29%22&paged=2,2026-07-31T23:44:40+00:00,200,15850,,raw/hosp-c-01-dq-impl-04-p02.body,raw/hosp-c-01-dq-impl-04-p02.headers,601605A043F7755866FEC60F3483D2418D40309817E3E30C6F8E7E902E34C621,2,RAW_PAGE_CAPTURED
HOSP-C-01,Bệnh viện Trung ương Huế,https://bvtwhue.com.vn/,DQ-IMPL-05,"(\trí tuệ nhân tạo\"" OR AI) AND (\""báo cáo sự cố\"" OR \""quản lý chất lượng\"" OR kiểm toán OR thanh tra) AND (y tế OR bệnh viện OR \""Sở Y tế\"")""",1,https://bvtwhue.com.vn/?s=%28%5Ctr%C3%AD%20tu%E1%BB%87%20nh%C3%A2n%20t%E1%BA%A1o%5C%22%20OR%20AI%29%20AND%20%28%5C%22b%C3%A1o%20c%C3%A1o%20s%E1%BB%B1%20c%E1%BB%91%5C%22%20OR%20%5C%22qu%E1%BA%A3n%20l%C3%BD%20ch%E1%BA%A5t%20l%C6%B0%E1%BB%A3ng%5C%22%20OR%20ki%E1%BB%83m%20to%C3%A1n%20OR%20thanh%20tra%29%20AND%20%28y%20t%E1%BA%BF%20OR%20b%E1%BB%87nh%20vi%E1%BB%87n%20OR%20%5C%22S%E1%BB%9F%20Y%20t%E1%BA%BF%5C%22%29%22&paged=1,2026-07-31T23:44:42+00:00,200,15850,,raw/hosp-c-01-dq-impl-05-p01.body,raw/hosp-c-01-dq-impl-05-p01.headers,601605A043F7755866FEC60F3483D2418D40309817E3E30C6F8E7E902E34C621,2,RAW_PAGE_CAPTURED
HOSP-C-01,Bệnh viện Trung ương Huế,https://bvtwhue.com.vn/,DQ-IMPL-05,"(\trí tuệ nhân tạo\"" OR AI) AND (\""báo cáo sự cố\"" OR \""quản lý chất lượng\"" OR kiểm toán OR thanh tra) AND (y tế OR bệnh viện OR \""Sở Y tế\"")""",2,https://bvtwhue.com.vn/?s=%28%5Ctr%C3%AD%20tu%E1%BB%87%20nh%C3%A2n%20t%E1%BA%A1o%5C%22%20OR%20AI%29%20AND%20%28%5C%22b%C3%A1o%20c%C3%A1o%20s%E1%BB%B1%20c%E1%BB%91%5C%22%20OR%20%5C%22qu%E1%BA%A3n%20l%C3%BD%20ch%E1%BA%A5t%20l%C6%B0%E1%BB%A3ng%5C%22%20OR%20ki%E1%BB%83m%20to%C3%A1n%20OR%20thanh%20tra%29%20AND%20%28y%20t%E1%BA%BF%20OR%20b%E1%BB%87nh%20vi%E1%BB%87n%20OR%20%5C%22S%E1%BB%9F%20Y%20t%E1%BA%BF%5C%22%29%22&paged=2,2026-07-31T23:44:45+00:00,200,15850,,raw/hosp-c-01-dq-impl-05-p02.body,raw/hosp-c-01-dq-impl-05-p02.headers,601605A043F7755866FEC60F3483D2418D40309817E3E30C6F8E7E902E34C621,2,RAW_PAGE_CAPTURED
HOSP-C-01,Bệnh viện Trung ương Huế,https://bvtwhue.com.vn/,DQ-EVID-01,"(\đạo đức AI\"" OR \""quản trị AI\"") AND (kiểm toán OR thanh tra OR giám sát)""",1,https://bvtwhue.com.vn/?s=%28%5C%C4%91%E1%BA%A1o%20%C4%91%E1%BB%A9c%20AI%5C%22%20OR%20%5C%22qu%E1%BA%A3n%20tr%E1%BB%8B%20AI%5C%22%29%20AND%20%28ki%E1%BB%83m%20to%C3%A1n%20OR%20thanh%20tra%20OR%20gi%C3%A1m%20s%C3%A1t%29%22&paged=1,2026-07-31T23:44:47+00:00,200,15850,,raw/hosp-c-01-dq-evid-01-p01.body,raw/hosp-c-01-dq-evid-01-p01.headers,601605A043F7755866FEC60F3483D2418D40309817E3E30C6F8E7E902E34C621,2,RAW_PAGE_CAPTURED
HOSP-C-01,Bệnh viện Trung ương Huế,https://bvtwhue.com.vn/,DQ-EVID-01,"(\đạo đức AI\"" OR \""quản trị AI\"") AND (kiểm toán OR thanh tra OR giám sát)""",2,https://bvtwhue.com.vn/?s=%28%5C%C4%91%E1%BA%A1o%20%C4%91%E1%BB%A9c%20AI%5C%22%20OR%20%5C%22qu%E1%BA%A3n%20tr%E1%BB%8B%20AI%5C%22%29%20AND%20%28ki%E1%BB%83m%20to%C3%A1n%20OR%20thanh%20tra%20OR%20gi%C3%A1m%20s%C3%A1t%29%22&paged=2,2026-07-31T23:44:49+00:00,200,15850,,raw/hosp-c-01-dq-evid-01-p02.body,raw/hosp-c-01-dq-evid-01-p02.headers,601605A043F7755866FEC60F3483D2418D40309817E3E30C6F8E7E902E34C621,2,RAW_PAGE_CAPTURED
HOSP-C-01,Bệnh viện Trung ương Huế,https://bvtwhue.com.vn/,DQ-EVID-02,"(\AI\"" OR \""trí tuệ nhân tạo\"") AND (sự cố OR khiếu nại OR khắc phục) AND (y tế OR bệnh viện)""",1,https://bvtwhue.com.vn/?s=%28%5CAI%5C%22%20OR%20%5C%22tr%C3%AD%20tu%E1%BB%87%20nh%C3%A2n%20t%E1%BA%A1o%5C%22%29%20AND%20%28s%E1%BB%B1%20c%E1%BB%91%20OR%20khi%E1%BA%BFu%20n%E1%BA%A1i%20OR%20kh%E1%BA%AFc%20ph%E1%BB%A5c%29%20AND%20%28y%20t%E1%BA%BF%20OR%20b%E1%BB%87nh%20vi%E1%BB%87n%29%22&paged=1,2026-07-31T23:44:51+00:00,200,15850,,raw/hosp-c-01-dq-evid-02-p01.body,raw/hosp-c-01-dq-evid-02-p01.headers,601605A043F7755866FEC60F3483D2418D40309817E3E30C6F8E7E902E34C621,2,RAW_PAGE_CAPTURED
HOSP-C-01,Bệnh viện Trung ương Huế,https://bvtwhue.com.vn/,DQ-EVID-02,"(\AI\"" OR \""trí tuệ nhân tạo\"") AND (sự cố OR khiếu nại OR khắc phục) AND (y tế OR bệnh viện)""",2,https://bvtwhue.com.vn/?s=%28%5CAI%5C%22%20OR%20%5C%22tr%C3%AD%20tu%E1%BB%87%20nh%C3%A2n%20t%E1%BA%A1o%5C%22%29%20AND%20%28s%E1%BB%B1%20c%E1%BB%91%20OR%20khi%E1%BA%BFu%20n%E1%BA%A1i%20OR%20kh%E1%BA%AFc%20ph%E1%BB%A5c%29%20AND%20%28y%20t%E1%BA%BF%20OR%20b%E1%BB%87nh%20vi%E1%BB%87n%29%22&paged=2,2026-07-31T23:44:53+00:00,200,15850,,raw/hosp-c-01-dq-evid-02-p02.body,raw/hosp-c-01-dq-evid-02-p02.headers,601605A043F7755866FEC60F3483D2418D40309817E3E30C6F8E7E902E34C621,2,RAW_PAGE_CAPTURED
HOSP-C-01,Bệnh viện Trung ương Huế,https://bvtwhue.com.vn/,DQ-EVID-03,"(\AI\"" OR \""trí tuệ nhân tạo\"") AND (\""đánh giá tác động\"" OR kết quả) AND (y tế OR bệnh viện)""",1,https://bvtwhue.com.vn/?s=%28%5CAI%5C%22%20OR%20%5C%22tr%C3%AD%20tu%E1%BB%87%20nh%C3%A2n%20t%E1%BA%A1o%5C%22%29%20AND%20%28%5C%22%C4%91%C3%A1nh%20gi%C3%A1%20t%C3%A1c%20%C4%91%E1%BB%99ng%5C%22%20OR%20k%E1%BA%BFt%20qu%E1%BA%A3%29%20AND%20%28y%20t%E1%BA%BF%20OR%20b%E1%BB%87nh%20vi%E1%BB%87n%29%22&paged=1,2026-07-31T23:44:55+00:00,200,15850,,raw/hosp-c-01-dq-evid-03-p01.body,raw/hosp-c-01-dq-evid-03-p01.headers,601605A043F7755866FEC60F3483D2418D40309817E3E30C6F8E7E902E34C621,2,RAW_PAGE_CAPTURED
HOSP-C-01,Bệnh viện Trung ương Huế,https://bvtwhue.com.vn/,DQ-EVID-03,"(\AI\"" OR \""trí tuệ nhân tạo\"") AND (\""đánh giá tác động\"" OR kết quả) AND (y tế OR bệnh viện)""",2,https://bvtwhue.com.vn/?s=%28%5CAI%5C%22%20OR%20%5C%22tr%C3%AD%20tu%E1%BB%87%20nh%C3%A2n%20t%E1%BA%A1o%5C%22%29%20AND%20%28%5C%22%C4%91%C3%A1nh%20gi%C3%A1%20t%C3%A1c%20%C4%91%E1%BB%99ng%5C%22%20OR%20k%E1%BA%BFt%20qu%E1%BA%A3%29%20AND%20%28y%20t%E1%BA%BF%20OR%20b%E1%BB%87nh%20vi%E1%BB%87n%29%22&paged=2,2026-07-31T23:44:58+00:00,200,15850,,raw/hosp-c-01-dq-evid-03-p02.body,raw/hosp-c-01-dq-evid-03-p02.headers,601605A043F7755866FEC60F3483D2418D40309817E3E30C6F8E7E902E34C621,2,RAW_PAGE_CAPTURED
HOSP-C-01,Bệnh viện Trung ương Huế,https://bvtwhue.com.vn/,DQ-EVID-04,"(\AI ethics\"" OR \""AI governance\"") AND (audit OR inspection OR monitoring OR incident OR complaint OR redress OR \""impact assessment\"" OR outcome OR result) AND (Vietnam OR \""Viet Nam\"") AND (health OR hospital)""",1,https://bvtwhue.com.vn/?s=%28%5CAI%20ethics%5C%22%20OR%20%5C%22AI%20governance%5C%22%29%20AND%20%28audit%20OR%20inspection%20OR%20monitoring%20OR%20incident%20OR%20complaint%20OR%20redress%20OR%20%5C%22impact%20assessment%5C%22%20OR%20outcome%20OR%20result%29%20AND%20%28Vietnam%20OR%20%5C%22Viet%20Nam%5C%22%29%20AND%20%28health%20OR%20hospital%29%22&paged=1,2026-07-31T23:45:00+00:00,200,15850,,raw/hosp-c-01-dq-evid-04-p01.body,raw/hosp-c-01-dq-evid-04-p01.headers,601605A043F7755866FEC60F3483D2418D40309817E3E30C6F8E7E902E34C621,2,RAW_PAGE_CAPTURED
HOSP-C-01,Bệnh viện Trung ương Huế,https://bvtwhue.com.vn/,DQ-EVID-04,"(\AI ethics\"" OR \""AI governance\"") AND (audit OR inspection OR monitoring OR incident OR complaint OR redress OR \""impact assessment\"" OR outcome OR result) AND (Vietnam OR \""Viet Nam\"") AND (health OR hospital)""",2,https://bvtwhue.com.vn/?s=%28%5CAI%20ethics%5C%22%20OR%20%5C%22AI%20governance%5C%22%29%20AND%20%28audit%20OR%20inspection%20OR%20monitoring%20OR%20incident%20OR%20complaint%20OR%20redress%20OR%20%5C%22impact%20assessment%5C%22%20OR%20outcome%20OR%20result%29%20AND%20%28Vietnam%20OR%20%5C%22Viet%20Nam%5C%22%29%20AND%20%28health%20OR%20hospital%29%22&paged=2,2026-07-31T23:45:02+00:00,200,15850,,raw/hosp-c-01-dq-evid-04-p02.body,raw/hosp-c-01-dq-evid-04-p02.headers,601605A043F7755866FEC60F3483D2418D40309817E3E30C6F8E7E902E34C621,2,RAW_PAGE_CAPTURED
HOSP-C-01,Bệnh viện Trung ương Huế,https://bvtwhue.com.vn/,DQ-EVID-05,"(\artificial intelligence\"" OR AI) AND (\""post-implementation monitoring\"" OR \""post-market surveillance\"" OR \""incident reporting\"" OR \""quality management\"" OR \""effectiveness evaluation\"" OR audit) AND (Vietnam OR \""Viet Nam\"") AND (health OR hospital OR \""provincial health department\"")""",1,https://bvtwhue.com.vn/?s=%28%5Cartificial%20intelligence%5C%22%20OR%20AI%29%20AND%20%28%5C%22post-implementation%20monitoring%5C%22%20OR%20%5C%22post-market%20surveillance%5C%22%20OR%20%5C%22incident%20reporting%5C%22%20OR%20%5C%22quality%20management%5C%22%20OR%20%5C%22effectiveness%20evaluation%5C%22%20OR%20audit%29%20AND%20%28Vietnam%20OR%20%5C%22Viet%20Nam%5C%22%29%20AND%20%28health%20OR%20hospital%20OR%20%5C%22provincial%20health%20department%5C%22%29%22&paged=1,2026-07-31T23:45:05+00:00,200,15850,,raw/hosp-c-01-dq-evid-05-p01.body,raw/hosp-c-01-dq-evid-05-p01.headers,601605A043F7755866FEC60F3483D2418D40309817E3E30C6F8E7E902E34C621,2,RAW_PAGE_CAPTURED
HOSP-C-01,Bệnh viện Trung ương Huế,https://bvtwhue.com.vn/,DQ-EVID-05,"(\artificial intelligence\"" OR AI) AND (\""post-implementation monitoring\"" OR \""post-market surveillance\"" OR \""incident reporting\"" OR \""quality management\"" OR \""effectiveness evaluation\"" OR audit) AND (Vietnam OR \""Viet Nam\"") AND (health OR hospital OR \""provincial health department\"")""",2,https://bvtwhue.com.vn/?s=%28%5Cartificial%20intelligence%5C%22%20OR%20AI%29%20AND%20%28%5C%22post-implementation%20monitoring%5C%22%20OR%20%5C%22post-market%20surveillance%5C%22%20OR%20%5C%22incident%20reporting%5C%22%20OR%20%5C%22quality%20management%5C%22%20OR%20%5C%22effectiveness%20evaluation%5C%22%20OR%20audit%29%20AND%20%28Vietnam%20OR%20%5C%22Viet%20Nam%5C%22%29%20AND%20%28health%20OR%20hospital%20OR%20%5C%22provincial%20health%20department%5C%22%29%22&paged=2,2026-07-31T23:45:07+00:00,200,15850,,raw/hosp-c-01-dq-evid-05-p02.body,raw/hosp-c-01-dq-evid-05-p02.headers,601605A043F7755866FEC60F3483D2418D40309817E3E30C6F8E7E902E34C621,2,RAW_PAGE_CAPTURED
HOSP-S-01,Bệnh viện Chợ Rẫy,https://bvchoray.vn/,DQ-IMPL-01,"(\đạo đức AI\"" OR \""AI có trách nhiệm\"" OR \""quản trị AI\"") AND (kế hoạch OR triển khai OR áp dụng OR thí điểm)""",1,https://bvchoray.vn/?s=%28%5C%C4%91%E1%BA%A1o%20%C4%91%E1%BB%A9c%20AI%5C%22%20OR%20%5C%22AI%20c%C3%B3%20tr%C3%A1ch%20nhi%E1%BB%87m%5C%22%20OR%20%5C%22qu%E1%BA%A3n%20tr%E1%BB%8B%20AI%5C%22%29%20AND%20%28k%E1%BA%BF%20ho%E1%BA%A1ch%20OR%20tri%E1%BB%83n%20khai%20OR%20%C3%A1p%20d%E1%BB%A5ng%20OR%20th%C3%AD%20%C4%91i%E1%BB%83m%29%22&paged=1,2026-07-31T23:45:09+00:00,,0,URLError: <urlopen error [WinError 10054] An existing connection was forcibly closed by the remote host>,raw/hosp-s-01-dq-impl-01-p01.body,raw/hosp-s-01-dq-impl-01-p01.headers,E3B0C44298FC1C149AFBF4C8996FB92427AE41E4649B934CA495991B7852B855,0,TRANSPORT_ATTEMPTED
HOSP-S-01,Bệnh viện Chợ Rẫy,https://bvchoray.vn/,DQ-IMPL-01,"(\đạo đức AI\"" OR \""AI có trách nhiệm\"" OR \""quản trị AI\"") AND (kế hoạch OR triển khai OR áp dụng OR thí điểm)""",2,https://bvchoray.vn/?s=%28%5C%C4%91%E1%BA%A1o%20%C4%91%E1%BB%A9c%20AI%5C%22%20OR%20%5C%22AI%20c%C3%B3%20tr%C3%A1ch%20nhi%E1%BB%87m%5C%22%20OR%20%5C%22qu%E1%BA%A3n%20tr%E1%BB%8B%20AI%5C%22%29%20AND%20%28k%E1%BA%BF%20ho%E1%BA%A1ch%20OR%20tri%E1%BB%83n%20khai%20OR%20%C3%A1p%20d%E1%BB%A5ng%20OR%20th%C3%AD%20%C4%91i%E1%BB%83m%29%22&paged=2,2026-07-31T23:45:29+00:00,,0,URLError: <urlopen error [WinError 10054] An existing connection was forcibly closed by the remote host>,raw/hosp-s-01-dq-impl-01-p02.body,raw/hosp-s-01-dq-impl-01-p02.headers,E3B0C44298FC1C149AFBF4C8996FB92427AE41E4649B934CA495991B7852B855,0,TRANSPORT_ATTEMPTED
HOSP-S-01,Bệnh viện Chợ Rẫy,https://bvchoray.vn/,DQ-TOOL-01,"(\đánh giá tuân thủ\"" OR \""tự đánh giá\"") AND (\""đạo đức AI\"" OR \""AI có trách nhiệm\"")""",1,https://bvchoray.vn/?s=%28%5C%C4%91%C3%A1nh%20gi%C3%A1%20tu%C3%A2n%20th%E1%BB%A7%5C%22%20OR%20%5C%22t%E1%BB%B1%20%C4%91%C3%A1nh%20gi%C3%A1%5C%22%29%20AND%20%28%5C%22%C4%91%E1%BA%A1o%20%C4%91%E1%BB%A9c%20AI%5C%22%20OR%20%5C%22AI%20c%C3%B3%20tr%C3%A1ch%20nhi%E1%BB%87m%5C%22%29%22&paged=1,2026-07-31T23:45:50+00:00,,0,URLError: <urlopen error [WinError 10054] An existing connection was forcibly closed by the remote host>,raw/hosp-s-01-dq-tool-01-p01.body,raw/hosp-s-01-dq-tool-01-p01.headers,E3B0C44298FC1C149AFBF4C8996FB92427AE41E4649B934CA495991B7852B855,0,TRANSPORT_ATTEMPTED
HOSP-S-01,Bệnh viện Chợ Rẫy,https://bvchoray.vn/,DQ-TOOL-01,"(\đánh giá tuân thủ\"" OR \""tự đánh giá\"") AND (\""đạo đức AI\"" OR \""AI có trách nhiệm\"")""",2,https://bvchoray.vn/?s=%28%5C%C4%91%C3%A1nh%20gi%C3%A1%20tu%C3%A2n%20th%E1%BB%A7%5C%22%20OR%20%5C%22t%E1%BB%B1%20%C4%91%C3%A1nh%20gi%C3%A1%5C%22%29%20AND%20%28%5C%22%C4%91%E1%BA%A1o%20%C4%91%E1%BB%A9c%20AI%5C%22%20OR%20%5C%22AI%20c%C3%B3%20tr%C3%A1ch%20nhi%E1%BB%87m%5C%22%29%22&paged=2,2026-07-31T23:46:10+00:00,,0,URLError: <urlopen error [WinError 10054] An existing connection was forcibly closed by the remote host>,raw/hosp-s-01-dq-tool-01-p02.body,raw/hosp-s-01-dq-tool-01-p02.headers,E3B0C44298FC1C149AFBF4C8996FB92427AE41E4649B934CA495991B7852B855,0,TRANSPORT_ATTEMPTED
HOSP-S-01,Bệnh viện Chợ Rẫy,https://bvchoray.vn/,DQ-TOOL-02,"(nền tảng OR công cụ) AND (\đánh giá tuân thủ\"" OR \""đánh giá tác động\"") AND (\""AI\"" OR \""trí tuệ nhân tạo\"")""",1,https://bvchoray.vn/?s=%28n%E1%BB%81n%20t%E1%BA%A3ng%20OR%20c%C3%B4ng%20c%E1%BB%A5%29%20AND%20%28%5C%C4%91%C3%A1nh%20gi%C3%A1%20tu%C3%A2n%20th%E1%BB%A7%5C%22%20OR%20%5C%22%C4%91%C3%A1nh%20gi%C3%A1%20t%C3%A1c%20%C4%91%E1%BB%99ng%5C%22%29%20AND%20%28%5C%22AI%5C%22%20OR%20%5C%22tr%C3%AD%20tu%E1%BB%87%20nh%C3%A2n%20t%E1%BA%A1o%5C%22%29%22&paged=1,2026-07-31T23:46:30+00:00,,0,URLError: <urlopen error [WinError 10054] An existing connection was forcibly closed by the remote host>,raw/hosp-s-01-dq-tool-02-p01.body,raw/hosp-s-01-dq-tool-02-p01.headers,E3B0C44298FC1C149AFBF4C8996FB92427AE41E4649B934CA495991B7852B855,0,TRANSPORT_ATTEMPTED
HOSP-S-01,Bệnh viện Chợ Rẫy,https://bvchoray.vn/,DQ-TOOL-02,"(nền tảng OR công cụ) AND (\đánh giá tuân thủ\"" OR \""đánh giá tác động\"") AND (\""AI\"" OR \""trí tuệ nhân tạo\"")""",2,https://bvchoray.vn/?s=%28n%E1%BB%81n%20t%E1%BA%A3ng%20OR%20c%C3%B4ng%20c%E1%BB%A5%29%20AND%20%28%5C%C4%91%C3%A1nh%20gi%C3%A1%20tu%C3%A2n%20th%E1%BB%A7%5C%22%20OR%20%5C%22%C4%91%C3%A1nh%20gi%C3%A1%20t%C3%A1c%20%C4%91%E1%BB%99ng%5C%22%29%20AND%20%28%5C%22AI%5C%22%20OR%20%5C%22tr%C3%AD%20tu%E1%BB%87%20nh%C3%A2n%20t%E1%BA%A1o%5C%22%29%22&paged=2,2026-07-31T23:46:50+00:00,,0,URLError: <urlopen error [WinError 10054] An existing connection was forcibly closed by the remote host>,raw/hosp-s-01-dq-tool-02-p02.body,raw/hosp-s-01-dq-tool-02-p02.headers,E3B0C44298FC1C149AFBF4C8996FB92427AE41E4649B934CA495991B7852B855,0,TRANSPORT_ATTEMPTED
HOSP-S-01,Bệnh viện Chợ Rẫy,https://bvchoray.vn/,DQ-IMPL-04,"(\trí tuệ nhân tạo\"" OR AI) AND (\""theo dõi sau triển khai\"" OR hậu kiểm OR \""giám sát sau triển khai\"" OR \""đánh giá hiệu quả\"") AND (y tế OR bệnh viện OR \""Sở Y tế\"")""",1,https://bvchoray.vn/?s=%28%5Ctr%C3%AD%20tu%E1%BB%87%20nh%C3%A2n%20t%E1%BA%A1o%5C%22%20OR%20AI%29%20AND%20%28%5C%22theo%20d%C3%B5i%20sau%20tri%E1%BB%83n%20khai%5C%22%20OR%20h%E1%BA%ADu%20ki%E1%BB%83m%20OR%20%5C%22gi%C3%A1m%20s%C3%A1t%20sau%20tri%E1%BB%83n%20khai%5C%22%20OR%20%5C%22%C4%91%C3%A1nh%20gi%C3%A1%20hi%E1%BB%87u%20qu%E1%BA%A3%5C%22%29%20AND%20%28y%20t%E1%BA%BF%20OR%20b%E1%BB%87nh%20vi%E1%BB%87n%20OR%20%5C%22S%E1%BB%9F%20Y%20t%E1%BA%BF%5C%22%29%22&paged=1,2026-07-31T23:47:10+00:00,,0,URLError: <urlopen error [WinError 10054] An existing connection was forcibly closed by the remote host>,raw/hosp-s-01-dq-impl-04-p01.body,raw/hosp-s-01-dq-impl-04-p01.headers,E3B0C44298FC1C149AFBF4C8996FB92427AE41E4649B934CA495991B7852B855,0,TRANSPORT_ATTEMPTED
HOSP-S-01,Bệnh viện Chợ Rẫy,https://bvchoray.vn/,DQ-IMPL-04,"(\trí tuệ nhân tạo\"" OR AI) AND (\""theo dõi sau triển khai\"" OR hậu kiểm OR \""giám sát sau triển khai\"" OR \""đánh giá hiệu quả\"") AND (y tế OR bệnh viện OR \""Sở Y tế\"")""",2,https://bvchoray.vn/?s=%28%5Ctr%C3%AD%20tu%E1%BB%87%20nh%C3%A2n%20t%E1%BA%A1o%5C%22%20OR%20AI%29%20AND%20%28%5C%22theo%20d%C3%B5i%20sau%20tri%E1%BB%83n%20khai%5C%22%20OR%20h%E1%BA%ADu%20ki%E1%BB%83m%20OR%20%5C%22gi%C3%A1m%20s%C3%A1t%20sau%20tri%E1%BB%83n%20khai%5C%22%20OR%20%5C%22%C4%91%C3%A1nh%20gi%C3%A1%20hi%E1%BB%87u%20qu%E1%BA%A3%5C%22%29%20AND%20%28y%20t%E1%BA%BF%20OR%20b%E1%BB%87nh%20vi%E1%BB%87n%20OR%20%5C%22S%E1%BB%9F%20Y%20t%E1%BA%BF%5C%22%29%22&paged=2,2026-07-31T23:47:31+00:00,,0,URLError: <urlopen error [WinError 10054] An existing connection was forcibly closed by the remote host>,raw/hosp-s-01-dq-impl-04-p02.body,raw/hosp-s-01-dq-impl-04-p02.headers,E3B0C44298FC1C149AFBF4C8996FB92427AE41E4649B934CA495991B7852B855,0,TRANSPORT_ATTEMPTED
HOSP-S-01,Bệnh viện Chợ Rẫy,https://bvchoray.vn/,DQ-IMPL-05,"(\trí tuệ nhân tạo\"" OR AI) AND (\""báo cáo sự cố\"" OR \""quản lý chất lượng\"" OR kiểm toán OR thanh tra) AND (y tế OR bệnh viện OR \""Sở Y tế\"")""",1,https://bvchoray.vn/?s=%28%5Ctr%C3%AD%20tu%E1%BB%87%20nh%C3%A2n%20t%E1%BA%A1o%5C%22%20OR%20AI%29%20AND%20%28%5C%22b%C3%A1o%20c%C3%A1o%20s%E1%BB%B1%20c%E1%BB%91%5C%22%20OR%20%5C%22qu%E1%BA%A3n%20l%C3%BD%20ch%E1%BA%A5t%20l%C6%B0%E1%BB%A3ng%5C%22%20OR%20ki%E1%BB%83m%20to%C3%A1n%20OR%20thanh%20tra%29%20AND%20%28y%20t%E1%BA%BF%20OR%20b%E1%BB%87nh%20vi%E1%BB%87n%20OR%20%5C%22S%E1%BB%9F%20Y%20t%E1%BA%BF%5C%22%29%22&paged=1,2026-07-31T23:47:51+00:00,,0,URLError: <urlopen error [WinError 10054] An existing connection was forcibly closed by the remote host>,raw/hosp-s-01-dq-impl-05-p01.body,raw/hosp-s-01-dq-impl-05-p01.headers,E3B0C44298FC1C149AFBF4C8996FB92427AE41E4649B934CA495991B7852B855,0,TRANSPORT_ATTEMPTED
HOSP-S-01,Bệnh viện Chợ Rẫy,https://bvchoray.vn/,DQ-IMPL-05,"(\trí tuệ nhân tạo\"" OR AI) AND (\""báo cáo sự cố\"" OR \""quản lý chất lượng\"" OR kiểm toán OR thanh tra) AND (y tế OR bệnh viện OR \""Sở Y tế\"")""",2,https://bvchoray.vn/?s=%28%5Ctr%C3%AD%20tu%E1%BB%87%20nh%C3%A2n%20t%E1%BA%A1o%5C%22%20OR%20AI%29%20AND%20%28%5C%22b%C3%A1o%20c%C3%A1o%20s%E1%BB%B1%20c%E1%BB%91%5C%22%20OR%20%5C%22qu%E1%BA%A3n%20l%C3%BD%20ch%E1%BA%A5t%20l%C6%B0%E1%BB%A3ng%5C%22%20OR%20ki%E1%BB%83m%20to%C3%A1n%20OR%20thanh%20tra%29%20AND%20%28y%20t%E1%BA%BF%20OR%20b%E1%BB%87nh%20vi%E1%BB%87n%20OR%20%5C%22S%E1%BB%9F%20Y%20t%E1%BA%BF%5C%22%29%22&paged=2,2026-07-31T23:48:11+00:00,,0,URLError: <urlopen error [WinError 10054] An existing connection was forcibly closed by the remote host>,raw/hosp-s-01-dq-impl-05-p02.body,raw/hosp-s-01-dq-impl-05-p02.headers,E3B0C44298FC1C149AFBF4C8996FB92427AE41E4649B934CA495991B7852B855,0,TRANSPORT_ATTEMPTED
HOSP-S-01,Bệnh viện Chợ Rẫy,https://bvchoray.vn/,DQ-EVID-01,"(\đạo đức AI\"" OR \""quản trị AI\"") AND (kiểm toán OR thanh tra OR giám sát)""",1,https://bvchoray.vn/?s=%28%5C%C4%91%E1%BA%A1o%20%C4%91%E1%BB%A9c%20AI%5C%22%20OR%20%5C%22qu%E1%BA%A3n%20tr%E1%BB%8B%20AI%5C%22%29%20AND%20%28ki%E1%BB%83m%20to%C3%A1n%20OR%20thanh%20tra%20OR%20gi%C3%A1m%20s%C3%A1t%29%22&paged=1,2026-07-31T23:48:31+00:00,,0,URLError: <urlopen error [WinError 10054] An existing connection was forcibly closed by the remote host>,raw/hosp-s-01-dq-evid-01-p01.body,raw/hosp-s-01-dq-evid-01-p01.headers,E3B0C44298FC1C149AFBF4C8996FB92427AE41E4649B934CA495991B7852B855,0,TRANSPORT_ATTEMPTED
HOSP-S-01,Bệnh viện Chợ Rẫy,https://bvchoray.vn/,DQ-EVID-01,"(\đạo đức AI\"" OR \""quản trị AI\"") AND (kiểm toán OR thanh tra OR giám sát)""",2,https://bvchoray.vn/?s=%28%5C%C4%91%E1%BA%A1o%20%C4%91%E1%BB%A9c%20AI%5C%22%20OR%20%5C%22qu%E1%BA%A3n%20tr%E1%BB%8B%20AI%5C%22%29%20AND%20%28ki%E1%BB%83m%20to%C3%A1n%20OR%20thanh%20tra%20OR%20gi%C3%A1m%20s%C3%A1t%29%22&paged=2,2026-07-31T23:48:51+00:00,,0,URLError: <urlopen error [WinError 10054] An existing connection was forcibly closed by the remote host>,raw/hosp-s-01-dq-evid-01-p02.body,raw/hosp-s-01-dq-evid-01-p02.headers,E3B0C44298FC1C149AFBF4C8996FB92427AE41E4649B934CA495991B7852B855,0,TRANSPORT_ATTEMPTED
HOSP-S-01,Bệnh viện Chợ Rẫy,https://bvchoray.vn/,DQ-EVID-02,"(\AI\"" OR \""trí tuệ nhân tạo\"") AND (sự cố OR khiếu nại OR khắc phục) AND (y tế OR bệnh viện)""",1,https://bvchoray.vn/?s=%28%5CAI%5C%22%20OR%20%5C%22tr%C3%AD%20tu%E1%BB%87%20nh%C3%A2n%20t%E1%BA%A1o%5C%22%29%20AND%20%28s%E1%BB%B1%20c%E1%BB%91%20OR%20khi%E1%BA%BFu%20n%E1%BA%A1i%20OR%20kh%E1%BA%AFc%20ph%E1%BB%A5c%29%20AND%20%28y%20t%E1%BA%BF%20OR%20b%E1%BB%87nh%20vi%E1%BB%87n%29%22&paged=1,2026-07-31T23:49:12+00:00,,0,URLError: <urlopen error [WinError 10054] An existing connection was forcibly closed by the remote host>,raw/hosp-s-01-dq-evid-02-p01.body,raw/hosp-s-01-dq-evid-02-p01.headers,E3B0C44298FC1C149AFBF4C8996FB92427AE41E4649B934CA495991B7852B855,0,TRANSPORT_ATTEMPTED
HOSP-S-01,Bệnh viện Chợ Rẫy,https://bvchoray.vn/,DQ-EVID-02,"(\AI\"" OR \""trí tuệ nhân tạo\"") AND (sự cố OR khiếu nại OR khắc phục) AND (y tế OR bệnh viện)""",2,https://bvchoray.vn/?s=%28%5CAI%5C%22%20OR%20%5C%22tr%C3%AD%20tu%E1%BB%87%20nh%C3%A2n%20t%E1%BA%A1o%5C%22%29%20AND%20%28s%E1%BB%B1%20c%E1%BB%91%20OR%20khi%E1%BA%BFu%20n%E1%BA%A1i%20OR%20kh%E1%BA%AFc%20ph%E1%BB%A5c%29%20AND%20%28y%20t%E1%BA%BF%20OR%20b%E1%BB%87nh%20vi%E1%BB%87n%29%22&paged=2,2026-07-31T23:49:32+00:00,,0,URLError: <urlopen error [WinError 10054] An existing connection was forcibly closed by the remote host>,raw/hosp-s-01-dq-evid-02-p02.body,raw/hosp-s-01-dq-evid-02-p02.headers,E3B0C44298FC1C149AFBF4C8996FB92427AE41E4649B934CA495991B7852B855,0,TRANSPORT_ATTEMPTED
HOSP-S-01,Bệnh viện Chợ Rẫy,https://bvchoray.vn/,DQ-EVID-03,"(\AI\"" OR \""trí tuệ nhân tạo\"") AND (\""đánh giá tác động\"" OR kết quả) AND (y tế OR bệnh viện)""",1,https://bvchoray.vn/?s=%28%5CAI%5C%22%20OR%20%5C%22tr%C3%AD%20tu%E1%BB%87%20nh%C3%A2n%20t%E1%BA%A1o%5C%22%29%20AND%20%28%5C%22%C4%91%C3%A1nh%20gi%C3%A1%20t%C3%A1c%20%C4%91%E1%BB%99ng%5C%22%20OR%20k%E1%BA%BFt%20qu%E1%BA%A3%29%20AND%20%28y%20t%E1%BA%BF%20OR%20b%E1%BB%87nh%20vi%E1%BB%87n%29%22&paged=1,2026-07-31T23:49:52+00:00,,0,URLError: <urlopen error [WinError 10054] An existing connection was forcibly closed by the remote host>,raw/hosp-s-01-dq-evid-03-p01.body,raw/hosp-s-01-dq-evid-03-p01.headers,E3B0C44298FC1C149AFBF4C8996FB92427AE41E4649B934CA495991B7852B855,0,TRANSPORT_ATTEMPTED
HOSP-S-01,Bệnh viện Chợ Rẫy,https://bvchoray.vn/,DQ-EVID-03,"(\AI\"" OR \""trí tuệ nhân tạo\"") AND (\""đánh giá tác động\"" OR kết quả) AND (y tế OR bệnh viện)""",2,https://bvchoray.vn/?s=%28%5CAI%5C%22%20OR%20%5C%22tr%C3%AD%20tu%E1%BB%87%20nh%C3%A2n%20t%E1%BA%A1o%5C%22%29%20AND%20%28%5C%22%C4%91%C3%A1nh%20gi%C3%A1%20t%C3%A1c%20%C4%91%E1%BB%99ng%5C%22%20OR%20k%E1%BA%BFt%20qu%E1%BA%A3%29%20AND%20%28y%20t%E1%BA%BF%20OR%20b%E1%BB%87nh%20vi%E1%BB%87n%29%22&paged=2,2026-07-31T23:50:12+00:00,,0,URLError: <urlopen error [WinError 10054] An existing connection was forcibly closed by the remote host>,raw/hosp-s-01-dq-evid-03-p02.body,raw/hosp-s-01-dq-evid-03-p02.headers,E3B0C44298FC1C149AFBF4C8996FB92427AE41E4649B934CA495991B7852B855,0,TRANSPORT_ATTEMPTED
HOSP-S-01,Bệnh viện Chợ Rẫy,https://bvchoray.vn/,DQ-EVID-04,"(\AI ethics\"" OR \""AI governance\"") AND (audit OR inspection OR monitoring OR incident OR complaint OR redress OR \""impact assessment\"" OR outcome OR result) AND (Vietnam OR \""Viet Nam\"") AND (health OR hospital)""",1,https://bvchoray.vn/?s=%28%5CAI%20ethics%5C%22%20OR%20%5C%22AI%20governance%5C%22%29%20AND%20%28audit%20OR%20inspection%20OR%20monitoring%20OR%20incident%20OR%20complaint%20OR%20redress%20OR%20%5C%22impact%20assessment%5C%22%20OR%20outcome%20OR%20result%29%20AND%20%28Vietnam%20OR%20%5C%22Viet%20Nam%5C%22%29%20AND%20%28health%20OR%20hospital%29%22&paged=1,2026-07-31T23:50:33+00:00,,0,URLError: <urlopen error [WinError 10054] An existing connection was forcibly closed by the remote host>,raw/hosp-s-01-dq-evid-04-p01.body,raw/hosp-s-01-dq-evid-04-p01.headers,E3B0C44298FC1C149AFBF4C8996FB92427AE41E4649B934CA495991B7852B855,0,TRANSPORT_ATTEMPTED
HOSP-S-01,Bệnh viện Chợ Rẫy,https://bvchoray.vn/,DQ-EVID-04,"(\AI ethics\"" OR \""AI governance\"") AND (audit OR inspection OR monitoring OR incident OR complaint OR redress OR \""impact assessment\"" OR outcome OR result) AND (Vietnam OR \""Viet Nam\"") AND (health OR hospital)""",2,https://bvchoray.vn/?s=%28%5CAI%20ethics%5C%22%20OR%20%5C%22AI%20governance%5C%22%29%20AND%20%28audit%20OR%20inspection%20OR%20monitoring%20OR%20incident%20OR%20complaint%20OR%20redress%20OR%20%5C%22impact%20assessment%5C%22%20OR%20outcome%20OR%20result%29%20AND%20%28Vietnam%20OR%20%5C%22Viet%20Nam%5C%22%29%20AND%20%28health%20OR%20hospital%29%22&paged=2,2026-07-31T23:50:53+00:00,,0,URLError: <urlopen error [WinError 10054] An existing connection was forcibly closed by the remote host>,raw/hosp-s-01-dq-evid-04-p02.body,raw/hosp-s-01-dq-evid-04-p02.headers,E3B0C44298FC1C149AFBF4C8996FB92427AE41E4649B934CA495991B7852B855,0,TRANSPORT_ATTEMPTED
HOSP-S-01,Bệnh viện Chợ Rẫy,https://bvchoray.vn/,DQ-EVID-05,"(\artificial intelligence\"" OR AI) AND (\""post-implementation monitoring\"" OR \""post-market surveillance\"" OR \""incident reporting\"" OR \""quality management\"" OR \""effectiveness evaluation\"" OR audit) AND (Vietnam OR \""Viet Nam\"") AND (health OR hospital OR \""provincial health department\"")""",1,https://bvchoray.vn/?s=%28%5Cartificial%20intelligence%5C%22%20OR%20AI%29%20AND%20%28%5C%22post-implementation%20monitoring%5C%22%20OR%20%5C%22post-market%20surveillance%5C%22%20OR%20%5C%22incident%20reporting%5C%22%20OR%20%5C%22quality%20management%5C%22%20OR%20%5C%22effectiveness%20evaluation%5C%22%20OR%20audit%29%20AND%20%28Vietnam%20OR%20%5C%22Viet%20Nam%5C%22%29%20AND%20%28health%20OR%20hospital%20OR%20%5C%22provincial%20health%20department%5C%22%29%22&paged=1,2026-07-31T23:51:13+00:00,,0,URLError: <urlopen error [WinError 10054] An existing connection was forcibly closed by the remote host>,raw/hosp-s-01-dq-evid-05-p01.body,raw/hosp-s-01-dq-evid-05-p01.headers,E3B0C44298FC1C149AFBF4C8996FB92427AE41E4649B934CA495991B7852B855,0,TRANSPORT_ATTEMPTED
HOSP-S-01,Bệnh viện Chợ Rẫy,https://bvchoray.vn/,DQ-EVID-05,"(\artificial intelligence\"" OR AI) AND (\""post-implementation monitoring\"" OR \""post-market surveillance\"" OR \""incident reporting\"" OR \""quality management\"" OR \""effectiveness evaluation\"" OR audit) AND (Vietnam OR \""Viet Nam\"") AND (health OR hospital OR \""provincial health department\"")""",2,https://bvchoray.vn/?s=%28%5Cartificial%20intelligence%5C%22%20OR%20AI%29%20AND%20%28%5C%22post-implementation%20monitoring%5C%22%20OR%20%5C%22post-market%20surveillance%5C%22%20OR%20%5C%22incident%20reporting%5C%22%20OR%20%5C%22quality%20management%5C%22%20OR%20%5C%22effectiveness%20evaluation%5C%22%20OR%20audit%29%20AND%20%28Vietnam%20OR%20%5C%22Viet%20Nam%5C%22%29%20AND%20%28health%20OR%20hospital%20OR%20%5C%22provincial%20health%20department%5C%22%29%22&paged=2,2026-07-31T23:51:33+00:00,,0,URLError: <urlopen error [WinError 10054] An existing connection was forcibly closed by the remote host>,raw/hosp-s-01-dq-evid-05-p02.body,raw/hosp-s-01-dq-evid-05-p02.headers,E3B0C44298FC1C149AFBF4C8996FB92427AE41E4649B934CA495991B7852B855,0,TRANSPORT_ATTEMPTED
HOSP-N-02,Bệnh viện Đa khoa Quốc tế Vinmec Times City,https://www.vinmec.com/vi/co-so-y-te/benh-vien-da-khoa-quoc-te-vinmec-times-city-8344/,DQ-IMPL-01,"(\đạo đức AI\"" OR \""AI có trách nhiệm\"" OR \""quản trị AI\"") AND (kế hoạch OR triển khai OR áp dụng OR thí điểm)""",1,https://www.vinmec.com/vi/tim-kiem/?q=%28%5C%C4%91%E1%BA%A1o%20%C4%91%E1%BB%A9c%20AI%5C%22%20OR%20%5C%22AI%20c%C3%B3%20tr%C3%A1ch%20nhi%E1%BB%87m%5C%22%20OR%20%5C%22qu%E1%BA%A3n%20tr%E1%BB%8B%20AI%5C%22%29%20AND%20%28k%E1%BA%BF%20ho%E1%BA%A1ch%20OR%20tri%E1%BB%83n%20khai%20OR%20%C3%A1p%20d%E1%BB%A5ng%20OR%20th%C3%AD%20%C4%91i%E1%BB%83m%29%22&page=1,2026-07-31T23:51:54+00:00,404,122985,HTTPError: Not Found,raw/hosp-n-02-dq-impl-01-p01.body,raw/hosp-n-02-dq-impl-01-p01.headers,38BABEA9D52EE54D6999C052B14EE8B047DFCAF009578EFBFA00A85CD723866E,65,TRANSPORT_ATTEMPTED
HOSP-N-02,Bệnh viện Đa khoa Quốc tế Vinmec Times City,https://www.vinmec.com/vi/co-so-y-te/benh-vien-da-khoa-quoc-te-vinmec-times-city-8344/,DQ-IMPL-01,"(\đạo đức AI\"" OR \""AI có trách nhiệm\"" OR \""quản trị AI\"") AND (kế hoạch OR triển khai OR áp dụng OR thí điểm)""",2,https://www.vinmec.com/vi/tim-kiem/?q=%28%5C%C4%91%E1%BA%A1o%20%C4%91%E1%BB%A9c%20AI%5C%22%20OR%20%5C%22AI%20c%C3%B3%20tr%C3%A1ch%20nhi%E1%BB%87m%5C%22%20OR%20%5C%22qu%E1%BA%A3n%20tr%E1%BB%8B%20AI%5C%22%29%20AND%20%28k%E1%BA%BF%20ho%E1%BA%A1ch%20OR%20tri%E1%BB%83n%20khai%20OR%20%C3%A1p%20d%E1%BB%A5ng%20OR%20th%C3%AD%20%C4%91i%E1%BB%83m%29%22&page=2,2026-07-31T23:51:57+00:00,404,122985,HTTPError: Not Found,raw/hosp-n-02-dq-impl-01-p02.body,raw/hosp-n-02-dq-impl-01-p02.headers,38BABEA9D52EE54D6999C052B14EE8B047DFCAF009578EFBFA00A85CD723866E,65,TRANSPORT_ATTEMPTED
HOSP-N-02,Bệnh viện Đa khoa Quốc tế Vinmec Times City,https://www.vinmec.com/vi/co-so-y-te/benh-vien-da-khoa-quoc-te-vinmec-times-city-8344/,DQ-TOOL-01,"(\đánh giá tuân thủ\"" OR \""tự đánh giá\"") AND (\""đạo đức AI\"" OR \""AI có trách nhiệm\"")""",1,https://www.vinmec.com/vi/tim-kiem/?q=%28%5C%C4%91%C3%A1nh%20gi%C3%A1%20tu%C3%A2n%20th%E1%BB%A7%5C%22%20OR%20%5C%22t%E1%BB%B1%20%C4%91%C3%A1nh%20gi%C3%A1%5C%22%29%20AND%20%28%5C%22%C4%91%E1%BA%A1o%20%C4%91%E1%BB%A9c%20AI%5C%22%20OR%20%5C%22AI%20c%C3%B3%20tr%C3%A1ch%20nhi%E1%BB%87m%5C%22%29%22&page=1,2026-07-31T23:52:01+00:00,404,122985,HTTPError: Not Found,raw/hosp-n-02-dq-tool-01-p01.body,raw/hosp-n-02-dq-tool-01-p01.headers,38BABEA9D52EE54D6999C052B14EE8B047DFCAF009578EFBFA00A85CD723866E,65,TRANSPORT_ATTEMPTED
HOSP-N-02,Bệnh viện Đa khoa Quốc tế Vinmec Times City,https://www.vinmec.com/vi/co-so-y-te/benh-vien-da-khoa-quoc-te-vinmec-times-city-8344/,DQ-TOOL-01,"(\đánh giá tuân thủ\"" OR \""tự đánh giá\"") AND (\""đạo đức AI\"" OR \""AI có trách nhiệm\"")""",2,https://www.vinmec.com/vi/tim-kiem/?q=%28%5C%C4%91%C3%A1nh%20gi%C3%A1%20tu%C3%A2n%20th%E1%BB%A7%5C%22%20OR%20%5C%22t%E1%BB%B1%20%C4%91%C3%A1nh%20gi%C3%A1%5C%22%29%20AND%20%28%5C%22%C4%91%E1%BA%A1o%20%C4%91%E1%BB%A9c%20AI%5C%22%20OR%20%5C%22AI%20c%C3%B3%20tr%C3%A1ch%20nhi%E1%BB%87m%5C%22%29%22&page=2,2026-07-31T23:52:04+00:00,404,122985,HTTPError: Not Found,raw/hosp-n-02-dq-tool-01-p02.body,raw/hosp-n-02-dq-tool-01-p02.headers,38BABEA9D52EE54D6999C052B14EE8B047DFCAF009578EFBFA00A85CD723866E,65,TRANSPORT_ATTEMPTED
HOSP-N-02,Bệnh viện Đa khoa Quốc tế Vinmec Times City,https://www.vinmec.com/vi/co-so-y-te/benh-vien-da-khoa-quoc-te-vinmec-times-city-8344/,DQ-TOOL-02,"(nền tảng OR công cụ) AND (\đánh giá tuân thủ\"" OR \""đánh giá tác động\"") AND (\""AI\"" OR \""trí tuệ nhân tạo\"")""",1,https://www.vinmec.com/vi/tim-kiem/?q=%28n%E1%BB%81n%20t%E1%BA%A3ng%20OR%20c%C3%B4ng%20c%E1%BB%A5%29%20AND%20%28%5C%C4%91%C3%A1nh%20gi%C3%A1%20tu%C3%A2n%20th%E1%BB%A7%5C%22%20OR%20%5C%22%C4%91%C3%A1nh%20gi%C3%A1%20t%C3%A1c%20%C4%91%E1%BB%99ng%5C%22%29%20AND%20%28%5C%22AI%5C%22%20OR%20%5C%22tr%C3%AD%20tu%E1%BB%87%20nh%C3%A2n%20t%E1%BA%A1o%5C%22%29%22&page=1,2026-07-31T23:52:08+00:00,404,122985,HTTPError: Not Found,raw/hosp-n-02-dq-tool-02-p01.body,raw/hosp-n-02-dq-tool-02-p01.headers,38BABEA9D52EE54D6999C052B14EE8B047DFCAF009578EFBFA00A85CD723866E,65,TRANSPORT_ATTEMPTED
HOSP-N-02,Bệnh viện Đa khoa Quốc tế Vinmec Times City,https://www.vinmec.com/vi/co-so-y-te/benh-vien-da-khoa-quoc-te-vinmec-times-city-8344/,DQ-TOOL-02,"(nền tảng OR công cụ) AND (\đánh giá tuân thủ\"" OR \""đánh giá tác động\"") AND (\""AI\"" OR \""trí tuệ nhân tạo\"")""",2,https://www.vinmec.com/vi/tim-kiem/?q=%28n%E1%BB%81n%20t%E1%BA%A3ng%20OR%20c%C3%B4ng%20c%E1%BB%A5%29%20AND%20%28%5C%C4%91%C3%A1nh%20gi%C3%A1%20tu%C3%A2n%20th%E1%BB%A7%5C%22%20OR%20%5C%22%C4%91%C3%A1nh%20gi%C3%A1%20t%C3%A1c%20%C4%91%E1%BB%99ng%5C%22%29%20AND%20%28%5C%22AI%5C%22%20OR%20%5C%22tr%C3%AD%20tu%E1%BB%87%20nh%C3%A2n%20t%E1%BA%A1o%5C%22%29%22&page=2,2026-07-31T23:52:11+00:00,404,122985,HTTPError: Not Found,raw/hosp-n-02-dq-tool-02-p02.body,raw/hosp-n-02-dq-tool-02-p02.headers,38BABEA9D52EE54D6999C052B14EE8B047DFCAF009578EFBFA00A85CD723866E,65,TRANSPORT_ATTEMPTED
HOSP-N-02,Bệnh viện Đa khoa Quốc tế Vinmec Times City,https://www.vinmec.com/vi/co-so-y-te/benh-vien-da-khoa-quoc-te-vinmec-times-city-8344/,DQ-IMPL-04,"(\trí tuệ nhân tạo\"" OR AI) AND (\""theo dõi sau triển khai\"" OR hậu kiểm OR \""giám sát sau triển khai\"" OR \""đánh giá hiệu quả\"") AND (y tế OR bệnh viện OR \""Sở Y tế\"")""",1,https://www.vinmec.com/vi/tim-kiem/?q=%28%5Ctr%C3%AD%20tu%E1%BB%87%20nh%C3%A2n%20t%E1%BA%A1o%5C%22%20OR%20AI%29%20AND%20%28%5C%22theo%20d%C3%B5i%20sau%20tri%E1%BB%83n%20khai%5C%22%20OR%20h%E1%BA%ADu%20ki%E1%BB%83m%20OR%20%5C%22gi%C3%A1m%20s%C3%A1t%20sau%20tri%E1%BB%83n%20khai%5C%22%20OR%20%5C%22%C4%91%C3%A1nh%20gi%C3%A1%20hi%E1%BB%87u%20qu%E1%BA%A3%5C%22%29%20AND%20%28y%20t%E1%BA%BF%20OR%20b%E1%BB%87nh%20vi%E1%BB%87n%20OR%20%5C%22S%E1%BB%9F%20Y%20t%E1%BA%BF%5C%22%29%22&page=1,2026-07-31T23:52:15+00:00,404,122985,HTTPError: Not Found,raw/hosp-n-02-dq-impl-04-p01.body,raw/hosp-n-02-dq-impl-04-p01.headers,38BABEA9D52EE54D6999C052B14EE8B047DFCAF009578EFBFA00A85CD723866E,65,TRANSPORT_ATTEMPTED
HOSP-N-02,Bệnh viện Đa khoa Quốc tế Vinmec Times City,https://www.vinmec.com/vi/co-so-y-te/benh-vien-da-khoa-quoc-te-vinmec-times-city-8344/,DQ-IMPL-04,"(\trí tuệ nhân tạo\"" OR AI) AND (\""theo dõi sau triển khai\"" OR hậu kiểm OR \""giám sát sau triển khai\"" OR \""đánh giá hiệu quả\"") AND (y tế OR bệnh viện OR \""Sở Y tế\"")""",2,https://www.vinmec.com/vi/tim-kiem/?q=%28%5Ctr%C3%AD%20tu%E1%BB%87%20nh%C3%A2n%20t%E1%BA%A1o%5C%22%20OR%20AI%29%20AND%20%28%5C%22theo%20d%C3%B5i%20sau%20tri%E1%BB%83n%20khai%5C%22%20OR%20h%E1%BA%ADu%20ki%E1%BB%83m%20OR%20%5C%22gi%C3%A1m%20s%C3%A1t%20sau%20tri%E1%BB%83n%20khai%5C%22%20OR%20%5C%22%C4%91%C3%A1nh%20gi%C3%A1%20hi%E1%BB%87u%20qu%E1%BA%A3%5C%22%29%20AND%20%28y%20t%E1%BA%BF%20OR%20b%E1%BB%87nh%20vi%E1%BB%87n%20OR%20%5C%22S%E1%BB%9F%20Y%20t%E1%BA%BF%5C%22%29%22&page=2,2026-07-31T23:52:18+00:00,404,122985,HTTPError: Not Found,raw/hosp-n-02-dq-impl-04-p02.body,raw/hosp-n-02-dq-impl-04-p02.headers,38BABEA9D52EE54D6999C052B14EE8B047DFCAF009578EFBFA00A85CD723866E,65,TRANSPORT_ATTEMPTED
HOSP-N-02,Bệnh viện Đa khoa Quốc tế Vinmec Times City,https://www.vinmec.com/vi/co-so-y-te/benh-vien-da-khoa-quoc-te-vinmec-times-city-8344/,DQ-IMPL-05,"(\trí tuệ nhân tạo\"" OR AI) AND (\""báo cáo sự cố\"" OR \""quản lý chất lượng\"" OR kiểm toán OR thanh tra) AND (y tế OR bệnh viện OR \""Sở Y tế\"")""",1,https://www.vinmec.com/vi/tim-kiem/?q=%28%5Ctr%C3%AD%20tu%E1%BB%87%20nh%C3%A2n%20t%E1%BA%A1o%5C%22%20OR%20AI%29%20AND%20%28%5C%22b%C3%A1o%20c%C3%A1o%20s%E1%BB%B1%20c%E1%BB%91%5C%22%20OR%20%5C%22qu%E1%BA%A3n%20l%C3%BD%20ch%E1%BA%A5t%20l%C6%B0%E1%BB%A3ng%5C%22%20OR%20ki%E1%BB%83m%20to%C3%A1n%20OR%20thanh%20tra%29%20AND%20%28y%20t%E1%BA%BF%20OR%20b%E1%BB%87nh%20vi%E1%BB%87n%20OR%20%5C%22S%E1%BB%9F%20Y%20t%E1%BA%BF%5C%22%29%22&page=1,2026-07-31T23:52:22+00:00,404,122985,HTTPError: Not Found,raw/hosp-n-02-dq-impl-05-p01.body,raw/hosp-n-02-dq-impl-05-p01.headers,38BABEA9D52EE54D6999C052B14EE8B047DFCAF009578EFBFA00A85CD723866E,65,TRANSPORT_ATTEMPTED
HOSP-N-02,Bệnh viện Đa khoa Quốc tế Vinmec Times City,https://www.vinmec.com/vi/co-so-y-te/benh-vien-da-khoa-quoc-te-vinmec-times-city-8344/,DQ-IMPL-05,"(\trí tuệ nhân tạo\"" OR AI) AND (\""báo cáo sự cố\"" OR \""quản lý chất lượng\"" OR kiểm toán OR thanh tra) AND (y tế OR bệnh viện OR \""Sở Y tế\"")""",2,https://www.vinmec.com/vi/tim-kiem/?q=%28%5Ctr%C3%AD%20tu%E1%BB%87%20nh%C3%A2n%20t%E1%BA%A1o%5C%22%20OR%20AI%29%20AND%20%28%5C%22b%C3%A1o%20c%C3%A1o%20s%E1%BB%B1%20c%E1%BB%91%5C%22%20OR%20%5C%22qu%E1%BA%A3n%20l%C3%BD%20ch%E1%BA%A5t%20l%C6%B0%E1%BB%A3ng%5C%22%20OR%20ki%E1%BB%83m%20to%C3%A1n%20OR%20thanh%20tra%29%20AND%20%28y%20t%E1%BA%BF%20OR%20b%E1%BB%87nh%20vi%E1%BB%87n%20OR%20%5C%22S%E1%BB%9F%20Y%20t%E1%BA%BF%5C%22%29%22&page=2,2026-07-31T23:52:25+00:00,404,122985,HTTPError: Not Found,raw/hosp-n-02-dq-impl-05-p02.body,raw/hosp-n-02-dq-impl-05-p02.headers,38BABEA9D52EE54D6999C052B14EE8B047DFCAF009578EFBFA00A85CD723866E,65,TRANSPORT_ATTEMPTED
HOSP-N-02,Bệnh viện Đa khoa Quốc tế Vinmec Times City,https://www.vinmec.com/vi/co-so-y-te/benh-vien-da-khoa-quoc-te-vinmec-times-city-8344/,DQ-EVID-01,"(\đạo đức AI\"" OR \""quản trị AI\"") AND (kiểm toán OR thanh tra OR giám sát)""",1,https://www.vinmec.com/vi/tim-kiem/?q=%28%5C%C4%91%E1%BA%A1o%20%C4%91%E1%BB%A9c%20AI%5C%22%20OR%20%5C%22qu%E1%BA%A3n%20tr%E1%BB%8B%20AI%5C%22%29%20AND%20%28ki%E1%BB%83m%20to%C3%A1n%20OR%20thanh%20tra%20OR%20gi%C3%A1m%20s%C3%A1t%29%22&page=1,2026-07-31T23:52:29+00:00,404,122985,HTTPError: Not Found,raw/hosp-n-02-dq-evid-01-p01.body,raw/hosp-n-02-dq-evid-01-p01.headers,38BABEA9D52EE54D6999C052B14EE8B047DFCAF009578EFBFA00A85CD723866E,65,TRANSPORT_ATTEMPTED
HOSP-N-02,Bệnh viện Đa khoa Quốc tế Vinmec Times City,https://www.vinmec.com/vi/co-so-y-te/benh-vien-da-khoa-quoc-te-vinmec-times-city-8344/,DQ-EVID-01,"(\đạo đức AI\"" OR \""quản trị AI\"") AND (kiểm toán OR thanh tra OR giám sát)""",2,https://www.vinmec.com/vi/tim-kiem/?q=%28%5C%C4%91%E1%BA%A1o%20%C4%91%E1%BB%A9c%20AI%5C%22%20OR%20%5C%22qu%E1%BA%A3n%20tr%E1%BB%8B%20AI%5C%22%29%20AND%20%28ki%E1%BB%83m%20to%C3%A1n%20OR%20thanh%20tra%20OR%20gi%C3%A1m%20s%C3%A1t%29%22&page=2,2026-07-31T23:52:32+00:00,404,122985,HTTPError: Not Found,raw/hosp-n-02-dq-evid-01-p02.body,raw/hosp-n-02-dq-evid-01-p02.headers,38BABEA9D52EE54D6999C052B14EE8B047DFCAF009578EFBFA00A85CD723866E,65,TRANSPORT_ATTEMPTED
HOSP-N-02,Bệnh viện Đa khoa Quốc tế Vinmec Times City,https://www.vinmec.com/vi/co-so-y-te/benh-vien-da-khoa-quoc-te-vinmec-times-city-8344/,DQ-EVID-02,"(\AI\"" OR \""trí tuệ nhân tạo\"") AND (sự cố OR khiếu nại OR khắc phục) AND (y tế OR bệnh viện)""",1,https://www.vinmec.com/vi/tim-kiem/?q=%28%5CAI%5C%22%20OR%20%5C%22tr%C3%AD%20tu%E1%BB%87%20nh%C3%A2n%20t%E1%BA%A1o%5C%22%29%20AND%20%28s%E1%BB%B1%20c%E1%BB%91%20OR%20khi%E1%BA%BFu%20n%E1%BA%A1i%20OR%20kh%E1%BA%AFc%20ph%E1%BB%A5c%29%20AND%20%28y%20t%E1%BA%BF%20OR%20b%E1%BB%87nh%20vi%E1%BB%87n%29%22&page=1,2026-07-31T23:52:36+00:00,404,122985,HTTPError: Not Found,raw/hosp-n-02-dq-evid-02-p01.body,raw/hosp-n-02-dq-evid-02-p01.headers,38BABEA9D52EE54D6999C052B14EE8B047DFCAF009578EFBFA00A85CD723866E,65,TRANSPORT_ATTEMPTED
HOSP-N-02,Bệnh viện Đa khoa Quốc tế Vinmec Times City,https://www.vinmec.com/vi/co-so-y-te/benh-vien-da-khoa-quoc-te-vinmec-times-city-8344/,DQ-EVID-02,"(\AI\"" OR \""trí tuệ nhân tạo\"") AND (sự cố OR khiếu nại OR khắc phục) AND (y tế OR bệnh viện)""",2,https://www.vinmec.com/vi/tim-kiem/?q=%28%5CAI%5C%22%20OR%20%5C%22tr%C3%AD%20tu%E1%BB%87%20nh%C3%A2n%20t%E1%BA%A1o%5C%22%29%20AND%20%28s%E1%BB%B1%20c%E1%BB%91%20OR%20khi%E1%BA%BFu%20n%E1%BA%A1i%20OR%20kh%E1%BA%AFc%20ph%E1%BB%A5c%29%20AND%20%28y%20t%E1%BA%BF%20OR%20b%E1%BB%87nh%20vi%E1%BB%87n%29%22&page=2,2026-07-31T23:52:39+00:00,404,122985,HTTPError: Not Found,raw/hosp-n-02-dq-evid-02-p02.body,raw/hosp-n-02-dq-evid-02-p02.headers,38BABEA9D52EE54D6999C052B14EE8B047DFCAF009578EFBFA00A85CD723866E,65,TRANSPORT_ATTEMPTED
HOSP-N-02,Bệnh viện Đa khoa Quốc tế Vinmec Times City,https://www.vinmec.com/vi/co-so-y-te/benh-vien-da-khoa-quoc-te-vinmec-times-city-8344/,DQ-EVID-03,"(\AI\"" OR \""trí tuệ nhân tạo\"") AND (\""đánh giá tác động\"" OR kết quả) AND (y tế OR bệnh viện)""",1,https://www.vinmec.com/vi/tim-kiem/?q=%28%5CAI%5C%22%20OR%20%5C%22tr%C3%AD%20tu%E1%BB%87%20nh%C3%A2n%20t%E1%BA%A1o%5C%22%29%20AND%20%28%5C%22%C4%91%C3%A1nh%20gi%C3%A1%20t%C3%A1c%20%C4%91%E1%BB%99ng%5C%22%20OR%20k%E1%BA%BFt%20qu%E1%BA%A3%29%20AND%20%28y%20t%E1%BA%BF%20OR%20b%E1%BB%87nh%20vi%E1%BB%87n%29%22&page=1,2026-07-31T23:52:42+00:00,404,122985,HTTPError: Not Found,raw/hosp-n-02-dq-evid-03-p01.body,raw/hosp-n-02-dq-evid-03-p01.headers,38BABEA9D52EE54D6999C052B14EE8B047DFCAF009578EFBFA00A85CD723866E,65,TRANSPORT_ATTEMPTED
HOSP-N-02,Bệnh viện Đa khoa Quốc tế Vinmec Times City,https://www.vinmec.com/vi/co-so-y-te/benh-vien-da-khoa-quoc-te-vinmec-times-city-8344/,DQ-EVID-03,"(\AI\"" OR \""trí tuệ nhân tạo\"") AND (\""đánh giá tác động\"" OR kết quả) AND (y tế OR bệnh viện)""",2,https://www.vinmec.com/vi/tim-kiem/?q=%28%5CAI%5C%22%20OR%20%5C%22tr%C3%AD%20tu%E1%BB%87%20nh%C3%A2n%20t%E1%BA%A1o%5C%22%29%20AND%20%28%5C%22%C4%91%C3%A1nh%20gi%C3%A1%20t%C3%A1c%20%C4%91%E1%BB%99ng%5C%22%20OR%20k%E1%BA%BFt%20qu%E1%BA%A3%29%20AND%20%28y%20t%E1%BA%BF%20OR%20b%E1%BB%87nh%20vi%E1%BB%87n%29%22&page=2,2026-07-31T23:52:45+00:00,404,122985,HTTPError: Not Found,raw/hosp-n-02-dq-evid-03-p02.body,raw/hosp-n-02-dq-evid-03-p02.headers,38BABEA9D52EE54D6999C052B14EE8B047DFCAF009578EFBFA00A85CD723866E,65,TRANSPORT_ATTEMPTED
HOSP-N-02,Bệnh viện Đa khoa Quốc tế Vinmec Times City,https://www.vinmec.com/vi/co-so-y-te/benh-vien-da-khoa-quoc-te-vinmec-times-city-8344/,DQ-EVID-04,"(\AI ethics\"" OR \""AI governance\"") AND (audit OR inspection OR monitoring OR incident OR complaint OR redress OR \""impact assessment\"" OR outcome OR result) AND (Vietnam OR \""Viet Nam\"") AND (health OR hospital)""",1,https://www.vinmec.com/vi/tim-kiem/?q=%28%5CAI%20ethics%5C%22%20OR%20%5C%22AI%20governance%5C%22%29%20AND%20%28audit%20OR%20inspection%20OR%20monitoring%20OR%20incident%20OR%20complaint%20OR%20redress%20OR%20%5C%22impact%20assessment%5C%22%20OR%20outcome%20OR%20result%29%20AND%20%28Vietnam%20OR%20%5C%22Viet%20Nam%5C%22%29%20AND%20%28health%20OR%20hospital%29%22&page=1,2026-07-31T23:52:49+00:00,404,122985,HTTPError: Not Found,raw/hosp-n-02-dq-evid-04-p01.body,raw/hosp-n-02-dq-evid-04-p01.headers,38BABEA9D52EE54D6999C052B14EE8B047DFCAF009578EFBFA00A85CD723866E,65,TRANSPORT_ATTEMPTED
HOSP-N-02,Bệnh viện Đa khoa Quốc tế Vinmec Times City,https://www.vinmec.com/vi/co-so-y-te/benh-vien-da-khoa-quoc-te-vinmec-times-city-8344/,DQ-EVID-04,"(\AI ethics\"" OR \""AI governance\"") AND (audit OR inspection OR monitoring OR incident OR complaint OR redress OR \""impact assessment\"" OR outcome OR result) AND (Vietnam OR \""Viet Nam\"") AND (health OR hospital)""",2,https://www.vinmec.com/vi/tim-kiem/?q=%28%5CAI%20ethics%5C%22%20OR%20%5C%22AI%20governance%5C%22%29%20AND%20%28audit%20OR%20inspection%20OR%20monitoring%20OR%20incident%20OR%20complaint%20OR%20redress%20OR%20%5C%22impact%20assessment%5C%22%20OR%20outcome%20OR%20result%29%20AND%20%28Vietnam%20OR%20%5C%22Viet%20Nam%5C%22%29%20AND%20%28health%20OR%20hospital%29%22&page=2,2026-07-31T23:52:52+00:00,404,122985,HTTPError: Not Found,raw/hosp-n-02-dq-evid-04-p02.body,raw/hosp-n-02-dq-evid-04-p02.headers,38BABEA9D52EE54D6999C052B14EE8B047DFCAF009578EFBFA00A85CD723866E,65,TRANSPORT_ATTEMPTED
HOSP-N-02,Bệnh viện Đa khoa Quốc tế Vinmec Times City,https://www.vinmec.com/vi/co-so-y-te/benh-vien-da-khoa-quoc-te-vinmec-times-city-8344/,DQ-EVID-05,"(\artificial intelligence\"" OR AI) AND (\""post-implementation monitoring\"" OR \""post-market surveillance\"" OR \""incident reporting\"" OR \""quality management\"" OR \""effectiveness evaluation\"" OR audit) AND (Vietnam OR \""Viet Nam\"") AND (health OR hospital OR \""provincial health department\"")""",1,https://www.vinmec.com/vi/tim-kiem/?q=%28%5Cartificial%20intelligence%5C%22%20OR%20AI%29%20AND%20%28%5C%22post-implementation%20monitoring%5C%22%20OR%20%5C%22post-market%20surveillance%5C%22%20OR%20%5C%22incident%20reporting%5C%22%20OR%20%5C%22quality%20management%5C%22%20OR%20%5C%22effectiveness%20evaluation%5C%22%20OR%20audit%29%20AND%20%28Vietnam%20OR%20%5C%22Viet%20Nam%5C%22%29%20AND%20%28health%20OR%20hospital%20OR%20%5C%22provincial%20health%20department%5C%22%29%22&page=1,2026-07-31T23:52:55+00:00,404,122985,HTTPError: Not Found,raw/hosp-n-02-dq-evid-05-p01.body,raw/hosp-n-02-dq-evid-05-p01.headers,38BABEA9D52EE54D6999C052B14EE8B047DFCAF009578EFBFA00A85CD723866E,65,TRANSPORT_ATTEMPTED
HOSP-N-02,Bệnh viện Đa khoa Quốc tế Vinmec Times City,https://www.vinmec.com/vi/co-so-y-te/benh-vien-da-khoa-quoc-te-vinmec-times-city-8344/,DQ-EVID-05,"(\artificial intelligence\"" OR AI) AND (\""post-implementation monitoring\"" OR \""post-market surveillance\"" OR \""incident reporting\"" OR \""quality management\"" OR \""effectiveness evaluation\"" OR audit) AND (Vietnam OR \""Viet Nam\"") AND (health OR hospital OR \""provincial health department\"")""",2,https://www.vinmec.com/vi/tim-kiem/?q=%28%5Cartificial%20intelligence%5C%22%20OR%20AI%29%20AND%20%28%5C%22post-implementation%20monitoring%5C%22%20OR%20%5C%22post-market%20surveillance%5C%22%20OR%20%5C%22incident%20reporting%5C%22%20OR%20%5C%22quality%20management%5C%22%20OR%20%5C%22effectiveness%20evaluation%5C%22%20OR%20audit%29%20AND%20%28Vietnam%20OR%20%5C%22Viet%20Nam%5C%22%29%20AND%20%28health%20OR%20hospital%20OR%20%5C%22provincial%20health%20department%5C%22%29%22&page=2,2026-07-31T23:52:59+00:00,404,122985,HTTPError: Not Found,raw/hosp-n-02-dq-evid-05-p02.body,raw/hosp-n-02-dq-evid-05-p02.headers,38BABEA9D52EE54D6999C052B14EE8B047DFCAF009578EFBFA00A85CD723866E,65,TRANSPORT_ATTEMPTED
HOSP-S-02,Bệnh viện Đa khoa Tâm Anh Thành phố Hồ Chí Minh,https://tamanhhospital.vn/,DQ-IMPL-01,"(\đạo đức AI\"" OR \""AI có trách nhiệm\"" OR \""quản trị AI\"") AND (kế hoạch OR triển khai OR áp dụng OR thí điểm)""",1,https://tamanhhospital.vn/?s=%28%5C%C4%91%E1%BA%A1o%20%C4%91%E1%BB%A9c%20AI%5C%22%20OR%20%5C%22AI%20c%C3%B3%20tr%C3%A1ch%20nhi%E1%BB%87m%5C%22%20OR%20%5C%22qu%E1%BA%A3n%20tr%E1%BB%8B%20AI%5C%22%29%20AND%20%28k%E1%BA%BF%20ho%E1%BA%A1ch%20OR%20tri%E1%BB%83n%20khai%20OR%20%C3%A1p%20d%E1%BB%A5ng%20OR%20th%C3%AD%20%C4%91i%E1%BB%83m%29%22&paged=1,2026-07-31T23:53:03+00:00,404,63995,HTTPError: Not Found,raw/hosp-s-02-dq-impl-01-p01.body,raw/hosp-s-02-dq-impl-01-p01.headers,27196D4A0340B362926305B0BDF6B6C3AFF5B20AE84026F0127A5E50B2C18B58,30,TRANSPORT_ATTEMPTED
HOSP-S-02,Bệnh viện Đa khoa Tâm Anh Thành phố Hồ Chí Minh,https://tamanhhospital.vn/,DQ-IMPL-01,"(\đạo đức AI\"" OR \""AI có trách nhiệm\"" OR \""quản trị AI\"") AND (kế hoạch OR triển khai OR áp dụng OR thí điểm)""",2,https://tamanhhospital.vn/?s=%28%5C%C4%91%E1%BA%A1o%20%C4%91%E1%BB%A9c%20AI%5C%22%20OR%20%5C%22AI%20c%C3%B3%20tr%C3%A1ch%20nhi%E1%BB%87m%5C%22%20OR%20%5C%22qu%E1%BA%A3n%20tr%E1%BB%8B%20AI%5C%22%29%20AND%20%28k%E1%BA%BF%20ho%E1%BA%A1ch%20OR%20tri%E1%BB%83n%20khai%20OR%20%C3%A1p%20d%E1%BB%A5ng%20OR%20th%C3%AD%20%C4%91i%E1%BB%83m%29%22&paged=2,2026-07-31T23:53:07+00:00,404,61431,HTTPError: Not Found,raw/hosp-s-02-dq-impl-01-p02.body,raw/hosp-s-02-dq-impl-01-p02.headers,F55E01FF208801A22E6647BB1DD3C247FBE3E14DEEF523F21BDFCDE5E0237254,30,TRANSPORT_ATTEMPTED
HOSP-S-02,Bệnh viện Đa khoa Tâm Anh Thành phố Hồ Chí Minh,https://tamanhhospital.vn/,DQ-TOOL-01,"(\đánh giá tuân thủ\"" OR \""tự đánh giá\"") AND (\""đạo đức AI\"" OR \""AI có trách nhiệm\"")""",1,https://tamanhhospital.vn/?s=%28%5C%C4%91%C3%A1nh%20gi%C3%A1%20tu%C3%A2n%20th%E1%BB%A7%5C%22%20OR%20%5C%22t%E1%BB%B1%20%C4%91%C3%A1nh%20gi%C3%A1%5C%22%29%20AND%20%28%5C%22%C4%91%E1%BA%A1o%20%C4%91%E1%BB%A9c%20AI%5C%22%20OR%20%5C%22AI%20c%C3%B3%20tr%C3%A1ch%20nhi%E1%BB%87m%5C%22%29%22&paged=1,2026-07-31T23:53:09+00:00,404,63728,HTTPError: Not Found,raw/hosp-s-02-dq-tool-01-p01.body,raw/hosp-s-02-dq-tool-01-p01.headers,0D343BD0E220DED564964C669C29DC96AFCB6D73FCEDB7B3DDA479CE125C1575,30,TRANSPORT_ATTEMPTED
HOSP-S-02,Bệnh viện Đa khoa Tâm Anh Thành phố Hồ Chí Minh,https://tamanhhospital.vn/,DQ-TOOL-01,"(\đánh giá tuân thủ\"" OR \""tự đánh giá\"") AND (\""đạo đức AI\"" OR \""AI có trách nhiệm\"")""",2,https://tamanhhospital.vn/?s=%28%5C%C4%91%C3%A1nh%20gi%C3%A1%20tu%C3%A2n%20th%E1%BB%A7%5C%22%20OR%20%5C%22t%E1%BB%B1%20%C4%91%C3%A1nh%20gi%C3%A1%5C%22%29%20AND%20%28%5C%22%C4%91%E1%BA%A1o%20%C4%91%E1%BB%A9c%20AI%5C%22%20OR%20%5C%22AI%20c%C3%B3%20tr%C3%A1ch%20nhi%E1%BB%87m%5C%22%29%22&paged=2,2026-07-31T23:53:11+00:00,404,61431,HTTPError: Not Found,raw/hosp-s-02-dq-tool-01-p02.body,raw/hosp-s-02-dq-tool-01-p02.headers,F55E01FF208801A22E6647BB1DD3C247FBE3E14DEEF523F21BDFCDE5E0237254,30,TRANSPORT_ATTEMPTED
HOSP-S-02,Bệnh viện Đa khoa Tâm Anh Thành phố Hồ Chí Minh,https://tamanhhospital.vn/,DQ-TOOL-02,"(nền tảng OR công cụ) AND (\đánh giá tuân thủ\"" OR \""đánh giá tác động\"") AND (\""AI\"" OR \""trí tuệ nhân tạo\"")""",1,https://tamanhhospital.vn/?s=%28n%E1%BB%81n%20t%E1%BA%A3ng%20OR%20c%C3%B4ng%20c%E1%BB%A5%29%20AND%20%28%5C%C4%91%C3%A1nh%20gi%C3%A1%20tu%C3%A2n%20th%E1%BB%A7%5C%22%20OR%20%5C%22%C4%91%C3%A1nh%20gi%C3%A1%20t%C3%A1c%20%C4%91%E1%BB%99ng%5C%22%29%20AND%20%28%5C%22AI%5C%22%20OR%20%5C%22tr%C3%AD%20tu%E1%BB%87%20nh%C3%A2n%20t%E1%BA%A1o%5C%22%29%22&paged=1,2026-07-31T23:53:14+00:00,403,7051,HTTPError: Forbidden,raw/hosp-s-02-dq-tool-02-p01.body,raw/hosp-s-02-dq-tool-02-p01.headers,F8A10C6D6141AACF220AB4BF845FE2B9C267855021ED4C45402695B32C04E0B6,0,TRANSPORT_ATTEMPTED
HOSP-S-02,Bệnh viện Đa khoa Tâm Anh Thành phố Hồ Chí Minh,https://tamanhhospital.vn/,DQ-TOOL-02,"(nền tảng OR công cụ) AND (\đánh giá tuân thủ\"" OR \""đánh giá tác động\"") AND (\""AI\"" OR \""trí tuệ nhân tạo\"")""",2,https://tamanhhospital.vn/?s=%28n%E1%BB%81n%20t%E1%BA%A3ng%20OR%20c%C3%B4ng%20c%E1%BB%A5%29%20AND%20%28%5C%C4%91%C3%A1nh%20gi%C3%A1%20tu%C3%A2n%20th%E1%BB%A7%5C%22%20OR%20%5C%22%C4%91%C3%A1nh%20gi%C3%A1%20t%C3%A1c%20%C4%91%E1%BB%99ng%5C%22%29%20AND%20%28%5C%22AI%5C%22%20OR%20%5C%22tr%C3%AD%20tu%E1%BB%87%20nh%C3%A2n%20t%E1%BA%A1o%5C%22%29%22&paged=2,2026-07-31T23:53:15+00:00,404,61431,HTTPError: Not Found,raw/hosp-s-02-dq-tool-02-p02.body,raw/hosp-s-02-dq-tool-02-p02.headers,F55E01FF208801A22E6647BB1DD3C247FBE3E14DEEF523F21BDFCDE5E0237254,30,TRANSPORT_ATTEMPTED
HOSP-S-02,Bệnh viện Đa khoa Tâm Anh Thành phố Hồ Chí Minh,https://tamanhhospital.vn/,DQ-IMPL-04,"(\trí tuệ nhân tạo\"" OR AI) AND (\""theo dõi sau triển khai\"" OR hậu kiểm OR \""giám sát sau triển khai\"" OR \""đánh giá hiệu quả\"") AND (y tế OR bệnh viện OR \""Sở Y tế\"")""",1,https://tamanhhospital.vn/?s=%28%5Ctr%C3%AD%20tu%E1%BB%87%20nh%C3%A2n%20t%E1%BA%A1o%5C%22%20OR%20AI%29%20AND%20%28%5C%22theo%20d%C3%B5i%20sau%20tri%E1%BB%83n%20khai%5C%22%20OR%20h%E1%BA%ADu%20ki%E1%BB%83m%20OR%20%5C%22gi%C3%A1m%20s%C3%A1t%20sau%20tri%E1%BB%83n%20khai%5C%22%20OR%20%5C%22%C4%91%C3%A1nh%20gi%C3%A1%20hi%E1%BB%87u%20qu%E1%BA%A3%5C%22%29%20AND%20%28y%20t%E1%BA%BF%20OR%20b%E1%BB%87nh%20vi%E1%BB%87n%20OR%20%5C%22S%E1%BB%9F%20Y%20t%E1%BA%BF%5C%22%29%22&paged=1,2026-07-31T23:53:17+00:00,403,7483,HTTPError: Forbidden,raw/hosp-s-02-dq-impl-04-p01.body,raw/hosp-s-02-dq-impl-04-p01.headers,8446B4FEA664991A793A8491380527210C6D33EAB117CE79E6B7C22B0393B7B5,0,TRANSPORT_ATTEMPTED
HOSP-S-02,Bệnh viện Đa khoa Tâm Anh Thành phố Hồ Chí Minh,https://tamanhhospital.vn/,DQ-IMPL-04,"(\trí tuệ nhân tạo\"" OR AI) AND (\""theo dõi sau triển khai\"" OR hậu kiểm OR \""giám sát sau triển khai\"" OR \""đánh giá hiệu quả\"") AND (y tế OR bệnh viện OR \""Sở Y tế\"")""",2,https://tamanhhospital.vn/?s=%28%5Ctr%C3%AD%20tu%E1%BB%87%20nh%C3%A2n%20t%E1%BA%A1o%5C%22%20OR%20AI%29%20AND%20%28%5C%22theo%20d%C3%B5i%20sau%20tri%E1%BB%83n%20khai%5C%22%20OR%20h%E1%BA%ADu%20ki%E1%BB%83m%20OR%20%5C%22gi%C3%A1m%20s%C3%A1t%20sau%20tri%E1%BB%83n%20khai%5C%22%20OR%20%5C%22%C4%91%C3%A1nh%20gi%C3%A1%20hi%E1%BB%87u%20qu%E1%BA%A3%5C%22%29%20AND%20%28y%20t%E1%BA%BF%20OR%20b%E1%BB%87nh%20vi%E1%BB%87n%20OR%20%5C%22S%E1%BB%9F%20Y%20t%E1%BA%BF%5C%22%29%22&paged=2,2026-07-31T23:53:18+00:00,404,61431,HTTPError: Not Found,raw/hosp-s-02-dq-impl-04-p02.body,raw/hosp-s-02-dq-impl-04-p02.headers,F55E01FF208801A22E6647BB1DD3C247FBE3E14DEEF523F21BDFCDE5E0237254,30,TRANSPORT_ATTEMPTED
HOSP-S-02,Bệnh viện Đa khoa Tâm Anh Thành phố Hồ Chí Minh,https://tamanhhospital.vn/,DQ-IMPL-05,"(\trí tuệ nhân tạo\"" OR AI) AND (\""báo cáo sự cố\"" OR \""quản lý chất lượng\"" OR kiểm toán OR thanh tra) AND (y tế OR bệnh viện OR \""Sở Y tế\"")""",1,https://tamanhhospital.vn/?s=%28%5Ctr%C3%AD%20tu%E1%BB%87%20nh%C3%A2n%20t%E1%BA%A1o%5C%22%20OR%20AI%29%20AND%20%28%5C%22b%C3%A1o%20c%C3%A1o%20s%E1%BB%B1%20c%E1%BB%91%5C%22%20OR%20%5C%22qu%E1%BA%A3n%20l%C3%BD%20ch%E1%BA%A5t%20l%C6%B0%E1%BB%A3ng%5C%22%20OR%20ki%E1%BB%83m%20to%C3%A1n%20OR%20thanh%20tra%29%20AND%20%28y%20t%E1%BA%BF%20OR%20b%E1%BB%87nh%20vi%E1%BB%87n%20OR%20%5C%22S%E1%BB%9F%20Y%20t%E1%BA%BF%5C%22%29%22&paged=1,2026-07-31T23:53:21+00:00,404,64550,HTTPError: Not Found,raw/hosp-s-02-dq-impl-05-p01.body,raw/hosp-s-02-dq-impl-05-p01.headers,F3D56F1731E51C19726F53880C25C2E60D99A35F4DC42DF15524C5C33CA17831,30,TRANSPORT_ATTEMPTED
HOSP-S-02,Bệnh viện Đa khoa Tâm Anh Thành phố Hồ Chí Minh,https://tamanhhospital.vn/,DQ-IMPL-05,"(\trí tuệ nhân tạo\"" OR AI) AND (\""báo cáo sự cố\"" OR \""quản lý chất lượng\"" OR kiểm toán OR thanh tra) AND (y tế OR bệnh viện OR \""Sở Y tế\"")""",2,https://tamanhhospital.vn/?s=%28%5Ctr%C3%AD%20tu%E1%BB%87%20nh%C3%A2n%20t%E1%BA%A1o%5C%22%20OR%20AI%29%20AND%20%28%5C%22b%C3%A1o%20c%C3%A1o%20s%E1%BB%B1%20c%E1%BB%91%5C%22%20OR%20%5C%22qu%E1%BA%A3n%20l%C3%BD%20ch%E1%BA%A5t%20l%C6%B0%E1%BB%A3ng%5C%22%20OR%20ki%E1%BB%83m%20to%C3%A1n%20OR%20thanh%20tra%29%20AND%20%28y%20t%E1%BA%BF%20OR%20b%E1%BB%87nh%20vi%E1%BB%87n%20OR%20%5C%22S%E1%BB%9F%20Y%20t%E1%BA%BF%5C%22%29%22&paged=2,2026-07-31T23:53:23+00:00,403,7302,HTTPError: Forbidden,raw/hosp-s-02-dq-impl-05-p02.body,raw/hosp-s-02-dq-impl-05-p02.headers,AF650DE9ED34C16BD9D78AD1E88298005D3FA47BC29B1A7AF6142CB7205CE725,0,TRANSPORT_ATTEMPTED
HOSP-S-02,Bệnh viện Đa khoa Tâm Anh Thành phố Hồ Chí Minh,https://tamanhhospital.vn/,DQ-EVID-01,"(\đạo đức AI\"" OR \""quản trị AI\"") AND (kiểm toán OR thanh tra OR giám sát)""",1,https://tamanhhospital.vn/?s=%28%5C%C4%91%E1%BA%A1o%20%C4%91%E1%BB%A9c%20AI%5C%22%20OR%20%5C%22qu%E1%BA%A3n%20tr%E1%BB%8B%20AI%5C%22%29%20AND%20%28ki%E1%BB%83m%20to%C3%A1n%20OR%20thanh%20tra%20OR%20gi%C3%A1m%20s%C3%A1t%29%22&paged=1,2026-07-31T23:53:24+00:00,404,63252,HTTPError: Not Found,raw/hosp-s-02-dq-evid-01-p01.body,raw/hosp-s-02-dq-evid-01-p01.headers,D2E199C1F013A8C411D9AFF102E6B24282BFE34BD06C134CACB65F89065E49DE,30,TRANSPORT_ATTEMPTED
HOSP-S-02,Bệnh viện Đa khoa Tâm Anh Thành phố Hồ Chí Minh,https://tamanhhospital.vn/,DQ-EVID-01,"(\đạo đức AI\"" OR \""quản trị AI\"") AND (kiểm toán OR thanh tra OR giám sát)""",2,https://tamanhhospital.vn/?s=%28%5C%C4%91%E1%BA%A1o%20%C4%91%E1%BB%A9c%20AI%5C%22%20OR%20%5C%22qu%E1%BA%A3n%20tr%E1%BB%8B%20AI%5C%22%29%20AND%20%28ki%E1%BB%83m%20to%C3%A1n%20OR%20thanh%20tra%20OR%20gi%C3%A1m%20s%C3%A1t%29%22&paged=2,2026-07-31T23:53:27+00:00,404,61431,HTTPError: Not Found,raw/hosp-s-02-dq-evid-01-p02.body,raw/hosp-s-02-dq-evid-01-p02.headers,F55E01FF208801A22E6647BB1DD3C247FBE3E14DEEF523F21BDFCDE5E0237254,30,TRANSPORT_ATTEMPTED
HOSP-S-02,Bệnh viện Đa khoa Tâm Anh Thành phố Hồ Chí Minh,https://tamanhhospital.vn/,DQ-EVID-02,"(\AI\"" OR \""trí tuệ nhân tạo\"") AND (sự cố OR khiếu nại OR khắc phục) AND (y tế OR bệnh viện)""",1,https://tamanhhospital.vn/?s=%28%5CAI%5C%22%20OR%20%5C%22tr%C3%AD%20tu%E1%BB%87%20nh%C3%A2n%20t%E1%BA%A1o%5C%22%29%20AND%20%28s%E1%BB%B1%20c%E1%BB%91%20OR%20khi%E1%BA%BFu%20n%E1%BA%A1i%20OR%20kh%E1%BA%AFc%20ph%E1%BB%A5c%29%20AND%20%28y%20t%E1%BA%BF%20OR%20b%E1%BB%87nh%20vi%E1%BB%87n%29%22&paged=1,2026-07-31T23:53:29+00:00,404,63640,HTTPError: Not Found,raw/hosp-s-02-dq-evid-02-p01.body,raw/hosp-s-02-dq-evid-02-p01.headers,128FBB0084B948E085F197D920BFD3AAEA1AC22EDBEF628D060ED2B1F8BAE17B,30,TRANSPORT_ATTEMPTED
HOSP-S-02,Bệnh viện Đa khoa Tâm Anh Thành phố Hồ Chí Minh,https://tamanhhospital.vn/,DQ-EVID-02,"(\AI\"" OR \""trí tuệ nhân tạo\"") AND (sự cố OR khiếu nại OR khắc phục) AND (y tế OR bệnh viện)""",2,https://tamanhhospital.vn/?s=%28%5CAI%5C%22%20OR%20%5C%22tr%C3%AD%20tu%E1%BB%87%20nh%C3%A2n%20t%E1%BA%A1o%5C%22%29%20AND%20%28s%E1%BB%B1%20c%E1%BB%91%20OR%20khi%E1%BA%BFu%20n%E1%BA%A1i%20OR%20kh%E1%BA%AFc%20ph%E1%BB%A5c%29%20AND%20%28y%20t%E1%BA%BF%20OR%20b%E1%BB%87nh%20vi%E1%BB%87n%29%22&paged=2,2026-07-31T23:53:32+00:00,404,61431,HTTPError: Not Found,raw/hosp-s-02-dq-evid-02-p02.body,raw/hosp-s-02-dq-evid-02-p02.headers,F55E01FF208801A22E6647BB1DD3C247FBE3E14DEEF523F21BDFCDE5E0237254,30,TRANSPORT_ATTEMPTED
HOSP-S-02,Bệnh viện Đa khoa Tâm Anh Thành phố Hồ Chí Minh,https://tamanhhospital.vn/,DQ-EVID-03,"(\AI\"" OR \""trí tuệ nhân tạo\"") AND (\""đánh giá tác động\"" OR kết quả) AND (y tế OR bệnh viện)""",1,https://tamanhhospital.vn/?s=%28%5CAI%5C%22%20OR%20%5C%22tr%C3%AD%20tu%E1%BB%87%20nh%C3%A2n%20t%E1%BA%A1o%5C%22%29%20AND%20%28%5C%22%C4%91%C3%A1nh%20gi%C3%A1%20t%C3%A1c%20%C4%91%E1%BB%99ng%5C%22%20OR%20k%E1%BA%BFt%20qu%E1%BA%A3%29%20AND%20%28y%20t%E1%BA%BF%20OR%20b%E1%BB%87nh%20vi%E1%BB%87n%29%22&paged=1,2026-07-31T23:53:34+00:00,404,63747,HTTPError: Not Found,raw/hosp-s-02-dq-evid-03-p01.body,raw/hosp-s-02-dq-evid-03-p01.headers,3E519D1F0A341CB5241E8DBB0820CF2D602B2B9592B6F3ECABB49DA4AC0F8138,30,TRANSPORT_ATTEMPTED
HOSP-S-02,Bệnh viện Đa khoa Tâm Anh Thành phố Hồ Chí Minh,https://tamanhhospital.vn/,DQ-EVID-03,"(\AI\"" OR \""trí tuệ nhân tạo\"") AND (\""đánh giá tác động\"" OR kết quả) AND (y tế OR bệnh viện)""",2,https://tamanhhospital.vn/?s=%28%5CAI%5C%22%20OR%20%5C%22tr%C3%AD%20tu%E1%BB%87%20nh%C3%A2n%20t%E1%BA%A1o%5C%22%29%20AND%20%28%5C%22%C4%91%C3%A1nh%20gi%C3%A1%20t%C3%A1c%20%C4%91%E1%BB%99ng%5C%22%20OR%20k%E1%BA%BFt%20qu%E1%BA%A3%29%20AND%20%28y%20t%E1%BA%BF%20OR%20b%E1%BB%87nh%20vi%E1%BB%87n%29%22&paged=2,2026-07-31T23:53:38+00:00,404,61431,HTTPError: Not Found,raw/hosp-s-02-dq-evid-03-p02.body,raw/hosp-s-02-dq-evid-03-p02.headers,F55E01FF208801A22E6647BB1DD3C247FBE3E14DEEF523F21BDFCDE5E0237254,30,TRANSPORT_ATTEMPTED
HOSP-S-02,Bệnh viện Đa khoa Tâm Anh Thành phố Hồ Chí Minh,https://tamanhhospital.vn/,DQ-EVID-04,"(\AI ethics\"" OR \""AI governance\"") AND (audit OR inspection OR monitoring OR incident OR complaint OR redress OR \""impact assessment\"" OR outcome OR result) AND (Vietnam OR \""Viet Nam\"") AND (health OR hospital)""",1,https://tamanhhospital.vn/?s=%28%5CAI%20ethics%5C%22%20OR%20%5C%22AI%20governance%5C%22%29%20AND%20%28audit%20OR%20inspection%20OR%20monitoring%20OR%20incident%20OR%20complaint%20OR%20redress%20OR%20%5C%22impact%20assessment%5C%22%20OR%20outcome%20OR%20result%29%20AND%20%28Vietnam%20OR%20%5C%22Viet%20Nam%5C%22%29%20AND%20%28health%20OR%20hospital%29%22&paged=1,2026-07-31T23:53:40+00:00,404,64445,HTTPError: Not Found,raw/hosp-s-02-dq-evid-04-p01.body,raw/hosp-s-02-dq-evid-04-p01.headers,58D7DF67A974886BEC233B9795CF1877ED24DE7FB4EA38A135491360FAE3B403,30,TRANSPORT_ATTEMPTED
HOSP-S-02,Bệnh viện Đa khoa Tâm Anh Thành phố Hồ Chí Minh,https://tamanhhospital.vn/,DQ-EVID-04,"(\AI ethics\"" OR \""AI governance\"") AND (audit OR inspection OR monitoring OR incident OR complaint OR redress OR \""impact assessment\"" OR outcome OR result) AND (Vietnam OR \""Viet Nam\"") AND (health OR hospital)""",2,https://tamanhhospital.vn/?s=%28%5CAI%20ethics%5C%22%20OR%20%5C%22AI%20governance%5C%22%29%20AND%20%28audit%20OR%20inspection%20OR%20monitoring%20OR%20incident%20OR%20complaint%20OR%20redress%20OR%20%5C%22impact%20assessment%5C%22%20OR%20outcome%20OR%20result%29%20AND%20%28Vietnam%20OR%20%5C%22Viet%20Nam%5C%22%29%20AND%20%28health%20OR%20hospital%29%22&paged=2,2026-07-31T23:53:43+00:00,404,61431,HTTPError: Not Found,raw/hosp-s-02-dq-evid-04-p02.body,raw/hosp-s-02-dq-evid-04-p02.headers,F55E01FF208801A22E6647BB1DD3C247FBE3E14DEEF523F21BDFCDE5E0237254,30,TRANSPORT_ATTEMPTED
HOSP-S-02,Bệnh viện Đa khoa Tâm Anh Thành phố Hồ Chí Minh,https://tamanhhospital.vn/,DQ-EVID-05,"(\artificial intelligence\"" OR AI) AND (\""post-implementation monitoring\"" OR \""post-market surveillance\"" OR \""incident reporting\"" OR \""quality management\"" OR \""effectiveness evaluation\"" OR audit) AND (Vietnam OR \""Viet Nam\"") AND (health OR hospital OR \""provincial health department\"")""",1,https://tamanhhospital.vn/?s=%28%5Cartificial%20intelligence%5C%22%20OR%20AI%29%20AND%20%28%5C%22post-implementation%20monitoring%5C%22%20OR%20%5C%22post-market%20surveillance%5C%22%20OR%20%5C%22incident%20reporting%5C%22%20OR%20%5C%22quality%20management%5C%22%20OR%20%5C%22effectiveness%20evaluation%5C%22%20OR%20audit%29%20AND%20%28Vietnam%20OR%20%5C%22Viet%20Nam%5C%22%29%20AND%20%28health%20OR%20hospital%20OR%20%5C%22provincial%20health%20department%5C%22%29%22&paged=1,2026-07-31T23:53:45+00:00,404,65587,HTTPError: Not Found,raw/hosp-s-02-dq-evid-05-p01.body,raw/hosp-s-02-dq-evid-05-p01.headers,414A460C4EB8865C59D50A7C457974B0E3BA94282A57D8C7F5BE5CE14408F531,30,TRANSPORT_ATTEMPTED
HOSP-S-02,Bệnh viện Đa khoa Tâm Anh Thành phố Hồ Chí Minh,https://tamanhhospital.vn/,DQ-EVID-05,"(\artificial intelligence\"" OR AI) AND (\""post-implementation monitoring\"" OR \""post-market surveillance\"" OR \""incident reporting\"" OR \""quality management\"" OR \""effectiveness evaluation\"" OR audit) AND (Vietnam OR \""Viet Nam\"") AND (health OR hospital OR \""provincial health department\"")""",2,https://tamanhhospital.vn/?s=%28%5Cartificial%20intelligence%5C%22%20OR%20AI%29%20AND%20%28%5C%22post-implementation%20monitoring%5C%22%20OR%20%5C%22post-market%20surveillance%5C%22%20OR%20%5C%22incident%20reporting%5C%22%20OR%20%5C%22quality%20management%5C%22%20OR%20%5C%22effectiveness%20evaluation%5C%22%20OR%20audit%29%20AND%20%28Vietnam%20OR%20%5C%22Viet%20Nam%5C%22%29%20AND%20%28health%20OR%20hospital%20OR%20%5C%22provincial%20health%20department%5C%22%29%22&paged=2,2026-07-31T23:53:48+00:00,404,61431,HTTPError: Not Found,raw/hosp-s-02-dq-evid-05-p02.body,raw/hosp-s-02-dq-evid-05-p02.headers,F55E01FF208801A22E6647BB1DD3C247FBE3E14DEEF523F21BDFCDE5E0237254,30,TRANSPORT_ATTEMPTED
HOSP-S-03,Bệnh viện Đại học Y Dược Thành phố Hồ Chí Minh,https://www.umc.edu.vn/,DQ-IMPL-01,"(\đạo đức AI\"" OR \""AI có trách nhiệm\"" OR \""quản trị AI\"") AND (kế hoạch OR triển khai OR áp dụng OR thí điểm)""",1,https://www.umc.edu.vn/tim-kiem?q=%28%5C%C4%91%E1%BA%A1o%20%C4%91%E1%BB%A9c%20AI%5C%22%20OR%20%5C%22AI%20c%C3%B3%20tr%C3%A1ch%20nhi%E1%BB%87m%5C%22%20OR%20%5C%22qu%E1%BA%A3n%20tr%E1%BB%8B%20AI%5C%22%29%20AND%20%28k%E1%BA%BF%20ho%E1%BA%A1ch%20OR%20tri%E1%BB%83n%20khai%20OR%20%C3%A1p%20d%E1%BB%A5ng%20OR%20th%C3%AD%20%C4%91i%E1%BB%83m%29%22&page=1,2026-07-31T23:53:50+00:00,400,334,HTTPError: Bad Request,raw/hosp-s-03-dq-impl-01-p01.body,raw/hosp-s-03-dq-impl-01-p01.headers,11817D8DE31DFA9C918DF2E6BE30A8ECD778B72362F65825B29DC0E0C617DB35,0,TRANSPORT_ATTEMPTED
HOSP-S-03,Bệnh viện Đại học Y Dược Thành phố Hồ Chí Minh,https://www.umc.edu.vn/,DQ-IMPL-01,"(\đạo đức AI\"" OR \""AI có trách nhiệm\"" OR \""quản trị AI\"") AND (kế hoạch OR triển khai OR áp dụng OR thí điểm)""",2,https://www.umc.edu.vn/tim-kiem?q=%28%5C%C4%91%E1%BA%A1o%20%C4%91%E1%BB%A9c%20AI%5C%22%20OR%20%5C%22AI%20c%C3%B3%20tr%C3%A1ch%20nhi%E1%BB%87m%5C%22%20OR%20%5C%22qu%E1%BA%A3n%20tr%E1%BB%8B%20AI%5C%22%29%20AND%20%28k%E1%BA%BF%20ho%E1%BA%A1ch%20OR%20tri%E1%BB%83n%20khai%20OR%20%C3%A1p%20d%E1%BB%A5ng%20OR%20th%C3%AD%20%C4%91i%E1%BB%83m%29%22&page=2,2026-07-31T23:53:52+00:00,400,334,HTTPError: Bad Request,raw/hosp-s-03-dq-impl-01-p02.body,raw/hosp-s-03-dq-impl-01-p02.headers,11817D8DE31DFA9C918DF2E6BE30A8ECD778B72362F65825B29DC0E0C617DB35,0,TRANSPORT_ATTEMPTED
HOSP-S-03,Bệnh viện Đại học Y Dược Thành phố Hồ Chí Minh,https://www.umc.edu.vn/,DQ-TOOL-01,"(\đánh giá tuân thủ\"" OR \""tự đánh giá\"") AND (\""đạo đức AI\"" OR \""AI có trách nhiệm\"")""",1,https://www.umc.edu.vn/tim-kiem?q=%28%5C%C4%91%C3%A1nh%20gi%C3%A1%20tu%C3%A2n%20th%E1%BB%A7%5C%22%20OR%20%5C%22t%E1%BB%B1%20%C4%91%C3%A1nh%20gi%C3%A1%5C%22%29%20AND%20%28%5C%22%C4%91%E1%BA%A1o%20%C4%91%E1%BB%A9c%20AI%5C%22%20OR%20%5C%22AI%20c%C3%B3%20tr%C3%A1ch%20nhi%E1%BB%87m%5C%22%29%22&page=1,2026-07-31T23:53:54+00:00,400,334,HTTPError: Bad Request,raw/hosp-s-03-dq-tool-01-p01.body,raw/hosp-s-03-dq-tool-01-p01.headers,11817D8DE31DFA9C918DF2E6BE30A8ECD778B72362F65825B29DC0E0C617DB35,0,TRANSPORT_ATTEMPTED
HOSP-S-03,Bệnh viện Đại học Y Dược Thành phố Hồ Chí Minh,https://www.umc.edu.vn/,DQ-TOOL-01,"(\đánh giá tuân thủ\"" OR \""tự đánh giá\"") AND (\""đạo đức AI\"" OR \""AI có trách nhiệm\"")""",2,https://www.umc.edu.vn/tim-kiem?q=%28%5C%C4%91%C3%A1nh%20gi%C3%A1%20tu%C3%A2n%20th%E1%BB%A7%5C%22%20OR%20%5C%22t%E1%BB%B1%20%C4%91%C3%A1nh%20gi%C3%A1%5C%22%29%20AND%20%28%5C%22%C4%91%E1%BA%A1o%20%C4%91%E1%BB%A9c%20AI%5C%22%20OR%20%5C%22AI%20c%C3%B3%20tr%C3%A1ch%20nhi%E1%BB%87m%5C%22%29%22&page=2,2026-07-31T23:53:56+00:00,400,334,HTTPError: Bad Request,raw/hosp-s-03-dq-tool-01-p02.body,raw/hosp-s-03-dq-tool-01-p02.headers,11817D8DE31DFA9C918DF2E6BE30A8ECD778B72362F65825B29DC0E0C617DB35,0,TRANSPORT_ATTEMPTED
HOSP-S-03,Bệnh viện Đại học Y Dược Thành phố Hồ Chí Minh,https://www.umc.edu.vn/,DQ-TOOL-02,"(nền tảng OR công cụ) AND (\đánh giá tuân thủ\"" OR \""đánh giá tác động\"") AND (\""AI\"" OR \""trí tuệ nhân tạo\"")""",1,https://www.umc.edu.vn/tim-kiem?q=%28n%E1%BB%81n%20t%E1%BA%A3ng%20OR%20c%C3%B4ng%20c%E1%BB%A5%29%20AND%20%28%5C%C4%91%C3%A1nh%20gi%C3%A1%20tu%C3%A2n%20th%E1%BB%A7%5C%22%20OR%20%5C%22%C4%91%C3%A1nh%20gi%C3%A1%20t%C3%A1c%20%C4%91%E1%BB%99ng%5C%22%29%20AND%20%28%5C%22AI%5C%22%20OR%20%5C%22tr%C3%AD%20tu%E1%BB%87%20nh%C3%A2n%20t%E1%BA%A1o%5C%22%29%22&page=1,2026-07-31T23:53:58+00:00,400,334,HTTPError: Bad Request,raw/hosp-s-03-dq-tool-02-p01.body,raw/hosp-s-03-dq-tool-02-p01.headers,11817D8DE31DFA9C918DF2E6BE30A8ECD778B72362F65825B29DC0E0C617DB35,0,TRANSPORT_ATTEMPTED
HOSP-S-03,Bệnh viện Đại học Y Dược Thành phố Hồ Chí Minh,https://www.umc.edu.vn/,DQ-TOOL-02,"(nền tảng OR công cụ) AND (\đánh giá tuân thủ\"" OR \""đánh giá tác động\"") AND (\""AI\"" OR \""trí tuệ nhân tạo\"")""",2,https://www.umc.edu.vn/tim-kiem?q=%28n%E1%BB%81n%20t%E1%BA%A3ng%20OR%20c%C3%B4ng%20c%E1%BB%A5%29%20AND%20%28%5C%C4%91%C3%A1nh%20gi%C3%A1%20tu%C3%A2n%20th%E1%BB%A7%5C%22%20OR%20%5C%22%C4%91%C3%A1nh%20gi%C3%A1%20t%C3%A1c%20%C4%91%E1%BB%99ng%5C%22%29%20AND%20%28%5C%22AI%5C%22%20OR%20%5C%22tr%C3%AD%20tu%E1%BB%87%20nh%C3%A2n%20t%E1%BA%A1o%5C%22%29%22&page=2,2026-07-31T23:54:00+00:00,400,334,HTTPError: Bad Request,raw/hosp-s-03-dq-tool-02-p02.body,raw/hosp-s-03-dq-tool-02-p02.headers,11817D8DE31DFA9C918DF2E6BE30A8ECD778B72362F65825B29DC0E0C617DB35,0,TRANSPORT_ATTEMPTED
HOSP-S-03,Bệnh viện Đại học Y Dược Thành phố Hồ Chí Minh,https://www.umc.edu.vn/,DQ-IMPL-04,"(\trí tuệ nhân tạo\"" OR AI) AND (\""theo dõi sau triển khai\"" OR hậu kiểm OR \""giám sát sau triển khai\"" OR \""đánh giá hiệu quả\"") AND (y tế OR bệnh viện OR \""Sở Y tế\"")""",1,https://www.umc.edu.vn/tim-kiem?q=%28%5Ctr%C3%AD%20tu%E1%BB%87%20nh%C3%A2n%20t%E1%BA%A1o%5C%22%20OR%20AI%29%20AND%20%28%5C%22theo%20d%C3%B5i%20sau%20tri%E1%BB%83n%20khai%5C%22%20OR%20h%E1%BA%ADu%20ki%E1%BB%83m%20OR%20%5C%22gi%C3%A1m%20s%C3%A1t%20sau%20tri%E1%BB%83n%20khai%5C%22%20OR%20%5C%22%C4%91%C3%A1nh%20gi%C3%A1%20hi%E1%BB%87u%20qu%E1%BA%A3%5C%22%29%20AND%20%28y%20t%E1%BA%BF%20OR%20b%E1%BB%87nh%20vi%E1%BB%87n%20OR%20%5C%22S%E1%BB%9F%20Y%20t%E1%BA%BF%5C%22%29%22&page=1,2026-07-31T23:54:02+00:00,400,334,HTTPError: Bad Request,raw/hosp-s-03-dq-impl-04-p01.body,raw/hosp-s-03-dq-impl-04-p01.headers,11817D8DE31DFA9C918DF2E6BE30A8ECD778B72362F65825B29DC0E0C617DB35,0,TRANSPORT_ATTEMPTED
HOSP-S-03,Bệnh viện Đại học Y Dược Thành phố Hồ Chí Minh,https://www.umc.edu.vn/,DQ-IMPL-04,"(\trí tuệ nhân tạo\"" OR AI) AND (\""theo dõi sau triển khai\"" OR hậu kiểm OR \""giám sát sau triển khai\"" OR \""đánh giá hiệu quả\"") AND (y tế OR bệnh viện OR \""Sở Y tế\"")""",2,https://www.umc.edu.vn/tim-kiem?q=%28%5Ctr%C3%AD%20tu%E1%BB%87%20nh%C3%A2n%20t%E1%BA%A1o%5C%22%20OR%20AI%29%20AND%20%28%5C%22theo%20d%C3%B5i%20sau%20tri%E1%BB%83n%20khai%5C%22%20OR%20h%E1%BA%ADu%20ki%E1%BB%83m%20OR%20%5C%22gi%C3%A1m%20s%C3%A1t%20sau%20tri%E1%BB%83n%20khai%5C%22%20OR%20%5C%22%C4%91%C3%A1nh%20gi%C3%A1%20hi%E1%BB%87u%20qu%E1%BA%A3%5C%22%29%20AND%20%28y%20t%E1%BA%BF%20OR%20b%E1%BB%87nh%20vi%E1%BB%87n%20OR%20%5C%22S%E1%BB%9F%20Y%20t%E1%BA%BF%5C%22%29%22&page=2,2026-07-31T23:54:04+00:00,400,334,HTTPError: Bad Request,raw/hosp-s-03-dq-impl-04-p02.body,raw/hosp-s-03-dq-impl-04-p02.headers,11817D8DE31DFA9C918DF2E6BE30A8ECD778B72362F65825B29DC0E0C617DB35,0,TRANSPORT_ATTEMPTED
HOSP-S-03,Bệnh viện Đại học Y Dược Thành phố Hồ Chí Minh,https://www.umc.edu.vn/,DQ-IMPL-05,"(\trí tuệ nhân tạo\"" OR AI) AND (\""báo cáo sự cố\"" OR \""quản lý chất lượng\"" OR kiểm toán OR thanh tra) AND (y tế OR bệnh viện OR \""Sở Y tế\"")""",1,https://www.umc.edu.vn/tim-kiem?q=%28%5Ctr%C3%AD%20tu%E1%BB%87%20nh%C3%A2n%20t%E1%BA%A1o%5C%22%20OR%20AI%29%20AND%20%28%5C%22b%C3%A1o%20c%C3%A1o%20s%E1%BB%B1%20c%E1%BB%91%5C%22%20OR%20%5C%22qu%E1%BA%A3n%20l%C3%BD%20ch%E1%BA%A5t%20l%C6%B0%E1%BB%A3ng%5C%22%20OR%20ki%E1%BB%83m%20to%C3%A1n%20OR%20thanh%20tra%29%20AND%20%28y%20t%E1%BA%BF%20OR%20b%E1%BB%87nh%20vi%E1%BB%87n%20OR%20%5C%22S%E1%BB%9F%20Y%20t%E1%BA%BF%5C%22%29%22&page=1,2026-07-31T23:54:05+00:00,400,334,HTTPError: Bad Request,raw/hosp-s-03-dq-impl-05-p01.body,raw/hosp-s-03-dq-impl-05-p01.headers,11817D8DE31DFA9C918DF2E6BE30A8ECD778B72362F65825B29DC0E0C617DB35,0,TRANSPORT_ATTEMPTED
HOSP-S-03,Bệnh viện Đại học Y Dược Thành phố Hồ Chí Minh,https://www.umc.edu.vn/,DQ-IMPL-05,"(\trí tuệ nhân tạo\"" OR AI) AND (\""báo cáo sự cố\"" OR \""quản lý chất lượng\"" OR kiểm toán OR thanh tra) AND (y tế OR bệnh viện OR \""Sở Y tế\"")""",2,https://www.umc.edu.vn/tim-kiem?q=%28%5Ctr%C3%AD%20tu%E1%BB%87%20nh%C3%A2n%20t%E1%BA%A1o%5C%22%20OR%20AI%29%20AND%20%28%5C%22b%C3%A1o%20c%C3%A1o%20s%E1%BB%B1%20c%E1%BB%91%5C%22%20OR%20%5C%22qu%E1%BA%A3n%20l%C3%BD%20ch%E1%BA%A5t%20l%C6%B0%E1%BB%A3ng%5C%22%20OR%20ki%E1%BB%83m%20to%C3%A1n%20OR%20thanh%20tra%29%20AND%20%28y%20t%E1%BA%BF%20OR%20b%E1%BB%87nh%20vi%E1%BB%87n%20OR%20%5C%22S%E1%BB%9F%20Y%20t%E1%BA%BF%5C%22%29%22&page=2,2026-07-31T23:54:07+00:00,400,334,HTTPError: Bad Request,raw/hosp-s-03-dq-impl-05-p02.body,raw/hosp-s-03-dq-impl-05-p02.headers,11817D8DE31DFA9C918DF2E6BE30A8ECD778B72362F65825B29DC0E0C617DB35,0,TRANSPORT_ATTEMPTED
HOSP-S-03,Bệnh viện Đại học Y Dược Thành phố Hồ Chí Minh,https://www.umc.edu.vn/,DQ-EVID-01,"(\đạo đức AI\"" OR \""quản trị AI\"") AND (kiểm toán OR thanh tra OR giám sát)""",1,https://www.umc.edu.vn/tim-kiem?q=%28%5C%C4%91%E1%BA%A1o%20%C4%91%E1%BB%A9c%20AI%5C%22%20OR%20%5C%22qu%E1%BA%A3n%20tr%E1%BB%8B%20AI%5C%22%29%20AND%20%28ki%E1%BB%83m%20to%C3%A1n%20OR%20thanh%20tra%20OR%20gi%C3%A1m%20s%C3%A1t%29%22&page=1,2026-07-31T23:54:09+00:00,400,334,HTTPError: Bad Request,raw/hosp-s-03-dq-evid-01-p01.body,raw/hosp-s-03-dq-evid-01-p01.headers,11817D8DE31DFA9C918DF2E6BE30A8ECD778B72362F65825B29DC0E0C617DB35,0,TRANSPORT_ATTEMPTED
HOSP-S-03,Bệnh viện Đại học Y Dược Thành phố Hồ Chí Minh,https://www.umc.edu.vn/,DQ-EVID-01,"(\đạo đức AI\"" OR \""quản trị AI\"") AND (kiểm toán OR thanh tra OR giám sát)""",2,https://www.umc.edu.vn/tim-kiem?q=%28%5C%C4%91%E1%BA%A1o%20%C4%91%E1%BB%A9c%20AI%5C%22%20OR%20%5C%22qu%E1%BA%A3n%20tr%E1%BB%8B%20AI%5C%22%29%20AND%20%28ki%E1%BB%83m%20to%C3%A1n%20OR%20thanh%20tra%20OR%20gi%C3%A1m%20s%C3%A1t%29%22&page=2,2026-07-31T23:54:11+00:00,400,334,HTTPError: Bad Request,raw/hosp-s-03-dq-evid-01-p02.body,raw/hosp-s-03-dq-evid-01-p02.headers,11817D8DE31DFA9C918DF2E6BE30A8ECD778B72362F65825B29DC0E0C617DB35,0,TRANSPORT_ATTEMPTED
HOSP-S-03,Bệnh viện Đại học Y Dược Thành phố Hồ Chí Minh,https://www.umc.edu.vn/,DQ-EVID-02,"(\AI\"" OR \""trí tuệ nhân tạo\"") AND (sự cố OR khiếu nại OR khắc phục) AND (y tế OR bệnh viện)""",1,https://www.umc.edu.vn/tim-kiem?q=%28%5CAI%5C%22%20OR%20%5C%22tr%C3%AD%20tu%E1%BB%87%20nh%C3%A2n%20t%E1%BA%A1o%5C%22%29%20AND%20%28s%E1%BB%B1%20c%E1%BB%91%20OR%20khi%E1%BA%BFu%20n%E1%BA%A1i%20OR%20kh%E1%BA%AFc%20ph%E1%BB%A5c%29%20AND%20%28y%20t%E1%BA%BF%20OR%20b%E1%BB%87nh%20vi%E1%BB%87n%29%22&page=1,2026-07-31T23:54:13+00:00,400,334,HTTPError: Bad Request,raw/hosp-s-03-dq-evid-02-p01.body,raw/hosp-s-03-dq-evid-02-p01.headers,11817D8DE31DFA9C918DF2E6BE30A8ECD778B72362F65825B29DC0E0C617DB35,0,TRANSPORT_ATTEMPTED
HOSP-S-03,Bệnh viện Đại học Y Dược Thành phố Hồ Chí Minh,https://www.umc.edu.vn/,DQ-EVID-02,"(\AI\"" OR \""trí tuệ nhân tạo\"") AND (sự cố OR khiếu nại OR khắc phục) AND (y tế OR bệnh viện)""",2,https://www.umc.edu.vn/tim-kiem?q=%28%5CAI%5C%22%20OR%20%5C%22tr%C3%AD%20tu%E1%BB%87%20nh%C3%A2n%20t%E1%BA%A1o%5C%22%29%20AND%20%28s%E1%BB%B1%20c%E1%BB%91%20OR%20khi%E1%BA%BFu%20n%E1%BA%A1i%20OR%20kh%E1%BA%AFc%20ph%E1%BB%A5c%29%20AND%20%28y%20t%E1%BA%BF%20OR%20b%E1%BB%87nh%20vi%E1%BB%87n%29%22&page=2,2026-07-31T23:54:15+00:00,400,334,HTTPError: Bad Request,raw/hosp-s-03-dq-evid-02-p02.body,raw/hosp-s-03-dq-evid-02-p02.headers,11817D8DE31DFA9C918DF2E6BE30A8ECD778B72362F65825B29DC0E0C617DB35,0,TRANSPORT_ATTEMPTED
HOSP-S-03,Bệnh viện Đại học Y Dược Thành phố Hồ Chí Minh,https://www.umc.edu.vn/,DQ-EVID-03,"(\AI\"" OR \""trí tuệ nhân tạo\"") AND (\""đánh giá tác động\"" OR kết quả) AND (y tế OR bệnh viện)""",1,https://www.umc.edu.vn/tim-kiem?q=%28%5CAI%5C%22%20OR%20%5C%22tr%C3%AD%20tu%E1%BB%87%20nh%C3%A2n%20t%E1%BA%A1o%5C%22%29%20AND%20%28%5C%22%C4%91%C3%A1nh%20gi%C3%A1%20t%C3%A1c%20%C4%91%E1%BB%99ng%5C%22%20OR%20k%E1%BA%BFt%20qu%E1%BA%A3%29%20AND%20%28y%20t%E1%BA%BF%20OR%20b%E1%BB%87nh%20vi%E1%BB%87n%29%22&page=1,2026-07-31T23:54:17+00:00,400,334,HTTPError: Bad Request,raw/hosp-s-03-dq-evid-03-p01.body,raw/hosp-s-03-dq-evid-03-p01.headers,11817D8DE31DFA9C918DF2E6BE30A8ECD778B72362F65825B29DC0E0C617DB35,0,TRANSPORT_ATTEMPTED
HOSP-S-03,Bệnh viện Đại học Y Dược Thành phố Hồ Chí Minh,https://www.umc.edu.vn/,DQ-EVID-03,"(\AI\"" OR \""trí tuệ nhân tạo\"") AND (\""đánh giá tác động\"" OR kết quả) AND (y tế OR bệnh viện)""",2,https://www.umc.edu.vn/tim-kiem?q=%28%5CAI%5C%22%20OR%20%5C%22tr%C3%AD%20tu%E1%BB%87%20nh%C3%A2n%20t%E1%BA%A1o%5C%22%29%20AND%20%28%5C%22%C4%91%C3%A1nh%20gi%C3%A1%20t%C3%A1c%20%C4%91%E1%BB%99ng%5C%22%20OR%20k%E1%BA%BFt%20qu%E1%BA%A3%29%20AND%20%28y%20t%E1%BA%BF%20OR%20b%E1%BB%87nh%20vi%E1%BB%87n%29%22&page=2,2026-07-31T23:54:19+00:00,400,334,HTTPError: Bad Request,raw/hosp-s-03-dq-evid-03-p02.body,raw/hosp-s-03-dq-evid-03-p02.headers,11817D8DE31DFA9C918DF2E6BE30A8ECD778B72362F65825B29DC0E0C617DB35,0,TRANSPORT_ATTEMPTED
HOSP-S-03,Bệnh viện Đại học Y Dược Thành phố Hồ Chí Minh,https://www.umc.edu.vn/,DQ-EVID-04,"(\AI ethics\"" OR \""AI governance\"") AND (audit OR inspection OR monitoring OR incident OR complaint OR redress OR \""impact assessment\"" OR outcome OR result) AND (Vietnam OR \""Viet Nam\"") AND (health OR hospital)""",1,https://www.umc.edu.vn/tim-kiem?q=%28%5CAI%20ethics%5C%22%20OR%20%5C%22AI%20governance%5C%22%29%20AND%20%28audit%20OR%20inspection%20OR%20monitoring%20OR%20incident%20OR%20complaint%20OR%20redress%20OR%20%5C%22impact%20assessment%5C%22%20OR%20outcome%20OR%20result%29%20AND%20%28Vietnam%20OR%20%5C%22Viet%20Nam%5C%22%29%20AND%20%28health%20OR%20hospital%29%22&page=1,2026-07-31T23:54:21+00:00,400,334,HTTPError: Bad Request,raw/hosp-s-03-dq-evid-04-p01.body,raw/hosp-s-03-dq-evid-04-p01.headers,11817D8DE31DFA9C918DF2E6BE30A8ECD778B72362F65825B29DC0E0C617DB35,0,TRANSPORT_ATTEMPTED
HOSP-S-03,Bệnh viện Đại học Y Dược Thành phố Hồ Chí Minh,https://www.umc.edu.vn/,DQ-EVID-04,"(\AI ethics\"" OR \""AI governance\"") AND (audit OR inspection OR monitoring OR incident OR complaint OR redress OR \""impact assessment\"" OR outcome OR result) AND (Vietnam OR \""Viet Nam\"") AND (health OR hospital)""",2,https://www.umc.edu.vn/tim-kiem?q=%28%5CAI%20ethics%5C%22%20OR%20%5C%22AI%20governance%5C%22%29%20AND%20%28audit%20OR%20inspection%20OR%20monitoring%20OR%20incident%20OR%20complaint%20OR%20redress%20OR%20%5C%22impact%20assessment%5C%22%20OR%20outcome%20OR%20result%29%20AND%20%28Vietnam%20OR%20%5C%22Viet%20Nam%5C%22%29%20AND%20%28health%20OR%20hospital%29%22&page=2,2026-07-31T23:54:22+00:00,400,334,HTTPError: Bad Request,raw/hosp-s-03-dq-evid-04-p02.body,raw/hosp-s-03-dq-evid-04-p02.headers,11817D8DE31DFA9C918DF2E6BE30A8ECD778B72362F65825B29DC0E0C617DB35,0,TRANSPORT_ATTEMPTED
HOSP-S-03,Bệnh viện Đại học Y Dược Thành phố Hồ Chí Minh,https://www.umc.edu.vn/,DQ-EVID-05,"(\artificial intelligence\"" OR AI) AND (\""post-implementation monitoring\"" OR \""post-market surveillance\"" OR \""incident reporting\"" OR \""quality management\"" OR \""effectiveness evaluation\"" OR audit) AND (Vietnam OR \""Viet Nam\"") AND (health OR hospital OR \""provincial health department\"")""",1,https://www.umc.edu.vn/tim-kiem?q=%28%5Cartificial%20intelligence%5C%22%20OR%20AI%29%20AND%20%28%5C%22post-implementation%20monitoring%5C%22%20OR%20%5C%22post-market%20surveillance%5C%22%20OR%20%5C%22incident%20reporting%5C%22%20OR%20%5C%22quality%20management%5C%22%20OR%20%5C%22effectiveness%20evaluation%5C%22%20OR%20audit%29%20AND%20%28Vietnam%20OR%20%5C%22Viet%20Nam%5C%22%29%20AND%20%28health%20OR%20hospital%20OR%20%5C%22provincial%20health%20department%5C%22%29%22&page=1,2026-07-31T23:54:24+00:00,400,334,HTTPError: Bad Request,raw/hosp-s-03-dq-evid-05-p01.body,raw/hosp-s-03-dq-evid-05-p01.headers,11817D8DE31DFA9C918DF2E6BE30A8ECD778B72362F65825B29DC0E0C617DB35,0,TRANSPORT_ATTEMPTED
HOSP-S-03,Bệnh viện Đại học Y Dược Thành phố Hồ Chí Minh,https://www.umc.edu.vn/,DQ-EVID-05,"(\artificial intelligence\"" OR AI) AND (\""post-implementation monitoring\"" OR \""post-market surveillance\"" OR \""incident reporting\"" OR \""quality management\"" OR \""effectiveness evaluation\"" OR audit) AND (Vietnam OR \""Viet Nam\"") AND (health OR hospital OR \""provincial health department\"")""",2,https://www.umc.edu.vn/tim-kiem?q=%28%5Cartificial%20intelligence%5C%22%20OR%20AI%29%20AND%20%28%5C%22post-implementation%20monitoring%5C%22%20OR%20%5C%22post-market%20surveillance%5C%22%20OR%20%5C%22incident%20reporting%5C%22%20OR%20%5C%22quality%20management%5C%22%20OR%20%5C%22effectiveness%20evaluation%5C%22%20OR%20audit%29%20AND%20%28Vietnam%20OR%20%5C%22Viet%20Nam%5C%22%29%20AND%20%28health%20OR%20hospital%20OR%20%5C%22provincial%20health%20department%5C%22%29%22&page=2,2026-07-31T23:54:26+00:00,400,334,HTTPError: Bad Request,raw/hosp-s-03-dq-evid-05-p02.body,raw/hosp-s-03-dq-evid-05-p02.headers,11817D8DE31DFA9C918DF2E6BE30A8ECD778B72362F65825B29DC0E0C617DB35,0,TRANSPORT_ATTEMPTED
