channel_id,domain,query_id,position,source_url,title_from_search,description_from_search,status
MOH,moh.gov.vn,DQ-IMPL-01,1,https://moh.gov.vn/index.jsp?pageId=5803&aid=156765&cid=7262,Trí tuệ nhân tạo và tương lai hệ thống Y tế Việt Nam,"Thứ sáu, phát triển nguồn nhân lực y tế số và năng lực quản trị AI. Cần đổi mới đào tạo y khoa theo hướng tích hợp kiến thức về dữ liệu, AI và chuyển đổi số ...",DISCOVERED_UNSCREENED
MOH,moh.gov.vn,DQ-IMPL-01,2,https://moh.gov.vn/index.jsp?pageId=5803&aid=156486&cid=8335,Bộ trưởng Đào Hồng Lan: Đổi mới tư duy để ...,"... quản trị AI phải được đặt đúng vị trí. Cần đổi mới đào tạo y khoa theo hướng tích hợp kiến thức dữ liệu, AI và chuyển đổi số. Đồng thời, đào ...",DISCOVERED_UNSCREENED
MOH,moh.gov.vn,DQ-IMPL-01,3,https://moh.gov.vn/index.jsp?pageId=5803&aid=167780&cid=8641,"Kết luận của Tổng Bí thư, Chủ tịch nước tại cuộc họp cho ...","Chiến lược quy hoạch kế hoạch · Hợp tác quốc tế · Tuyên truyền ... quản trị AI, già hóa dân số, văn hóa, con người, biến đổi khí hậu và ...",DISCOVERED_UNSCREENED
MOH,moh.gov.vn,DQ-IMPL-01,4,https://moh.gov.vn/index.jsp?pageId=5803&aid=168200&cid=8641,Báo chí cách mạng Việt Nam trong thời đại số,"... đạo đức AI và tuân thủ pháp luật về sở hữu trí tuệ. Tổng Bí thư ... dụng AI có trách nhiệm. Đồng thời, kỷ cương báo chí phải được giữ ...",DISCOVERED_UNSCREENED
MOH,moh.gov.vn,DQ-IMPL-01,5,https://adminmoh.moh.gov.vn/web/guest/hoat-dong-cua-lanh-dao-bo?p_p_id=101_INSTANCE_TW6LTp1ZtwaN&p_p_lifecycle=0&p_p_state=normal&p_p_mode=view&p_p_col_id=row-0-column-2&p_p_col_count=2&_101_INSTANCE_TW6LTp1ZtwaN_delta=20&_101_INSTANCE_TW6LTp1ZtwaN_keywords=&_101_INSTANCE_TW6LTp1ZtwaN_advancedSearch=false&_101_INSTANCE_TW6LTp1ZtwaN_andOperator=true&p_r_p_564233524_resetCur=false&_101_INSTANCE_TW6LTp1ZtwaN_cur=28,Hoạt động của lãnh đạo bộ - Cổng thông tin Bộ Y tế,"Thứ trưởng Thường trực Bộ Y tế Vũ Mạnh Hà: Hợp tác chiến lược tiến tới định hình khung quản trị AI y tế toàn cầu, lấy con người làm trung tâm. Thứ Bẩy, ngày ...",DISCOVERED_UNSCREENED
MOH,moh.gov.vn,DQ-IMPL-01,6,https://moh.gov.vn/index.jsp?pageId=5801&cid=7262,Cổng thông tin Bộ Y tế,"... quản trị AI y tế toàn cầu, lấy con người làm trung tâm. 25/10/2025 12:34 AM ... Kế hoạch triển khai thi hành ...",DISCOVERED_UNSCREENED
MOH,moh.gov.vn,DQ-IMPL-01,7,https://vimda.moh.gov.vn/documents/10182/71386576/upload_00001117_1753855581100.pdf?version=1.0&fileId=71409563,MEGA PULSE TOWER 30+ - Thiết bị phẫu thuật với laser ...,Bất kỳ ai có trách nhiệm kết hợp sản phẩm theo một hệ thống đều phải đảm bảo rằng các tính năng hoạt động và các yêu cầu an toàn không bị ...,DISCOVERED_UNSCREENED
MOH,moh.gov.vn,DQ-IMPL-01,8,https://moh.gov.vn/index.jsp?pageId=5801&cid=8351,Cổng thông tin Bộ Y tế,"... quản trị AI y tế toàn cầu, lấy con người làm trung tâm. 25/10/2025 12:34 AM. Thứ trưởng Bộ Y ...",DISCOVERED_UNSCREENED
MOH,moh.gov.vn,DQ-IMPL-02,1,https://moh.gov.vn/index.jsp?pageId=5803&aid=156765&cid=7262,Trí tuệ nhân tạo và tương lai hệ thống Y tế Việt Nam,... bệnh viện và nâng cao chất lượng y tế cơ sở. Mỗi ứng dụng phải đi kèm đánh ... quản trị AI. Cần đổi mới đào tạo y khoa theo hướng tích hợp kiến thức về ...,DISCOVERED_UNSCREENED
MOH,moh.gov.vn,DQ-IMPL-02,2,https://adminmoh.moh.gov.vn/web/guest/hoat-dong-cua-lanh-dao-bo?p_p_id=101_INSTANCE_TW6LTp1ZtwaN&p_p_lifecycle=0&p_p_state=normal&p_p_mode=view&p_p_col_id=row-0-column-2&p_p_col_count=2&_101_INSTANCE_TW6LTp1ZtwaN_delta=20&_101_INSTANCE_TW6LTp1ZtwaN_keywords=&_101_INSTANCE_TW6LTp1ZtwaN_advancedSearch=false&_101_INSTANCE_TW6LTp1ZtwaN_andOperator=true&p_r_p_564233524_resetCur=false&_101_INSTANCE_TW6LTp1ZtwaN_cur=28,Hoạt động của lãnh đạo bộ - Cổng thông tin Bộ Y tế,AI vào cuộc: Tăng cơ hội phát hiện sớm ung thư phổi · Các chi phí khám chữa bệnh được BHYT chi trả · Phát hiện nhiều ca mắc viêm não mô cầu: Bộ Y tế đề nghị đảm ...,DISCOVERED_UNSCREENED
MOH,moh.gov.vn,DQ-IMPL-02,3,https://cds.moh.gov.vn/tin-tuc-tong-hop-chi-tieu-cds/-/asset_publisher/q59FuAXJObVO/content/hoi-thao-ai-y-te-thanh-cong-ra-mat-mang-luoi-v-rhain-va-thuc-ay-cac-giai-phap-ai-y-te-co-trach-nhiem?inheritRedirect=false,"Hội thảo AI y tế thành công, ra mắt Mạng lưới V-RHAIN và ...","... quản trị AI dựa trên bằng chứng và đạo đức. Chương trình đào tạo ... bệnh viện và tuyến y tế cơ sở Việt Nam”. Ông Paul Campbell, Giám đốc Pháp lý ...",DISCOVERED_UNSCREENED
MOH,moh.gov.vn,DQ-IMPL-02,4,https://cds.moh.gov.vn/tin-tuc-tong-hop-chi-tieu-cds/-/asset_publisher/q59FuAXJObVO/content/-inh-hinh-tuong-lai-ai-khong-chi-thong-minh-ve-cong-nghe-ma-con-giau-tinh-nhan-van?inheritRedirect=false,Không chỉ thông minh về công nghệ mà còn giàu tính nhân văn,"... AI có trách nhiệm là hai văn kiện quan trọng thể ... viện, trường trong đánh giá tác động xã hội và đạo đức AI ... Bộ Y tế Phê duyệt danh mục nhiệm vụ đẩy ...",DISCOVERED_UNSCREENED
MOH,moh.gov.vn,DQ-IMPL-02,5,https://moh.gov.vn/index.jsp?pageId=5803&aid=156486&cid=8335,Bộ trưởng Đào Hồng Lan: Đổi mới tư duy để ...,"... bệnh, quản trị bệnh viện và tương tác với người bệnh. Bộ trưởng Bộ Y tế Đào Hồng Lan trò chuyện, động viên người hiến máu tình nguyện. Song ...",DISCOVERED_UNSCREENED
MOH,moh.gov.vn,DQ-IMPL-02,6,https://moh.gov.vn/index.jsp?pageId=5801&cid=7262,Cổng thông tin Bộ Y tế,"... Chuyển đổi số giúp nâng cao hiệu quả chăm sóc người ... quản trị AI y tế toàn cầu, lấy con người làm trung tâm. 25/10/2025 12:34 ...",DISCOVERED_UNSCREENED
MOH,moh.gov.vn,DQ-IMPL-02,7,https://cds.moh.gov.vn/trang-chu/-/asset_publisher/Q71nmz5QU5fE/content/hoi-thao-ai-y-te-thanh-cong-ra-mat-mang-luoi-v-rhain-va-thuc-ay-cac-giai-phap-ai-y-te-co-trach-nhiem?inheritRedirect=false,"Hội thảo AI y tế thành công, ra mắt Mạng lưới V-RHAIN và thúc ...","... quản trị AI dựa trên bằng chứng và đạo đức. ... bệnh viện và tuyến y tế cơ sở Việt Nam”. Ông Paul ... viện/trường và doanh nghiệp, hướng tới triển khai ...",DISCOVERED_UNSCREENED
MOH,moh.gov.vn,DQ-IMPL-02,8,https://adminmoh.moh.gov.vn/web/guest/hoat-dong-cua-lanh-dao-bo/-/asset_publisher/TW6LTp1ZtwaN/content/thu-truong-thuong-truc-bo-y-te-vu-manh-ha-ai-y-te-co-tac-ong-truc-tiep-en-tinh-mang-suc-khoe-va-quyen-loi-cua-nguoi-dan-do-o-viec-trien-khai-phai-than,Thứ trưởng Thường trực Bộ Y tế Vũ Mạnh Hà: AI y tế có tác động ...,"... Cơ sở khám bệnh, chữa bệnh là trụ cột quan trọng ... quản trị AI y tế có trách nhiệm; cũng như cơ chế ... viện, trường và doanh nghiệp sẽ cung cấp ...",DISCOVERED_UNSCREENED
MOH,moh.gov.vn,DQ-IMPL-02,9,https://moh.gov.vn/index.jsp?pageId=5801&cid=8358,Cổng thông tin,"... bệnh tại Bệnh viện Phổi và Bệnh viện Châm cứu Trung ương. 10/02/2026 06:23 PM ... quản trị AI y tế toàn cầu, lấy con người làm trung tâm. 25/10/2025 12 ...",DISCOVERED_UNSCREENED
MOH,moh.gov.vn,DQ-IMPL-02,10,https://moh.gov.vn/index.jsp?pageId=5803&aid=167780&cid=8641,"Kết luận của Tổng Bí thư, Chủ tịch nước tại cuộc họp cho ...","Khối Bệnh viện · Khối Viện · Khối các trường Đại học, Cao đẳng · Các Tổng ... quản trị AI, già hóa dân số, văn hóa, con người, biến đổi khí ...",DISCOVERED_UNSCREENED
MOH,moh.gov.vn,DQ-IMPL-02,11,https://vimda.moh.gov.vn/documents/10182/71386576/upload_00001117_1753855581100.pdf?version=1.0&fileId=71409563,MEGA PULSE TOWER 30+ - Thiết bị phẫu thuật với laser ...,Bất kỳ ai có trách nhiệm kết hợp sản phẩm theo một hệ thống đều ... như bệnh viện với hệ thống chăm sóc đặt biệt. Thiết bị phải được kết ...,DISCOVERED_UNSCREENED
MOH,moh.gov.vn,DQ-TOOL-02,1,https://cds.moh.gov.vn/tin-tuc-tong-hop-chi-tieu-cds/-/asset_publisher/q59FuAXJObVO/content/-inh-hinh-tuong-lai-ai-khong-chi-thong-minh-ve-cong-nghe-ma-con-giau-tinh-nhan-van?inheritRedirect=false,Không chỉ thông minh về công nghệ mà còn giàu tính nhân văn,Trí tuệ nhân tạo (AI) không còn là công cụ dành ... nền tảng tốt để ứng dụng AI vào KHXH&NV. Tuy ... đánh giá tác động xã hội và đạo đức AI; đầu tư ...,DISCOVERED_UNSCREENED
MOH,moh.gov.vn,DQ-TOOL-02,2,https://btxh.moh.gov.vn/danh-muc-tin/cong-tac-xa-hoi/danh-gia-tac-dong-luat-cong-tac-xa-hoi_t209c40n1439,Đánh giá tác động Luật Công tác xã hội,"Đánh giá tác động Luật Công tác xã hội. 09/08/2018 12:04. Đánh giá tác động Luật Công tác xã hội ... Cụ thể, xác định ai là người hành nghề CTXH; cơ chế đảm bảo chất lượng cung cấp dịch vụ và cơ ...",DISCOVERED_UNSCREENED
MOH,moh.gov.vn,DQ-TOOL-02,3,https://adminmoh.moh.gov.vn/web/guest/hoat-dong-cua-lanh-dao-bo/-/asset_publisher/k206Q9qkZOqn/content/thu-truong-bo-y-te-nguyen-thi-lien-huong-4-yeu-cau-e-cong-thong-tin-dinh-duong-phat-huy-hieu-qua-ben-vung-va-lan-toa-sau-rong-trong-xa-hoi?inheritRedirect=false&redirect=https%3A%2F%2Fadminmoh.moh.gov.vn%3A443%2Fweb%2Fguest%2Fhoat-dong-cua-lanh-dao-bo%3Fp_p_id%3D101_INSTANCE_k206Q9qkZOqn%26p_p_lifecycle%3D0%26p_p_state%3Dnormal%26p_p_mode%3Dview%26p_p_col_id%3Drow-0-column-2%26p_p_col_pos%3D1%26p_p_col_count%3D2,4 yêu cầu để Cổng Thông tin dinh dưỡng phát huy hiệu ...,... Đánh giá tác động nguồn lực đảm bảo chế độ phụ cấp đặc thù chính ... trí tuệ nhân tạo theo lộ trình phù hợp và được quản lý chặt chẽ ...,DISCOVERED_UNSCREENED
MOH,moh.gov.vn,DQ-TOOL-02,4,https://adminmoh.moh.gov.vn/vi_VN/web/guest/hoat-dong-cua-lanh-dao-bo/-/asset_publisher/k206Q9qkZOqn/content/benh-vien-e-ung-dung-tri-tue-nhan-tao-nang-tam-cham-soc-suc-khoe-nhan-dan?inheritRedirect=false&redirect=https%3A%2F%2Fadminmoh.moh.gov.vn%3A443%2Fvi_VN%2Fweb%2Fguest%2Fhoat-dong-cua-lanh-dao-bo%3Fp_p_id%3D101_INSTANCE_k206Q9qkZOqn%26p_p_lifecycle%3D0%26p_p_state%3Dnormal%26p_p_mode%3Dview%26p_p_col_id%3Drow-0-column-2%26p_p_col_pos%3D1%26p_p_col_count%3D2,Bệnh viện E ứng dụng trí tuệ nhân tạo nâng tầm chăm sóc sức ...,"... trí tuệ nhân tạo. Trong dòng chảy ... Đánh giá tác động nguồn lực đảm bảo chế độ phụ ... (AI) vào các hoạt động khám, chữa bệnh và quản lý ...",DISCOVERED_UNSCREENED
MOH,moh.gov.vn,DQ-TOOL-02,5,https://moh.gov.vn/index.jsp?pageId=5803&aid=152672&cid=8476,Đại hội Đảng bộ Viện Chiến lược và Chính sách ...,"... đánh giá tác động phục vụ việc xây dựng/sửa đổi các Luật, Nghị định ... trí tuệ nhân tạo đáp ứng yêu cầu phát triển khoa học, công nghệ ...",DISCOVERED_UNSCREENED
MOH,moh.gov.vn,DQ-TOOL-02,6,https://moh.gov.vn/index.jsp?pageId=5803&aid=167052&cid=8335,Toàn văn phát biểu của Tổng Bí thư Tô Lâm tại phiên khai ...,"Đặc biệt, sự phát triển đột phá của trí tuệ nhân tạo, dữ liệu ... đánh giá tác động; phải chọn đúng việc lớn, đúng khâu đột phá, đúng ...",DISCOVERED_UNSCREENED
MOH,moh.gov.vn,DQ-TOOL-02,7,https://moh.gov.vn/resource/CustomsCMS/BO_YTE/2026/7/1/Du_thao_To_trinh_De_an_phan_phoi_duoc_CapNhat_1.pdf,"Hạnh phúc Hà Nội, ngày tháng năm 2026 TỜ TRÌNH Về ...","... đánh giá tác động của Đề án; báo cáo tiếp thu, giải trình ý kiến ... nối, trí tuệ nhân tạo, dữ liệu lớn, Internet vạn vật; hỗ trợ doanh ...",DISCOVERED_UNSCREENED
MOH,moh.gov.vn,DQ-TOOL-02,8,https://moh.gov.vn/index.jsp?pageId=5803&aid=153649&cid=8409,Bộ Y tế trả lời kiến nghị của cử tri tỉnh Đồng Nai gửi tới ...,"... ai bị bỏ lại phía sau"". Để thực hiện mục tiêu này, Luật Bảo hiểm y tế đã ... đánh giá tác động về kinh tế - xã hội để bảo đảm tính khả thi và bền vững ...",DISCOVERED_UNSCREENED
MOH,moh.gov.vn,DQ-TOOL-02,9,https://imda.moh.gov.vn/documents/10182/10030600/Du-thao-de-an-Chuoicungung6.7/ce8ed5a1-2e47-409c-9bdf-e82ada3e1a3b,đề án quản lý chuỗi cung ứng thiết bị y tế giai đoạn,"cứu, áp dụng trí tuệ nhân tạo (AI) và dữ liệu lớn (Big Data) trên nền tảng dữ liệu dùng chung để phân tích xu hướng, dự báo nhu cầu chính xác, cảnh báo sớm ...",DISCOVERED_UNSCREENED
MOH,moh.gov.vn,DQ-TOOL-02,10,https://moh.gov.vn/index.jsp?pageId=5803&aid=156125&cid=8351,Viện Chiến lược và Chính sách Y tế tiếp tục khẳng định ...,... đánh giá tác động chính sách; nâng cao năng lực trong ứng dụng chuyển đổi số và ứng dụng trí tuệ nhân tạo (AI) trong nghiên cứu khoa học ...,DISCOVERED_UNSCREENED
MOH,moh.gov.vn,DQ-TOOL-02,11,https://imda.moh.gov.vn/documents/10182/10030600/Duthaototrinh.15.06.2026/db844d21-f1d8-493e-914e-130b24ab9812,Trang thiết bị y tế - Bộ Y tế,"Báo cáo đánh giá tác động một số chính sách của Dự thảo Luật ... - Tiếp tục ứng dụng công nghệ thông tin, chuyển đổi số, trí tuệ nhân tạo.",DISCOVERED_UNSCREENED
MOH,moh.gov.vn,DQ-TOOL-02,12,https://moh.gov.vn/index.jsp?pageId=5803&aid=167921&cid=8338,Nghị quyết 79-NQ/TW của Bộ Chính trị về phát triển kinh ...,Đánh giá tác động và phân tích lợi ích - chi phí xã hội của ... trí tuệ nhân tạo và công nghệ số tiên tiến. Tăng cường công tác quản ...,DISCOVERED_UNSCREENED
MOH,moh.gov.vn,DQ-TOOL-02,13,https://imda.moh.gov.vn/documents/10182/10030600/Ta%CC%80i+lie%CC%A3%CC%82u+to%CC%82%CC%89ng+ho%CC%9B%CC%A3p+Ho%CC%A3%CC%82i+tha%CC%89o+PPE.pdf/d2f78667-48d6-4b40-b1cd-d06a39ce22bf,Báo cáo nghiên cứu rà soát hệ thống quản lý trang thiết bị ...,ĐÁNH GIÁ TÁC ĐỘNG KINH. TẾ-XÃ HỘI. Đánh giá nhanh tác động kinh tế-xã hội ... KHÔNG BỎ LẠI AI PHÍA SAU TRONG ỨNG. PHÓ VÀ PHỤC HỒI SAU ĐẠI DỊCH COVID-. 19 ...,DISCOVERED_UNSCREENED
MOH,moh.gov.vn,DQ-TOOL-02,14,https://adminmoh.moh.gov.vn/web/guest/hoat-dong-cua-lanh-dao-bo/-/asset_publisher/TW6LTp1ZtwaN/content/-ang-uy-bo-y-te-cong-bo-quyet-inh-thanh-lap-cac-ban-xay-dung-ang,Đảng ủy Bộ Y tế công bố Quyết định thành lập các ban xây ...,... Đánh giá tác động nguồn lực đảm bảo chế độ phụ cấp đặc thù chính ... AI xin chào. logobutton. Hỗ trợ trực tuyến. full close.,DISCOVERED_UNSCREENED
MOH,moh.gov.vn,DQ-TOOL-02,15,https://imda.moh.gov.vn/documents/10182/84707090/Du_thao_de_an_CV4474.pdf/c6c2287b-0cea-4f6b-86b5-e2d61b8e5179,DỰ THẢO Ngày 15/6/2026 - Trang thiết bị y tế,"Báo cáo đánh giá tác động một số chính sách của Dự thảo Luật Thiết bị ... - Tiếp tục ứng dụng công nghệ thông tin, chuyển đổi số, trí tuệ nhân tạo gắn ...",DISCOVERED_UNSCREENED
MOH,moh.gov.vn,DQ-TOOL-02,16,https://moh.gov.vn/resource/CustomsCMS/BO_YTE/2026/6/23/5.%20Bao%20cao%20509%20danh%20gia%20tac%20dong%20CS%2021.3.2026.signed.pdf,"Tự do - Hạnh phúc Số: /BC-BYT Hà Nội, ng","Đánh giá tác động của chính sách trong dự thảo Luật sửa đổi, bổ sung ... Dangi J, Kinnunen TH, Zavras AI. Challenges in global ...",DISCOVERED_UNSCREENED
MOH,moh.gov.vn,DQ-TOOL-02,17,https://imda.moh.gov.vn/documents/10182/10030600/Duthaoquyetdinh15.06.2026/6eb7602d-d855-489e-81ef-e663fabd5d4a,DỰ THẢO Ngày 15/6/2026 - Trang thiết bị y tế,"- Tiếp tục ứng dụng công nghệ thông tin, chuyển đổi số, trí tuệ nhân tạo ... + Hoàn thành báo cáo đánh giá tác động các chính sách dự kiến đưa vào.",DISCOVERED_UNSCREENED
MOH,moh.gov.vn,DQ-TOOL-02,18,https://moh.gov.vn/index.jsp?pageId=5801&cid=8351,Cổng thông tin Bộ Y tế,... trí tuệ nhân tạo (AI). 26/10/2025 11:57 PM. Bộ Y tế tổ chức thành công Đại hội thi đua yêu nước ngành ...,DISCOVERED_UNSCREENED
MOH,moh.gov.vn,DQ-TOOL-02,19,https://adminmoh.moh.gov.vn/web/guest/hoat-dong-cua-lanh-dao-bo/-/asset_publisher/TW6LTp1ZtwaN/content/nganh-y-te-to-chuc-truc-chuyen-mon-truc-cap-cuu-24-24-ho-tro-nhan-dan-vung-lu-lut-mien-trung?inheritRedirect=false&redirect=https%3A%2F%2Fadminmoh.moh.gov.vn%3A443%2Fweb%2Fguest%2Fhoat-dong-cua-lanh-dao-bo%3Fp_p_id%3D101_INSTANCE_TW6LTp1ZtwaN%26p_p_lifecycle%3D0%26p_p_state%3Dnormal%26p_p_mode%3Dview%26p_p_col_id%3Drow-0-column-2%26p_p_col_count%3D2,"Ngành Y tế tổ chức trực chuyên môn, trực cấp cứu 24/24 hỗ trợ ...","... công tác ứng phó, khắc phục hậu quả thiên tai ... Đánh giá tác động nguồn lực đảm bảo chế độ phụ ... AI xin chào. logobutton. Hỗ trợ trực tuyến. full",DISCOVERED_UNSCREENED
MOH,moh.gov.vn,DQ-TOOL-02,20,https://adminmoh.moh.gov.vn/web/guest/hoat-dong-cua-lanh-dao-bo/-/asset_publisher/TW6LTp1ZtwaN/content/thu-truong-bo-y-te-nguyen-tri-thuc-tham-lam-viec-va-chuc-tet-vien-kiem-nghiem-thuoc-thanh-pho-ho-chi-minh,"Thứ trưởng Bộ Y tế Nguyễn Tri Thức thăm, làm việc và chúc Tết ...","Chiều 19/01/2026, đoàn công tác của Bộ Y tế do PGS. ... Đánh giá tác động nguồn lực đảm bảo chế độ phụ ... AI xin chào. logobutton. Hỗ trợ trực tuyến. full close.",DISCOVERED_UNSCREENED
MOH,moh.gov.vn,DQ-TOOL-02,21,https://adminmoh.moh.gov.vn/web/guest/hoat-dong-cua-lanh-dao-bo/-/asset_publisher/TW6LTp1ZtwaN/content/pho-thu-tuong-le-thanh-long-kiem-tra-on-oc-tien-o-du-an-co-so-2-benh-vien-bach-mai-va-viet-uc?inheritRedirect=false&redirect=https%3A%2F%2Fadminmoh.moh.gov.vn%3A443%2Fweb%2Fguest%2Fhoat-dong-cua-lanh-dao-bo%3Fp_p_id%3D101_INSTANCE_TW6LTp1ZtwaN%26p_p_lifecycle%3D0%26p_p_state%3Dnormal%26p_p_mode%3Dview%26p_p_col_id%3Drow-0-column-2%26p_p_col_count%3D2%26_101_INSTANCE_TW6LTp1ZtwaN_advancedSearch%3Dfalse%26_101_INSTANCE_TW6LTp1ZtwaN_keywords%3D%26_101_INSTANCE_TW6LTp1ZtwaN_delta%3D20%26p_r_p_564233524_resetCur%3Dfalse%26_101_INSTANCE_TW6LTp1ZtwaN_cur%3D15%26_101_INSTANCE_TW6LTp1ZtwaN_andOperator%3Dtrue,"Phó Thủ tướng Lê Thành Long kiểm tra, đôn đốc tiến độ ...",... Đánh giá tác động nguồn lực đảm bảo chế độ phụ cấp đặc thù chính ... AI xin chào. logobutton. Hỗ trợ trực tuyến. full close. EMC Đã kết nối ...,DISCOVERED_UNSCREENED
MOH,moh.gov.vn,DQ-TOOL-02,22,https://moh.gov.vn/index.jsp?pageId=5803&aid=138686&cid=8354,Thông tin y tế 16 - 18/8/2020,"Theo Tổ chức Y tế thế giới (WHO) đánh giá tác động ... Vô cùng bận rộn, nhưng anh em trong Viện ai cũng hết lòng với công tác chống dịch.",DISCOVERED_UNSCREENED
MOH,moh.gov.vn,DQ-TOOL-02,23,https://moh.gov.vn/index.jsp?pageId=5803&aid=133714&cid=8354,Điểm tin y tế ngày 21/6/2018,"... ai biết ngát lừng ai hay, dần trở nên thân thuộc, gần gũi hơn với cộng đồng ... Chúng tôi sẽ có đánh giá tác động thu chi bệnh viện để xem tác động thế ...",DISCOVERED_UNSCREENED
MOH,moh.gov.vn,DQ-TOOL-02,24,https://moh.gov.vn/index.jsp?pageId=5803&aid=140661&cid=8360,"Kiên quyết không để tình trạng giãn cách không triệt để, kéo dài ...","... ai ở đâu ở đó”, nhất là việc phải thực hiện cách ... ), người cao tuổi, người có bệnh lý nền, công ... đánh giá tác động, chuẩn bị truyền thông… phải ...",DISCOVERED_UNSCREENED
MOH,moh.gov.vn,DQ-TOOL-02,25,https://vnpa.moh.gov.vn/wp-content/uploads/2026/02/BAO-CAO-TINH-TRANG-DAN-SO-THE-GIOI-NAM-2025_250627_100256.pdf,CUỘC KHỦNG HOẢNG THỰC SỰ VỀ SINH SẢN,"Pollack, 1996) hoặc ai có công việc linh hoạt hơn. (Presser, 1994). Tuy nhiên ... “Đánh giá tác động của bạo lực do bạn tình gây ra đến kế hoạch sinh ...",DISCOVERED_UNSCREENED
MOH,moh.gov.vn,DQ-TOOL-02,26,https://adminmoh.moh.gov.vn/en_US/web/guest/hoat-dong-cua-lanh-dao-bo/-/asset_publisher/TW6LTp1ZtwaN/content/le-phat-ong-huong-ung-thang-hanh-ong-quoc-gia-ve-an-toan-ve-sinh-lao-ong-nam-2025-trong-nganh-y-te?inheritRedirect=false&redirect=https%3A%2F%2Fadminmoh.moh.gov.vn%3A443%2Fen_US%2Fweb%2Fguest%2Fhoat-dong-cua-lanh-dao-bo%3Fp_p_id%3D101_INSTANCE_TW6LTp1ZtwaN%26p_p_lifecycle%3D0%26p_p_state%3Dnormal%26p_p_mode%3Dview%26p_p_col_id%3Drow-0-column-2%26p_p_col_count%3D2,Lễ phát động hưởng ứng Tháng hành động quốc gia về An toàn ...,"... trí tuệ nhân tạo;. Ba là, tăng cường vai trò của ... đánh giá tác động môi trường lao động, khám phát ... AI xin chào. logobutton. Hỗ trợ trực tuyến.",DISCOVERED_UNSCREENED
MOH,moh.gov.vn,DQ-TOOL-02,27,https://adminmoh.moh.gov.vn/vi_VN/web/guest/hoat-dong-cua-lanh-dao-bo/-/asset_publisher/TW6LTp1ZtwaN/content/thu-truong-bo-y-te-thong-tin-ve-virus-gay-viem-phoi-tren-nguoi-hmpv-tai-trung-quoc?inheritRedirect=false&redirect=https%3A%2F%2Fadminmoh.moh.gov.vn%3A443%2Fvi_VN%2Fweb%2Fguest%2Fhoat-dong-cua-lanh-dao-bo%3Fp_p_id%3D101_INSTANCE_TW6LTp1ZtwaN%26p_p_lifecycle%3D0%26p_p_state%3Dnormal%26p_p_mode%3Dview%26p_p_col_id%3Drow-0-column-2%26p_p_col_count%3D2,Thứ trưởng Bộ Y tế thông tin về virus gây viêm phổi trên ...,... Đánh giá tác động nguồn lực đảm bảo chế độ phụ cấp đặc thù chính ... AI xin chào. logobutton. Hỗ trợ trực tuyến. full close. EMC Đã kết nối ...,DISCOVERED_UNSCREENED
MOH,moh.gov.vn,DQ-TOOL-02,28,https://vnpa.moh.gov.vn/wp-content/uploads/2025/11/8791716056352-ky-yeu-hoi-thao-2020-1.pdf,KỶ YẾU HỘI THẢO QUỐC GIA - Cục Dân số,"đánh giá tác động của các yếu tố đến hiệu quả năng suất . Tuy nhiên, các chỉ ... dữ liệu bất kỳ ai cũng có thể truy cập, sử dụng và chia sẻ. Để dữ liệu.",DISCOVERED_UNSCREENED
MOH,moh.gov.vn,DQ-TOOL-02,29,https://imda.moh.gov.vn/documents/10182/73580110/upload_00001953_1758247159896.pdf?version=1.0&fileId=73582035,TÀI LIỆU HƯỚNG DẪN SỬ DỤNG TIẾNG VIỆT,Bộ điều khiểm và CMM đã được phòng thí nghiệm được chứng nhận đánh giá tuân thủ các tiêu chuẩn tham chiếu ở trên. ... ai được di chuyển hoặc sử.,DISCOVERED_UNSCREENED
MOH,moh.gov.vn,DQ-TOOL-02,30,https://imda.moh.gov.vn/documents/10182/83486858/upload_00011093_1779440260552.pdf?version=1.0&fileId=83544121,Hướng dẫn sử dụng Hệ thống siêu âm Sonosite MT,Đánh giá tuân thủ của Vương quốc Anh. Dấu hiệu cho thấy sự tuân thủ ... AI PHT. Thời gian bán hủy áp lực của suy van động mạch chủ. Ann D.,DISCOVERED_UNSCREENED
MOH,moh.gov.vn,DQ-TOOL-02,31,https://vimda.moh.gov.vn/documents/10182/64836428/upload_00001679_1740538001699.pdf?version=1.0&fileId=64843753,Siêu âm Máy quét - Trang thiết bị y tế,• Đánh giá tuân thủ của Máy quét siêu âm Clarius HD3 đã được thực ... Clarius Bladder AI chỉ được chỉ định là một công cụ quy trình làm ...,DISCOVERED_UNSCREENED
MOH,moh.gov.vn,DQ-TOOL-02,32,https://imda.moh.gov.vn/documents/10182/82410546/upload_00004316_1777001417318.pdf?version=1.0&fileId=82422013,500 ECO,"Người vận hành là bất kỳ ai điều khiển Ghế mổ dùng trong nha khoa ... Quy trình đánh giá tuân thủ theo. Phụ lục II và III, Quy định (EU) ...",DISCOVERED_UNSCREENED
MOH,moh.gov.vn,DQ-TOOL-02,33,https://imda.moh.gov.vn/documents/10182/68396895/upload_00004791_1748231504666.pdf?version=1.0&fileId=68413723,Micro5000®,• Xét nghiệm TLCO hữu ích trong việc đánh giá tác động lên hệ hô hấp ... Hỗ trợ đánh giá tuân thủ điều trị với thuốc kháng viêm. •. Đánh ...,DISCOVERED_UNSCREENED
MOH,moh.gov.vn,DQ-TOOL-02,34,https://vimda.moh.gov.vn/documents/10182/25016802/upload_00001252_1641091628105.pdf?version=1.0&fileId=25017180,Yêu cầu pháp lý - Trang thiết bị y tế,Người sở hữu có trách nhiệm đảm bảo rằng bất cứ ai vận hành thiết bị ... dùng làm cơ sở đánh giá tuân thủ và mã kiểm soát. Biển thông ...,DISCOVERED_UNSCREENED
MOH,moh.gov.vn,DQ-TOOL-02,35,https://vimda.moh.gov.vn/documents/10182/25171545/upload_00071295_1641477976583.pdf?version=1.0&fileId=25227462,Ấn bản kỹ thuật - Chỉ dẫn 5791624-183 - Trang thiết bị y tế,"Các phím tiến trình được dùng để đánh giá tác động tăng dần của cơ ... Trước khi cho phép ai đó vận hành hệ thống, nên xác nhận rằng ...",DISCOVERED_UNSCREENED
MOH,moh.gov.vn,DQ-TOOL-02,36,https://vimda.moh.gov.vn/documents/10182/72840507/TLCM%201-22%20Key%20visual__1757317427777.pdf?version=1.0&fileId=72926502,Untitled - Trang thiết bị y tế,... đánh giá tác động của phương pháp điều trị lên động lực khuôn ... Không có ai bị đánh giá là “giảm hấp dẫn.” Cảm nhận về tuổi tác vào ...,DISCOVERED_UNSCREENED
MOH,moh.gov.vn,DQ-IMPL-04,1,https://moh.gov.vn/index.jsp?pageId=5803&aid=168581&cid=7241,"Xây dựng chuỗi cung ứng thiết bị y tế hiện đại, minh bạch","Đối với thiết bị y tế loại A và B, việc phân cấp cho các Sở Y tế ... hậu kiểm và hợp tác quốc tế trong lĩnh vực thiết bị y tế. Theo ông ...",DISCOVERED_UNSCREENED
MOH,moh.gov.vn,DQ-IMPL-04,2,https://moh.gov.vn/index.jsp?pageId=5803&aid=168050&cid=8360,"Hiện đại, đồng bộ và thông minh để nâng chất lượng chăm ...","Cùng đó, kiện toàn y tế cơ sở, thúc đẩy chuyển đổi số và ứng dụng trí tuệ nhân tạo, hướng tới xây dựng hệ thống y tế hiện đại, công bằng và hiệu ...",DISCOVERED_UNSCREENED
MOH,moh.gov.vn,DQ-IMPL-04,3,https://moh.gov.vn/index.jsp?pageId=5803&aid=153649&cid=8409,Bộ Y tế trả lời kiến nghị của cử tri tỉnh Đồng Nai gửi tới ...,"- Hằng năm, Bộ Y tế - Thường trực Ban chỉ đạo liên ngành Trung ương về an toàn thực phẩm xây dựng và ban hành kế hoạch hậu kiểm các cơ sở sản xuất, kinh doanh ...",DISCOVERED_UNSCREENED
MOH,moh.gov.vn,DQ-IMPL-04,4,https://moh.gov.vn/index.jsp?pageId=5803&aid=167428&cid=8430,Khoa học công nghệ nâng tầm chuyên môn,... đánh giá hiệu quả dự phòng tiền sản giật bằng Aspirin liều thấp dựa trên ... sở y tế trên địa bàn tỉnh. Trong giai đoạn từ tháng 11/2023 đến tháng 12 ...,DISCOVERED_UNSCREENED
MOH,moh.gov.vn,DQ-IMPL-04,5,https://moh.gov.vn/index.jsp?pageId=5803&aid=167835&cid=8430,Chuyển đổi số để quản trị rủi ro an toàn thực phẩm từ gốc,"Hệ thống này hướng tới số hóa dữ liệu trong toàn bộ vòng đời thực phẩm nhằm phục vụ truy xuất nguồn gốc, hậu kiểm, cảnh báo, xử lý vi phạm và ...",DISCOVERED_UNSCREENED
MOH,moh.gov.vn,DQ-IMPL-04,6,https://imda.moh.gov.vn/documents/10182/10030600/Duthaototrinh.15.06.2026/db844d21-f1d8-493e-914e-130b24ab9812,Trang thiết bị y tế - Bộ Y tế,"- Tiếp tục ứng dụng công nghệ thông tin, chuyển đổi số, trí tuệ nhân tạo gắn với phân cấp, phân quyền, đơn giản hóa thủ tục hành chính, cắt giảm ...",DISCOVERED_UNSCREENED
MOH,moh.gov.vn,DQ-IMPL-04,7,https://adminmoh.moh.gov.vn/web/guest/hoat-dong-cua-lanh-dao-bo/-/asset_publisher/TW6LTp1ZtwaN/content/thu-truong-thuong-truc-bo-y-te-vu-manh-ha-lam-viec-voi-benh-vien-cham-cuu-trung-uong-ve-thuc-hien-nhiem-vu-2-thang-cuoi-nam-2025-va-nam-2026?inheritRedirect=false&redirect=https%3A%2F%2Fadminmoh.moh.gov.vn%3A443%2Fweb%2Fguest%2Fhoat-dong-cua-lanh-dao-bo%3Fp_p_id%3D101_INSTANCE_TW6LTp1ZtwaN%26p_p_lifecycle%3D0%26p_p_state%3Dnormal%26p_p_mode%3Dview%26p_p_col_id%3Drow-0-column-2%26p_p_col_count%3D2,Thứ trưởng Thường trực Bộ Y tế Vũ Mạnh Hà làm việc với Bệnh ...,"... hậu cần nâng cấp và mua mới theo hướng đồng bộ để ... trí tuệ nhân tạo trong khám, điều trị bệnh ... Sở Y tế tỉnh Quảng Ngãi yêu cầu điều tra, xử lý ...",DISCOVERED_UNSCREENED
MOH,moh.gov.vn,DQ-IMPL-04,8,https://imda.moh.gov.vn/,Trang thiết bị y tế: Trang chủ,"Trang chủ - Trang thiết bị y tế [Truy cập nội dung luôn](https://imda.moh.gov.vn/#main-content)

THÔNG BÁO

Kính gửi Quý người dân và Quý doanh nghiệp,

Cục Hạ tầng và Thiết bị y tế xin trân trọng thông báo:

**Tên miền hiện tại:** [[https://imda.moh.gov.vn](https://imda.moh.gov.vn)](https://imda.moh.gov.vn/)

**Tên miền mới:** [[https://vimda.moh.gov.vn](https://vimda.moh.gov.vn)](https://vimda.moh.gov.vn/)

Tên miền cũ [[https://imda.moh.gov.vn](https://imda.moh.gov.vn)](https://imda.moh.gov.vn/) sẽ tiếp tục hoạt động song song cho đến hết ngày 30/9/2026 để đảm bảo Quý người dân và Quý doanh nghiệp có đủ thời gian chuyển đổi và làm quen với tên miền mới.

Chúng tôi khuyến nghị Quý người dân và Quý doanh nghiệp sử dụng tên miền mới [[https://vimda.moh.gov.vn](https://vimda.moh.gov.vn)](https://vimda.moh.gov.vn/) từ ngày 01/4/2026 để tiếp tục truy cập và sử dụng các dịch vụ công trực tuyến về quản lý thiết bị y tế.

Mọi thắc mắc, xin vui lòng liên hệ với Cục Hạ tầng và Thiết bị y tế để được hỗ trợ.

Xin trân trọng cảm ơn!

Cục Hạ tầng và Thiết bị y tế

Bộ Y tế

#### [Văn bản pháp quy](https://imda.moh.gov.vn/web/guest/van-ban-phap-quy)
****#### [Văn bản chỉ đạo điều hành](https://imda.moh.gov.vn/web/guest/van-ban-chi-ao-ieu-hanh)****

****[**Công văn số 4438/BYT-HTTB ngày 16/6/2026 của Bộ Y tế gửi Sở Y tế các tỉnh, thành phố** về việc tăng cường công tác kiểm tra, hậu kiểm thực hiện các thủ tục hành chính thuộc lĩnh vực thiết bị y tế.](https://imda.moh.gov.vn/documents//10182/10030597/Cong+van+4438.pdf/6956dd53-775d-4911-a265-8d631523f638)** - **[**Quyết định số 3830/QĐ-BYT ngày 11 tháng 12 năm 2025.** Quyết định về việc ban hành quy trình nội bộ, quy trình điện tử giải quyết thủ tục hành chính lĩnh vực thiết bị y tế thuộc thẩm quyền giải quyết của Bộ Y tế.](https://imda.moh.gov.vn/documents/10182/0/QD3830.11.12.2025/6099e16d-ac4a-4c62-a0a0-311b645c75a3)**** **- [**Các Quyết định cấp số lưu hành TBYT**](https://imda.moh.gov.vn/web/guest/quyet-dinh-dklh-ttbyt)** **- [**Văn bản số 4170/BYT-HTTB ngày 04/7/2023 của Bộ Y tế** về việc kiểm định trang thiết bị y tế](https://imda.moh.gov.vn/documents/10182/10030597/VB4170-BYT-HTTB-2023.07.04/29236671-9083-4ab8-bc3f-129f899af506)** **- [**Các số lưu hành trang thiết bị y tế theo thông tư 13/2021/TT-BYT**](https://imda.moh.gov.vn/web/guest/cac-so-luu-hanh-ttbyt-theo-thong-tu-13)** **- [**Quyết định số 5652/QĐ-BYT ngày 10/12/2021** V/v công bố thủ tục hành chính lĩnh vực trang thiết bị y tế.](https://imda.moh.gov.vn/documents/10182/0/Quy%E1%BA%BFt+%C4%91%E1%BB%8Bnh+s%E1%BB%91+5652+Q%C4%90+BYT+C%C3%B4ng+b%E1%BB%91+TTHC+l%C4%A9nh+v%E1%BB%B1c+TTBYT.pdf/05d8fc66-8a40-4e44-941d-41a80f49247a)** **- [**Quyết định số 2992/QĐ-BKHCN ngày 22/11/2021** V/v công bố Tiêu chuẩn quốc gia.](https://imda.moh.gov.vn/documents/10182/0/QD+2992_QD-BKHCN+ngay+22.11.2021+ve+viec+ban+hanh+TCVN+PPE.pdf/088666c7-964c-4da7-8b12-82c1cbd3abaf)** **- [**Quyết định số 5275/QĐ-BYT ngày 12/11/2021** V/v hướng dẫn tạm thời về việc chuyển đổi các chai chứa khí Nitơ, Argon, Oxy công nghiệp, Không khí nén sang chứa khí Oxy y tế phòng, chống dịch COVID-19](https://imda.moh.gov.vn/documents/10182/0/Quyet+dinh+tam+thoi+ve+chuyen+doi+sang+chai+chua+khi+oxy+y+te_final.signed.pdf/31eb880b-1e0e-49a8-aba5-9e36094af4f3)** **- [**Công văn số 7033/BYT-TB-CT ngày 25/08/2021** V/v rà soát năng lực và đôn đốc tăng cường sản xuất, cung ứng Oxy y tế phục vụ phòng, chống dịch COVID-19](https://imda.moh.gov.vn/documents/10182/0/CV+gui+cac+don+vi+san+xuat-cung+ung+bao+cao+nang+luc_25.8.2021.signed.pdf/e2ce85d9-92d4-4b9d-992b-fd0ec7cde60c)** **- [**Công văn số 6619/BYT-TB-CT ngày 13/08/2021** V/v đôn đốc công tác sản xuất, cung ứng trang thiết bị bảo hộ cá nhân - PPE và phối hợp cung cấp thông tin phòng chống dịch COVID-19.](https://imda.moh.gov.vn/documents/10182/0/12.8.2021+CV+gui+dvi+DN%2C+SX+cung+ung+COVID-19+-+PPE.signed.pdf/e870564b-366e-4eae-9c54-25081e1a549b)** **- [**Công văn số 6547/BYT-TB-CT ngày 11/08/2021** V/v đảm bảo sản xuất, kinh doanh và rà soát công khai giá trang thiết bị y tế trong điều kiện phòng chống dịch COVID-19](https://imda.moh.gov.vn/documents/10182/0/Vu%CC%A3+TTB%26CTYT+6547_11.8.2021_Don+doc+DN+SX+NK+KD+TTBYT+cong+khai+gia.signed.pdf/99278ac6-5187-4776-9ff8-003e874d7258)** **- [**Tăng cường sản xuất, cung ứng và đầu tư, cải tạo mở rộng hệ thống Oxy khí y tế đáp ứng nhu cầu điều trị Covid-19.**](https://imda.moh.gov.vn/documents/10182/0/Ngmtuan_%C4%90a%CC%89m+ba%CC%89o+O2+y+te%CC%82%CC%81+phu%CC%A3c+vu%CC%A3+%C4%91ie%CC%82%CC%80u+tri%CC%A3+Covid-19+tre%CC%82n+ca%CC%89+nu%CC%9Bo%CC%9B%CC%81c_02.8.2021.pdf/f1d3c815-4b67-4756-a04b-525eda615b13)** **- [**Công văn số 5821/BYT-TB-CT ngày 20/7/2021** V/v rà soát, có phương án đảm bảo nguồn cung ứng và sử dụng Oxy y tế cho công tác phòng chống dịch bệnh Covid-19.](https://imda.moh.gov.vn/documents/13510/0/BYT_CV+gui+cac+SYT+va+BV+truc+thuoc+Covid-19+chuan+bi+phuong+an+dam+bao+Oxy+_final.signed.pdf/d70bfe09-cd8b-4cf8-b136-465ea2dbc8e1)** **- [**Công văn số 5820/BYT-TB-CT ngày 20/7/2021** V/v đôn đốc tăng cường sản xuất, cung ứng Oxy y tế phục vụ phòng chống dịch Covid-19.](https://imda.moh.gov.vn/documents/13510/0/20.7.2021+CV+gui+dvi+DN%2C+SX+cung+ung+Oxy.signed.pdf/783a5b34-54db-4034-a410-10c7947d5c34)** **- [**Công văn số 5753/BYT-MT ngày 19/7/2021** V/v xét nghiệm và tạo điều kiện thuận lợi cho người vận chuyển hàng hóa.](https://imda.moh.gov.vn/documents/10182/0/FILE_20210719_095142_CV+BYT+tra+loi+Bo+GTVT+Bo+CT_HEMA+Edited_2021.7.19.9h15.signed.pdf/846f76b6-80ca-4f73-a38f-252d7ab548f0)** **- [**Công văn số 5776/BYT-TB-CT ngày 20/7/2021** V/v tăng cường đảm bảo công tác sản xuất, cung ứng PPE và phối hợp cung cấp thông tin phục vụ phòng chống dịch COVID-19.](https://imda.moh.gov.vn/documents/10182/0/15.7.2021+CV+gui+dvi+DN%2C+SX+cung+ung+COVID-19+-+PPE.signed.pdf/2aa6e537-d76c-4968-af86-496c2b485d9a)** **- [**Công văn số 5650/BYT-TB-CT ngày 15/7/2021** V/v nhập khẩu sinh phẩm chẩn đoán/trang thiết bị y tế chẩn đoán invitro xét nghiệm kháng nguyên SAR-CoV-2 phục vụ phòng chống dịch Covid-19.](https://imda.moh.gov.vn/documents/10182/0/CV+gui+Cty+huong+dan+viec+nhap+khau+test+khang+nguyen+SARS-Cov-2+12.7.21.signed.pdf/c4f44b18-50af-4ba0-89a1-b5a88b020e01)** **- [**Công văn số 5646/BYT-TB-CT ngày 15/7/2021** V/v cung cấp thông tin phục vụ phòng chống dịch COVID-19.](https://imda.moh.gov.vn/documents/10182/0/CV+5646+BYT-TB-CT+15.7.21+Cung+c%E1%BA%A5p+th%C3%B4ng+tin+ph%E1%BB%A5c+v%E1%BB%A5+ph%C3%B2ng+ch%E1%BB%91ng+d%E1%BB%8Bch+COVID-19.rar/56311906-4d3c-49cd-bfc4-201e5bfc1426)** **- [**Công văn số 5486/BYT-TB-CT ngày 09/7/2021** V/v báo cáo chất lượng, hiệu quả sử dụng trang thiết bị y tế/sinh phẩm chẩn đoán in vitro xét nghiệm SARS-CoV-2](https://imda.moh.gov.vn/documents/10195/0/Cong+van+gui+co+so+dang+ky%2C+nhap+khau%2C+co+so+xet+nghiem+ve+viec+bao+cao+chat+luong+TTBYT+xet+nghiem+vi+rut+SARS-CoV-2+09.7.2021.signed.pdf/ab488d34-1e25-4b12-a2d2-198716348902)** **- [**Công văn số 5414/BYT-TB-CT** V/v đăng ký, nhập khẩu sinh phẩm chẩn đoán/trang thiết bị y tế chẩn đoán invitro xét nghiệm vi rút SARS-CoV-2 phục vụ phòng chống dịch Covid-19.](https://imda.moh.gov.vn/documents/10182/0/CV+s+a+1592+30.6.2021+ban+trinh.signed.pdf/ab23df8b-3f51-4e70-8508-005c2877c6cb)** **- [**Quyết định số 3336/QĐ-BYT** V/v ban hành danh sách các đơn vị đánh giá chất lượng sinh phẩm chẩn đoán/trang thiết bị y tế chẩn đoán invitro xét nghiệm vi rút SARS-CoV-2.](https://imda.moh.gov.vn/documents/10182/0/QD+ban+hanh+co+quan+kiem+tra+chat+luong+TTBYT+xet+nghiem+SARS-CoV-2+30.6.21.signed.pdf/aa6a84c9-19fc-4101-990a-8444ebe87e42)** **- [**Công văn số 2572/BYT-TB-CT** ngày 08/4/2021 V/v bổ sung, hoàn thiện các hồ sơ đăng ký lưu hành trang thiết bị y tế](https://imda.moh.gov.vn/documents/10182/0/Cong+van+gui+Co+so+dang+ky+luu+hanh+TTBYT+san+xuat+trong+nuoc%2C+san+pham+khu+khuan+TTBYT+ngay+08.4.2021.pdf/a1e19846-50ac-4bc4-a0cc-01c14e2e1997)** **- [**Công văn số 2547/BYT-TB-CT** ngày 07/4/2021 V/v rà soát, kiểm tra các cơ sở sản xuất, kinh doanh găng tay y tế, vật tư y tế phòng, chống dịch Covid-19 trên địa bàn](https://imda.moh.gov.vn/documents/10182/0/CV+gui+SYT_Kiem+tra+don+vi+san+xuat+Gang+tay_07.4.2021.signed.pdf/71efec52-3fdc-4d3b-82d7-d406d86562fe)** **- [**Công văn số 939/BYT-TB-CT** ngày 09/02/2021 V/v hướng dẫn đăng ký lưu hành trang thiết bị y tế sản xuất trong nước và sản phẩm chỉ có 01 mục đích là khử khuẩn trang thiết bị y tế](https://imda.moh.gov.vn/documents/10182/10030597/Cong+van+gui+Co+so+DKLH+SXTN-KK.signed.pdf/dc50feb6-043e-4ca0-ba9c-d5bbc9589463)** **- [**Công văn số 207/BYT-KH-TC ngày 12/01/2021** V/v báo cáo việc phân phối, kinh doanh, mua bán, ký kết hợp đồng liên doanh, liên kết của Hệ thống chụp cắt lớp vi tính 128 lát cắt](https://imda.moh.gov.vn/documents/10182/10030597/12Jan2021+Cong+van+207+gui+Doanh+nghiep+bao+cao+gia+cua+01+He+thong+CT128+lat.signed.pdf/2dfa8860-c5d2-4194-a8d4-7240344c2982).** **- [**Công văn số 7395/BYT-TB-CT ngày 31/12/2020** V/v hướng dẫn chuẩn bị và nộp hồ sơ đăng ký lưu hành trang thiết bị y tế](https://imda.moh.gov.vn/documents/10182/10030597/Cong+van+gui+Don+vi++dang+ky+luu+hanh+31.12.2020.signed.pdf/74a0b3bc-c8fc-433c-ba27-a379b5ca9934).** **- [**Công văn số 6355/BYT-TB-CT ngày 18/11/2020** V/v hướng thay đổi, bổ sung hồ sơ đăng ký  Sinh phẩm chẩn đoán in vitro](https://imda.moh.gov.vn/documents/10182/10030597/CV+huong+dan+CT+ve+cac+thay+doi%2C+bo+sung+thanh+phan+ho+so+cua+SPC%C4%90+in+vitro+da+dc+BYT+cap+so+luu+hanh.pdf/9f0815eb-ee2f-4ea4-bb0a-43fb7019a386).** **- [**Công văn số 5888/BYT-TB-CT ngày 29/10/2020** V/v hướng dẫn triển khai đấu thầu trang thiết bị y tế theo Thông tư số 14/2020/TT-BYT](https://imda.moh.gov.vn/documents/10182/10030597/cvb-2020-5888-1.pdf/8288f409-903f-453a-ad56-73bed3db2b99).** **- [**Công văn số 5581/BYT-TB-CT ngày 14/10/2020** V/v thực hiện Công khai giá trang thiết bị y tế](https://imda.moh.gov.vn/documents/10182/10030597/CV+5581+v%E1%BB%81+vi%E1%BB%87c+th%E1%BB%B1c+hi%E1%BB%87n+c%C3%B4ng+khai+gi%C3%A1+TTBYT.pdf/47b3f0f8-4d29-475d-ba73-6d95383155b6).** **- [**Công văn số 5159/BYT-TB-CT ngày 28/09/2020** V/v Công khai giá Trang thiết bị y tế](https://imda.moh.gov.vn/documents/10182/10030597/2020+CV+gui+doanh+nghiep+de+nghi+phoi+hop+dk+tai+khoan+cong+khai+gia+-+Vu+TTB.signed.pdf/5ef56bac-5501-4e82-af48-92cc8f747d1e).** **- [**Công văn số 4428/BYT-PC ngày 20/08/2020** V/v cung cấp thông tin và đề xuất liên quan văn bản QPPL trong lĩnh vực y tế nhằm ứng phó và giảm thiểu tác động của dịch bệnh Covid 19](https://imda.moh.gov.vn/documents/10182/10030597/CV+4428+Cung+cap+thong+tin+Hoi+nghi+ho+tro+phap+ly.pdf/d60e96ae-db8d-4249-8703-5ab2f5965689).** **- [**Công văn số 4026/BYT-TB-CT ngày 28/07/2020** V/v tăng cường thanh kiểm tra xử lý vi phạm trên địa bàn](https://imda.moh.gov.vn/documents/10182/10030597/4026-BYT-TB-CT.pdf/7dc1b365-48e7-4c0d-9352-f133ebc566d0).** **- [**Công văn 3013/BYT-TB-CT**  Về việc thực hiện cấp số đăng ký lưu hành đối với trang thiết bị y tế trong nước.](https://imda.moh.gov.vn/documents/10182/10030597/3013_BYT-TB-CT_01062020_1-signed.pdf/d5627308-1de3-42ea-8828-40310b57b03c)** **- [**Công văn 2560/BYT-TB-CT**  Về việc danh sách các sinh phẩm/trang thiết bị y tế chẩn đoán in vitro xét nghiệm vi rút Corona (SARS-CoV-2) đã được cấp số đăng ký, cấp giấy phép nhập khẩu.](https://imda.moh.gov.vn/documents/10182/10030597/2560_BYT-TB-CT_11052020.pdf/936b7b1a-d320-4985-9e0a-06ade75f97c3)** **- [**Công văn 2507/BYT-TB-CT**  Về việc triển khai Nghị quyết 60/NQ-CP về công khai danh sách, năng lực sản xuất của các doanh nghiệp và đảm bảo chất lượng khẩu trang y tế.](https://imda.moh.gov.vn/documents/10182/0/CV+2507+BYT+TB+CT.pdf/b377b5e3-885e-41ce-bd24-fe6e0670c335)** **- [**Công văn 1777/BYT-TB-CT**  Về việc cung cấp nguyên vật liệu để sản xuất khẩu trang y tế](https://imda.moh.gov.vn/documents/10182/10030597/CV+1777-2020+Cung+c%E1%BA%A5p+nguy%C3%AAn+li%E1%BB%87u+s%E1%BA%A3n+xu%E1%BA%A5t+kh%E1%BA%A9u+trang+y+t%E1%BA%BF.pdf/9839953c-3986-4c3b-9a63-bf9085d49cb5)** **- [**Quyết định số 1353/QĐ-BYT**  Về việc ban hành danh mục các đơn vị kiểm định/kiểm tra chất lượng sinh phẩm chẩn đoán/TTBYT chẩn đoán vi rút Corona (SARS-CoV-2)](https://imda.moh.gov.vn/documents/10182/10030597/QD1353/122c4618-d91a-41f7-a007-ea98e2063488)** **- [**Công văn số 1352/BYT-TB-CT**  Về việc cung cấp báo giá khẩu trang y tế cho dự phòng Quốc Gia.](https://imda.moh.gov.vn/documents/10182/10030597/CV+1352+BYT+TB+CT+ngay+18.03.2020.pdf/0a8828e0-2972-4ef4-9646-c69a36082d39)** **- [**Quyết định số 774/QĐ-BYT**  Về việc ban hành danh mục 02 sinh phẩm chẩn đoán invitro xét nghiệm virut Corona ( SARS-CoV-2) được cấp số đăng ký.](https://imda.moh.gov.vn/documents/10182/10030597/QD+774_2020-03-04+19.06.17.pdf/04e014dc-e377-4074-8c3b-1b011f3980bf)** **- [**Công văn số 747/BYT-TB-CT**  Về việc kiểm tra hồ sơ công bố đối với sản phẩm, chế phẩm diệt khuẩn tay không dùng nước](https://imda.moh.gov.vn/documents/10182/10030597/CV747/9b147ee6-df05-4b06-8402-6f564ec84dba).** **- [**Công văn số 108/XNK-CN**  Về việc đầu mối doanh nghiệp cung cấp nguyên liệu khẩu trang và một số TTBYT](https://imda.moh.gov.vn/documents/10182/10030597/1581086317483676.pdf/8dd7dae3-7276-4ab0-8af7-0520ab54a3a7).** **- [**Quyết định số 155/QĐ-BTC**  Về việc ban hành danh mục các mặt hàng được miễn thuế nhập khẩu](https://imda.moh.gov.vn/documents/10182/10030597/QD+155+BTC_07.02.2020.pdf/2e99dd2c-6fcf-4dba-8819-e51d1ddcbf2a).** **- [**Công văn số 797/VPCP-KGVX**  Về việc đảm bảo trang thiết bị, vật tư y tế cho phòng, chống dịch nCoV](https://imda.moh.gov.vn/documents/10182/10030597/bn-2020-587.pdf/7d19505f-9867-44af-b7df-36c8aefe618f).** **- [**Công văn số 403**  Về danh sách các công ty sản xuất khẩu trang y tế, trang phục phòng, chống dịch 2019-nCoV](https://imda.moh.gov.vn/documents/10182/10030597/Congvan403_new/8aa97ca4-6271-4af7-bff0-269d5b28e3e7).** **- [**Công văn số 390**  Về việc đảm bảo cung cấp đủ vật tư, trang thiết bị cho phòng, chống dịch bệnh nCoV](https://imda.moh.gov.vn/documents/10182/10030597/CV-390-2020/4108d1e5-d747-462f-99ab-3d8d2dd1f4c5).** **- [**Công văn số 387**  Về việc đảm bảo cung cấp đủ TTBYT cho phòng chống dịch bệnh nCoV](https://imda.moh.gov.vn/documents/10182/10030597/CV-387-BYT-Hoatoc/b2a5b7bd-6afa-4cd3-b5a4-59e6a426410a).** **- [**Công văn số 82**  Về việc triển khai nghị định 03/2020/NĐ-CP ngày 01/01/2020 của Chính phủ.](https://imda.moh.gov.vn/documents/10182/10030597/Congvanguidonvithongbaonghidinh032020/01783db0-b406-4a39-9ea6-0a4b7c830944)** **- **[**Công văn số 3664:** V/v thực hiện cấp đăng ký lưu hành đối với trang thiết bị y tế loại B, C, D](https://imda.moh.gov.vn/documents/10182/0/Congvan3664-DKLH/4363d67d-3712-4332-aa1e-3e5ae5fefa55)**** **- **[**Nghị quyết số 131/NQ-CP ngày 16/12/2017 của Chính phủ:** Nghị quyết phiên họp Chính phủ thường kỳ tháng 11 năm 2017.](https://imda.moh.gov.vn/documents/10182/10030597/NQ+131-2017+c%E1%BB%A7a+Ch%C3%ADnh+ph%E1%BB%A7.pdf/f261db2f-b4ff-4f8f-bde1-bb48bd0db70f)**** **- **[**Quyết định số 745/QĐ-BYT ngày 28/02/2019 của Bộ Y tế:** Về việc công bố thủ tục hành chính mới được ban hành/ được sửa đổi, bổ sung hoặc thay thế/ bị bãi bỏ lĩnh vực TTBYT thuộc phạm vi quản lý của Bộ Y tế.](https://imda.moh.gov.vn/documents/10182/10030597/Q%C4%90+745-2019+C%C3%B4ng+b%E1%BB%91+TTHC+B%E1%BB%99+Y+t%E1%BA%BF.pdf/49679dd0-e91d-493c-a4b7-13d9e59e7ec6)**** **- **[**Công văn số 14/BYT-TB-CT ngày 02/01/2019:** Gửi Tổng cục Hải quan về việc triển khai Nghị định số 169/2018/NĐ-CP ngày 31/12/2018 của Chính Phủ.](https://imda.moh.gov.vn/documents/10182/10030597/CV+14-2019+g%E1%BB%ADi+HQ+v%E1%BB%81+vi%E1%BB%87c+tri%E1%BB%83n+khai+N%C4%90+169.2018.pdf/f475d523-f6d4-4674-8a6f-8f0a0816331c)**** **- **[**Công văn số 15/BYT-TB-CT ngày 02/01/2019:** Gửi các doanh nghiệp về việc triển khai Nghị định số 169/2018/NĐ-CP ngày 31/12/2018 của Chính Phủ.](https://imda.moh.gov.vn/documents/10182/10030597/CV+15-2019+g%E1%BB%ADi+c%C3%A1c+DN+v%E1%BB%81+vi%E1%BB%87c+tri%E1%BB%83n+khai+N%C4%90+169.2018.pdf/d3e15a64-9dac-48cf-8585-89469ca031f7)**** **- **[**Quy trình Tiếp nhận, xử lý, thẩm định và xét duyệt hồ sơ cấp số đăng ký lưu hành trang thiết bị y tế:**](https://imda.moh.gov.vn/documents/10182/10030597/15.+Quy+trinh+ISO+cap+so+DKLH+TTBYT+theo+ND36.pdf/be106a00-cedb-481c-834f-664f2c59359b)**** **- **[**Quy trình Cấp giấy phép nhập khẩu Trang thiết bị y tế (Theo NĐ 36)**](https://imda.moh.gov.vn/documents/10182/10030597/07.+Quy+trinh+ISO+cap+giay+phep+nhap+khau+TTBYT+theo+ND36.pdf/4e8b1bf0-944d-4c2c-aa72-736e110dada9)**** **- **[**Công văn số 5897/BYT-TB-CT ngày 04/10/2018:** Gửi UBND các tỉnh, thành phố về việc tăng cường hậu kiểm, hướng dẫn đối với các cơ sở sản xuất, kinh doanh TTBYT trên địa bàn.](https://imda.moh.gov.vn/documents/10182/10030597/CV+5897-2018+g%E1%BB%ADi+UBND+t%C4%83ng+c%C6%B0%E1%BB%9Dng+h%E1%BA%ADu+ki%E1%BB%83m+SX+TTBYT.pdf/0d66c017-1f64-4dc5-ba07-0380aaebe032)**** **- **[**Công văn số 7371/BYT-TB-CT ngày 25/12/2017:** Gửi Tổng cục Hải quan về việc thực hiện nội dung Nghị Quyết số 131/NQ-CP ngày 06/12/2017 của Chính phủ.](https://imda.moh.gov.vn/documents/10182/10030597/CV+7371-2017+g%E1%BB%ADi+HQ+th%E1%BB%B1c+hi%E1%BB%87n+NQ+131+c%E1%BB%A7a+CP.pdf/d229cb8c-ebea-4625-8acd-2074a1e0a558)**** **- **[**Công văn số 7165/BYT-TB-CT ngày 14/12/2017:** Gửi các doanh nghiệp về việc thực hiện nội dung Nghị Quyết số 131/NQ-CP ngày 06/12/2017 của Chính phủ.](https://imda.moh.gov.vn/documents/10182/10030597/CV+7165-2017+g%E1%BB%ADi+DN+th%E1%BB%B1c+hi%E1%BB%87n+NQ+131+c%E1%BB%A7a+CP.pdf/603def2c-28a5-4f5e-a7e3-829132d16674)**** **- **[**Công văn số 5278/BYT-TB-CT ngày 19/09/2017:** Gửi các doanh nghiệp về việc thực hiện đăng ký lưu hành trang thiết bị y tế thuộc loại B, C, D theo nghị định số 36/2016/NĐ-CP của Chính phủ.](https://imda.moh.gov.vn/documents/10182/10030597/CV+5278-2017+g%E1%BB%ADi+DN+th%E1%BB%B1c+hi%E1%BB%87n+N%C4%90+36.2016.pdf/8d8df02d-bd86-4337-9624-5f05c2452779)**** **- **[**Quyết định số 4554/QĐ-BYT ngày 22/08/2016 của Bộ Y tế:** Về việc công bố thủ tục hành chính được ban hành tại Nghị định số 36/2016/NĐ-CP ngày 15/5/2016 của Chính phủ về quản lý TTBYT.](https://imda.moh.gov.vn/documents/10182/10030597/Q%C4%90+4554-2016+C%C3%B4ng+b%E1%BB%91+TTHC+th%E1%BB%B1c+hi%E1%BB%87n+N%C4%90+36.2016.pdf/52a5647f-dda9-471f-9268-3b312a6b83a0)****

**- **[Đường link tham dự trực tuyến Hội nghị Đối thoại doanh nghiệp thiết bị y tế năm 2026](https://us06web.zoom.us/j/87029335281?pwd=eibiQ0mviuD57I7aP2gkOVWsfpEdJK.1)****

****- Thời gian bắt đầu:** 08h00, Thứ Hai, ngày 13 tháng 7 năm 2026.**

**+ [https://us06web.zoom.us/j/87029335281?pwd=eibiQ0mviuD57I7aP2gkOVWsfpEdJK.1](https://us06web.zoom.us/j/87029335281?pwd=eibiQ0mviuD57I7aP2gkOVWsfpEdJK.1)**

**+ Mật mã: 720389**

**Đề nghị đại biểu ghi đầy đủ tên Cơ quan, Đơn vị khi tham gia Hội nghị.**

**- **[**Công văn số 5003/BYT-HTTB** ngày 06/07/2026 V/v xin ý kiến góp ý Hồ sơ xây dựng Đề án quản lý chuỗi cung ứng thiết bị y tế](https://imda.moh.gov.vn/documents/10182/10030600/CV5003.BYT.HTTB/0c429293-e734-4837-8c34-3688c349737d)****

****_Kèm theo:_ [QUYẾT ĐỊNH Phê duyệt Đề án “Quản lý chuỗi cung ứng thiết bị y tế giai đoạn 2026 - 2030, định hướng đến năm 2035”](https://imda.moh.gov.vn/documents/10182/10030600/QD.pheduyetdean.5003/c54d6632-5bc7-4854-a70c-2d3f7014486b)****

**_Kèm theo:_ [TỜ TRÌNH Về việc phê duyệt Đề án “Quản lý chuỗi cung ứng thiết bị y tế giai đoạn 2026 - 2030, định hướng đến năm 2035”**  
**""](https://imda.moh.gov.vn/documents/10182/10030600/Totrinh.dean.5003/1f4050bc-63e6-4f70-8761-37474075fb26)**

**_Kèm theo:_ [ĐỀ ÁN QUẢN LÝ CHUỖI CUNG ỨNG THIẾT BỊ Y TẾ GIAI ĐOẠN 2026 – 2030, ĐỊNH HƯỚNG ĐẾN NĂM 2035""](https://imda.moh.gov.vn/documents/10182/10030600/Du-thao-de-an-Chuoicungung6.7/ce8ed5a1-2e47-409c-9bdf-e82ada3e1a3b)**

**- **[**Công văn số 4552/BYT-HTTB** ngày 19/06/2026 V/v xin kiến ý dự thảo Thông tư quy định về xác định mức độ rủi ro, biện****  
****pháp quản lý đối với sản phẩm, hàng hóa là thiết bị y tế và tạm ngưng hiệu lực về danh mục thiết bị y tế phải kiểm định an toàn và tính năng kỹ thuật thiết bị y tế](https://imda.moh.gov.vn/documents/10182/10030600/CV4552.BYT.HTTB/07f97252-ee5c-4918-b3b0-fad9ada1c1ea)****

****_Kèm theo:_ [THÔNG TƯ Quy định về xác định mức độ rủi ro, biện pháp quản lý đối với sản phẩm, hàng hóa là thiết bị y tế và tạm ngưng hiệu lực về danh mục thiết bị y tế phải kiểm định an toàn và tính năng kỹ thuật thiết bị y tế](https://imda.moh.gov.vn/documents/10182/10030600/Thongtu.4552/e4306540-20df-4665-afe0-23cf8f4749d8)****

**_Kèm theo:_ [TỜ TRÌNH Về việc ban hành Thông tư quy định về xác định mức độ rủi ro, biện pháp quản lý đối với sản phẩm, hàng hóa là thiết bị y tế và tạm ngưng hiệu lực về danh mục thiết bị y tế phải kiểm định an toàn và tính năng kỹ thuật thiết bị y tế**  
**""](https://imda.moh.gov.vn/documents/10182/10030600/Totrinh.4552/3aae40b9-a582-4f9c-bf50-335410876c9e)**

****_Kèm theo:_ [Dự thảo Đề án ""Quản lý chuỗi cung ứng thiết bị y tế giai đoạn 2026-2030, định hướng đến năm 2035""](https://imda.moh.gov.vn/documents/10182/84707090/Du_thao_de_an_CV4474.pdf/c6c2287b-0cea-4f6b-86b5-e2d61b8e5179)****

**_Kèm theo:_ [QUYẾT ĐỊNH Phê duyệt Đề án “Quản lý chuỗi cung ứng thiết bị y tế giai đoạn 2026 - 2030, định hướng đến năm 2035”""](https://imda.moh.gov.vn/documents/10182/10030600/Duthaoquyetdinh15.06.2026/6eb7602d-d855-489e-81ef-e663fabd5d4a)**

**_Kèm theo:_ [TỜ TRÌNH Về việc phê duyệt Đề án “Quản lý chuỗi cung ứng thiết bị y tế giai đoạn 2026 - 2030, định hướng đến năm 2035”](https://imda.moh.gov.vn/documents/10182/10030600/Duthaototrinh.15.06.2026/db844d21-f1d8-493e-914e-130b24ab9812)** **- [**Công văn số 720/HTTB-CLSD ngày 14/05/2026** **V/v lưu ý cách đặt mật khẩu phức tạp để đăng nhập hệ thống VIMDA nhằm hạn chế nguy cơ lộ lọt tài khoản**](https://imda.moh.gov.vn/documents/10182/10030600/CV720/b1321227-6f9c-4c1a-a7c6-d4b25a9d0484)** **- [**Công văn số 623/HTTB-CLSD ngày 29/04/2026** **V/v thông báo rà soát, khắc phục lỗ hổng bảo mật hệ thống dịch vụ công trực tuyển Quản lý thiết bị y tế**](https://imda.moh.gov.vn/documents/10182/0/CV623/0a9f63fd-34f5-40e3-9545-6ef2ff3b631f)** **- [**Công văn số 579/TB-HTTB ngày 22/04/2026** **THÔNG BÁO Thực hiện nộp phí đúng quy định tại Thông tư số 64/2025/TT-BTC ngày 30/6/2025 của Bộ Tài chính về quy định mức thu, miễn một số khoản phí, lệ phí nhằm hỗ trợ cho doanh nghiệp, người dân.**](https://imda.moh.gov.vn/documents/10182/10030600/CV579.Phihs/fa362143-91a1-455b-809a-e1554fc5c1f6)**

****[**Công văn số 984/HTTB-ĐKKD** ngày 09/09/2025 V/v danh mục tên thiết bị y tế loại C, D đã cấp số lưu hành](https://imda.moh.gov.vn/documents/10182/10030600/CV984.TBYTdacapdklh/3f7e3c44-37d9-4c5c-a816-594af971ab6f)**** ****[**Công văn số 992/TB-HTTB** ngày 09/09/2025 Thông báo về việc mời tham gia lập Báo cáo kinh tế - kỹ thuật](https://imda.moh.gov.vn/documents/10182/10030600/Thu-moi-992/ab91e0ee-a0c3-492a-acd7-b633e1517f83?version=1.1)**** ****[**Công văn số 991/TB-HTTB** ngày 09/09/2025 Thông báo về việc mời tham gia thẩm tra Báo cáo kinh tế - kỹ thuật](https://imda.moh.gov.vn/documents/10182/10030600/Thu-moi-991/a9842725-5e01-4193-80c6-4dc192b641d5?version=1.0)**** ****[**Công văn số 886/HTTB-ĐKKD** ngày 19/08/2025 V/v mời gửi báo giá dịch vụ tư vấn lập E-HSMT, đánh giá E-HSDT; Tư vấn thẩm định E-HSMT, thẩm định KQLCNT](https://imda.moh.gov.vn/documents/10182/10030600/CV886-Taphuan-phan-loai-tbyt-HN-H/ed64b436-c018-4d31-a8a9-698d311265a8)**** ****[**Công văn số 5469/BYT-HTTB** ngày 18/08/2025 V/v Hướng dẫn doanh nghiệp thực hiện khi thay đổi địa giới hành chính](https://imda.moh.gov.vn/documents/10182/10030600/CV.BYT-Huong-dan-DN-cap-nhat-dia-gioi-hanh-chinh/e2165939-a858-405c-b9b1-3b7bdfe0c343)**** ****[**Công văn số 863/HTTB-ĐKKD** ngày 13/08/2025 V/v mời gửi báo giá dịch vụ cho thuê hội trường, tổ chức Hội Nghị tập huấn phân loại thiết bị y tế tại thành phố Huế và thành phố Hà Nội](https://imda.moh.gov.vn/documents/10182/10030600/cong-van-bao-gia/924fbf05-a83a-42a8-a301-edf39e388798)**** ****[**Giấy mời số 539/GM-BYT** **ngày 29/7/2025 GIẤY MỜI tham gia Hội nghị Đối thoại doanh nghiệp thiết bị y tế năm 2025**](https://imda.moh.gov.vn/documents/10182/10030600/GM_539/8efda2ef-9f61-4080-bb15-0a3455b2d86e)**** ****[**Công văn số 4755/BYT-HTTB** ngày 21/07/2025 V/v xin ý kiến góp ý Dự thảo Thông tư ban hành danh mục mua sắm tập trung cấp quốc gia đối với thiết bị y tế, vật tư xét nghiệm](https://imda.moh.gov.vn/documents/10182/10030600/Xin-y-kien-du-thao-thong-tu-ban-hanh-danh-muc-mua-sam/2a829c5f-fabe-4c0f-97c5-040792a6a75a)**** ****[**TỜ TRÌNH Dự thảo Thông tư ban hành danh mục mua sắm tập trung cấp quốc gia đối với thiết bị y tế, vật tư xét nghiệm**](https://imda.moh.gov.vn/documents/10182/10030600/Du-thao-thong-tu-ban-hanh-danh-muc-mua-sam/5294010f-5058-4a56-b57a-2231b9f9623b)**** ******[**THÔNG TƯ Ban hành danh mục mua sắm tập trung cấp quốc gia đối với thiết bị y tế, vật tư xét nghiệm**](https://imda.moh.gov.vn/documents/10182/10030600/Du-thao-thong-tu-mua-sam/199e39ab-2e24-43e7-b9d1-6cb74eeb28ef)****** ******[**Công văn số 676/TB-HTTB** ngày 10/7/2025 Thông báo V/v kê khai giá thiết bị y tế](https://imda.moh.gov.vn/documents/10182/10030600/Thong-bao-676/6019cf3a-b846-4c7a-b1f1-53293550bee7)****** ******[**Công văn số 638/TB-HTTB** ngày 31/12/2024 Thông báo Danh sách doanh nghiệp thực hiện kê khai giá thiết bị y tế tại Bộ Y tế](https://imda.moh.gov.vn/documents/10182/10030600/Thong-bao-638/8dffa0e5-c3f7-4838-904a-02236a927d09)****** ******[**Công văn số 645/TB-HTTB** **ngày 02/7/2025 Thông báo V/v thay đổi mức thu phí các khoản phí lĩnh vực thiết bj y tế**](https://imda.moh.gov.vn/documents/10182/10030600/Thong-bao-thay-doi-muc-phi-2025/c0567596-7e1a-4685-b6f0-95aeef471e30)****** ******[**Công văn số 3776/BYT-HTTB** **ngày 16/6/2025 V/v chuẩn bị tổ chức Hội nghị đối thoại Doanh nghiệp thiết bị y tế năm 2025 (lần 2)**](https://imda.moh.gov.vn/documents/10182/10030600/CV-gui-dn-tbyt2025%28lan2%29/311471eb-6b35-484e-b5b1-dcdbc396faf3)****** ******[**Công văn số 387/TB-HTTB** **ngày 21/05/2025 V/v Thay đổi địa chỉ trụ sở làm việc Cục Hạ tầng và Thiết bị y tế, Bộ Y tế**](https://imda.moh.gov.vn/documents/10182/10030600/Thong-bao-doi-dia-chi-Cuc-HT/50bd7b5b-4f07-42c2-bff5-ffebcc0d2ccf)****** ******[**Công văn số 32/TB-HTTB** **ngày 13/03/2025 V/v Thay đổi tên tài khoản thu phí thẩm định cấp giấy phép lưu hành, nhập khẩu, công bố thiết bị y tế**](https://imda.moh.gov.vn/documents/10182/10030600/Thongbao-thay-doi-tk-thu-phi/08a67564-0b3e-43bd-8411-f0c5c67fb615)****** ******[**Công văn số 267/BYT-HTTB** ngày 14/01/2025 V/v triển khai Nghị định số 04/2025/NĐ-CP ngày 01/01/2025 của Chính phủ.](https://imda.moh.gov.vn/documents/10182/10030600/CV267/c027f29b-5072-4a0c-a685-ab00c01ed4c3)****** ******[**Công văn số 638/TB-HTTB** ngày 31/12/2024 Thông báo danh sách doanh nghiệp thực hiện kê khai giá thiết bị y tế tại Bộ Y tế](https://imda.moh.gov.vn/documents/10182/10030600/CV638KKG/4f89fa2e-77d9-4b61-becc-3f40b80ffbbf)****** ******[**Công văn số 7910/BYT-HTTB** ngày 21 /12/2024 V/v góp ý dự thảo nghị định sửa đổi, bổ sung nghị định số 98/2021/NĐ-CP.](https://imda.moh.gov.vn/documents/10182/10030600/CV7910.HTTB/da2417c3-66be-4090-bec5-f2d744318ac0) [**Kèm công văn dự thảo Nghị định**](https://imda.moh.gov.vn/documents/10182/10030600/3.Du-thao-nghi-dinh-sua-doi-bo-sung-nghi-dinh-98-2024/d0362296-2e51-45a0-bd51-f4513d2c2a6d)****** ******[**Công văn số 7614/BYT-HTTB** ngày 09/12/2024 V/v đảm bảo nguồn cung thiết bị y tế đối với các giấy phép nhập khẩu hết hạn vào ngày 31/12/2024](https://imda.moh.gov.vn/documents/10182/10030600/7614-CVB/c737f912-655c-4901-b441-2dbbc0633ff7)****** ******[**Công văn số 519/HTTB-ĐKKD** ngày 19/11/2024 V/v cung cấp thông tin TBYT đã được cấp giấy phép Nhập khẩu hết hạn vào ngày 31/12/2024](https://imda.moh.gov.vn/documents/10182/10030600/CV519/5bc5f933-08fc-4538-897f-5ae71d25c779)****** ******[**Công văn số 507/HTTB-VPC** ngày 13/11/2024 Thư mời tham gia thực hiện tư vấn thẩm định E-HSMT và đánh giá E-HSDT gói thầu ""Thuê đơn vị quản lý, vận hành, duy trì hệ thống dịch vụ công trực tuyến quản lý thiết bị y tế](https://imda.moh.gov.vn/documents/10182/10030600/TM507/d86626c4-7fdd-4daf-82f9-761923eedc33)****** ******[**Công văn số 486/BYT-HTTB** ngày 05/11/2024 V/v danh mục tên thiết bị y tế loại C, D đã cấp số lưu hành](https://imda.moh.gov.vn/documents/10182/10030600/CV486/70df1287-49e1-4c95-96f3-3ee23e43ccb4)****** ******[**Công văn số 459/HTTB-CLSD** ngày 22/10/2024 V/v mời báo giá dịch vụ quản trị vận hành hệ thống dịch vụ công trực tuyến về quản lý thiết bị y tế (IMDA)](https://imda.moh.gov.vn/documents/10182/10030600/CV459HTTB.CLSD/c2f128fb-b01e-422a-a885-b68217d93402)****** ******[**Công văn số 6067/BYT-HTTB** ngày 04/10/2024 V/v khảo sát thực trạng và thăm dò ý kiến về các chính sách dự kiến của Dự thảo Luật Thiết bị y](https://imda.moh.gov.vn/documents/10182/10030600/CV6067/bdd6d5d5-88eb-412b-8abe-c9581715b752)****** ******[**Công văn số 6065/BYT-HTTB** ngày 04/10/2024 V/v khảo sát thực trạng và thăm dò ý kiến về các chính sách dự kiến của Dự thảo Luật Thiết bị y tế](https://imda.moh.gov.vn/documents/10182/10030600/CV6065/a67a0ef3-21b1-4ea7-9dbb-6f9d91bec6c9)****** ******[**Công văn số 6032/HTTB-ĐKKD** ngày 04/10/2024 V/v thực hiện phân loại, công bố tiêu chuẩn áp dụng đối với thiết bị y tế](https://imda.moh.gov.vn/documents/10182/10030600/CV6032/778c0c5e-af03-497c-ac81-50b94951a3f3)****** ******[**Công văn số 6031/BYT-HTTB** ngày 04/10/2024 V/v thực hiện phân loại, công bố tiêu chuẩn áp dụng đối với thiết bị y tế](https://imda.moh.gov.vn/documents/10182/10030600/CV6031/6c53ed47-f4db-40d5-9b7b-2d2802bf08a9)****** ******[**Công văn số 365/HTTB-ĐKKD** ngày 12/09/2024 V/v xử lý hồ sơ nhập khẩu thiết bị y tế nộp trước ngày 01/01/2022](https://imda.moh.gov.vn/documents/10182/10030600/CV-xu-ly-ho-so-NK-truoc112022/017c3b2d-a8ae-4d70-9763-936be88744f6)****** ******[**Công văn số 342/HTTB-ĐKKD** ngày 30/08/2024 V/v thay đổi tên miền hệ thống dịch vụ công trực tuyến quản lý thiết bị y tế](https://imda.moh.gov.vn/documents/10182/10030600/CV-thong-bao-chuyen-doi-ten-mien-28082024/0c070b37-b63a-4d3f-bf88-16617836fac8)****** ******[**Dự thảo Thông tư** Quy định về Kê khai giá thiết bị y tế](https://imda.moh.gov.vn/documents/10182/10030600/Du-thao-thong-tu-KKG-2024/2b85a07a-aad7-4271-a263-ca00a4856765)****** ******[**Giấy mời số 333/GM-HTTB** ngày 21/08/2024 V/v Tham dự họp về giải quyết hồ sơ nhập khẩu thiết bị y tế đã nộp trước 01 tháng 01 năm 2022](https://imda.moh.gov.vn/documents/10182/10030600/GM_Hop-truc-tiep-21082024/e12876dc-558a-425f-a573-866b4fe4c8ce)****** ******[**Giấy mời số 332/GM-HTTB** ngày 21/08/2024 V/v Tham dự họp về giải quyết hồ sơ nhập khẩu thiết bị y tế đã nộp trước 01 tháng 01 năm 2022](https://imda.moh.gov.vn/documents/10182/10030600/GM_Hop-truc-tuyen-21082024/1d9890b8-7ac2-4070-88cb-2c75ac4cf283)****** ******[**Công văn số 317/HTTB-ĐKKD** ngày 16/08/2024 V/v cập nhật tài liệu trên Hệ thống dịch vụ công trực tuyến quản lý thiết bị y tế](https://imda.moh.gov.vn/documents/10182/10030600/CV317_TB/1669d512-f8c8-4ff4-ba67-9f1170b4c56d)****** ******[**Quyết định số 2302/QĐ-BYT** ngày 05/08/2024 v/v ban hành hướng dẫn thẩm định hồ sơ pháp lý đối với hồ sơ đăng ký lưu hành thiết bị y tế](https://imda.moh.gov.vn/documents/10182/10030600/Q%C4%902302/06820ffc-6f1b-4441-b5ac-a0dc837480e1)****** ******[**Công văn số 224/HTTB-ĐKKD** ngày 24/11/2023 v/v góp ý dự thảo Quyết định về việc ban hành tiêu chí, nguyên tắc đánh giá Hồ sơ kỹ thuật chung về TTBYT theo quy định ASEAN (hồ sơ CSDT) đối với TTBYT chẩn đoán in vitro](https://imda.moh.gov.vn/documents/10182/49189400/Cong+van+xin+gop+y+tieu+chi+nguyen+tac+danh+gia+ho+so+CSDT+-IVD+ngay+24.11.2023.signed.pdf/66aaaabb-9ead-4a9c-a782-2c3b4047df64)******

******_Kèm theo:_ [Dự thảo Quyết định](https://imda.moh.gov.vn/documents/10182/49189400/Du+thao+Quyet+dinh+huong+dan+danh+gia+ho+so+CSDT+23.11.2023.docx/655823d5-c1ad-406e-8c5b-b4b0b046de92)****** ******[**Công văn số 200/HTTB-ĐKKD** ngày 16/11/2023 v/v góp ý dự thảo Quyết định về việc ban hành tiêu chí, nguyên tắc đánh giá Hồ sơ kỹ thuật chung về TTBYT theo quy định ASEAN (hồ sơ CSDT)](https://imda.moh.gov.vn/documents/10182/49189621/Cong+van+xin+gop+y+tieu+chi+nguyen+tac+danh+gia+CSDT+ngay+16.11.2023.signed.pdf/2968bc5c-d6b5-466e-9c58-e3d5c6e6ac37)******

******_Kèm theo:_ [Dự thảo Quyết định](https://imda.moh.gov.vn/documents/10182/49189621/Du+thao+Quyet+dinh+huong+dan+danh+gia+ho+so+CSDT+16.11.2023.docx/708bb213-beb3-4819-b790-51f81d925651)****** ******[**Công văn số 442/TB-HTTB** ngày 27/09/2023 của Bộ Y tế (Cục Cơ sở Hạ tầng và Thiết bị Y tế) V/v thay đổi tài khoản thu phí thẩm định cấp giấy phép lưu hành, nhập khẩu, xuất khẩu, công bố trang thiết bị y tế](https://imda.moh.gov.vn/documents/10182/10030600/Thong-bao-thay-doi-tai-khoan-thu-phi/dceb28f8-947c-498c-b241-3ac19f39c1df)****** ******[**Công văn số 5440/BYT-HTTB** ngày 28/08/2023 của Bộ Y tế v/v lấy ý kiến góp ý dự thảo Quyết định ban hành 03 Quy trình kiểm định an toàn và tính năng kỹ thuật đối với trang thiết bị y tế](https://imda.moh.gov.vn/documents/10182/10030600/CV+5440+gui+lay+y+kien+cac+don+vi_28.8.2023.signed.pdf/c7352581-3fee-4a24-acfb-077a5bc57ddb)****** ******[**Công văn số 3764/BYT-HTTB** ngày 19/06/2023 của Bộ Y tế v/v xin ý kiến góp ý Dự thảo Thông tư ban hành Danh mục trang thiết bị y tế được xác định mã số hàng hóa theo Danh mục hàng hóa xuất khẩu, nhập khẩu Việt Nam](https://imda.moh.gov.vn/documents/10182/10030600/CV+3764-2023-Cong+van+lay+y+kien+du+thao+Thong+tu+ma+HS.pdf/ee2e8504-267f-44a4-b1bd-1501f85cedcb)******

******_Kèm theo:_ [Dự thảo Thông tư ban hành Danh mục trang thiết bị y tế được xác định mã số hàng hóa theo Danh mục hàng hóa xuất khẩu, nhập khẩu Việt Nam](https://imda.moh.gov.vn/documents/10182/10030600/CV+3764-2023-Du+thao+Thong+tu+ma+HS+ve+TTBYT.pdf/a3a1119f-a1be-4a6e-b4e3-04c87c6a467f)****** ******[**Quyết định số 1345/QĐ-BYT** ngày 13/03/2023 v/v ban hành hướng dẫn thẩm định, hậu kiểm hồ sơ kỹ thuật, lâm sàng trong hồ sơ đăng ký lưu hành trang thiết bị y tế không phải trang thiết bị y tế chẩn đoán in vitro (trang thiết bị y tế chung)](https://imda.moh.gov.vn/documents/10182/10030600/1345.signed+%28HD+tham-dinh-ho-so-ky-thuat-lam-sang+non+IVD%29.pdf/b7c34f2b-2702-4901-a0f0-e135d8ccc112)****** ******[**Công văn số 947/BYT-PC** ngày 27/02/2023 của Bộ Y tế v/v cung cấp thông tin phục vụ hoạt động hỗ trợ pháp lý doanh nghiệp](https://imda.moh.gov.vn/documents/10182/10030600/CV+947-BYT-PC-27.02.2023/5fa45877-5e72-4566-bbb6-5504b82cc97d)****** ******[**Công văn số 838/BYT-TB-CT** ngày 22/02/2023 của Bộ Y tế v/v lấy ý kiến dự thảo Thông tư sửa đổi, bổ sung Thông tư số 19/2021/TT-BYT](https://imda.moh.gov.vn/documents/10182/10030600/CV+838-BYT-TB-CT+lay+y+kien+du+thao+sua+doi+TT19/f91b9069-815c-4441-93ae-a1c53051aace)****** ******[**Quyết định số 3435/QĐ-BYT** ngày 21/12/2022 v/v ban hành hướng dẫn thẩm định, hậu kiểm hồ sơ kỹ thuật, lâm sàng trong hồ sơ đăng ký lưu hành trang thiết bị y tế chẩn đoán in vitro](https://imda.moh.gov.vn/documents/10182/10030600/Q%C4%90+3435.signed+%2821.12.2022%29-Huong-dan-tham-dinh-ho-so-ky-thuat-lam-sang+IVD.pdf/da862832-203b-44d8-85ef-2b81c406b81f)****** ******[**Quyết định số 3007/QĐ-BYT** ngày 03/11/2022 v/v ban hành hướng dẫn thẩm định, hậu kiểm hồ sơ pháp lý trong hồ sơ đăng ký lưu hành trang thiết bị y tế](https://imda.moh.gov.vn/documents/10182/10030600/3007.signed+%28QD-Huong-dan-tham-dinh-ho-so-phap-ly%29.pdf/ff369466-b8d6-453f-9001-d40e1906e31f)****** ******- [Dự thảo Nghị định sửa đổi, bổ sung Nghị định 98/2021/NĐ-CP](https://imda.moh.gov.vn/documents/10182/10030600/Du+thao+Nghi+dinh+sua+doi+Nghi+dinh+98/e9fe9eb2-f644-4b36-9f83-b90a60b2e980)******

******- [Dự thảo Thông tư sửa đổi, bổ sung Thông tư 19/2021/TT-BYT](https://imda.moh.gov.vn/documents/10182/10030600/Du+thao+thong+tu+sua+doi+Thong+tu+19/5cb9da0b-f51a-4232-90cb-4b6e8091e946)****** ****- **[**Công văn số 7183/BYT-TB-CT** ngày 13/12/2022 của Bộ Y tế v/v mời doanh nghiệp thẩm định giá](https://imda.moh.gov.vn/documents/10182/10030600/CV+7183+moi+doanh+nghiep+tham+dinh+gia+2022.12.13/156c384d-30de-40f1-8f0c-e668c112ec80)****** ****- **[**Giấy mời số 203/GM-BYT** Tham dự Hội nghị trực tuyến hướng dẫn thực hiện quy định về kê khai, công khai giá trang thiết bị y tế](https://imda.moh.gov.vn/documents/10182/0/GM+hoi+thao+huong+dan+ke+khai+gia+SYT%2C+DN+-+Final.signed.pdf/c91d6015-0ee0-42b2-a162-13084556466b)****** ****- **[Hướng dẫn tham dự Hội nghị trực tuyến ngày 29/03/2022](https://imda.moh.gov.vn/documents/10182/0/H%C6%B0%E1%BB%9Bng+d%E1%BA%ABn+tham+d%E1%BB%B1+H%E1%BB%99i+ngh%E1%BB%8B+29.3.2022.docx/5618152a-6dda-4c64-ad2f-3d76ee2a3fc9)****** ****- **[**Công văn số 913/BYT-TB-CT** V/v đảm bảo cung cấp trang thiết bị y tế phục vụ phòng, chống dịch COVID-19](https://imda.moh.gov.vn/documents/10182/0/C%C3%B4ng+v%C4%83n+%C4%91%E1%BA%A3m+b%E1%BA%A3o+cung+c%E1%BA%A5p+TTBYT+ph%C3%B2ng+ch%E1%BB%91ng+d%E1%BB%8Bch+COVID-1925.02.2022)****** ****- **[**Công văn số 10725/BYT-TB-CT** V/v lấy ý kiến dự thảo Thông tư quy định chi tiết thi hành và biện pháp thực hiện Nghị định số 98/2021/NĐ-CP](https://imda.moh.gov.vn/documents/10182/0/CV+gui+lay+y+kien+du+thao+Thong+tu+quy+dinh+1+so+dieu+ND98.rar/cf940336-172b-42b8-9689-ab12bc300ce0)****** ****- **[**Công văn số 8506/BYT-TB-CT** V/v triển khai phần mềm kết nối 5 TTHC lĩnh vực trang thiết bị y tế với Cổng thông tin một cửa quốc gia trên hệ thống DMEC](https://imda.moh.gov.vn/documents/10182/10030600/CV+gui+Doanh+nghiep_Tam+ngung+he+thong+DMEC_ngay+08.10.2021.signed.pdf/3c5a9405-6e8d-4966-aa07-cb47ea1b5b6f)****** ****- **[**Công văn số 4882/BYT-TB-CT** V/v nghiên cứu, chuẩn bị triển khai áp dụng Hồ sơ kỹ thuật chung ASEAN.](https://imda.moh.gov.vn/documents/10182/0/Cong+van+thong+bao+CSDT+6.21.signed.pdf/2ad09add-ba71-4eab-83fc-b780a7efa240)****** ****- **[**Công văn số 3749/BYT-TB-CT** V/v góp ý dự thảo Quyết định ban hành hướng dẫn cách chuẩn bị hồ sơ kĩ thuật chung về TTBYT theo quy định của ASEAN kèm theo Quyết định hướng dẫn.](https://imda.moh.gov.vn/documents/10182/0/C%C3%B4ng+v%C4%83n+s%E1%BB%91+3749+BYT-TB-CT.rar/f18d6ef1-ea17-4291-8c06-57c972b4476a)****** ****- **[**Công văn số 2271/BYT-TB-CT** V/v lấy ý kiến dự thảo Nghị định về quản lý trang thiết bị y tế.](https://imda.moh.gov.vn/documents/10182/0/CV+gui+lay+y+kien+cac+Bo+nganh+don+vi.rar/80bb4e79-6d67-45bd-abf2-f1afaac049fe)****** ****- **[**Công văn số 1762/BYT-TB-CT** V/v lấy ý kiến dự thảo Quyết định ban hành 03 Quy trình kiểm định an toàn và tính năng kỹ thuật đối với TTBYT (lần 2) kèm theo 03 Quy trình kiểm định.](https://imda.moh.gov.vn/documents/10182/0/C%C3%B4ng+v%C4%83n+s%E1%BB%91+1762BYT-TB-CT.rar/30b31094-b63b-4a34-b015-a96867b58b0e)****** ****- **[Tài liệu hội thảo xây dựng phần mềm quản lý PPE](https://imda.moh.gov.vn/documents/10182/10030600/Ta%CC%80i+lie%CC%A3%CC%82u+to%CC%82%CC%89ng+ho%CC%9B%CC%A3p+Ho%CC%A3%CC%82i+tha%CC%89o+PPE.pdf/d2f78667-48d6-4b40-b1cd-d06a39ce22bf).****** ****- **[**Văn bản số 5112/BYT-TB-CT** Về việc lấy ý kiến dự thảo Thông tư ban hành danh mục trang thiết bị y tế phải kiểm định.](https://imda.moh.gov.vn/documents/10182/10030600/CV+gui+lay+y+kien+cac+Bo%2C+nganh%2C+don+vi+lan+2.signed.pdf/63dbd10d-59d3-47b9-b129-58ec5a47b19b)****** ****- **[**Văn bản số 3697/BYT-TB-CT** Về việc lấy ý kiến dự thảo Thông tư ban hành 04 Quy trình kiểm định an toàn và tính năng kỹ thuật đối với trang thiết bị y tế](https://imda.moh.gov.vn/documents/10182/10030600/3697_BYT-TB-CT_10072020_2-signed.pdf/475fbd09-ddba-4779-8767-3e891b88f9c2).****** ******[Link Dự thảo thông tư kiểm định TTBYT](https://imda.moh.gov.vn/documents/10182/10030600/Du+thao+Thong+tu+kiem+dinh+TTBYT+ngay+2020.7.06.docx/8f87c6b6-b54a-498e-887e-677f81a16fdd)****** ****- **[**Giấy mời số 455/GM-BYT** Giấy mời Hội thảo ""Tăng cường chất lượng, năng lực sản xuất và giải đáp, hỗ trợ xuất khẩu vật tư, trang thiết bị phòng, chống dịch COVID-19"". (Khu vực phía Nam)](https://imda.moh.gov.vn/documents/10182/10030600/455+GM-BYT.pdf/3528de8f-f6d0-4605-9126-0dc7f40f31cc).****** ****- **[**Giấy mời số 427/GM-BYT** Giấy mời Hội thảo ""Tăng cường chất lượng, năng lực sản xuất và giải đáp, hỗ trợ xuất khẩu vật tư, trang thiết bị phòng, chống dịch COVID-19""](https://imda.moh.gov.vn/documents/10182/10030600/427+GM+BYT.pdf/dba9b086-928c-4a93-9b53-21b79c71720d).****** ****- **[**Danh sách tổ chức chứng nhận tiêu chuẩn ISO đã đăng ký hoạt động chứng nhận tại Việt Nam theo quy định tại Nghị định số 107/2016/NĐ-CP ngày 01/7/2016 của Chính phủ quy định về điều kiện kinh doanh đánh giá sự phù hợp**](https://tcvn.gov.vn/2018/03/3154/?utm_source=zalo&utm_medium=zalo&utm_campaign=zalo&zarsrc=30)****** ****- **[**Công văn 1957/BYT-TB-CT** Xin ý kiến dự thảo Thông tư quy định một số nội dung trong đấu thầu TTBYT tại các cơ sở y tế Công lập](https://imda.moh.gov.vn/documents/10182/10030600/CV+1957_2020+Xin+%C3%BD+ki%E1%BA%BFn+d%E1%BB%B1+th%E1%BA%A3o+Th%C3%B4ng+t%C6%B0+quy+%C4%91%E1%BB%8Bnh+%C4%91%E1%BA%A5u+th%E1%BA%A7u+TTBYT.pdf/64887154-24b2-4103-971e-0cbc06c8debf).****** ******[Xem file Thông tư quy định đấu thầu TTBYT](https://imda.moh.gov.vn/documents/10182/10030600/Thong+tu+quy+dinh+dau+thau+TTBYT+ngay+07.4.2020.docx/4a985488-3eca-4674-859d-04b82bbfaea8)****** ****- **[**Công văn 312/CV-BM** Cung cấp các trang thiết bị phục vụ công tác phòng, chống dịch COVID-19 của BV Bạch Mai .](https://imda.moh.gov.vn/documents/10182/10030600/CV+312+Cung+c%E1%BA%A5p+TTB+ph%C3%B2ng+ch%E1%BB%91ng+d%E1%BB%8Bch+Covid19+c%E1%BB%A7a+B%E1%BB%87nh+vi%E1%BB%87n+B%E1%BA%A1ch+Mai.pdf/47d82296-8f43-4735-bc2d-a2c46401b9b7)****** ****- **[**Công văn 344/BVCR-TTBYT** Cung cấp các trang thiết bị phục vụ công tác phòng, chống dịch COVID-19 của BV Chợ Rẫy .](https://imda.moh.gov.vn/documents/10182/10030600/Co%CC%82ng+va%CC%86n+344.pdf/f31efd5e-2d04-49f6-9c66-9b2004eac804)****** ****- **[**Giấy mời số 1254** Tham dự hội nghị đối thoại doanh nghiệp về các quy định trong Quản lý TTBYT - Khu vực Phía Nam.](https://imda.moh.gov.vn/documents/10182/10030600/GM+1254+H%E1%BB%99i+ngh%E1%BB%8B+%C4%91%E1%BB%91i+tho%E1%BA%A1i+Mi%E1%BB%81n+Nam.pdf/fbc9258d-dbc4-49a3-999d-f2c6c3e78fc6)****** ****- **[**Giấy mời số 1111** Tham dự hội nghị đối thoại doanh nghiệp về các quy định trong Quản lý TTBYT - Khu vực Phía Bắc.](https://imda.moh.gov.vn/documents/10182/10030600/GM+1111+H%E1%BB%99i+ngh%E1%BB%8B+%C4%91%E1%BB%91i+tho%E1%BA%A1i+Mi%E1%BB%81n+B%E1%BA%AFc.pdf/532a3a03-7514-447f-83c4-961a33c1677d)****** ****- **[**Giấy mời số 383/GM-BYT ngày 24/05/2019:** Gửi các cơ sở đủ điều kiện phân loại TTBYT tham dự Hội nghị phổ biến quán triệt triển khai Nghị định 36/2016/NĐ-CP và Nghị định 169/2018/NĐ-CP (Khu vực phía Bắc).](https://imda.moh.gov.vn/documents/10182/10030600/GM+383-2019+H%E1%BB%99i+ngh%E1%BB%8B+t%E1%BA%ADp+hu%E1%BA%A5n+ph%C3%A2n+lo%E1%BA%A1i+M.B%E1%BA%AFc.pdf/9ed07e8b-a959-4252-8e97-565a607bce66)****** ****- **[**Giấy mời số 384/GM-BYT ngày 24/05/2019:** Gửi các cơ sở đủ điều kiện phân loại TTBYT tham dự Hội nghị phổ biến quán triệt triển khai Nghị định 36/2016/NĐ-CP và Nghị định 169/2018/NĐ-CP (Khu vực phía Nam).](https://imda.moh.gov.vn/documents/10182/10030600/GM+384-2019+H%E1%BB%99i+ngh%E1%BB%8B+t%E1%BA%ADp+hu%E1%BA%A5n+ph%C3%A2n+lo%E1%BA%A1i+M.Nam.pdf/e4cd5253-5636-4fae-b5a3-d539e359fa06)****** ****- **[**Công văn số 1444/BYT-TB-CT ngày 19/03/2019:** Gửi các Sở Y tế; các Bệnh viện, các doanh nghiệp về việc thay đổi ngày tổ chức Hội Nghị triển khai Nghị định 169/2018/NĐ-CP (Khu vực Miền Trung - Tây Nguyên).](https://imda.moh.gov.vn/documents/10182/10030600/CV+1444-2019+Thay+%C4%91%E1%BB%95i+ng%C3%A0y+t%E1%BB%95+ch%E1%BB%A9c+H%E1%BB%99i+ngh%E1%BB%8B+theo+GM+153.pdf/911bb240-6c48-4e48-bca4-6c69bcee989e)****** ****- **[**Giấy mời số 153/GM-BYT ngày 05/03/2019:** Gửi các Sở Y tế; các Bệnh viện, các doanh nghiệp tham dự Hội nghị phổ biến triển khai Nghị định 169/2018/NĐ-CP (Khu vực Miền Trung - Tây Nguyên).](https://imda.moh.gov.vn/documents/10182/10030600/GM+153-2019+H%E1%BB%99i+ngh%E1%BB%8B+ph%E1%BB%95+bi%E1%BA%BFn+N%C4%90169.2018+M.Trung.pdf/4efde5fe-bc92-4a83-975d-2876e55d5e30)****** ****- **[**Giấy mời số 113/GM-BYT ngày 19/02/2019:** Gửi các Sở Y tế; các Bệnh viện tham dự Hội nghị phổ biến triển khai Nghị định 169/2018/NĐ-CP (Khu vực Miền Nam).](https://imda.moh.gov.vn/documents/10182/10030600/GM+113-2019+g%E1%BB%ADi+SYT+H%E1%BB%99i+ngh%E1%BB%8B+ph%E1%BB%95+bi%E1%BA%BFn+N%C4%90169.2018+M.Nam.pdf/c9d3c65d-ceb6-405a-9636-2628d4446290)****** ****- **[**Giấy mời số 109/GM-BYT ngày 18/02/2019:** Gửi các Sở Y tế; các Bệnh viện tham dự Hội nghị phổ biến triển khai Nghị định 169/2018/NĐ-CP (Khu vực Miền Bắc).](https://imda.moh.gov.vn/documents/10182/10030600/GM+109-2019+g%E1%BB%ADi+SYT+H%E1%BB%99i+ngh%E1%BB%8B+ph%E1%BB%95+bi%E1%BA%BFn+N%C4%90169.2018+M.B%E1%BA%AFc.pdf/19b4d099-2e2b-4b5c-b589-f2d2cf46917d)****** ****- **[**Công văn số 202/BYT-TB-CT ngày 14/01/2019:** Gửi Bệnh viện Thống Nhất; các doanh nghiệp về việc thay đổi ngày tổ chức Hội nghị phổ biến nội dung Nghị định 169/2018/NĐ-CP  (Khu vực phía Nam)](https://imda.moh.gov.vn/documents/10182/10030600/CV+202-2019+Thay+%C4%91%E1%BB%95i+ng%C3%A0y+t%E1%BB%95+ch%E1%BB%A9c+H%E1%BB%99i+ngh%E1%BB%8B+theo+GM+35.pdf/ee4732b2-ee56-4664-9647-081c1ef2aa83)****** ****- **[**Giấy mời số 35/GM-BYT ngày 10/01/2019:** Gửi các doanh nghiệp tham dự Hội nghị phổ biến nội dung Nghị định 169/2018/NĐ-CP (Khu vực phía Nam).](https://imda.moh.gov.vn/documents/10182/10030600/GM+35-2019+g%E1%BB%ADi+DN+H%E1%BB%99i+ngh%E1%BB%8B+ph%E1%BB%95+bi%E1%BA%BFn+N%C4%90169.2018+M.Nam.pdf/6c423e6f-fcec-4a5e-8b54-6ceeb121ee33)****** ****- **[**Giấy mời số 30/GM-BYT ngày 09/01/2019:** Gửi các doanh nghiệp tham dự Hội nghị phổ biến nội dung Nghị định 169/2018/NĐ-CP (Khu vực Phía Bắc).](https://imda.moh.gov.vn/documents/10182/10030600/GM+30-2019+g%E1%BB%ADi+DN+H%E1%BB%99i+ngh%E1%BB%8B+ph%E1%BB%95+bi%E1%BA%BFn+N%C4%90169.2018+M.B%E1%BA%AFc.pdf/769b2f66-c824-4511-a090-52bf8b3414ae)******

**#### [Tài liệu tham khảo](https://imda.moh.gov.vn/web/guest/tai-lieu-tham-khao)**

**- **Dự thảo 03 Quy trình kiểm định (Lần 4)** xin ý kiến kèm theo giấy mời họp ngày 02/10/2023**

**[- QT Kiểm định an toàn và tính năng kỹ thuật máy thận nhân tạo](https://imda.moh.gov.vn/documents/10182/46289466/QT-kiem-dinh-an-toan-va-tinh-nang-ky-thuat-may-than-nhan-tao-15-8-2023/353cdf44-f0c7-4e2d-8b7d-cd14ab34936f)**

**- **[**Tài liệu Hội nghị phổ biến Nghị định 98/2021/NĐ-CP - Sở Y tế**](https://imda.moh.gov.vn/documents/10182/0/Tai+lieu+So+Y+te.pdf/3008875c-cc6f-4e2d-825c-34a6c8e83e1e)**** **- **[**Tài liệu Hội nghị phổ biến Nghị định 98/2021/NĐ-CP - Doanh nghiệp**](https://imda.moh.gov.vn/documents/10182/0/Tai+lieu+Doanh+nghiep.pdf/5f47e647-89b6-412f-8844-7be7c8e4557a)**** **- **[**Quyết định tạm thời về việc chuyển đổi sang chai chứa khí Oxy y tế**](https://imda.moh.gov.vn/documents/10182/0/Quyet+dinh+tam+thoi+ve+chuyen+doi+sang+chai+chua+khi+oxy+y+te-sua_11.8.2021.docx/99722e28-d842-42e2-af84-4c7c93afa21e)**** **- **[**Tăng cường sản xuất, cung ứng và đầu tư, cải tạo mở rộng hệ thống Oxy khí y tế đáp ứng nhu cầu điều trị Covid-19.**](https://imda.moh.gov.vn/documents/10182/0/Ngmtuan_%C4%90a%CC%89m+ba%CC%89o+O2+y+te%CC%82%CC%81+phu%CC%A3c+vu%CC%A3+%C4%91ie%CC%82%CC%80u+tri%CC%A3+Covid-19+tre%CC%82n+ca%CC%89+nu%CC%9Bo%CC%9B%CC%81c_02.8.2021.pdf/f1d3c815-4b67-4756-a04b-525eda615b13)**** **- **[Một số lưu ý trong đấu thầu Trang thiết bị y tế hiện nay](https://imda.moh.gov.vn/documents/10182/10030661/2-CLBGD+PN2020_Mot+so+noi+dung+trong+Dau+thau+TTBYT_10.11.2020.pdf/88bdd449-d17c-4224-a580-65a51ee1b3ea)**** **- **[Mẫu giấy chứng nhận lưu hành tự do](https://imda.moh.gov.vn/documents/10182/10030661/M%E1%BA%ABu+Gi%E1%BA%A5y+ch%E1%BB%A9ng+nh%E1%BA%ADn+l%C6%B0u+h%C3%A0nh+t%E1%BB%B1+do.pdf/914d40b0-9d3c-434c-9867-80b637f1cc1b)**** **- **[Một số quy định mới trong đấu thầu Trang thiết bị y tế](https://imda.moh.gov.vn/documents/10182/10030661/Bai+trinh+bay+ve+dau+thau+TTBYT.pdf/6dd610c9-7a6b-4c33-ba11-4c9d7b7d7a39)**** **- **[**Quyết định số 322** Hướng dẫn chẩn đoán điều trị viêm đường hô hấp cấp tính do chủng Virus Corona mới (2019-nCoV)](https://dmec.moh.gov.vn/documents/10182/10030661/quyet-dinh-322-qd-byt-huong-dan-chan-doan-dieu-tri-viem-duong-ho-hap-cap-tinh.pdf/fec4bd49-a872-49f0-b599-d6f3528ec64e)**** **- **[**Quyết định số 225** Thành lập đội cơ động phản ứng nhanh chống dịch viêm đường hô hấp cấp do chủng mới virus corona (nCoV).](https://dmec.moh.gov.vn/documents/10182/10030661/quyet-dinh-225-qd-byt-2020-doi-co-dong-phan-ung-nhanh-chong-dich-viem-duong-ho-hap+%281%29.pdf/757f8d28-54d6-4115-bea8-2d177a1b9eed)**** **- **[**Quyết định 181** Về việc ban hành ""Hướng dẫn tạm thời giám sát, phòng, chống bệnh viêm đường hô hấp cấp do chủng mới virus corona"".](https://dmec.moh.gov.vn/documents/10182/10030661/quyet-dinh-181-qd-byt-huong-dan-phong-chong-benh-viem-duong-ho-hap-do-virus-corona.pdf/767bbb73-6b30-45cf-9887-dcd917b47bf7)**** **- **[**Quyết định 156** Về việc ban hành kế hoạch đáp ứng với bệnh viêm phổi cấp do chủng mới của virus Corona .](https://dmec.moh.gov.vn/documents/10182/10030661/quyet-dinh-156-qd-byt-2020-ke-hoach-dap-ung-voi-benh-viem-phoi-cap-do-virus-corona.pdf/248066cc-e3b0-49ea-ba21-08087a19600d)**** **- **[**Công văn 104/KCB-NV** Về việc đảm bảo trang bị TTB- Thuốc-VTTH cho đơn vị cách lý điều trị bệnh viêm đường hô hấp do nCoV.](https://dmec.moh.gov.vn/documents/10182/10030661/CV+101+Cuc+KCB+dam+bao+thuoc+vat+tu+cho+don+vi+dieu+tri+dich+viem+phoi+do+Corona.pdf/ee84c56c-ea74-47dd-bd8f-cc8a6fcad30d)**** **- **[**Số 108/KCB-QLCL&CĐT** Về việc hướng dẫn tạm thời về xét nghiệm chủng mới của Virus Corona (nCoV).](https://dmec.moh.gov.vn/documents/10182/10030661/365067_108-kcb-qlclcdt.pdf/eed9411b-4651-481f-82c4-3d6678059c07)**** **- **[**Tài liệu:** NGHỊ ĐỊNH Sửa đổi, bổ sung một số quy định liên quan đến điều kiện đầu tư kinh doanh lĩnh vực trang thiết bị y tế](https://imda.moh.gov.vn/documents/10182/10030661/DuthaonghidinhTTBYT2019/0fc7e2b7-b637-42d8-a64e-fef34957545c)**** **- **[**Tài liệu:** Hội nghị phổ biến quy định về hoạt động phân loại TTBYT.](https://imda.moh.gov.vn/documents/10182/10030661/T%C3%A0i+li%E1%BB%87u+H%E1%BB%99i+ngh%E1%BB%8B+t%E1%BA%ADp+hu%E1%BA%A5n+ph%C3%A2n+lo%E1%BA%A1i+TTBYT.pdf/97679e25-ac9d-42a2-8c8e-a27333628e03)**** **- **[**Tài liệu:** Hội nghị phổ biến Nghị định 169/2018/NĐ-CP cho các nhà quản lý tại Sở Y tế và các Bệnh viện.](https://imda.moh.gov.vn/documents/10182/10030661/T%C3%A0i+li%E1%BB%87u+H%E1%BB%99i+ngh%E1%BB%8B+ph%E1%BB%95+bi%E1%BA%BFn+N%C4%90169.2018+cho+SYT+BV.pdf/0c765d54-b3dc-4f84-a4e0-3bf76ca98232)**** **- **[**Tài liệu:** Hội nghị phổ biến Nghị định 169/2018/NĐ-CP cho doanh nghiệp.](https://imda.moh.gov.vn/documents/10182/10030661/T%C3%A0i+li%E1%BB%87u+H%E1%BB%99i+ngh%E1%BB%8B+ph%E1%BB%95+bi%E1%BA%BFn+N%C4%90169.2018+cho+DN.pdf/63ea519c-960d-409d-b167-c5b00a6b8e5b)**** **- **[**Tổng hợp:** Dự thảo nội dung cắt giảm, sửa đổi, bổ sung quy định tại Nghị định 36/2016/NĐ-CP.](https://imda.moh.gov.vn/documents/10182/10030661/T%E1%BB%95ng+h%E1%BB%A3p+d%E1%BB%B1+th%E1%BA%A3o+n%E1%BB%99i+dung+s%E1%BB%ADa+%C4%91%E1%BB%95i+N%C4%9036.2016.docx/edd5f852-caff-4c1d-9c70-fbfbdfbd967c)****",DISCOVERED_UNSCREENED
MOH,moh.gov.vn,DQ-IMPL-04,9,https://moh.gov.vn/index.jsp?pageId=5803&aid=152899&cid=8355,Tầm soát bệnh đái tháo đường: Bảo vệ sức khỏe từ những ...,"Do vậy, khám tầm soát là cách đơn giản và hiệu quả nhất để phát hiện bệnh sớm, từ đó can thiệp kịp thời và ngăn ngừa những hậu quả đáng tiếc về sau.",DISCOVERED_UNSCREENED
MOH,moh.gov.vn,DQ-IMPL-04,10,https://moh.gov.vn/index.jsp?pageId=5803&aid=151511&cid=8474,"Chiến lược quốc gia bảo vệ, chăm sóc và nâng cao sức ...","... hậu, các tình huống khẩn cấp về y tế công cộng. Từng bước kiểm soát các ... sở, y tế vùng đồng bào dân tộc thiểu số và miền núi, biên giới, biển đảo ...",DISCOVERED_UNSCREENED
MOH,moh.gov.vn,DQ-IMPL-04,11,https://moh.gov.vn/index.jsp?pageId=5803&aid=156098&cid=8351,Thứ trưởng Thường trực Bộ Y tế Vũ Mạnh Hà: Văn phòng ...,"... hậu cần, cơ sở vật chất và y tế cơ quan. Triển khai đồng bộ các nhiệm vụ ... sở y tế công lập làm căn cứ cho các đơn vị thực hiện nhiệm vụ · Khẩn trương ...",DISCOVERED_UNSCREENED
MOH,moh.gov.vn,DQ-IMPL-04,12,https://moh.gov.vn/index.jsp?pageId=5803&aid=134788&cid=8354,Cổng thông tin,"Phó Thủ tướng Trương Hòa Bình: Tất cả cơ sở y tế phải kiểm tra chất ma túy ... hậu quả sức khoẻ, kinh tế, các vấn đề xã hội khác. Bộ Y tế đề xuất lấy ...",DISCOVERED_UNSCREENED
MOH,moh.gov.vn,DQ-IMPL-04,13,https://moh.gov.vn/index.jsp?pageId=5803&aid=156471&cid=8335,"Thủ tướng Chính phủ Phạm Minh Chính chúc Tết, kiểm tra ...","Chào mừng quý vị đến với Cổng thông tin điện tử Bộ Y tế – Kênh thông tin chính thống, minh bạch và vì sức khỏe nhân dân.",DISCOVERED_UNSCREENED
MOH,moh.gov.vn,DQ-IMPL-04,14,https://moh.gov.vn/index.jsp?pageId=5803&aid=134677&cid=8354,Cổng thông tin,"Vụ Sức khỏe bà mẹ - trẻ em (Bộ Y tế) vừa có văn bản yêu cầu Sở Y tế Hà Tĩnh báo cáo về trường hợp sản phụ Nguyễn Thị H. (36 tuổi, Thạch Tân, Thạch Hà, Hà Tĩnh) ...",DISCOVERED_UNSCREENED
MOH,moh.gov.vn,DQ-IMPL-04,15,https://cds.moh.gov.vn/tin-tuc-tong-hop-chi-tieu-cds/-/asset_publisher/q59FuAXJObVO/content/phong-chong-lua-ao-bao-ve-du-lieu-ca-nhan-trong-ky-nguyen-ai?inheritRedirect=false,"Phòng chống lừa đảo, bảo vệ dữ liệu cá nhân trong kỷ ...","Không thể phủ nhận, trí tuệ nhân tạo (AI) đang mở ra những cơ hội chưa từng có cho tăng trưởng và đổi mới sáng tạo. Trong lĩnh vực ngân hàng, AI giúp tối ưu ...",DISCOVERED_UNSCREENED
MOH,moh.gov.vn,DQ-IMPL-04,16,https://moh.gov.vn/index.jsp?pageId=5803&aid=168633&cid=8351,"Nâng cao quy trình khám chữa bệnh, tiếp nhận và điều trị ...",... hậu cần hiện đại. Công trình được kết nối với các khối nhà hiện ... Viện trưởng Viện Kiểm định Quốc gia Vắc xin và Sinh phẩm y tế · Thứ ...,DISCOVERED_UNSCREENED
MOH,moh.gov.vn,DQ-IMPL-04,17,https://cds.moh.gov.vn/trang-chu/-/asset_publisher/Z6WIslRncq2B/content/benh-an-ien-tu-buoc-ot-pha-chuyen-oi-so-trong-cac-benh-vien-quan-y?inheritRedirect=false,Bước đột phá chuyển đổi số trong các bệnh viện quân y,"... Bệnh viện Đa khoa Hợp Lực (tỉnh Thanh Hóa), Trung tâm Thông tin y tế Quốc gia phối hợp với Hội Hành nghề y tư nhân Việt Nam và Sở Y tế Thanh Hóa tổ chức Hội ...",DISCOVERED_UNSCREENED
MOH,moh.gov.vn,DQ-IMPL-04,18,https://imda.moh.gov.vn/documents/10182/10030661/T%C3%A0i+li%E1%BB%87u+H%E1%BB%99i+ngh%E1%BB%8B+ph%E1%BB%95+bi%E1%BA%BFn+N%C4%90169.2018+cho+SYT+BV.pdf/0c765d54-b3dc-4f84-a4e0-3bf76ca98232,"hội nghị phổ biến, triển khai nghị định 169/2018/nđ-cp","nhận 03 TTHC được phân cấp và thực hiện việc hậu kiểm, quản lý trên địa bàn. 16. BỆNH VIỆN. 2. Sở Y tế: Tiếp tục triển khai việc tiếp nhận 03 ...",DISCOVERED_UNSCREENED
MOH,moh.gov.vn,DQ-IMPL-04,19,https://imda.moh.gov.vn/documents/10182/10030600/Totrinh.dean.5003/1f4050bc-63e6-4f70-8761-37474075fb26,Trang thiết bị y tế - Bộ Y tế,"+ Chuyển mạnh từ tiền kiểm sang hậu kiểm trong kiểm soát chất lượng thông qua ... quốc gia hỗ trợ nghiên cứu, ứng dụng trí tuệ nhân tạo (AI) và dữ liệu lớn (Big.",DISCOVERED_UNSCREENED
MOH,moh.gov.vn,DQ-IMPL-04,20,http://moh.gov.vn/index.jsp?pageId=5803&aid=168646&cid=8356,"Đổi mới phương thức quản lý, kiểm soát toàn chuỗi ...","Sở y tế các tỉnh, thành phố trực thuộc TW · Y tế các ngành. Đổi ... hậu kiểm. Sau khi lưu hành, toàn bộ sản phẩm sẽ được giám sát thông ...",DISCOVERED_UNSCREENED
MOH,moh.gov.vn,DQ-IMPL-04,21,https://moh.gov.vn/index.jsp?pageId=5803&aid=166878&cid=8430,"Y tế vào danh mục 20 cơ sở dữ liệu quốc gia, bước tiến ...",... trí tuệ nhân tạo; cơ sở dữ liệu quốc gia về tài chính; cơ sở dữ liệu ... Bệnh án điện tử - bước đột phá trong hệ thống bệnh viện quân y · Chuẩn hóa dữ ...,DISCOVERED_UNSCREENED
MOH,moh.gov.vn,DQ-IMPL-04,22,https://moh.gov.vn/index.jsp?pageId=5803&aid=168224&cid=8351,Đoàn công tác Bộ Y tế làm việc với các trường đại học của ...,"Thứ trưởng Bộ Y tế: Hoàn thiện thể chế, chuyển đổi số và hậu kiểm là trọng tâm quản lý thiết bị y tế · Thứ trưởng Bộ Y tế Đỗ Xuân Tuyên phát ...",DISCOVERED_UNSCREENED
MOH,moh.gov.vn,DQ-IMPL-04,23,https://benhandientu.moh.gov.vn/,Danh sách bệnh viện công bố bệnh án - Bộ Y tế,"Loại bệnh việnBV nhà nướcCSYT tư nhânBV quốc tếHạng bệnh việnBệnh viện hạng 1Bệnh viện hạng 2Bệnh viện hạng 3Bệnh viện hạng đặc biệtTình thành/phốTP. Hà NộiTP. Hồ Chí MinhTP. Hải PhòngTP. Đà NẵngTP. Cần ThơTỉnh An GiangTỉnh Bắc GiangTỉnh Bắc KạnTỉnh Bạc LiêuTỉnh Bắc NinhTỉnh Bình DươngTỉnh Bình ĐịnhTỉnh Bình PhướcTỉnh Bình ThuậnTỉnh Bến TreTỉnh Bà Rịa - Vũng TàuTỉnh Cà MauTỉnh Cao BằngTỉnh Đồng NaiTỉnh Đồng ThápTỉnh Đắk LắkTỉnh Đắk NôngTỉnh Điện BiênTỉnh Gia LaiTỉnh Hoà BìnhTỉnh Hà GiangTỉnh Hà TĩnhTỉnh Hưng YênTỉnh Hải DươngTỉnh Hà NamTỉnh Hậu GiangTỉnh Khánh HòaTỉnh Kiên GiangTỉnh Kon TumTỉnh Long AnTỉnh Lạng SơnTỉnh Lai ChâuTỉnh Lâm ĐồngTỉnh Lào CaiTỉnh Nghệ AnTỉnh Ninh BìnhTỉnh Ninh ThuậnTỉnh Nam ĐịnhTỉnh Phú ThọTỉnh Phú YênTỉnh Quảng BìnhTỉnh Quảng TrịTỉnh Quảng NinhTỉnh Quảng NgãiTỉnh Quảng NamTỉnh Sóc TrăngTỉnh Sơn LaTỉnh Trà VinhTỉnh Thanh HóaTỉnh Thái BìnhTỉnh Thái NguyênTỉnh Tiền GiangTỉnh Tuyên QuangTỉnh Thừa Thiên HuếTỉnh Tây NinhTỉnh Vĩnh LongTỉnh Vĩnh PhúcTỉnh Yên Bái

KẾT QUẢ TRA CỨU/LỌC DỮ LIỆU: Tổng có 1253 bệnh viện

| STT | Ngày triển khai chính thức | Logo | Tên bệnh viện | Website | Tài liệu đính kèm |
|-|-|-|-|-|-|
| 1 | 16/12/2019 | ![](https://benhandientu.moh.gov.vn/storage/uploads/2023/12/download-15-1703050719.png) | ### Bệnh viện Sản Nhi Quảng Ninh | [[https://sannhiquangninh.vn/](https://sannhiquangninh.vn/)](https://sannhiquangninh.vn/) | [Xem Quyết định công bố](https://benhandientu.moh.gov.vn/storage/uploads/2024/02/3-qd-trien-khai-emr-cua-benh-vien-san-nhi-tinh-quang-ninh-1708656222.pdf) |
| 2 | 01/09/2019 | ![](https://benhandientu.moh.gov.vn/storage/uploads/2023/12/download-17-1703050991.png) | ### Bệnh viện đa khoa quốc tế Hải Phòng | [[https://hih.vn/](https://hih.vn/)](https://hih.vn/) | [Xem Quyết định công bố](https://benhandientu.moh.gov.vn/storage/uploads/2024/02/1-qd-trien-khai-emr-cua-benh-vien-dkqt-hai-phong-1708655969.pdf) |
| 3 | 01/10/2019 | ![](https://benhandientu.moh.gov.vn/storage/uploads/2023/12/download-16-1703050832.png) | ### Bệnh viện đa khoa khu vực An Giang | [[https://bvkvcd.com.vn/](https://bvkvcd.com.vn/)](https://bvkvcd.com.vn/) | [Xem Quyết định công bố](https://benhandientu.moh.gov.vn/storage/uploads/2024/02/2-qd-trien-khai-emr-cua-benh-vien-dk-khu-vuc-tinh-an-giang-1708656027.pdf) |
| 4 | 20/02/2020 | ![](https://benhandientu.moh.gov.vn/storage/uploads/2023/12/download-14-1703050564.png) | ### Bệnh viện đa khoa tỉnh Phú Thọ | [[https://benhviendakhoatinhphutho.vn/](https://benhviendakhoatinhphutho.vn/)](https://benhviendakhoatinhphutho.vn/) | [Xem Quyết định công bố](https://benhandientu.moh.gov.vn/storage/uploads/2024/02/4-qd-trien-khai-emr-cua-benh-vien-dk-tinh-phu-tho-1708656572.pdf) |
| 5 | 24/02/2020 | ![](https://benhandientu.moh.gov.vn/storage/uploads/2023/12/download-36-1703050475.jpg) | ### Bệnh viện đa khoa Nông nghiệp – Bộ NN&PTNT | [[http://benhviendakhoanongnghiep.vn/](http://benhviendakhoanongnghiep.vn/)](http://benhviendakhoanongnghiep.vn/) | [Xem Quyết định công bố](https://benhandientu.moh.gov.vn/storage/uploads/2024/02/5-qd-trien-khai-emr-cua-benh-vien-dk-nong-nghiep-bo-nnpt-nt-1708656684.pdf) |
| 6 | 09/03/2020 | ![](https://benhandientu.moh.gov.vn/storage/uploads/2023/12/download-13-1703050354.png) | ### Bệnh viện đa khoa khu vực Long Khánh – tỉnh Đồng Nai | [[http://www.benhvienlongkhanh.vn/](http://www.benhvienlongkhanh.vn/)](http://www.benhvienlongkhanh.vn/) | [Xem Quyết định công bố](https://benhandientu.moh.gov.vn/storage/uploads/2024/02/6-qd-trien-khai-emr-cua-benh-vien-dk-khu-vuc-long-khanh-tinh-dong-nai-1708656702.pdf) |
| 7 | 09/07/2020 | ![](https://benhandientu.moh.gov.vn/storage/uploads/2023/12/download-12-1703050256.png) | ### Bệnh viện đa khoa TP. Vinh – tỉnh Nghệ An | [[http://benhvienthanhphovinh.vn/](http://benhvienthanhphovinh.vn/)](http://benhvienthanhphovinh.vn/) | [Xem Quyết định công bố](https://benhandientu.moh.gov.vn/storage/uploads/2024/02/7-qd-trien-khai-emr-cua-benh-vien-dk-tp-vinh-tinh-nghe-an-1708656812.pdf) |
| 8 | 12/10/2020 | ![](https://benhandientu.moh.gov.vn/storage/uploads/2023/12/download-30-1703049738.jpg) | ### Bệnh viện đa khoa tỉnh Quảng Ninh | [[https://www.benhviendakhoatinhquangninh.vn/](https://www.benhviendakhoatinhquangninh.vn/)](https://www.benhviendakhoatinhquangninh.vn/) | [Xem Quyết định công bố](https://benhandientu.moh.gov.vn/storage/uploads/2024/02/9-qd-trien-khai-emr-cua-benh-vien-dk-tinh-quang-ninh-1708659488.pdf) |
| 9 | 01/11/2020 | ![](https://benhandientu.moh.gov.vn/storage/uploads/2023/12/download-32-1703049978.jpg) | ### Bệnh viện đa khoa Quang Khởi – tỉnh Nghệ An | [[http://quangkhoi.org/](http://quangkhoi.org/)](http://quangkhoi.org/) | [Xem Quyết định công bố](https://benhandientu.moh.gov.vn/storage/uploads/2024/02/8-qd-trien-khai-emr-cua-benh-vien-dk-quang-khoi-tinh-nghe-an-1708659345.pdf) |
| 10 | 12/11/2020 | ![](https://benhandientu.moh.gov.vn/storage/uploads/2023/12/download-28-1703049648.jpg) | ### Bệnh viện Bãi Cháy - tỉnh Quảng Ninh | [[http://benhvienbaichay.vn/](http://benhvienbaichay.vn/)](http://benhvienbaichay.vn/) | [Xem Quyết định công bố](https://benhandientu.moh.gov.vn/storage/uploads/2024/02/10-qd-trien-khai-emr-cua-benh-vien-bai-chay-tinh-quang-ninh-da-nen-1708935727.pdf) |

- [Trang 1](https://benhandientu.moh.gov.vn/?page=1)
- [<<](https://benhandientu.moh.gov.vn/)
- [>>](https://benhandientu.moh.gov.vn/?page=2)
- [Trang 126](https://benhandientu.moh.gov.vn/?page=126)",DISCOVERED_UNSCREENED
MOH,moh.gov.vn,DQ-IMPL-04,24,https://moh.gov.vn/index.jsp?pageId=5803&aid=134434&cid=8354,Cổng thông tin,"Mới đây, qua kiểm tra tại bệnh viện này, bà Trần Thị Nhị Hà, Phó Giám đốc Sở ... Phần mềm trí tuệ nhân tạo AI hay còn gọi là ""IBM Watson for Oncology ...",DISCOVERED_UNSCREENED
MOH,moh.gov.vn,DQ-IMPL-04,25,https://moh.gov.vn/index.jsp?pageId=5803&aid=167745&cid=8351,Cổng thông tin,"Nếu không thay đổi tư duy quản trị, chậm ứng dụng công nghệ và chậm đổi mới thì bệnh viện sẽ tụt hậu, khó thực hiện tự chủ và khó đáp ứng yêu ...",DISCOVERED_UNSCREENED
MOH,moh.gov.vn,DQ-IMPL-04,26,https://moh.gov.vn/index.jsp?pageId=5803&aid=153948&cid=8407,Bộ Y tế trả lời kiến nghị của cử tri tỉnh Hà Tĩnh gửi tới trước ...,"... trí tuệ nhân tạo (AI) và phân tích dữ liệu lớn để thu thập thông tin từ nhiều nguồn như cộng đồng, cơ sở y tế, doanh nghiệp, mạng xã hội và các chương trình ...",DISCOVERED_UNSCREENED
MOH,moh.gov.vn,DQ-IMPL-04,27,https://moh.gov.vn/index.jsp?pageId=5803&aid=151828&cid=8360,Kế hoạch thực hiện Quy hoạch mạng lưới cơ sở ...,"Kế hoạch thực hiện Quy hoạch mạng lưới cơ sở y tế tầm nhìn đến năm 2050 · Khuyến khích đầu tư tư nhân phát triển các dịch vụ kỹ thuật cao, tiên tiến hiện đại, ...",DISCOVERED_UNSCREENED
MOH,moh.gov.vn,DQ-IMPL-04,28,https://imda.moh.gov.vn/documents/10182/10030600/Duthaoquyetdinh15.06.2026/6eb7602d-d855-489e-81ef-e663fabd5d4a,DỰ THẢO Ngày 15/6/2026 - Trang thiết bị y tế,"- Tiếp tục ứng dụng công nghệ thông tin, chuyển đổi số, trí tuệ nhân tạo gắn với phân cấp, phân quyền, đơn giản hóa thủ tục hành chính, cắt giảm ...",DISCOVERED_UNSCREENED
MOH,moh.gov.vn,DQ-IMPL-04,29,https://moh.gov.vn/index.jsp?pageId=5803&aid=167078&cid=8356,"Tăng cường bảo vệ, chăm sóc và nâng cao sức khỏe nhân ...","Khối Bệnh viện · Khối Viện · Khối các trường Đại học, Cao đẳng · Các Tổng công ty · Sở y tế các tỉnh, thành phố trực thuộc TW · Y tế các ngành. Tăng cường bảo ...",DISCOVERED_UNSCREENED
MOH,moh.gov.vn,DQ-IMPL-04,30,https://moh.gov.vn/index.jsp?pageId=5803&aid=167271&cid=7241,Sốt xuất huyết Dengue tại miền Trung - Tây Nguyên,"Khối Bệnh viện · Khối Viện · Khối các trường Đại học, Cao đẳng · Các Tổng công ty · Sở y tế các tỉnh, thành phố trực thuộc TW · Y tế các ngành. Sốt xuất huyết ...",DISCOVERED_UNSCREENED
MOH,moh.gov.vn,DQ-IMPL-04,31,https://moh.gov.vn/index.jsp?pageId=5803&aid=126660&cid=8354,Cổng thông tin,"Ví dụ yêu cầu xét nghiệm hậu quả của máu về bệnh phóng xạ, máu khó đông… vì không phải cơ sở y tế nào cũng đủ thiết bị để xét nghiệm. 7. Một gia đình ở Hà Giang ...",DISCOVERED_UNSCREENED
MOH,moh.gov.vn,DQ-IMPL-04,32,https://moh.gov.vn/index.jsp?pageId=5803&aid=127295&cid=8354,Cổng thông tin,"Bộ Y tế: Đề xuất tăng cường hậu kiểm lĩnh vực trang thiết bị y tế. Sau gần 2 ... Bên cạnh đó, sự phối hợp của Bộ Y tế với sở y tế trong thanh, kiểm tra ...",DISCOVERED_UNSCREENED
MOH,moh.gov.vn,DQ-IMPL-04,33,https://moh.gov.vn/index.jsp?pageId=5803&aid=168620&cid=7241,Mỗi tác phẩm dự thi là lời tri ân và lan tỏa tinh thần chủ ...,"... Sở Y tế, Trung tâm Kiểm soát bệnh tật các tỉnh, thành phố, các cơ ... Trí tuệ nhân tạo (AI). Tác giả được phép sử dụng AI trong các khâu hậu ...",DISCOVERED_UNSCREENED
MOH,moh.gov.vn,DQ-IMPL-04,34,https://dichvucong.moh.gov.vn/phan-anh-kien-nghi,PHẢN ÁNH KIẾN NGHỊ,"Liên kết. DVC Sở Y tế Hà Nội, DVC Sở Y tế TP. Hồ Chí Minh, DVC Sở Y tế Hải Phòng, DVC Sở Y tế Cần Thơ, DVC Sở Y tế Quảng Ninh, DVC Sở Y tế Đà Nẵng, DVC Sở Y tế ...",DISCOVERED_UNSCREENED
MOH,moh.gov.vn,DQ-IMPL-04,35,https://moh.gov.vn/index.jsp?pageId=5803&aid=150505&cid=7243,Chiến lược phát triển ngành Dược: Xác định hướng đi để ...,"Sở y tế các tỉnh, thành phố trực thuộc TW · Y tế các ngành. Chiến lược phát ... Đồng thời, tăng cường hệ thống thanh tra và kiểm tra hậu mại đối với các ...",DISCOVERED_UNSCREENED
MOH,moh.gov.vn,DQ-IMPL-04,36,https://moh.gov.vn/index.jsp?pageId=5801&cid=8430,Cổng thông tin,AI trong bệnh viện: Người bệnh ... tế để tạo nguồn thông tin vận hành trí tuệ nhân tạo (AI). 26/10/2025 11 ...,DISCOVERED_UNSCREENED
MOH,moh.gov.vn,DQ-IMPL-04,37,https://moh.gov.vn/index.jsp?pageId=5803&aid=156393&cid=8358,"Bộ trưởng Bộ Y tế Đào Hồng Lan thăm, chúc Tết các đơn vị ...","Đồng chí Đào Hồng Lan, Ủy viên Trung ương Đảng, Bộ trưởng Bộ Y tế thăm, chúc Tết Sở Y tế thành phố Hải Phòng. Tham gia đoàn công tác có đồng chí Phạm Minh ...",DISCOVERED_UNSCREENED
MOH,moh.gov.vn,DQ-IMPL-04,38,https://adminmoh.moh.gov.vn/vi_VN/web/guest/hoat-dong-cua-lanh-dao-bo/-/asset_publisher/TW6LTp1ZtwaN/content/tang-cuong-nang-luc-kiem-soat-benh-khong-lay-nhiem-sau-ai-dich,Tăng cường năng lực kiểm soát bệnh không lây nhiễm sau ...,"Ngày 11/7/2024, Viện Vệ sinh dịch tễ Trung ương (Bộ Y tế) phối hợp với Sở Y tế ... hậu quả, di chứng nặng nề. Trong khi đó tỷ lệ người mắc ...",DISCOVERED_UNSCREENED
MOH,moh.gov.vn,DQ-IMPL-04,39,https://moh.gov.vn/index.jsp?pageId=5803&aid=151994&cid=8358,Lấy sức khỏe người dân làm trung tâm của mọi chính sách,"... hậu và các nguy cơ dịch bệnh mới nổi. Bên cạnh đó, Bộ Y tế cũng chú ... sở y tế công lập làm căn cứ cho các đơn vị thực hiện nhiệm vụ · Bộ trưởng Bộ Y ...",DISCOVERED_UNSCREENED
MOH,moh.gov.vn,DQ-IMPL-04,40,https://moh.gov.vn/index.jsp?pageId=5803&aid=134817&cid=8354,Cổng thông tin,"Qua kiểm tra, tiến độ kết nối quầy thuốc tư nhân tại một số huyện còn chậm. Trước thực trạng nói trên, Sở Y tế Hà Nội vừa ban hành Thông báo số 1847/ TB-SYT đề ...",DISCOVERED_UNSCREENED
MOH,moh.gov.vn,DQ-IMPL-04,41,https://moh.gov.vn/index.jsp?pageId=5803&aid=126623&cid=8354,Cổng thông tin Bộ Y tế,... y tế ở các cơ sở y tế công lập tại tỉnh Gia Lai. Kết quả kiểm tra tại 20 trạm y tế và ban y tế ... hậu phẫu cho bệnh nhân vừa phẫu thuật thẩm mỹ. Clip dài ...,DISCOVERED_UNSCREENED
MOH,moh.gov.vn,DQ-IMPL-04,42,https://moh.gov.vn/index.jsp?pageId=5803&aid=127010&cid=8354,Cổng thông tin Bộ Y tế,... ai vì nó có thể dẫn tới hậu quả không thể lường trước được. Nhận biết ... Trước đó Sở Y tế Hà Nội kiểm tra nhà thuốc Thọ Thế Đường phát hiện nơi đây ...,DISCOVERED_UNSCREENED
MOH,moh.gov.vn,DQ-IMPL-04,43,https://moh.gov.vn/index.jsp?pageId=5801&cid=8356,Cổng thông tin,Bộ Y tế siết ... Viện Kiểm định Quốc gia Vắc xin và Sinh phẩm Y tế tổng kết công tác giám ...,DISCOVERED_UNSCREENED
MOH,moh.gov.vn,DQ-IMPL-04,44,https://moh.gov.vn/index.jsp?pageId=5803&aid=126116&cid=8354,Cổng thông tin Bộ Y tế,"... Hậu, Hà Nội) có hành vi vi phạm quảng cáo sản phẩm thực phẩm chức năng mà ... Sở Y tế Hà Nội sẽ tiến hành kiểm tra việc thực hiện Luật phòng, chống tác ...",DISCOVERED_UNSCREENED
MOH,moh.gov.vn,DQ-IMPL-05,1,https://moh.gov.vn/index.jsp?pageId=5803&aid=156765&cid=7262,Trí tuệ nhân tạo và tương lai hệ thống Y tế Việt Nam,Trí tuệ nhân tạo (AI) là công nghệ cho phép máy tính học hỏi từ dữ liệu ... Hướng dẫn người dân lấy số khám chữa bệnh tự động tại cơ sở y tế. Ảnh: CTV ...,DISCOVERED_UNSCREENED
MOH,moh.gov.vn,DQ-IMPL-05,2,https://moh.gov.vn/index.jsp?pageId=5803&aid=167205&cid=8430,"Ứng dụng trí tuệ nhân tạo trong giải phẫu bệnh, tầm soát ...","... bệnh sẽ kiểm tra, đối chiếu và đưa ra chẩn đoán cuối cùng. Bác sĩ ... sở y tế trong tỉnh đẩy mạnh ứng dụng công nghệ, đặc biệt là AI sẽ ...",DISCOVERED_UNSCREENED
MOH,moh.gov.vn,DQ-IMPL-05,3,https://moh.gov.vn/,Cổng thông tin Bộ Y tế,... Thứ trưởng Nguyễn Tri Thức trao các Quyết định của Bộ trưởng Bộ Y tế bổ nhiệm hai Phó Viện trưởng Viện Kiểm định Quốc gia Vắc xin và Sinh phẩm y tế.,DISCOVERED_UNSCREENED
MOH,moh.gov.vn,DQ-IMPL-05,4,https://moh.gov.vn/index.jsp?pageId=5803&aid=153649&cid=8409,Bộ Y tế trả lời kiến nghị của cử tri tỉnh Đồng Nai gửi tới ...,"Cục An toàn thực phẩm (Bộ Y tế) đã thành lập 05 tổ kiểm tra đột xuất tại các tỉnh để kiểm soát việc sản xuất, xuất khẩu, nhập khẩu, kinh doanh nguyên liệu thực ...",DISCOVERED_UNSCREENED
MOH,moh.gov.vn,DQ-IMPL-05,5,https://moh.gov.vn/index.jsp?pageId=5803&aid=137858&cid=7260,Thông tin cải cách hành chính tháng 10/2020,- Làm việc với các Bệnh viện trực thuộc Bộ và Cục Kiểm soát thủ tục hành ... Một số bệnh viện ứng dụng trí tuệ nhân tạo trong giám sát phác đồ điều trị ...,DISCOVERED_UNSCREENED
MOH,moh.gov.vn,DQ-IMPL-05,6,https://adminmoh.moh.gov.vn/web/guest/tin-tong-hop/-/asset_publisher/k206Q9qkZOqn/content/tang-cuong-tu-kiem-tra-thanh-tra-tai-cac-co-so-kham-chua-benh-y-hoc-co-truyen?inheritRedirect=false&redirect=https%3A%2F%2Fadminmoh.moh.gov.vn%3A443%2Fweb%2Fguest%2Ftin-tong-hop%3Fp_p_id%3D101_INSTANCE_k206Q9qkZOqn%26p_p_lifecycle%3D0%26p_p_state%3Dnormal%26p_p_mode%3Dview%26p_p_col_id%3Drow-0-column-2%26p_p_col_count%3D1%26_101_INSTANCE_k206Q9qkZOqn_advancedSearch%3Dfalse%26_101_INSTANCE_k206Q9qkZOqn_keywords%3D%26_101_INSTANCE_k206Q9qkZOqn_delta%3D20%26p_r_p_564233524_resetCur%3Dfalse%26_101_INSTANCE_k206Q9qkZOqn_cur%3D78%26_101_INSTANCE_k206Q9qkZOqn_andOperator%3Dtrue,"Tăng cường tự kiểm tra, thanh tra tại các cơ sở khám, chữa bệnh ...","... Y tế; Sở Y tế các tỉnh, thành phố; Bệnh viện y học cổ truyền các tỉnh, thành phố. Tăng cường tự kiểm tra, thanh tra tại các cơ sở khám, chữa bệnh. Hệ thống bệnh ...",DISCOVERED_UNSCREENED
MOH,moh.gov.vn,DQ-IMPL-05,7,https://cds.moh.gov.vn/trang-chu/-/asset_publisher/9VNAsbzkEbQA/content/buoc-ot-pha-trong-chuyen-oi-so-y-te-huong-toi-y-te-thong-minh?inheritRedirect=false,Bước đột phá trong chuyển đổi số y tế - hướng tới ...,"Để hiện đại hóa ngành y tế địa phương, Sở Y tế đang xây dựng đề án “Phát triển y tế thông minh tỉnh Bắc Ninh giai đoạn 2025 - 2030”. Đề án này hướng tới việc ...",DISCOVERED_UNSCREENED
MOH,moh.gov.vn,DQ-IMPL-05,8,https://moh.gov.vn/index.jsp?pageId=5803&aid=134677&cid=8354,Cổng thông tin,"... bệnh viện, cơ sở y tế có đủ điều kiện cấp. Thanh tra Sở tăng cường tuần tra kiểm soát phát hiện vi phạm, đặc biệt đối với các lỗi về sức khỏe của người lái ...",DISCOVERED_UNSCREENED
MOH,moh.gov.vn,DQ-IMPL-05,9,https://moh.gov.vn/index.jsp?pageId=5803&aid=168227&cid=7262,Tiềm năng rất lớn nhưng không thể thay thế bác sĩ,"Tại Việt Nam, nhiều cơ sở y tế đã đưa AI vào thực tiễn khám chữa ... AI để kiểm soát tương tác thuốc và hỗ trợ kê đơn an toàn. Hệ thống ...",DISCOVERED_UNSCREENED
MOH,moh.gov.vn,DQ-IMPL-05,10,https://cds.moh.gov.vn/tin-tuc-tong-hop-chi-tieu-cds/-/asset_publisher/q59FuAXJObVO/content/ai-trong-benh-vien-nguoi-benh-uoc-loi-gi-?inheritRedirect=false,AI trong bệnh viện: Người bệnh được lợi gì? - Tin tức tổng hợp,"... bệnh viện. AI trong bệnh viện và ""mỏ dữ liệu sạch"" ... kiểm soát dịch bệnh; công nghệ tế bào và y học ... sở y tế là yêu cầu rất cấp bách. Điều này đặt ra ...",DISCOVERED_UNSCREENED
MOH,moh.gov.vn,DQ-IMPL-05,11,https://moh.gov.vn/index.jsp?pageId=5803&aid=153168&cid=8431,Nâng cao chất lượng dịch vụ ở Bệnh viện Việt Nam,Trong đợt kiểm định chất lượng năm 2024 do Sở Y tế Quảng Ninh thực ... Phòng Điều dưỡng Bệnh viện Việt Nam- Thuỵ Điển Uông Bí kiểm tra quy trình kỹ ...,DISCOVERED_UNSCREENED
MOH,moh.gov.vn,DQ-IMPL-05,12,https://moh.gov.vn/index.jsp?pageId=5803&aid=168759&cid=7241,Nền tảng xây dựng bệnh viện thông minh,"Theo Phó Giám đốc Sở Y tế Hà Nội Nguyễn Đình Hưng, đến nay, 100% các bệnh viện công lập (42 đơn vị) trên địa bàn thành phố hoàn thành triển khai ...",DISCOVERED_UNSCREENED
MOH,moh.gov.vn,DQ-IMPL-05,13,https://moh.gov.vn/index.jsp?pageId=5803&aid=153004&cid=8356,Ứng dụng công nghệ thông tin và chuyển đổi số (CĐS ...,"... Trí tuệ nhân tạo (AI), Dữ liệu lớn (Big Data), Internet vạn vật (IoT) ... Ban lãnh đạo Sở Y tế Ninh Bình và các Trung tâm Y tế huyện có thể truy cập ...",DISCOVERED_UNSCREENED
MOH,moh.gov.vn,DQ-IMPL-05,14,https://moh.gov.vn/index.jsp?pageId=5803&aid=134817&cid=8354,Cổng thông tin,"Qua kiểm tra, tiến độ kết nối quầy thuốc tư nhân tại một số huyện còn chậm. Trước thực trạng nói trên, Sở Y tế Hà Nội vừa ban hành Thông báo số 1847/ TB-SYT đề ...",DISCOVERED_UNSCREENED
MOH,moh.gov.vn,DQ-IMPL-05,15,https://moh.gov.vn/index.jsp?pageId=5803&aid=154896&cid=7262,bước tiến mới trong chăm sóc sức khỏe nhân dân,"Trong đó, 100% bệnh viện công lập và trung tâm y tế đã đưa vào sử dụng phần ... kiểm soát chất lượng dịch vụ và quản lý thuốc, vật tư y tế hiệu quả ...",DISCOVERED_UNSCREENED
MOH,moh.gov.vn,DQ-IMPL-05,16,https://moh.gov.vn/index.jsp?pageId=5803&aid=167247&cid=8358,Phó Thủ tướng Chính phủ Phạm Thị Thanh Trà thăm và ...,"... Viện, Bệnh viện, Trường trực thuộc Bộ Y tế. Ủy viên Ban Chấp hành ... Bên cạnh đó, ngành Y tế cũng đang ứng dụng trí tuệ nhân tạo (AI) ...",DISCOVERED_UNSCREENED
MOH,moh.gov.vn,DQ-IMPL-05,17,https://moh.gov.vn/index.jsp?pageId=5803&aid=126575&cid=8354,Cổng thông tin,"Phó Thủ tướng Chính phủ Vũ Đức Đam đề nghị UBND các tỉnh, thành phố chỉ đạo triển khai:1. Quán triệt, đôn đốc, kiểm tra giám sát việc triển khai;2. Đảm bảo điều ...",DISCOVERED_UNSCREENED
MOH,moh.gov.vn,DQ-IMPL-05,18,https://moh.gov.vn/index.jsp?pageId=5803&aid=126018&cid=8354,Cổng thông tin,"3 đoàn kiểm tra hành nghề y dược ngoài công lập của Sở Y tế Hà Nội ra quân trong 2 tuần qua đã phát hiện hàng loạt sai phạm tại các phòng khám tư, nhà thuốc tư.",DISCOVERED_UNSCREENED
MOH,moh.gov.vn,DQ-IMPL-05,19,https://cds.moh.gov.vn/-/-oan-kiem-tra-so-185-cua-ban-can-su-ang-bo-y-te-lam-viec-tai-benh-vien-bach-mai-va-truong-ai-hoc-y-ha-noi-ve-cong-tac-chuyen-oi-so,Đoàn Kiểm tra số 185 của Ban cán sự Đảng ...,"Nhà trường tiếp tục xây dựng, trình Bộ Y tế thẩm định Đề án tổng thể ứng dụng công nghệ thông tin giai đoạn đến năm 2030. Tại buổi làm việc, Đoàn Kiểm tra ...",DISCOVERED_UNSCREENED
MOH,moh.gov.vn,DQ-IMPL-05,20,https://moh.gov.vn/index.jsp?pageId=5803&aid=167835&cid=8430,Chuyển đổi số để quản trị rủi ro an toàn thực phẩm từ gốc,"... quản lý chất lượng sản phẩm thiên nhiên dưới sự hỗ trợ của AI. Trong khi đó, Viện Kiểm nghiệm an toàn vệ sinh thực phẩm Quốc gia giới thiệu ...",DISCOVERED_UNSCREENED
MOH,moh.gov.vn,DQ-IMPL-05,21,https://benhandientu.moh.gov.vn/,Danh sách bệnh viện công bố bệnh án - Bộ Y tế,"Loại bệnh việnBV nhà nướcCSYT tư nhânBV quốc tếHạng bệnh việnBệnh viện hạng 1Bệnh viện hạng 2Bệnh viện hạng 3Bệnh viện hạng đặc biệtTình thành/phốTP. Hà NộiTP. Hồ Chí MinhTP. Hải PhòngTP. Đà NẵngTP. Cần ThơTỉnh An GiangTỉnh Bắc GiangTỉnh Bắc KạnTỉnh Bạc LiêuTỉnh Bắc NinhTỉnh Bình DươngTỉnh Bình ĐịnhTỉnh Bình PhướcTỉnh Bình ThuậnTỉnh Bến TreTỉnh Bà Rịa - Vũng TàuTỉnh Cà MauTỉnh Cao BằngTỉnh Đồng NaiTỉnh Đồng ThápTỉnh Đắk LắkTỉnh Đắk NôngTỉnh Điện BiênTỉnh Gia LaiTỉnh Hoà BìnhTỉnh Hà GiangTỉnh Hà TĩnhTỉnh Hưng YênTỉnh Hải DươngTỉnh Hà NamTỉnh Hậu GiangTỉnh Khánh HòaTỉnh Kiên GiangTỉnh Kon TumTỉnh Long AnTỉnh Lạng SơnTỉnh Lai ChâuTỉnh Lâm ĐồngTỉnh Lào CaiTỉnh Nghệ AnTỉnh Ninh BìnhTỉnh Ninh ThuậnTỉnh Nam ĐịnhTỉnh Phú ThọTỉnh Phú YênTỉnh Quảng BìnhTỉnh Quảng TrịTỉnh Quảng NinhTỉnh Quảng NgãiTỉnh Quảng NamTỉnh Sóc TrăngTỉnh Sơn LaTỉnh Trà VinhTỉnh Thanh HóaTỉnh Thái BìnhTỉnh Thái NguyênTỉnh Tiền GiangTỉnh Tuyên QuangTỉnh Thừa Thiên HuếTỉnh Tây NinhTỉnh Vĩnh LongTỉnh Vĩnh PhúcTỉnh Yên Bái

KẾT QUẢ TRA CỨU/LỌC DỮ LIỆU: Tổng có 1253 bệnh viện

| STT | Ngày triển khai chính thức | Logo | Tên bệnh viện | Website | Tài liệu đính kèm |
|-|-|-|-|-|-|
| 1 | 16/12/2019 | ![](https://benhandientu.moh.gov.vn/storage/uploads/2023/12/download-15-1703050719.png) | ### Bệnh viện Sản Nhi Quảng Ninh | [[https://sannhiquangninh.vn/](https://sannhiquangninh.vn/)](https://sannhiquangninh.vn/) | [Xem Quyết định công bố](https://benhandientu.moh.gov.vn/storage/uploads/2024/02/3-qd-trien-khai-emr-cua-benh-vien-san-nhi-tinh-quang-ninh-1708656222.pdf) |
| 2 | 01/09/2019 | ![](https://benhandientu.moh.gov.vn/storage/uploads/2023/12/download-17-1703050991.png) | ### Bệnh viện đa khoa quốc tế Hải Phòng | [[https://hih.vn/](https://hih.vn/)](https://hih.vn/) | [Xem Quyết định công bố](https://benhandientu.moh.gov.vn/storage/uploads/2024/02/1-qd-trien-khai-emr-cua-benh-vien-dkqt-hai-phong-1708655969.pdf) |
| 3 | 01/10/2019 | ![](https://benhandientu.moh.gov.vn/storage/uploads/2023/12/download-16-1703050832.png) | ### Bệnh viện đa khoa khu vực An Giang | [[https://bvkvcd.com.vn/](https://bvkvcd.com.vn/)](https://bvkvcd.com.vn/) | [Xem Quyết định công bố](https://benhandientu.moh.gov.vn/storage/uploads/2024/02/2-qd-trien-khai-emr-cua-benh-vien-dk-khu-vuc-tinh-an-giang-1708656027.pdf) |
| 4 | 20/02/2020 | ![](https://benhandientu.moh.gov.vn/storage/uploads/2023/12/download-14-1703050564.png) | ### Bệnh viện đa khoa tỉnh Phú Thọ | [[https://benhviendakhoatinhphutho.vn/](https://benhviendakhoatinhphutho.vn/)](https://benhviendakhoatinhphutho.vn/) | [Xem Quyết định công bố](https://benhandientu.moh.gov.vn/storage/uploads/2024/02/4-qd-trien-khai-emr-cua-benh-vien-dk-tinh-phu-tho-1708656572.pdf) |
| 5 | 24/02/2020 | ![](https://benhandientu.moh.gov.vn/storage/uploads/2023/12/download-36-1703050475.jpg) | ### Bệnh viện đa khoa Nông nghiệp – Bộ NN&PTNT | [[http://benhviendakhoanongnghiep.vn/](http://benhviendakhoanongnghiep.vn/)](http://benhviendakhoanongnghiep.vn/) | [Xem Quyết định công bố](https://benhandientu.moh.gov.vn/storage/uploads/2024/02/5-qd-trien-khai-emr-cua-benh-vien-dk-nong-nghiep-bo-nnpt-nt-1708656684.pdf) |
| 6 | 09/03/2020 | ![](https://benhandientu.moh.gov.vn/storage/uploads/2023/12/download-13-1703050354.png) | ### Bệnh viện đa khoa khu vực Long Khánh – tỉnh Đồng Nai | [[http://www.benhvienlongkhanh.vn/](http://www.benhvienlongkhanh.vn/)](http://www.benhvienlongkhanh.vn/) | [Xem Quyết định công bố](https://benhandientu.moh.gov.vn/storage/uploads/2024/02/6-qd-trien-khai-emr-cua-benh-vien-dk-khu-vuc-long-khanh-tinh-dong-nai-1708656702.pdf) |
| 7 | 09/07/2020 | ![](https://benhandientu.moh.gov.vn/storage/uploads/2023/12/download-12-1703050256.png) | ### Bệnh viện đa khoa TP. Vinh – tỉnh Nghệ An | [[http://benhvienthanhphovinh.vn/](http://benhvienthanhphovinh.vn/)](http://benhvienthanhphovinh.vn/) | [Xem Quyết định công bố](https://benhandientu.moh.gov.vn/storage/uploads/2024/02/7-qd-trien-khai-emr-cua-benh-vien-dk-tp-vinh-tinh-nghe-an-1708656812.pdf) |
| 8 | 12/10/2020 | ![](https://benhandientu.moh.gov.vn/storage/uploads/2023/12/download-30-1703049738.jpg) | ### Bệnh viện đa khoa tỉnh Quảng Ninh | [[https://www.benhviendakhoatinhquangninh.vn/](https://www.benhviendakhoatinhquangninh.vn/)](https://www.benhviendakhoatinhquangninh.vn/) | [Xem Quyết định công bố](https://benhandientu.moh.gov.vn/storage/uploads/2024/02/9-qd-trien-khai-emr-cua-benh-vien-dk-tinh-quang-ninh-1708659488.pdf) |
| 9 | 01/11/2020 | ![](https://benhandientu.moh.gov.vn/storage/uploads/2023/12/download-32-1703049978.jpg) | ### Bệnh viện đa khoa Quang Khởi – tỉnh Nghệ An | [[http://quangkhoi.org/](http://quangkhoi.org/)](http://quangkhoi.org/) | [Xem Quyết định công bố](https://benhandientu.moh.gov.vn/storage/uploads/2024/02/8-qd-trien-khai-emr-cua-benh-vien-dk-quang-khoi-tinh-nghe-an-1708659345.pdf) |
| 10 | 12/11/2020 | ![](https://benhandientu.moh.gov.vn/storage/uploads/2023/12/download-28-1703049648.jpg) | ### Bệnh viện Bãi Cháy - tỉnh Quảng Ninh | [[http://benhvienbaichay.vn/](http://benhvienbaichay.vn/)](http://benhvienbaichay.vn/) | [Xem Quyết định công bố](https://benhandientu.moh.gov.vn/storage/uploads/2024/02/10-qd-trien-khai-emr-cua-benh-vien-bai-chay-tinh-quang-ninh-da-nen-1708935727.pdf) |

- [Trang 1](https://benhandientu.moh.gov.vn/?page=1)
- [<<](https://benhandientu.moh.gov.vn/)
- [>>](https://benhandientu.moh.gov.vn/?page=2)
- [Trang 126](https://benhandientu.moh.gov.vn/?page=126)",DISCOVERED_UNSCREENED
MOH,moh.gov.vn,DQ-IMPL-05,22,https://vnpa.moh.gov.vn/mot-so-giai-phap-dot-pha-tang-cuong-bao-ve-cham-soc-va-nang-cao-suc-khoe-nhan-dan/,"Một số giải pháp đột phá, tăng cường bảo vệ, chăm sóc và ...","Ngân sách nhà nước bảo đảm kinh phí chi thường xuyên và đầu tư cho y tế cơ sở, y tế dự phòng. ... y tế, kiểm định, kiểm nghiệm, kiểm chuẩn.",DISCOVERED_UNSCREENED
MOH,moh.gov.vn,DQ-IMPL-05,23,https://moh.gov.vn/index.jsp?pageId=5803&aid=167995&cid=8430,Nỗ lực cán đích thực hiện bệnh án điện tử,"Lãnh đạo Sở Y tế, VNPT Bắc Ninh kiểm tra quy trình vận hành bệnh án điện tử tại Trạm Y tế Yên Định. Ghi nhận tại Trạm Y tế Yên Định, toàn bộ ...",DISCOVERED_UNSCREENED
MOH,moh.gov.vn,DQ-IMPL-05,24,https://benhandientu.moh.gov.vn/storage/uploads/2025/10/quyet-dinh-162-ttyt-my-tu-su-dung-emr-thay-benh-an-giay-1759413339.pdf,QUYẾT ĐỊNH “V/v triển khai sử dụng và lưu trữ hồ sơ bệnh án ...,Khoa lâm sàng tự kiểm tra việc hoàn thiện HSBA và gửi HSBA lên phòng Kế hoạch - Nghiệp vụ - Điều dưỡng để Tổ kiểm tra HSBA duyệt: - Sau khi ...,DISCOVERED_UNSCREENED
MOH,moh.gov.vn,DQ-IMPL-05,25,https://moh.gov.vn/index.jsp?pageId=5803&aid=127295&cid=8354,Cổng thông tin,Bộ trưởng Bộ Y tế kiểm tra công tác y tế cơ sở ở Thái Bình. Trong chương ... tra Sở Y tế để làm rõ trách nhiệm của bác sĩ S. II. Thông tin Y tế Quốc tế.,DISCOVERED_UNSCREENED
MOH,moh.gov.vn,DQ-IMPL-05,26,https://moh.gov.vn/index.jsp?pageId=5803&aid=156486&cid=8335,Bộ trưởng Đào Hồng Lan: Đổi mới tư duy để ...,"Y tế cơ sở được kỳ vọng sẽ giúp giảm áp lực cho bệnh viện tuyến trên ... kiểm soát nguy cơ dịch bệnh, bảo đảm khả năng ứng phó nhanh ...",DISCOVERED_UNSCREENED
MOH,moh.gov.vn,DQ-IMPL-05,27,https://moh.gov.vn/index.jsp?pageId=5803&aid=168646&cid=8356,"Đổi mới phương thức quản lý, kiểm soát toàn chuỗi ...","Sở y tế các tỉnh, thành phố trực thuộc TW ... Khẩn trương hoàn thiện các điều kiện tổ chức Kỳ kiểm tra đánh giá năng lực hành nghề khám, chữa bệnh ...",DISCOVERED_UNSCREENED
MOH,moh.gov.vn,DQ-IMPL-05,28,https://moh.gov.vn/index.jsp?pageId=5803&aid=156516&cid=8335,"Thứ trưởng Bộ Y tế Trần Văn Thuấn thăm, chúc Tết và ...","Thứ trưởng Bộ Y tế Trần Văn Thuấn thăm, chúc Tết và kiểm tra công tác y tế dịp Tết Nguyên đán Bính Ngọ tại một số bệnh viện thuộc thành phố Hà ...",DISCOVERED_UNSCREENED
MOH,moh.gov.vn,DQ-IMPL-05,29,https://adminmoh.moh.gov.vn/vi_VN/web/guest/hoat-dong-cua-lanh-dao-bo/-/asset_publisher/TW6LTp1ZtwaN/content/thu-tuong-chinh-phu-pham-minh-chinh-chuc-tet-kiem-tra-cong-tac-ung-truc-tai-benh-vien-bach-mai-va-benh-vien-huu-nghi-viet-uc,"Thủ tướng Chính phủ Phạm Minh Chính chúc Tết, kiểm tra công ...","... kiểm tra công tác ứng trực tại Bệnh viện ... trí tuệ nhân tạo, chìa khóa cho chuyển đổi số y ... sở y tế. Thứ Năm, ngày 16/04/2026 15:54. Tại trụ sở ...",DISCOVERED_UNSCREENED
MOH,moh.gov.vn,DQ-IMPL-05,30,https://imda.moh.gov.vn/,Trang thiết bị y tế: Trang chủ,"Trang chủ - Trang thiết bị y tế [Truy cập nội dung luôn](https://imda.moh.gov.vn/#main-content)

THÔNG BÁO

Kính gửi Quý người dân và Quý doanh nghiệp,

Cục Hạ tầng và Thiết bị y tế xin trân trọng thông báo:

Nhằm nâng cao chất lượng dịch vụ và tạo điều kiện thuận lợi hơn cho việc truy cập và sử dụng các dịch vụ công trực tuyến về quản lý thiết bị y tế, từ ngày 01/4/2026, Cục Hạ tầng và Thiết bị y tế sẽ chuyển đổi tên miền của Cổng dịch vụ công trực tuyến như sau:

**Tên miền hiện tại:** [[https://imda.moh.gov.vn](https://imda.moh.gov.vn)](https://imda.moh.gov.vn/)

**Tên miền mới:** [[https://vimda.moh.gov.vn](https://vimda.moh.gov.vn)](https://vimda.moh.gov.vn/)

Tên miền cũ [[https://imda.moh.gov.vn](https://imda.moh.gov.vn)](https://imda.moh.gov.vn/) sẽ tiếp tục hoạt động song song cho đến hết ngày 30/9/2026 để đảm bảo Quý người dân và Quý doanh nghiệp có đủ thời gian chuyển đổi và làm quen với tên miền mới.

Chúng tôi khuyến nghị Quý người dân và Quý doanh nghiệp sử dụng tên miền mới [[https://vimda.moh.gov.vn](https://vimda.moh.gov.vn)](https://vimda.moh.gov.vn/) từ ngày 01/4/2026 để tiếp tục truy cập và sử dụng các dịch vụ công trực tuyến về quản lý thiết bị y tế.

Mọi thắc mắc, xin vui lòng liên hệ với Cục Hạ tầng và Thiết bị y tế để được hỗ trợ.

Xin trân trọng cảm ơn!

Cục Hạ tầng và Thiết bị y tế

Bộ Y tế

#### [Văn bản pháp quy](https://imda.moh.gov.vn/web/guest/van-ban-phap-quy)
****#### [Văn bản chỉ đạo điều hành](https://imda.moh.gov.vn/web/guest/van-ban-chi-ao-ieu-hanh)****

****[**Công văn số 4438/BYT-HTTB ngày 16/6/2026 của Bộ Y tế gửi Sở Y tế các tỉnh, thành phố** về việc tăng cường công tác kiểm tra, hậu kiểm thực hiện các thủ tục hành chính thuộc lĩnh vực thiết bị y tế.](https://imda.moh.gov.vn/documents//10182/10030597/Cong+van+4438.pdf/6956dd53-775d-4911-a265-8d631523f638)** - **[**Quyết định số 3830/QĐ-BYT ngày 11 tháng 12 năm 2025.** Quyết định về việc ban hành quy trình nội bộ, quy trình điện tử giải quyết thủ tục hành chính lĩnh vực thiết bị y tế thuộc thẩm quyền giải quyết của Bộ Y tế.](https://imda.moh.gov.vn/documents/10182/0/QD3830.11.12.2025/6099e16d-ac4a-4c62-a0a0-311b645c75a3)**** **- [**Các Quyết định thu hồi số lưu hành TBYT**](https://imda.moh.gov.vn/web/guest/quyet-dinh-thuhoi-dklh-ttbyt)** **- [**Các Quyết định cấp số lưu hành TBYT**](https://imda.moh.gov.vn/web/guest/quyet-dinh-dklh-ttbyt)** **- [**Các Quyết định cấp giấy chứng nhận đăng ký hoạt động kiểm định TTBYT**](https://imda.moh.gov.vn/web/guest/quyet-dinh-cap-phep-kiem-dinh-ttbyt)** **- [**Quyết định số 490/QĐ-BYT ngày 01/03/2024 của Bộ Y tế** về việc ban hành tiêu chí, nguyên tắc đánh giá Hồ sơ CSDT đối với TBYT chẩn đoán in vitro](https://imda.moh.gov.vn/documents/10182/10030597/490qdb_QD-huong-dan-ho-so-csdt-ivd.signed.pdf/267b7c09-ce3a-42c3-8568-88681673c9b1)** **- [**Quyết định số 166/QĐ-BYT ngày 22/01/2024 của Bộ Y tế** về việc ban hành tiêu chí, nguyên tắc đánh giá Hồ sơ CSDT đối với TBYT không phải là TBYT in vitro](https://imda.moh.gov.vn/documents/10182/10030597/166-bqdb-22.01.2024.signed.pdf/8aa3c2e9-b6bf-4dbb-8106-7f85091d4c47)** **- [**Văn bản số 4170/BYT-HTTB ngày 04/7/2023 của Bộ Y tế** về việc kiểm định trang thiết bị y tế](https://imda.moh.gov.vn/documents/10182/10030597/VB4170-BYT-HTTB-2023.07.04/29236671-9083-4ab8-bc3f-129f899af506)** **- [**Các số lưu hành trang thiết bị y tế theo thông tư 13/2021/TT-BYT**](https://imda.moh.gov.vn/web/guest/cac-so-luu-hanh-ttbyt-theo-thong-tu-13)** **- [**Quyết định số 5652/QĐ-BYT ngày 10/12/2021** V/v công bố thủ tục hành chính lĩnh vực trang thiết bị y tế.](https://imda.moh.gov.vn/documents/10182/0/Quy%E1%BA%BFt+%C4%91%E1%BB%8Bnh+s%E1%BB%91+5652+Q%C4%90+BYT+C%C3%B4ng+b%E1%BB%91+TTHC+l%C4%A9nh+v%E1%BB%B1c+TTBYT.pdf/05d8fc66-8a40-4e44-941d-41a80f49247a)** **- [**Quyết định số 2992/QĐ-BKHCN ngày 22/11/2021** V/v công bố Tiêu chuẩn quốc gia.](https://imda.moh.gov.vn/documents/10182/0/QD+2992_QD-BKHCN+ngay+22.11.2021+ve+viec+ban+hanh+TCVN+PPE.pdf/088666c7-964c-4da7-8b12-82c1cbd3abaf)** **- [**Quyết định số 5275/QĐ-BYT ngày 12/11/2021** V/v hướng dẫn tạm thời về việc chuyển đổi các chai chứa khí Nitơ, Argon, Oxy công nghiệp, Không khí nén sang chứa khí Oxy y tế phòng, chống dịch COVID-19](https://imda.moh.gov.vn/documents/10182/0/Quyet+dinh+tam+thoi+ve+chuyen+doi+sang+chai+chua+khi+oxy+y+te_final.signed.pdf/31eb880b-1e0e-49a8-aba5-9e36094af4f3)** **- [**Công văn số 8715/BYT-TB-CT ngày 14/10/2021** V/v trang thiết bị chẩn đoán invitro xét nghiệm SAR-CoV-2.](https://imda.moh.gov.vn/documents/10182/0/CV+BC+8715+thong+tin+test+SARSCOV2+14.10.21.pdf/5f0ab209-78ec-4953-8e12-11a93c66adea)** **- [**Quyết định số 4495/BYT-TB-CT ngày 20/09/2021** V/v công bố thủ tục hành chính mới ban hành lĩnh vực trang thiết bị y tế được quy định tại Thông tư số 13/2021/TT-BYT ngày 16 tháng 9 năm 2021 của Bộ trưởng Bộ Y tế.](https://imda.moh.gov.vn/documents/10182/0/Q%C4%90+4495+cong+bo+TTHC+Thong+tu+13+20.9.21.pdf/e65c66d1-05f2-4a1f-a40f-8bb09932ed34)** **- [**Công văn số 7033/BYT-TB-CT ngày 25/08/2021** V/v rà soát năng lực và đôn đốc tăng cường sản xuất, cung ứng Oxy y tế phục vụ phòng, chống dịch COVID-19](https://imda.moh.gov.vn/documents/10182/0/CV+gui+cac+don+vi+san+xuat-cung+ung+bao+cao+nang+luc_25.8.2021.signed.pdf/e2ce85d9-92d4-4b9d-992b-fd0ec7cde60c)** **- [**Công văn số 6547/BYT-TB-CT ngày 11/08/2021** V/v đảm bảo sản xuất, kinh doanh và rà soát công khai giá trang thiết bị y tế trong điều kiện phòng chống dịch COVID-19](https://imda.moh.gov.vn/documents/10182/0/Vu%CC%A3+TTB%26CTYT+6547_11.8.2021_Don+doc+DN+SX+NK+KD+TTBYT+cong+khai+gia.signed.pdf/99278ac6-5187-4776-9ff8-003e874d7258)** **- [**Tăng cường sản xuất, cung ứng và đầu tư, cải tạo mở rộng hệ thống Oxy khí y tế đáp ứng nhu cầu điều trị Covid-19.**](https://imda.moh.gov.vn/documents/10182/0/Ngmtuan_%C4%90a%CC%89m+ba%CC%89o+O2+y+te%CC%82%CC%81+phu%CC%A3c+vu%CC%A3+%C4%91ie%CC%82%CC%80u+tri%CC%A3+Covid-19+tre%CC%82n+ca%CC%89+nu%CC%9Bo%CC%9B%CC%81c_02.8.2021.pdf/f1d3c815-4b67-4756-a04b-525eda615b13)** **- [**Công văn số 6075/BYT-TB-CT ngày 28/7/2021** V/v thông báo danh sách các đơn vị sản xuất, cung ứng trang thiết bị bảo hộ cá nhân (PPE)](https://imda.moh.gov.vn/documents/10182/0/C%C3%B4ng+v%C4%83n+6075+k%C3%A8m+ph%E1%BB%A5+l%E1%BB%A5c+28.07.2021.pdf/913d07dd-ff5e-4f4e-8fed-b7f29e04c11e)** **- [**Công văn số 5821/BYT-TB-CT ngày 20/7/2021** V/v rà soát, có phương án đảm bảo nguồn cung ứng và sử dụng Oxy y tế cho công tác phòng chống dịch bệnh Covid-19.](https://imda.moh.gov.vn/documents/13510/0/BYT_CV+gui+cac+SYT+va+BV+truc+thuoc+Covid-19+chuan+bi+phuong+an+dam+bao+Oxy+_final.signed.pdf/d70bfe09-cd8b-4cf8-b136-465ea2dbc8e1)** **- [**Công văn số 5820/BYT-TB-CT ngày 20/7/2021** V/v đôn đốc tăng cường sản xuất, cung ứng Oxy y tế phục vụ phòng chống dịch Covid-19.](https://imda.moh.gov.vn/documents/13510/0/20.7.2021+CV+gui+dvi+DN%2C+SX+cung+ung+Oxy.signed.pdf/783a5b34-54db-4034-a410-10c7947d5c34)** **- [**Công văn số 5753/BYT-MT ngày 19/7/2021** V/v xét nghiệm và tạo điều kiện thuận lợi cho người vận chuyển hàng hóa.](https://imda.moh.gov.vn/documents/10182/0/FILE_20210719_095142_CV+BYT+tra+loi+Bo+GTVT+Bo+CT_HEMA+Edited_2021.7.19.9h15.signed.pdf/846f76b6-80ca-4f73-a38f-252d7ab548f0)** **- [**Công văn số 5776/BYT-TB-CT ngày 20/7/2021** V/v tăng cường đảm bảo công tác sản xuất, cung ứng PPE và phối hợp cung cấp thông tin phục vụ phòng chống dịch COVID-19.](https://imda.moh.gov.vn/documents/10182/0/15.7.2021+CV+gui+dvi+DN%2C+SX+cung+ung+COVID-19+-+PPE.signed.pdf/2aa6e537-d76c-4968-af86-496c2b485d9a)** **- [**Công văn số 5650/BYT-TB-CT ngày 15/7/2021** V/v nhập khẩu sinh phẩm chẩn đoán/trang thiết bị y tế chẩn đoán invitro xét nghiệm kháng nguyên SAR-CoV-2 phục vụ phòng chống dịch Covid-19.](https://imda.moh.gov.vn/documents/10182/0/CV+gui+Cty+huong+dan+viec+nhap+khau+test+khang+nguyen+SARS-Cov-2+12.7.21.signed.pdf/c4f44b18-50af-4ba0-89a1-b5a88b020e01)** **- [**Công văn số 5646/BYT-TB-CT ngày 15/7/2021** V/v cung cấp thông tin phục vụ phòng chống dịch COVID-19.](https://imda.moh.gov.vn/documents/10182/0/CV+5646+BYT-TB-CT+15.7.21+Cung+c%E1%BA%A5p+th%C3%B4ng+tin+ph%E1%BB%A5c+v%E1%BB%A5+ph%C3%B2ng+ch%E1%BB%91ng+d%E1%BB%8Bch+COVID-19.rar/56311906-4d3c-49cd-bfc4-201e5bfc1426)** **- [**Công văn số 5486/BYT-TB-CT ngày 09/7/2021** V/v báo cáo chất lượng, hiệu quả sử dụng trang thiết bị y tế/sinh phẩm chẩn đoán in vitro xét nghiệm SARS-CoV-2](https://imda.moh.gov.vn/documents/10195/0/Cong+van+gui+co+so+dang+ky%2C+nhap+khau%2C+co+so+xet+nghiem+ve+viec+bao+cao+chat+luong+TTBYT+xet+nghiem+vi+rut+SARS-CoV-2+09.7.2021.signed.pdf/ab488d34-1e25-4b12-a2d2-198716348902)** **- [**Công văn số 5414/BYT-TB-CT** V/v đăng ký, nhập khẩu sinh phẩm chẩn đoán/trang thiết bị y tế chẩn đoán invitro xét nghiệm vi rút SARS-CoV-2 phục vụ phòng chống dịch Covid-19.](https://imda.moh.gov.vn/documents/10182/0/CV+s+a+1592+30.6.2021+ban+trinh.signed.pdf/ab23df8b-3f51-4e70-8508-005c2877c6cb)** **- [**Quyết định số 3336/QĐ-BYT** V/v ban hành danh sách các đơn vị đánh giá chất lượng sinh phẩm chẩn đoán/trang thiết bị y tế chẩn đoán invitro xét nghiệm vi rút SARS-CoV-2.](https://imda.moh.gov.vn/documents/10182/0/QD+ban+hanh+co+quan+kiem+tra+chat+luong+TTBYT+xet+nghiem+SARS-CoV-2+30.6.21.signed.pdf/aa6a84c9-19fc-4101-990a-8444ebe87e42)** **- [**Công văn số 2572/BYT-TB-CT** ngày 08/4/2021 V/v bổ sung, hoàn thiện các hồ sơ đăng ký lưu hành trang thiết bị y tế](https://imda.moh.gov.vn/documents/10182/0/Cong+van+gui+Co+so+dang+ky+luu+hanh+TTBYT+san+xuat+trong+nuoc%2C+san+pham+khu+khuan+TTBYT+ngay+08.4.2021.pdf/a1e19846-50ac-4bc4-a0cc-01c14e2e1997)** **- [**Công văn số 2547/BYT-TB-CT** ngày 07/4/2021 V/v rà soát, kiểm tra các cơ sở sản xuất, kinh doanh găng tay y tế, vật tư y tế phòng, chống dịch Covid-19 trên địa bàn](https://imda.moh.gov.vn/documents/10182/0/CV+gui+SYT_Kiem+tra+don+vi+san+xuat+Gang+tay_07.4.2021.signed.pdf/71efec52-3fdc-4d3b-82d7-d406d86562fe)** **- [**Công văn số 939/BYT-TB-CT** ngày 09/02/2021 V/v hướng dẫn đăng ký lưu hành trang thiết bị y tế sản xuất trong nước và sản phẩm chỉ có 01 mục đích là khử khuẩn trang thiết bị y tế](https://imda.moh.gov.vn/documents/10182/10030597/Cong+van+gui+Co+so+DKLH+SXTN-KK.signed.pdf/dc50feb6-043e-4ca0-ba9c-d5bbc9589463)** **- [**Công văn số 724/BYT-TB-CT ngày 29/01/2021** V/v hướng dẫn, đôn đốc thực hiện đăng ký lưu hành trang thiết bị y tế](https://imda.moh.gov.vn/documents/10182/10030597/Cong+van+gui+Co+so++ang+ky+luu+hanh+29.01.2021.signed.pdf/23e081f1-23ed-4064-bde9-efa24630d83c)** **- [**Công văn số 207/BYT-KH-TC ngày 12/01/2021** V/v báo cáo việc phân phối, kinh doanh, mua bán, ký kết hợp đồng liên doanh, liên kết của Hệ thống chụp cắt lớp vi tính 128 lát cắt](https://imda.moh.gov.vn/documents/10182/10030597/12Jan2021+Cong+van+207+gui+Doanh+nghiep+bao+cao+gia+cua+01+He+thong+CT128+lat.signed.pdf/2dfa8860-c5d2-4194-a8d4-7240344c2982).** **- [**Công văn số 7395/BYT-TB-CT ngày 31/12/2020** V/v hướng dẫn chuẩn bị và nộp hồ sơ đăng ký lưu hành trang thiết bị y tế](https://imda.moh.gov.vn/documents/10182/10030597/Cong+van+gui+Don+vi++dang+ky+luu+hanh+31.12.2020.signed.pdf/74a0b3bc-c8fc-433c-ba27-a379b5ca9934).** **- [**Công văn số 6355/BYT-TB-CT ngày 18/11/2020** V/v hướng thay đổi, bổ sung hồ sơ đăng ký  Sinh phẩm chẩn đoán in vitro](https://imda.moh.gov.vn/documents/10182/10030597/CV+huong+dan+CT+ve+cac+thay+doi%2C+bo+sung+thanh+phan+ho+so+cua+SPC%C4%90+in+vitro+da+dc+BYT+cap+so+luu+hanh.pdf/9f0815eb-ee2f-4ea4-bb0a-43fb7019a386).** **- [**Công văn số 5888/BYT-TB-CT ngày 29/10/2020** V/v hướng dẫn triển khai đấu thầu trang thiết bị y tế theo Thông tư số 14/2020/TT-BYT](https://imda.moh.gov.vn/documents/10182/10030597/cvb-2020-5888-1.pdf/8288f409-903f-453a-ad56-73bed3db2b99).** **- [**Công văn số 5159/BYT-TB-CT ngày 28/09/2020** V/v Công khai giá Trang thiết bị y tế](https://imda.moh.gov.vn/documents/10182/10030597/2020+CV+gui+doanh+nghiep+de+nghi+phoi+hop+dk+tai+khoan+cong+khai+gia+-+Vu+TTB.signed.pdf/5ef56bac-5501-4e82-af48-92cc8f747d1e).** **- [**Công văn số 4428/BYT-PC ngày 20/08/2020** V/v cung cấp thông tin và đề xuất liên quan văn bản QPPL trong lĩnh vực y tế nhằm ứng phó và giảm thiểu tác động của dịch bệnh Covid 19](https://imda.moh.gov.vn/documents/10182/10030597/CV+4428+Cung+cap+thong+tin+Hoi+nghi+ho+tro+phap+ly.pdf/d60e96ae-db8d-4249-8703-5ab2f5965689).** **- [**Công văn số 4043/BYT-TB-CT ngày 29/07/2020** V/v danh sách các sinh phẩm/trang thiết bị y tế chẩn đoán in vitro xét nghiệm virút Corona (SARS-CoV-2) đã được cấp số đăng ký, cấp giấy phép nhập khẩu](https://imda.moh.gov.vn/documents/10182/10030597/CV+4043-BYT-TB-CT.pdf/d6b5cb51-8e48-4e5b-bf5f-cf3033840126).** **- [**Công văn số 4026/BYT-TB-CT ngày 28/07/2020** V/v tăng cường thanh kiểm tra xử lý vi phạm trên địa bàn](https://imda.moh.gov.vn/documents/10182/10030597/4026-BYT-TB-CT.pdf/7dc1b365-48e7-4c0d-9352-f133ebc566d0).** **- [**Quyết định  2597/QĐ-BYT** Quyết định về việc ban hành danh mục 01 trang thiết bị y tế chẩn đoán in vitro xác định kháng thể kháng vi rút Corona (SARS-CoV-2) được cấp số đăng ký](https://imda.moh.gov.vn/documents/10182/10030597/2597_QD-BYT_22062020_1-signed.pdf/74c4396d-c872-4ee3-9eaf-2e99b4f4506b).** **- [**Quyết định  2524/QĐ-BYT** Quyết định về việc ban hành danh mục 02 trang thiết bị y tế chẩn đoán in vitro xác định kháng thể kháng vi rút Corona (SARS-CoV-2) được cấp số đăng ký](https://imda.moh.gov.vn/documents/10182/10030597/2524_QD-BYT_16062020_1-signed.pdf/80a657cf-b836-4bc7-bea2-b282c7808258).** **- [**Công văn 3013/BYT-TB-CT**  Về việc thực hiện cấp số đăng ký lưu hành đối với trang thiết bị y tế trong nước.](https://imda.moh.gov.vn/documents/10182/10030597/3013_BYT-TB-CT_01062020_1-signed.pdf/d5627308-1de3-42ea-8828-40310b57b03c)** **- [**Công văn 2560/BYT-TB-CT**  Về việc danh sách các sinh phẩm/trang thiết bị y tế chẩn đoán in vitro xét nghiệm vi rút Corona (SARS-CoV-2) đã được cấp số đăng ký, cấp giấy phép nhập khẩu.](https://imda.moh.gov.vn/documents/10182/10030597/2560_BYT-TB-CT_11052020.pdf/936b7b1a-d320-4985-9e0a-06ade75f97c3)** **- [**Công văn 2507/BYT-TB-CT**  Về việc triển khai Nghị quyết 60/NQ-CP về công khai danh sách, năng lực sản xuất của các doanh nghiệp và đảm bảo chất lượng khẩu trang y tế.](https://imda.moh.gov.vn/documents/10182/0/CV+2507+BYT+TB+CT.pdf/b377b5e3-885e-41ce-bd24-fe6e0670c335)** **- [**Công văn 2063/BYT-TB-CT**  Về việc báo cáo năng lực và khả năng cung cấp khẩu trang y tế.](https://imda.moh.gov.vn/documents/10182/10030597/CV+2063+ngay+13.4.2020.pdf/23c30cd7-fe35-4119-9b4d-2128324bf931)** **- [**Quyết định số 1353/QĐ-BYT**  Về việc ban hành danh mục các đơn vị kiểm định/kiểm tra chất lượng sinh phẩm chẩn đoán/TTBYT chẩn đoán vi rút Corona (SARS-CoV-2)](https://imda.moh.gov.vn/documents/10182/10030597/QD1353/122c4618-d91a-41f7-a007-ea98e2063488)** **- [**Công văn số 1352/BYT-TB-CT**  Về việc cung cấp báo giá khẩu trang y tế cho dự phòng Quốc Gia.](https://imda.moh.gov.vn/documents/10182/10030597/CV+1352+BYT+TB+CT+ngay+18.03.2020.pdf/0a8828e0-2972-4ef4-9646-c69a36082d39)** **- [**Quyết định số 774/QĐ-BYT**  Về việc ban hành danh mục 02 sinh phẩm chẩn đoán invitro xét nghiệm virut Corona ( SARS-CoV-2) được cấp số đăng ký.](https://imda.moh.gov.vn/documents/10182/10030597/QD+774_2020-03-04+19.06.17.pdf/04e014dc-e377-4074-8c3b-1b011f3980bf)** **- [**Công văn số 747/BYT-TB-CT**  Về việc kiểm tra hồ sơ công bố đối với sản phẩm, chế phẩm diệt khuẩn tay không dùng nước](https://imda.moh.gov.vn/documents/10182/10030597/CV747/9b147ee6-df05-4b06-8402-6f564ec84dba).** **- [**Công văn số 108/XNK-CN**  Về việc đầu mối doanh nghiệp cung cấp nguyên liệu khẩu trang và một số TTBYT](https://imda.moh.gov.vn/documents/10182/10030597/1581086317483676.pdf/8dd7dae3-7276-4ab0-8af7-0520ab54a3a7).** **- [**Quyết định số 155/QĐ-BTC**  Về việc ban hành danh mục các mặt hàng được miễn thuế nhập khẩu](https://imda.moh.gov.vn/documents/10182/10030597/QD+155+BTC_07.02.2020.pdf/2e99dd2c-6fcf-4dba-8819-e51d1ddcbf2a).** **- [**Công văn số 797/VPCP-KGVX**  Về việc đảm bảo trang thiết bị, vật tư y tế cho phòng, chống dịch nCoV](https://imda.moh.gov.vn/documents/10182/10030597/bn-2020-587.pdf/7d19505f-9867-44af-b7df-36c8aefe618f).** **- [**Công văn số 403**  Về danh sách các công ty sản xuất khẩu trang y tế, trang phục phòng, chống dịch 2019-nCoV](https://imda.moh.gov.vn/documents/10182/10030597/Congvan403_new/8aa97ca4-6271-4af7-bff0-269d5b28e3e7).** **- [**Công văn số 390**  Về việc đảm bảo cung cấp đủ vật tư, trang thiết bị cho phòng, chống dịch bệnh nCoV](https://imda.moh.gov.vn/documents/10182/10030597/CV-390-2020/4108d1e5-d747-462f-99ab-3d8d2dd1f4c5).** **- [**Công văn số 387**  Về việc đảm bảo cung cấp đủ TTBYT cho phòng chống dịch bệnh nCoV](https://imda.moh.gov.vn/documents/10182/10030597/CV-387-BYT-Hoatoc/b2a5b7bd-6afa-4cd3-b5a4-59e6a426410a).** **- [**Công văn số 82**  Về việc triển khai nghị định 03/2020/NĐ-CP ngày 01/01/2020 của Chính phủ.](https://imda.moh.gov.vn/documents/10182/10030597/Congvanguidonvithongbaonghidinh032020/01783db0-b406-4a39-9ea6-0a4b7c830944)** **- [**Quyết định 5074**  Về việc áp dụng Cơ chế một cửa quốc gia đối với 04 thủ tục hành chính thuộc lĩnh vực trang thiết bị y tế.](https://imda.moh.gov.vn/documents/10182/10030594/Quyetdinh5074/2c7920c2-f73e-4beb-a182-cefe5fe0650a)** **- **[**Công văn số 3664:** V/v thực hiện cấp đăng ký lưu hành đối với trang thiết bị y tế loại B, C, D](https://imda.moh.gov.vn/documents/10182/0/Congvan3664-DKLH/4363d67d-3712-4332-aa1e-3e5ae5fefa55)**** **- **[**Nghị quyết số 131/NQ-CP ngày 16/12/2017 của Chính phủ:** Nghị quyết phiên họp Chính phủ thường kỳ tháng 11 năm 2017.](https://imda.moh.gov.vn/documents/10182/10030597/NQ+131-2017+c%E1%BB%A7a+Ch%C3%ADnh+ph%E1%BB%A7.pdf/f261db2f-b4ff-4f8f-bde1-bb48bd0db70f)**** **- **[**Quyết định số 745/QĐ-BYT ngày 28/02/2019 của Bộ Y tế:** Về việc công bố thủ tục hành chính mới được ban hành/ được sửa đổi, bổ sung hoặc thay thế/ bị bãi bỏ lĩnh vực TTBYT thuộc phạm vi quản lý của Bộ Y tế.](https://imda.moh.gov.vn/documents/10182/10030597/Q%C4%90+745-2019+C%C3%B4ng+b%E1%BB%91+TTHC+B%E1%BB%99+Y+t%E1%BA%BF.pdf/49679dd0-e91d-493c-a4b7-13d9e59e7ec6)**** **- **[**Công văn số 14/BYT-TB-CT ngày 02/01/2019:** Gửi Tổng cục Hải quan về việc triển khai Nghị định số 169/2018/NĐ-CP ngày 31/12/2018 của Chính Phủ.](https://imda.moh.gov.vn/documents/10182/10030597/CV+14-2019+g%E1%BB%ADi+HQ+v%E1%BB%81+vi%E1%BB%87c+tri%E1%BB%83n+khai+N%C4%90+169.2018.pdf/f475d523-f6d4-4674-8a6f-8f0a0816331c)**** **- **[**Công văn số 15/BYT-TB-CT ngày 02/01/2019:** Gửi các doanh nghiệp về việc triển khai Nghị định số 169/2018/NĐ-CP ngày 31/12/2018 của Chính Phủ.](https://imda.moh.gov.vn/documents/10182/10030597/CV+15-2019+g%E1%BB%ADi+c%C3%A1c+DN+v%E1%BB%81+vi%E1%BB%87c+tri%E1%BB%83n+khai+N%C4%90+169.2018.pdf/d3e15a64-9dac-48cf-8585-89469ca031f7)**** **- **[**Quy trình Tiếp nhận, xử lý, thẩm định và xét duyệt hồ sơ cấp số đăng ký lưu hành trang thiết bị y tế:**](https://imda.moh.gov.vn/documents/10182/10030597/15.+Quy+trinh+ISO+cap+so+DKLH+TTBYT+theo+ND36.pdf/be106a00-cedb-481c-834f-664f2c59359b)**** **- **[**Quyết định số 7673/QĐ-BYT ngày 26/12/2018:** Về việc công bố Hệ thống quản lý chất lượng phù hợp tiêu chuẩn quốc gia TCVN ISO 9001:2015 tại Cơ quản Bộ Y tế năm 2018.](https://imda.moh.gov.vn/documents/10182/10030597/QD+7673+nam+2018.pdf/f39150ca-40dc-4298-af69-499224d0e651)**** **- **[**Quy trình Cấp giấy phép nhập khẩu Trang thiết bị y tế (Theo NĐ 36)**](https://imda.moh.gov.vn/documents/10182/10030597/07.+Quy+trinh+ISO+cap+giay+phep+nhap+khau+TTBYT+theo+ND36.pdf/4e8b1bf0-944d-4c2c-aa72-736e110dada9)**** **- **[**Công văn số 5897/BYT-TB-CT ngày 04/10/2018:** Gửi UBND các tỉnh, thành phố về việc tăng cường hậu kiểm, hướng dẫn đối với các cơ sở sản xuất, kinh doanh TTBYT trên địa bàn.](https://imda.moh.gov.vn/documents/10182/10030597/CV+5897-2018+g%E1%BB%ADi+UBND+t%C4%83ng+c%C6%B0%E1%BB%9Dng+h%E1%BA%ADu+ki%E1%BB%83m+SX+TTBYT.pdf/0d66c017-1f64-4dc5-ba07-0380aaebe032)**** **- **[**Công văn số 7371/BYT-TB-CT ngày 25/12/2017:** Gửi Tổng cục Hải quan về việc thực hiện nội dung Nghị Quyết số 131/NQ-CP ngày 06/12/2017 của Chính phủ.](https://imda.moh.gov.vn/documents/10182/10030597/CV+7371-2017+g%E1%BB%ADi+HQ+th%E1%BB%B1c+hi%E1%BB%87n+NQ+131+c%E1%BB%A7a+CP.pdf/d229cb8c-ebea-4625-8acd-2074a1e0a558)**** **- **[**Công văn số 7165/BYT-TB-CT ngày 14/12/2017:** Gửi các doanh nghiệp về việc thực hiện nội dung Nghị Quyết số 131/NQ-CP ngày 06/12/2017 của Chính phủ.](https://imda.moh.gov.vn/documents/10182/10030597/CV+7165-2017+g%E1%BB%ADi+DN+th%E1%BB%B1c+hi%E1%BB%87n+NQ+131+c%E1%BB%A7a+CP.pdf/603def2c-28a5-4f5e-a7e3-829132d16674)**** **- **[**Công văn số 5278/BYT-TB-CT ngày 19/09/2017:** Gửi các doanh nghiệp về việc thực hiện đăng ký lưu hành trang thiết bị y tế thuộc loại B, C, D theo nghị định số 36/2016/NĐ-CP của Chính phủ.](https://imda.moh.gov.vn/documents/10182/10030597/CV+5278-2017+g%E1%BB%ADi+DN+th%E1%BB%B1c+hi%E1%BB%87n+N%C4%90+36.2016.pdf/8d8df02d-bd86-4337-9624-5f05c2452779)**** **- **[**Quyết định số 4554/QĐ-BYT ngày 22/08/2016 của Bộ Y tế:** Về việc công bố thủ tục hành chính được ban hành tại Nghị định số 36/2016/NĐ-CP ngày 15/5/2016 của Chính phủ về quản lý TTBYT.](https://imda.moh.gov.vn/documents/10182/10030597/Q%C4%90+4554-2016+C%C3%B4ng+b%E1%BB%91+TTHC+th%E1%BB%B1c+hi%E1%BB%87n+N%C4%90+36.2016.pdf/52a5647f-dda9-471f-9268-3b312a6b83a0)****

**#### [Thông báo](https://imda.moh.gov.vn/web/guest/thong-bao)**

**- **[Đường link tham dự trực tuyến Hội nghị Đối thoại doanh nghiệp thiết bị y tế năm 2026](https://us06web.zoom.us/j/87029335281?pwd=eibiQ0mviuD57I7aP2gkOVWsfpEdJK.1)****

**+ [https://us06web.zoom.us/j/87029335281?pwd=eibiQ0mviuD57I7aP2gkOVWsfpEdJK.1](https://us06web.zoom.us/j/87029335281?pwd=eibiQ0mviuD57I7aP2gkOVWsfpEdJK.1)**

**+ Mật mã: 720389**

**Đề nghị đại biểu ghi đầy đủ tên Cơ quan, Đơn vị khi tham gia Hội nghị.**

**- **[**Công văn số 5003/BYT-HTTB** ngày 06/07/2026 V/v xin ý kiến góp ý Hồ sơ xây dựng Đề án quản lý chuỗi cung ứng thiết bị y tế](https://imda.moh.gov.vn/documents/10182/10030600/CV5003.BYT.HTTB/0c429293-e734-4837-8c34-3688c349737d)****

****_Kèm theo:_ [QUYẾT ĐỊNH Phê duyệt Đề án “Quản lý chuỗi cung ứng thiết bị y tế giai đoạn 2026 - 2030, định hướng đến năm 2035”](https://imda.moh.gov.vn/documents/10182/10030600/QD.pheduyetdean.5003/c54d6632-5bc7-4854-a70c-2d3f7014486b)****

**_Kèm theo:_ [TỜ TRÌNH Về việc phê duyệt Đề án “Quản lý chuỗi cung ứng thiết bị y tế giai đoạn 2026 - 2030, định hướng đến năm 2035”**  
**""](https://imda.moh.gov.vn/documents/10182/10030600/Totrinh.dean.5003/1f4050bc-63e6-4f70-8761-37474075fb26)**

**_Kèm theo:_ [ĐỀ ÁN QUẢN LÝ CHUỖI CUNG ỨNG THIẾT BỊ Y TẾ GIAI ĐOẠN 2026 – 2030, ĐỊNH HƯỚNG ĐẾN NĂM 2035""](https://imda.moh.gov.vn/documents/10182/10030600/Du-thao-de-an-Chuoicungung6.7/ce8ed5a1-2e47-409c-9bdf-e82ada3e1a3b)**

**- **[**Công văn số 4552/BYT-HTTB** ngày 19/06/2026 V/v xin kiến ý dự thảo Thông tư quy định về xác định mức độ rủi ro, biện****  
****pháp quản lý đối với sản phẩm, hàng hóa là thiết bị y tế và tạm ngưng hiệu lực về danh mục thiết bị y tế phải kiểm định an toàn và tính năng kỹ thuật thiết bị y tế](https://imda.moh.gov.vn/documents/10182/10030600/CV4552.BYT.HTTB/07f97252-ee5c-4918-b3b0-fad9ada1c1ea)****

**_Kèm theo:_ [TỜ TRÌNH Về việc ban hành Thông tư quy định về xác định mức độ rủi ro, biện pháp quản lý đối với sản phẩm, hàng hóa là thiết bị y tế và tạm ngưng hiệu lực về danh mục thiết bị y tế phải kiểm định an toàn và tính năng kỹ thuật thiết bị y tế**  
**""](https://imda.moh.gov.vn/documents/10182/10030600/Totrinh.4552/3aae40b9-a582-4f9c-bf50-335410876c9e)**

**- **[**Công văn số 4474/BYT-HTTB của Bộ Y tế** ngày 17/06/2026 V/v đề nghị góp ý Hồ sơ xây dựng Đề án quản lý chuỗi cung ứng thiết bị y tế.](https://imda.moh.gov.vn/documents/10182/84707090/Cong_van_4474_17062026.pdf/713482aa-8687-46fa-bb4f-b82bf16a1743)****

****_Kèm theo:_ [Dự thảo Đề án ""Quản lý chuỗi cung ứng thiết bị y tế giai đoạn 2026-2030, định hướng đến năm 2035""](https://imda.moh.gov.vn/documents/10182/84707090/Du_thao_de_an_CV4474.pdf/c6c2287b-0cea-4f6b-86b5-e2d61b8e5179)****

**_Kèm theo:_ [QUYẾT ĐỊNH Phê duyệt Đề án “Quản lý chuỗi cung ứng thiết bị y tế giai đoạn 2026 - 2030, định hướng đến năm 2035”""](https://imda.moh.gov.vn/documents/10182/10030600/Duthaoquyetdinh15.06.2026/6eb7602d-d855-489e-81ef-e663fabd5d4a)**

**_Kèm theo:_ [TỜ TRÌNH Về việc phê duyệt Đề án “Quản lý chuỗi cung ứng thiết bị y tế giai đoạn 2026 - 2030, định hướng đến năm 2035”](https://imda.moh.gov.vn/documents/10182/10030600/Duthaototrinh.15.06.2026/db844d21-f1d8-493e-914e-130b24ab9812)** **- [**Công văn số 742/HTTB-VPC ngày 18/05/2026** **V/v chào giá dịch vụ tư vấn thẩm tra báo cáo kinh tế kỹ thuật.**](https://imda.moh.gov.vn/documents/10182/10030600/CV742/cf46330e-59ee-43be-b7d5-7a4d64d3f3a4)** **- [**Công văn số 720/HTTB-CLSD ngày 14/05/2026** **V/v lưu ý cách đặt mật khẩu phức tạp để đăng nhập hệ thống VIMDA nhằm hạn chế nguy cơ lộ lọt tài khoản**](https://imda.moh.gov.vn/documents/10182/10030600/CV720/b1321227-6f9c-4c1a-a7c6-d4b25a9d0484)** **- [**Công văn số 623/HTTB-CLSD ngày 29/04/2026** **V/v thông báo rà soát, khắc phục lỗ hổng bảo mật hệ thống dịch vụ công trực tuyển Quản lý thiết bị y tế**](https://imda.moh.gov.vn/documents/10182/0/CV623/0a9f63fd-34f5-40e3-9545-6ef2ff3b631f)** **- [**Công văn số 579/TB-HTTB ngày 22/04/2026** **THÔNG BÁO Thực hiện nộp phí đúng quy định tại Thông tư số 64/2025/TT-BTC ngày 30/6/2025 của Bộ Tài chính về quy định mức thu, miễn một số khoản phí, lệ phí nhằm hỗ trợ cho doanh nghiệp, người dân.**](https://imda.moh.gov.vn/documents/10182/10030600/CV579.Phihs/fa362143-91a1-455b-809a-e1554fc5c1f6)** **- [**Công văn số 1956/BYT-HTTB** **V/v báo cáo tổng kết việc thi hành Nghị định số 98/2021/NĐ-CP**](https://imda.moh.gov.vn/documents/10182/10030600/CV1956-CS/15cc9c4e-c11a-46e2-ac49-3cd176704cd1)**

****[**Công văn số 984/HTTB-ĐKKD** ngày 09/09/2025 V/v danh mục tên thiết bị y tế loại C, D đã cấp số lưu hành](https://imda.moh.gov.vn/documents/10182/10030600/CV984.TBYTdacapdklh/3f7e3c44-37d9-4c5c-a816-594af971ab6f)**** ****[**Công văn số 992/TB-HTTB** ngày 09/09/2025 Thông báo về việc mời tham gia lập Báo cáo kinh tế - kỹ thuật](https://imda.moh.gov.vn/documents/10182/10030600/Thu-moi-992/ab91e0ee-a0c3-492a-acd7-b633e1517f83?version=1.1)**** ****[**Công văn số 991/TB-HTTB** ngày 09/09/2025 Thông báo về việc mời tham gia thẩm tra Báo cáo kinh tế - kỹ thuật](https://imda.moh.gov.vn/documents/10182/10030600/Thu-moi-991/a9842725-5e01-4193-80c6-4dc192b641d5?version=1.0)**** ****[**Công văn số 886/HTTB-ĐKKD** ngày 19/08/2025 V/v mời gửi báo giá dịch vụ tư vấn lập E-HSMT, đánh giá E-HSDT; Tư vấn thẩm định E-HSMT, thẩm định KQLCNT](https://imda.moh.gov.vn/documents/10182/10030600/CV886-Taphuan-phan-loai-tbyt-HN-H/ed64b436-c018-4d31-a8a9-698d311265a8)**** ****[**Công văn số 5469/BYT-HTTB** ngày 18/08/2025 V/v Hướng dẫn doanh nghiệp thực hiện khi thay đổi địa giới hành chính](https://imda.moh.gov.vn/documents/10182/10030600/CV.BYT-Huong-dan-DN-cap-nhat-dia-gioi-hanh-chinh/e2165939-a858-405c-b9b1-3b7bdfe0c343)**** ****[**Công văn số 863/HTTB-ĐKKD** ngày 13/08/2025 V/v mời gửi báo giá dịch vụ cho thuê hội trường, tổ chức Hội Nghị tập huấn phân loại thiết bị y tế tại thành phố Huế và thành phố Hà Nội](https://imda.moh.gov.vn/documents/10182/10030600/cong-van-bao-gia/924fbf05-a83a-42a8-a301-edf39e388798)**** ****[**Giấy mời số 539/GM-BYT** **ngày 29/7/2025 GIẤY MỜI tham gia Hội nghị Đối thoại doanh nghiệp thiết bị y tế năm 2025**](https://imda.moh.gov.vn/documents/10182/10030600/GM_539/8efda2ef-9f61-4080-bb15-0a3455b2d86e)**** ****[**Công văn số 4755/BYT-HTTB** ngày 21/07/2025 V/v xin ý kiến góp ý Dự thảo Thông tư ban hành danh mục mua sắm tập trung cấp quốc gia đối với thiết bị y tế, vật tư xét nghiệm](https://imda.moh.gov.vn/documents/10182/10030600/Xin-y-kien-du-thao-thong-tu-ban-hanh-danh-muc-mua-sam/2a829c5f-fabe-4c0f-97c5-040792a6a75a)**** ****[**TỜ TRÌNH Dự thảo Thông tư ban hành danh mục mua sắm tập trung cấp quốc gia đối với thiết bị y tế, vật tư xét nghiệm**](https://imda.moh.gov.vn/documents/10182/10030600/Du-thao-thong-tu-ban-hanh-danh-muc-mua-sam/5294010f-5058-4a56-b57a-2231b9f9623b)**** ******[**THÔNG TƯ Ban hành danh mục mua sắm tập trung cấp quốc gia đối với thiết bị y tế, vật tư xét nghiệm**](https://imda.moh.gov.vn/documents/10182/10030600/Du-thao-thong-tu-mua-sam/199e39ab-2e24-43e7-b9d1-6cb74eeb28ef)****** ******[**Công văn số 676/TB-HTTB** ngày 10/7/2025 Thông báo V/v kê khai giá thiết bị y tế](https://imda.moh.gov.vn/documents/10182/10030600/Thong-bao-676/6019cf3a-b846-4c7a-b1f1-53293550bee7)****** ******[**Công văn số 638/TB-HTTB** ngày 31/12/2024 Thông báo Danh sách doanh nghiệp thực hiện kê khai giá thiết bị y tế tại Bộ Y tế](https://imda.moh.gov.vn/documents/10182/10030600/Thong-bao-638/8dffa0e5-c3f7-4838-904a-02236a927d09)****** ******[**Công văn số 645/TB-HTTB** **ngày 02/7/2025 Thông báo V/v thay đổi mức thu phí các khoản phí lĩnh vực thiết bj y tế**](https://imda.moh.gov.vn/documents/10182/10030600/Thong-bao-thay-doi-muc-phi-2025/c0567596-7e1a-4685-b6f0-95aeef471e30)****** ******[**Công văn số 3776/BYT-HTTB** **ngày 16/6/2025 V/v chuẩn bị tổ chức Hội nghị đối thoại Doanh nghiệp thiết bị y tế năm 2025 (lần 2)**](https://imda.moh.gov.vn/documents/10182/10030600/CV-gui-dn-tbyt2025%28lan2%29/311471eb-6b35-484e-b5b1-dcdbc396faf3)****** ******[**Công văn số 387/TB-HTTB** **ngày 21/05/2025 V/v Thay đổi địa chỉ trụ sở làm việc Cục Hạ tầng và Thiết bị y tế, Bộ Y tế**](https://imda.moh.gov.vn/documents/10182/10030600/Thong-bao-doi-dia-chi-Cuc-HT/50bd7b5b-4f07-42c2-bff5-ffebcc0d2ccf)****** ******[**Công văn số 32/TB-HTTB** **ngày 13/03/2025 V/v Thay đổi tên tài khoản thu phí thẩm định cấp giấy phép lưu hành, nhập khẩu, công bố thiết bị y tế**](https://imda.moh.gov.vn/documents/10182/10030600/Thongbao-thay-doi-tk-thu-phi/08a67564-0b3e-43bd-8411-f0c5c67fb615)****** ******[**Công văn số 267/BYT-HTTB** ngày 14/01/2025 V/v triển khai Nghị định số 04/2025/NĐ-CP ngày 01/01/2025 của Chính phủ.](https://imda.moh.gov.vn/documents/10182/10030600/CV267/c027f29b-5072-4a0c-a685-ab00c01ed4c3)****** ******[**Công văn số 638/TB-HTTB** ngày 31/12/2024 Thông báo danh sách doanh nghiệp thực hiện kê khai giá thiết bị y tế tại Bộ Y tế](https://imda.moh.gov.vn/documents/10182/10030600/CV638KKG/4f89fa2e-77d9-4b61-becc-3f40b80ffbbf)****** ******[**Công văn số 7910/BYT-HTTB** ngày 21 /12/2024 V/v góp ý dự thảo nghị định sửa đổi, bổ sung nghị định số 98/2021/NĐ-CP.](https://imda.moh.gov.vn/documents/10182/10030600/CV7910.HTTB/da2417c3-66be-4090-bec5-f2d744318ac0) [**Kèm công văn dự thảo Nghị định**](https://imda.moh.gov.vn/documents/10182/10030600/3.Du-thao-nghi-dinh-sua-doi-bo-sung-nghi-dinh-98-2024/d0362296-2e51-45a0-bd51-f4513d2c2a6d)****** ******[**Công văn số 7614/BYT-HTTB** ngày 09/12/2024 V/v đảm bảo nguồn cung thiết bị y tế đối với các giấy phép nhập khẩu hết hạn vào ngày 31/12/2024](https://imda.moh.gov.vn/documents/10182/10030600/7614-CVB/c737f912-655c-4901-b441-2dbbc0633ff7)****** ******[**Công văn số 519/HTTB-ĐKKD** ngày 19/11/2024 V/v cung cấp thông tin TBYT đã được cấp giấy phép Nhập khẩu hết hạn vào ngày 31/12/2024](https://imda.moh.gov.vn/documents/10182/10030600/CV519/5bc5f933-08fc-4538-897f-5ae71d25c779)****** ******[**Công văn số 506/HTTB-VPC** ngày 13/11/2024 Thư mời tham gia thực hiện tư vấn thẩm định E-HSMT và thẩm định kết quả lựa chọn nhà thầu gói thầu ""Thuê đơn vị quản lý, vận hành, duy trì hệ thống dịch vụ công trực tuyến quản lý thiết bị y tế](https://imda.moh.gov.vn/documents/10182/10030600/TM506/ab813866-60e9-436e-a4f7-88b0ba678e75)****** ******[**Công văn số 507/HTTB-VPC** ngày 13/11/2024 Thư mời tham gia thực hiện tư vấn thẩm định E-HSMT và đánh giá E-HSDT gói thầu ""Thuê đơn vị quản lý, vận hành, duy trì hệ thống dịch vụ công trực tuyến quản lý thiết bị y tế](https://imda.moh.gov.vn/documents/10182/10030600/TM507/d86626c4-7fdd-4daf-82f9-761923eedc33)****** ******[**Công văn số 486/BYT-HTTB** ngày 05/11/2024 V/v danh mục tên thiết bị y tế loại C, D đã cấp số lưu hành](https://imda.moh.gov.vn/documents/10182/10030600/CV486/70df1287-49e1-4c95-96f3-3ee23e43ccb4)****** ******[**Công văn số 459/HTTB-CLSD** ngày 22/10/2024 V/v mời báo giá dịch vụ quản trị vận hành hệ thống dịch vụ công trực tuyến về quản lý thiết bị y tế (IMDA)](https://imda.moh.gov.vn/documents/10182/10030600/CV459HTTB.CLSD/c2f128fb-b01e-422a-a885-b68217d93402)****** ******[**Công văn số 6067/BYT-HTTB** ngày 04/10/2024 V/v khảo sát thực trạng và thăm dò ý kiến về các chính sách dự kiến của Dự thảo Luật Thiết bị y](https://imda.moh.gov.vn/documents/10182/10030600/CV6067/bdd6d5d5-88eb-412b-8abe-c9581715b752)****** ******[**Công văn số 6066/BYT-HTTB** ngày 04/10/2024 V/v khảo sát thực trạng và thăm dò ý kiến về các chính sách dự kiến của Dự thảo Luật Thiết bị y tế](https://imda.moh.gov.vn/documents/10182/10030600/CV6066/4180b821-7d75-44d9-8623-728b3062f84c)****** ******[**Công văn số 6065/BYT-HTTB** ngày 04/10/2024 V/v khảo sát thực trạng và thăm dò ý kiến về các chính sách dự kiến của Dự thảo Luật Thiết bị y tế](https://imda.moh.gov.vn/documents/10182/10030600/CV6065/a67a0ef3-21b1-4ea7-9dbb-6f9d91bec6c9)****** ******[**Công văn số 6032/HTTB-ĐKKD** ngày 04/10/2024 V/v thực hiện phân loại, công bố tiêu chuẩn áp dụng đối với thiết bị y tế](https://imda.moh.gov.vn/documents/10182/10030600/CV6032/778c0c5e-af03-497c-ac81-50b94951a3f3)****** ******[**Công văn số 6031/BYT-HTTB** ngày 04/10/2024 V/v thực hiện phân loại, công bố tiêu chuẩn áp dụng đối với thiết bị y tế](https://imda.moh.gov.vn/documents/10182/10030600/CV6031/6c53ed47-f4db-40d5-9b7b-2d2802bf08a9)****** ******[**Công văn số 365/HTTB-ĐKKD** ngày 12/09/2024 V/v xử lý hồ sơ nhập khẩu thiết bị y tế nộp trước ngày 01/01/2022](https://imda.moh.gov.vn/documents/10182/10030600/CV-xu-ly-ho-so-NK-truoc112022/017c3b2d-a8ae-4d70-9763-936be88744f6)****** ******[**Công văn số 342/HTTB-ĐKKD** ngày 30/08/2024 V/v thay đổi tên miền hệ thống dịch vụ công trực tuyến quản lý thiết bị y tế](https://imda.moh.gov.vn/documents/10182/10030600/CV-thong-bao-chuyen-doi-ten-mien-28082024/0c070b37-b63a-4d3f-bf88-16617836fac8)****** ******[**Dự thảo Thông tư** Quy định về Kê khai giá thiết bị y tế](https://imda.moh.gov.vn/documents/10182/10030600/Du-thao-thong-tu-KKG-2024/2b85a07a-aad7-4271-a263-ca00a4856765)****** ******[**Giấy mời số 333/GM-HTTB** ngày 21/08/2024 V/v Tham dự họp về giải quyết hồ sơ nhập khẩu thiết bị y tế đã nộp trước 01 tháng 01 năm 2022](https://imda.moh.gov.vn/documents/10182/10030600/GM_Hop-truc-tiep-21082024/e12876dc-558a-425f-a573-866b4fe4c8ce)****** ******[**Giấy mời số 332/GM-HTTB** ngày 21/08/2024 V/v Tham dự họp về giải quyết hồ sơ nhập khẩu thiết bị y tế đã nộp trước 01 tháng 01 năm 2022](https://imda.moh.gov.vn/documents/10182/10030600/GM_Hop-truc-tuyen-21082024/1d9890b8-7ac2-4070-88cb-2c75ac4cf283)****** ******[**Công văn số 317/HTTB-ĐKKD** ngày 16/08/2024 V/v cập nhật tài liệu trên Hệ thống dịch vụ công trực tuyến quản lý thiết bị y tế](https://imda.moh.gov.vn/documents/10182/10030600/CV317_TB/1669d512-f8c8-4ff4-ba67-9f1170b4c56d)****** ******[**Quyết định số 2302/QĐ-BYT** ngày 05/08/2024 v/v ban hành hướng dẫn thẩm định hồ sơ pháp lý đối với hồ sơ đăng ký lưu hành thiết bị y tế](https://imda.moh.gov.vn/documents/10182/10030600/Q%C4%902302/06820ffc-6f1b-4441-b5ac-a0dc837480e1)****** ******[**Công văn số 224/HTTB-ĐKKD** ngày 24/11/2023 v/v góp ý dự thảo Quyết định về việc ban hành tiêu chí, nguyên tắc đánh giá Hồ sơ kỹ thuật chung về TTBYT theo quy định ASEAN (hồ sơ CSDT) đối với TTBYT chẩn đoán in vitro](https://imda.moh.gov.vn/documents/10182/49189400/Cong+van+xin+gop+y+tieu+chi+nguyen+tac+danh+gia+ho+so+CSDT+-IVD+ngay+24.11.2023.signed.pdf/66aaaabb-9ead-4a9c-a782-2c3b4047df64)******

******[**Công văn số 200/HTTB-ĐKKD** ngày 16/11/2023 v/v góp ý dự thảo Quyết định về việc ban hành tiêu chí, nguyên tắc đánh giá Hồ sơ kỹ thuật chung về TTBYT theo quy định ASEAN (hồ sơ CSDT)](https://imda.moh.gov.vn/documents/10182/49189621/Cong+van+xin+gop+y+tieu+chi+nguyen+tac+danh+gia+CSDT+ngay+16.11.2023.signed.pdf/2968bc5c-d6b5-466e-9c58-e3d5c6e6ac37)******

******[**Công văn số 442/TB-HTTB** ngày 27/09/2023 của Bộ Y tế (Cục Cơ sở Hạ tầng và Thiết bị Y tế) V/v thay đổi tài khoản thu phí thẩm định cấp giấy phép lưu hành, nhập khẩu, xuất khẩu, công bố trang thiết bị y tế](https://imda.moh.gov.vn/documents/10182/10030600/Thong-bao-thay-doi-tai-khoan-thu-phi/dceb28f8-947c-498c-b241-3ac19f39c1df)****** ******[**Công văn số 5440/BYT-HTTB** ngày 28/08/2023 của Bộ Y tế v/v lấy ý kiến góp ý dự thảo Quyết định ban hành 03 Quy trình kiểm định an toàn và tính năng kỹ thuật đối với trang thiết bị y tế](https://imda.moh.gov.vn/documents/10182/10030600/CV+5440+gui+lay+y+kien+cac+don+vi_28.8.2023.signed.pdf/c7352581-3fee-4a24-acfb-077a5bc57ddb)****** ******[**Công văn số 3764/BYT-HTTB** ngày 19/06/2023 của Bộ Y tế v/v xin ý kiến góp ý Dự thảo Thông tư ban hành Danh mục trang thiết bị y tế được xác định mã số hàng hóa theo Danh mục hàng hóa xuất khẩu, nhập khẩu Việt Nam](https://imda.moh.gov.vn/documents/10182/10030600/CV+3764-2023-Cong+van+lay+y+kien+du+thao+Thong+tu+ma+HS.pdf/ee2e8504-267f-44a4-b1bd-1501f85cedcb)******

******_Kèm theo:_ [Dự thảo Thông tư ban hành Danh mục trang thiết bị y tế được xác định mã số hàng hóa theo Danh mục hàng hóa xuất khẩu, nhập khẩu Việt Nam](https://imda.moh.gov.vn/documents/10182/10030600/CV+3764-2023-Du+thao+Thong+tu+ma+HS+ve+TTBYT.pdf/a3a1119f-a1be-4a6e-b4e3-04c87c6a467f)****** ******[**Quyết định số 1345/QĐ-BYT** ngày 13/03/2023 v/v ban hành hướng dẫn thẩm định, hậu kiểm hồ sơ kỹ thuật, lâm sàng trong hồ sơ đăng ký lưu hành trang thiết bị y tế không phải trang thiết bị y tế chẩn đoán in vitro (trang thiết bị y tế chung)](https://imda.moh.gov.vn/documents/10182/10030600/1345.signed+%28HD+tham-dinh-ho-so-ky-thuat-lam-sang+non+IVD%29.pdf/b7c34f2b-2702-4901-a0f0-e135d8ccc112)****** ******[**Công văn số 947/BYT-PC** ngày 27/02/2023 của Bộ Y tế v/v cung cấp thông tin phục vụ hoạt động hỗ trợ pháp lý doanh nghiệp](https://imda.moh.gov.vn/documents/10182/10030600/CV+947-BYT-PC-27.02.2023/5fa45877-5e72-4566-bbb6-5504b82cc97d)****** ******[**Công văn số 838/BYT-TB-CT** ngày 22/02/2023 của Bộ Y tế v/v lấy ý kiến dự thảo Thông tư sửa đổi, bổ sung Thông tư số 19/2021/TT-BYT](https://imda.moh.gov.vn/documents/10182/10030600/CV+838-BYT-TB-CT+lay+y+kien+du+thao+sua+doi+TT19/f91b9069-815c-4441-93ae-a1c53051aace)****** ******[**Quyết định số 3435/QĐ-BYT** ngày 21/12/2022 v/v ban hành hướng dẫn thẩm định, hậu kiểm hồ sơ kỹ thuật, lâm sàng trong hồ sơ đăng ký lưu hành trang thiết bị y tế chẩn đoán in vitro](https://imda.moh.gov.vn/documents/10182/10030600/Q%C4%90+3435.signed+%2821.12.2022%29-Huong-dan-tham-dinh-ho-so-ky-thuat-lam-sang+IVD.pdf/da862832-203b-44d8-85ef-2b81c406b81f)****** ******[**Quyết định số 3007/QĐ-BYT** ngày 03/11/2022 v/v ban hành hướng dẫn thẩm định, hậu kiểm hồ sơ pháp lý trong hồ sơ đăng ký lưu hành trang thiết bị y tế](https://imda.moh.gov.vn/documents/10182/10030600/3007.signed+%28QD-Huong-dan-tham-dinh-ho-so-phap-ly%29.pdf/ff369466-b8d6-453f-9001-d40e1906e31f)****** ******- [Dự thảo Nghị định sửa đổi, bổ sung Nghị định 98/2021/NĐ-CP](https://imda.moh.gov.vn/documents/10182/10030600/Du+thao+Nghi+dinh+sua+doi+Nghi+dinh+98/e9fe9eb2-f644-4b36-9f83-b90a60b2e980)******

******- [Dự thảo Thông tư sửa đổi, bổ sung Thông tư 19/2021/TT-BYT](https://imda.moh.gov.vn/documents/10182/10030600/Du+thao+thong+tu+sua+doi+Thong+tu+19/5cb9da0b-f51a-4232-90cb-4b6e8091e946)****** ****- **[**Công văn số 7183/BYT-TB-CT** ngày 13/12/2022 của Bộ Y tế v/v mời doanh nghiệp thẩm định giá](https://imda.moh.gov.vn/documents/10182/10030600/CV+7183+moi+doanh+nghiep+tham+dinh+gia+2022.12.13/156c384d-30de-40f1-8f0c-e668c112ec80)****** ****- **[**Công văn số 6698/BYT-TB-CT** ngày 21/11/2022 của Bộ Y tế v/v lấy ý kiến dự thảo Nghị định sửa đổi, bổ sung Nghị định số 98/2021/NĐ_CP](https://imda.moh.gov.vn/documents/10182/10030600/CV6698_21112022/edc4d63b-565c-419e-9d34-55fdaf2dd11e)****** ****- **[**Công văn số 4398/BYT-PC** ngày 16/8/2022 của Bộ Y tế về việc cung cấp thông tin phục vụ hoạt động hỗ trợ pháp lý doanh nghiệp](https://imda.moh.gov.vn/documents/10182/10030600/de+nghi+cung+cap+thong+tin+ve+vuong+mac+lien+quan+den+ho+tro+phap+ly+dn+2022.signed/fce1d20d-a50e-4d60-adda-ae25eb749272)****** ****- **[**Giấy mời số 203/GM-BYT** Tham dự Hội nghị trực tuyến hướng dẫn thực hiện quy định về kê khai, công khai giá trang thiết bị y tế](https://imda.moh.gov.vn/documents/10182/0/GM+hoi+thao+huong+dan+ke+khai+gia+SYT%2C+DN+-+Final.signed.pdf/c91d6015-0ee0-42b2-a162-13084556466b)****** ****- **[Hướng dẫn tham dự Hội nghị trực tuyến ngày 29/03/2022](https://imda.moh.gov.vn/documents/10182/0/H%C6%B0%E1%BB%9Bng+d%E1%BA%ABn+tham+d%E1%BB%B1+H%E1%BB%99i+ngh%E1%BB%8B+29.3.2022.docx/5618152a-6dda-4c64-ad2f-3d76ee2a3fc9)****** ****- **[**Công văn số 913/BYT-TB-CT** V/v đảm bảo cung cấp trang thiết bị y tế phục vụ phòng, chống dịch COVID-19](https://imda.moh.gov.vn/documents/10182/0/C%C3%B4ng+v%C4%83n+%C4%91%E1%BA%A3m+b%E1%BA%A3o+cung+c%E1%BA%A5p+TTBYT+ph%C3%B2ng+ch%E1%BB%91ng+d%E1%BB%8Bch+COVID-1925.02.2022)****** ****- **[**Công văn số 10725/BYT-TB-CT** V/v lấy ý kiến dự thảo Thông tư quy định chi tiết thi hành và biện pháp thực hiện Nghị định số 98/2021/NĐ-CP](https://imda.moh.gov.vn/documents/10182/0/CV+gui+lay+y+kien+du+thao+Thong+tu+quy+dinh+1+so+dieu+ND98.rar/cf940336-172b-42b8-9689-ab12bc300ce0)****** ****- **[**Công văn số 8506/BYT-TB-CT** V/v triển khai phần mềm kết nối 5 TTHC lĩnh vực trang thiết bị y tế với Cổng thông tin một cửa quốc gia trên hệ thống DMEC](https://imda.moh.gov.vn/documents/10182/10030600/CV+gui+Doanh+nghiep_Tam+ngung+he+thong+DMEC_ngay+08.10.2021.signed.pdf/3c5a9405-6e8d-4966-aa07-cb47ea1b5b6f)****** ****- **[**Công văn số 3749/BYT-TB-CT** V/v góp ý dự thảo Quyết định ban hành hướng dẫn cách chuẩn bị hồ sơ kĩ thuật chung về TTBYT theo quy định của ASEAN kèm theo Quyết định hướng dẫn.](https://imda.moh.gov.vn/documents/10182/0/C%C3%B4ng+v%C4%83n+s%E1%BB%91+3749+BYT-TB-CT.rar/f18d6ef1-ea17-4291-8c06-57c972b4476a)****** ****- **[**Công văn số 2271/BYT-TB-CT** V/v lấy ý kiến dự thảo Nghị định về quản lý trang thiết bị y tế.](https://imda.moh.gov.vn/documents/10182/0/CV+gui+lay+y+kien+cac+Bo+nganh+don+vi.rar/80bb4e79-6d67-45bd-abf2-f1afaac049fe)****** ****- **[**Công văn số 1762/BYT-TB-CT** V/v lấy ý kiến dự thảo Quyết định ban hành 03 Quy trình kiểm định an toàn và tính năng kỹ thuật đối với TTBYT (lần 2) kèm theo 03 Quy trình kiểm định.](https://imda.moh.gov.vn/documents/10182/0/C%C3%B4ng+v%C4%83n+s%E1%BB%91+1762BYT-TB-CT.rar/30b31094-b63b-4a34-b015-a96867b58b0e)****** ****- **[Tài liệu hội thảo xây dựng phần mềm quản lý PPE](https://imda.moh.gov.vn/documents/10182/10030600/Ta%CC%80i+lie%CC%A3%CC%82u+to%CC%82%CC%89ng+ho%CC%9B%CC%A3p+Ho%CC%A3%CC%82i+tha%CC%89o+PPE.pdf/d2f78667-48d6-4b40-b1cd-d06a39ce22bf).****** ****- **[**Văn bản số 13303/BTC-TCT** Về việc xin ý kiến về dự thảo Thông tư sửa đổi, bổ sung các thông tư hướng dẫn về thuế GTGT.](https://imda.moh.gov.vn/documents/10182/10030600/CV+BTC.pdf/11f6dee1-7da9-42d1-ad01-607baf67c006)****** ****- **[**Văn bản số 5112/BYT-TB-CT** Về việc lấy ý kiến dự thảo Thông tư ban hành danh mục trang thiết bị y tế phải kiểm định.](https://imda.moh.gov.vn/documents/10182/10030600/CV+gui+lay+y+kien+cac+Bo%2C+nganh%2C+don+vi+lan+2.signed.pdf/63dbd10d-59d3-47b9-b129-58ec5a47b19b)****** ****- **[**Văn bản số 3697/BYT-TB-CT** Về việc lấy ý kiến dự thảo Thông tư ban hành 04 Quy trình kiểm định an toàn và tính năng kỹ thuật đối với trang thiết bị y tế](https://imda.moh.gov.vn/documents/10182/10030600/3697_BYT-TB-CT_10072020_2-signed.pdf/475fbd09-ddba-4779-8767-3e891b88f9c2).****** ******[Link Dự thảo thông tư kiểm định TTBYT](https://imda.moh.gov.vn/documents/10182/10030600/Du+thao+Thong+tu+kiem+dinh+TTBYT+ngay+2020.7.06.docx/8f87c6b6-b54a-498e-887e-677f81a16fdd)****** ****- **[**Giấy mời số 455/GM-BYT** Giấy mời Hội thảo ""Tăng cường chất lượng, năng lực sản xuất và giải đáp, hỗ trợ xuất khẩu vật tư, trang thiết bị phòng, chống dịch COVID-19"". (Khu vực phía Nam)](https://imda.moh.gov.vn/documents/10182/10030600/455+GM-BYT.pdf/3528de8f-f6d0-4605-9126-0dc7f40f31cc).****** ****- **[**Giấy mời số 427/GM-BYT** Giấy mời Hội thảo ""Tăng cường chất lượng, năng lực sản xuất và giải đáp, hỗ trợ xuất khẩu vật tư, trang thiết bị phòng, chống dịch COVID-19""](https://imda.moh.gov.vn/documents/10182/10030600/427+GM+BYT.pdf/dba9b086-928c-4a93-9b53-21b79c71720d).****** ****- **[**Danh sách tổ chức chứng nhận tiêu chuẩn ISO đã đăng ký hoạt động chứng nhận tại Việt Nam theo quy định tại Nghị định số 107/2016/NĐ-CP ngày 01/7/2016 của Chính phủ quy định về điều kiện kinh doanh đánh giá sự phù hợp**](https://tcvn.gov.vn/2018/03/3154/?utm_source=zalo&utm_medium=zalo&utm_campaign=zalo&zarsrc=30)****** ****- **[**Công văn 1957/BYT-TB-CT** Xin ý kiến dự thảo Thông tư quy định một số nội dung trong đấu thầu TTBYT tại các cơ sở y tế Công lập](https://imda.moh.gov.vn/documents/10182/10030600/CV+1957_2020+Xin+%C3%BD+ki%E1%BA%BFn+d%E1%BB%B1+th%E1%BA%A3o+Th%C3%B4ng+t%C6%B0+quy+%C4%91%E1%BB%8Bnh+%C4%91%E1%BA%A5u+th%E1%BA%A7u+TTBYT.pdf/64887154-24b2-4103-971e-0cbc06c8debf).****** ******[Xem file Thông tư quy định đấu thầu TTBYT](https://imda.moh.gov.vn/documents/10182/10030600/Thong+tu+quy+dinh+dau+thau+TTBYT+ngay+07.4.2020.docx/4a985488-3eca-4674-859d-04b82bbfaea8)****** ****- **[**Công văn 312/CV-BM** Cung cấp các trang thiết bị phục vụ công tác phòng, chống dịch COVID-19 của BV Bạch Mai .](https://imda.moh.gov.vn/documents/10182/10030600/CV+312+Cung+c%E1%BA%A5p+TTB+ph%C3%B2ng+ch%E1%BB%91ng+d%E1%BB%8Bch+Covid19+c%E1%BB%A7a+B%E1%BB%87nh+vi%E1%BB%87n+B%E1%BA%A1ch+Mai.pdf/47d82296-8f43-4735-bc2d-a2c46401b9b7)****** ****- **[**Công văn 344/BVCR-TTBYT** Cung cấp các trang thiết bị phục vụ công tác phòng, chống dịch COVID-19 của BV Chợ Rẫy .](https://imda.moh.gov.vn/documents/10182/10030600/Co%CC%82ng+va%CC%86n+344.pdf/f31efd5e-2d04-49f6-9c66-9b2004eac804)****** ****- **[**Giấy mời số 1254** Tham dự hội nghị đối thoại doanh nghiệp về các quy định trong Quản lý TTBYT - Khu vực Phía Nam.](https://imda.moh.gov.vn/documents/10182/10030600/GM+1254+H%E1%BB%99i+ngh%E1%BB%8B+%C4%91%E1%BB%91i+tho%E1%BA%A1i+Mi%E1%BB%81n+Nam.pdf/fbc9258d-dbc4-49a3-999d-f2c6c3e78fc6)****** ****- **[**Giấy mời số 1111** Tham dự hội nghị đối thoại doanh nghiệp về các quy định trong Quản lý TTBYT - Khu vực Phía Bắc.](https://imda.moh.gov.vn/documents/10182/10030600/GM+1111+H%E1%BB%99i+ngh%E1%BB%8B+%C4%91%E1%BB%91i+tho%E1%BA%A1i+Mi%E1%BB%81n+B%E1%BA%AFc.pdf/532a3a03-7514-447f-83c4-961a33c1677d)****** ****- **[**Công văn** Thông báo tổ chức hội thảo, hội nghị khu vực ASEAN về TTBYT.](https://imda.moh.gov.vn/documents/10182/0/CongvanthongboASIAN/7163363b-28fa-45f3-b599-8d7be96635b5)****** ****- **[**Giấy mời số 383/GM-BYT ngày 24/05/2019:** Gửi các cơ sở đủ điều kiện phân loại TTBYT tham dự Hội nghị phổ biến quán triệt triển khai Nghị định 36/2016/NĐ-CP và Nghị định 169/2018/NĐ-CP (Khu vực phía Bắc).](https://imda.moh.gov.vn/documents/10182/10030600/GM+383-2019+H%E1%BB%99i+ngh%E1%BB%8B+t%E1%BA%ADp+hu%E1%BA%A5n+ph%C3%A2n+lo%E1%BA%A1i+M.B%E1%BA%AFc.pdf/9ed07e8b-a959-4252-8e97-565a607bce66)****** ****- **[**Giấy mời số 384/GM-BYT ngày 24/05/2019:** Gửi các cơ sở đủ điều kiện phân loại TTBYT tham dự Hội nghị phổ biến quán triệt triển khai Nghị định 36/2016/NĐ-CP và Nghị định 169/2018/NĐ-CP (Khu vực phía Nam).](https://imda.moh.gov.vn/documents/10182/10030600/GM+384-2019+H%E1%BB%99i+ngh%E1%BB%8B+t%E1%BA%ADp+hu%E1%BA%A5n+ph%C3%A2n+lo%E1%BA%A1i+M.Nam.pdf/e4cd5253-5636-4fae-b5a3-d539e359fa06)****** ****- **[**Giấy mời số 153/GM-BYT ngày 05/03/2019:** Gửi các Sở Y tế; các Bệnh viện, các doanh nghiệp tham dự Hội nghị phổ biến triển khai Nghị định 169/2018/NĐ-CP (Khu vực Miền Trung - Tây Nguyên).](https://imda.moh.gov.vn/documents/10182/10030600/GM+153-2019+H%E1%BB%99i+ngh%E1%BB%8B+ph%E1%BB%95+bi%E1%BA%BFn+N%C4%90169.2018+M.Trung.pdf/4efde5fe-bc92-4a83-975d-2876e55d5e30)****** ****- **[**Giấy mời số 113/GM-BYT ngày 19/02/2019:** Gửi các Sở Y tế; các Bệnh viện tham dự Hội nghị phổ biến triển khai Nghị định 169/2018/NĐ-CP (Khu vực Miền Nam).](https://imda.moh.gov.vn/documents/10182/10030600/GM+113-2019+g%E1%BB%ADi+SYT+H%E1%BB%99i+ngh%E1%BB%8B+ph%E1%BB%95+bi%E1%BA%BFn+N%C4%90169.2018+M.Nam.pdf/c9d3c65d-ceb6-405a-9636-2628d4446290)****** ****- **[**Giấy mời số 109/GM-BYT ngày 18/02/2019:** Gửi các Sở Y tế; các Bệnh viện tham dự Hội nghị phổ biến triển khai Nghị định 169/2018/NĐ-CP (Khu vực Miền Bắc).](https://imda.moh.gov.vn/documents/10182/10030600/GM+109-2019+g%E1%BB%ADi+SYT+H%E1%BB%99i+ngh%E1%BB%8B+ph%E1%BB%95+bi%E1%BA%BFn+N%C4%90169.2018+M.B%E1%BA%AFc.pdf/19b4d099-2e2b-4b5c-b589-f2d2cf46917d)****** ****- **[**Công văn số 202/BYT-TB-CT ngày 14/01/2019:** Gửi Bệnh viện Thống Nhất; các doanh nghiệp về việc thay đổi ngày tổ chức Hội nghị phổ biến nội dung Nghị định 169/2018/NĐ-CP  (Khu vực phía Nam)](https://imda.moh.gov.vn/documents/10182/10030600/CV+202-2019+Thay+%C4%91%E1%BB%95i+ng%C3%A0y+t%E1%BB%95+ch%E1%BB%A9c+H%E1%BB%99i+ngh%E1%BB%8B+theo+GM+35.pdf/ee4732b2-ee56-4664-9647-081c1ef2aa83)****** ****- **[**Giấy mời số 35/GM-BYT ngày 10/01/2019:** Gửi các doanh nghiệp tham dự Hội nghị phổ biến nội dung Nghị định 169/2018/NĐ-CP (Khu vực phía Nam).](https://imda.moh.gov.vn/documents/10182/10030600/GM+35-2019+g%E1%BB%ADi+DN+H%E1%BB%99i+ngh%E1%BB%8B+ph%E1%BB%95+bi%E1%BA%BFn+N%C4%90169.2018+M.Nam.pdf/6c423e6f-fcec-4a5e-8b54-6ceeb121ee33)****** ****- **[**Giấy mời số 30/GM-BYT ngày 09/01/2019:** Gửi các doanh nghiệp tham dự Hội nghị phổ biến nội dung Nghị định 169/2018/NĐ-CP (Khu vực Phía Bắc).](https://imda.moh.gov.vn/documents/10182/10030600/GM+30-2019+g%E1%BB%ADi+DN+H%E1%BB%99i+ngh%E1%BB%8B+ph%E1%BB%95+bi%E1%BA%BFn+N%C4%90169.2018+M.B%E1%BA%AFc.pdf/769b2f66-c824-4511-a090-52bf8b3414ae)******

**#### [Tài liệu tham khảo](https://imda.moh.gov.vn/web/guest/tai-lieu-tham-khao)**

**- **Dự thảo 03 Quy trình kiểm định (Lần 4)** xin ý kiến kèm theo giấy mời họp ngày 02/10/2023**

**[- QT Kiểm định an toàn và tính năng kỹ thuật máy phá rung tim](https://imda.moh.gov.vn/documents/10182/10030661/QT-kiem-dinh-an-toan-va-tinh-nang-ky-thuat-may-pha-rung-tim-28-9-2023.docx/a962d860-efe2-4dda-b64d-034f7b45918e)**

**[- QT Kiểm định an toàn và tính năng kỹ thuật máy thận nhân tạo](https://imda.moh.gov.vn/documents/10182/10030661/QT-kiem-dinh-an-toan-va-tinh-nang-ky-thuat-may-than-nhan-tao-28-9-2023.doc/bc8ebe75-ada3-4689-a8d4-a5cc55656a15)**

**[- QT Kiểm định an toàn và tính năng kỹ thuật máy phá rung tim](https://imda.moh.gov.vn/documents/10182/46289466/QT-kiem-dinh-an-toan-va-tinh-nang-ky-thuat-may-pha-rung-tim-15-8-2023/e30bbb1f-5d37-4204-a5de-2ed4e4208035)**

**[- QT Kiểm định an toàn và tính năng kỹ thuật máy thận nhân tạo](https://imda.moh.gov.vn/documents/10182/46289466/QT-kiem-dinh-an-toan-va-tinh-nang-ky-thuat-may-than-nhan-tao-15-8-2023/353cdf44-f0c7-4e2d-8b7d-cd14ab34936f)**

**[- QT Kiểm định an toàn và tính năng kỹ thuật Lồng ấp trẻ sơ sinh](https://imda.moh.gov.vn/documents/10182/46289466/QT-kiem-dinh-an-toan-va-tinh-nang-ky-thuat-long-ap-tre-so-sinh-15-8-2023/2fbcf64f-4bb7-438e-a91a-14315138f439)** **- **[**Tài liệu Hội nghị phổ biến Nghị định 98/2021/NĐ-CP - Sở Y tế**](https://imda.moh.gov.vn/documents/10182/0/Tai+lieu+So+Y+te.pdf/3008875c-cc6f-4e2d-825c-34a6c8e83e1e)**** **- **[**Tài liệu Hội nghị phổ biến Nghị định 98/2021/NĐ-CP - Doanh nghiệp**](https://imda.moh.gov.vn/documents/10182/0/Tai+lieu+Doanh+nghiep.pdf/5f47e647-89b6-412f-8844-7be7c8e4557a)**** **- **[**CV gửi các đơn vị sản xuất - cung ứng báo cáo năng lực**](https://imda.moh.gov.vn/documents/10182/0/CV+gui+cac+don+vi+san+xuat-cung+ung+bao+cao+nang+luc_25.8.2021.docx/11e82a16-cb7f-48fe-8436-53e025e5d151)**** **- **[**Quyết định tạm thời về việc chuyển đổi sang chai chứa khí Oxy y tế**](https://imda.moh.gov.vn/documents/10182/0/Quyet+dinh+tam+thoi+ve+chuyen+doi+sang+chai+chua+khi+oxy+y+te-sua_11.8.2021.docx/99722e28-d842-42e2-af84-4c7c93afa21e)**** **- **[**Tăng cường sản xuất, cung ứng và đầu tư, cải tạo mở rộng hệ thống Oxy khí y tế đáp ứng nhu cầu điều trị Covid-19.**](https://imda.moh.gov.vn/documents/10182/0/Ngmtuan_%C4%90a%CC%89m+ba%CC%89o+O2+y+te%CC%82%CC%81+phu%CC%A3c+vu%CC%A3+%C4%91ie%CC%82%CC%80u+tri%CC%A3+Covid-19+tre%CC%82n+ca%CC%89+nu%CC%9Bo%CC%9B%CC%81c_02.8.2021.pdf/f1d3c815-4b67-4756-a04b-525eda615b13)**** **- **[Một số lưu ý trong đấu thầu Trang thiết bị y tế hiện nay](https://imda.moh.gov.vn/documents/10182/10030661/2-CLBGD+PN2020_Mot+so+noi+dung+trong+Dau+thau+TTBYT_10.11.2020.pdf/88bdd449-d17c-4224-a580-65a51ee1b3ea)**** **- **[Mẫu giấy chứng nhận lưu hành tự do](https://imda.moh.gov.vn/documents/10182/10030661/M%E1%BA%ABu+Gi%E1%BA%A5y+ch%E1%BB%A9ng+nh%E1%BA%ADn+l%C6%B0u+h%C3%A0nh+t%E1%BB%B1+do.pdf/914d40b0-9d3c-434c-9867-80b637f1cc1b)**** **- **[Một số quy định mới trong đấu thầu Trang thiết bị y tế](https://imda.moh.gov.vn/documents/10182/10030661/Bai+trinh+bay+ve+dau+thau+TTBYT.pdf/6dd610c9-7a6b-4c33-ba11-4c9d7b7d7a39)**** **- **[**Quyết định số 322** Hướng dẫn chẩn đoán điều trị viêm đường hô hấp cấp tính do chủng Virus Corona mới (2019-nCoV)](https://dmec.moh.gov.vn/documents/10182/10030661/quyet-dinh-322-qd-byt-huong-dan-chan-doan-dieu-tri-viem-duong-ho-hap-cap-tinh.pdf/fec4bd49-a872-49f0-b599-d6f3528ec64e)**** **- **[**Quyết định số 225** Thành lập đội cơ động phản ứng nhanh chống dịch viêm đường hô hấp cấp do chủng mới virus corona (nCoV).](https://dmec.moh.gov.vn/documents/10182/10030661/quyet-dinh-225-qd-byt-2020-doi-co-dong-phan-ung-nhanh-chong-dich-viem-duong-ho-hap+%281%29.pdf/757f8d28-54d6-4115-bea8-2d177a1b9eed)**** **- **[**Quyết định 181** Về việc ban hành ""Hướng dẫn tạm thời giám sát, phòng, chống bệnh viêm đường hô hấp cấp do chủng mới virus corona"".](https://dmec.moh.gov.vn/documents/10182/10030661/quyet-dinh-181-qd-byt-huong-dan-phong-chong-benh-viem-duong-ho-hap-do-virus-corona.pdf/767bbb73-6b30-45cf-9887-dcd917b47bf7)**** **- **[**Quyết định 156** Về việc ban hành kế hoạch đáp ứng với bệnh viêm phổi cấp do chủng mới của virus Corona .](https://dmec.moh.gov.vn/documents/10182/10030661/quyet-dinh-156-qd-byt-2020-ke-hoach-dap-ung-voi-benh-viem-phoi-cap-do-virus-corona.pdf/248066cc-e3b0-49ea-ba21-08087a19600d)**** **- **[**Công văn 104/KCB-NV** Về việc đảm bảo trang bị TTB- Thuốc-VTTH cho đơn vị cách lý điều trị bệnh viêm đường hô hấp do nCoV.](https://dmec.moh.gov.vn/documents/10182/10030661/CV+101+Cuc+KCB+dam+bao+thuoc+vat+tu+cho+don+vi+dieu+tri+dich+viem+phoi+do+Corona.pdf/ee84c56c-ea74-47dd-bd8f-cc8a6fcad30d)**** **- **[**Công văn 519/BYT-KCB** Hướng dẫn tổ chức tiếp nhận, chẩn đoán, điều trị và quản lý người bệnh viêm đường hô hấp cấp tính do nCoV.](https://dmec.moh.gov.vn/documents/10182/10030661/cong-van-519-byt-kcb-huong-dan-chan-doan-dieu-tri-viem-duong-ho-hap-cap-tinh.pdf/0355b38d-e3fc-4651-b47f-5bdc40ccfccf)**** **- **[**Số 108/KCB-QLCL&CĐT** Về việc hướng dẫn tạm thời về xét nghiệm chủng mới của Virus Corona (nCoV).](https://dmec.moh.gov.vn/documents/10182/10030661/365067_108-kcb-qlclcdt.pdf/eed9411b-4651-481f-82c4-3d6678059c07)**** **- **[**Tài liệu:** Hội thảo đối thoại doanh nghiệp khu vực Miền Nam](https://imda.moh.gov.vn/documents/10182/10030661/T%C3%A0i+li%E1%BB%87u+H%E1%BB%99i+th%E1%BA%A3o+%C4%91%E1%BB%91i+tho%E1%BA%A1i+doanh+nghi%E1%BB%87p+khu+v%E1%BB%B1c+Mi%E1%BB%81n+Nam.pdf/cbc3e9c9-486c-46f4-b65e-6e5be464854a)**** **- **[**Tài liệu:** NGHỊ ĐỊNH Sửa đổi, bổ sung một số quy định liên quan đến điều kiện đầu tư kinh doanh lĩnh vực trang thiết bị y tế](https://imda.moh.gov.vn/documents/10182/10030661/DuthaonghidinhTTBYT2019/0fc7e2b7-b637-42d8-a64e-fef34957545c)**** **- **[**Tài liệu:** Hội nghị phổ biến quy định về hoạt động phân loại TTBYT.](https://imda.moh.gov.vn/documents/10182/10030661/T%C3%A0i+li%E1%BB%87u+H%E1%BB%99i+ngh%E1%BB%8B+t%E1%BA%ADp+hu%E1%BA%A5n+ph%C3%A2n+lo%E1%BA%A1i+TTBYT.pdf/97679e25-ac9d-42a2-8c8e-a27333628e03)**** **- **[**Tài liệu:** Hội nghị phổ biến Nghị định 169/2018/NĐ-CP cho doanh nghiệp.](https://imda.moh.gov.vn/documents/10182/10030661/T%C3%A0i+li%E1%BB%87u+H%E1%BB%99i+ngh%E1%BB%8B+ph%E1%BB%95+bi%E1%BA%BFn+N%C4%90169.2018+cho+DN.pdf/63ea519c-960d-409d-b167-c5b00a6b8e5b)**** **- **[**Phụ lục:** Các nguyên tắc thiết yếu về tính an toàn và tính năng kỹ thuật của TTBYT.](https://imda.moh.gov.vn/documents/10182/10030661/Ph%E1%BB%A5+l%E1%BB%A5c+c%C3%A1c+nguy%C3%AAn+t%E1%BA%AFc+thi%E1%BA%BFt+y%E1%BA%BFu+v%E1%BB%81+an+to%C3%A0n+t%C3%ADnh+n%C4%83ng+TTBYT.doc/092f3606-7fa4-43d8-8e7d-5f815c4c0ffd)**** **- **[**Tổng hợp:** Dự thảo nội dung cắt giảm, sửa đổi, bổ sung quy định tại Nghị định 36/2016/NĐ-CP.](https://imda.moh.gov.vn/documents/10182/10030661/T%E1%BB%95ng+h%E1%BB%A3p+d%E1%BB%B1+th%E1%BA%A3o+n%E1%BB%99i+dung+s%E1%BB%ADa+%C4%91%E1%BB%95i+N%C4%9036.2016.docx/edd5f852-caff-4c1d-9c70-fbfbdfbd967c)****",DISCOVERED_UNSCREENED
MOH,moh.gov.vn,DQ-IMPL-05,31,https://moh.gov.vn/index.jsp?pageId=5803&aid=126495&cid=8354,Cổng thông tin,"Sau một thời gian theo dõi, Công an tỉnh Thừa Thiên Huế cùng phối hợp với Thanh tra Sở Y tế tỉnh này đã bất ngờ kiểm tra nhà ông Hạp. Tại đây, lực lượng đã ...",DISCOVERED_UNSCREENED
MOH,moh.gov.vn,DQ-IMPL-05,32,https://moh.gov.vn/index.jsp?pageId=5803&aid=126165&cid=8354,Điểm tin ngày 2/10/2014,"... Sở Y tế TP.HCM cho biết, lãnh đạo Sở đã không đồng ý với kết luận của ... Y tế kiểm tra và bảo đảm an toàn. Kết quả đánh giá nguyên nhân các phản ứng ...",DISCOVERED_UNSCREENED
MOH,moh.gov.vn,DQ-IMPL-05,33,https://moh.gov.vn/index.jsp?pageId=5803&aid=125884&cid=8354,Điểm tin ngày 17&18/7/2014,"Bộ Y tế yêu cầu tăng cường thanh, kiểm tra việc khám sức khỏe, cấp giấy khám sức khỏe. Chiều 14/7, Bộ Y tế có công văn yêu cầu Giám đốc Sở Y tế các tỉnh ...",DISCOVERED_UNSCREENED
MOH,moh.gov.vn,DQ-IMPL-05,34,https://moh.gov.vn/index.jsp?pageId=5803&aid=126871&cid=8354,Cổng thông tin Bộ Y tế,"Tuy nhiên, căn cứ vào kết quả kiểm tra, xác minh của Thanh tra Sở Y tế, giám đốc Sở Y tế chỉ đạo giám đốc BV Nhi đồng 2 tổ chức họp rút kinh nghiệm, kiểm điểm ...",DISCOVERED_UNSCREENED
MOH,moh.gov.vn,DQ-IMPL-05,35,https://ydct.moh.gov.vn/static/files/uploads/3dcd60dab9f8f659122a5b71165dd45a1f86caac06f8eb0aea22204e6e9433cd.doc,Cục quản lý y dược cổ truyền - Bộ Y tế,"Lãnh đạo hoặc chuyên viên Thanh tra Sở Y tế là thành viên. 8. Trưởng phòng y ... b) Quản lý, kiểm tra việc cấp, cấp lại, thu hồi Giấy chứng nhận. c ...",DISCOVERED_UNSCREENED
MOH,moh.gov.vn,DQ-IMPL-05,36,https://ydct.moh.gov.vn/,Cục quản lý y dược cổ truyền - Bộ Y tế,"... Y tế yêu cầu kiểm tra đột xuất. 17/05/2026. Y cổ truyền. Quyết định số 3080/QĐ ... bệnh viện y học cổ truyền công lập thuộc tỉnh, thành phố. 06/01/2026 ...",DISCOVERED_UNSCREENED
MOH,moh.gov.vn,DQ-IMPL-05,37,https://mcdt.moh.gov.vn/web/guest/phan-anh-kien-nghi?p_p_id=timkiempakn_WAR_oep_paknportlet&p_p_lifecycle=0&p_p_state=normal&p_p_mode=view&_timkiempakn_WAR_oep_paknportlet_jspPage=%2Fhtml%2Fpakn%2Fportlet%2Ftim_kiem%2Fchi_tiet.jsp&_timkiempakn_WAR_oep_paknportlet_phanAnhKienNghiId=1101,NỘI DUNG GỬI PHẢN ÁNH KIẾN NGHỊ,"... Kiểm soát HIV bệnh truyền nhiễm mạn tính ....Phòng Kiểm soát bệnh truyền ... Liên kết. DVC Sở Y tế Hà Nội, DVC Sở Y tế TP. Hồ Chí Minh, DVC Sở Y tế Hải ...",DISCOVERED_UNSCREENED
MOH,moh.gov.vn,DQ-IMPL-05,38,https://moh.gov.vn/index.jsp?pageId=5803&aid=126623&cid=8354,Cổng thông tin Bộ Y tế,... y tế: đó là nhận xét chung về tình hình xử lý chất thải y tế ở các cơ sở y tế công lập tại tỉnh Gia Lai. Kết quả kiểm tra tại 20 trạm y tế và ban y tế dự ...,DISCOVERED_UNSCREENED
MOH,moh.gov.vn,DQ-IMPL-05,39,https://imda.moh.gov.vn/van-ban-cong-bo,Kết quả dịch vụ công - Trang thiết bị y tế,"Kết quả dịch vụ công - Trang thiết bị y tế [Truy cập nội dung luôn](https://imda.moh.gov.vn/van-ban-cong-bo#main-content)

|  |  |
|-|-|
| Cơ quan quản lý<br>--Chọn cơ quan quản lý -- Bệnh viện Bạch MaiBệnh viện Bệnh nhiệt đới trung ươngBệnh viện Hữu NghịBệnh viện Hữu Nghị Việt ĐứcBệnh viện Nhi Trung ươngBệnh viện Phụ Sản TWBộ Y tế (1)Cục Hạ tầng và Thiết bị y tế - Bộ Y tếHội Hồi sức cấp cứu và chống độc Việt NamSở Y tế An GiangSở Y tế Bà Rịa - Vũng TàuSở Y tế Bình PhướcSở Y tế Bình ThuậnSở Y tế Bình ĐịnhSở Y tế Bạc LiêuSở Y tế Bắc GiangSở Y tế Bắc KạnSở Y tế Bắc NinhSở Y tế Bến TreSở Y tế Cao BằngSở Y tế Cà MauSở Y tế Cần ThơSở Y tế Gia LaiSở Y tế Hà GiangSở Y tế Hà NamSở Y tế Hà NộiSở Y tế Hà TĩnhSở Y tế Hòa BìnhSở Y tế Hưng YênSở Y tế Hải DươngSở Y tế Hải PhòngSở Y tế Hậu GiangSở Y tế Khánh HòaSở Y tế Kiên GiangSở Y tế Kon TumSở Y tế Lai ChâuSở Y tế Long AnSở Y tế Lào CaiSở Y tế Lâm ĐồngSở Y tế Lạng SơnSở Y tế Nam ĐịnhSở Y tế Nghệ AnSở Y tế Ninh BìnhSở Y tế Ninh ThuậnSở Y tế Phú ThọSở Y tế Phú YênSở Y tế Quảng BìnhSở Y tế Quảng NamSở Y tế Quảng NgãiSở Y tế Quảng NinhSở Y tế Quảng TrịSở Y tế Sóc TrăngSở Y tế Sơn LaSở Y tế TP Hồ Chí MinhSở Y tế Thanh HóaSở Y tế Thái BìnhSở Y tế Thái NguyênSở Y tế Thừa Thiên HuếSở Y tế Tiền GiangSở Y tế Trà VinhSở Y tế Tuyên QuangSở Y tế Tây NinhSở Y tế Vĩnh LongSở Y tế Vĩnh PhúcSở Y tế Yên BáiSở Y tế Điện BiênSở Y tế Đà NẵngSở Y tế Đăk LăkSở Y tế Đắk NôngSở Y tế Đồng NaiSở Y tế Đồng ThápSở y tế Bình DươngTrường Cao đẳng nghề kỹ thuật thiết bị y tếTrường Cao đẳng thiết bị y tếTrường Đại học Y Hà NộiViện Huyết học Truyền máu Trung ươngViện Kiểm định Quốc gia Vắc xin và Sinh phẩm y tếViện Vệ sinh dịch tễ Trung ươngĐại học Quốc gia Hà Nội | Tên thiết bị y tế |
| Hồ sơ nộp từ ngày | Hồ sơ nộp đến ngày |
| Hồ sơ công bố từ ngày | Hồ sơ công bố đến ngày |
| Thủ tục hành chính<br>--Chọn thủ tục hành chính--Cấp mới số lưu hành đối với thiết bị y tế đã có quy chuẩn kỹ thuật quốc gia tương ứng (Là thiết bị loại B nhóm IVD sản xuất trong nước)Cấp mới số lưu hành đối với thiết bị y tế đã có quy chuẩn kỹ thuật quốc gia tương ứng (Là thiết bị loại B sản xuất trong nước)Cấp mới số lưu hành đối với thiết bị y tế là phương tiện đo phải phê duyệt mẫu theo quy định của pháp luật về đo lường (Là thiết bị loại B nhóm IVD sản xuất trong nước)Cấp mới số lưu hành đối với thiết bị y tế là phương tiện đo phải phê duyệt mẫu theo quy định của pháp luật về đo lường (Là thiết bị loại B sản xuất trong nước)Cấp mới số lưu hành đối với thiết bị y tế chưa có quy chuẩn kỹ thuật quốc gia tương ứng (Là thiết bị loại B nhóm IVD sản xuất trong nước)Cấp mới số lưu hành đối với thiết bị y tế chưa có quy chuẩn kỹ thuật quốc gia tương ứng (Là thiết bị loại B sản xuất trong nước)Cấp mới số lưu hành đối với thiết bị y tế là phương tiện đo nhưng không phải phê duyệt mẫu theo quy định của pháp luật về đo lường (Là thiết bị loại B nhóm IVD sản xuất trong nước)Cấp mới số lưu hành đối với thiết bị y tế là phương tiện đo nhưng không phải phê duyệt mẫu theo quy định của pháp luật về đo lường (Là thiết bị loại B sản xuất trong nước)Cấp mới số lưu hành đối với thiết bị y tế đã có quy chuẩn kỹ thuật quốc gia tương ứng (Là thiết bị loại B nhóm IVD nhập khẩu)Cấp mới số lưu hành đối với thiết bị y tế đã có quy chuẩn kỹ thuật quốc gia tương ứng (Là thiết bị loại B nhập khẩu)Cấp mới số lưu hành đối với thiết bị y tế là phương tiện đo phải phê duyệt mẫu theo quy định của pháp luật về đo lường (Là thiết bị loại B nhóm IVD nhập khẩu)Cấp mới số lưu hành đối với thiết bị y tế là phương tiện đo phải phê duyệt mẫu theo quy định của pháp luật về đo lường (Là thiết bị loại B nhập khẩu)Gia hạn số lưu hành đối với TBYT thuộc loại B, C và DCấp mới số lưu hành đối với thiết bị y tế chưa có quy chuẩn kỹ thuật quốc gia tương ứng (Là thiết bị loại B nhóm IVD nhập khẩu)Cấp mới số lưu hành đối với thiết bị y tế chưa có quy chuẩn kỹ thuật quốc gia tương ứng (Là thiết bị loại B nhập khẩu)Cấp mới số lưu hành đối với thiết bị y tế là phương tiện đo nhưng không phải phê duyệt mẫu theo quy định của pháp luật về đo lường (Là thiết bị loại B nhóm IVD nhập khẩu)Cấp mới số lưu hành đối với thiết bị y tế là phương tiện đo nhưng không phải phê duyệt mẫu theo quy định của pháp luật về đo lường (Là thiết bị loại B nhập khẩu)Cấp mới số lưu hành đối với thiết bị y tế đã có quy chuẩn kỹ thuật quốc gia tương ứng (Là thiết bị loại C, D nhóm IVD sản xuất trong nước)Cấp mới số lưu hành đối với thiết bị y tế đã có quy chuẩn kỹ thuật quốc gia tương ứng (Là thiết bị loại C, D sản xuất trong nước)Cấp mới số lưu hành đối với thiết bị y tế là phương tiện đo phải phê duyệt mẫu theo quy định của pháp luật về đo lường (Là thiết bị loại C, D nhóm IVD sản xuất trong nước)Cấp mới số lưu hành đối với thiết bị y tế là phương tiện đo phải phê duyệt mẫu theo quy định của pháp luật về đo lường (Là thiết bị loại C, D sản xuất trong nước)Cấp mới số lưu hành đối với thiết bị y tế khác (Là thiết bị loại C, D nhóm IVD sản xuất trong nước)Cấp mới số lưu hành đối với thiết bị y tế khác (Là thiết bị loại C,D sản xuất trong nước)Cấp mới số lưu hành đối với thiết bị y tế là phương tiện đo nhưng không phải phê duyệt mẫu theo quy định của pháp luật về đo lường (Là thiết bị loại C, D nhóm IVD sản xuất trong nước)Cấp mới số lưu hành đối với thiết bị y tế là phương tiện đo nhưng không phải phê duyệt mẫu theo quy định của pháp luật về đo lường (Là thiết bị loại C, D sản xuất trong nước)Cấp mới số lưu hành đối với thiết bị y tế đã có quy chuẩn kỹ thuật quốc gia tương ứng (Là thiết bị loại C, D nhóm IVD nhập khẩu)Cấp mới số lưu hành đối với thiết bị y tế đã có quy chuẩn kỹ thuật quốc gia tương ứng (Là thiết bị loại C, D nhập khẩu)Cấp mới số lưu hành đối với thiết bị y tế là phương tiện đo phải phê duyệt mẫu theo quy định của pháp luật về đo lường (Là thiết bị loại C, D nhóm IVD nhập khẩu)Cấp mới số lưu hành đối với thiết bị y tế là phương tiện đo phải phê duyệt mẫu theo quy định của pháp luật về đo lường (Là thiết bị loại C, D nhập khẩu)Cấp mới số lưu hành đối với thiết bị y tế khác (Là thiết bị loại C, D nhóm IVD nhập khẩu)Cấp mới số lưu hành đối với thiết bị y tế khác (Là thiết bị loại C,D nhập khẩu)Cấp mới số lưu hành đối với thiết bị y tế là phương tiện đo nhưng không phải phê duyệt mẫu theo quy định của pháp luật về đo lường (Là thiết bị loại C, D nhóm IVD nhập khẩu)Cấp mới số lưu hành đối với thiết bị y tế là phương tiện đo nhưng không phải phê duyệt mẫu theo quy định của pháp luật về đo lường (Là thiết bị loại C, D nhập khẩu)Cấp mới giấy chứng nhận lưu hành tự do (CFS) cho TTBYT nhóm A chưa có số đăng ký lưu hànhCấp mới giấy chứng nhận lưu hành tự do (CFS) cho TBYT nhóm A đã có số đăng ký lưu hànhCấp mới giấy chứng nhận lưu hành tự do (CFS) cho TBYT nhóm A, B đã có số đăng ký lưu hànhCấp giấy chứng nhận lưu hành tự do (CFS) đối với TBYT nhóm B, C, D đã có số đăng ký lưu hànhCấp giấy chứng nhận lưu hành tự do (CFS) đối với TBYT nhóm C, D đã có số đăng ký lưu hànhCấp giấy chứng nhận lưu hành tự do (CFS) đối với thiết bị y tế nhóm B, C, D chưa có số đăng ký lưu hành có quy chuẩn kỹ thuật quốc gia tương ứngCấp giấy chứng nhận lưu hành tự do (CFS) đối với thiết bị y tế nhóm B, C, D chưa có số đăng ký lưu hành là phương tiện đo phải phê duyệt mẫu theo quy định của pháp luật về đo lườngCấp giấy chứng nhận lưu hành tự do (CFS) đối với thiết bị y tế nhóm B, C, D chưa có số đăng ký lưu hành chưa có quy chuẩn kỹ thuật quốc gia tương ứngCấp giấy chứng nhận lưu hành tự do (CFS) đối với thiết bị y tế nhóm B, C, D chưa có số đăng ký lưu hành là phương tiện đo nhưng không phải phê duyệt mẫu theo quy định của pháp luật về đo lườngCấp giấy xác nhận nội dung quảng cáo thiết bị y tếCấp lại giấy xác nhận nội dung quảng cáo thiết bị y tế khi có thay đổi về tên, địa chỉ của tổ chức, cá nhân chịu trách nhiệm và không thay đổi nội dung quảng cáoCấp lại giấy xác nhận nội dung quảng cáo thiết bị y tế trong trường hợp hết hiệu lực tại Khoản 2 Điều 21 Thông tư số 09/2015/TT-BYTCấp mới giấy phép nhập khẩu thiết bị y tế (theo quy định tại Nghị định 36/2016/NĐ-CP)Cấp giấy phép nhập khẩu sinh phẩm chẩn đoán invitro chưa có số đăng ký lưu hànhCông bố đủ điều kiện thực hiện dịch vụ tư vấn về kỹ thuật Trang thiết bị y tế.Công bố tiêu chuẩn áp dụng đối với thiết bị y tế loại B (Bộ Y tế)Công bố tiêu chuẩn áp dụng đối với thiết bị y tế loại BCông bố tiêu chuẩn áp dụng đối với thiết bị y tế loại ACông bố đủ điều kiện tư vấn về kỹ thuật thiết bị y tếCông bố đủ điều kiện sản xuất thiết bị y tếCông bố nồng độ, hàm lượng trong nguyên liệu sản xuất thiết bị y tế, chất ngoại kiểm chứa chất ma túy và tiền chấtCông bố đủ điều kiện mua bán thiết bị y tế thuộc loại B, C, DCấp mới giấy phép nhập khẩu thiết bị y tế - Mục đích chữa bệnh cá nhân hoặc theo nhu cầu chẩn đoán đặc biệt của cơ sở y tếCấp mới giấy phép nhập khẩu thiết bị y tế - Mục đích phục vụ mục đích viện trợ, viện trợ nhân đạo; quà tặng, quà biếu cho cơ sở y tế; phục vụ hội chợ, triển lãm, trưng bày hoặc giới thiệu sản phẩm; phục vụ hoạt động khám bệnh, chữa bệnh nhân đạoCấp mới giấy phép nhập khẩu thiết bị y tế - Mục đích phục vụ nghiên cứu khoa học, kiểm định, kiểm nghiệm, khảo nghiệm, đánh giá chất lượng hoặc đào tạo hướng dẫn việc sử dụng, hướng dẫn sửa chữa thiết bị y tếNhập khẩu để sử dụng cho mục đích cá nhânNhập khẩu để viện trợ, viện trợ nhân đạoPhục vụ hoạt động khám bệnh, chữa bệnh nhân đạoNhập khẩu theo nhu cầu chẩn đoán đặc biệt của cơ sở y tếNhập khẩu để phục vụ nghiên cứu khoa họcNhập khẩu để sử dụng cho mục đích kiểm định, kiểm nghiệm, khảo nghiệm, đánh giá chất lượngNhập khẩu để đào tạo hướng dẫn việc sử dụng, hướng dẫn sửa chữa thiết bị y tếCấp mới giấy phép nhập khẩu thiết bị y tế - Mục đích đáp ứng nhu cầu cấp bách phòng, chống dịch bệnh, khắc phục hậu quả thiên tai, thảm họaNhập khẩu phục vụ hội chợ, triển lãm, trưng bày hoặc giới thiệu sản phẩmNhập khẩu quà tặng, quà biếu cho cơ sở y tếNhập khẩu để đáp ứng nhu cầu cấp bách phòng, chống dịch bệnh, khắc phục hậu quả thiên tai, thảm họaCấp mới giấy phép nhập khẩu thiết bị y tế - Mục đích sử dụng tại cơ sở y tế được mua sắm từ nguồn vốn hỗ trợ phát triển chính thức (ODA) và vốn vay ưu đãi, viện trợ không hoàn lại không thuộc hỗ trợ phát triển chính thứcSử dụng tại cơ sở y tế được mua sắm từ nguồn vốn hỗ trợ phát triển chính thức (ODA)Sử dụng tại cơ sở y tế được mua sắm từ vốn vay ưu đãi, viện trợ không hoàn lại không thuộc hỗ trợ phát triển chính thức.Công bố đủ điều kiện sản xuất trang thiết bị y tế.Công bố tiêu chuẩn áp dụng đối với trang thiết bị y tế loại A.Công bố đủ điều kiện mua bán trang thiết bị y tế loại B, C, D. | Tên doanh nghiệp |

| STT | Mã hồ sơ | Số công bố | Thông tin hồ sơ | Tên doanh nghiệp/Cá nhân | Tên TBYT | Trạng thái | Văn bản công bố |
|-|-|-|-|-|-|-|-|
| 1 | H26.19-260713-180053 | 260001359/PCBA-HN | [Công bố tiêu chuẩn áp dụng đối với thiết bị y tế loại A](https://imda.moh.gov.vn/web/guest/van-ban-cong-bo?p_p_id=vanbancongbo_WAR_trangthietbiyteportlet&p_p_lifecycle=0&p_p_state=normal&p_p_mode=view&p_p_col_id=column-1&p_p_col_count=1&_vanbancongbo_WAR_trangthietbiyteportlet_hoSoId=746313&_vanbancongbo_WAR_trangthietbiyteportlet_vanBanId=665522&_vanbancongbo_WAR_trangthietbiyteportlet_doanhNghiepId=31301&_vanbancongbo_WAR_trangthietbiyteportlet_redirectVanBanURL=%2Fvan-ban-cong-bo&_vanbancongbo_WAR_trangthietbiyteportlet_jspPage=%2Fhtml%2Fttbyte%2Fportlet%2Fvanbancongbo%2Fxemhoso_tuybien.jsp)<br>Ngày công bố: 13/07/2026 | CÔNG TY TNHH TRATESCO | Bàn mổ đa năng và phụ kiện | Còn hiệu lực |  |
| 2 | H26.19-260713-180037 | 260000097/PCBSX-HN | [Công bố đủ điều kiện sản xuất thiết bị y tế](https://imda.moh.gov.vn/web/guest/van-ban-cong-bo?p_p_id=vanbancongbo_WAR_trangthietbiyteportlet&p_p_lifecycle=0&p_p_state=normal&p_p_mode=view&p_p_col_id=column-1&p_p_col_count=1&_vanbancongbo_WAR_trangthietbiyteportlet_hoSoId=746416&_vanbancongbo_WAR_trangthietbiyteportlet_vanBanId=665521&_vanbancongbo_WAR_trangthietbiyteportlet_doanhNghiepId=267103&_vanbancongbo_WAR_trangthietbiyteportlet_redirectVanBanURL=%2Fvan-ban-cong-bo&_vanbancongbo_WAR_trangthietbiyteportlet_jspPage=%2Fhtml%2Fttbyte%2Fportlet%2Fvanbancongbo%2Fxemhoso_tuybien.jsp)<br>Ngày công bố: 13/07/2026 | CÔNG TY TNHH DỊCH VỤ Y TẾ IDC | Răng sứ | Còn hiệu lực |  |
| 3 | H26.19-260713-180046 | 260000444/PCBMB-HN | [Công bố đủ điều kiện mua bán thiết bị y tế thuộc loại B, C, D](https://imda.moh.gov.vn/web/guest/van-ban-cong-bo?p_p_id=vanbancongbo_WAR_trangthietbiyteportlet&p_p_lifecycle=0&p_p_state=normal&p_p_mode=view&p_p_col_id=column-1&p_p_col_count=1&_vanbancongbo_WAR_trangthietbiyteportlet_hoSoId=746113&_vanbancongbo_WAR_trangthietbiyteportlet_vanBanId=665520&_vanbancongbo_WAR_trangthietbiyteportlet_doanhNghiepId=443903&_vanbancongbo_WAR_trangthietbiyteportlet_redirectVanBanURL=%2Fvan-ban-cong-bo&_vanbancongbo_WAR_trangthietbiyteportlet_jspPage=%2Fhtml%2Fttbyte%2Fportlet%2Fvanbancongbo%2Fxemhoso_tuybien.jsp)<br>Ngày công bố: 13/07/2026 | CÔNG TY CỔ PHẦN BỆNH VIỆN ĐỨC PHÚC |  | Còn hiệu lực |  |
| 4 | H26.19-260630-180008 | 260002274/PCBB-HN | [Công bố tiêu chuẩn áp dụng đối với thiết bị y tế loại B](https://imda.moh.gov.vn/web/guest/van-ban-cong-bo?p_p_id=vanbancongbo_WAR_trangthietbiyteportlet&p_p_lifecycle=0&p_p_state=normal&p_p_mode=view&p_p_col_id=column-1&p_p_col_count=1&_vanbancongbo_WAR_trangthietbiyteportlet_hoSoId=739901&_vanbancongbo_WAR_trangthietbiyteportlet_vanBanId=665519&_vanbancongbo_WAR_trangthietbiyteportlet_doanhNghiepId=2205&_vanbancongbo_WAR_trangthietbiyteportlet_redirectVanBanURL=%2Fvan-ban-cong-bo&_vanbancongbo_WAR_trangthietbiyteportlet_jspPage=%2Fhtml%2Fttbyte%2Fportlet%2Fvanbancongbo%2Fxemhoso_tuybien.jsp)<br>Ngày công bố: 13/07/2026 | CÔNG TY TNHH THIẾT BỊ NHẬT ANH | Vật liệu kiểm soát xét nghiệm định lượng IGF-I | Còn hiệu lực |  |
| 5 | H26.19-260708-180039 | 260001358/PCBA-HN | [Công bố tiêu chuẩn áp dụng đối với thiết bị y tế loại A](https://imda.moh.gov.vn/web/guest/van-ban-cong-bo?p_p_id=vanbancongbo_WAR_trangthietbiyteportlet&p_p_lifecycle=0&p_p_state=normal&p_p_mode=view&p_p_col_id=column-1&p_p_col_count=1&_vanbancongbo_WAR_trangthietbiyteportlet_hoSoId=743813&_vanbancongbo_WAR_trangthietbiyteportlet_vanBanId=665518&_vanbancongbo_WAR_trangthietbiyteportlet_doanhNghiepId=209502&_vanbancongbo_WAR_trangthietbiyteportlet_redirectVanBanURL=%2Fvan-ban-cong-bo&_vanbancongbo_WAR_trangthietbiyteportlet_jspPage=%2Fhtml%2Fttbyte%2Fportlet%2Fvanbancongbo%2Fxemhoso_tuybien.jsp)<br>Ngày công bố: 13/07/2026 | VĂN PHÒNG ĐẠI DIỆN BAXTER HEALTHCARE (ASIA) PTE LTD TẠI THÀNH PHỐ HÀ NỘI | Hệ thống quản trị hình ảnh, tích hợp và truyền thông phòng mổ Helion và phụ kiện | Còn hiệu lực |  |
| 6 | H26.19-260708-180030 | 260001357/PCBA-HN | [Công bố tiêu chuẩn áp dụng đối với thiết bị y tế loại A](https://imda.moh.gov.vn/web/guest/van-ban-cong-bo?p_p_id=vanbancongbo_WAR_trangthietbiyteportlet&p_p_lifecycle=0&p_p_state=normal&p_p_mode=view&p_p_col_id=column-1&p_p_col_count=1&_vanbancongbo_WAR_trangthietbiyteportlet_hoSoId=743808&_vanbancongbo_WAR_trangthietbiyteportlet_vanBanId=665517&_vanbancongbo_WAR_trangthietbiyteportlet_doanhNghiepId=209502&_vanbancongbo_WAR_trangthietbiyteportlet_redirectVanBanURL=%2Fvan-ban-cong-bo&_vanbancongbo_WAR_trangthietbiyteportlet_jspPage=%2Fhtml%2Fttbyte%2Fportlet%2Fvanbancongbo%2Fxemhoso_tuybien.jsp)<br>Ngày công bố: 13/07/2026 | VĂN PHÒNG ĐẠI DIỆN BAXTER HEALTHCARE (ASIA) PTE LTD TẠI THÀNH PHỐ HÀ NỘI | Hệ thống quản trị hình ảnh, tích hợp và truyền thông phòng mổ Helion R và phụ kiện | Còn hiệu lực |  |
| 7 | H26.19-260708-180038 | 260001356/PCBA-HN | [Công bố tiêu chuẩn áp dụng đối với thiết bị y tế loại A](https://imda.moh.gov.vn/web/guest/van-ban-cong-bo?p_p_id=vanbancongbo_WAR_trangthietbiyteportlet&p_p_lifecycle=0&p_p_state=normal&p_p_mode=view&p_p_col_id=column-1&p_p_col_count=1&_vanbancongbo_WAR_trangthietbiyteportlet_hoSoId=743812&_vanbancongbo_WAR_trangthietbiyteportlet_vanBanId=665516&_vanbancongbo_WAR_trangthietbiyteportlet_doanhNghiepId=209502&_vanbancongbo_WAR_trangthietbiyteportlet_redirectVanBanURL=%2Fvan-ban-cong-bo&_vanbancongbo_WAR_trangthietbiyteportlet_jspPage=%2Fhtml%2Fttbyte%2Fportlet%2Fvanbancongbo%2Fxemhoso_tuybien.jsp)<br>Ngày công bố: 13/07/2026 | VĂN PHÒNG ĐẠI DIỆN BAXTER HEALTHCARE (ASIA) PTE LTD TẠI THÀNH PHỐ HÀ NỘI | Hệ thống quản trị hình ảnh, tích hợp và truyền thông phòng mổ Helion RS và phụ kiện | Còn hiệu lực |  |
| 8 | H26.19-260713-180025 | 260001355/PCBA-HN | [Công bố tiêu chuẩn áp dụng đối với thiết bị y tế loại A](https://imda.moh.gov.vn/web/guest/van-ban-cong-bo?p_p_id=vanbancongbo_WAR_trangthietbiyteportlet&p_p_lifecycle=0&p_p_state=normal&p_p_mode=view&p_p_col_id=column-1&p_p_col_count=1&_vanbancongbo_WAR_trangthietbiyteportlet_hoSoId=746108&_vanbancongbo_WAR_trangthietbiyteportlet_vanBanId=665515&_vanbancongbo_WAR_trangthietbiyteportlet_doanhNghiepId=43005&_vanbancongbo_WAR_trangthietbiyteportlet_redirectVanBanURL=%2Fvan-ban-cong-bo&_vanbancongbo_WAR_trangthietbiyteportlet_jspPage=%2Fhtml%2Fttbyte%2Fportlet%2Fvanbancongbo%2Fxemhoso_tuybien.jsp)<br>Ngày công bố: 13/07/2026 | CÔNG TY CỔ PHẦN GIẢI PHÁP Y TẾ NAM MINH | Bộ van sinh thiết/bộ van khí dùng trong nội soi | Còn hiệu lực |  |
| 9 | H26.19-260706-180018 | 260000443/PCBMB-HN | [Công bố đủ điều kiện mua bán thiết bị y tế thuộc loại B, C, D](https://imda.moh.gov.vn/web/guest/van-ban-cong-bo?p_p_id=vanbancongbo_WAR_trangthietbiyteportlet&p_p_lifecycle=0&p_p_state=normal&p_p_mode=view&p_p_col_id=column-1&p_p_col_count=1&_vanbancongbo_WAR_trangthietbiyteportlet_hoSoId=742705&_vanbancongbo_WAR_trangthietbiyteportlet_vanBanId=665514&_vanbancongbo_WAR_trangthietbiyteportlet_doanhNghiepId=238611&_vanbancongbo_WAR_trangthietbiyteportlet_redirectVanBanURL=%2Fvan-ban-cong-bo&_vanbancongbo_WAR_trangthietbiyteportlet_jspPage=%2Fhtml%2Fttbyte%2Fportlet%2Fvanbancongbo%2Fxemhoso_tuybien.jsp)<br>Ngày công bố: 13/07/2026 | CÔNG TY CỔ PHẦN KỸ THUẬT - THIẾT BỊ NAM VIỆT |  | Còn hiệu lực |  |
| 10 | H26.19-260713-180011 | 260002273/PCBB-HN | [Công bố tiêu chuẩn áp dụng đối với thiết bị y tế loại B](https://imda.moh.gov.vn/web/guest/van-ban-cong-bo?p_p_id=vanbancongbo_WAR_trangthietbiyteportlet&p_p_lifecycle=0&p_p_state=normal&p_p_mode=view&p_p_col_id=column-1&p_p_col_count=1&_vanbancongbo_WAR_trangthietbiyteportlet_hoSoId=746405&_vanbancongbo_WAR_trangthietbiyteportlet_vanBanId=665513&_vanbancongbo_WAR_trangthietbiyteportlet_doanhNghiepId=36211&_vanbancongbo_WAR_trangthietbiyteportlet_redirectVanBanURL=%2Fvan-ban-cong-bo&_vanbancongbo_WAR_trangthietbiyteportlet_jspPage=%2Fhtml%2Fttbyte%2Fportlet%2Fvanbancongbo%2Fxemhoso_tuybien.jsp)<br>Ngày công bố: 13/07/2026 | CÔNG TY TNHH ĐẦU TƯ Y TẾ MITRACO | Cụm IVD dấu ấn ung thư | Còn hiệu lực |  |

- [1](https://imda.moh.gov.vn/web/guest/van-ban-cong-bo?p_p_id=vanbancongbo_WAR_trangthietbiyteportlet&p_p_lifecycle=0&p_p_state=normal&p_p_mode=view&p_p_col_id=column-1&p_p_col_count=1&_vanbancongbo_WAR_trangthietbiyteportlet_keyword=&_vanbancongbo_WAR_trangthietbiyteportlet_showHide=0&_vanbancongbo_WAR_trangthietbiyteportlet_ngayGuiTu=&_vanbancongbo_WAR_trangthietbiyteportlet_ngayGuiDen=&_vanbancongbo_WAR_trangthietbiyteportlet_ngayCongBoTu=&_vanbancongbo_WAR_trangthietbiyteportlet_ngayCongBoDen=&_vanbancongbo_WAR_trangthietbiyteportlet_tenDoanhNghiep=&_vanbancongbo_WAR_trangthietbiyteportlet_tenTTBYT=&_vanbancongbo_WAR_trangthietbiyteportlet_coQuanQuanLyId=0&_vanbancongbo_WAR_trangthietbiyteportlet_tthcId=0&_vanbancongbo_WAR_trangthietbiyteportlet_delta=10&_vanbancongbo_WAR_trangthietbiyteportlet_keywords=&_vanbancongbo_WAR_trangthietbiyteportlet_advancedSearch=false&_vanbancongbo_WAR_trangthietbiyteportlet_andOperator=true&_vanbancongbo_WAR_trangthietbiyteportlet_resetCur=false&_vanbancongbo_WAR_trangthietbiyteportlet_cur=1)
- [2](https://imda.moh.gov.vn/web/guest/van-ban-cong-bo?p_p_id=vanbancongbo_WAR_trangthietbiyteportlet&p_p_lifecycle=0&p_p_state=normal&p_p_mode=view&p_p_col_id=column-1&p_p_col_count=1&_vanbancongbo_WAR_trangthietbiyteportlet_keyword=&_vanbancongbo_WAR_trangthietbiyteportlet_showHide=0&_vanbancongbo_WAR_trangthietbiyteportlet_ngayGuiTu=&_vanbancongbo_WAR_trangthietbiyteportlet_ngayGuiDen=&_vanbancongbo_WAR_trangthietbiyteportlet_ngayCongBoTu=&_vanbancongbo_WAR_trangthietbiyteportlet_ngayCongBoDen=&_vanbancongbo_WAR_trangthietbiyteportlet_tenDoanhNghiep=&_vanbancongbo_WAR_trangthietbiyteportlet_tenTTBYT=&_vanbancongbo_WAR_trangthietbiyteportlet_coQuanQuanLyId=0&_vanbancongbo_WAR_trangthietbiyteportlet_tthcId=0&_vanbancongbo_WAR_trangthietbiyteportlet_delta=10&_vanbancongbo_WAR_trangthietbiyteportlet_keywords=&_vanbancongbo_WAR_trangthietbiyteportlet_advancedSearch=false&_vanbancongbo_WAR_trangthietbiyteportlet_andOperator=true&_vanbancongbo_WAR_trangthietbiyteportlet_resetCur=false&_vanbancongbo_WAR_trangthietbiyteportlet_cur=2)
- [3](https://imda.moh.gov.vn/web/guest/van-ban-cong-bo?p_p_id=vanbancongbo_WAR_trangthietbiyteportlet&p_p_lifecycle=0&p_p_state=normal&p_p_mode=view&p_p_col_id=column-1&p_p_col_count=1&_vanbancongbo_WAR_trangthietbiyteportlet_keyword=&_vanbancongbo_WAR_trangthietbiyteportlet_showHide=0&_vanbancongbo_WAR_trangthietbiyteportlet_ngayGuiTu=&_vanbancongbo_WAR_trangthietbiyteportlet_ngayGuiDen=&_vanbancongbo_WAR_trangthietbiyteportlet_ngayCongBoTu=&_vanbancongbo_WAR_trangthietbiyteportlet_ngayCongBoDen=&_vanbancongbo_WAR_trangthietbiyteportlet_tenDoanhNghiep=&_vanbancongbo_WAR_trangthietbiyteportlet_tenTTBYT=&_vanbancongbo_WAR_trangthietbiyteportlet_coQuanQuanLyId=0&_vanbancongbo_WAR_trangthietbiyteportlet_tthcId=0&_vanbancongbo_WAR_trangthietbiyteportlet_delta=10&_vanbancongbo_WAR_trangthietbiyteportlet_keywords=&_vanbancongbo_WAR_trangthietbiyteportlet_advancedSearch=false&_vanbancongbo_WAR_trangthietbiyteportlet_andOperator=true&_vanbancongbo_WAR_trangthietbiyteportlet_resetCur=false&_vanbancongbo_WAR_trangthietbiyteportlet_cur=3)
- [4](https://imda.moh.gov.vn/web/guest/van-ban-cong-bo?p_p_id=vanbancongbo_WAR_trangthietbiyteportlet&p_p_lifecycle=0&p_p_state=normal&p_p_mode=view&p_p_col_id=column-1&p_p_col_count=1&_vanbancongbo_WAR_trangthietbiyteportlet_keyword=&_vanbancongbo_WAR_trangthietbiyteportlet_showHide=0&_vanbancongbo_WAR_trangthietbiyteportlet_ngayGuiTu=&_vanbancongbo_WAR_trangthietbiyteportlet_ngayGuiDen=&_vanbancongbo_WAR_trangthietbiyteportlet_ngayCongBoTu=&_vanbancongbo_WAR_trangthietbiyteportlet_ngayCongBoDen=&_vanbancongbo_WAR_trangthietbiyteportlet_tenDoanhNghiep=&_vanbancongbo_WAR_trangthietbiyteportlet_tenTTBYT=&_vanbancongbo_WAR_trangthietbiyteportlet_coQuanQuanLyId=0&_vanbancongbo_WAR_trangthietbiyteportlet_tthcId=0&_vanbancongbo_WAR_trangthietbiyteportlet_delta=10&_vanbancongbo_WAR_trangthietbiyteportlet_keywords=&_vanbancongbo_WAR_trangthietbiyteportlet_advancedSearch=false&_vanbancongbo_WAR_trangthietbiyteportlet_andOperator=true&_vanbancongbo_WAR_trangthietbiyteportlet_resetCur=false&_vanbancongbo_WAR_trangthietbiyteportlet_cur=4)
- [5](https://imda.moh.gov.vn/web/guest/van-ban-cong-bo?p_p_id=vanbancongbo_WAR_trangthietbiyteportlet&p_p_lifecycle=0&p_p_state=normal&p_p_mode=view&p_p_col_id=column-1&p_p_col_count=1&_vanbancongbo_WAR_trangthietbiyteportlet_keyword=&_vanbancongbo_WAR_trangthietbiyteportlet_showHide=0&_vanbancongbo_WAR_trangthietbiyteportlet_ngayGuiTu=&_vanbancongbo_WAR_trangthietbiyteportlet_ngayGuiDen=&_vanbancongbo_WAR_trangthietbiyteportlet_ngayCongBoTu=&_vanbancongbo_WAR_trangthietbiyteportlet_ngayCongBoDen=&_vanbancongbo_WAR_trangthietbiyteportlet_tenDoanhNghiep=&_vanbancongbo_WAR_trangthietbiyteportlet_tenTTBYT=&_vanbancongbo_WAR_trangthietbiyteportlet_coQuanQuanLyId=0&_vanbancongbo_WAR_trangthietbiyteportlet_tthcId=0&_vanbancongbo_WAR_trangthietbiyteportlet_delta=10&_vanbancongbo_WAR_trangthietbiyteportlet_keywords=&_vanbancongbo_WAR_trangthietbiyteportlet_advancedSearch=false&_vanbancongbo_WAR_trangthietbiyteportlet_andOperator=true&_vanbancongbo_WAR_trangthietbiyteportlet_resetCur=false&_vanbancongbo_WAR_trangthietbiyteportlet_cur=5)
- [6](https://imda.moh.gov.vn/web/guest/van-ban-cong-bo?p_p_id=vanbancongbo_WAR_trangthietbiyteportlet&p_p_lifecycle=0&p_p_state=normal&p_p_mode=view&p_p_col_id=column-1&p_p_col_count=1&_vanbancongbo_WAR_trangthietbiyteportlet_keyword=&_vanbancongbo_WAR_trangthietbiyteportlet_showHide=0&_vanbancongbo_WAR_trangthietbiyteportlet_ngayGuiTu=&_vanbancongbo_WAR_trangthietbiyteportlet_ngayGuiDen=&_vanbancongbo_WAR_trangthietbiyteportlet_ngayCongBoTu=&_vanbancongbo_WAR_trangthietbiyteportlet_ngayCongBoDen=&_vanbancongbo_WAR_trangthietbiyteportlet_tenDoanhNghiep=&_vanbancongbo_WAR_trangthietbiyteportlet_tenTTBYT=&_vanbancongbo_WAR_trangthietbiyteportlet_coQuanQuanLyId=0&_vanbancongbo_WAR_trangthietbiyteportlet_tthcId=0&_vanbancongbo_WAR_trangthietbiyteportlet_delta=10&_vanbancongbo_WAR_trangthietbiyteportlet_keywords=&_vanbancongbo_WAR_trangthietbiyteportlet_advancedSearch=false&_vanbancongbo_WAR_trangthietbiyteportlet_andOperator=true&_vanbancongbo_WAR_trangthietbiyteportlet_resetCur=false&_vanbancongbo_WAR_trangthietbiyteportlet_cur=6)
- [7](https://imda.moh.gov.vn/web/guest/van-ban-cong-bo?p_p_id=vanbancongbo_WAR_trangthietbiyteportlet&p_p_lifecycle=0&p_p_state=normal&p_p_mode=view&p_p_col_id=column-1&p_p_col_count=1&_vanbancongbo_WAR_trangthietbiyteportlet_keyword=&_vanbancongbo_WAR_trangthietbiyteportlet_showHide=0&_vanbancongbo_WAR_trangthietbiyteportlet_ngayGuiTu=&_vanbancongbo_WAR_trangthietbiyteportlet_ngayGuiDen=&_vanbancongbo_WAR_trangthietbiyteportlet_ngayCongBoTu=&_vanbancongbo_WAR_trangthietbiyteportlet_ngayCongBoDen=&_vanbancongbo_WAR_trangthietbiyteportlet_tenDoanhNghiep=&_vanbancongbo_WAR_trangthietbiyteportlet_tenTTBYT=&_vanbancongbo_WAR_trangthietbiyteportlet_coQuanQuanLyId=0&_vanbancongbo_WAR_trangthietbiyteportlet_tthcId=0&_vanbancongbo_WAR_trangthietbiyteportlet_delta=10&_vanbancongbo_WAR_trangthietbiyteportlet_keywords=&_vanbancongbo_WAR_trangthietbiyteportlet_advancedSearch=false&_vanbancongbo_WAR_trangthietbiyteportlet_andOperator=true&_vanbancongbo_WAR_trangthietbiyteportlet_resetCur=false&_vanbancongbo_WAR_trangthietbiyteportlet_cur=7)
- [8](https://imda.moh.gov.vn/web/guest/van-ban-cong-bo?p_p_id=vanbancongbo_WAR_trangthietbiyteportlet&p_p_lifecycle=0&p_p_state=normal&p_p_mode=view&p_p_col_id=column-1&p_p_col_count=1&_vanbancongbo_WAR_trangthietbiyteportlet_keyword=&_vanbancongbo_WAR_trangthietbiyteportlet_showHide=0&_vanbancongbo_WAR_trangthietbiyteportlet_ngayGuiTu=&_vanbancongbo_WAR_trangthietbiyteportlet_ngayGuiDen=&_vanbancongbo_WAR_trangthietbiyteportlet_ngayCongBoTu=&_vanbancongbo_WAR_trangthietbiyteportlet_ngayCongBoDen=&_vanbancongbo_WAR_trangthietbiyteportlet_tenDoanhNghiep=&_vanbancongbo_WAR_trangthietbiyteportlet_tenTTBYT=&_vanbancongbo_WAR_trangthietbiyteportlet_coQuanQuanLyId=0&_vanbancongbo_WAR_trangthietbiyteportlet_tthcId=0&_vanbancongbo_WAR_trangthietbiyteportlet_delta=10&_vanbancongbo_WAR_trangthietbiyteportlet_keywords=&_vanbancongbo_WAR_trangthietbiyteportlet_advancedSearch=false&_vanbancongbo_WAR_trangthietbiyteportlet_andOperator=true&_vanbancongbo_WAR_trangthietbiyteportlet_resetCur=false&_vanbancongbo_WAR_trangthietbiyteportlet_cur=8)
- [9](https://imda.moh.gov.vn/web/guest/van-ban-cong-bo?p_p_id=vanbancongbo_WAR_trangthietbiyteportlet&p_p_lifecycle=0&p_p_state=normal&p_p_mode=view&p_p_col_id=column-1&p_p_col_count=1&_vanbancongbo_WAR_trangthietbiyteportlet_keyword=&_vanbancongbo_WAR_trangthietbiyteportlet_showHide=0&_vanbancongbo_WAR_trangthietbiyteportlet_ngayGuiTu=&_vanbancongbo_WAR_trangthietbiyteportlet_ngayGuiDen=&_vanbancongbo_WAR_trangthietbiyteportlet_ngayCongBoTu=&_vanbancongbo_WAR_trangthietbiyteportlet_ngayCongBoDen=&_vanbancongbo_WAR_trangthietbiyteportlet_tenDoanhNghiep=&_vanbancongbo_WAR_trangthietbiyteportlet_tenTTBYT=&_vanbancongbo_WAR_trangthietbiyteportlet_coQuanQuanLyId=0&_vanbancongbo_WAR_trangthietbiyteportlet_tthcId=0&_vanbancongbo_WAR_trangthietbiyteportlet_delta=10&_vanbancongbo_WAR_trangthietbiyteportlet_keywords=&_vanbancongbo_WAR_trangthietbiyteportlet_advancedSearch=false&_vanbancongbo_WAR_trangthietbiyteportlet_andOperator=true&_vanbancongbo_WAR_trangthietbiyteportlet_resetCur=false&_vanbancongbo_WAR_trangthietbiyteportlet_cur=9)
- [10](https://imda.moh.gov.vn/web/guest/van-ban-cong-bo?p_p_id=vanbancongbo_WAR_trangthietbiyteportlet&p_p_lifecycle=0&p_p_state=normal&p_p_mode=view&p_p_col_id=column-1&p_p_col_count=1&_vanbancongbo_WAR_trangthietbiyteportlet_keyword=&_vanbancongbo_WAR_trangthietbiyteportlet_showHide=0&_vanbancongbo_WAR_trangthietbiyteportlet_ngayGuiTu=&_vanbancongbo_WAR_trangthietbiyteportlet_ngayGuiDen=&_vanbancongbo_WAR_trangthietbiyteportlet_ngayCongBoTu=&_vanbancongbo_WAR_trangthietbiyteportlet_ngayCongBoDen=&_vanbancongbo_WAR_trangthietbiyteportlet_tenDoanhNghiep=&_vanbancongbo_WAR_trangthietbiyteportlet_tenTTBYT=&_vanbancongbo_WAR_trangthietbiyteportlet_coQuanQuanLyId=0&_vanbancongbo_WAR_trangthietbiyteportlet_tthcId=0&_vanbancongbo_WAR_trangthietbiyteportlet_delta=10&_vanbancongbo_WAR_trangthietbiyteportlet_keywords=&_vanbancongbo_WAR_trangthietbiyteportlet_advancedSearch=false&_vanbancongbo_WAR_trangthietbiyteportlet_andOperator=true&_vanbancongbo_WAR_trangthietbiyteportlet_resetCur=false&_vanbancongbo_WAR_trangthietbiyteportlet_cur=10)
- [11](https://imda.moh.gov.vn/web/guest/van-ban-cong-bo?p_p_id=vanbancongbo_WAR_trangthietbiyteportlet&p_p_lifecycle=0&p_p_state=normal&p_p_mode=view&p_p_col_id=column-1&p_p_col_count=1&_vanbancongbo_WAR_trangthietbiyteportlet_keyword=&_vanbancongbo_WAR_trangthietbiyteportlet_showHide=0&_vanbancongbo_WAR_trangthietbiyteportlet_ngayGuiTu=&_vanbancongbo_WAR_trangthietbiyteportlet_ngayGuiDen=&_vanbancongbo_WAR_trangthietbiyteportlet_ngayCongBoTu=&_vanbancongbo_WAR_trangthietbiyteportlet_ngayCongBoDen=&_vanbancongbo_WAR_trangthietbiyteportlet_tenDoanhNghiep=&_vanbancongbo_WAR_trangthietbiyteportlet_tenTTBYT=&_vanbancongbo_WAR_trangthietbiyteportlet_coQuanQuanLyId=0&_vanbancongbo_WAR_trangthietbiyteportlet_tthcId=0&_vanbancongbo_WAR_trangthietbiyteportlet_delta=10&_vanbancongbo_WAR_trangthietbiyteportlet_keywords=&_vanbancongbo_WAR_trangthietbiyteportlet_advancedSearch=false&_vanbancongbo_WAR_trangthietbiyteportlet_andOperator=true&_vanbancongbo_WAR_trangthietbiyteportlet_resetCur=false&_vanbancongbo_WAR_trangthietbiyteportlet_cur=11)
- [12](https://imda.moh.gov.vn/web/guest/van-ban-cong-bo?p_p_id=vanbancongbo_WAR_trangthietbiyteportlet&p_p_lifecycle=0&p_p_state=normal&p_p_mode=view&p_p_col_id=column-1&p_p_col_count=1&_vanbancongbo_WAR_trangthietbiyteportlet_keyword=&_vanbancongbo_WAR_trangthietbiyteportlet_showHide=0&_vanbancongbo_WAR_trangthietbiyteportlet_ngayGuiTu=&_vanbancongbo_WAR_trangthietbiyteportlet_ngayGuiDen=&_vanbancongbo_WAR_trangthietbiyteportlet_ngayCongBoTu=&_vanbancongbo_WAR_trangthietbiyteportlet_ngayCongBoDen=&_vanbancongbo_WAR_trangthietbiyteportlet_tenDoanhNghiep=&_vanbancongbo_WAR_trangthietbiyteportlet_tenTTBYT=&_vanbancongbo_WAR_trangthietbiyteportlet_coQuanQuanLyId=0&_vanbancongbo_WAR_trangthietbiyteportlet_tthcId=0&_vanbancongbo_WAR_trangthietbiyteportlet_delta=10&_vanbancongbo_WAR_trangthietbiyteportlet_keywords=&_vanbancongbo_WAR_trangthietbiyteportlet_advancedSearch=false&_vanbancongbo_WAR_trangthietbiyteportlet_andOperator=true&_vanbancongbo_WAR_trangthietbiyteportlet_resetCur=false&_vanbancongbo_WAR_trangthietbiyteportlet_cur=12)
- [13](https://imda.moh.gov.vn/web/guest/van-ban-cong-bo?p_p_id=vanbancongbo_WAR_trangthietbiyteportlet&p_p_lifecycle=0&p_p_state=normal&p_p_mode=view&p_p_col_id=column-1&p_p_col_count=1&_vanbancongbo_WAR_trangthietbiyteportlet_keyword=&_vanbancongbo_WAR_trangthietbiyteportlet_showHide=0&_vanbancongbo_WAR_trangthietbiyteportlet_ngayGuiTu=&_vanbancongbo_WAR_trangthietbiyteportlet_ngayGuiDen=&_vanbancongbo_WAR_trangthietbiyteportlet_ngayCongBoTu=&_vanbancongbo_WAR_trangthietbiyteportlet_ngayCongBoDen=&_vanbancongbo_WAR_trangthietbiyteportlet_tenDoanhNghiep=&_vanbancongbo_WAR_trangthietbiyteportlet_tenTTBYT=&_vanbancongbo_WAR_trangthietbiyteportlet_coQuanQuanLyId=0&_vanbancongbo_WAR_trangthietbiyteportlet_tthcId=0&_vanbancongbo_WAR_trangthietbiyteportlet_delta=10&_vanbancongbo_WAR_trangthietbiyteportlet_keywords=&_vanbancongbo_WAR_trangthietbiyteportlet_advancedSearch=false&_vanbancongbo_WAR_trangthietbiyteportlet_andOperator=true&_vanbancongbo_WAR_trangthietbiyteportlet_resetCur=false&_vanbancongbo_WAR_trangthietbiyteportlet_cur=13)
- [14](https://imda.moh.gov.vn/web/guest/van-ban-cong-bo?p_p_id=vanbancongbo_WAR_trangthietbiyteportlet&p_p_lifecycle=0&p_p_state=normal&p_p_mode=view&p_p_col_id=column-1&p_p_col_count=1&_vanbancongbo_WAR_trangthietbiyteportlet_keyword=&_vanbancongbo_WAR_trangthietbiyteportlet_showHide=0&_vanbancongbo_WAR_trangthietbiyteportlet_ngayGuiTu=&_vanbancongbo_WAR_trangthietbiyteportlet_ngayGuiDen=&_vanbancongbo_WAR_trangthietbiyteportlet_ngayCongBoTu=&_vanbancongbo_WAR_trangthietbiyteportlet_ngayCongBoDen=&_vanbancongbo_WAR_trangthietbiyteportlet_tenDoanhNghiep=&_vanbancongbo_WAR_trangthietbiyteportlet_tenTTBYT=&_vanbancongbo_WAR_trangthietbiyteportlet_coQuanQuanLyId=0&_vanbancongbo_WAR_trangthietbiyteportlet_tthcId=0&_vanbancongbo_WAR_trangthietbiyteportlet_delta=10&_vanbancongbo_WAR_trangthietbiyteportlet_keywords=&_vanbancongbo_WAR_trangthietbiyteportlet_advancedSearch=false&_vanbancongbo_WAR_trangthietbiyteportlet_andOperator=true&_vanbancongbo_WAR_trangthietbiyteportlet_resetCur=false&_vanbancongbo_WAR_trangthietbiyteportlet_cur=14)
- [15](https://imda.moh.gov.vn/web/guest/van-ban-cong-bo?p_p_id=vanbancongbo_WAR_trangthietbiyteportlet&p_p_lifecycle=0&p_p_state=normal&p_p_mode=view&p_p_col_id=column-1&p_p_col_count=1&_vanbancongbo_WAR_trangthietbiyteportlet_keyword=&_vanbancongbo_WAR_trangthietbiyteportlet_showHide=0&_vanbancongbo_WAR_trangthietbiyteportlet_ngayGuiTu=&_vanbancongbo_WAR_trangthietbiyteportlet_ngayGuiDen=&_vanbancongbo_WAR_trangthietbiyteportlet_ngayCongBoTu=&_vanbancongbo_WAR_trangthietbiyteportlet_ngayCongBoDen=&_vanbancongbo_WAR_trangthietbiyteportlet_tenDoanhNghiep=&_vanbancongbo_WAR_trangthietbiyteportlet_tenTTBYT=&_vanbancongbo_WAR_trangthietbiyteportlet_coQuanQuanLyId=0&_vanbancongbo_WAR_trangthietbiyteportlet_tthcId=0&_vanbancongbo_WAR_trangthietbiyteportlet_delta=10&_vanbancongbo_WAR_trangthietbiyteportlet_keywords=&_vanbancongbo_WAR_trangthietbiyteportlet_advancedSearch=false&_vanbancongbo_WAR_trangthietbiyteportlet_andOperator=true&_vanbancongbo_WAR_trangthietbiyteportlet_resetCur=false&_vanbancongbo_WAR_trangthietbiyteportlet_cur=15)
- [16](https://imda.moh.gov.vn/web/guest/van-ban-cong-bo?p_p_id=vanbancongbo_WAR_trangthietbiyteportlet&p_p_lifecycle=0&p_p_state=normal&p_p_mode=view&p_p_col_id=column-1&p_p_col_count=1&_vanbancongbo_WAR_trangthietbiyteportlet_keyword=&_vanbancongbo_WAR_trangthietbiyteportlet_showHide=0&_vanbancongbo_WAR_trangthietbiyteportlet_ngayGuiTu=&_vanbancongbo_WAR_trangthietbiyteportlet_ngayGuiDen=&_vanbancongbo_WAR_trangthietbiyteportlet_ngayCongBoTu=&_vanbancongbo_WAR_trangthietbiyteportlet_ngayCongBoDen=&_vanbancongbo_WAR_trangthietbiyteportlet_tenDoanhNghiep=&_vanbancongbo_WAR_trangthietbiyteportlet_tenTTBYT=&_vanbancongbo_WAR_trangthietbiyteportlet_coQuanQuanLyId=0&_vanbancongbo_WAR_trangthietbiyteportlet_tthcId=0&_vanbancongbo_WAR_trangthietbiyteportlet_delta=10&_vanbancongbo_WAR_trangthietbiyteportlet_keywords=&_vanbancongbo_WAR_trangthietbiyteportlet_advancedSearch=false&_vanbancongbo_WAR_trangthietbiyteportlet_andOperator=true&_vanbancongbo_WAR_trangthietbiyteportlet_resetCur=false&_vanbancongbo_WAR_trangthietbiyteportlet_cur=16)
- [17](https://imda.moh.gov.vn/web/guest/van-ban-cong-bo?p_p_id=vanbancongbo_WAR_trangthietbiyteportlet&p_p_lifecycle=0&p_p_state=normal&p_p_mode=view&p_p_col_id=column-1&p_p_col_count=1&_vanbancongbo_WAR_trangthietbiyteportlet_keyword=&_vanbancongbo_WAR_trangthietbiyteportlet_showHide=0&_vanbancongbo_WAR_trangthietbiyteportlet_ngayGuiTu=&_vanbancongbo_WAR_trangthietbiyteportlet_ngayGuiDen=&_vanbancongbo_WAR_trangthietbiyteportlet_ngayCongBoTu=&_vanbancongbo_WAR_trangthietbiyteportlet_ngayCongBoDen=&_vanbancongbo_WAR_trangthietbiyteportlet_tenDoanhNghiep=&_vanbancongbo_WAR_trangthietbiyteportlet_tenTTBYT=&_vanbancongbo_WAR_trangthietbiyteportlet_coQuanQuanLyId=0&_vanbancongbo_WAR_trangthietbiyteportlet_tthcId=0&_vanbancongbo_WAR_trangthietbiyteportlet_delta=10&_vanbancongbo_WAR_trangthietbiyteportlet_keywords=&_vanbancongbo_WAR_trangthietbiyteportlet_advancedSearch=false&_vanbancongbo_WAR_trangthietbiyteportlet_andOperator=true&_vanbancongbo_WAR_trangthietbiyteportlet_resetCur=false&_vanbancongbo_WAR_trangthietbiyteportlet_cur=17)
- [18](https://imda.moh.gov.vn/web/guest/van-ban-cong-bo?p_p_id=vanbancongbo_WAR_trangthietbiyteportlet&p_p_lifecycle=0&p_p_state=normal&p_p_mode=view&p_p_col_id=column-1&p_p_col_count=1&_vanbancongbo_WAR_trangthietbiyteportlet_keyword=&_vanbancongbo_WAR_trangthietbiyteportlet_showHide=0&_vanbancongbo_WAR_trangthietbiyteportlet_ngayGuiTu=&_vanbancongbo_WAR_trangthietbiyteportlet_ngayGuiDen=&_vanbancongbo_WAR_trangthietbiyteportlet_ngayCongBoTu=&_vanbancongbo_WAR_trangthietbiyteportlet_ngayCongBoDen=&_vanbancongbo_WAR_trangthietbiyteportlet_tenDoanhNghiep=&_vanbancongbo_WAR_trangthietbiyteportlet_tenTTBYT=&_vanbancongbo_WAR_trangthietbiyteportlet_coQuanQuanLyId=0&_vanbancongbo_WAR_trangthietbiyteportlet_tthcId=0&_vanbancongbo_WAR_trangthietbiyteportlet_delta=10&_vanbancongbo_WAR_trangthietbiyteportlet_keywords=&_vanbancongbo_WAR_trangthietbiyteportlet_advancedSearch=false&_vanbancongbo_WAR_trangthietbiyteportlet_andOperator=true&_vanbancongbo_WAR_trangthietbiyteportlet_resetCur=false&_vanbancongbo_WAR_trangthietbiyteportlet_cur=18)
- [19](https://imda.moh.gov.vn/web/guest/van-ban-cong-bo?p_p_id=vanbancongbo_WAR_trangthietbiyteportlet&p_p_lifecycle=0&p_p_state=normal&p_p_mode=view&p_p_col_id=column-1&p_p_col_count=1&_vanbancongbo_WAR_trangthietbiyteportlet_keyword=&_vanbancongbo_WAR_trangthietbiyteportlet_showHide=0&_vanbancongbo_WAR_trangthietbiyteportlet_ngayGuiTu=&_vanbancongbo_WAR_trangthietbiyteportlet_ngayGuiDen=&_vanbancongbo_WAR_trangthietbiyteportlet_ngayCongBoTu=&_vanbancongbo_WAR_trangthietbiyteportlet_ngayCongBoDen=&_vanbancongbo_WAR_trangthietbiyteportlet_tenDoanhNghiep=&_vanbancongbo_WAR_trangthietbiyteportlet_tenTTBYT=&_vanbancongbo_WAR_trangthietbiyteportlet_coQuanQuanLyId=0&_vanbancongbo_WAR_trangthietbiyteportlet_tthcId=0&_vanbancongbo_WAR_trangthietbiyteportlet_delta=10&_vanbancongbo_WAR_trangthietbiyteportlet_keywords=&_vanbancongbo_WAR_trangthietbiyteportlet_advancedSearch=false&_vanbancongbo_WAR_trangthietbiyteportlet_andOperator=true&_vanbancongbo_WAR_trangthietbiyteportlet_resetCur=false&_vanbancongbo_WAR_trangthietbiyteportlet_cur=19)
- [20](https://imda.moh.gov.vn/web/guest/van-ban-cong-bo?p_p_id=vanbancongbo_WAR_trangthietbiyteportlet&p_p_lifecycle=0&p_p_state=normal&p_p_mode=view&p_p_col_id=column-1&p_p_col_count=1&_vanbancongbo_WAR_trangthietbiyteportlet_keyword=&_vanbancongbo_WAR_trangthietbiyteportlet_showHide=0&_vanbancongbo_WAR_trangthietbiyteportlet_ngayGuiTu=&_vanbancongbo_WAR_trangthietbiyteportlet_ngayGuiDen=&_vanbancongbo_WAR_trangthietbiyteportlet_ngayCongBoTu=&_vanbancongbo_WAR_trangthietbiyteportlet_ngayCongBoDen=&_vanbancongbo_WAR_trangthietbiyteportlet_tenDoanhNghiep=&_vanbancongbo_WAR_trangthietbiyteportlet_tenTTBYT=&_vanbancongbo_WAR_trangthietbiyteportlet_coQuanQuanLyId=0&_vanbancongbo_WAR_trangthietbiyteportlet_tthcId=0&_vanbancongbo_WAR_trangthietbiyteportlet_delta=10&_vanbancongbo_WAR_trangthietbiyteportlet_keywords=&_vanbancongbo_WAR_trangthietbiyteportlet_advancedSearch=false&_vanbancongbo_WAR_trangthietbiyteportlet_andOperator=true&_vanbancongbo_WAR_trangthietbiyteportlet_resetCur=false&_vanbancongbo_WAR_trangthietbiyteportlet_cur=20)
- [21](https://imda.moh.gov.vn/web/guest/van-ban-cong-bo?p_p_id=vanbancongbo_WAR_trangthietbiyteportlet&p_p_lifecycle=0&p_p_state=normal&p_p_mode=view&p_p_col_id=column-1&p_p_col_count=1&_vanbancongbo_WAR_trangthietbiyteportlet_keyword=&_vanbancongbo_WAR_trangthietbiyteportlet_showHide=0&_vanbancongbo_WAR_trangthietbiyteportlet_ngayGuiTu=&_vanbancongbo_WAR_trangthietbiyteportlet_ngayGuiDen=&_vanbancongbo_WAR_trangthietbiyteportlet_ngayCongBoTu=&_vanbancongbo_WAR_trangthietbiyteportlet_ngayCongBoDen=&_vanbancongbo_WAR_trangthietbiyteportlet_tenDoanhNghiep=&_vanbancongbo_WAR_trangthietbiyteportlet_tenTTBYT=&_vanbancongbo_WAR_trangthietbiyteportlet_coQuanQuanLyId=0&_vanbancongbo_WAR_trangthietbiyteportlet_tthcId=0&_vanbancongbo_WAR_trangthietbiyteportlet_delta=10&_vanbancongbo_WAR_trangthietbiyteportlet_keywords=&_vanbancongbo_WAR_trangthietbiyteportlet_advancedSearch=false&_vanbancongbo_WAR_trangthietbiyteportlet_andOperator=true&_vanbancongbo_WAR_trangthietbiyteportlet_resetCur=false&_vanbancongbo_WAR_trangthietbiyteportlet_cur=21)
- [22](https://imda.moh.gov.vn/web/guest/van-ban-cong-bo?p_p_id=vanbancongbo_WAR_trangthietbiyteportlet&p_p_lifecycle=0&p_p_state=normal&p_p_mode=view&p_p_col_id=column-1&p_p_col_count=1&_vanbancongbo_WAR_trangthietbiyteportlet_keyword=&_vanbancongbo_WAR_trangthietbiyteportlet_showHide=0&_vanbancongbo_WAR_trangthietbiyteportlet_ngayGuiTu=&_vanbancongbo_WAR_trangthietbiyteportlet_ngayGuiDen=&_vanbancongbo_WAR_trangthietbiyteportlet_ngayCongBoTu=&_vanbancongbo_WAR_trangthietbiyteportlet_ngayCongBoDen=&_vanbancongbo_WAR_trangthietbiyteportlet_tenDoanhNghiep=&_vanbancongbo_WAR_trangthietbiyteportlet_tenTTBYT=&_vanbancongbo_WAR_trangthietbiyteportlet_coQuanQuanLyId=0&_vanbancongbo_WAR_trangthietbiyteportlet_tthcId=0&_vanbancongbo_WAR_trangthietbiyteportlet_delta=10&_vanbancongbo_WAR_trangthietbiyteportlet_keywords=&_vanbancongbo_WAR_trangthietbiyteportlet_advancedSearch=false&_vanbancongbo_WAR_trangthietbiyteportlet_andOperator=true&_vanbancongbo_WAR_trangthietbiyteportlet_resetCur=false&_vanbancongbo_WAR_trangthietbiyteportlet_cur=22)
- [23](https://imda.moh.gov.vn/web/guest/van-ban-cong-bo?p_p_id=vanbancongbo_WAR_trangthietbiyteportlet&p_p_lifecycle=0&p_p_state=normal&p_p_mode=view&p_p_col_id=column-1&p_p_col_count=1&_vanbancongbo_WAR_trangthietbiyteportlet_keyword=&_vanbancongbo_WAR_trangthietbiyteportlet_showHide=0&_vanbancongbo_WAR_trangthietbiyteportlet_ngayGuiTu=&_vanbancongbo_WAR_trangthietbiyteportlet_ngayGuiDen=&_vanbancongbo_WAR_trangthietbiyteportlet_ngayCongBoTu=&_vanbancongbo_WAR_trangthietbiyteportlet_ngayCongBoDen=&_vanbancongbo_WAR_trangthietbiyteportlet_tenDoanhNghiep=&_vanbancongbo_WAR_trangthietbiyteportlet_tenTTBYT=&_vanbancongbo_WAR_trangthietbiyteportlet_coQuanQuanLyId=0&_vanbancongbo_WAR_trangthietbiyteportlet_tthcId=0&_vanbancongbo_WAR_trangthietbiyteportlet_delta=10&_vanbancongbo_WAR_trangthietbiyteportlet_keywords=&_vanbancongbo_WAR_trangthietbiyteportlet_advancedSearch=false&_vanbancongbo_WAR_trangthietbiyteportlet_andOperator=true&_vanbancongbo_WAR_trangthietbiyteportlet_resetCur=false&_vanbancongbo_WAR_trangthietbiyteportlet_cur=23)
- [24](https://imda.moh.gov.vn/web/guest/van-ban-cong-bo?p_p_id=vanbancongbo_WAR_trangthietbiyteportlet&p_p_lifecycle=0&p_p_state=normal&p_p_mode=view&p_p_col_id=column-1&p_p_col_count=1&_vanbancongbo_WAR_trangthietbiyteportlet_keyword=&_vanbancongbo_WAR_trangthietbiyteportlet_showHide=0&_vanbancongbo_WAR_trangthietbiyteportlet_ngayGuiTu=&_vanbancongbo_WAR_trangthietbiyteportlet_ngayGuiDen=&_vanbancongbo_WAR_trangthietbiyteportlet_ngayCongBoTu=&_vanbancongbo_WAR_trangthietbiyteportlet_ngayCongBoDen=&_vanbancongbo_WAR_trangthietbiyteportlet_tenDoanhNghiep=&_vanbancongbo_WAR_trangthietbiyteportlet_tenTTBYT=&_vanbancongbo_WAR_trangthietbiyteportlet_coQuanQuanLyId=0&_vanbancongbo_WAR_trangthietbiyteportlet_tthcId=0&_vanbancongbo_WAR_trangthietbiyteportlet_delta=10&_vanbancongbo_WAR_trangthietbiyteportlet_keywords=&_vanbancongbo_WAR_trangthietbiyteportlet_advancedSearch=false&_vanbancongbo_WAR_trangthietbiyteportlet_andOperator=true&_vanbancongbo_WAR_trangthietbiyteportlet_resetCur=false&_vanbancongbo_WAR_trangthietbiyteportlet_cur=24)
- [25](https://imda.moh.gov.vn/web/guest/van-ban-cong-bo?p_p_id=vanbancongbo_WAR_trangthietbiyteportlet&p_p_lifecycle=0&p_p_state=normal&p_p_mode=view&p_p_col_id=column-1&p_p_col_count=1&_vanbancongbo_WAR_trangthietbiyteportlet_keyword=&_vanbancongbo_WAR_trangthietbiyteportlet_showHide=0&_vanbancongbo_WAR_trangthietbiyteportlet_ngayGuiTu=&_vanbancongbo_WAR_trangthietbiyteportlet_ngayGuiDen=&_vanbancongbo_WAR_trangthietbiyteportlet_ngayCongBoTu=&_vanbancongbo_WAR_trangthietbiyteportlet_ngayCongBoDen=&_vanbancongbo_WAR_trangthietbiyteportlet_tenDoanhNghiep=&_vanbancongbo_WAR_trangthietbiyteportlet_tenTTBYT=&_vanbancongbo_WAR_trangthietbiyteportlet_coQuanQuanLyId=0&_vanbancongbo_WAR_trangthietbiyteportlet_tthcId=0&_vanbancongbo_WAR_trangthietbiyteportlet_delta=10&_vanbancongbo_WAR_trangthietbiyteportlet_keywords=&_vanbancongbo_WAR_trangthietbiyteportlet_advancedSearch=false&_vanbancongbo_WAR_trangthietbiyteportlet_andOperator=true&_vanbancongbo_WAR_trangthietbiyteportlet_resetCur=false&_vanbancongbo_WAR_trangthietbiyteportlet_cur=25)
- [26](https://imda.moh.gov.vn/web/guest/van-ban-cong-bo?p_p_id=vanbancongbo_WAR_trangthietbiyteportlet&p_p_lifecycle=0&p_p_state=normal&p_p_mode=view&p_p_col_id=column-1&p_p_col_count=1&_vanbancongbo_WAR_trangthietbiyteportlet_keyword=&_vanbancongbo_WAR_trangthietbiyteportlet_showHide=0&_vanbancongbo_WAR_trangthietbiyteportlet_ngayGuiTu=&_vanbancongbo_WAR_trangthietbiyteportlet_ngayGuiDen=&_vanbancongbo_WAR_trangthietbiyteportlet_ngayCongBoTu=&_vanbancongbo_WAR_trangthietbiyteportlet_ngayCongBoDen=&_vanbancongbo_WAR_trangthietbiyteportlet_tenDoanhNghiep=&_vanbancongbo_WAR_trangthietbiyteportlet_tenTTBYT=&_vanbancongbo_WAR_trangthietbiyteportlet_coQuanQuanLyId=0&_vanbancongbo_WAR_trangthietbiyteportlet_tthcId=0&_vanbancongbo_WAR_trangthietbiyteportlet_delta=10&_vanbancongbo_WAR_trangthietbiyteportlet_keywords=&_vanbancongbo_WAR_trangthietbiyteportlet_advancedSearch=false&_vanbancongbo_WAR_trangthietbiyteportlet_andOperator=true&_vanbancongbo_WAR_trangthietbiyteportlet_resetCur=false&_vanbancongbo_WAR_trangthietbiyteportlet_cur=26)

##### **Bộ Y Tế**
Địa chỉ: 138A Giảng Võ,Phường Giảng Võ, Hà Nội

Điện thoại: 02462732272

##### **Hỗ trợ nghiệp vụ**
Bộ Y tế (Cục Hạ tầng và Thiết bị y tế)

Điện thoại: 02462732272

##### **Hotline kỹ thuật**
Line 1: 0928982898",DISCOVERED_UNSCREENED
MOH,moh.gov.vn,DQ-IMPL-05,40,http://moh.gov.vn/index.jsp?pageId=5803&aid=168682&cid=7260,"Hình thành hệ sinh thái dữ liệu quốc gia thống nhất, hiện ...",... kiểm toán dữ liệu định kỳ với chu kỳ 02 năm một lần. Nhóm mục tiêu ... Sở Y tế Hà Nội yêu cầu không để chậm trễ giải quyết thủ tục hành ...,DISCOVERED_UNSCREENED
MOH,moh.gov.vn,DQ-IMPL-05,41,https://moh.gov.vn/index.jsp?pageId=5803&aid=153749&cid=8431,"Giám đốc BV Bạch Mai: ""Miễn viện phí toàn dân là chiến ...","Sở y tế các tỉnh, thành phố trực thuộc TW · Y tế các ngành. Giám đốc BV Bạch ... kiểm tra sức khỏe thường xuyên. Chi phí gói khám dự kiến khoảng 300.000 ...",DISCOVERED_UNSCREENED
MOH,moh.gov.vn,DQ-IMPL-05,42,https://imda.moh.gov.vn/documents/10182/10030600/Duthaoquyetdinh15.06.2026/6eb7602d-d855-489e-81ef-e663fabd5d4a,DỰ THẢO Ngày 15/6/2026 - Trang thiết bị y tế,"với cơ quan quản lý nhà nước trong hậu kiểm, thanh tra, kiểm tra. ... - Viện kiểm sát nhân dân tối cao;. - Kiểm toán nhà nước;. - Ủy ban ...",DISCOVERED_UNSCREENED
MOH,moh.gov.vn,DQ-EVID-01,1,https://moh.gov.vn/index.jsp?pageId=5803&aid=156765&cid=7262,Trí tuệ nhân tạo và tương lai hệ thống Y tế Việt Nam,"... giám sát rủi ro, tránh đầu tư dàn trải hoặc chạy theo phong trào. Thứ sáu, phát triển nguồn nhân lực y tế số và năng lực quản trị AI. Cần đổi mới đào tạo y ...",DISCOVERED_UNSCREENED
MOH,moh.gov.vn,DQ-EVID-01,2,https://moh.gov.vn/index.jsp?pageId=5803&aid=156486&cid=8335,Bộ trưởng Đào Hồng Lan: Đổi mới tư duy để ...,"... quản trị AI phải được đặt đúng vị trí. Cần đổi mới đào tạo y khoa theo hướng tích hợp kiến thức dữ liệu, AI và chuyển đổi số. Đồng thời, đào ...",DISCOVERED_UNSCREENED
MOH,moh.gov.vn,DQ-EVID-01,3,https://cds.moh.gov.vn/trang-chu/-/asset_publisher/Q71nmz5QU5fE/content/hoi-thao-ai-y-te-thanh-cong-ra-mat-mang-luoi-v-rhain-va-thuc-ay-cac-giai-phap-ai-y-te-co-trach-nhiem?inheritRedirect=false,"Hội thảo AI y tế thành công, ra mắt Mạng lưới V-RHAIN và thúc ...",... quản trị AI dựa trên bằng chứng và đạo đức. Chương trình đào tạo 'Discovery Training' không chỉ cung cấp kiến thức về vòng đời AI mà còn giúp xác định ...,DISCOVERED_UNSCREENED
MOH,moh.gov.vn,DQ-EVID-01,4,https://moh.gov.vn/index.jsp?pageId=5801&cid=8358,Cổng thông tin,"... kiểm tra, giám sát. 28/05/2026 07:58 AM. Hội nghị cập nhật kiến thức, quy ... quản trị AI y tế toàn cầu, lấy con người làm trung tâm. 25/10/2025 12:34 AM ...",DISCOVERED_UNSCREENED
MOH,moh.gov.vn,DQ-EVID-01,5,https://moh.gov.vn/index.jsp?pageId=5801&cid=8430,Cổng thông tin,"Vận hành hệ thống ... quản trị AI y tế toàn cầu, lấy con người làm trung tâm. 25/10/2025 12:34 AM ...",DISCOVERED_UNSCREENED
MOH,moh.gov.vn,DQ-EVID-02,1,https://moh.gov.vn/index.jsp?pageId=5803&aid=156557&cid=8335,“Nỗi đau” của các bác sĩ ở bệnh viện tâm thần,"Điều đau lòng là khi sự cố xảy ra, dư luận thường dễ buông lời phán xét. Ít ai hiểu rằng, bệnh ... cố ý. Nhưng với những người đang ngày ...",DISCOVERED_UNSCREENED
MOH,moh.gov.vn,DQ-EVID-02,2,https://moh.gov.vn/index.jsp?pageId=5803&aid=155021&cid=8355,'Thiên thần áo trắng' và cuộc chiến với lũ dữ,"Nhìn các phòng, khoa của Bệnh viện Đa khoa khu vực Quảng Nam (phường Điện Bàn, TP Đà Nẵng) sạch sẽ, gọn gàng như bây giờ không ai nghĩ mới hôm ...",DISCOVERED_UNSCREENED
MOH,moh.gov.vn,DQ-EVID-02,3,https://moh.gov.vn/index.jsp?pageId=5803&aid=126660&cid=8354,Cổng thông tin,... Y tế đã có công văn gửi Bộ TT&TT và Bộ Công an đề nghị tìm ra ai là người đăng tin thất thiệt như vậy để xử lý theo đúng pháp luật hiện hành. Tại cuộc họp ...,DISCOVERED_UNSCREENED
MOH,moh.gov.vn,DQ-EVID-02,4,https://moh.gov.vn/index.jsp?pageId=5803&aid=156366&cid=8338,"Y tế dự phòng Thủ đô: Tận dụng ""thời điểm vàng"" để bứt phá","Tình trạng này tiềm ẩn nguy cơ lớn khi xảy ra các sự cố y tế ... Đặc biệt, Hà Nội sẽ ứng dụng trí tuệ nhân tạo (AI) dựa trên kho dữ ...",DISCOVERED_UNSCREENED
MOH,moh.gov.vn,DQ-EVID-02,5,https://moh.gov.vn/index.jsp?pageId=5803&aid=134434&cid=8354,Cổng thông tin,"Phần mềm trí tuệ nhân tạo AI hay còn gọi là ""IBM Watson for Oncology"" do Tập ... AI chỉ như một cuốn y bạ điện tử, là công cụ hỗ trợ bác sĩ lựa chọn ...",DISCOVERED_UNSCREENED
MOH,moh.gov.vn,DQ-EVID-02,6,https://vnpa.moh.gov.vn/mot-so-giai-phap-dot-pha-tang-cuong-bao-ve-cham-soc-va-nang-cao-suc-khoe-nhan-dan/,"Một số giải pháp đột phá, tăng cường bảo vệ, chăm sóc và ...","Đẩy mạnh ứng dụng trí tuệ nhân tạo (AI), blockchain và dữ liệu lớn (Big Data), Internet vạn vật (IoT) trong lĩnh vực y tế nhằm tăng cường tính ...",DISCOVERED_UNSCREENED
MOH,moh.gov.vn,DQ-EVID-02,7,https://moh.gov.vn/index.jsp?pageId=5803&aid=168676&cid=7241,Những 'đại sứ' đặc biệt của bệnh viện,... AI hỗ trợ phiên dịch có thể giúp việc trao đổi thuận lợi. Thách thức lớn hơn là tạo được niềm tin để người bệnh an tâm điều trị nơi đất khách.,DISCOVERED_UNSCREENED
MOH,moh.gov.vn,DQ-EVID-02,8,https://moh.gov.vn/index.jsp?pageId=5803&aid=156526&cid=7241,"Tạo đột phá trong bảo vệ, chăm sóc, nâng cao sức khỏe ...","... trí tuệ nhân tạo được ứng dụng sâu rộng trong quản lý, dự báo, khám, chữa ... (AI) tư vấn dinh dưỡng học đường nhằm giảm suy dinh dưỡng và béo phì ...",DISCOVERED_UNSCREENED
MOH,moh.gov.vn,DQ-EVID-02,9,https://btxh.moh.gov.vn/danh-muc-tin/cong-tac-xa-hoi-manh-ghep-khong-the-thieu-trong-cham-soc-nguoi-benh_t209c4n1779,Mảnh ghép không thể thiếu trong chăm sóc người bệnh,"Trong tương lai, việc ứng dụng trí tuệ nhân tạo, phân tích dữ liệu ... ái và sự tận tâm, luôn đồng hành, chia sẻ với người bệnh, góp ...",DISCOVERED_UNSCREENED
MOH,moh.gov.vn,DQ-EVID-02,10,https://moh.gov.vn/index.jsp?pageId=5803&aid=148013&cid=8349,Nâng cao năng lực bảo vệ và chăm sóc sức khỏe nhân dân,... AI phải đem lại lợi ích cho người dân · Hợp tác chăm sóc thay thế trong môi trường gia đình cho trẻ em Việt Nam · Thứ trưởng Nguyễn Tri Thức: Thêm nhiều chương ...,DISCOVERED_UNSCREENED
MOH,moh.gov.vn,DQ-EVID-02,11,https://ydct.moh.gov.vn/detail/thu-tuong-chinh-phu-pham-minh-chinh-gap-mat-cac-nha-khoa-hoc-tieu-bieu-trong-linh-vuc-y-te-giam-doc-benh-vien-trung-uong,Thủ tướng Chính phủ Phạm Minh Chính gặp mặt các nhà ...,"... ái, trí tuệ, sự kiên trì và hơn hết là niềm tin vào những giá ... trí tuệ nhân tạo trong chẩn đoán, dự báo dịch bệnh;. Năm là, xây dựng ...",DISCOVERED_UNSCREENED
MOH,moh.gov.vn,DQ-EVID-02,12,https://moh.gov.vn/index.jsp?pageId=5803&aid=156098&cid=8351,Thứ trưởng Thường trực Bộ Y tế Vũ Mạnh Hà: Văn phòng ...,"... phục vụ công việc hàng ngày, hàng tuần của Văn phòng Bộ. Theo Thứ trưởng, Văn phòng ứng dụng sử dụng AI như thế nào? Chính quyền nhân tạo ra sao để giúp cho ...",DISCOVERED_UNSCREENED
MOH,moh.gov.vn,DQ-EVID-02,13,https://moh.gov.vn/index.jsp?pageId=5803&aid=154779&cid=8390,Cổng thông tin,"Tăng cường ứng dụng trí tuệ nhân tạo, dữ liệu lớn, đầu tư phát triển các ... ái""; ""Quỹ phòng chống ung thư - Ngày mai tươi sáng""; phong trào ""Nồi cháo ...",DISCOVERED_UNSCREENED
MOH,moh.gov.vn,DQ-EVID-02,14,https://imda.moh.gov.vn/documents/10182/76541386/upload_00015222_1764233074613.pdf?version=1.0&fileId=76572883,TÀI LIỆU HƯỚNG DẪN SỬ DỤNG ...,Phần mềm sử dụng trí tuệ nhân tạo để phân tích hình ảnh và tạo ... • AI (Artificial Intelligence): Công nghệ mô phỏng quá trình tư duy ...,DISCOVERED_UNSCREENED
MOH,moh.gov.vn,DQ-EVID-02,15,https://moh.gov.vn/index.jsp?pageId=5803&aid=131275&cid=8354,Điểm tin y tế ngày 21/9/2018,"Tức là, các nhân viên y tế ở đây phục vụ rất tốt nhưng chưa bao giờ có ... Nói thế nhưng không ai ngủ được cả, trong căn phòng rộng chừng 6 m2 ấy bọn ...",DISCOVERED_UNSCREENED
MOH,moh.gov.vn,DQ-EVID-02,16,https://moh.gov.vn/index.jsp?pageId=5803&aid=167078&cid=8356,"Tăng cường bảo vệ, chăm sóc và nâng cao sức khỏe nhân ...","Các ngành, các cấp đẩy mạnh chuyển đổi số trong lĩnh vực y tế; ứng dụng dữ liệu lớn, trí tuệ nhân tạo trong dự báo, quản lý sức khỏe; triển khai hiệu quả hồ ...",DISCOVERED_UNSCREENED
MOH,moh.gov.vn,DQ-EVID-02,17,https://moh.gov.vn/index.jsp?pageId=5803&aid=125841&cid=8354,Điểm tin ngày 31/12/2013,"Đó là điều quý giá nhất”. Theo chia sẻ của anh Thọ, khi hiến tạng anh hoàn toàn tự nguyện, không báo cho ai biết và cũng không cần biết ai sẽ được nhận tạng của ...",DISCOVERED_UNSCREENED
MOH,moh.gov.vn,DQ-EVID-02,18,https://adminmoh.moh.gov.vn/en_US/web/guest/hoat-dong-cua-dia-phuong/-/asset_publisher/gHbla8vOQDuS/content/bac-ninh-xay-dung-phuong-an-bao-am-cong-tac-y-te-phuc-vu-bau-cu,Xây dựng phương án bảo đảm công tác y tế phục vụ bầu cử,... viện Đa khoa Yên Thế thăm khám cho người bệnh. Để ... sự cố ngộ độc thực phẩm và triển khai các ... AI xin chào. logobutton. Hỗ trợ trực tuyến. full close.,DISCOVERED_UNSCREENED
MOH,moh.gov.vn,DQ-EVID-02,19,https://moh.gov.vn/index.jsp?pageId=5803&aid=134817&cid=8354,Cổng thông tin,Đoàn cũng ghi nhận năng lực của trường tại thời điểm kiểm tra có 63 giáo viên nhưng không có ai có hồ sơ lưu trữ tại Hải Phòng. Hệ thống phòng học lý thuyết ...,DISCOVERED_UNSCREENED
MOH,moh.gov.vn,DQ-EVID-02,20,https://moh.gov.vn/index.jsp?pageId=5803&aid=134348&cid=8354,Cổng thông tin,"Bên cạnh sự cố gắng, nỗ lực của các bệnh viện ... ""Anh chị em đi lại vất vả, nhưng khi thấy công sức của mình có thành quả, ai cũng thấy phấn khởi"", chị Hòa tâm ...",DISCOVERED_UNSCREENED
MOH,moh.gov.vn,DQ-EVID-02,21,http://moh.gov.vn/index.jsp?pageId=5803&aid=168646&cid=8356,"Đổi mới phương thức quản lý, kiểm soát toàn chuỗi ...","... trí tuệ nhân tạo, dữ liệu lớn, mã QR, mã vạch và nhãn điện tử trong truy xuất nguồn gốc, cảnh báo sớm rủi ro và hỗ trợ quản lý. Dữ liệu sẽ ...",DISCOVERED_UNSCREENED
MOH,moh.gov.vn,DQ-EVID-02,22,https://moh.gov.vn/index.jsp?pageId=5803&aid=126575&cid=8354,Cổng thông tin,"Phát biểu tại buổi Lễ, Phó Thủ tướng Chính phủ Vũ Đức Đam đánh giá cao sự cố gắng, nỗ lực cũng như quyết tâm của Bộ Y tế. ... ai cũng được chăm sóc, theo dõi sức ...",DISCOVERED_UNSCREENED
MOH,moh.gov.vn,DQ-EVID-02,23,https://moh.gov.vn/index.jsp?pageId=5803&aid=126623&cid=8354,Cổng thông tin Bộ Y tế,... ai. Tại khoản 1 Điều 32 Bộ luật Dân sự năm 2015 quy định: “Cá nhân có quyền đối với hình ảnh của mình. Việc sử dụng hình ảnh của cá nhân phải được người đó đồng ...,DISCOVERED_UNSCREENED
MOH,moh.gov.vn,DQ-EVID-02,24,https://moh.gov.vn/index.jsp?pageId=5803&aid=137730&cid=8354,Thông tin y tế 13 - 16/10/2020,Khó ai có thể hình dung được rằng nơi đây chỉ mấy ngày trước gần như toàn xã đều bị nhấn chìm trong lũ. Và cuộc sống của người dân lúc này ...,DISCOVERED_UNSCREENED
MOH,moh.gov.vn,DQ-EVID-02,25,https://moh.gov.vn/index.jsp?pageId=5803&aid=126698&cid=8354,Cổng thông tin,"Tại Hà Nội và Hưng Yên đã phát hiện ít nhất 2 bệnh nhân bị viêm màng não do vi khuẩn não mô cầu, khiến hàng chục người có tiếp xúc gần với bệnh nhân phải uống ...",DISCOVERED_UNSCREENED
MOH,moh.gov.vn,DQ-EVID-02,26,https://moh.gov.vn/index.jsp?pageId=5803&aid=126569&cid=8354,Cổng thông tin Bộ Y tế,"... y tế trả chi phí khám chữa bệnh từ 100 triệu đồng đến 1 tỉ đồng và 27 người được trả 1-4,5 tỉ đồng. ""Bệnh nhân và bảo hiểm chẳng ai mong được chi tới tiền ...",DISCOVERED_UNSCREENED
MOH,moh.gov.vn,DQ-EVID-02,27,https://imda.moh.gov.vn/documents/10182/10030661/T%C3%A0i+li%E1%BB%87u+H%E1%BB%99i+ngh%E1%BB%8B+ph%E1%BB%95+bi%E1%BA%BFn+N%C4%90169.2018+cho+SYT+BV.pdf/0c765d54-b3dc-4f84-a4e0-3bf76ca98232,"hội nghị phổ biến, triển khai nghị định 169/2018/nđ-cp","Trách nhiệm ? 4. Ai có thể góp phần đảm bảo. CHẤT LƯỢNG - AN TOÀN - HIỆU QUẢ ? • Đảm bảo duy trì sản xuất TTBYT có chất lượng, an toàn theo ...",DISCOVERED_UNSCREENED
MOH,moh.gov.vn,DQ-EVID-02,28,https://moh.gov.vn/index.jsp?pageId=5803&aid=128943&cid=8354,Điểm tin y tế ngày 19/10/2018,"... Bệnh viện Jose Manuel de los Rios nói. ""Điều đó có nghĩa là chẳng ai theo dõi quá trình hóa trị để kiểm tra xem có biến chứng hay không"". Trước tình hình ...",DISCOVERED_UNSCREENED
MOH,moh.gov.vn,DQ-EVID-02,29,https://moh.gov.vn/index.jsp?pageId=5803&aid=154454&cid=8476,Hỗ trợ điều trị cho bệnh nhân bị ảnh hưởng bão số 10,"... bệnh, đảm bảo tất cả được điều trị kịp thời, không ai bị gián đoạn chu kỳ lọc máu. Trong quá trình điều trị, bệnh viện không phát sinh thêm ...",DISCOVERED_UNSCREENED
MOH,moh.gov.vn,DQ-EVID-02,30,https://moh.gov.vn/index.jsp?pageId=5803&aid=125840&cid=8354,1. Bệnh viện K: Phẫu thuật cắt khối u gần 10 kg,“Không ai cố tình đưa những hóa chất nguy hiểm vào trong chế biến thực phẩm. Bất kể một loại hóa chất nào chứ không riêng axit oxalic. Mì tôm của nước chúng ...,DISCOVERED_UNSCREENED
MOH,moh.gov.vn,DQ-EVID-02,31,https://imda.moh.gov.vn/documents/10182/84938478/upload_00002488_1782186383439.pdf?version=1.0&fileId=84949528,CÔNG TY TNHH THIẾT BỊ Y TẾ INAMED,Tuyệt đối không cho phép bất kỳ ai không đeo kính bảo hộ phù hợp đến gần tia laser khi hệ thống đang hoạt động. Nhấn để tiếp tục. Kiểm tra ...,DISCOVERED_UNSCREENED
MOH,moh.gov.vn,DQ-EVID-02,32,https://moh.gov.vn/index.jsp?pageId=5803&aid=153532&cid=8358,Cổng thông tin,"... ai bị bỏ lại phía sau. Trong bối cảnh toàn cầu hóa, khoa học công nghệ và ... trí tuệ nhân tạo, dữ liệu lớn, đồng thời bảo đảm người dân được tiếp cận ...",DISCOVERED_UNSCREENED
MOH,moh.gov.vn,DQ-EVID-02,33,https://moh.gov.vn/index.jsp?pageId=5803&aid=156491&cid=8335,"Ở đâu có khó khăn, bệnh tật, ở đó có y bác sĩ","Anh Long cho biết, bão tan, lũ rút, mắt ai cũng phờ phạc, bàng hoàng trước cảnh nhà sụp đổ, vườn tược tan hoang, gia súc chết nằm chết vương vãi ...",DISCOVERED_UNSCREENED
MOH,moh.gov.vn,DQ-EVID-02,34,https://moh.gov.vn/index.jsp?pageId=5803&aid=156489&cid=8335,Nâng tầm y lý - Vượt qua nghịch cảnh - Tất cả vì dân,"Không ai quý con bằng người mẹ, mà ""thầy thuốc thì như mẹ hiền ... trí tuệ nhân tạo trong chẩn đoán, dự báo dịch bệnh. Năm là, xây dựng ...",DISCOVERED_UNSCREENED
MOH,moh.gov.vn,DQ-EVID-02,35,https://imda.moh.gov.vn/documents/10182/78707610/upload_00010119_1768294003048.pdf?version=1.0&fileId=78745144,TÀI LIỆU ĐƯỢC KÝ BẰNG CHỮ KÝ SỐ,"ENAD-CADGx-01 là phần mềm hỗ trợ chẩn đoán nội soi dựa trên trí tuệ nhân tạo, được thiết ... Chuyển đổi giữa AI nội soi đại tràng và AI nội soi dạ dày. Quay lại.",DISCOVERED_UNSCREENED
MOH,moh.gov.vn,DQ-EVID-02,36,https://moh.gov.vn/index.jsp?pageId=5803&aid=156285&cid=8335,Người bệnh ở Bệnh viện K được 'tiếp sức' hơn 3.000 phần ...,"... bệnh, lan tỏa và góp phần giá trị nhân ái, tinh thần sẻ chia sâu sắc của ngành y tế. 15 gian hàng đã được dựng lên, trong đó có 13 gian được ...",DISCOVERED_UNSCREENED
MOH,moh.gov.vn,DQ-EVID-02,37,https://vimda.moh.gov.vn/documents/10182/43391740/upload_00008707_1684466543518.pdf?version=1.0&fileId=43398062,Hướng dẫn sử dụng Cerviray,Cần lưu ý là phần mềm Cerviray A.I. là một công cụ bổ sung và không nên ... Các hình ảnh được gửi từ Phần mềm bệnh nhân sẽ được hiển thị tại Kết quả A.I..,DISCOVERED_UNSCREENED
MOH,moh.gov.vn,DQ-EVID-02,38,https://moh.gov.vn/resource/CustomsCMS/BO_YTE/2026/3/19/2.1.%20DT%20Nghi%20dinh%20qdct%20Luat%20PB_17.3.2026_ht.pdf,"2026/NĐ-CP Hà Nội, ngày tháng năm 2026 NGHỊ ĐỊNH ...","... phục vụ công tác phòng bệnh bảo đảm an toàn và bảo mật thông tin b) Hỗ trợ ứng dụng khoa học, công nghệ, dữ liệu lớn, trí tuệ nhân tạo cho.",DISCOVERED_UNSCREENED
MOH,moh.gov.vn,DQ-EVID-02,39,https://moh.gov.vn/index.jsp?pageId=5803&aid=154585&cid=8335,"Hướng đến hiện đại, công bằng và nhân văn","... y tế theo mô hình dữ liệu lớn (Big Data), trí tuệ nhân tạo (AI), góp phần hình thành “thành phố y tế số”. Đây là bước đi chiến lược trong ...",DISCOVERED_UNSCREENED
MOH,moh.gov.vn,DQ-EVID-02,40,https://moh.gov.vn/index.jsp?pageId=5803&aid=156569&cid=8476,Người giữ lửa hy vọng cho phụ nữ 'mang án' ung thư,"... khắc yếu lòng nhất. Với chị, ung thư không phải dấu chấm hết, mà là hành trình buộc con người học cách chiến đấu để được sống tiếp. Ít ai ...",DISCOVERED_UNSCREENED
MOH,moh.gov.vn,DQ-EVID-02,41,https://imda.moh.gov.vn/documents/10182/65737635/upload_00005122_1742366497366.pdf?version=1.0&fileId=65760433,Ea yO e Ai  Hướng dẫn sử dụng V0 ,"bị mở khóa ngoài ý muốn bởi nhân viên ndd cho bất kỳ ai khác ngoài bạn. ... khắc phục sự cố. Nếu bạn không thể khắc phục được lỗi, hãy liên hệ với đối tác ...",DISCOVERED_UNSCREENED
MOH,moh.gov.vn,DQ-EVID-02,42,https://moh.gov.vn/resource/CustomsCMS/BO_YTE/2026/3/19/2.1.%20DT%20Nghi%20dinh%20qdct%20Luat%20PB_17.3.2026_ht.pdf,"2026/NĐ-CP Hà Nội, ngày tháng năm 2026 NGHỊ ĐỊNH ...","gia thì việc xử lý, khắc phục sự cố thực hiện theo quy định của pháp luật về tình ... trí tuệ nhân tạo cho hoạt động dự phòng, phát hiện sớm, theo ...",DISCOVERED_UNSCREENED
MOH,moh.gov.vn,DQ-EVID-02,43,https://imda.moh.gov.vn/documents/10182/44979961/upload_00006448_1688794489801.pdf?version=1.0&fileId=44985343,ESTE-Q PREMIUM Q-Switched & Laser Nd:YAG xung dài,Khắc phục sự cố ... bất kỳ ai khác ngoài nhà sản xuất hoặc đại lý được nhà sản xuất ủy quyền ...,DISCOVERED_UNSCREENED
MOH,moh.gov.vn,DQ-EVID-02,44,https://imda.moh.gov.vn/documents/10182/82220853/upload_00005486_1776740309902.pdf?version=1.0&fileId=82229115,Hướng dẫn sử dụng Dao mổ siêu âm K600,"cũng như không ủy quyền cho bất kỳ ai khác chịu bất kỳ trách nhiệm nào liên quan đến việc bán hoặc sử dụng sản phẩm của Miconvey. Technologies Co.,Ltd ...",DISCOVERED_UNSCREENED
MOH,moh.gov.vn,DQ-EVID-02,45,https://imda.moh.gov.vn/documents/10182/77512206/upload_00008716_1765874875133.pdf?version=1.0&fileId=77547191,HỆ THỐNG CHIẾU SÁNG PHẪU THUẬT VN HƯỚNG DẪN ...,"Bất kỳ ai kết nối thiết bị bổ sung hoặc thay đổi cấu hình hệ thống khác với ... của bảng điều khiển, hãy tham khảo phần khắc phục sự cố của sách hướng ...",DISCOVERED_UNSCREENED
MOH,moh.gov.vn,DQ-EVID-02,46,https://ydct.moh.gov.vn/detail/thu-tuong-giu-tron-y-duc-vung-vang-y-thuat-nang-tam-y-ly-vuot-qua-nghich-canh-tat-ca-vi-dan,Thủ tướng: 'Giữ trọn y đức - Vững vàng y thuật – Nâng tầm y lý,"... ái, trí tuệ, sự kiên trì và hơn hết là niềm tin vào những giá ... trí tuệ nhân tạo trong chẩn đoán, dự báo dịch bệnh.",DISCOVERED_UNSCREENED
MOH,moh.gov.vn,DQ-EVID-02,47,https://imda.moh.gov.vn/documents/10182/82880191/upload_00000730_1778208342091.pdf?version=1.0&fileId=82885595,HexaLux,"10 - HƯỚNG DẪN KHẮC PHỤC SỰ CỐ NHANH . 11 - BẢO VỆ MÔI TRƯỜNG ... Ai-len. UK REP STERIS Solutions Limited. Chancary House, Rayns Way. Watermead ...",DISCOVERED_UNSCREENED
MOH,moh.gov.vn,DQ-EVID-02,48,https://moh.gov.vn/index.jsp?pageId=5803&aid=156569&cid=8476,Người giữ lửa hy vọng cho phụ nữ 'mang án' ung thư,"Ít ai biết rằng trước khi trở thành bác sĩ nội khoa ung thư, PGS.TS ... khắc bệnh nhân yếu đuối nhất”, PGS. Huyền nói. Năm 2007, khi ...",DISCOVERED_UNSCREENED
MOH,moh.gov.vn,DQ-EVID-02,49,https://imda.moh.gov.vn/documents/10182/81398182/upload_00002649_1774927042278.pdf?version=1.0&fileId=81408832,HƯỚNG DẪN SỬ DỤNG BreathCare PAP Máy thở không ...,"24. Khắc phục sự cố ... ai. Cảnh báo nguy cơ điện giật: Không nhúng thiết bị, bộ nguồn hoặc ...",DISCOVERED_UNSCREENED
MOH,moh.gov.vn,DQ-EVID-03,1,https://cds.moh.gov.vn/tin-tuc-tong-hop-chi-tieu-cds/-/asset_publisher/q59FuAXJObVO/content/ai-trong-benh-vien-nguoi-benh-uoc-loi-gi-?inheritRedirect=false,AI trong bệnh viện: Người bệnh được lợi gì? - Tin tức tổng hợp,Là bệnh viện tuyến cuối của ngành quân y ... Những ca bệnh khó được báo cáo quốc tế cũng được kết ... AI trong bệnh viện bước đầu phát huy hiệu quả rõ rệt.,DISCOVERED_UNSCREENED
MOH,moh.gov.vn,DQ-EVID-03,2,https://moh.gov.vn/index.jsp?pageId=5803&aid=156765&cid=7262,Trí tuệ nhân tạo và tương lai hệ thống Y tế Việt Nam,"Trí tuệ nhân tạo (AI) là công nghệ cho phép máy tính học hỏi từ dữ liệu ... Hệ sinh thái AI y tế cần có sự gắn kết chặt chẽ giữa cơ quan quản lý, cơ sở ...",DISCOVERED_UNSCREENED
MOH,moh.gov.vn,DQ-EVID-03,3,https://vnpa.moh.gov.vn/bac-si-ai-va-bai-toan-nhan-luc-y-te-hop-tac-giua-cong-nghe-va-nhan-van/,Bác sĩ AI và bài toán nhân lực y tế: Hợp tác giữa công nghệ và ...,"Ở Mỹ – một quốc gia chi phí y tế thuộc nhóm cao nhất thế giới – mặc dù đầu tư lớn nhưng kết ... Trong bối cảnh đó, trí tuệ nhân tạo (AI) được xem ...",DISCOVERED_UNSCREENED
MOH,moh.gov.vn,DQ-EVID-03,4,https://cds.moh.gov.vn/trang-chu/-/asset_publisher/9VNAsbzkEbQA/content/thuc-ay-nghien-cuu-ao-tao-va-ung-dung-tri-tue-nhan-tao-trong-linh-vuc-y-te-tang-cuong-oi-thoai-chinh-sach-va-ket-noi-cac-ben-lien-quan?inheritRedirect=false,"Thúc đẩy nghiên cứu, đào tạo và ứng dụng trí tuệ nhân ...","Trong bối cảnh chuyển đổi số đang diễn ra mạnh mẽ trên toàn cầu, trí tuệ nhân tạo (AI) ngày càng khẳng định vai trò quan trọng trong nâng cao hiệu quả quản ...",DISCOVERED_UNSCREENED
MOH,moh.gov.vn,DQ-EVID-03,5,https://cds.moh.gov.vn/trang-chu/-/asset_publisher/9VNAsbzkEbQA/content/ung-dung-ai-chuyen-oi-so-va-benh-vien-thong-minh-la-chia-khoa-nang-cao-suc-khoe-toan-dan?inheritRedirect=false,"Ứng dụng AI, chuyển đổi số và bệnh viện thông minh là ...","... (kết nối dữ liệu) - Thông minh hóa (ứng dụng AI). Những hệ thống cảnh báo sớm tại phòng ICU, tủ thuốc tự động hay kết nối xe cấp cứu từ xa trên thế giới đã ...",DISCOVERED_UNSCREENED
MOH,moh.gov.vn,DQ-EVID-03,6,https://cds.moh.gov.vn/trang-chu/-/asset_publisher/9VNAsbzkEbQA/content/hoi-thao-chuyen-oi-so-y-te-viet-nam-vai-tro-cua-du-lieu-va-ai-trong-inh-huong-quoc-gia-?inheritRedirect=false,Hội thảo “Chuyển đổi số Y tế Việt Nam: Vai trò của Dữ liệu ...,"AI chỉ có thể phát huy hiệu quả khi được xây dựng trên dữ liệu đúng, đủ, sạch và thống nhất. Đồng thời, AI trong y tế ... kết quả bước đầu và định hướng mở ...",DISCOVERED_UNSCREENED
MOH,moh.gov.vn,DQ-EVID-03,7,https://cds.moh.gov.vn/trang-chu/-/asset_publisher/9VNAsbzkEbQA/content/ioc-chia-khoa-nang-chat-luong-cham-soc-suc-khoe?inheritRedirect=false,IOC - “chìa khóa” nâng chất lượng chăm sóc sức khỏe,"Khi kết hợp với trí tuệ nhân tạo, hệ thống có thể hỗ trợ dự báo dịch bệnh, nhu cầu khám chữa bệnh và nguồn lực y tế, từ đó giúp lãnh đạo ngành đưa ra quyết định ...",DISCOVERED_UNSCREENED
MOH,moh.gov.vn,DQ-EVID-03,8,https://imda.moh.gov.vn/van-ban-cong-bo?p_p_id=vanbancongbo_WAR_trangthietbiyteportlet&p_p_lifecycle=0&p_p_state=normal&p_p_mode=view&p_p_col_id=column-1&p_p_col_pos=1&p_p_col_count=2&_vanbancongbo_WAR_trangthietbiyteportlet_hoSoId=620810&_vanbancongbo_WAR_trangthietbiyteportlet_vanBanId=541807&_vanbancongbo_WAR_trangthietbiyteportlet_doanhNghiepId=18581&_vanbancongbo_WAR_trangthietbiyteportlet_redirectVanBanURL=%2Fvan-ban-cong-bo&_vanbancongbo_WAR_trangthietbiyteportlet_jspPage=%2Fhtml%2Fttbyte%2Fportlet%2Fvanbancongbo%2Fxemhoso_tuybien.jsp,Hồ sơ đã công bố - Kết quả dịch vụ công - Trang thiết bị y tế,Phần mềm sử dụng trí tuệ nhân tạo để phân tích hình ảnh và tạo ra báo cáo ... Kết quả phân loại hình ảnh thành hai loại (bình thường hoặc thiểu xương ...,DISCOVERED_UNSCREENED
MOH,moh.gov.vn,DQ-EVID-03,9,https://moh.gov.vn/index.jsp?pageId=5798&id=69562&cid=7301,Cổng thông tin Bộ Y tế,"... trí tuệ nhân tạo (AI) trong y tế. Đối với ngành dược, nhiệm vụ này bao gồm ... kết quả điều trị và giảm gánh nặng cho hệ thống y tế. Các can thiệp do ...",DISCOVERED_UNSCREENED
MOH,moh.gov.vn,DQ-EVID-03,10,https://imda.moh.gov.vn/van-ban-cong-bo?p_p_id=vanbancongbo_WAR_trangthietbiyteportlet&p_p_lifecycle=0&p_p_state=normal&p_p_mode=view&p_p_col_id=column-1&p_p_col_pos=1&p_p_col_count=2&_vanbancongbo_WAR_trangthietbiyteportlet_hoSoId=567907&_vanbancongbo_WAR_trangthietbiyteportlet_vanBanId=485090&_vanbancongbo_WAR_trangthietbiyteportlet_doanhNghiepId=350202&_vanbancongbo_WAR_trangthietbiyteportlet_redirectVanBanURL=%2Fvan-ban-cong-bo&_vanbancongbo_WAR_trangthietbiyteportlet_jspPage=%2Fhtml%2Fttbyte%2Fportlet%2Fvanbancongbo%2Fxemhoso_tuybien.jsp,Hồ sơ đã công bố - Kết quả dịch vụ công - Trang thiết bị y tế,... Kết quả xử lý hồ sơ. Thông tin công bố (Ngày 19/08/2025). Hồ sơ đã công bố. CÔNG TY CỔ PHẦN CÔNG NGHỆ NTD AI HEALTHCARE. ---------------------------. Số 01:2025 ...,DISCOVERED_UNSCREENED
MOH,moh.gov.vn,DQ-EVID-03,11,https://cds.moh.gov.vn/tin-tuc-tong-hop-chi-tieu-cds/-/asset_publisher/q59FuAXJObVO/content/ung-dung-ai-trong-ho-tro-quan-ly-benh-man-tinh-giam-ap-luc-cho-bac-si?inheritRedirect=false,"Ứng dụng AI trong hỗ trợ quản lý bệnh mạn tính, giảm áp ...","Trong bối cảnh tăng huyết áp và các bệnh mạn tính ngày càng gia tăng, trẻ hóa, nhiều chuyên gia cho rằng trí tuệ nhân tạo (AI) sẽ đóng vai trò quan trọng ...",DISCOVERED_UNSCREENED
MOH,moh.gov.vn,DQ-EVID-03,12,https://cds.moh.gov.vn/tin-tuc-tong-hop-chi-tieu-cds/-/asset_publisher/q59FuAXJObVO/content/hoi-thao-ai-y-te-thanh-cong-ra-mat-mang-luoi-v-rhain-va-thuc-ay-cac-giai-phap-ai-y-te-co-trach-nhiem?inheritRedirect=false,"Hội thảo AI y tế thành công, ra mắt Mạng lưới V-RHAIN và ...","Sự kiện đánh dấu bước khởi đầu quan trọng trong việc triển khai chiến lược ứng dụng trí tuệ nhân tạo ... AI y tế an toàn, minh bạch và hiệu quả. Thứ trưởng thường ...",DISCOVERED_UNSCREENED
MOH,moh.gov.vn,DQ-EVID-03,13,https://cds.moh.gov.vn/cds-trong-y-khoa/-/asset_publisher/7CDbJ2TPvkUU/content/benh-vien-bach-mai-vi-the-tien-phong-trong-cuoc-cach-mang-chuyen-oi-so-nganh-y-te?inheritRedirect=false,Bệnh viện Bạch Mai – Vị thế tiên phong trong cuộc cách ...,"... bệnh, đột phá y khoa với trí tuệ nhân tạo, tối ưu hóa quản trị vận hành, đến tiên phong kết nối y tế từ xa. Những thành tựu này không chỉ giúp Bệnh viện đạt ...",DISCOVERED_UNSCREENED
MOH,moh.gov.vn,DQ-EVID-03,14,https://moh.gov.vn/index.jsp?pageId=5803&aid=156773&cid=7241,Trí tuệ nhân tạo hỗ trợ chẩn đoán bệnh,"Ứng dụng trí tuệ nhân tạo (AI) vào hoạt động khám, chữa bệnh đang mở ra ... “Khi người bệnh truy cập kết quả trên hệ thống trả kết quả trực tuyến của ...",DISCOVERED_UNSCREENED
MOH,moh.gov.vn,DQ-EVID-03,15,https://moh.gov.vn/index.jsp?pageId=5803&aid=168555&cid=8430,55 báo cáo khoa học của thầy thuốc trẻ Bệnh viện K,"Nhiều công trình tập trung vào các hướng nghiên cứu mới như ứng dụng trí tuệ nhân tạo (AI), chuyển đổi số trong quản lý bệnh viện, y học chính ...",DISCOVERED_UNSCREENED
MOH,moh.gov.vn,DQ-EVID-03,16,https://moh.gov.vn/index.jsp?pageId=5803&aid=168227&cid=7262,Tiềm năng rất lớn nhưng không thể thay thế bác sĩ,"Trí tuệ nhân tạo (AI) đang trở thành một trong những công nghệ có ... kết quả xét nghiệm. Trong thời gian tới, nhóm nghiên cứu dự kiến ...",DISCOVERED_UNSCREENED
MOH,moh.gov.vn,DQ-EVID-03,17,https://cds.moh.gov.vn/tin-tuc-tong-hop-chi-tieu-cds/-/asset_publisher/q59FuAXJObVO/content/tinh-than-va-trach-nhiem-trong-chuyen-oi-so?inheritRedirect=false,Tinh thần và trách nhiệm trong chuyển đổi số,"Hiện đại hóa ngành y tế bằng ứng dụng trí tuệ nhân tạo (AI) là định hướng ... Bệnh viện Chợ Rẫy ứng dụng định vị 3D, in 3D kết hợp AI. Bệnh viện Bạch ...",DISCOVERED_UNSCREENED
MOH,moh.gov.vn,DQ-EVID-03,18,https://cds.moh.gov.vn/tin-tuc-tong-hop-chi-tieu-cds/-/asset_publisher/q59FuAXJObVO/content/nhung-thach-thuc-trong-chuyen-oi-so-nganh-y-te?inheritRedirect=false,Những thách thức trong chuyển đổi số ngành y tế,"... kết quả cận lâm sàng, bảo hiểm y tế... Tội phạm mạng có thể lợi dụng để lừa ... AI trong khám chữa bệnh. Bên cạnh đó, khung quản lý chưa đầy đủ, chưa ...",DISCOVERED_UNSCREENED
MOH,moh.gov.vn,DQ-EVID-03,19,https://cds.moh.gov.vn/tin-tuc-tong-hop-chi-tieu-cds/-/asset_publisher/q59FuAXJObVO/content/tiep-tuc-oi-moi-ao-tao-tung-buoc-ung-dung-ai-trong-thuc-hanh-e-ay-nhanh-hoi-nhap-ieu-duong?inheritRedirect=false,"Tiếp tục đổi mới đào tạo, từng bước ứng dụng AI trong ...","Tiếp tục đổi mới đào tạo, từng bước ứng dụng AI trong thực hành để đẩy nhanh hội nhập điều dưỡng ... kết quả Trường Đại học Điều dưỡng Nam Định đã đạt được trong ...",DISCOVERED_UNSCREENED
MOH,moh.gov.vn,DQ-EVID-03,20,https://cds.moh.gov.vn/trang-chu/-/asset_publisher/9VNAsbzkEbQA/content/hoi-thao-ot-pha-phat-trien-khoa-hoc-cong-nghe-oi-moi-sang-tao-chuyen-oi-so-va-ao-tao-nhan-luc-trong-linh-vuc-y-te?inheritRedirect=false,"Hội thảo Đột phá phát triển khoa học công nghệ, đổi mới ...","Đối với lĩnh vực chính sách y tế, tập trung vào ứng dụng AI trong phòng ... trí tuệ nhân tạo trong y tế./. Theo https://moh.gov.vn/. Tin xem nhiều. Bộ Y ...",DISCOVERED_UNSCREENED
MOH,moh.gov.vn,DQ-EVID-03,21,https://adminmoh.moh.gov.vn/vi_VN/web/guest/hoat-dong-cua-lanh-dao-bo/-/asset_publisher/k206Q9qkZOqn/content/benh-vien-e-ung-dung-tri-tue-nhan-tao-nang-tam-cham-soc-suc-khoe-nhan-dan?inheritRedirect=false&redirect=https%3A%2F%2Fadminmoh.moh.gov.vn%3A443%2Fvi_VN%2Fweb%2Fguest%2Fhoat-dong-cua-lanh-dao-bo%3Fp_p_id%3D101_INSTANCE_k206Q9qkZOqn%26p_p_lifecycle%3D0%26p_p_state%3Dnormal%26p_p_mode%3Dview%26p_p_col_id%3Drow-0-column-2%26p_p_col_pos%3D1%26p_p_col_count%3D2,Bệnh viện E ứng dụng trí tuệ nhân tạo nâng tầm chăm sóc sức ...,"... bệnh bằng trí tuệ nhân tạo. Trong dòng chảy ... (AI) vào các hoạt động khám, chữa bệnh và quản lý ... Chuyển đổi số y tế. Liên kết. ---Trang liên kết ...",DISCOVERED_UNSCREENED
MOH,moh.gov.vn,DQ-EVID-03,22,https://cds.moh.gov.vn/trang-chu/-/asset_publisher/kq7fw8xVjbd8/content/cong-nghe-sinh-hoc-va-chuyen-oi-so-phuc-vu-phat-trien-nganh-y-te?inheritRedirect=true,Công nghệ sinh học và chuyển đổi số phục vụ phát triển ...,"... trí tuệ nhân tạo trong chăm sóc sức khỏe, ứng dụng kỹ thuật số trong kinh ... kết nối tiềm năng phát triển công nghệ và đổi mới sáng tạo lĩnh vực y tế ...",DISCOVERED_UNSCREENED
MOH,moh.gov.vn,DQ-EVID-03,23,https://cds.moh.gov.vn/tin-tuc-tong-hop-chi-tieu-cds/-/asset_publisher/q59FuAXJObVO/content/chuyen-oi-so-y-te-hien-thuc-hoa-benh-vien-thong-minh?inheritRedirect=false,Chuyển đổi số y tế- hiện thực hóa bệnh viện thông minh,"“Mô hình có thể áp dụng tại tất cả các trạm y tế tuyến xã, đầu tư thiết bị y tế, ứng dụng AI trong chẩn đoán, điều trị nên người dân rất tin tưởng, hài lòng khi ...",DISCOVERED_UNSCREENED
MOH,moh.gov.vn,DQ-EVID-03,24,https://moh.gov.vn/index.jsp?pageId=5803&aid=152353&cid=7262,Ứng dụng trí tuệ nhân tạo (AI) giúp chẩn đoán nhanh và ...,"Sở y tế các tỉnh, thành phố trực thuộc TW · Y tế các ngành. Ứng dụng trí tuệ nhân tạo (AI) giúp chẩn đoán nhanh và chính xác hơn các bệnh lý tim mạch, đột quỵ.",DISCOVERED_UNSCREENED
MOH,moh.gov.vn,DQ-EVID-03,25,https://moh.gov.vn/index.jsp?pageId=5803&aid=152351&cid=8358,Bộ Y tế công bố bổ nhiệm Phó Giám đốc Bệnh viện Mắt ...,"... trí tuệ nhân tạo trong chẩn đoán bệnh lý, và theo dõi tiến triển bệnh mắt ... Cần chủ động gắn kết với các trường đại học y khoa trong nước và quốc tế ...",DISCOVERED_UNSCREENED
MOH,moh.gov.vn,DQ-EVID-03,26,https://cds.moh.gov.vn/trang-chu/-/asset_publisher/kq7fw8xVjbd8/content/tiep-tuc-nang-cao-hieu-qua-ket-cong-tac-cham-soc-suc-khoe-ba-me-tre-em?inheritRedirect=true,Tiếp tục nâng cao hiệu quả kết công tác chăm sóc sức ...,"... AI định hình thế hệ lao động mới. Tue, 30/06 ... kết công tác chăm sóc sức khỏe bà mẹ - trẻ em. Liên kết website. Cổng ...",DISCOVERED_UNSCREENED
MOH,moh.gov.vn,DQ-EVID-03,27,https://moh.gov.vn/index.jsp?pageId=5803&aid=156350&cid=8430,Cổng bảo lãnh thanh toán viện phí giúp người bệnh yên ...,"Sau khi bệnh nhân kết thúc đợt khám, cơ sở y tế chỉ cần gửi một lần dữ liệu ... AI, y học chính xác trong điều trị ung thư · Việt Nam có hệ thống bệnh ...",DISCOVERED_UNSCREENED
MOH,moh.gov.vn,DQ-EVID-03,28,https://moh.gov.vn/index.jsp?pageId=5803&aid=154104&cid=8430,100% bệnh viện công lập Hà Nội triển khai bệnh án điện tử,"... kết quả xét nghiệm, thuốc… thông qua ứng dụng phần mềm. Trong bối cảnh xã ... Đồng thời, các công nghệ mới như trí tuệ nhân tạo (AI), phân tích dữ liệu ...",DISCOVERED_UNSCREENED
MOH,moh.gov.vn,DQ-EVID-03,29,https://cds.moh.gov.vn/trang-chu/-/asset_publisher/9VNAsbzkEbQA/content/-ak-lak-ua-ai-vao-hanh-chinh-cong-nang-chat-phuc-vu-nguoi-dan-doanh-nghiep?inheritRedirect=false,"Đắk Lắk đưa AI vào hành chính công, nâng chất phục vụ ...","... kết quả. Mô hình này cho thấy chuyển đổi số đang dần đi vào thực chất, lấy ... trí tuệ nhân tạo trong thương mại điện tử cho doanh nghiệp, hợp tác xã ...",DISCOVERED_UNSCREENED
MOH,moh.gov.vn,DQ-EVID-03,30,https://cds.moh.gov.vn/trang-chu/-/asset_publisher/Z6WIslRncq2B/content/xay-dung-nen-y-te-thong-minh-hien-ai/pop_up?_101_INSTANCE_Z6WIslRncq2B_viewMode=print&_101_INSTANCE_Z6WIslRncq2B_languageId=vi_VN,"Xây dựng nền y tế thông minh, hiện đại - Xuất bản thông tin","Nhờ vậy, dữ liệu từ các bệnh viện, trung tâm y tế ... Công tác cải cách thủ tục hành chính trong y tế đạt nhiều kết quả tích cực. ... trí tuệ nhân tạo (AI) trong ...",DISCOVERED_UNSCREENED
MOH,moh.gov.vn,DQ-EVID-03,31,https://cds.moh.gov.vn/trang-chu/-/asset_publisher/9VNAsbzkEbQA/content/tang-cuong-su-dung-an-toan-cac-cong-cu-ai-va-tro-ly-ao-trong-hoat-ong-cong-vu?inheritRedirect=false,Tăng cường sử dụng an toàn các công cụ AI và Trợ lý ảo ...,"... trí tuệ nhân tạo (AI) và dịch vụ Trợ lý ... Kết quả do AI cung cấp phải được kiểm tra, đánh giá kỹ lưỡng trước khi sử ...",DISCOVERED_UNSCREENED
MOH,moh.gov.vn,DQ-EVID-03,32,https://ydct.moh.gov.vn/detail/bo-truong-dao-hong-lan-cham-soc-suc-khoe-nguoi-dan-tu-som-tu-xa-va-ngay-tai-co-so,Bộ trưởng Đào Hồng Lan: Chăm sóc sức khỏe người dân từ ...,"... kết quả triển khai Nghị quyết 72. Vì vậy, việc Nghệ An tổ chức ra ... trí tuệ nhân tạo (AI), hỗ trợ y tế cơ sở, đào tạo chuyển đổi số y ...",DISCOVERED_UNSCREENED
MOH,moh.gov.vn,DQ-EVID-03,33,https://cds.moh.gov.vn/tin-tuc-tong-hop-chi-tieu-cds/-/asset_publisher/lXCq3URPlUBn/content/-chinhphu-vn-e-an-nang-cao-nhan-thuc-pho-cap-ky-nang-va-phat-trien-nguon-nhan-luc-chuyen-oi-so-quoc-gia-en-nam-2025-inh-huong-en-nam-2030-uoc-thu-tuon?inheritRedirect=false,"Đề án: ""Nâng cao nhận thức, phổ cập kỹ năng và phát triển ...","... AI ... Sau hơn 1 năm triển khai Đề án, việc phát triển nguồn nhân lực chuyển đổi số đã được đẩy mạnh ở nhiều bộ, ngành địa phương và mang lại kết quả tích cực.",DISCOVERED_UNSCREENED
MOH,moh.gov.vn,DQ-EVID-03,34,https://cds.moh.gov.vn/tin-tuc-tong-hop-chi-tieu-cds/-/asset_publisher/lXCq3URPlUBn/content/-ay-manh-chuyen-oi-so-va-trien-khai-e-an-06-tai-cac-co-quan-on-vi-trong-nganh-y-te?inheritRedirect=false,Đẩy mạnh chuyển đổi số và triển khai Đề án 06 tại các cơ ...,"... kết nối. Fri, 10/07/2026 04:46. Y tế Lâm Đồng: Quả ngọt từ chuyển đổi số toàn diện theo Nghị quyết số 57. Fri, 10/07/2026 04:43. AI ... viện bước đầu nghiên cứu ...",DISCOVERED_UNSCREENED
MOH,moh.gov.vn,DQ-EVID-03,35,https://vimda.moh.gov.vn/documents/10182/35097791/3.%20Ung%20dung%20AI%20trong%20nghien%20cuu%20chan%20doan%20mo%20benh%20hoc_Optimized_1664259955224.pdf?version=1.0&fileId=35123669,Ứng dụng thuật toán AI trong nghiên cứu và chẩn đoán mô ...,... trí tuệ nhân tạo vào chẩn đoán. 4. Page 5. Sự phát triển GPB KTS. 5. Page 6 ... AI tăng cường chẩn đoán chính xác đem lại kết quả điều trị tốt. 9. Nỗ lực ...,DISCOVERED_UNSCREENED
MOH,moh.gov.vn,DQ-EVID-03,36,https://moh.gov.vn/index.jsp?pageId=5803&aid=166865&cid=7241,AI vào cuộc: Tăng cơ hội phát hiện sớm ung thư phổi,"Giải pháp trí tuệ nhân tạo (AI) hỗ trợ chẩn đoán ung thư phổi ""Make in Bạch ... Dịp này, Bệnh viện Bạch Mai đã ký kết nhiều thỏa thuận hợp tác với các ...",DISCOVERED_UNSCREENED
MOH,moh.gov.vn,DQ-EVID-03,37,https://vimda.moh.gov.vn/documents/10182/61053475/AITRICS-VC%20leaflet_VN_1732084348277.pdf?version=1.0&fileId=61068889,Tiếp sức ngành y tế bằng AI,"Công nghệ XAI (Explainable. AI, trí tuệ nhân tạo có thể giải thích) của ... • Bệnh nhân có các dấu hiệu sinh tồn và kết quả xét nghiệm nằm ngoài phạm vi bình ...",DISCOVERED_UNSCREENED
MOH,moh.gov.vn,DQ-EVID-03,38,https://cds.moh.gov.vn/tin-tuc-tong-hop-chi-tieu-cds/-/asset_publisher/lXCq3URPlUBn/content/y-te-thong-minh?inheritRedirect=false,Bộ Y tế Phê duyệt chương trình chuyển đổi số y tế đến ...,"... AI định hình thế hệ lao động mới. Tue, 30/06/2026 01:38. Đẩy mạnh chuyển đổi ... Kết quả bước đầu của chuyển đổi số. Năm 2014, Bộ Y tế là đơn vị đầu tiên ...",DISCOVERED_UNSCREENED
MOH,moh.gov.vn,DQ-EVID-03,39,https://vnpa.moh.gov.vn/ban-hanh-thong-tu-quy-dinh-lap-va-quan-ly-chi-phi-trong-hoat-dong-dau-tu-mua-sam-thue-dich-vu-cho-chuyen-doi-so-su-dung-ngan-sach-nha-nuoc/,Ban hành thông tư quy định lập và quản lý chi phí trong hoạt ...,"Khai giảng dự án ""Cơ hội AI dành cho nhân viên y tế"": · Khai giảng dự ... Hội thảo chia sẻ kinh nghiệm về trí tuệ nhân tạo và một số khuyến nghị ...",DISCOVERED_UNSCREENED
MOH,moh.gov.vn,DQ-EVID-03,40,https://ydct.moh.gov.vn/detail/thu-tuong-giu-tron-y-duc-vung-vang-y-thuat-nang-tam-y-ly-vuot-qua-nghich-canh-tat-ca-vi-dan,Thủ tướng: 'Giữ trọn y đức - Vững vàng y thuật – Nâng tầm y lý,"Tuy nhiên, hoạt động của ngành y tế nước nhà vẫn đạt được nhiều kết quả quan trọng. ... trí tuệ nhân tạo trong chẩn đoán, dự báo dịch bệnh.",DISCOVERED_UNSCREENED
MOH,moh.gov.vn,DQ-EVID-03,41,https://cds.moh.gov.vn/trang-chu/-/asset_publisher/DezMH46HzY7X/content/ung-dung-ban-o-so-trong-phong-chong-dich-benh-buoc-ot-pha-chuyen-oi-so-tu-y-te-co-so?inheritRedirect=false,"Ứng dụng bản đồ số trong phòng, chống dịch bệnh, bước ...","Tin nổi bật. AI định hình ... Với những kết quả đạt được, sáng kiến kỹ thuật ""Ứng dụng Google Maps ...",DISCOVERED_UNSCREENED
MOH,moh.gov.vn,DQ-EVID-03,42,https://moh.gov.vn/index.jsp?pageId=5803&aid=155630&cid=8431,Đột phá nâng cao sức khỏe và chất lượng dân số,"... kết quả tốt, giảm đáng kể tỷ lệ tử vong và biến chứng cho trẻ. Hiện tại ... Việc ứng dụng trí tuệ nhân tạo (AI) tại Bệnh viện Phụ sản Hà Nội không chỉ ...",DISCOVERED_UNSCREENED
MOH,moh.gov.vn,DQ-EVID-03,43,https://adminmoh.moh.gov.vn/vi_VN/web/guest/hoat-dong-cua-lanh-dao-bo/-/asset_publisher/TW6LTp1ZtwaN/content/tang-cuong-nang-luc-kiem-soat-benh-khong-lay-nhiem-sau-ai-dich,Tăng cường năng lực kiểm soát bệnh không lây nhiễm sau ...,Bình thường. Bình chọn. Kết quả. Ghi lại. Trang chủ Liên hệ. Cổng thông ... AI xin chào. logobutton. Hỗ trợ trực tuyến. full close.,DISCOVERED_UNSCREENED
MOH,moh.gov.vn,DQ-EVID-03,44,https://adminmoh.moh.gov.vn/web/guest/hoat-dong-cua-lanh-dao-bo/-/asset_publisher/k206Q9qkZOqn/content/hop-tac-ung-dung-chuyen-oi-so-cong-nghe-ai-trong-tu-van-va-cham-soc-suc-khoe-cong-ong,"Hợp tác ứng dụng chuyển đổi số, công nghệ AI trong tư vấn và ...","Xuất bản thông tin Xuất bản thông tin. Hợp tác ứng dụng chuyển đổi số, công nghệ AI ... Chuyển đổi số y tế. Liên kết. ---Trang liên kết ... Bình thường. Bình chọn",DISCOVERED_UNSCREENED
MOH,moh.gov.vn,DQ-EVID-03,45,https://moh.gov.vn/index.jsp?pageId=5803&aid=167259&cid=8430,Cổng thông tin,"Bên cạnh đó, ngành y tế cũng đang ứng dụng trí tuệ nhân tạo (AI) trong giải trình tự gen thế hệ mới để điều trị ung thư và tầm soát trước sinh.",DISCOVERED_UNSCREENED
MOH,moh.gov.vn,DQ-EVID-03,46,https://moh.gov.vn/index.jsp?pageId=5803&aid=154779&cid=8390,Cổng thông tin,"Tăng cường ứng dụng trí tuệ nhân tạo, dữ liệu lớn, đầu tư phát triển các ... Kết quả xét giải thưởng Hồ Chí Minh, giải thưởng nhà nước – Đợt 7 của Hội ...",DISCOVERED_UNSCREENED
MOH,moh.gov.vn,DQ-EVID-03,47,https://moh.gov.vn/index.jsp?pageId=5803&aid=155288&cid=8355,"Ngành Y tế Tỉnh Hà Tĩnh đổi mới toàn diện, nâng cao năng ...","... trí tuệ nhân tạo, công nghệ thông tin trong quản lý điều hành và hoạt ... Phát triển y học cổ truyền kết hợp với y học hiện đại. Bổ sung và thực hiện ...",DISCOVERED_UNSCREENED
MOH,moh.gov.vn,DQ-EVID-05,1,https://vimda.moh.gov.vn/documents/10182/1839553/upload_00029097_1503368831006.pdf?version=1.0,Audit Diagnostics,"To: Ministry of Health (Department of Medical Equipment and Construction. Chring t6i, Audit Diagnostics. Address: Business & Technology Parh Carrigtwohill, Co.",DISCOVERED_UNSCREENED
MOH,moh.gov.vn,DQ-EVID-05,2,https://imda.moh.gov.vn/documents/10182/80052273/upload_00011090_1771935244334.pdf?version=1.0&fileId=80083426,TÀI LIỆU ĐƯỢC KÝ BẰNG CHỮ KÝ SỐ,from electrocardiography devices using an artificial intelligence (AI) model ... Medical devices - Quality management systems - Requirements.,DISCOVERED_UNSCREENED
MOH,moh.gov.vn,DQ-EVID-05,3,https://imda.moh.gov.vn/documents/10182/80052273/upload_00010959_1771934090495.pdf?version=1.0&fileId=80083318,TÀI LIỆU ĐƯỢC KÝ BẰNG CHỮ KÝ SỐ,Intended purpose. AiTiAAS is software that utilizes AI ... Medical devices - Post-market surveillance for manufacturers. IEC 81001-5-1:2021. Health software and ...,DISCOVERED_UNSCREENED
MOH,moh.gov.vn,DQ-EVID-05,4,https://imda.moh.gov.vn/documents/10182/37677204/upload_00072263_1669196086400.pdf?version=1.0&fileId=37716395,• In-vitro Diagnostic Medical Devices (IVDs),DAI sir QUAN NUOC CIIXHCN VIET NAM TAI BI ... and operates a Quality Management System which complies with the requirements of ISO 13485:2016 for the.,DISCOVERED_UNSCREENED
MOH,moh.gov.vn,DQ-EVID-05,5,https://vimda.moh.gov.vn/documents/10182/74263388/upload_00017491_1759405038031.pdf?version=1.0&fileId=74316021,TÀI LIỆU ĐƯỢC KÝ BẰNG CHỮ KÝ SỐ,AiTiALVSD is software that utilizes AI ... Medical devices - Post-market surveillance for manufacturers. IEC 81001-5-1:2021. Health software and health IT systems ...,DISCOVERED_UNSCREENED
MOH,moh.gov.vn,DQ-EVID-05,6,https://vimda.moh.gov.vn/documents/10182/74734434/upload_00006395_1760517396784.pdf?version=1.0&fileId=74762134,TÀI LIỆU ĐƯỢC KÝ BẰNG CHỮ KÝ SỐ,"Medical devices - Post-market surveillance for manufacturers. IEC 81001-5-1:2021. Health software and health IT systems safety, effectiveness and security ...",DISCOVERED_UNSCREENED
MOH,moh.gov.vn,DQ-EVID-05,7,https://imda.moh.gov.vn/documents/10182/78706816/upload_00002726_1768275126129.pdf?version=1.0&fileId=78715758,Declaration of Conformity,Medical devices -Quality management systems - Requirements for regulatory purposes. 3. EN ISO 14971. Medical devices -Application of risk managementto medical ...,DISCOVERED_UNSCREENED
MOH,moh.gov.vn,DQ-EVID-05,8,https://imda.moh.gov.vn/documents/10182/81754934/upload_00004653_1775710407162.pdf?version=1.0&fileId=81775149,Mac-Lab User Manual,1.2.4 Serious incident reporting............. ... 18.1.6 Hospital Information............,DISCOVERED_UNSCREENED
MOH,moh.gov.vn,DQ-EVID-05,9,https://vimda.moh.gov.vn/documents/10182/9568302/upload_00020529_1553592334077.pdf?version=1.0&fileId=9575882,NOTARY PUBLIC,"and operates a Quality Management System which complies with the requirements of ISO 13485:2016 for the following scope: The design, manufacture ...",DISCOVERED_UNSCREENED
MOH,moh.gov.vn,DQ-EVID-05,10,https://imda.moh.gov.vn/documents/10182/29484303/upload_00007910_1650336351587.pdf?version=1.0&fileId=29492408,original,LocaMed ISO Certificate of Quality Management System ISO 13485:2016 ... Cơ quan cấp: Đại sứ quán Việt Nam tại VQ Anh và CH Ai-len by. 8. Só ...,DISCOVERED_UNSCREENED
MOH,moh.gov.vn,DQ-EVID-05,11,https://vimda.moh.gov.vn/documents/10182/80394222/upload_00009645_1772704439851.pdf?version=1.0&fileId=80432310,Untitled,by Vietnam Ministry of Health ... Việt Nam các trang thiết bị y tế sau: Danh mục ... • ISO 13485- Medical Devices - Quality Management Systems - System Requirements.,DISCOVERED_UNSCREENED
MOH,moh.gov.vn,DQ-EVID-05,12,https://imda.moh.gov.vn/documents/10182/59954196/upload_00036998_1729823690492.pdf?version=1.0&fileId=59959704,certificate of notary public of ireland - Trang thiết bị y tế,Cơ quan cấp: Đại sứ quán Việt Nam tại VQ Anh và CH Ai-len by. 8. Só ... of Quality Management System to I.S. EN ISO 13485:2016. The ...,DISCOVERED_UNSCREENED
MOH,moh.gov.vn,DQ-EVID-05,13,https://imda.moh.gov.vn/documents/10182/29436595/upload_00017131_1650252855863.pdf?version=1.0&fileId=29451075,C E RT I F I CAT E,"TS 509 to ban d6 s6 01, Gum CN Hap LTnh, Phuidng Hap LTnh, Thanh ph6 Bac Ninh,. Tinh Bac Ninh, Viet Nam. ... audit by lcA with the oorffication's maintaining ...",DISCOVERED_UNSCREENED
MOH,moh.gov.vn,DQ-EVID-05,14,https://imda.moh.gov.vn/documents/10182/68714665/upload_00008499_1748849455049.pdf?version=1.0&fileId=68744457,CERTIFICATE,has established and applies a Quality Management System. An audit was performed and has furnished proof that the requirements according to.,DISCOVERED_UNSCREENED
MOH,moh.gov.vn,DQ-EVID-05,15,https://vimda.moh.gov.vn/documents/10182/75261203/upload_00012347_1761669909508.pdf?version=1.0&fileId=75315989,Medical Device Manufacturer,Cơ quan cấp: Đại sứ quán Việt Nam tại VQ Anh va CH Ai-len by. 8. Số ... a quality management system for medical devices. Proof has been ...,DISCOVERED_UNSCREENED
MOH,moh.gov.vn,DQ-EVID-05,16,https://imda.moh.gov.vn/documents/10182/59332926/upload_00033521_1728454612708.pdf?version=1.0&fileId=59348525,"HALO AP 2.2 User Guide, Rev 1.0","15 Audit ... Execute quantitative IHC,. ISH, and IF assays via an integration with. HALO analysis modules, HALO AI analysis modules, or with AI analysis from ...",DISCOVERED_UNSCREENED
MOH,moh.gov.vn,DQ-EVID-05,17,https://vimda.moh.gov.vn/documents/10182/46860781/upload_00019875_1695194547176.pdf?version=1.0&fileId=46887487,"BE IT KNOWN that I Laura Anne Pawley, Mezzanine Floor, ...",Cơ quan cấp: Đại sứ quán Việt Nam tại VQ Anh và CH Ai-len by. 8. Số: 4163. Nº ... and operates a Quality Management System which complies with the requirements of ...,DISCOVERED_UNSCREENED
MOH,moh.gov.vn,DQ-EVID-05,18,https://vimda.moh.gov.vn/documents/10182/31153222/upload_00018427_1654143934858.pdf?version=1.0&fileId=31168136,LoA Xailin Range,Cơ quan cấp: Đại Gi quân Việt Nam tại VQ Ảnh và CH Ai-len by. 8. só ... Final Audit Report. Created: By: Status: Transaction ID: 2021-08 ...,DISCOVERED_UNSCREENED
MOH,moh.gov.vn,DQ-EVID-05,19,https://vimda.moh.gov.vn/documents/10182/1839553/upload_00043189_1502078796675.pdf?version=1.0,papel exclusivo para documentos notariales,"conformity to the standard EN-ISO 13485 ""Health Products, Quality Management Systems for ... Đại sứ quán Việt Nam tại Tây Ban Nha....... by. 8. S&40/CNLS ...",DISCOVERED_UNSCREENED
MOH,moh.gov.vn,DQ-EVID-05,20,https://imda.moh.gov.vn/documents/10182/80536915/upload_00001592_1773127960653.pdf?version=1.0&fileId=80561844,"[별지 제41호서식] - Twintree Tower (B) #101,6 Yulgok-r",Kính gửi: Bộ Y Tế Việt Nam - Cục Hạ Tầng và Thiết Bị Y Tế. To: Viet Nam Ministry Of Health - Infrastructure and Medical Device Administration.,DISCOVERED_UNSCREENED
MOH,moh.gov.vn,DQ-EVID-05,21,https://imda.moh.gov.vn/documents/10182/54184786/upload_00046315_1715946976311.pdf?version=1.0&fileId=54214603,Dental Diode Laser and Sterile Tip,Medical devices – Quality management systems. ISO 14971:2007-10. Medical devices - Application of risk management to medical devices. ISO 15223 ...,DISCOVERED_UNSCREENED
MOH,moh.gov.vn,DQ-EVID-05,22,https://imda.moh.gov.vn/documents/10182/83726644/upload_00013007_1779986820035.pdf?version=1.0&fileId=83791622,medicel,"Head of Quality Management and Regulatory Affairs. Ai([fl. /1/. H medicel swiss ... Viet Nam. Gi.iy ta, tai li~u nay. This public document. 2. do Ong (Ba): ...",DISCOVERED_UNSCREENED
MOH,moh.gov.vn,DQ-EVID-05,23,https://vimda.moh.gov.vn/documents/10182/497960/upload_00029035_1496996154458.pdf?version=1.0,Đại sứ quán nóc CHXHCN Việt Nam tại Hoa Kỳ Embassy ...,Đại sứ quán nóc CHXHCN Việt Nam tại Hoa Kỳ ... and operates a Quality Management System which complies with the requirements of ISO 13485:2003 for ...,DISCOVERED_UNSCREENED
MOH,moh.gov.vn,DQ-EVID-05,24,https://imda.moh.gov.vn/documents/10182/67032066/upload_00007229_1744878415059.pdf?version=1.0&fileId=67071246,Welch Allyn® ELI® 150c/ ELI® 250c 12-Lead Resting ...,Select F4 (USB) to access the Software Upload/Download Screen where the audit trails are managed. ... Viet Nam. 30. Sierra Leone. 34. Virgin ...,DISCOVERED_UNSCREENED
MOH,moh.gov.vn,DQ-EVID-05,25,https://vimda.moh.gov.vn/documents/10182/79946442/upload_00002799_1770874069027.pdf?version=1.0&fileId=79965400,"Tsao,Yu-Fen V"",",This certificate is hereby issued pursuant to Article 9 ofthe Regulations Goveming the Inspection ofthe Medical. Device Quality Management System and the ...,DISCOVERED_UNSCREENED
MOH,moh.gov.vn,DQ-EVID-05,26,https://vimda.moh.gov.vn/documents/10182/9799433/upload_00215277_1557386871348.pdf?version=1.0&fileId=9802886,federal agency for medicines and health products (famhp),ĐẠI SỨ QUÁN NƯỚC CHXHCN VIỆT NAM TẠI BỈ. EMBASSY OF THE S.R OF ... and operates a Quality Management System which complies with the ...,DISCOVERED_UNSCREENED
MOH,moh.gov.vn,DQ-EVID-05,27,https://imda.moh.gov.vn/documents/10182/81453344/upload_00008005_1775033121505.pdf?version=1.0&fileId=81485639,ds%\ .%F#,"Thanh Xu&r, TP' HA NOi, viet Nam'. Di0n thoai: A2462691163. Sin xu6t c6c ... The lst suryeitlance audit will be conducted befoie the l9-Ivlay 2026. The.",DISCOVERED_UNSCREENED
MOH,moh.gov.vn,DQ-EVID-05,28,https://vimda.moh.gov.vn/documents/10182/8426196/upload_00126042_1537160623892.pdf?version=1.0&fileId=8430903,Automatically generated PDF from existing images.,has been approved by Lloyd's Register Quality Assurance to the following Quality Management System Standards: ... Cơ quan cho ĐSQ Việt Nam tại Anh.,DISCOVERED_UNSCREENED
MOH,moh.gov.vn,DQ-EVID-05,29,https://imda.moh.gov.vn/documents/10182/85323522/upload_00006496_1782962999873.pdf?version=1.0&fileId=85335444,giesse diagnostics srl - Trang thiết bị y tế,"QUALITY MANAGEMENT SYSTEM. 60 2150 13485. GIẤY ỦY QUYỀN. VIETNAM. SH ... lưu hành tại thị trường Việt Nam các thiết bị y tế sau: We, GIESSE ...",DISCOVERED_UNSCREENED
MOH,moh.gov.vn,DQ-EVID-05,30,https://imda.moh.gov.vn/documents/10182/64159384/upload_00001929_1738813329226.pdf?version=1.0&fileId=64166317,DMS-65596 B-1 Approved,"Over the review period, Internal audits (Internal Quality Audit Plan 2022) on the QMS was done as per the approved internal audit plan. All ...",DISCOVERED_UNSCREENED
MOH,moh.gov.vn,DQ-EVID-05,31,https://imda.moh.gov.vn/documents/10182/60544345/PTN_HOSO_195134_1731057804697.pdf?version=1.0&fileId=60572804,KM_C368 No.2825 VIET SING-20241106111444,"... Việt Nam được lưu hành tại thị trường Việt Nam các trang thiết bị y tế sau ... Through an audit, documented in a report, performed by DQS Medizinprodukte GmbH,.",DISCOVERED_UNSCREENED
MOH,moh.gov.vn,DQ-EVID-05,32,https://vimda.moh.gov.vn/documents/10182/13910674/upload_00574140_1581407586771.pdf?version=1.0&fileId=13917284,C E RT I F I CAT E,"ISO 9001 :2015. Quality Management System. Scope of certification: Manufacturing and supplying the Health protection food (hard capsules, soft.",DISCOVERED_UNSCREENED
MOH,moh.gov.vn,DQ-EVID-05,33,https://vimda.moh.gov.vn/documents/10182/73140363/upload_00000536_1757556174272.pdf?version=1.0&fileId=73143553,DOCUMENTO FASCICOLO TECNICO,"History, Post-market surveillance reports, Records of incidents, Recalls and customer information bulletins, User's clinical observation on ...",DISCOVERED_UNSCREENED
MOH,moh.gov.vn,DQ-EVID-05,34,https://imda.moh.gov.vn/documents/10182/82613027/upload_00007568_1777878772849.pdf?version=1.0&fileId=82640696,""";,hd;i","H-ai s6n phAm n6utr6n do C6ngIy Herb-Pharma Corporation s.r.o. (dia chi ... Quality Management,system no. M-0s49123 according EN lso 13485:2016 (valid.",DISCOVERED_UNSCREENED
MOH,moh.gov.vn,DQ-EVID-05,35,https://vimda.moh.gov.vn/documents/10182/78815932/upload_00010038_1768468056161.pdf?version=1.0&fileId=78857617,FGXR-ES/ECS,Digitally signed by CÔNG TY. TNHH FUJIFILM. VIỆT NAM. Date: 2026.01.15. 16:02:05. +07'00'. Page 2 ... Medical devices - Quality management systems - ...,DISCOVERED_UNSCREENED
MOH,moh.gov.vn,DQ-EVID-05,36,https://imda.moh.gov.vn/documents/10182/64786293/upload_00002449_1740458309267.pdf?version=1.0&fileId=64803166,Trang thiết bị y tế - Bộ Y tế,Certificati UE di Sistema di Gestione della Qualità / EU Quality Management System Certificates ... ĐẠI SỨ QUÁN VIỆT NAM TẠI ITALIA. Hy. 8. SA.... Embassy of ...,DISCOVERED_UNSCREENED
MOH,moh.gov.vn,DQ-EVID-05,37,https://imda.moh.gov.vn/documents/10182/26204247/upload_00018702_1643171534998.pdf?version=1.0&fileId=26217932,LOA 2021.pdf - Trang thiết bị y tế,"Công ty TNHH DKSH Việt Nam/DKSH Vietnam Co. Ltd. Mã số công ty/Company Registration number: 3700303206. 23 Đại Lộ Độc Lập, Khu công nghiệp ...",DISCOVERED_UNSCREENED
MOH,moh.gov.vn,DQ-EVID-05,38,https://imda.moh.gov.vn/documents/10182/50479792/upload_00065221_1703677019065.pdf?version=1.0&fileId=50549222,agricoltura di modena - Trang thiết bị y tế,Cơ quan cấp: ĐẠI SỨ QUÁN VIỆT NAM TẠI ITALIA. By. 8. N°. $8.9.9.7./.4. 7 ... EU Quality management System Certificate (MDR) N° 095/MDR. Notified Body: IMQ ...,DISCOVERED_UNSCREENED
MOH,moh.gov.vn,DQ-EVID-05,39,https://imda.moh.gov.vn/documents/10182/72775773/upload_00004085_1756961568334.pdf?version=1.0&fileId=72786715,Trang thiết bị y tế - Bộ Y tế,Certificato UE di Sistema di Gestione della Qualità/EU Quality Management System Certificate (MDR) ... Cơ quan cấp: ĐẠI SỨ QUÁN VIỆT NAM TẠI ITALIA. By.,DISCOVERED_UNSCREENED
MOH,moh.gov.vn,DQ-EVID-05,40,https://imda.moh.gov.vn/documents/10182/67919914/upload_00007312_1747625601380.pdf?version=1.0&fileId=67946038,Bộ Y tế DGDMF,Certificato UE di Sistema di gestione della Qualità/UE Quality management System Certificate ... Cơ quan cấp: ĐẠI SỨ QUÁN VIỆT NAM TẠI ITALIA. By. 8. Số.. N ...,DISCOVERED_UNSCREENED
MOH,moh.gov.vn,DQ-EVID-05,41,https://imda.moh.gov.vn/documents/10182/60586713/PTN_HOSO_349013_1731118506689.pdf?version=1.0&fileId=60586756,KM_C368 No.2825 VIET SING-20241106111642,"... Việt Nam được lưu hành tại thị trường Việt Nam các trang thiết bị y tế sau ... Through an audit, documented in a report, performed by DQS Medizinprodukte GmbH,.",DISCOVERED_UNSCREENED
MOH,moh.gov.vn,DQ-EVID-05,42,https://vimda.moh.gov.vn/documents/10182/8580291/upload_00026504_1539055328006.pdf?version=1.0&fileId=8582393,IQNet,The validity of the certificate is submitted to annual audit and a reassessment of the endre Management System within three years ... Viet Nam. Tel: +84.4.,DISCOVERED_UNSCREENED
MOH,moh.gov.vn,DQ-EVID-05,43,https://vimda.moh.gov.vn/documents/10182/30350992/upload_00062192_1652436087852.pdf?version=1.0&fileId=30399484,TÜV - SUD,"above has established and is maintaining a quality management system, which meets the ... Viet Nam to register for circulation the following ...",DISCOVERED_UNSCREENED
MOH,moh.gov.vn,DQ-EVID-05,44,https://imda.moh.gov.vn/documents/10182/85788754/upload_00000415_1783993705167.pdf?version=1.0&fileId=85791583,Bộ Y tế DGDMF,"EU Quality Management System Certificate (MDR) No 093/MDR, 1614/MDD ... Cơ quan cấp: ĐẠI SỨ QUÁN VIỆT NAM TẠI ITALIA. By. Embassy of Vietnam in Italy. 8. Só ...",DISCOVERED_UNSCREENED
MOH,moh.gov.vn,DQ-EVID-05,45,https://vimda.moh.gov.vn/documents/10182/74908995/upload_00005318_1760945524408.pdf?version=1.0&fileId=74933939,DIRECTIVE 93/42/EEC,Certification / Recertification Audit date: 30 January 2020. Certification / Recertification cycle start date: 26 February 2020. Subject to ...,DISCOVERED_UNSCREENED
MOH,moh.gov.vn,DQ-EVID-05,46,https://imda.moh.gov.vn/documents/10182/70262322/upload_00003619_1751597891448.pdf?version=1.0&fileId=70269870,Ministero dell - Trang thiết bị y tế,Certificato UE di Sistema di gestione della Qualità/UE Quality management System Certificate ... Cơ quan cấp: ĐẠI SỨ QUÁN VIỆT NAM TẠI ITALIA. By. Số:. 8. Só ...,DISCOVERED_UNSCREENED
MOH,moh.gov.vn,DQ-EVID-05,47,https://imda.moh.gov.vn/documents/10182/50479792/upload_00065140_1703676970392.pdf?version=1.0&fileId=50549126,LASERING Medical Laser - Trang thiết bị y tế,"được lưu hành tại thị trường Việt Nam các trang thiết bị y tế sau: We, LASERING S.r.l., Via Staffette Partigiane 54, 41122 Modena, Italy, as ...",DISCOVERED_UNSCREENED
MOH,moh.gov.vn,DQ-EVID-05,48,https://vimda.moh.gov.vn/documents/10182/54492003/upload_00035015_1716967281619.pdf?version=1.0&fileId=54508920,FACE CACE - Trang thiết bị y tế,Certificato UE di Sistema di Gestione della Qualità/EU Quality Management System Certificate (MDR) ... Cơ quan cấp: ĐẠI SỨ QUÁN VIỆT NAM TẠI ITALIA. Embassy ...,DISCOVERED_UNSCREENED
MOH,moh.gov.vn,DQ-EVID-05,49,https://imda.moh.gov.vn/documents/10182/59891519/upload_00096212_1729751071342.pdf?version=1.0&fileId=59915117,TTP,"Địa chỉ: Thôn Bá Thôn, Xã Hồng Việt, Huyện Đông Hưng, Tỉnh Thái Bình, Việt Nam. ... This registration is subject to the company maintaining a ...",DISCOVERED_UNSCREENED
MOH,moh.gov.vn,DQ-EVID-05,50,https://imda.moh.gov.vn/documents/10182/78492303/upload_00001640_1767753658310.pdf?version=1.0&fileId=78497427,Bộ Y tế DGDMF,EU Quality management System Certificate nº 0013-23 – Notified Body Istituto Superiore di ... Cơ quan cấp: ĐẠI SỨ QUÁN VIỆT NAM TẠI ITALIA. By. 8. Só 8.6.512.,DISCOVERED_UNSCREENED
MOH-ASTT,asttmoh.vn,DQ-IMPL-01,1,https://asttmoh.vn/khai-giang-chinh-thuc-du-an-co-hoi-ai-danh-cho-nhan-vien-y-te-va-lop-tap-huan-ung-dung-tri-tue-nhan-tao-danh-cho-nhan-vien-y-te-tai-ha-noi/,KHAI GIẢNG CHÍNH THỨC DỰ ÁN “CƠ HỘI AI DÀNH ...,Thiết kế câu lệnh hiệu quả để khai thác AI;. ○ Ứng dụng AI có trách nhiệm và đạo đức;. ○ Nắm bắt xu hướng phát triển của AI trong y tế. Hình ...,DISCOVERED_UNSCREENED
MOH-ASTT,asttmoh.vn,DQ-IMPL-02,1,https://asttmoh.vn/khai-giang-chinh-thuc-du-an-co-hoi-ai-danh-cho-nhan-vien-y-te-va-lop-tap-huan-ung-dung-tri-tue-nhan-tao-danh-cho-nhan-vien-y-te-tai-ha-noi/,KHAI GIẢNG CHÍNH THỨC DỰ ÁN “CƠ HỘI AI DÀNH ...,"... Bộ Y tế, đại diện các trường đại học y dược trực thuộc Bộ, cùng hơn hơn 300 học viên là cán bộ y tế tại các bệnh viện ... AI có trách nhiệm ...",DISCOVERED_UNSCREENED
MOH-ASTT,asttmoh.vn,DQ-TOOL-02,1,http://asttmoh.vn/wp-content/uploads/2026/05/A.-PH-L-C-t-h%C3%A0ng-B-Y-t-_L%C3%A2m-s%C3%A0ng_chung_05.5.signed.pdf,PHỤ LỤC: DANH MỤC NHIỆM VỤ ...,"trí tuệ nhân tạo (AI), tập trung vào ba khâu chính gồm chẩn đoán, chỉ định cận lâm sàng và điều trị. 2. Thu thập, xây dựng và chuẩn hóa bộ ...",DISCOVERED_UNSCREENED
MOH-ASTT,asttmoh.vn,DQ-TOOL-02,2,http://asttmoh.vn/wp-content/uploads/2020/04/1.2-T%C3%A0i-li%E1%BB%87u-B%C3%A1c-s%C4%A9-1.pdf,tài liệu đào tạo liên tục chăm sóc sức khỏe ban đầu ...,"... đánh giá tác động của gia đình như: cây phả hệ, sơ đồ gia đình, chỉ ... ai là người trực tiếp chăm sóc trẻ để thu thập thông tin một ...",DISCOVERED_UNSCREENED
MOH-ASTT,asttmoh.vn,DQ-TOOL-02,3,http://asttmoh.vn/wp-content/uploads/2015/06/d2.-TAI-LIEU-QUAN-LY-DIEU-DUONG.pdf,BỘ Y TẾ CỤC QUẢN LÝ KHÁM CHỮA BỆNH,"Nếu ai đó có nỗ lực trong công việc, trong học tập thì bạn hãy khen ngợi họ ... Đánh giá tác động: là đánh giá về tính duy trì của chương trình dự án ...",DISCOVERED_UNSCREENED
MOH-ASTT,asttmoh.vn,DQ-TOOL-02,4,http://asttmoh.vn/wp-content/uploads/2015/06/b2.-TAI-LIEU-QLCL.pdf,tài liệu đào tạo liên tục quản lý chất lượng bệnh viện,"- Xây dựng kế hoạch và đánh giá tuân thủ hướng dẫn và quy trình chuyên môn ... định rõ ai là người có vai trò, trách nhiệm trong công tác cải tiến chất.",DISCOVERED_UNSCREENED
MOH-ASTT,asttmoh.vn,DQ-TOOL-02,5,http://asttmoh.vn/wp-content/uploads/2015/06/f2.-TAI-LIEU-CHAM-SOC-NGUOI-BENH-TOAN-DIEN.pdf,BỘ Y TẾ CỤC QUẢN LÝ KHÁM CHỮA BỆNH CHĂM SÓC ...,"... ai làm, ai kiểm tra, ai chịu trách nhiệm chính, ai phối hợp (where, when ... Phối hợp với Tổng hội Y học Việt Nam tiến hành đánh giá tác động thực hiện Chuẩn đạo ...",DISCOVERED_UNSCREENED
MOH-ASTT,asttmoh.vn,DQ-IMPL-04,1,http://asttmoh.vn/wp-content/uploads/2015/06/a2.-TAI-LIEU-ATNB.pdf,tài liệu đào tạo liên tục an toàn người bệnh,"trọng của cơ sở y tế để baỏ vệ người bệnh khỏi những hậu quả xấu và bảo đảm điều trị được liên tục. Ví dụ, một bác sĩ cấp cứu cần liên lạc các chuyên gia như.",DISCOVERED_UNSCREENED
MOH-ASTT,asttmoh.vn,DQ-IMPL-04,2,http://asttmoh.vn/wp-content/uploads/2015/06/e2.-TAI-LIEU-KIEM-SOAT-NHIEM-KHUAN.pdf,tài liệu đào tạo phòng và kiểm soát nhiễm khuẩn,"LỜI NÓI ĐẦU. Nhiễm khuẩn bệnh viện (NKBV) là hậu quả không mong muốn trong thực hành khám bệnh, chữa bệnh và chăm sóc người bệnh. NKBV làm tăng tỷ lệ mắc.",DISCOVERED_UNSCREENED
MOH-ASTT,asttmoh.vn,DQ-IMPL-04,3,http://asttmoh.vn/wp-content/uploads/2015/06/e1.-CHUONG-TRINH-KIEM-SOAT-NHIEM-KHUAN.pdf,chương trình đào tạo phòng và kiểm soát nhiễm khuẩn,"- Hậu quả của nhiễm khuẩn bệnh viện. - Mục tiêu và giải pháp tăng cường ... đ) Bộ Y tế và các Sở Y tế tiến hành kiểm tra, giám sát thường xuyên định kỳ ...",DISCOVERED_UNSCREENED
MOH-ASTT,asttmoh.vn,DQ-IMPL-04,4,http://asttmoh.vn/wp-content/uploads/2015/06/a1.-CHUONG-TRINH-ATNB.pdf,chương trình đào tạo liên tục an toàn người bệnh,"- Hậu quả của nhiễm khuẩn bệnh viện. - Các văn bản quy phạm pháp luật ... a) Bệnh viện đánh giá hiệu quả việc áp dụng các bộ tiêu chí, tiêu chuẩn, chỉ ...",DISCOVERED_UNSCREENED
MOH-ASTT,asttmoh.vn,DQ-IMPL-04,5,http://asttmoh.vn/doi-moi-phong-cach-can-bo-y-te-huong-toi-su-hai-long-cua-nguoi-dan/,Đổi mới phong cách cán bộ y tế hướng tới sự hài lòng của ...,"Ngoài ra, Nghị định 15 của Chính phủ thay thế Nghị định 38 về An toàn vệ sinh thực phẩm, chuyển đổi toàn bộ thủ tục hành chính sang hậu kiểm và ...",DISCOVERED_UNSCREENED
MOH-ASTT,asttmoh.vn,DQ-IMPL-04,6,http://asttmoh.vn/wp-content/uploads/2015/06/c2.-TAI-LIEU-CAP-CUU.pdf,BỘ Y TẾ CỤC QUẢN LÝ KHÁM CHỮA BỆNH,"Nguy cơ bị quá tải, hậu quả là dễ có bệnh nhân bị bỏ sót (ra viện mà chưa ... sở y tế đang điều trị. - Cần có kỹ thuật can thiệp chuyên khoa cao hơn so ...",DISCOVERED_UNSCREENED
MOH-ASTT,asttmoh.vn,DQ-IMPL-04,7,http://asttmoh.vn/wp-content/uploads/2015/06/h2.-TAI-LIEU-QUAN-LY-DAO-TAO-BENH-VIEN-LIEN-TUC.pdf,BỘ Y TẾ CỤC QUẢN LÝ KHÁM CHỮA BỆNH TÀI LIỆU ...,"Các sở y tế đồng bằng sông Hồng, thành phố Hồ Chí Minh và. Sở y tế của 8 tỉnh duyên hải Nam Trung bộ là những tỉnh đã sớm hoàn thiện việc tổ chức hệ thống này.",DISCOVERED_UNSCREENED
MOH-ASTT,asttmoh.vn,DQ-IMPL-04,8,http://asttmoh.vn/wp-content/uploads/2015/06/f2.-TAI-LIEU-CHAM-SOC-NGUOI-BENH-TOAN-DIEN.pdf,BỘ Y TẾ CỤC QUẢN LÝ KHÁM CHỮA BỆNH CHĂM SÓC ...,"mức biên chế sự nghiệp trong các cơ sở y tế Nhà nước để bảo đảm chăm sóc người bệnh liên tục. 3.2.2. Bệnh viện xây dựng cơ cấu trình độ của điều dưỡng viên, hộ ...",DISCOVERED_UNSCREENED
MOH-ASTT,asttmoh.vn,DQ-IMPL-04,9,http://asttmoh.vn/wp-content/uploads/2015/06/b2.-TAI-LIEU-QLCL.pdf,tài liệu đào tạo liên tục quản lý chất lượng bệnh viện,"Cơ hội sử dụng Lean để giảm chi phí là rất lớn, mang lại lợi ích cho người bệnh, nhân viên y tế, bệnh viện, cơ sở y tế và cộng đồng. So sánh các phương pháp cải ...",DISCOVERED_UNSCREENED
MOH-ASTT,asttmoh.vn,DQ-IMPL-04,10,http://asttmoh.vn/wp-content/uploads/2014/09/Bang-kiem-LS-DH.pdf,BẢNG KIỂM DẠY/HỌC - KỸ NĂNG LÂM SÀNG,"E.16 - BẢNG KIỂM LẤY BỆNH PHẨM LÀM TẾ ... Hỏi những thông tin liên quan đến thủ tục hành chính của KH đến khám hoặc đang được chăm sóc, điều trị tại cơ sở y tế.",DISCOVERED_UNSCREENED
MOH-ASTT,asttmoh.vn,DQ-IMPL-04,11,http://asttmoh.vn/wp-content/uploads/2026/05/A.-PH-L-C-t-h%C3%A0ng-B-Y-t-_L%C3%A2m-s%C3%A0ng_chung_05.5.signed.pdf,PHỤ LỤC: DANH MỤC NHIỆM VỤ ...,"trí tuệ nhân tạo (AI), tập trung vào ba khâu chính gồm chẩn đoán ... dành cho các cơ sở y tế tại Việt. Nam. - Báo cáo đặc điểm dịch tễ ...",DISCOVERED_UNSCREENED
MOH-ASTT,asttmoh.vn,DQ-IMPL-04,12,http://asttmoh.vn/wp-content/uploads/2015/06/d2.-TAI-LIEU-QUAN-LY-DIEU-DUONG.pdf,BỘ Y TẾ CỤC QUẢN LÝ KHÁM CHỮA BỆNH,"khoa không mong muốn đã để lại hậu quả cho 2,4% người bệnh nhập viện, ... đ) Bộ Y tế và các Sở Y tế tiến hành kiểm tra, giám sát thường xuyên định kỳ ...",DISCOVERED_UNSCREENED
MOH-ASTT,asttmoh.vn,DQ-IMPL-04,13,http://asttmoh.vn/wp-content/uploads/2020/04/1.2-T%C3%A0i-li%E1%BB%87u-B%C3%A1c-s%C4%A9-1.pdf,tài liệu đào tạo liên tục chăm sóc sức khỏe ban đầu ...,"Đó là hệ thống các tổ chức, thiết chế y tế trên địa bàn huyện, có sự kết nối hữu cơ giữa các cơ sở y tế ... kiểm soát; sự phân mảnh của ...",DISCOVERED_UNSCREENED
MOH-ASTT,asttmoh.vn,DQ-IMPL-04,14,http://asttmoh.vn/wp-content/uploads/2014/09/Thuc-hanh-LS-SPK.pdf,THỰC HÀNH LÂM SÀNG - SẢN PHỤ KHOA,"Kiểm tra kích thước của tiểu khung xem có sờ thấy mỏm nhô hay không? Nếu sờ thấy phải đo đường kính nhô - hậu vệ, kiểm tra mặt trong xương cùng. Sự di động ...",DISCOVERED_UNSCREENED
MOH-ASTT,asttmoh.vn,DQ-IMPL-04,15,http://asttmoh.vn/wp-content/uploads/2019/08/Q2_Ch%C6%B0%C6%A1ng-tr%C3%ACnh-v%C3%A0-t%C3%A0i-li%E1%BB%87u-%C4%91%C3%A0o-t%E1%BA%A1o-NHD.pdf,chương trình và tài liệu,Là chương trình nhằm đào tạo các điều dưỡng viên tại các cơ sở y tế để đảm nhiệm việc hướng dẫn thực hành lâm sàng cho điều dưỡng viên. Chương trình hỗ trợ.,DISCOVERED_UNSCREENED
MOH-ASTT,asttmoh.vn,DQ-IMPL-04,16,http://asttmoh.vn/wp-content/uploads/2020/03/100-cau-hoi-dap-ve-dich-Covid-19-Cuc-QY-Final.pdf,100 CÂU HỎI ĐÁP VỀ DỊCH BỆNH COVID-19,"Trên thực tế, cần theo dõi dài ngày hậu quả thai sản của những trường hợp bệnh nhân là phụ nữ mang thai nhiễm Covid-19 ở các giao đoạn sớm của thai kỳ. HỎI ĐÁP ...",DISCOVERED_UNSCREENED
MOH-ASTT,asttmoh.vn,DQ-IMPL-04,17,http://asttmoh.vn/wp-content/uploads/2020/04/2.2-T%C3%A0i-li%E1%BB%87u-Y-s%E1%BB%B9-1.pdf,tài liệu đào tạo liên tục chăm sóc sức khỏe ban đầu theo ...,"Số liệu từ Niên giám thống kê của Bộ y tế cho thấy sự thay đổi rõ rệt về mô hình bệnh tật trong số người bệnh đến khám chữa bệnh tại cơ sở y tế. Theo đó, tỷ ...",DISCOVERED_UNSCREENED
MOH-ASTT,asttmoh.vn,DQ-IMPL-04,18,http://asttmoh.vn/wp-content/uploads/2020/06/TT10_Phu-luc-GCP.pdf,BỘ Y TẾ,6.6 Cơ sở y tế/phòng xét nghiệm/các quy trình kỹ thuật/các test. - Giấy chứng nhận. - Kiểm soát chất lượng đã được thiết lập và/hoặc đánh giá ...,DISCOVERED_UNSCREENED
MOH-ASTT,asttmoh.vn,DQ-IMPL-04,19,http://asttmoh.vn/wp-content/uploads/2016/08/T%C3%A0i-li%E1%BB%87u-D%E1%BA%A1y-h%E1%BB%8Dc-d%E1%BB%B1a-tr%C3%AAn-n%C4%83ng-l%E1%BB%B1c-d%C3%A0nh-cho-gi%E1%BA%A3ng-vi%C3%AAn-%C4%91%C3%A0o-t%E1%BA%A1o-H%E1%BB%99-sinh.pdf,Tài-liệu-Dạy-học-dựa-trên-năng-lực-dành-cho-giảng-viên- ...,trượt là hậu quả dễ hiểu nếu họ không chịu học. Sự sợ hãi bị ... của trẻ sơ sinh và đưa trẻ đến cơ sở y tế gần nhất để kiểm tra. Tiêu ...,DISCOVERED_UNSCREENED
MOH-ASTT,asttmoh.vn,DQ-IMPL-04,20,http://asttmoh.vn/wp-content/uploads/2015/05/Tai-lieu-dao-tao-HIV.AIDS-Trung-cap-Y.pdf,TÀI LIỆU ĐÀO TẠO HIV/AIDS,- Quan hệ tình dục không an toàn: Giao hợp đường âm đạo hoặc hậu môn mà không dùng bao cao su hoặc sử dụng bao cao su không đúng cách. Giao hợp ...,DISCOVERED_UNSCREENED
MOH-ASTT,asttmoh.vn,DQ-IMPL-04,21,http://asttmoh.vn/wp-content/uploads/2014/09/codothonban.pdf,TÀI LIỆU ĐÀO TẠO CÔ ĐỠ THÔN BẢN,"Giới thiệu những biện pháp tránh thai đang thông dụng và hiện có tại cơ sở y tế. Cung cấp các thông tin về ưu điểm lẫn nhược điểm, các tác dụng phụ và biến.",DISCOVERED_UNSCREENED
MOH-ASTT,asttmoh.vn,DQ-IMPL-04,22,http://asttmoh.vn/wp-content/uploads/2014/09/Tu-van-long-ghep_Tai-lieu-hoc-vien.pdf,Tư vấn lồng ghép về sức khoẻ tình dục và sức khỏe sinh sản,"Xác định được các hậu quả liên quan đến sức khoẻ, kinh tế và xã hội của vấn ... giám đốc của cơ sở y tế cũng cần sẵn sàng giúp các phóng viên kiểm tra bất kỳ.",DISCOVERED_UNSCREENED
MOH-ASTT,asttmoh.vn,DQ-IMPL-04,23,http://asttmoh.vn/wp-content/uploads/2020/04/4.2-T%C3%A0i-li%E1%BB%87u-H%E1%BB%99-sinh-1.pdf,tài liệu đào tạo liên tục chăm sóc sức khỏe ban đầu ...,- Tuyến y tế địa phương: Sở y tế và các đơn vị trực thuộc Sở y tế. - Tuyến y ... - Đánh giá hiệu quả của làm việc theo ê-kíp y tế. - Phối hợp giữa ê-kíp ...,DISCOVERED_UNSCREENED
MOH-ASTT,asttmoh.vn,DQ-IMPL-04,24,http://asttmoh.vn/wp-content/uploads/2020/04/3.2-T%C3%A0i-li%E1%BB%87u-%C4%90i%E1%BB%81u-d%C6%B0%E1%BB%A1ng-1.pdf,tài liệu đào tạo liên tục chăm sóc sức khỏe ban đầu theo ...,"- Tuyến y tế cơ sở: y tế cơ sở gồm y tế quận, huyện, thị xã, thành phố thuộc ... - Đánh giá hiệu quả của làm việc theo ê-kíp y tế. - Phối hợp giữa ê-kíp ...",DISCOVERED_UNSCREENED
MOH-ASTT,asttmoh.vn,DQ-IMPL-04,25,https://asttmoh.vn/wp-content/uploads/2021/04/QD-ban-hanh-Huong-dan.signed-1.pdf,Ban hành Hướng dẫn nghiên cứu ứng dụng tế bào ...,"Căn cứ Nghị định số 75/2017/NĐ-CP ngày 20 tháng 6 năm 2017 của Chính phủ quy định chức năng, nhiệm vụ, quyền hạn và cơ cấu tổ chức của Bộ Y tế;. Căn cứ Thông tư ...",DISCOVERED_UNSCREENED
MOH-ASTT,asttmoh.vn,DQ-IMPL-04,26,http://asttmoh.vn/wp-content/uploads/2016/11/Bo-Nguyen-Tac-Va-Tieu-Chuan-Thu-Thuoc-Tren-Lam-Sang-_Draft-4.pdf,bộ nguyên tắc và tiêu chuẩn thử thuốc trên lâm sàng,"## BỘ NGUYÊN TẮC VÀ TIÊU CHUẨN THỬ THUỐC TRÊN LÂM SÀNG
_(Ban hành kèm theo Thông tư số: /2016/TT-BYT ngày tháng năm_ _của Bộ trưởng Bộ Y tế)_

## 3. Thử thuốc trên lâm sàng tại nhiều cơ sở khác nhau
**PHẦN IV.** **XỬ LÝ CÁC TRƯỜNG HỢP TAI BIẾN VÀ BÁO CÁO BIẾN CỐ BẤT** **LỢI**

**1.** **Xử lý các trường hợp tai biến trong thời gian thử thuốc trên lâm sàng** Xử lý các bất thường trong quá trình nghiên cứu được thực hiện như sau:

## 2. Báo cáo biến cố bất lợi (AE)
|  |  | sàng. |  |  |  |
|-|-|-|-|-|-|
| 1.9 | Phiêu cháp thuần của Hội đồngDao được | Chúng minh sự phê duyệt cháp thuần của Hội đồngDao được trong nghiên cứu/BYT. |  |  | Phụ luc7 |
| 1.10 | Ngày tài liệu du戎 cháp thuần/ý kiên tân thanh cua Hội đồng thăm định cua co so nghiên cúu/Hội đồngDao được láp cho các nội dung sau: |  |  |  |  |
| • Dế curong và bát ky thay doi nào |  |  |  |  |  |
| • Báo cao ca bẽnh |  |  |  |  |  |
| • Don (các don) tinhnguyễn tham gia thư thuóc |  |  |  |  |  |
| • Bât cử thông tin khắc duối dạng văn bản du戎 cung cáp cho doi tuông (các doi tuông) tham gia thư thuóc |  |  |  |  |  |
| • Thông báo tuyến chơn doi tuông tham gia (neu du戎 sù dung) |  |  |  |  |  |
| • Bôi thrường cho doi tuông |  |  |  |  |  |
| • Bật cuate tài liêu nào khác thể hiện sự cháp thuần/ý kiên tân thanh | Dể xác nhận việc thuuroc đã dur戎 Hội đồng thăm định cua co so nghiên cúu/Hội đồng đãDur cáp Bổ thăm định và dur ra cháp thuần/ý kiên tân thanh. Dể xác nhận số phiên bản và ngay cháp thuần cua Tai liêu (các tài liêu) | √ | √ | Biên bàn lâm viếс cua Hội đồng Dao dürc/BQ Y tế. |  |
| 1.11 | Thành phấn Hội đồng Dao được trong nghiên cứu Y sinh học cấp Bổ. | Dể chúng Minh răng Hội đồng Dao được trong nghiên cứu Y sinh học durum yêu cua cua GCP | √ | √(noi yêu cuau) | QD thành lap Hội đồng |
| 1.12 | Phệ duyệt của cơ quan có thạm quyên đối với để cuồng nghiên cứu. | Dể xác nhận sự phê duyệt của cơ quan có thàm quyên trueroc khi bậtダウ thuuroc trên lâm sang tuàn theo | √ | √ | QD phệ duyệt để cuồng cua Bổ truerong |

-Thêm định tiép túc của thư nghiêm | | | | | | --- | --- | --- | --- | --- | --- | | 2.4 | Các cấp phép/cháp thuận/thông báo cua co quan(các cơ quan) quân lý dãng ký ở noi yêu cuateo: | 2.5 | Sơ yel lỊch , chùng chi GCP do BỘ Y tê cập của nghiên cứu vienthinh môi hoạc các nghiên cứu vienthkhác du戎bố xung. | 2.7 | Cơ sở y tê/phòng xétnghiên/các quy trinh kýthupt/các test •Giấy chươngnhaoac | Dê ch�ng Minh cácKIEM travăn du戎duy tri thích hορprong suót giai doen thuringgiêm | √ | √ | |

·Các thám dich khác | | | | | | --- | --- | --- | --- | --- | --- | | 2.8 | Tài liêu vẻ việc văn chuyên các sân phạm thưng hiêm vả các nguyen liêu liên quan đến việc thưng hiêm | | √ | √ | | | 2.9 | Các chirurg nh�n vẻ kiêm nghiem cho các lô mói cua cás sân phạm thưng hiêm | | | √ | | | 2.10 | Báo cao vẻ các làn giám sát thưng hiêm | Dê chùng minh các làn giâm sát và kết quá của các làn giâm sát này | | √ | | | 2.11 | Các hình thực lien lac khác ngoài viếng giám sát tại thực dja, thông qua: ·Các ghi nhổ cuoc hφp ·Các ghi nhó những lân goi diên | Dê gli lai bát ký các thoa thuần hoạc các bàn luận quan tróng về quán lthur hiêm, các vi pham dê curong, tiên hành thưng hiêm, báo cao vẻ các tác dung không mong muón | √ | √ | | Ghi lai viếng chập tuân một cách trusc tiép. | √ | | | | | | | | 2.14 | Bênh án du戎 ký, ngây ký và hoàn thành | Dê chùng minh nghiên cúu vienthuo các thành vienth溃 | √(bàn) | √(bàn) | |

|  |  | uy quyen cua chù nhiem dê tai gih chép dê xác nhân cac quan sát du戎 | sao) | góc) |  |
|-|-|-|-|-|-|
| 2.15 | Tài liêu vẻ sq hiếu chinh benth án | Dě chirurg minh tát cà các thay doi/các bố sung hoặc các súa chuña của benth án sau khi bât dau thu tháp dû l�iuen dâ du戎 ghi lại | √(bàn sao) | √(bàn góc) |  |
| 2.16 | Thông báo bôi ngHIEN cúu viến cho nhà tái trơ vẻ các tác dụng không mong muôn ngHIEM trƒng và các báo cao liên quan | Thông báo bôi ngHIEN cúu viến cho nhà tái trơ vẻ các tác dụng không mong muôn ngHIEM trƒng và các báo cao liên quan phủ hφp. | √ | √ |  |
| 2.17 | Thông báo bôi nhà tái tr汘 vẻ chuh niHMED để tải cho các cơ quan quán lý dāng ký vẻ IRB(s)/IEC(s) của các tác dụng không mong muôn ngHIEM trƒng | Thông báo bôi nhà tái tr汘 vẻ chuh niHMED để tải doi với các cơ quan quán lý dāng ký vẻ IRB(s)/IEC(s) của các tác dụng không mong muôn ngHIEM trƒng | √ | √ |  |
| 2.18 | Thông báo bôi nhà tái tr汘Cho các ngHIEM cúu viến vẻ thông tin an toàn | Thông báo bôi nhà tái tr汘Cho các ngHIEM cúu viến vẻ thông tin an toàn | √ | √(nõi yèu cùu) |  |
| 2.19 | Các báo cao giūra ký ho赥 hang nám cho IRB/IEC vẻ cσ quan quán lý | Các báo cao tẖm thối ho赥 hang nám cho IRB/IEC vẻ cσ quan quán lý | √ | √(nõi yèu cùu) |  |
| 2.20 | Danh sách mãnh đàng doi turōng | Dế chirurg minh chù nhMIEm dê tAI/các cσ sò tiên hành ngHIEN cúu giů môt danh sách bao mât tēn của các doi turōng durQc gán vói mã sô thư ngHIEM khi tuyën chōng vào thư ngHIEM. Cho php chù ngHIem dê tAI/các cσ sò tiên hành ngHIEN cúu nhNIeng durQc bât cú doi turōng nào | √ |  |  |
| 2.21 | Nhật ký gli mã sô doi turōng tham gia | Dế chirurg minh sù tham gia theo thư tır th�ieng cua các doi turōng băng mã sô thuir | √ |  |  |

|  |  | nghiêm. |  |  |  |
|-|-|-|-|-|-|
| 2.22 | Giài trinh sân phạm nghiên cúu tái noi thư nghiêm | Để chúng minh sân phạm nghiên cúu đã được sử dụng theo dûng để cuong | √ | √ |  |
| 2.23 | Bàn các chữ ký | Để xác nhận các chữ ký và tên viêt tát của nhũng nguòi được pháp tham gia và/hoặc hiệu dính các bênh án | √ | √ |  |
| 2.24 | Hồ so các mêu mô/dích cơ thể đã được luu trữ (néu can) | Để xác nhận noi luru trữ và sựnh�n dạng của các m媚 duoc luu trữ néu các thi nghiên CAN duoc lãp lại | √ | √ |  |

|  | Tên tài liệu | Mục dich | Yêu cầu đối với |  | Mãu |
|-|-|-|-|-|-|
| Chủ nhiên độ tài/cơ sổ nghiên cúu | Nhà tài tr戎 |  |  |  |  |
| 3.1 | Giài trình sân phạm nghien cuu tái noi thư nghiem | Dê chúng minh thuóc (các ThuOC) thư lâm sàng durqc sù dung dung theo dê curong nghien cuu. Dê chúng minh thuóc (các ThuOC) thư lâm sàng dâ durqc nh�n tai noi nghien cuu, dâ durqc phàn phát cho các doi turqg, dâ durqc các doi turqg trả lai, và dâ durqc trả lai cho nhà tài tr戎 | √ | √ |  |
| 3.2 | Các tài liệu về việc hüy thuốc thuur lâm sàng | Dê xác nhận viicode huy các ThuOC thuur lâm sàng không sù dung durqc thuc hieng bôinha tài tr戎 hoạc tai noi nghien cuu | √(nếu hüy tải noi nghien cuu) | √ |  |
| 3.3 | Danh sách mã sónh�n dạng các doi turqg hoàn thành nghien cuu | Dê cho phép xác định tát các các doi turqg dâ tham gia vào trong thuur tuoc trong truerng hwp yêu cau theo dioi. Phải giuu bào mât danh sách này trong thời gian durqc thoa thuan | √ |  |  |
| 3.4 | Báo cao giám sát két thúc thuir nghiem | Dê chúng minh là tát các các hoạt dòng durqc yêu cau cho viicode kết thUC thuur nghien cua dûqc hoàn tát, và các bàn sao của các tái liêu cán thiêt dûqc luru trừ tại các file thick hwp |  | √ |  |
| 3.5 | Tài liệu về chi dính dieu trị và giài mã | Chuyến cho nhañ tài tr戎 duói dang văn bän dâ durqc giαι mã về bát cú sư kièn nào dâu xuát hiên |  | √ |  |
| 3.6 | Văn bân báo cáo và dẻ nghj dánhgiá nghiem thu cua chu nhiem dê tái | Dê xác nh quan viicode hoàn thanh cua nghien cuu thuringghiem | √ |  |  |

|  | cho Hoi dòng dao duc và co quan quan lý |  |  |  |  |
|-|-|-|-|-|-|
| 3.7 | Bao cáo tông kết nghiên cúu thư thuóc trên lâm sàng | Dê xác nhận các kет qua và phiên giái việc thư thuóc trên lâm sàng | √ | √ | Phủ luc 8 |",DISCOVERED_UNSCREENED
MOH-ASTT,asttmoh.vn,DQ-IMPL-04,27,http://asttmoh.vn/wp-content/uploads/2014/09/Nhan-hoc-y-hoc-va-cac-tinh-huong-LS.pdf,Bài giảng Nhân học y học và các tình huống lâm sàng,"Giải pháp liên quan đến hạ tầng cơ sở, kinh tế - xã hội. - Tiếp tục ưu tiên và tăng cường đầu tư để phát triển y tế cơ sở, y tế miền núi, vùng sâu, vùng xa ...",DISCOVERED_UNSCREENED
MOH-ASTT,asttmoh.vn,DQ-IMPL-04,28,http://asttmoh.vn/wp-content/uploads/2014/09/Tu-van-long-ghep_Tai-lieu-giang-vien.pdf,Tư vấn lồng ghép về sức khoẻ tình dục và sức khỏe sinh sản,các dịch vụ sẵn có tại cơ sở y tế và giúp liên kết các dịch vụ nằm ở các khoa phòng của cùng một cơ sở y tế hoặc của các cơ sở y tế khác nhau. • Mặc dù các ...,DISCOVERED_UNSCREENED
MOH-ASTT,asttmoh.vn,DQ-IMPL-04,29,http://asttmoh.vn/wp-content/uploads/2020/03/100-cau-hoi-dap-ve-dich-Covid-19-Bo-GD%C4%90T-Final.pdf,100 CÂU HỎI - ĐÁP,chắc chắn bị bệnh do Covid-19 được tiến hành tại các cơ sở y tế được Bộ Y tế cho phép thực hiện và công bố kết quả xét nghiệm. 10. Hiện nay đã có thuốc điều ...,DISCOVERED_UNSCREENED
MOH-ASTT,asttmoh.vn,DQ-IMPL-04,30,http://asttmoh.vn/wp-content/uploads/2022/12/Du-thao-Q%C4%90.docx,Du thao QĐ,Trí tuệ nhân tạo và Khoa học dữ liệu. 7480206. Địa tin học. 7480207. Phân ... Quản trị bệnh viện. 83402. Tài chính - Ngân hàng - Bảo hiểm. 8340202. Quản trị ...,DISCOVERED_UNSCREENED
MOH-ASTT,asttmoh.vn,DQ-IMPL-05,1,http://asttmoh.vn/wp-content/uploads/2015/06/h2.-TAI-LIEU-QUAN-LY-DAO-TAO-BENH-VIEN-LIEN-TUC.pdf,BỘ Y TẾ CỤC QUẢN LÝ KHÁM CHỮA BỆNH TÀI LIỆU ...,"Như vậy ở tỉnh chỉ có Sở Y tế mới có quyền in phôi chứng chỉ đào tạo liên tục. Quản lý chất lượng cơ sở đào tạo liên tục. Đây là một điểm mới so với trước đây, ...",DISCOVERED_UNSCREENED
MOH-ASTT,asttmoh.vn,DQ-IMPL-05,2,http://asttmoh.vn/wp-content/uploads/2015/06/a2.-TAI-LIEU-ATNB.pdf,tài liệu đào tạo liên tục an toàn người bệnh,"đã thực hiện hệ thống báo cáo sự cố y khoa bắt buộc và hệ thống báo cáo tự nguyện tại các cơ sở y tế. Ngoài ra, các cơ sở y tế cần được khuyến khích báo cáo ...",DISCOVERED_UNSCREENED
MOH-ASTT,asttmoh.vn,DQ-IMPL-05,3,https://asttmoh.vn/cong-bo-danh-muc-cac-bai-toan-lon-ve-khoa-hoc-cong-nghe-doi-moi-sang-tao-va-chuyen-doi-so-y-te/,"Công bố danh mục các bài toán lớn về khoa học, ...",Chăm sóc sức khỏe người cao tuổi và giải pháp thích ứng tình trạng già hóa dân số. 5. Giám sát và kiểm soát dịch bệnh truyền nhiễm. 6. Công nghệ ...,DISCOVERED_UNSCREENED
MOH-ASTT,asttmoh.vn,DQ-IMPL-05,4,http://asttmoh.vn/wp-content/uploads/2015/06/b2.-TAI-LIEU-QLCL.pdf,tài liệu đào tạo liên tục quản lý chất lượng bệnh viện,"a) Kiểm tra, giám sát các hoạt động quản lý chất lượng bệnh viện của ... Hội nghị, hội thảo về quản lý chất lượng của Sở Y tế hoặc bệnh viện phải có ...",DISCOVERED_UNSCREENED
MOH-ASTT,asttmoh.vn,DQ-IMPL-05,5,http://asttmoh.vn/wp-content/uploads/2015/06/a1.-CHUONG-TRINH-ATNB.pdf,chương trình đào tạo liên tục an toàn người bệnh,"a) Kiểm tra, giám sát các hoạt động quản lý chất lượng bệnh viện của các ... a) Hoàn thiện hệ thống tổ chức quản lý chất lượng tại các Sở Y tế, Y tế ...",DISCOVERED_UNSCREENED
MOH-ASTT,asttmoh.vn,DQ-IMPL-05,6,http://asttmoh.vn/wp-content/uploads/2015/06/e2.-TAI-LIEU-KIEM-SOAT-NHIEM-KHUAN.pdf,tài liệu đào tạo phòng và kiểm soát nhiễm khuẩn,Vệ sinh tay là nội dung cơ bản của Phòng ngừa chuẩn và là biện pháp hiệu quả nhất trong nỗ lực kiểm soát sự lây truyền tác nhân gây bệnh trong các cơ sở y tế.,DISCOVERED_UNSCREENED
MOH-ASTT,asttmoh.vn,DQ-IMPL-05,7,http://asttmoh.vn/wp-content/uploads/2015/06/f2.-TAI-LIEU-CHAM-SOC-NGUOI-BENH-TOAN-DIEN.pdf,BỘ Y TẾ CỤC QUẢN LÝ KHÁM CHỮA BỆNH CHĂM SÓC ...,"3.6.5. Bệnh viện tổ chức kiểm tra đánh giá kiến thức và tay nghề của điều dưỡng viên, hộ sinh viên ít nhất 2 năm một lần.",DISCOVERED_UNSCREENED
MOH-ASTT,asttmoh.vn,DQ-IMPL-05,8,http://asttmoh.vn/wp-content/uploads/2015/06/c2.-TAI-LIEU-CAP-CUU.pdf,BỘ Y TẾ CỤC QUẢN LÝ KHÁM CHỮA BỆNH,Kiểm soát và hỗ trợ tuần hoàn: ép tim ngoài lồng ngực. - Kiểm tra mạch cảnh (hoặc mạch bẹn) trong vòng 10 giây. Nếu không thấy mạch: tiến hành ép tim ngay ...,DISCOVERED_UNSCREENED
MOH-ASTT,asttmoh.vn,DQ-IMPL-05,9,http://asttmoh.vn/wp-content/uploads/2016/04/1-QT01.K2DT-DTLTTCapma142016.pdf,QUY TRÌNH CẤP MÃ CƠ SỞ ĐÀO TẠO LIÊN TỤC CÁN BỘ ...,Sở Y tế ... Đại diện đơn vị đề nghị cấp mã cơ sở đào tạo liên tục. Thành viên đoàn thẩm định cho ý kiến nhận xét theo từng nội dung/ kiểm tra thực ...,DISCOVERED_UNSCREENED
MOH-ASTT,asttmoh.vn,DQ-IMPL-05,10,http://asttmoh.vn/wp-content/uploads/2015/06/d2.-TAI-LIEU-QUAN-LY-DIEU-DUONG.pdf,BỘ Y TẾ CỤC QUẢN LÝ KHÁM CHỮA BỆNH,"đ) Bộ Y tế và các Sở Y tế tiến hành kiểm tra, giám sát thường xuyên định kỳ hoặc đột xuất việc tổ chức đào tạo liên tục của các cơ sở đào tạo để đảm bảo ...",DISCOVERED_UNSCREENED
MOH-ASTT,asttmoh.vn,DQ-IMPL-05,11,https://asttmoh.vn/,Cục khoa học công nghệ,"- ![](https://asttmoh.vn/wp-content/uploads/2014/10/BANNER-2014-1.jpg)
- ![](https://asttmoh.vn/wp-content/uploads/2014/10/BANNER-2014-2.jpg)
- [Previous](https://asttmoh.vn/#)
- [Next](https://asttmoh.vn/#)

## [Việt Nam-Pháp tăng cường hợp tác chiến lược trong sản xuất vaccine thế hệ mới](https://asttmoh.vn/viet-nam-phap-tang-cuong-hop-tac-chien-luoc-trong-san-xuat-vaccine-the-he-moi/)
- [Thứ trưởng Nguyễn Tri Thức: Mạnh dạn thí điểm, đưa nhanh thành tựu khoa học công nghệ vào khám chữa bệnh](https://asttmoh.vn/thu-truong-nguyen-tri-thuc-manh-dan-thi-diem-dua-nhanh-thanh-tuu-khoa-hoc-cong-nghe-vao-kham-chua-benh/)
- [Kết quả họp Hội đồng xét đặt hàng nhiệm vụ khoa học, công nghệ và đổi mới sáng tạo theo hình thức tuyển chọn do Bộ Y tế đặt hàng](https://asttmoh.vn/ket-qua-hop-hoi-dong-xet-dat-hang-nhiem-vu-khoa-hoc-cong-nghe-va-doi-moi-sang-tao-theo-hinh-thuc-tuyen-chon-do-bo-y-te-dat-hang/)
- [Kết quả họp Hội đồng xét đặt hàng nhiệm vụ khoa học, công nghệ và đổi mới sáng tạo theo hình thức tuyển chọn do Bộ Y tế đặt hàng](https://asttmoh.vn/ket-qua-hop-hoi-dong-xet-dat-hang-nhiem-vu-khoa-hoc-cong-nghe-va-doi-moi-sang-tao-theo-hinh-thuc-tuyen-chon-do-bo-y-te-dat-hang/)
- [Đổi mới sáng tạo, phát triển sản phẩm công nghệ chiến lược và chuyển đổi số thúc đẩy ngành y tế bứt phá](https://asttmoh.vn/doi-moi-sang-tao-phat-trien-san-pham-cong-nghe-chien-luoc-va-chuyen-doi-so-thuc-day-nganh-y-te-but-pha/)
- [Thông báo Kế hoạch đặt hàng để tuyển chọn nhiệm vụ khoa học, công nghệ và đổi mới sáng tạo lĩnh vực y học lâm sàng](https://asttmoh.vn/thong-bao-ke-hoach-dat-hang-de-tuyen-chon-nhiem-vu-khoa-hoc-cong-nghe-va-doi-moi-sang-tao-linh-vuc-y-hoc-lam-sang/)
- [Xây dựng Hướng dẫn về Đạo đức trong nghiên cứu y sinh học trên Động vật thực nghiệm](https://asttmoh.vn/xay-dung-huong-dan-ve-dao-duc-trong-nghien-cuu-y-sinh-hoc-tren-dong-vat-thuc-nghiem/)
- [Thứ trưởng Nguyễn Tri Thức làm việc với ngành y tế tỉnh Cà Mau](https://asttmoh.vn/thu-truong-nguyen-tri-thuc-lam-viec-voi-nganh-y-te-tinh-ca-mau/)
- [Thứ trưởng Nguyễn Tri Thức làm việc với Cục Khoa học công nghệ và Đào tạo](https://asttmoh.vn/thu-truong-nguyen-tri-thuc-lam-viec-voi-cuc-khoa-hoc-cong-nghe-va-dao-tao/)

#### [Thông báo](https://asttmoh.vn/category/thong-bao/)
[![Kết quả họp Hội đồng xét đặt hàng nhiệm vụ khoa học, công nghệ và đổi mới sáng tạo theo hình thức tuyển chọn do Bộ Y tế đặt hàng](https://asttmoh.vn/wp-content/uploads/2025/11/logo-70-nam.png)](https://asttmoh.vn/ket-qua-hop-hoi-dong-xet-dat-hang-nhiem-vu-khoa-hoc-cong-nghe-va-doi-moi-sang-tao-theo-hinh-thuc-tuyen-chon-do-bo-y-te-dat-hang/)

## [Thông báo Kế hoạch đặt hàng để tuyển chọn nhiệm vụ khoa học, công nghệ và đổi mới sáng](https://asttmoh.vn/thong-bao-ke-hoach-dat-hang-de-tuyen-chon-nhiem-vu-khoa-hoc-cong-nghe-va-doi-moi-sang/)
Triển khai thực hiện Luật Khoa học, công nghệ và Đổi mới sáng tạo và các Nghị định của Chính phủ Quy định chi tiết và hướng dẫn một số điều của Luật Khoa học, công nghệ và Đổi mới sáng tạo; Nghị định 267/2025/NĐ-CP ngày 14 ...

[![](https://asttmoh.vn/wp-content/uploads/2025/04/%C3%81TTMOH_Banner.jpg)](https://asttmoh.vn/chiase_cat/chia-se/)

#### [Đào tạo](https://asttmoh.vn/category/dao-tao/)
[![](https://asttmoh.vn/wp-content/uploads/2014/10/DAOTAO.jpg)](https://asttmoh.vn/category/dao-tao/)

## [Báo cáo công tác tuyển sinh và đào tạo nhân lực y tế năm 2025, kế hoạch tuyển sinh đào tạo năm 2026](https://asttmoh.vn/bao-cao-cong-tac-tuyen-sinh-va-dao-tao-nhan-luc-y-te-nam-2025-ke-hoach-tuyen-sinh-dao-tao-nam-2026/)
#### [Khoa học - Công nghệ](https://asttmoh.vn/category/khoa-hoc-cong-nghe-2/)
[![](https://asttmoh.vn/wp-content/uploads/2014/10/KHCN.jpg)](https://asttmoh.vn/category/khoa-hoc-cong-nghe-2/)

## [Việt Nam-Pháp tăng cường hợp tác chiến lược trong sản xuất vaccine thế hệ mới](https://asttmoh.vn/viet-nam-phap-tang-cuong-hop-tac-chien-luoc-trong-san-xuat-vaccine-the-he-moi/)
- [Thứ trưởng Nguyễn Tri Thức: Mạnh dạn thí điểm, đưa nhanh thành tựu khoa học công nghệ vào khám chữa bệnh](https://asttmoh.vn/thu-truong-nguyen-tri-thuc-manh-dan-thi-diem-dua-nhanh-thanh-tuu-khoa-hoc-cong-nghe-vao-kham-chua-benh/)
- [Kết quả họp Hội đồng xét đặt hàng nhiệm vụ khoa học, công nghệ và đổi mới sáng tạo theo hình thức tuyển chọn do Bộ Y tế đặt hàng](https://asttmoh.vn/ket-qua-hop-hoi-dong-xet-dat-hang-nhiem-vu-khoa-hoc-cong-nghe-va-doi-moi-sang-tao-theo-hinh-thuc-tuyen-chon-do-bo-y-te-dat-hang/)

#### [Thử nghiệm lâm sàng](https://asttmoh.vn/category/thu-nghiem-lam-sang/)
[![Thứ trưởng Nguyễn Tri Thức: Mạnh dạn thí điểm, đưa nhanh thành tựu khoa học công nghệ vào khám chữa bệnh](https://asttmoh.vn/wp-content/uploads/2026/06/IMG_8460.jpg)](https://asttmoh.vn/thu-truong-nguyen-tri-thuc-manh-dan-thi-diem-dua-nhanh-thanh-tuu-khoa-hoc-cong-nghe-vao-kham-chua-benh/)

## [Thứ trưởng Nguyễn Tri Thức: Mạnh dạn thí điểm, đưa nhanh thành tựu khoa học công nghệ vào khám chữa bệnh](https://asttmoh.vn/thu-truong-nguyen-tri-thuc-manh-dan-thi-diem-dua-nhanh-thanh-tuu-khoa-hoc-cong-nghe-vao-kham-chua-benh/)
Thứ trưởng Bộ Y tế Nguyễn Tri Thức cho rằng Việt Nam đang có nhiều lợi thế để tạo đột phá trong nghiên cứu, ứng dụng công nghệ cao vào y học. Điều quan trọng lúc này là mạnh dạn đổi mới cơ chế, tận dụng nguồn lực và đẩy ...

[![Ban hành Thông tư 50/2025/TT-BYT Quy định về thử thuốc trên lâm sàng](https://asttmoh.vn/wp-content/uploads/2025/04/logo_bo-nen.png)](https://asttmoh.vn/ban-hanh-thong-tu-50-2025-tt-byt-quy-dinh-ve-thu-thuoc-tren-lam-sang/)",DISCOVERED_UNSCREENED
MOH-ASTT,asttmoh.vn,DQ-IMPL-05,12,http://asttmoh.vn/wp-content/uploads/2020/06/TT10_Phu-luc-GCP.pdf,BỘ Y TẾ,"Kiểm tra của Cơ quan quản lý có thể tiến hành tại nơi thử nghiệm, cơ sở của tổ chức, cá nhân có thuốc thử lâm sàng hoặc tổ chức hỗ trợ nghiên ...",DISCOVERED_UNSCREENED
MOH-ASTT,asttmoh.vn,DQ-IMPL-05,13,http://asttmoh.vn/wp-content/uploads/2014/09/Bang-kiem-LS-DH.pdf,BẢNG KIỂM DẠY/HỌC - KỸ NĂNG LÂM SÀNG,"E.16 - BẢNG KIỂM LẤY BỆNH PHẨM LÀM TẾ ... Hỏi những thông tin liên quan đến thủ tục hành chính của KH đến khám hoặc đang được chăm sóc, điều trị tại cơ sở y tế.",DISCOVERED_UNSCREENED
MOH-ASTT,asttmoh.vn,DQ-IMPL-05,14,http://asttmoh.vn/wp-content/uploads/2020/04/2.2-T%C3%A0i-li%E1%BB%87u-Y-s%E1%BB%B9-1.pdf,tài liệu đào tạo liên tục chăm sóc sức khỏe ban đầu theo ...,"... bệnh đến khám chữa bệnh tại cơ sở y tế. Theo đó, tỷ trọng các bệnh không lây ... Quản lý chất lượng và hỗ trợ chuyên môn kỹ thuật từ tuyến trên còn yếu ...",DISCOVERED_UNSCREENED
MOH-ASTT,asttmoh.vn,DQ-IMPL-05,15,http://asttmoh.vn/wp-content/uploads/2015/06/f1.-CHUONG-TRINH-CHAM-SOC-NGUOI-BENH-TOAN-DIEN.pdf,chương trình đào tạo chăm sóc người bệnh toàn diện,"đ) Bộ Y tế và các Sở Y tế tiến hành kiểm tra, giám sát thường xuyên định kỳ hoặc đột xuất việc tổ chức đào tạo liên tục của các cơ sở đào tạo để đảm bảo ...",DISCOVERED_UNSCREENED
MOH-ASTT,asttmoh.vn,DQ-IMPL-05,16,http://asttmoh.vn/doi-moi-phong-cach-can-bo-y-te-huong-toi-su-hai-long-cua-nguoi-dan/,Đổi mới phong cách cán bộ y tế hướng tới sự hài lòng của ...,"Như về mặt tổ chức đã thay đổi toàn diện và hiện nay có 62/63 tỉnh thành đã thành lập Trung tâm kiểm ... Sở Y tế, bệnh viện các tuyến, các trung ...",DISCOVERED_UNSCREENED
MOH-ASTT,asttmoh.vn,DQ-IMPL-05,17,http://asttmoh.vn/wp-content/uploads/2019/08/Q2_Ch%C6%B0%C6%A1ng-tr%C3%ACnh-v%C3%A0-t%C3%A0i-li%E1%BB%87u-%C4%91%C3%A0o-t%E1%BA%A1o-NHD.pdf,chương trình và tài liệu,"dưỡng; lãnh đạo Sở Y tế/Bệnh viện và điều dưỡng trưởng các Sở Y tế/Bệnh viện ... kiểm soát nhiễm khuẩn, Bộ Y tế. 4. Quốc Hội Việt Nam, 2009. Luật Khám bệnh ...",DISCOVERED_UNSCREENED
MOH-ASTT,asttmoh.vn,DQ-IMPL-05,18,http://asttmoh.vn/wp-content/uploads/2016/11/Bo-Nguyen-Tac-Va-Tieu-Chuan-Thu-Thuoc-Tren-Lam-Sang-_Draft-4.pdf,bộ nguyên tắc và tiêu chuẩn thử thuốc trên lâm sàng,"## 2. Báo cáo biến cố bất lợi (AE)
|  | Tên tài liệu | Mục dich | Yêu cầu đối với |  | Mãu |
|-|-|-|-|-|-|
| Chủ nhiên độ tài/Cơ quan chữ trì đề tài(Tổ chức nhận thưọc trên lâm sàng) | Nhà tài trợ |  |  |  |  |
| 1.1 | Don发改 nghj thú thuóc trên lâm sàng | Cung cấp thông tin том tát về sân phạmđề nghj thú nghiêm vàdè xuát Chù nhiens đете tài/Cơ quannhienst |  | √ | Phụ luc1 |
| 1.2 | Hồ so thông tin về sân phạm | Dê chúng minh thông tin khoa học dạng cóvà liên quan về thướcthur trên lâm sàng{duruc cung cấp chochub nhiens đете tài | √ | √ | Phụ luc2a, Phụ luc2b |
| 1.3 | Don发改 nghj xét duyệt đểcurong thú thuốc trên lâm sàng |  | √ |  | Phụ luc3 |
| 1.4 | Dê curong nghiên cuu vàmưu benth án(CRF) | Dê curong nghiên cuuchi tiет theo quy định,quy trình thao tácchuân,theo doi,giámsât,dánh giá...và mưubenth án nghiên cuu. | √ | √ | Phụ luc4 |
| 1.5 | Hφp động thú thuốc trênlâm sàng giită Nhà tài trởvà Chù nhiens đете tài/Cơquan chù tri đề tài(Tổ chứcnhanst thú thuốc trênlâm sàng)vànhабtail trợcho thú thuốc lâmsàng | Dê chúng minh sựthoa thuan vẻ mật taichính giită chußhiendméd Tai/Cơquan chù tridet tài(Tổ chứcnhanst thú thuốc lâmsàng)vànhабtail tr讶cho thú thuốc lâmsàng | √ | √ | Phụ luc5 |

|  | Tên tài liệu | Mục dich | Yêu cầu đối với |  | Mãu |
|-|-|-|-|-|-|
| Chủ nhiên đè tài/cơ sổ nghiên cúru | Nhà tài trø |  |  |  |  |
| 2.1 | Các cấpnhấtvềhôsσsănphàm | Dê chương minh cácnghiêncúru/cácsurađoi(cácsurađoi)vàbáocano TruônghopfDon tinhnguyếnthamgiaBâtkýthôngtinduóiđangvânbánkhácduocungcápchocácdoci tuôngthamgiaThôngbáochovietcuyếnchơndôituôngthamgia(nếuduoczursung) | √ | √ |  |
| 2.2 | Bátkýsuruasađoi nàodốivới: |  |  |  |  |
| • Dêcuongnghiêncúru/cácsurađoi(cácsurađoi)vàbopoanco TruônghopfDon tinnhnguyếnthamgiaBâtkýthôngtinduobiđangvânbạnkhácduocungcápchocácdoci tuôngthamgia(neuduoczursung) | √ | √ |  |  |  |
| 2.3 | Ngày,giâychapchapthuan/tанthanhcua cơquanquanly/Hộidòngdàoducethecacmucsau: |  |  |  |  |
| • Nhưngthayd�iervedecuongnghiêncúru |  |  |  |  |  |
| • Cácsurađ�ierv:-Don tinnhnguyếnthamgianghiêncúru | √ | √ |  |  |  |

| | -Bát ký thông tin nào khác du戎 cung cấp duoi dạng văn bàn cho doi tuông tham gia -Thông báo cho việc tuyến chơn doi tuông (nếu du戎 sù dung) -Bât cú tái liêu nào khác dura ra ý kiên cháp thuần/tán thành

-Thêm định tiép túc của thư nghiêm | | | | | | --- | --- | --- | --- | --- | --- | | 2.4 | Các cấp phép/cháp thuận/thông báo cua co quan(các cơ quan) quân lý dãng ký ở noi yêu cuateo: •Nhưng thay doi trong để curong và các tài<lieu khắc | Dê chúng minh tính tuàn thủ vối các yêu cuateang ký liên quan | √ | √ | | | 2.5 | Sơ yel lỊch , chùng chi GCP do BỘ Y tê cập của nghiên cứu vienthinh môi hoạc các nghiên cứu vienthkhác du戎bố xung. | Chúng minh năng luc và tinh thích hορp để tiêng hành thuuruóc trench làm sàng và/hoặc giám sát y khoa ò các doi tuồng nghiên cứu | √ | √ | | | 2.6 | Cáp nhật cácGiá trì du戎coi là binh thưởng trongy học/xét nghiên/quytrinh ký thupt/test du戎dê cáp trong để curongnghiên cụu | Dê ch�ng minh các Giá trì/khoâng du戎coi là binh thưởng dâ du戎diEU chinh trong qua trinh thư nghiêm | √ | √ | | | 2.7 | Cơ sở y tê/phòng xétnghiên/các quy trinh kýthupt/các test •Giấy chươngnhaoac | Dê ch�ng Minh cácKIEM travăn du戎duy tri thích hορprong suót giai doen thuringgiêm | √ | √ | |

| | ·Kiêm soát chât lurông dã du戎 thiét láp và/ho戎 dánh giác chát lurông bên ngoa ai hoạc

·Các thám dich khác | | | | | | --- | --- | --- | --- | --- | --- | | 2.8 | Tài liêu vẻ việc văn chuyên các sân phạm thưng hiêm vả các nguyen liêu liên quan đến việc thưng hiêm | | √ | √ | | | 2.9 | Các chirurg nh�n vẻ kiêm nghiem cho các lô mói cua cás sân phạm thưng hiêm | | | √ | | | 2.10 | Báo cao vẻ các làn giám sát thưng hiêm | Dê chùng minh các làn giâm sát và kết quá của các làn giâm sát này | | √ | | | 2.11 | Các hình thực lien lac khác ngoài viếng giám sát tại thực dja, thông qua: ·Các thuur ·Các ghi nhổ cuoc hφp ·Các ghi nhó những lân goi diên | Dê gli lai bát ký các thoa thuần hoạc các bàn luận quan tróng về quán lthur hiêm, các vi pham dê curong, tiên hành thưng hiêm, báo cao vẻ các tác dung không mong muón | √ | √ | | | 2.12 | Các dön tinh nguyến dã du戎 ký | Dê chùng minh là dôn tinh nguyeny phù hφp với GCP vả dê curong vả du戎 ký trước khi đó turng tham gia thưng hiêm. Ghi lai viếng chập tuân một cách trusc tiép. | √ | | | | 2.13 | Các nguồn tài<liu) | Dê chùng minh su tôn tai của các doi turng hiêm cúu curing vối các só liuen du戎 thuhnhân qua thưng hiêm. Tài<liu)này bao gôm ca nhung thông tin góc liuen quan tôi thưng hiêm, các dieu tri y khoa vả tièn sù của doi turng hiêm cúu. | | | | | 2.14 | Bênh án du戎 ký, ngây ký và hoàn thành | Dê chùng minh nghiên cúu vienthuo các thành vienth溃 | √(bàn) | √(bàn) | |

|  |  | uy quyen cua chù nhiem dê tai gih chép dê xác nhân cac quan sát du戎 | sao) | góc) |  |
|-|-|-|-|-|-|
| 2.15 | Tài liêu vẻ sq hiếu chinh benth án | Dě chirurg minh tát cà các thay doi/các bố sung hoặc các súa chuña của benth án sau khi bât dau thu tháp dû l�iuen dâ du戎 ghi lại | √(bàn sao) | √(bàn góc) |  |
| 2.16 | Thông báo bôi ngHIEN cúu viến cho nhà tái trơ vẻ các tác dụng không mong muôn ngHIEM trƒng và các báo cao liên quan | Thông báo bôi ngHIEN cúu viến cho nhà tái trơ vẻ các tác dụng không mong muôn ngHIEM trƒng và các báo cao liên quan phủ hφp. | √ | √ |  |
| 2.17 | Thông báo bôi nhà tái tr汘 vẻ chuh niHMED để tải cho các cơ quan quán lý dāng ký vẻ IRB(s)/IEC(s) của các tác dụng không mong muôn ngHIEM trƒng | Thông báo bôi nhà tái tr汘 vẻ chuh niHMED để tải doi với các cơ quan quán lý dāng ký vẻ IRB(s)/IEC(s) của các tác dụng không mong muôn ngHIEM trƒng | √ | √ |  |
| 2.18 | Thông báo bôi nhà tái tr汘Cho các ngHIEM cúu viến vẻ thông tin an toàn | Thông báo bôi nhà tái tr汘Cho các ngHIEM cúu viến vẻ thông tin an toàn | √ | √(nõi yèu cùu) |  |
| 2.19 | Các báo cao giūra ký ho赥 hang nám cho IRB/IEC vẻ cσ quan quán lý | Các báo cao tẖm thối ho赥 hang nám cho IRB/IEC vẻ cσ quan quán lý | √ | √(nõi yèu cùu) |  |
| 2.20 | Danh sách mãnh đàng doi turōng | Dế chirurg minh chù nhMIEm dê tAI/các cσ sò tiên hành ngHIEN cúu giů môt danh sách bao mât tēn của các doi turōng durQc gán vói mã sô thư ngHIEM khi tuyën chōng vào thư ngHIEM. Cho php chù ngHIem dê tAI/các cσ sò tiên hành ngHIEN cúu nhNIeng durQc bât cú doi turōng nào | √ |  |  |
| 2.21 | Nhật ký gli mã sô doi turōng tham gia | Dế chirurg minh sù tham gia theo thư tır th�ieng cua các doi turōng băng mã sô thuir | √ |  |  |

|  |  | nghiêm. |  |  |  |
|-|-|-|-|-|-|
| 2.22 | Giài trinh sân phạm nghiên cúu tái noi thư nghiêm | Để chúng minh sân phạm nghiên cúu đã được sử dụng theo dûng để cuong | √ | √ |  |
| 2.23 | Bàn các chữ ký | Để xác nhận các chữ ký và tên viêt tát của nhũng nguòi được pháp tham gia và/hoặc hiệu dính các bênh án | √ | √ |  |
| 2.24 | Hồ so các mêu mô/dích cơ thể đã được luu trữ (néu can) | Để xác nhận noi luru trữ và sựnh�n dạng của các m媚 duoc luu trữ néu các thi nghiên CAN duoc lãp lại | √ | √ |  |

|  | Tên tài liệu | Mục dich | Yêu cầu đối với |  | Mãu |
|-|-|-|-|-|-|
| Chủ nhiên độ tài/cơ sổ nghiên cúu | Nhà tài tr戎 |  |  |  |  |
| 3.1 | Giài trình sân phạm nghien cuu tái noi thư nghiem | Dê chúng minh thuóc (các ThuOC) thư lâm sàng durqc sù dung dung theo dê curong nghien cuu. Dê chúng minh thuóc (các ThuOC) thư lâm sàng dâ durqc nh�n tai noi nghien cuu, dâ durqc phàn phát cho các doi turqg, dâ durqc các doi turqg trả lai, và dâ durqc trả lai cho nhà tài tr戎 | √ | √ |  |
| 3.2 | Các tài liệu về việc hüy thuốc thuur lâm sàng | Dê xác nhận viicode huy các ThuOC thuur lâm sàng không sù dung durqc thuc hieng bôinha tài tr戎 hoạc tai noi nghien cuu | √(nếu hüy tải noi nghien cuu) | √ |  |
| 3.3 | Danh sách mã sónh�n dạng các doi turqg hoàn thành nghien cuu | Dê cho phép xác định tát các các doi turqg dâ tham gia vào trong thuur tuoc trong truerng hwp yêu cau theo dioi. Phải giuu bào mât danh sách này trong thời gian durqc thoa thuan | √ |  |  |
| 3.4 | Báo cao giám sát két thúc thuir nghiem | Dê chúng minh là tát các các hoạt dòng durqc yêu cau cho viicode kết thUC thuur nghien cua dûqc hoàn tát, và các bàn sao của các tái liêu cán thiêt dûqc luru trừ tại các file thick hwp |  | √ |  |
| 3.5 | Tài liệu về chi dính dieu trị và giài mã | Chuyến cho nhañ tài tr戎 duói dang văn bän dâ durqc giαι mã về bát cú sư kièn nào dâu xuát hiên |  | √ |  |
| 3.6 | Văn bân báo cáo và dẻ nghj dánhgiá nghiem thu cua chu nhiem dê tái | Dê xác nh quan viicode hoàn thanh cua nghien cuu thuringghiem | √ |  |  |

|  | cho Hoi dòng dao duc và co quan quan lý |  |  |  |  |
|-|-|-|-|-|-|
| 3.7 | Bao cáo tông kết nghiên cúu thư thuóc trên lâm sàng | Dê xác nhận các kет qua và phiên giái việc thư thuóc trên lâm sàng | √ | √ | Phủ luc 8 |",DISCOVERED_UNSCREENED
MOH-ASTT,asttmoh.vn,DQ-IMPL-05,19,http://asttmoh.vn/wp-content/uploads/2016/08/T%C3%A0i-li%E1%BB%87u-D%E1%BA%A1y-h%E1%BB%8Dc-d%E1%BB%B1a-tr%C3%AAn-n%C4%83ng-l%E1%BB%B1c-d%C3%A0nh-cho-gi%E1%BA%A3ng-vi%C3%AAn-%C4%91%C3%A0o-t%E1%BA%A1o-H%E1%BB%99-sinh.pdf,Tài-liệu-Dạy-học-dựa-trên-năng-lực-dành-cho-giảng-viên- ...,"của trẻ sơ sinh và đưa trẻ đến cơ sở y tế gần nhất để kiểm tra. Tiêu chí 6.B.9. Tư vấn, giáo dục cho các bậc cha mẹ quá trình sinh trưởng và ...",DISCOVERED_UNSCREENED
MOH-ASTT,asttmoh.vn,DQ-IMPL-05,20,http://asttmoh.vn/wp-content/uploads/2020/04/1.2-T%C3%A0i-li%E1%BB%87u-B%C3%A1c-s%C4%A9-1.pdf,tài liệu đào tạo liên tục chăm sóc sức khỏe ban đầu ...,"Đó là hệ thống các tổ chức, thiết chế y tế trên địa bàn huyện, có sự kết nối hữu cơ giữa các cơ sở y tế ... kiểm soát; sự phân mảnh của ...",DISCOVERED_UNSCREENED
MOH-ASTT,asttmoh.vn,DQ-IMPL-05,21,http://asttmoh.vn/wp-content/uploads/2014/09/codothonban.pdf,TÀI LIỆU ĐÀO TẠO CÔ ĐỠ THÔN BẢN,"Khi thấy chị Thanh đau bụng nửa ngày hơn mà chưa đẻ, gia đình đưa chị Thanh đến cơ sở y tế gần nhà. ... Kiểm tra tình trạng bà mẹ trước khi tiến hành kiểm tra rau ...",DISCOVERED_UNSCREENED
MOH-ASTT,asttmoh.vn,DQ-IMPL-05,22,https://asttmoh.vn/wp-content/uploads/2021/04/QD-ban-hanh-Huong-dan.signed-1.pdf,Ban hành Hướng dẫn nghiên cứu ứng dụng tế bào ...,Giám sát nuôi cấy tế bào in vitro ở các giai đoạn được lựa chọn của sản xuất nên được thực hiện khi khả thi. Nuôi cấy phải được kiểm tra xem có bất kỳ sự nhiễm ...,DISCOVERED_UNSCREENED
MOH-ASTT,asttmoh.vn,DQ-IMPL-05,23,http://asttmoh.vn/wp-content/uploads/2020/04/4.2-T%C3%A0i-li%E1%BB%87u-H%E1%BB%99-sinh-1.pdf,tài liệu đào tạo liên tục chăm sóc sức khỏe ban đầu ...,"- Tuyến y tế địa phương: Sở y tế và các đơn vị trực thuộc Sở y tế. - Tuyến y ... - Qua khám phụ khoa, ngoài việc kiểm tra phát hiện bệnh ở cơ quan sinh dục ngoài.",DISCOVERED_UNSCREENED
MOH-ASTT,asttmoh.vn,DQ-IMPL-05,24,http://asttmoh.vn/wp-content/uploads/2014/09/Thuc-hanh-LS-SPK.pdf,THỰC HÀNH LÂM SÀNG - SẢN PHỤ KHOA,"BẢNG KIỂM DẠY/HỌC KIỂM TRA BÁNH RAU. TT. Các bƣớc. Ý nghĩa. Yêu cầu cần ... Chị đau bụng 2 ngày từ trạm y tế mới được chuyển tới bệnh viện huyện, tại bệnh viện.",DISCOVERED_UNSCREENED
MOH-ASTT,asttmoh.vn,DQ-IMPL-05,25,http://asttmoh.vn/wp-content/uploads/2026/01/Phu-luc-IV_Ca%CC%81c-bi-u-m-u-_Ban-trinh-2.signed.pdf,Phụ lục IV BIỂU MẪU VĂN BẢN (Kèm theo Thông tư số,b) Cơ sở vật chất và hệ thống quản lý chất lượng cho thử thuốc trên lâm sàng: Không có hệ thống kiểm soát nhiệt độ hoạt động cho việc lưu trữ ...,DISCOVERED_UNSCREENED
MOH-ASTT,asttmoh.vn,DQ-IMPL-05,26,http://asttmoh.vn/wp-content/uploads/2020/03/100-cau-hoi-dap-ve-dich-Covid-19-Cuc-QY-Final.pdf,100 CÂU HỎI ĐÁP VỀ DỊCH BỆNH COVID-19,"... bệnh, người bệnh cần đến cơ sở y tế ... Không chắc chắn vì sốt là triệu chứng của rất nhiều bệnh, tuy nhiên người có sốt thì cần phải tự cách ly, kiểm tra y tế và.",DISCOVERED_UNSCREENED
MOH-ASTT,asttmoh.vn,DQ-IMPL-05,27,http://asttmoh.vn/wp-content/uploads/2014/09/Nhan-hoc-y-hoc-va-cac-tinh-huong-LS.pdf,Bài giảng Nhân học y học và các tình huống lâm sàng,"bà con về thực hiện để phòng bệnh theo cách mình đã hướng dẫn. Hai tuần sau, đoàn cán bộ của trung tâm y tế huyện vào xã kiểm tra công tác vệ sinh phòng bệnh ...",DISCOVERED_UNSCREENED
MOH-ASTT,asttmoh.vn,DQ-IMPL-05,28,http://asttmoh.vn/wp-content/uploads/2014/09/Tu-van-long-ghep_Tai-lieu-hoc-vien.pdf,Tư vấn lồng ghép về sức khoẻ tình dục và sức khỏe sinh sản,phỏng vấn hoặc phát biểu trên sóng truyền thanh hoặc truyền hình. Ngoài ra giám đốc của cơ sở y tế cũng cần sẵn sàng giúp các phóng viên kiểm tra bất kỳ.,DISCOVERED_UNSCREENED
MOH-ASTT,asttmoh.vn,DQ-IMPL-05,29,http://asttmoh.vn/wp-content/uploads/2014/11/chuannangluchosinh.pdf,CHUẨN NĂNG LỰC CƠ BẢN CỦA HỘ SINH VIỆT NAM,"Tư vấn, hướng dẫn cho bà mẹ và gia đình những dấu hiệu nguy hiểm của trẻ sơ sinh và đưa trẻ đến cơ sở y tế gần nhất để kiểm tra. Tiêu chí 6.B.9. Tư vấn ...",DISCOVERED_UNSCREENED
MOH-ASTT,asttmoh.vn,DQ-IMPL-05,30,http://asttmoh.vn/wp-content/uploads/2015/05/Tai-lieu-dao-tao-HIV.AIDS-Trung-cap-Y.pdf,TÀI LIỆU ĐÀO TẠO HIV/AIDS,"tư pháp hoặc quyết định của Cơ quan điều tra, Viện kiểm sát nhân dân ... Bộ Y tế, Sở Y tế và đơn vị đầu mối về phòng, chống HIV/AIDS tỉnh ...",DISCOVERED_UNSCREENED
MOH-ASTT,asttmoh.vn,DQ-IMPL-05,31,http://asttmoh.vn/wp-content/uploads/2020/04/3.2-T%C3%A0i-li%E1%BB%87u-%C4%90i%E1%BB%81u-d%C6%B0%E1%BB%A1ng-1.pdf,tài liệu đào tạo liên tục chăm sóc sức khỏe ban đầu theo ...,"- Tuyến y tế cơ sở: y tế cơ sở gồm y tế quận, huyện, thị xã, thành phố thuộc ... - 3 kiểm tra (họ tên người bệnh - tên thuốc - liều dùng). - 5 đối chiếu ...",DISCOVERED_UNSCREENED
MOH-ASTT,asttmoh.vn,DQ-IMPL-05,32,http://asttmoh.vn/lan-thu-3-trong-10-ngay-truong-dai-hoc-y-ha-noi-dua-can-bo-sinh-vien-chi-vien-tam-dich-bac-ninh/,"Lần thứ 3 trong 10 ngày, Trường Đại học Y Hà Nội đưa ...","HCM kiểm chuẩn việc xét nghiệm COVID-19 trong toàn quốc. Đây ... Sở Y tế tỉnh Bắc Ninh, đúng việc, đúng người, đúng địa điểm. Đoàn do ...",DISCOVERED_UNSCREENED
MOH-ASTT,asttmoh.vn,DQ-IMPL-05,33,http://asttmoh.vn/wp-content/uploads/2020/03/100-cau-hoi-dap-ve-dich-Covid-19-Bo-GD%C4%90T-Final.pdf,100 CÂU HỎI - ĐÁP,chắc chắn bị bệnh do Covid-19 được tiến hành tại các cơ sở y tế được ... ly tạm thời để nhân viên y tế kiểm tra tình trạng sức khỏe của con. Tùy theo ...,DISCOVERED_UNSCREENED
MOH-ASTT,asttmoh.vn,DQ-IMPL-05,34,http://asttmoh.vn/wp-content/uploads/2014/09/Tu-van-long-ghep_Tai-lieu-giang-vien.pdf,Tư vấn lồng ghép về sức khoẻ tình dục và sức khỏe sinh sản,phòng của cùng một cơ sở y tế hoặc của các cơ sở y tế khác nhau. • Mặc dù ... đó phát đáp án và hướng dẫn học viên kiểm tra câu trả lời của họ. Page ...,DISCOVERED_UNSCREENED
MOH-KCB,kcb.vn,DQ-IMPL-04,1,https://kcb.vn/tin-tuc/xay-dung-benh-vien-thong-minh-giup-thay-thuoc-co-them-thoi-gian-danh-cho-nguoi-benh.html,Xây dựng Bệnh viện thông minh giúp thầy thuốc có thêm ...,"trí tuệ nhân tạo (AI) trong quản trị bệnh viện, chẩn đoán và điều trị; chuyển đổi số trong khám chữa bệnh;",DISCOVERED_UNSCREENED
MOH-KCB,kcb.vn,DQ-IMPL-04,2,https://kcb.vn/tin-tuc/hoi-duoc-sy-benh-vien-viet-nam-day-manh-chuyen-doi-so-trong-duoc-benh-vien.html,Hội Dược sỹ bệnh viện Việt Nam đẩy mạnh chuyển đổi số ...,"Tuy nhiên, các chuyên gia đều thống nhất rằng trí tuệ nhân tạo (AI) chỉ là một phần trong tổng thể chuyển đổi số. TS.DS Cao Hưng Thái – Chủ tịch ...",DISCOVERED_UNSCREENED
MOH-KCB,kcb.vn,DQ-IMPL-04,3,https://kcb.vn/kham-chua-benh/can-thiep-som-tu-ky,Phục hồi chức năng,Hội nghị Khoa học Phục hồi chức năng toàn quốc năm 2025 : Trí tuệ nhân tạo mở hướng phát triển mới cho phục hồi chức năng Việt Nam.,DISCOVERED_UNSCREENED
MOH-KCB,kcb.vn,DQ-IMPL-04,4,https://kcb.vn/tin-tuc/le-khoi-dong-du-an-ung-dung-y-te-tu-xa-nham-tang-cuong-tiep-can-dich-vu-y-te-cho-cac-nhom-yeu-the-tai-viet-nam-.html,"Lễ khởi động Dự án: ""Ứng dụng y tế từ xa nhằm tăng ...","Do đó hình thức khám chữa bệnh từ xa với việc áp dụng công nghệ thông tin, ứng dụng trí tuệ nhân tạo sẽ góp phần xóa bỏ rào cản tiếp cận đối với ...",DISCOVERED_UNSCREENED
MOH-KCB,kcb.vn,DQ-IMPL-04,5,https://kcb.vn/tin-tuc/ky-ket-chuong-trinh-tang-cuong-cong-tac-kham-chua-benh-va-cham-soc-suc-khoe-nguoi-dan-giai-doan-2026-2030.html,Ký kết Chương trình tăng cường công tác khám ...,"Thúc đẩy công nghệ, nghiên cứu khoa học và hợp tác quốc tế: Hỗ trợ ứng dụng công nghệ thông tin và hệ thống dữ liệu y tế số vào khám, chữa bệnh ...",DISCOVERED_UNSCREENED
MOH-KCB,kcb.vn,DQ-IMPL-04,6,https://kcb.vn/tin-tuc/xay-dung-tieu-chuan-chat-luong-nang-cao-de-nguoi-benh-duoc-huong-loi-nhieu-hon.html,Xây dựng Tiêu chuẩn chất lượng nâng cao để người bệnh ...,"Theo TS Hà Anh Đức, việc ứng dụng các thành tựu của y học chính xác, trí tuệ nhân tạo (AI), dữ liệu lớn (Big Data) hay Internet vạn vật (IoT) ...",DISCOVERED_UNSCREENED
MOH-KCB,kcb.vn,DQ-IMPL-04,7,https://kcb.vn/tin-tuc/thong-tu-35-2024-tt-byt-quy-dinh-5-tieu-chuan-chat-luong-co-ban-doi-voi-benh-vien.html,Thông tư 35/2024/TT-BYT quy định 5 Tiêu chuẩn chất ...,"Sở Y tế các tỉnh, thành phố trực thuộc Trung ương có trách nhiệm chỉ đạo, hướng dẫn, kiểm tra, đôn đốc việc thực hiện Thông tư này đối với các ...",DISCOVERED_UNSCREENED
MOH-KCB,kcb.vn,DQ-IMPL-04,8,https://kcb.vn/thu-vien-tai-lieu/chuong-trinh-dao-tao-lien-tuc-an-toan-nguoi-benh.html,Chương trình đào tạo liên tục An toàn người bệnh,"Sáng ngày 18/7 tại Phú Thọ, Hội Dược sĩ Bệnh viện Việt Nam phối hợp với Sở Y tế tỉnh Phú Thọ, Hội Y Dược tỉnh Phú Thọ, Trường Đại học Dược Hà ...",DISCOVERED_UNSCREENED
MOH-KCB,kcb.vn,DQ-IMPL-04,9,https://kcb.vn/tin-tuc/bo-y-te-dieu-dong-bo-nhiem-ts.bs-ha-anh-duc-giu-chuc-cuc-truong-cuc-quan-ly-kham-chua-benh.html,"Bộ Y tế điều động, bổ nhiệm TS.BS Hà Anh Đức giữ chức ...",Khám chữa bệnh · Phục hồi chức năng · Giám định · Khắc phục hậu quả · Hợp tác quốc tế · Khám sức khỏe · Điều dưỡng · Thông tin · Bản đồ cơ sở y ...,DISCOVERED_UNSCREENED
MOH-KCB,kcb.vn,DQ-IMPL-04,10,https://kcb.vn/tin-tuc/to-chuc-lai-he-thong-cap-cuu-ngoai-vien-theo-huong-chuyen-nghiep-lien-thong-va-phan-ung-nhanh.html,Tổ chức lại hệ thống cấp cứu ngoại viện theo hướng ...,"Chỉ có khoảng 23,2% bệnh nhân đến cơ sở y tế trong vòng 4,5 giờ đầu kể từ khi khởi phát triệu chứng - ""thời gian vàng"" để can thiệp hiệu quả.",DISCOVERED_UNSCREENED
MOH-KCB,kcb.vn,DQ-IMPL-04,11,https://kcb.vn/thu-vien-tai-lieu/tai-lieu-dao-tao-lien-tuc-ve-an-toan-nguoi-benh.html,Tài liệu đào tạo liên tục về An toàn người bệnh,"Bản đồ cơ sở y tế · Tài liệu · Tài liệu về chăm sóc mắt · Quy trình ... Phòng và kiểm soát nhiễm khuẩn bệnh viện, 79. Bài 6, Phòng ngừa sự cố y ...",DISCOVERED_UNSCREENED
MOH-KCB,kcb.vn,DQ-IMPL-04,12,https://kcb.vn/tin-tuc/he-thong-benh-vien-lac-viet-ra-mat-benh-vien-thu-ba-tai-ha-noi.html,Hệ thống Bệnh viện Lạc Việt: Ra mắt Bệnh viện thứ ba tại ...,"Trong bối cảnh hạ tầng y tế nội đô luôn đối mặt với áp lực quá tải, việc một cơ sở y tế tư nhân được đầu tư bài bản được kỳ vọng sẽ mang đến cho ...",DISCOVERED_UNSCREENED
MOH-KCB,kcb.vn,DQ-IMPL-04,13,https://kcb.vn/gioi-thieu-cac-phong-cua-cuc/phong-quan-ly-chat-luong-va-chuyen-giao-ky-thuat,Phòng Quản lý Chất lượng và Chuyển giao kỹ thuật,"c) Hướng dẫn việc triển khai ứng dụng công nghệ thông tin, chuyển đổi số, trí tuệ nhân tạo trong hoạt động của các cơ sở khám bệnh, chữa bệnh. d ...",DISCOVERED_UNSCREENED
MOH-KCB,kcb.vn,DQ-IMPL-04,14,https://kcb.vn/quy-trinh,Quy trình kỹ thuật,Khám chữa bệnh · Phục hồi chức năng · Giám định · Khắc phục hậu quả · Hợp tác quốc tế · Khám sức khỏe · Điều dưỡng · Thông tin · Bản đồ cơ sở y tế · Tài liệu.,DISCOVERED_UNSCREENED
MOH-KCB,kcb.vn,DQ-IMPL-04,15,https://kcb.vn/tin-tuc/tang-cuong-tiep-can-y-te-toan-dien-trong-linh-vuc-suc-khoe-phoi.html,Tăng cường tiếp cận y tế toàn diện trong lĩnh vực sức khỏe ...,"... sở y tế, kiểm soát tốt trên 20% số người bệnh và phát hiện sớm 40 ... hậu và y tế xanh. Trong thời gian qua, AstraZeneca Việt Nam đã có ...",DISCOVERED_UNSCREENED
MOH-KCB,kcb.vn,DQ-IMPL-04,16,https://kcb.vn/kham-chua-benh/can-thiep-som-tu-ky/dau-hieu-nhan-biet-benh-tu-ky.html,Dấu hiệu nhận biết bệnh tự kỷ,Khám chữa bệnh · Phục hồi chức năng · Giám định · Khắc phục hậu quả · Hợp tác quốc tế · Khám sức khỏe · Điều dưỡng · Thông tin · Bản đồ cơ sở y ...,DISCOVERED_UNSCREENED
MOH-KCB,kcb.vn,DQ-IMPL-04,17,https://kcb.vn/tin-tuc/duoc-si-benh-vien-phai-la-mot-tru-cot-cua-chat-luong-dieu-tri-va-an-toan-nguoi-benh.html,Dược sĩ bệnh viện phải là một trụ cột của chất lượng điều ...,"Trí tuệ nhân tạo có thể hỗ trợ phân tích dữ liệu và cá thể hóa điều trị, nhưng phải bảo đảm dữ liệu đúng, thuật toán minh bạch, bảo mật thông ...",DISCOVERED_UNSCREENED
MOH-KCB,kcb.vn,DQ-IMPL-04,18,https://kcb.vn/tin-tuc/hop-tac-quan-ly-tang-huyet-ap-dai-thao-duong-tai-y-te-co-so.html,"Hợp tác quản lý tăng huyết áp, đái tháo đường tại y tế cơ sở","Đồng thời ứng dụng công nghệ số, trí tuệ nhân tạo, telemedicine và hội chẩn từ xa cùng các công cụ hỗ trợ quyết định lâm sàng; triển khai giám ...",DISCOVERED_UNSCREENED
MOH-KCB,kcb.vn,DQ-IMPL-04,19,https://kcb.vn/tin-tuc/hon-100-benh-vien-trien-khai-ky-thuat-can-thiep-mach-than-kinh.html,Hơn 100 bệnh viện triển khai kỹ thuật can thiệp mạch thần ...,Hội nghị năm nay đặc biệt chú trọng vào việc ứng dụng Trí tuệ nhân tạo (AI) trong chẩn đoán sớm đột quỵ. Với sự hỗ trợ của các phần mềm phân ...,DISCOVERED_UNSCREENED
MOH-KCB,kcb.vn,DQ-IMPL-04,20,https://kcb.vn/tin-tuc/chuong-trinh-hop-tac-tang-cuong-nang-luc-he-thong-giam-sat-quoc-gia-ve-khang-thuoc-cua-cac-vi-sinh-vat-tai-viet-nam.html,Chương trình hợp tác tăng cường năng lực Hệ thống giám ...,"Sáng ngày 18/7 tại Phú Thọ, Hội Dược sĩ Bệnh viện Việt Nam phối hợp với Sở Y tế tỉnh Phú Thọ, Hội Y Dược tỉnh Phú Thọ, Trường Đại học Dược Hà ...",DISCOVERED_UNSCREENED
MOH-KCB,kcb.vn,DQ-IMPL-04,21,https://kcb.vn/tin-tuc/doi-ngu-dieu-duong-gioi-chuyen-mon-chuyen-nghiep-trong-thoi-dai-chuyen-doi-so.html,"Đội ngũ điều dưỡng: Giỏi chuyên môn, chuyên nghiệp ...","... sở y tế, các bệnh viện và gần 1.000 đại biểu hội viên tham dự ... KIỂM TRA ĐÁNH GIÁ CHẤT LƯỢNG BỆNH VIỆN · HÀI LÒNG NGƯỜI BỆNH VÀ NVYT ...",DISCOVERED_UNSCREENED
MOH-KCB,kcb.vn,DQ-IMPL-04,22,https://kcb.vn/chat-luong/tai-lieu-hoi-nghi-truc-tuyen-bao-dam-an-toan-phong-chong-covid-19-tai-cac-co-so-kham-benh-chua-benh-01-10-2020.html,Tài liệu Hội nghị trực tuyến bảo đảm an toàn phòng chống Covid ...,"Bản đồ cơ sở y tế · Tài liệu · Tài liệu ... KIỂM TRA ĐÁNH GIÁ CHẤT LƯỢNG BỆNH VIỆN · HÀI LÒNG ... Tăng cường kiểm tra, hậu kiểm các cơ sở khám bệnh, chữa bệnh.",DISCOVERED_UNSCREENED
MOH-KCB,kcb.vn,DQ-IMPL-04,23,https://kcb.vn/tin-tuc/khai-truong-van-phong-hoi-va-ra-mat-website-cua-hoi-duoc-si-benh-vien-viet-nam.html,Khai trương Văn phòng Hội và ra mắt website của Hội ...,"Bộ Y tế yêu cầu các đơn vị đẩy nhanh tiến độ Chiến dịch 500 ngày đêm tìm kiếm, quy tập và xác định danh tính hài cốt liệt sĩ bằng giám định ADN.",DISCOVERED_UNSCREENED
MOH-KCB,kcb.vn,DQ-IMPL-04,24,https://kcb.vn/lich-su-60-nam-hinh-thanh-va-phat-trien-cuc-quan-ly-kham-chua-benh/chuc-nang-nhiem-vu-hien-nay,Chức năng nhiệm vụ hiện nay,"Chỉ đạo, hướng dẫn việc triển khai ứng dụng công nghệ thông tin, chuyển đổi số, trí tuệ nhân tạo trong hoạt động của các cơ sở khám bệnh, chữa ...",DISCOVERED_UNSCREENED
MOH-KCB,kcb.vn,DQ-IMPL-04,25,https://kcb.vn/cac-chuyen-muc-khac/chuong-trinh-cham-soc-suc-khoe/phong-chong-khang-thuoc,Phòng chống kháng thuốc,Khám chữa bệnh · Phục hồi chức năng · Giám định · Khắc phục hậu quả · Hợp tác quốc tế · Khám sức khỏe · Điều dưỡng · Thông tin · Bản đồ cơ sở y tế · Tài liệu.,DISCOVERED_UNSCREENED
MOH-KCB,kcb.vn,DQ-IMPL-04,26,https://kcb.vn/tin-tuc/le-phat-dong-cuoc-thi-co-so-y-te-khong-khoi-thuoc-la-lan-ii.html,Lễ phát động cuộc thi “Cơ sở y tế không khói thuốc lá” lần II,"Ban Tổ chức khuyến khích các đơn vị ứng dụng công nghệ thông tin, trí tuệ nhân tạo (AI) và hệ thống camera số để triệt tiêu mọi ""điểm mù"" khói ...",DISCOVERED_UNSCREENED
MOH-KCB,kcb.vn,DQ-IMPL-04,27,https://kcb.vn/tin-tuc/hoi-nghi-thuong-nien-clb-giam-doc-cac-benh-vien-khu-vuc-phia-nam-lan-thu-22-tap-trung-chuyen-doi-so-va-thuc-thi-phap-lua.html,Hội nghị thường niên CLB Giám đốc các bệnh viện khu ...,"Sáng ngày 18/7 tại Phú Thọ, Hội Dược sĩ Bệnh viện Việt Nam phối hợp với Sở Y tế tỉnh Phú Thọ, Hội Y Dược tỉnh Phú Thọ, Trường Đại học Dược Hà ...",DISCOVERED_UNSCREENED
MOH-KCB,kcb.vn,DQ-IMPL-04,28,https://kcb.vn/tin-tuc/huong-dan-noi-dung-chuyen-mon-kham-suc-khoe-dinh-ky-cho-nguoi-dan.html,Hướng dẫn nội dung chuyên môn khám sức khỏe định kỳ ...,Khám chữa bệnh · Phục hồi chức năng · Giám định · Khắc phục hậu quả · Hợp tác quốc tế · Khám sức khỏe · Điều dưỡng · Thông tin · Bản đồ cơ sở y ...,DISCOVERED_UNSCREENED
MOH-KCB,kcb.vn,DQ-IMPL-04,29,https://kcb.vn/gioi-thieu-cac-phong-cua-cuc/phong-nghiep-vu,Phòng Nghiệp vụ,"Sáng ngày 18/7 tại Phú Thọ, Hội Dược sĩ Bệnh viện Việt Nam phối hợp với Sở Y tế tỉnh Phú Thọ, Hội Y Dược tỉnh Phú Thọ, Trường Đại học Dược Hà ...",DISCOVERED_UNSCREENED
MOH-KCB,kcb.vn,DQ-IMPL-04,30,https://kcb.vn/tin-tuc/hoi-nghi-khoa-hoc-phuc-hoi-chuc-nang-toan-quoc-nam-2025-tri-tue-nhan-tao-mo-huong-phat-trien-moi-cho-phuc-hoi-chuc-nang-.html,Hội nghị Khoa học Phục hồi chức năng toàn quốc năm 2025,"Năm 2025 đánh dấu bước chuyển mình mạnh mẽ của y học thế giới, trong đó trí tuệ nhân tạo (AI) đang dần trở thành một phần không thể tách rời của ...",DISCOVERED_UNSCREENED
MOH-KCB,kcb.vn,DQ-IMPL-04,31,https://kcb.vn/tin-tuc/giai-dap-mot-so-noi-dung-ve-cap-moi-dieu-chinh-giay-phep-hoat-dong-kham-chua-benh-trong-thoi-gian-trien-khai-chinh-quyen.html,"Giải đáp một số nội dung về cấp mới, điều chỉnh giấy phép ...","Cục Quản lý Khám, chữa bệnh (QLKCB) nhận được công văn số 1458/SYT-NVY ngày 06/06/2025 của Sở Y tế tỉnh Yên Bái (nay là tỉnh Lào Cai) và ...",DISCOVERED_UNSCREENED
MOH-KCB,kcb.vn,DQ-IMPL-04,32,https://kcb.vn/hanh-nghe/danh-sach-co-so-kbcb-du-dieu-kien-huong-dan-thuc-hanh,Danh sách Cơ sở KBCB đủ điều kiện hướng dẫn thực hành,Quyết định 2147/QĐ-BYT này có hiệu lực kể từ ngày 15/7/2026 thay thế Quyết định số 4815/QĐ-BYT ngày 20 tháng 11 năm 2020 của Bộ trưởng Bộ Y tế về việc ban hành ...,DISCOVERED_UNSCREENED
MOH-KCB,kcb.vn,DQ-IMPL-04,33,https://kcb.vn/upload/2005611/20210723//H%C6%B0%E1%BB%9Bng-d%E1%BA%ABn-th%E1%BB%B1c-h%C3%A0nh-d%C6%B0%E1%BB%A3c-l%C3%A2m-s%C3%A0ng-cho-D%C6%B0%E1%BB%A3c-s%E1%BB%B9-trong-m%E1%BB%99t-s%E1%BB%91-b%E1%BB%87nh-kh%C3%B4ng-l%C3%A2y-nhi%E1%BB%85m.pdf,HƢỚNG DẪN THỰC HÀNH DƢỢC LÂM SÀNG CHO ...,"tế dựa trên quy trình nội bộ kiểm soát đường huyết nội viện) b) Bảo quản ... hậu quả của tương tác, biện pháp kiểm soát tương tác và mô tả ngắn gọn về ...",DISCOVERED_UNSCREENED
MOH-KCB,kcb.vn,DQ-IMPL-04,34,https://kcb.vn/upload/2005611/20210723//H%C6%B0%E1%BB%9Bng-d%E1%BA%ABn-ph%C3%B2ng-ng%E1%BB%ABa-nhi%E1%BB%85m-khu%E1%BA%A9n-v%E1%BA%BFt-m%E1%BB%95.pdf,Hướng dẫn phòng ngừa nhiễm khuẩn vết mổ,"Khoảng trên 90% NKVM thuộc loại nông và sâu. Nhiễm khuẩn vết mổ để lại hậu quả nặng nề cho người bệnh do kéo dài thời gian nằm viện, tăng tỷ lệ ...",DISCOVERED_UNSCREENED
MOH-KCB,kcb.vn,DQ-IMPL-04,35,https://kcb.vn/upload/81297/fck/files/di-dai-tien-ra-mau-kham-o-dau-tot-tai-ha-noi.pdf,Đi đại tiện ra máu khám ở đâu? 6 Địa chỉ uy tín ở Hà Nội,"Đây là cơ sở y tế hoạt động trong lĩnh vực khám và điều trị các bệnh lý hậu môn – trực tràng, do đó những trường hợp đang băn khoăn đi đại tiện ra máu khám ở ...",DISCOVERED_UNSCREENED
MOH-KCB,kcb.vn,DQ-IMPL-04,36,https://kcb.vn/phac-do,"Hướng dẫn chẩn đoán, điều trị",Khám chữa bệnh · Phục hồi chức năng · Giám định · Khắc phục hậu quả · Hợp tác quốc tế · Khám sức khỏe · Điều dưỡng · Thông tin · Bản đồ cơ sở y tế · Tài liệu.,DISCOVERED_UNSCREENED
MOH-KCB,kcb.vn,DQ-IMPL-04,37,https://kcb.vn/cong-van/trien-khai-mau-benh-an-mau-giay-phieu-y-theo-thong-tu-so-32-2023-tt-byt-va-tiep-tuc-nghien-cuu-thu-nghiem-thi-diem-mot-s.html,"triển khai mẫu bệnh án, mẫu giấy, phiếu y theo Thông tư ...",Khám chữa bệnh · Phục hồi chức năng · Giám định · Khắc phục hậu quả · Hợp tác quốc tế · Khám sức khỏe · Điều dưỡng · Thông tin · Bản đồ cơ sở y ...,DISCOVERED_UNSCREENED
MOH-KCB,kcb.vn,DQ-IMPL-04,38,https://kcb.vn/quy-trinh/quy-trinh-ky-thuat-kham-benh-chua-benh-chuyen-nganh-tai-mui-.html,"Quy trình kỹ thuật khám bệnh, chữa bệnh chuyên ngành ...",Bản đồ cơ sở y tế · Tài liệu · Tài liệu về chăm sóc mắt · Quy trình kỹ ... KIỂM TRA ĐÁNH GIÁ CHẤT LƯỢNG BỆNH VIỆN · HÀI LÒNG NGƯỜI BỆNH VÀ NVYT ...,DISCOVERED_UNSCREENED
MOH-KCB,kcb.vn,DQ-IMPL-04,39,https://kcb.vn/gioi-thieu-cac-phong-cua-cuc/phong-dieu-duong-tiet-che,Phòng Điều dưỡng - Dinh dưỡng - Kiểm soát nhiễm khuẩn,"Bộ Y tế yêu cầu các đơn vị đẩy nhanh tiến độ Chiến dịch 500 ngày đêm tìm kiếm, quy tập và xác định danh tính hài cốt liệt sĩ bằng giám định ADN.",DISCOVERED_UNSCREENED
MOH-KCB,kcb.vn,DQ-IMPL-04,40,https://kcb.vn/upload/2005611/20260303/Bai_1_Tam_quan_trong_cua_so_lieu_tu_vong_9210f.pdf,HƯỚNG DẪN MÃ HOÁ TỬ VONG,Đánh giá hiệu quả của các chương trình can thiệp y tế và chất lượng khám ... Bệnh viện công lập / tư nhân. • Trung tâm Y tế đa chức năng. • Trạm Y tế xã.,DISCOVERED_UNSCREENED
MOH-KCB,kcb.vn,DQ-IMPL-04,41,https://kcb.vn/upload/2005611/20260303/Bai_5__Bai_tham_khao_ve_qui_trinh_a9b11.pdf,triển khai phiếu chẩn đoán nguyên nhân tử vong tại cơ sở ...,"Nguyễn Thị Cẩm Chi, Bệnh viện Bệnh Nhiệt đới ... Quyết định số 1921/QĐ-BYT: Không sử dụng thông tin ghi tại. Phiếu MCCD để phê bình, hoặc kiểm ...",DISCOVERED_UNSCREENED
MOH-KCB,kcb.vn,DQ-IMPL-04,42,https://kcb.vn/upload/2005611/20210723/Huong-dan-thuc-hanh-kiem-soat-nhiem-khuan-moi-truong-benh-vien.pdf,Hướng dẫn Thực hành kiểm soát nhiễm khuẩn môi trường ...,"Đồng thời, Bộ Y tế đã thường xuyên chỉ đạo các cơ sở y tế, các bệnh viện duy trì thực hiện tốt công tác KSNK. Nhiều bệnh viện đã đầu tư xây dựng, phát triển ...",DISCOVERED_UNSCREENED
MOH-KCB,kcb.vn,DQ-IMPL-04,43,https://kcb.vn/tin-tuc/hoi-nghi-thuong-nien-clb-giam-doc-benh-vien-khu-vuc-phia-bac-nam-2024-doi-moi-tu-duy-trong-quan-tri-benh-vien.html,Hội nghị thường niên CLB Giám đốc Bệnh viện Khu vực ...,"Hội nghị có chủ đề Bệnh viện thông minh và quản trị bền vững thu hút sự tham dự của gần 1.000 đại biểu đến từ các bệnh viện, Sở Y tế khu vực ...",DISCOVERED_UNSCREENED
MOH-KCB,kcb.vn,DQ-IMPL-04,44,https://kcb.vn/upload/1003582/fck/hathu/khamtri.pdf,Quy trình khám trĩ như thế nào? Khám bệnh trĩ,"đãi Kiểm tra hậu môn trực tràng chỉ 260.000đ, kèm theo giảm 30% chi phí ... trĩ, hãy nhanh chóng đến cơ sở y tế để kiểm tra, tránh để bệnh kéo dài hoặc ...",DISCOVERED_UNSCREENED
MOH-KCB,kcb.vn,DQ-IMPL-04,45,https://kcb.vn/upload/2005611/20220428/4__Tai_lieu_huong_dan_HSBA_PHCN_nguoi_lon_-_Noi_tru__Phu_luc_1__20_9_2021_852529b9d8.docx,4__Tai_lieu_huong_dan_HSBA...,"- Đối với bệnh viện tỉnh, thành phố, quận, huyện thuộc Sở Y tế sẽ in dòng chữ Sở Y tế. ... kiểm thảo tử vong và thời điểm tử vong, đánh dấu nhân (x) vào ô ...",DISCOVERED_UNSCREENED
MOH-KCB,kcb.vn,DQ-IMPL-04,46,https://kcb.vn/upload/2005611/20210723/3b262c00f22636736dcf729d97751b84Du-thao-thong-tu-ATNB-20180501-1.doc,BỘ Y TẾ,"... y khoa cho bệnh viện, đồng thời tổng hợp các khuyến cáo gửi về Ban An toàn người bệnh Bộ Y tế/Sở Y tế chủ quản. - Xác định nhu cầu và tổ chức tập huấn cho ...",DISCOVERED_UNSCREENED
MOH-KCB,kcb.vn,DQ-IMPL-04,47,https://kcb.vn/tin-tuc/cac-loai-giay-kham-suc-khoe-khong-phai-la-thu-tuc-hanh-chinh.html,Các loại giấy khám sức khỏe không phải là Thủ tục hành ...,"Ngày 26/3, Bộ Y tế đã có Công văn số 1435/BYT-KCB gửi Sở Y tế 63 tỉnh, thành phố trực thuộc Trung ương; Bệnh viện, Viện trực thuộc Bộ Y tế; ...",DISCOVERED_UNSCREENED
MOH-KCB,kcb.vn,DQ-IMPL-05,1,https://kcb.vn/tin-tuc/xay-dung-benh-vien-thong-minh-giup-thay-thuoc-co-them-thoi-gian-danh-cho-nguoi-benh.html,Xây dựng Bệnh viện thông minh giúp thầy thuốc có thêm ...,KIỂM TRA ĐÁNH GIÁ CHẤT LƯỢNG BỆNH VIỆN · HÀI LÒNG NGƯỜI BỆNH VÀ NVYT · Hệ thống thông tin quản lý khám chữa bệnh · Quản lý thông tin người ...,DISCOVERED_UNSCREENED
MOH-KCB,kcb.vn,DQ-IMPL-05,2,https://kcb.vn/,Cục quản lý Khám chữa bệnh,"Sáng ngày 18/7 tại Phú Thọ, Hội Dược sĩ Bệnh viện Việt Nam phối hợp với Sở Y tế tỉnh Phú Thọ, Hội Y Dược tỉnh Phú ... ... KIỂM TRA ĐÁNH GIÁ CHẤT LƯỢNG BỆNH VIỆN ...",DISCOVERED_UNSCREENED
MOH-KCB,kcb.vn,DQ-IMPL-05,3,https://kcb.vn/upload/2005611/20210723/3b262c00f22636736dcf729d97751b84Du-thao-thong-tu-ATNB-20180501-1.doc,BỘ Y TẾ,"- Tổng hợp và phân tích báo cáo sự cố y khoa, bao gồm cả báo cáo bắt buộc và tự nguyện cho Ban An toàn người bệnh Bộ Y tế, Sở Y tế chủ quản định kỳ, đột xuất ...",DISCOVERED_UNSCREENED
MOH-KCB,kcb.vn,DQ-IMPL-05,4,https://kcb.vn/tin-tuc/bo-y-te-dieu-dong-bo-nhiem-ts.bs-ha-anh-duc-giu-chuc-cuc-truong-cuc-quan-ly-kham-chua-benh.html,"Bộ Y tế điều động, bổ nhiệm TS.BS Hà Anh Đức giữ chức ...",Bản đồ cơ sở y tế · Tài liệu · Tài liệu về chăm sóc mắt · Quy trình kỹ ... KIỂM TRA ĐÁNH GIÁ CHẤT LƯỢNG BỆNH VIỆN · HÀI LÒNG NGƯỜI BỆNH VÀ NVYT ...,DISCOVERED_UNSCREENED
MOH-KCB,kcb.vn,DQ-IMPL-05,5,https://kcb.vn/lich-su-60-nam-hinh-thanh-va-phat-trien-cuc-quan-ly-kham-chua-benh/chuc-nang-nhiem-vu-hien-nay,Chức năng nhiệm vụ hiện nay,"KIỂM TRA ĐÁNH GIÁ CHẤT LƯỢNG BỆNH VIỆN · HÀI LÒNG NGƯỜI BỆNH VÀ NVYT ... Sở Y tế tỉnh Phú Thọ, Hội Y Dược tỉnh Phú Thọ, Trường Đại học ...",DISCOVERED_UNSCREENED
MOH-KCB,kcb.vn,DQ-IMPL-05,6,https://kcb.vn/tin-tuc/thong-tu-35-2024-tt-byt-quy-dinh-5-tieu-chuan-chat-luong-co-ban-doi-voi-benh-vien.html,Thông tư 35/2024/TT-BYT quy định 5 Tiêu chuẩn chất ...,"Sở Y tế các tỉnh, thành phố trực thuộc Trung ương có trách nhiệm chỉ đạo, hướng dẫn, kiểm tra, đôn đốc việc thực hiện Thông tư này đối với ...",DISCOVERED_UNSCREENED
MOH-KCB,kcb.vn,DQ-IMPL-05,7,https://kcb.vn/upload/2005611/20210723//SO-TAY-HUONG-DAN-DANH-GIA-THUC-HIEN-TIEU-PXN_ban-cuoi_up.pdf,sổ tay hướng dẫn đánh giá việc thực hiện tiêu chí ...,"Sổ tay chất lượng có bao gồm các nội dung sau: Kiểm tra STCL của PXN, STCL phải được ký phê duyệt bởi lãnh đạo cơ sở y tế. Cấu trúc của STCL có thể trình bày ...",DISCOVERED_UNSCREENED
MOH-KCB,kcb.vn,DQ-IMPL-05,8,https://kcb.vn/upload/2005611/20210723/Huong-dan-thuc-hanh-kiem-soat-nhiem-khuan-moi-truong-benh-vien.pdf,Hướng dẫn Thực hành kiểm soát nhiễm khuẩn môi trường ...,"Mục đích của việc kiểm toán chất thải y tế là tiến hành một cuộc điều tra về các dòng chất thải ở một bệnh viện và kiểm tra xem chất thải được tạo ra ở đâu, gồm.",DISCOVERED_UNSCREENED
MOH-KCB,kcb.vn,DQ-IMPL-05,9,https://kcb.vn/upload/2005611/20210723//H%C6%B0%E1%BB%9Bng-d%E1%BA%ABn-th%E1%BB%B1c-h%C3%A0nh-d%C6%B0%E1%BB%A3c-l%C3%A2m-s%C3%A0ng-cho-D%C6%B0%E1%BB%A3c-s%E1%BB%B9-trong-m%E1%BB%99t-s%E1%BB%91-b%E1%BB%87nh-kh%C3%B4ng-l%C3%A2y-nhi%E1%BB%85m.pdf,HƢỚNG DẪN THỰC HÀNH DƢỢC LÂM SÀNG CHO ...,... bệnh nội trú (liều thực tế dựa trên quy trình nội bộ kiểm soát đường huyết nội viện) b) Bảo quản insulin. - Khi chƣa mở lọ/bút tiêm. Bảo quản trong ngăn ...,DISCOVERED_UNSCREENED
MOH-KCB,kcb.vn,DQ-IMPL-05,10,https://kcb.vn/tin-tuc/cong-tac-y-te-gop-phan-vao-thanh-cong-cua-sea-games-31-tai-viet-nam.html,Công tác y tế góp phần vào thành công của SEA Games ...,KIỂM TRA ĐÁNH GIÁ CHẤT LƯỢNG BỆNH VIỆN · HÀI LÒNG NGƯỜI BỆNH VÀ NVYT · Hệ thống thông tin quản lý khám chữa bệnh · Quản lý thông tin người ...,DISCOVERED_UNSCREENED
MOH-KCB,kcb.vn,DQ-IMPL-05,11,https://kcb.vn/gioi-thieu-cac-phong-cua-cuc/phong-nghiep-vu,Phòng Nghiệp vụ,"Chủ trì, phối hợp xây dựng, sửa đổi, bổ sung, chỉ đạo, hướng dẫn tổ chức thực hiện, kiểm tra, giám sát việc thực hiện các văn bản quy phạm pháp ...",DISCOVERED_UNSCREENED
MOH-KCB,kcb.vn,DQ-IMPL-05,12,https://kcb.vn/tin-tuc/duoc-si-benh-vien-phai-la-mot-tru-cot-cua-chat-luong-dieu-tri-va-an-toan-nguoi-benh.html,Dược sĩ bệnh viện phải là một trụ cột của chất lượng điều ...,"KIỂM TRA ĐÁNH GIÁ CHẤT LƯỢNG BỆNH VIỆN · HÀI LÒNG NGƯỜI BỆNH VÀ NVYT ... Các Sở Y tế và người đứng đầu cơ sở khám bệnh, chữa bệnh phải tổ ...",DISCOVERED_UNSCREENED
MOH-KCB,kcb.vn,DQ-IMPL-05,13,https://kcb.vn/tin-tuc/to-chuc-lai-he-thong-cap-cuu-ngoai-vien-theo-huong-chuyen-nghiep-lien-thong-va-phan-ung-nhanh.html,Tổ chức lại hệ thống cấp cứu ngoại viện theo hướng ...,KIỂM TRA ĐÁNH GIÁ CHẤT LƯỢNG BỆNH VIỆN · HÀI LÒNG NGƯỜI BỆNH VÀ NVYT ... bệnh nhân đến cơ sở y tế. Các đại biểu tham dự Hội thảo. Tích hợp ...,DISCOVERED_UNSCREENED
MOH-KCB,kcb.vn,DQ-IMPL-05,14,https://kcb.vn/upload/2005611/20210722/1f4183ffcd9b91533285c46bcf6f7eb4KTCLBV-2015-Dieu-chinh-25-11.xls,Kiểm tra bệnh viện 2008,"Quản lý viện phí, Thanh toán Bảo hiểm Y tế. 913, g. Quản lý ... KẾT LUẬN CỦA TRƯỞNG ĐOÀN KIỂM TRA. 52. 53, GIÁM ĐỐC THƯ KÝ TRƯỞNG ĐOÀN BỆNH VIỆN ĐOÀN KIỂM TRA.",DISCOVERED_UNSCREENED
MOH-KCB,kcb.vn,DQ-IMPL-05,15,https://kcb.vn/upload/2005611/fck/nminhoang856/phongkham-2024042001.pdf,Top 10 phòng khám đa khoa tư nhân Hà Nội uy tín tốt nhất,"Xã hội càng phát triển, nhu cầu kiểm tra cách chữa bệnh của con người càng nâng cao cao. Thay vì phải đến các phòng khám với phần lớn thủ ...",DISCOVERED_UNSCREENED
MOH-KCB,kcb.vn,DQ-IMPL-05,16,https://kcb.vn/upload/2005611/20250704/Thong_tu_Quy_dinh_ve_don_thuoc_va_viec_ke_don_thuoc_hoa_duoc__sinh_pham_trong_dieu_tri_ngoai_tru_tai_cac_co_so_KCB_fc2f6.pdf,THÔNG TƯ Quy định về đơn thuốc và việc kê ...,"a) Hướng dẫn, tổ chức triển khai, kiểm tra, đánh giá việc thực hiện Thông ... hoặc đến cơ sở y tế gần nhất khi có dấu hiệu bất thường sau khi sử ...",DISCOVERED_UNSCREENED
MOH-KCB,kcb.vn,DQ-IMPL-05,17,https://kcb.vn/kham-chua-benh/can-thiep-som-tu-ky,Phục hồi chức năng,KIỂM TRA ĐÁNH GIÁ CHẤT LƯỢNG BỆNH VIỆN · HÀI LÒNG NGƯỜI BỆNH VÀ NVYT · Hệ thống ... Sở Y tế tỉnh Gia Lai tổ chức khóa tập huấn: “Nâng cao năng lực về phát ...,DISCOVERED_UNSCREENED
MOH-KCB,kcb.vn,DQ-IMPL-05,18,https://kcb.vn/tin-tuc/giai-dap-mot-so-noi-dung-ve-cap-moi-dieu-chinh-giay-phep-hoat-dong-kham-chua-benh-trong-thoi-gian-trien-khai-chinh-quyen.html,"Giải đáp một số nội dung về cấp mới, điều chỉnh giấy phép ...",KIỂM TRA ĐÁNH GIÁ CHẤT LƯỢNG BỆNH VIỆN · HÀI LÒNG NGƯỜI BỆNH VÀ NVYT · Hệ thống thông tin quản lý khám chữa bệnh · Quản lý thông tin người ...,DISCOVERED_UNSCREENED
MOH-KCB,kcb.vn,DQ-IMPL-05,19,https://kcb.vn/chat-luong/le-khoi-dong-du-an-tang-cuong-he-thong-phat-trien-nang-luc-cho-nhan-vien-y-te-thong-qua-kham-chua-benh-tu-xa-.html,Lễ khởi động Dự án “Tăng cường Hệ thống phát triển năng ...,KIỂM TRA ĐÁNH GIÁ CHẤT LƯỢNG BỆNH VIỆN · HÀI LÒNG NGƯỜI BỆNH VÀ NVYT ... Sở Y tế Lào Cai nhấn mạnh. Nhấn nút khởi động Dự án. Các đại biểu ...,DISCOVERED_UNSCREENED
MOH-KCB,kcb.vn,DQ-IMPL-05,20,https://kcb.vn/quy-trinh,Quy trình kỹ thuật,Bản đồ cơ sở y tế · Tài liệu · Tài liệu về chăm sóc mắt · Quy trình kỹ thuật ... KIỂM TRA ĐÁNH GIÁ CHẤT LƯỢNG BỆNH VIỆN · HÀI LÒNG NGƯỜI BỆNH VÀ NVYT · Hệ thống ...,DISCOVERED_UNSCREENED
MOH-KCB,kcb.vn,DQ-IMPL-05,21,https://kcb.vn/tin-tuc/hoi-nghi-khoa-hoc-phuc-hoi-chuc-nang-toan-quoc-nam-2025-tri-tue-nhan-tao-mo-huong-phat-trien-moi-cho-phuc-hoi-chuc-nang-.html,Hội nghị Khoa học Phục hồi chức năng toàn quốc năm 2025,"Năm 2025 đánh dấu bước chuyển mình mạnh mẽ của y học thế giới, trong đó trí tuệ nhân tạo (AI) đang dần trở thành một phần không thể tách rời của ...",DISCOVERED_UNSCREENED
MOH-KCB,kcb.vn,DQ-IMPL-05,22,https://kcb.vn/hanh-nghe/danh-sach-co-so-kbcb-du-dieu-kien-huong-dan-thuc-hanh,Danh sách Cơ sở KBCB đủ điều kiện hướng dẫn thực hành,KIỂM TRA ĐÁNH GIÁ CHẤT LƯỢNG BỆNH VIỆN · HÀI LÒNG NGƯỜI BỆNH VÀ NVYT · Hệ thống thông tin quản lý khám chữa bệnh · Quản lý thông tin người khuyết tật · ICD-10 ...,DISCOVERED_UNSCREENED
MOH-KCB,kcb.vn,DQ-IMPL-05,23,https://kcb.vn/tin-tuc/hoi-nghi-thuong-nien-clb-giam-doc-cac-benh-vien-khu-vuc-phia-nam-lan-thu-22-tap-trung-chuyen-doi-so-va-thuc-thi-phap-lua.html,Hội nghị thường niên CLB Giám đốc các bệnh viện khu ...,KIỂM TRA ĐÁNH GIÁ CHẤT LƯỢNG BỆNH VIỆN · HÀI LÒNG NGƯỜI BỆNH VÀ NVYT · Hệ thống thông tin quản lý khám chữa bệnh · Quản lý thông tin người ...,DISCOVERED_UNSCREENED
MOH-KCB,kcb.vn,DQ-IMPL-05,24,https://kcb.vn/upload/2005611/20230927/Bao_cao_danh_gia_he_thong_PHCN_quoc_gia_b5b91.pdf,BÁO CÁO KẾT QUẢ ĐÁNH GIÁ THỰC TRẠNG NĂNG LỰC ...,"SPTG và hệ thống thông tin y tế. Theo báo cáo này, trong số 132 cơ sở y tế lao động xã hội được điều tra (12 cơ sở do. BLĐTBXH quản lý và 120 ...",DISCOVERED_UNSCREENED
MOH-KCB,kcb.vn,DQ-IMPL-05,25,https://kcb.vn/kham-chua-benh/can-thiep-som-tu-ky/dau-hieu-nhan-biet-benh-tu-ky.html,Dấu hiệu nhận biết bệnh tự kỷ,Bản đồ cơ sở y tế · Tài liệu · Tài liệu về chăm sóc mắt · Quy trình kỹ ... KIỂM TRA ĐÁNH GIÁ CHẤT LƯỢNG BỆNH VIỆN · HÀI LÒNG NGƯỜI BỆNH VÀ NVYT ...,DISCOVERED_UNSCREENED
MOH-KCB,kcb.vn,DQ-IMPL-05,26,https://kcb.vn/quy-trinh/quy-trinh-ky-thuat-kham-benh-chua-benh-chuyen-nganh-tai-mui-.html,"Quy trình kỹ thuật khám bệnh, chữa bệnh chuyên ngành ...",Bản đồ cơ sở y tế · Tài liệu · Tài liệu về chăm sóc mắt · Quy trình kỹ ... KIỂM TRA ĐÁNH GIÁ CHẤT LƯỢNG BỆNH VIỆN · HÀI LÒNG NGƯỜI BỆNH VÀ NVYT ...,DISCOVERED_UNSCREENED
MOH-KCB,kcb.vn,DQ-IMPL-05,27,https://kcb.vn/upload/2005611/20210723//4290-Q%C3%90-BYT-19_10_2015.pdf,BỘ Y TẾ - Số:4290/QĐ-BYT,"Công tác kiểm soát nhiễm khuẩn bệnh viện hiện vẫn còn là một trong những thách thức lớn đối với hệ thống y tế tại Việt Nam, trong đó kiểm soát ...",DISCOVERED_UNSCREENED
MOH-KCB,kcb.vn,DQ-IMPL-05,28,https://kcb.vn/tin-tuc/huong-dan-noi-dung-chuyen-mon-kham-suc-khoe-dinh-ky-cho-nguoi-dan.html,Hướng dẫn nội dung chuyên môn khám sức khỏe định kỳ ...,Bản đồ cơ sở y tế · Tài liệu · Tài liệu về chăm sóc mắt · Quy trình kỹ ... KIỂM TRA ĐÁNH GIÁ CHẤT LƯỢNG BỆNH VIỆN · HÀI LÒNG NGƯỜI BỆNH VÀ NVYT ...,DISCOVERED_UNSCREENED
MOH-KCB,kcb.vn,DQ-IMPL-05,29,https://kcb.vn/upload/2005611/20230421/QD_2023_1530_Quyet_dinh_ban_hanh_tai_lieu_chuyen_mon__Huong_dan_chan_doan_va_dieu_tri_Loet_ban_chan_do_dai_thao_duong__25013.pdf,BỘ Y TẾ CỘNG HÒA XÃ HỘI CHỦ NGHĨA VIỆT NAM Độc lập,"và Vụ trưởng các Cục, Vụ thuộc Bộ Y tế, Giám đốc Sở Y tế các tỉnh, thành phố ... - Xác định xem người bệnh có thể thực hiện kiểm tra bàn chân hay ...",DISCOVERED_UNSCREENED
MOH-KCB,kcb.vn,DQ-IMPL-05,30,https://kcb.vn/lich-su-60-nam-hinh-thanh-va-phat-trien-cuc-quan-ly-kham-chua-benh/co-cau-to-chuc-hien-nay,Cơ cấu tổ chức hiện nay,Bản đồ cơ sở y tế · Tài liệu · Tài liệu về chăm sóc mắt · Quy trình kỹ ... KIỂM TRA ĐÁNH GIÁ CHẤT LƯỢNG BỆNH VIỆN · HÀI LÒNG NGƯỜI BỆNH VÀ NVYT ...,DISCOVERED_UNSCREENED
MOH-KCB,kcb.vn,DQ-IMPL-05,31,https://kcb.vn/phac-do,"Hướng dẫn chẩn đoán, điều trị",Bản đồ cơ sở y tế · Tài liệu · Tài liệu về chăm sóc mắt · Quy trình kỹ thuật ... KIỂM TRA ĐÁNH GIÁ CHẤT LƯỢNG BỆNH VIỆN · HÀI LÒNG NGƯỜI BỆNH VÀ NVYT · Hệ thống ...,DISCOVERED_UNSCREENED
MOH-KCB,kcb.vn,DQ-IMPL-05,32,https://kcb.vn/gioi-thieu-cac-phong-cua-cuc/phong-dieu-duong-tiet-che,Phòng Điều dưỡng - Dinh dưỡng - Kiểm soát nhiễm khuẩn,"Chủ trì, phối hợp xây dựng, sửa đổi, bổ sung, chỉ đạo, hướng dẫn tổ chức thực hiện, kiểm tra, giám sát việc thực hiện các văn bản quy phạm pháp ...",DISCOVERED_UNSCREENED
MOH-KCB,kcb.vn,DQ-IMPL-05,33,https://kcb.vn/upload/2005611/20210723//Quy-trinh-ky-thuat-PHCN-dot-2-Q%C4%90-5737.2017-Bo-Y-te.pdf,hƣớng dẫn quy trình kỹ thuật phục hồi chức năng,"đốc các bệnh viện, viện có giường bệnh trực thuộc Bộ Y tế, Giám đốc Sở Y tế các tỉnh, ... - Kiểm tra chỉ định, các thông số, kiểm tra người bệnh. Page 98 ...",DISCOVERED_UNSCREENED
MOH-KCB,kcb.vn,DQ-IMPL-05,34,https://kcb.vn/upload/2005611/20250425/Cong_bo_CSTH_-_BVDK_Thu_Do_b0fb3.pdf,CÔNG TY CỔ PHẦN BỆNH VIỆN ĐA KHOA THỦ ĐÔ - Số,"- Lập kế hoạch quản lý, định kỳ kiểm kê, báo cáo về việc quản lý sử dụng trang thiết bị y tế, hóa chất, sinh phẩm, thuốc của khoa hoặc của đơn ...",DISCOVERED_UNSCREENED
MOH-KCB,kcb.vn,DQ-IMPL-05,35,https://kcb.vn/upload/2001735/fck/tronghiep99/phong-kham-da-khoa-ha-noi.pdf,10 Phòng khám đa khoa tư nhân uy tín tại Hà Nội liên ...,Một cơ sở được cấp phép và chịu sự quản lý của cơ quan y tế sẽ giúp bạn yên tâm hơn về tính pháp lý cũng như chất lượng dịch vụ. Đừng ngại kiểm tra thông tin ...,DISCOVERED_UNSCREENED
MOH-KCB,kcb.vn,DQ-IMPL-05,36,https://kcb.vn/upload/2005611/20210723//H%C6%B0%E1%BB%9Bng-d%E1%BA%ABn-th%E1%BB%B1c-hi%E1%BB%87n-PHCN-d%E1%BB%B1a-v%C3%A0o-c%E1%BB%99ng-%C4%91%E1%BB%93ng.pdf,HƯỚNG DẪN tHực HiệN PHỤc HỒi cHỨc NĂNG DựA ...,"Cán bộ quản lý chương trình:Lãnh đạo các Sở Y tế hoặc bệnh viện Tỉnh, bệnh ... Trạm y tế xã cần lập kế hoạch giám sát, sử dụng bảng kiểm do tuyến trên ...",DISCOVERED_UNSCREENED
MOH-KCB,kcb.vn,DQ-IMPL-05,37,https://kcb.vn/upload/2005611/20210723//100-C%C3%82U-H%E1%BB%8EI-V%C3%80-GI%E1%BA%A2I-%C4%90%C3%81P-V%E1%BB%80-CH%C3%8DNH-S%C3%81CH-BHYT.docx,100-CÂU-HỎI-VÀ-GIẢI-ĐÁP-VỀ-CHÍNH-SÁCH-BHYT. ...,"Thanh tra, kiểm tra, xử lý vi phạm và giải quyết khiếu nại, tố cáo về ... Trả lời: Trường hợp cơ sở y tế do quá tải phải tổ chức khám bệnh, chữa bệnh ...",DISCOVERED_UNSCREENED
MOH-KCB,kcb.vn,DQ-IMPL-05,38,https://kcb.vn/upload/2005611/20210723//H%E1%BB%93i-s%E1%BB%A9c-c%E1%BA%A5p-c%E1%BB%A9u-Ch%E1%BB%91ng-%C4%91%E1%BB%99c.pdf,BỘ Y TẾ Số: 1904 /QĐ-BYT Độc lập,"... Sở Y tế các tỉnh, thành phố trực thuộc trung ƣơng, Thủ trƣởng Y tế các Bộ, Ngành và ... Kiểm tra hồ sơ: kiểm tra lại chỉ định, chống chỉ.",DISCOVERED_UNSCREENED
MOH-KCB,kcb.vn,DQ-IMPL-05,39,https://kcb.vn/upload/2005611/20210723/H%C3%B3a-sinh.pdf,1 BỘ Y TẾ Số: 320 /QĐ-BYT Độc lập,"... Sở Y tế các tỉnh, thành phố trực thuộc trung ương, Thủ trưởng ... Kỹ thuật viên của phòng xét nghiệm có nhiệm vụ nhận và kiểm tra chất ...",DISCOVERED_UNSCREENED
MOH-KCB,kcb.vn,DQ-IMPL-05,40,https://kcb.vn/upload/2005611/20220428/4__Tai_lieu_huong_dan_HSBA_PHCN_nguoi_lon_-_Noi_tru__Phu_luc_1__20_9_2021_852529b9d8.docx,4__Tai_lieu_huong_dan_HSBA...,"- Đối với bệnh viện tỉnh, thành phố, quận, huyện thuộc Sở Y tế sẽ in dòng chữ Sở Y tế. ... kiểm thảo tử vong và thời điểm tử vong, đánh dấu nhân (x) vào ô ...",DISCOVERED_UNSCREENED
MOH-KCB,kcb.vn,DQ-IMPL-05,41,https://kcb.vn/tin-tuc/bo-y-te-tap-huan-700-diem-cau-ve-tiem-chung-vac-xin-phong-co.html,Bộ Y tế tập huấn 700 điểm cầu về tiêm chủng vắc xin ...,KIỂM TRA ĐÁNH GIÁ CHẤT LƯỢNG BỆNH VIỆN · HÀI LÒNG NGƯỜI BỆNH VÀ NVYT ... sở y tế và bài hướng dẫn về điều trị huyết khối…. Lê Hảo. Nguồn ...,DISCOVERED_UNSCREENED
MOH-KCB,kcb.vn,DQ-IMPL-05,42,https://kcb.vn/upload/2005611/20210723//HD%C4%90T-TMH.pdf,hướng dẫn chẩn đoán và điều trị một số bệnh về,"đốc các bệnh viện, trực thuộc Bộ Y tế, Giám đốc Sở Y tế các tỉnh, thành phố trực thuộc ... Trẻ khàn tiếng nên được soi thanh quản kiểm tra để phát ...",DISCOVERED_UNSCREENED
MOH-KCB,kcb.vn,DQ-IMPL-05,43,https://kcb.vn/tin-tuc/tiep-them-nang-luong-cho-benh-nhan-dai-thao-duong-tip-1.html,Tiếp thêm năng lượng cho bệnh nhân Đái tháo đường típ 1,Bản đồ cơ sở y tế · Tài liệu · Tài liệu về chăm sóc mắt · Quy trình kỹ ... KIỂM TRA ĐÁNH GIÁ CHẤT LƯỢNG BỆNH VIỆN · HÀI LÒNG NGƯỜI BỆNH VÀ NVYT ...,DISCOVERED_UNSCREENED
MOH-KCB,kcb.vn,DQ-IMPL-05,44,http://kcb.vn/upload/2005611/20210723/HD-QTKT-Noi-CXK-in.pdf,BỘ Y TẾ Số: 654/QĐ-BYT,"tế, Giám đốc các bệnh viện, Viện có giường bệnh trực thuộc Bộ Y tế, Giám đốc Sở Y ... Bác sỹ kiểm tra hồ sơ bệnh án hoặc phiếu yêu cầu thực hiện thủ thuật, các ...",DISCOVERED_UNSCREENED
MOH-KCB,kcb.vn,DQ-IMPL-05,45,https://kcb.vn/gioi-thieu?categoryId=101821587,Giới thiệu,"4. Chủ trì xây dựng tiêu chuẩn, tiêu chí, chỉ số chất lượng, thừa nhận tiêu chuẩn quản lý chất lượng đối với cơ sở khám bệnh, chữa bệnh; kiểm tra việc tuân thủ ...",DISCOVERED_UNSCREENED
MOH-KCB,kcb.vn,DQ-IMPL-05,46,https://kcb.vn/cong-van/huong-dan-su-dung-danh-muc-tuong-duong-de-trien-khai-thong-tu-02-2017-tt-byt.html,Hướng dẫn sử dụng danh mục tương đương để triển khai ...,"... toán chi phí ... Kiểm tra bệnh viện. Tài khoản đã được cung cấp cho Phòng Nghiệp vụ Y các Sở Y tế, Phòng Kế hoạch Tổng hợp các bệnh viện.",DISCOVERED_UNSCREENED
MOH-KCB,kcb.vn,DQ-IMPL-05,47,https://kcb.vn/upload/2005611/20220207/q-tr-c-d-ch-22.5.2021.signed-18b1e.pdf,BỘ Y TẾ,"Võ Hồng Thanh, Phòng Quản lý Chất lượng và Chỉ đạo tuyến. 0989651361 ... - Sở Y tế, các BV trực thuộc BYT và BV trường ĐH (để p/h);.",DISCOVERED_UNSCREENED
MOH-KCB,kcb.vn,DQ-IMPL-05,48,https://kcb.vn/tin-tuc/ghi-nho-dau-an-co-thu-tuong-olof-palme-tai-benh-vien-nhi-tru.html,Ghi nhớ dấu ấn Cố thủ tướng Olof Palme tại Bệnh viện Nhi ...,"KIỂM TRA ĐÁNH GIÁ CHẤT LƯỢNG BỆNH VIỆN · HÀI LÒNG NGƯỜI BỆNH VÀ NVYT ... TS Lê Thanh Hải, Giám đốc Bệnh viện Nhi TW cùng các lãnh đạo tiền nhiệm ...",DISCOVERED_UNSCREENED
MOH-KCB,kcb.vn,DQ-IMPL-05,49,https://kcb.vn/upload/2005611/20231121/Du_thao_TT_HSBA_16-11-2023_3c4a9.docx,Tải xuống,"Bệnh viện có trách nhiệm tổ chức kiểm tra, giám sát, đánh giá định kỳ tính ... Sở Y tế, các cơ sở y tế thuộc thẩm quyền quản lý. 2. Trách nhiệm của Cục ...",DISCOVERED_UNSCREENED
MOH-KCB,kcb.vn,DQ-EVID-02,1,https://kcb.vn/thu-vien-tai-lieu/tai-lieu-dao-tao-lien-tuc-ve-an-toan-nguoi-benh.html,Tài liệu đào tạo liên tục về An toàn người bệnh,"Mặc dù những sai sót và sự cố này không ai muốn và không ai chấp nhận những nó vẫn xảy ra hàng ngày. Trong thập kỷ qua, những thành tựu của ...",DISCOVERED_UNSCREENED
MOH-KCB,kcb.vn,DQ-EVID-02,2,https://kcb.vn/thu-vien-tai-lieu/chuong-trinh-dao-tao-lien-tuc-an-toan-nguoi-benh.html,Chương trình đào tạo liên tục An toàn người bệnh,Mặc dù những sai sót và sự cố này không ai muốn và không ai chấp nhận những nó vẫn xảy ra hàng ngày. An toàn người bệnh liên quan tới tất cả các ...,DISCOVERED_UNSCREENED
MOH-KCB,kcb.vn,DQ-EVID-02,3,https://kcb.vn/tin-tuc/to-chuc-lai-he-thong-cap-cuu-ngoai-vien-theo-huong-chuyen-nghiep-lien-thong-va-phan-ung-nhanh.html,Tổ chức lại hệ thống cấp cứu ngoại viện theo hướng ...,"Đối với cuộc gọi liên quan đến cấp cứu y tế ngoại viện, sẽ được tổng đài viên kết hợp AI và màn hình điều khiển, máy tính tiếp nhận, định tuyến, ...",DISCOVERED_UNSCREENED
MOH-KCB,kcb.vn,DQ-EVID-02,4,https://kcb.vn/tin-tuc/xay-dung-tieu-chuan-chat-luong-nang-cao-de-nguoi-benh-duoc-huong-loi-nhieu-hon.html,Xây dựng Tiêu chuẩn chất lượng nâng cao để người bệnh ...,"Theo TS Hà Anh Đức, việc ứng dụng các thành tựu của y học chính xác, trí tuệ nhân tạo (AI), dữ liệu lớn (Big Data) hay Internet vạn vật (IoT) ...",DISCOVERED_UNSCREENED
MOH-KCB,kcb.vn,DQ-EVID-02,5,https://kcb.vn/lich-su-60-nam-hinh-thanh-va-phat-trien-cuc-quan-ly-kham-chua-benh/chuc-nang-nhiem-vu-hien-nay,Chức năng nhiệm vụ hiện nay,"Chỉ đạo, hướng dẫn việc triển khai ứng dụng công nghệ thông tin, chuyển đổi số, trí tuệ nhân tạo trong hoạt động của các cơ sở khám bệnh, chữa ...",DISCOVERED_UNSCREENED
MOH-KCB,kcb.vn,DQ-EVID-02,6,https://kcb.vn/upload/2005611/20210723//SO-TAY-HUONG-DAN-DANH-GIA-THUC-HIEN-TIEU-PXN_ban-cuoi_up.pdf,sổ tay hướng dẫn đánh giá việc thực hiện tiêu chí ...,"**BỘ Y TẾ** **CỤC QUẢN LÝ KHÁM, CHỮA BỆNH**

# CỤC QUẢN LÝ KHÁM, CHỮA BỆNH
**SỔ TAY HƯỚNG DẪN**

# PHÒNG XÉT NGHIỆM Y HỌC
## Chủ biên
PGS.TS.

## Thành viên Ban biên soạn
|  | Liên | trung uống Huế |
|-|-|-|
| 20. | TS. BS Truông Thái Phương | Trường Khoa Vi sinh, Bênh viến Bạch Mai |
| 22. | Ths. Lề Sinh Quân | Cúc Quán lý Khám, chùa benth, BỘ Y tέ |
| 23. | Bs. Hà Thái Sơn | Cúc Quán lý Khám, ch-area benth, BỘ Y tέ |
| 24. | PGS. TS. Nguyễn Thái Sơn | Chù nhiem Khoa Vi Sinh, Bênh viến 103 |
| 28. | TS. Vũ Văn Truông | Phó Truông Khoa Huyết học, Bênh viến Bạch Mai |
| 33. | Ths. Đỗ Thị Thu Thùy | CDC Hoa Ký tại Việt Nam |
| 34. | Ths. Trần Thị Minh Thăn | CDC Hoa Ký tại Việt Nam |
| 35. | Ths. Vô Hồng Thanh | Cúc Quán lý Khám, chữa benth, BỘ Y tέ |
| 36. | Ths. Nguyén Dức Tháng | Cúc Quán lý Khám, chữa benth, BỘ Y tέ |
|  | Thư ký Ban biên soaqn |  |
|  | Ths. Đào Nguyenh Minh | Phó Truông phòng quán lý chát luồng, Cúc Quán lý Khám, ch-area benth, BỘ Y tέ, thur ký Ban biên soaqn |

| STT | Chữ viêt tát | Giài thích |
|-|-|-|
| 2. | BYT | Bổ Y tế |
| 3. | CLSI | Viên tiêu chuân lâm sàng và XN Hoa Ký (Clinical and Laboratory Standards Institute) |
| 4. | CTLT | Cái tiên liên túc |
| 6. | HDKP | Hành dòng khác phUC |
| 7. | HDPN | Hành dòng phòng ngùra |
| 15. | TTB | Trang thiêt bì |
| 17. | STAT | Số tay an toàn |
| 22. | SYT | Sở Y tế |

# CHƯƠNG VII. QUẢN LÝ MUA SẮM, TRANG THIẾT BỊ, VẬT TƯ, HÓA CHẤT VÀ SINH PHẨM
| NQI DUNG TIEU CHÍ |  |
|-|-|
| 8.9. Voi xét nghiem bán dính lurong thuc hien mau noi kiem trong bò kit kiem theo hoac vát liu noi kiem khac(*) | - Kiem tra hô so thuc hien noi kiem cua các xét nghiem bàn dinh lurong.Mau noi kiem phai là mau khong kem theo bò kit(nieu co).Kiem tra xem ket qua noi kiem có dat và duoc xem xét truc oki trà ket quá khong |
| 8.10. Voi xét nghiem sù dung test nhanh can thuc hien noi kiem dinh kry truen mau noi kiem khac bao gom ca chung am và chung durong (neu co)(*) | - Xem hô so thuc hien noi kiem xem có gih chép lai viéc thuc hien mau chung dóc lap khong.Kiem tra xem ket qua noi kiem có dat và duoc xem xét truc oki trà ket quá khong-PXN có dạng d các mau biêt kет quá, duoc kiem tra bàng ky thuat cao/d các hieu hom dẻ lam mau noi kiem cho các xét nghiem nhanh. |
| 8.11. Thúc hien noi kiem dòng thói hoac truc khi hàn hxe tény nghiem trên mau người bénh(*) | - Xem xét hô so thuc hien noi kiem cua các xét nghiem, kiem tra thôi gian thuc hien noi kiem và két quá. |
| 8.12. Khi két qua noi kiem không dat,PXN tím kiem Nguyennhan và khắc phuc, chi thuc hien tiëp XN sau khi dả ho�n thành viêc khäche phuc(***) | - Kiem tra hô so cho thay các ketter quá xét nghiem chi duoc tra cho người bènshau khi hàn dòng khäche phuc duoc thuc hien |
| 8.13. Kết qua noi kiem duoc xem xét dính ky nhám phát hien và khäche phuc nhurg xu hurong anh hương toi két quá XN | - Kiem tra bàng chirurg cho thày ketter quá noi kiem duoc xem xét dính ky nhạm khäche phuc nhurg sai sót |

# Độc lập – Tự do – Hạnh phúc
## Mức STT Điều không phù hợp Ghi chú
| 4. | Chuong IV. Dịch vụ và Quân lý khách hàng | 10 | 13 |  |  |  |  |
|-|-|-|-|-|-|-|-|
| 5. | Chuong V. Quán lý trang thiét bì | 19 | 30 |  |  |  |  |
| 6. | Chuong VI. Dánh giá nội bố | 9 | 13 |  |  |  |  |
| 7. | Chuong VII. Quán lý mua sám vêt tur, hóa chát và sinh phâm | 17 | 23 |  |  |  |  |
| 8. | Chuong VIII. Quán lý quá trình xét nghiêm | 27 | 57 |  |  |  |  |
| 10. | Chuong X. Xác định sự KPH,hành động KPPN | 6 | 14 |  |  |  |  |
| 12. | Chuong XII. Cơ sò vêt chát và an toàn | 27 | 32 |  |  |  |  |
|  | Tổng diêm | 169 | 268 |  |  |  |  |
|  | % diêm đật duroc |  |  |  |  |  |  |",DISCOVERED_UNSCREENED
MOH-KCB,kcb.vn,DQ-EVID-02,7,https://kcb.vn/tin-tuc/khai-truong-van-phong-hoi-va-ra-mat-website-cua-hoi-duoc-si-benh-vien-viet-nam.html,Khai trương Văn phòng Hội và ra mắt website của Hội ...,"... AI trong quản lý sử dụng thuốc… “Hiện tại, Hội được khẳng định là đủ năng lực pháp lý để triển khai các hoạt động theo quy định của pháp ...",DISCOVERED_UNSCREENED
MOH-KCB,kcb.vn,DQ-EVID-02,8,https://kcb.vn/tin-tuc/hop-tac-quan-ly-tang-huyet-ap-dai-thao-duong-tai-y-te-co-so.html,"Hợp tác quản lý tăng huyết áp, đái tháo đường tại y tế cơ sở","Đồng thời ứng dụng công nghệ số, trí tuệ nhân tạo, telemedicine và hội chẩn từ xa cùng các công cụ hỗ trợ quyết định lâm sàng; triển khai giám ...",DISCOVERED_UNSCREENED
MOH-KCB,kcb.vn,DQ-EVID-02,9,https://kcb.vn/tin-tuc/le-khoi-dong-du-an-ung-dung-y-te-tu-xa-nham-tang-cuong-tiep-can-dich-vu-y-te-cho-cac-nhom-yeu-the-tai-viet-nam-.html,"Lễ khởi động Dự án: ""Ứng dụng y tế từ xa nhằm tăng ...","Do đó hình thức khám chữa bệnh từ xa với việc áp dụng công nghệ thông tin, ứng dụng trí tuệ nhân tạo sẽ góp phần xóa bỏ rào cản tiếp cận đối với ...",DISCOVERED_UNSCREENED
MOH-KCB,kcb.vn,DQ-EVID-02,10,https://kcb.vn/gioi-thieu-cac-phong-cua-cuc/phong-quan-ly-chat-luong-va-chuyen-giao-ky-thuat,Phòng Quản lý Chất lượng và Chuyển giao kỹ thuật,"c) Hướng dẫn việc triển khai ứng dụng công nghệ thông tin, chuyển đổi số, trí tuệ nhân tạo trong hoạt động của các cơ sở khám bệnh, chữa bệnh. d ...",DISCOVERED_UNSCREENED
MOH-KCB,kcb.vn,DQ-EVID-02,11,https://kcb.vn/tin-tuc/doi-ngu-dieu-duong-gioi-chuyen-mon-chuyen-nghiep-trong-thoi-dai-chuyen-doi-so.html,"Đội ngũ điều dưỡng: Giỏi chuyên môn, chuyên nghiệp ...","Trong bối cảnh chuyển đổi số toàn quốc, khi AI và dữ liệu lớn đang thay đổi phương thức điều trị và chăm sóc sức khỏe, vai trò của điều dưỡng ...",DISCOVERED_UNSCREENED
MOH-KCB,kcb.vn,DQ-EVID-02,12,https://kcb.vn/chat-luong/le-khoi-dong-du-an-tang-cuong-he-thong-phat-trien-nang-luc-cho-nhan-vien-y-te-thong-qua-kham-chua-benh-tu-xa-.html,Lễ khởi động Dự án “Tăng cường Hệ thống phát triển năng ...,"... y tế công bằng, chất lượng, hiệu quả, hội nhập quốc tế và không để ai bị bỏ lại phía sau. Trong bối cảnh đất nước đang đẩy mạnh chuyển đổi ...",DISCOVERED_UNSCREENED
MOH-KCB,kcb.vn,DQ-EVID-02,13,https://kcb.vn/upload/2005611/20210722/1f4183ffcd9b91533285c46bcf6f7eb4KTCLBV-2015-Dieu-chinh-25-11.xls,Kiểm tra bệnh viện 2008,"AI, AJ, AK, AL, AM, AN, AO, AP, AQ, AR, AS, AT, AU, AV, AW, AX, AY, AZ, BA. 1, IX. BÁO CÁO KIỂM ... khắc phục sai sót, sự cố y khoa. 1677, Căn cứ đề xuất và ý ...",DISCOVERED_UNSCREENED
MOH-KCB,kcb.vn,DQ-EVID-02,14,https://kcb.vn/upload/2005611/20210723//H%C6%B0%E1%BB%9Bng-d%E1%BA%ABn-th%E1%BB%B1c-hi%E1%BB%87n-PHCN-d%E1%BB%B1a-v%C3%A0o-c%E1%BB%99ng-%C4%91%E1%BB%93ng.pdf,HƯỚNG DẪN tHực HiệN PHỤc HỒi cHỨc NĂNG DựA ...,"Chương trình sẽ đem lại kết quả tức thời như thế nào, có lợi ích gì và cho ai? Phương pháp định tính và định lượng nào để đánh giá chương trình có đạt được mục.",DISCOVERED_UNSCREENED
MOH-KCB,kcb.vn,DQ-EVID-02,15,https://kcb.vn/upload/2005611/20230927/Bao_cao_danh_gia_thuc_hien_KH_PHCN_gd_2014-2020_bbcf1.pdf,báo cáo nghiên cứu đánh giá tình hình thực hiện kế,"nhiệm vụ này là dịch vụ, ai trả thì tùy nhưng nếu giao cho các trạm thực hiện thì cũng chỉ nên dừng ở mức thăm hỏi, hướng dẫn người nhà chăm ...",DISCOVERED_UNSCREENED
MOH-KCB,kcb.vn,DQ-EVID-02,16,https://kcb.vn/gioi-thieu?categoryId=101821587,Giới thiệu,"... trí tuệ nhân tạo trong hoạt động của các cơ sở khám bệnh, chữa bệnh; xếp cấp ... sự cố ngoài y khoa trong cơ sở khám bệnh, chữa bệnh. f) Đầu mối tổ ...",DISCOVERED_UNSCREENED
MOH-KCB,kcb.vn,DQ-EVID-02,17,https://kcb.vn/upload/2005611/20210723//100-C%C3%82U-H%E1%BB%8EI-V%C3%80-GI%E1%BA%A2I-%C4%90%C3%81P-V%E1%BB%80-CH%C3%8DNH-S%C3%81CH-BHYT.docx,100-CÂU-HỎI-VÀ-GIẢI-ĐÁP-VỀ-CHÍNH-SÁCH-BHYT. ...,Câu hỏi 71: Giám định BHYT là gì và do ai thực hiện ? Trả lời: Giám định bảo hiểm y tế là hoạt động chuyên môn do tổ chức BHYT tiến hành nhằm đánh giá sự ...,DISCOVERED_UNSCREENED
MOH-KCB,kcb.vn,DQ-EVID-02,18,https://kcb.vn/upload/2005611/20210723//H%C6%B0%E1%BB%9Bng-d%E1%BA%ABn-ng%C6%B0%E1%BB%9Di-khuy%E1%BA%BFt-t%E1%BA%ADt-v%C3%A0-gia-%C4%91%C3%ACnh-v%E1%BB%81-PHCN-d%E1%BB%B1a-v%C3%A0o-c%E1%BB%99ng-%C4%91%E1%BB%93ng.pdf,Hướng dẫn người kHuyết tật và gia đìnH về PHục Hồi ...,2.3. Ai có thể giúp NKT có việc làm? Trong việc tạo việc làm cho NKT cần có nhiều cá nhân và tổ chức cơ quan.,DISCOVERED_UNSCREENED
MOH-KCB,kcb.vn,DQ-EVID-02,19,https://icd.kcb.vn/icd-10/instruction-icd10,Hướng dẫn mã hoá ICD-10 (đang cập nhật),ICD Smart Search AI AssistantsAI ICD-10 Sense Hot ICD-9 Sense ICF Sense DMKT ... Mã sự cố y khoa: Mã tổn thương (nếu có) là mã bệnh chính. Mã loại sự ...,DISCOVERED_UNSCREENED
MOH-KCB,kcb.vn,DQ-EVID-02,20,https://kcb.vn/upload/2005611/20210723//Quy-trinh-ky-thuat-PHCN-dot-2-Q%C4%90-5737.2017-Bo-Y-te.pdf,hƣớng dẫn quy trình kỹ thuật phục hồi chức năng,c- Những cái này của ai? d- Màu sắc..... 8a- Nói các từ mô tả. b- Nói các từ chỉ vị trí. c- Nói các đại từ. d- Nói các từ để ...,DISCOVERED_UNSCREENED
MOH-KCB,kcb.vn,DQ-EVID-02,21,https://kcb.vn/upload/2005611/20230927/Bao_cao_danh_gia_he_thong_PHCN_quoc_gia_b5b91.pdf,BÁO CÁO KẾT QUẢ ĐÁNH GIÁ THỰC TRẠNG NĂNG LỰC ...,"hợp (bởi ai, khi nào, chỉ số nào?) Sự phối hợp của các đơn vị trong một bệnh viện hoặc giữa các bệnh viện với nhau hoặc giữa các Bộ ngành với ...",DISCOVERED_UNSCREENED
MOH-KCB,kcb.vn,DQ-EVID-02,22,https://kcb.vn/upload/2005611/20210723/Huong-dan-thuc-hanh-kiem-soat-nhiem-khuan-moi-truong-benh-vien.pdf,Hướng dẫn Thực hành kiểm soát nhiễm khuẩn môi trường ...,bệnh viện. Nên nhớ rằng không chỉ đội quản lý chất thải chịu trách nhiệm về việc quản lý an toàn và hợp lý về mặt môi trường – mà bất cứ ai trong cơ sở y tế ...,DISCOVERED_UNSCREENED
MOH-KCB,kcb.vn,DQ-EVID-02,23,https://kcb.vn/upload/2005611/20251114/QD__ban_hanh_QTKT_Tam_than__Tap_2__2025_08_05__trinh_kyfinal_signed_3db81.pdf,BỘ Y TẾ Số: /QĐ-BYT CỘNG HÒA XÃ HỘI CHỦ ...,hoặc viết những bức thư cho một ai đó để nói về sự tự sát của bạn? Bạn có biết bạn đã nói gì? Bạn để lại những bức thư đó cho ai? Bạn đã ...,DISCOVERED_UNSCREENED
MOH-KCB,kcb.vn,DQ-EVID-02,24,https://kcb.vn/upload/2005611/20210723/b27cb74db028db1162da532f81a160d8861_CBR-Vietnam-1-press-final.pdf,Hướng dẫn,• Ai là người có thể cung cấp thông tin – Các đơn vị tham gia là những nguồn thông tin rất quan trọng. Thông tin có thể được thu thập từ người khuyết tật và ...,DISCOVERED_UNSCREENED
MOH-KCB,kcb.vn,DQ-EVID-02,25,https://daithaoduong.kcb.vn/su-dung-lieu-phap-tiem-lieu-co-dau-va-dang-so-nhu-ban-tuong-tuong,Sử dụng liệu pháp tiêm: Liệu có đau và đáng sợ như bạn ...,"Phản ứng của bạn là bình thường, vì hầu hết những ai chuẩn bị tiêm cũng đều e ngại với suy nghĩ bệnh của mình đang trở nặng, việc tiêm thuốc gây đau và không ...",DISCOVERED_UNSCREENED
MOH-KCB,kcb.vn,DQ-EVID-02,26,https://kcb.vn/upload/2005611/20210723/0f5963c9e82f4ef127d9c91f393d213e861_CBR-Vietnam-3-press-final.pdf,Hướng dẫn,Ai sẽ là người làm việc với em? Và họ làm việc với em như thế nào? Chương trình phục hồi chức năng dựa vào cộng đồng đã chuẩn bị một chiếc ghế đặc biệt do ...,DISCOVERED_UNSCREENED
MOH-KCB,kcb.vn,DQ-EVID-02,27,https://kcb.vn/upload/1003582/fck/hathu/xuattinhsomdiachi.pdf,9 Địa chỉ khám chữa xuất tinh sớm ở đâu tốt,Địa chỉ chữa xuất tinh sớm tại phòng khám đa khoa Hưng Thịnh là sự lựa chọn đúng đắn và sáng suốt cho những ai ... Bệnh viện Quân Y 103 là một sự lựa chọn đáng.,DISCOVERED_UNSCREENED
MOH-KCB,kcb.vn,DQ-EVID-02,28,https://kcb.vn/upload/2005611/20210723//H%C6%B0%E1%BB%9Bng-d%E1%BA%ABn-c%C3%A1n-b%E1%BB%99-PHCN-v%C3%A0-c%E1%BB%99ng-t%C3%A1c-vi%C3%AAn-v%E1%BB%81-PHCN-d%E1%BB%B1a-v%C3%A0o-c%E1%BB%99ng-%C4%91%E1%BB%93ng.pdf,Hướng dẫn cán bộ PHục Hồi cHức năng và cộng tác viên ...,– PHCNDVCĐ nhằm hoà nhập và hỗ trợ những ai bị hạn chế tham gia hoạt động xã hội do tình trạng giảm chức năng với tất cả các dạng khuyết tật khác nhau bao gồm ...,DISCOVERED_UNSCREENED
MOH-KCB,kcb.vn,DQ-EVID-02,29,https://kcb.vn/upload/1003582/fck/trancongdao/3541764600.pdf,Danh sách các phòng khám đa khoa tư nhân tại Hà Nội uy ...,... y tế tin cậy mà lại là địa điểm uy tín cho những ai có ý muốn khám bệnh linh hoạt. Đối với quy mô không nhỏ và sự đầu tư mạnh mẽ vào những lĩnh vực chuyên ...,DISCOVERED_UNSCREENED
MOH-KCB,kcb.vn,DQ-EVID-02,30,https://kcb.vn/upload/2005611/20210723/b06e021c277ed6ce94cbffe2356ddfee861_CBR-Vietnam-5-lowres-final.pdf,Hướng dẫn,"không có ai để nói chuyện, không có ai mang cho tôi nước, không ai chia sẻ đồ ăn cùng. Điều đó thật khủng khiếp! Ở tuổi 25 tôi có thai Tin tức này đã gây nên ...",DISCOVERED_UNSCREENED
MOH-KCB,kcb.vn,DQ-EVID-02,31,https://kcb.vn/upload/2005611/20210723/HD%C4%90T-C%C6%A1-X%C6%B0%C6%A1ng-Kh%E1%BB%9Bp.pdf,HƯỚNG DẪN CHẨN ĐOÁN VÀ ĐIỀU TRỊ CÁC BỆNH CƠ ...,"## TH Ứ TR ƯỞNG
- Website C ục KCB;

## PGS.TS. Nguy ễn Mai H ồng
Bệnh viêm kh ớp d ạng th ấp

Bệnh x ơ c ứng bì toàn th ể Bệnh Still ở ng ười l ớn

Bệnh viêm màng ho ạt d ịch kh ớp g ối m ạn tính không đặc hi ệu

Bệnh viêm kh ớp ph ản ứng 54

Bệnh viêm kh ớp ph ản ứng

Bệnh viêm kh ớp v ảy n ến

Bệnh viêm kh ớp thi ếu niên t ự phát th ể đa kh ớp có y ếu t ố d

Bệnh viêm kh ớp thi ếu niên t ự phát th ể viêm c ột s ống dính kh ớp

Bệnh viêm kh ớp thi ếu niên t ự phát th ể h ệ th ống

Bệnh viêm kh ớp thi ếu niên t ự phát th ể h ệ th ống 73 Bệnh gút 89

Bệnh thoái hóa c ột s ống c ổ 145 Bệnh u t ế bào kh ổng l ồ 179 Ph ụ l ục: Hướng d ẫn s ử d ụng m ột s ố thu ốc chính trong điều tr ị các b ệnh kh ớp 197

# BỆNH GÚT\
## 3.2. C ận lâm sàng\
3. ViŒm kh ớp ở m ột kh ớp.\
4. Đỏ vøng kh ớp.\
6. ViŒm kh ớp bn ngn chn I ở m ột bŒn.\",DISCOVERED_UNSCREENED
MOH-KCB,kcb.vn,DQ-EVID-02,32,https://kcb.vn/upload/2005611/20210723//B%E1%BB%99-Y-t%E1%BA%BF-200-Quy-tr%C3%ACnh-k%E1%BB%B9-thu%E1%BA%ADt-Nhi-khoa.pdf,Bộ-Y-tế-200-Quy-trình-kỹ-thuật-Nhi-khoa.pdf,... ai? d- Màu sắc. 8a- Nói các từ mô tả. b- Nói các từ chỉ vị trí. c- Nói các đại từ. d- Nói các từ để hỏi. 9- Hiểu một câu có ba từ a- Nhớ lại ba đồ vật. b ...,DISCOVERED_UNSCREENED
MOH-KCB,kcb.vn,DQ-EVID-02,33,https://kcb.vn/upload/2005611/20210723//H%E1%BB%93i-s%E1%BB%A9c-c%E1%BA%A5p-c%E1%BB%A9u-Ch%E1%BB%91ng-%C4%91%E1%BB%99c.pdf,BỘ Y TẾ Số: 1904 /QĐ-BYT Độc lập,Cố định catheter chắc chắn. Lấy dịch để làm xét nghiệm tế bào ... ai và ở bất kỳ đâu. - Hồi sinh tim phổi cần đƣợc bắt đầu ngay lập ...,DISCOVERED_UNSCREENED
MOH-KCB,kcb.vn,DQ-EVID-02,34,https://kcb.vn/upload/2005611/20210723//%C4%90%C3%A0o-t%E1%BA%A1o-nh%C3%A2n-l%E1%BB%B1c-PHCN-d%E1%BB%B1a-v%C3%A0o-c%E1%BB%99ng-%C4%91%E1%BB%93ng.pdf,ĐÀO TẠO NHÂN LỰC PHỤC HỒI CHỨC NĂNG DỰA VÀO ...,"phÂn tÍch nhiệM VỤ cỦA các Đối tượng hỌc ViÊn. Trước khi xây dựng mục tiêu và chương trình đào tạo cho học viên, THV cần suy nghĩ và tìm hiểu xem học viên là ai ...",DISCOVERED_UNSCREENED
MOH-KCB,kcb.vn,DQ-EVID-02,35,https://kcb.vn/upload/2001837/fck/sudicodv/dia-chi-pha-thai-an-toan-o-ha-noi.pdf,Phá thai ở đâu? 14 địa chỉ phá thai an toàn nhất tại Hà Nội,mật thông tin nên không lo sợ ai biết không như bệnh viện. Bạn đặt lịch hẹn khám còn. Page 24. được hưởng gói khám tổng quát 320k và giảm ngay 30% chi phí ...,DISCOVERED_UNSCREENED
MOH-KCB,kcb.vn,DQ-EVID-02,36,https://kcb.vn/upload/2005611/20210723/3de9cb8b7472595077581c84033149d2861_CBR-Vietnam-6-press-final.pdf,Hướng dẫn,• Quyết định ai có thể tham gia nhóm; cố gắng giữ quy mô nhóm nhỏ khi bắt đầu để tạo cơ hội cho tất cả mọi người cùng tham gia. • Quyết định lịch họp thường ...,DISCOVERED_UNSCREENED
MOH-KCB,kcb.vn,DQ-EVID-02,37,https://kcb.vn/upload/2005611/20251014/Bai_gi_ng_KSLN_Lao__danh_cho_NVYT_CK_Lao__BP_va_khoa_Lao__BP__d8458.pdf,phòng ngừa và kiểm soát lây nhiễm lao tại các cơ ...,Ai là người có trách nhiệm chính trong việc cung cấp phương tiện. PHCN theo tiêu chuẩn quy định? A. Lãnh đạo bệnh viện. B. Phòng cung cấp vật ...,DISCOVERED_UNSCREENED
MOH-KCB,kcb.vn,DQ-EVID-02,38,https://kcb.vn/upload/2005611/20210723/c4810db98f1a7bde8f8da08d9679c424Huong-dan-vat-ly-tri-lieu-Bai-nao.pdf,HƯỚNG DẪN,▫ Không phải ai cũng có thể chịu được mức kích thích điện cần thiết để gây co cơ. ▫ Một người bệnh muốn sử dụng kích thích điện phải có thể tuân theo chỉ dẫn ...,DISCOVERED_UNSCREENED
MOH-KCB,kcb.vn,DQ-EVID-02,39,https://kcb.vn/upload/2005611/20251014/Bai_gi_ng_Lao__danh_cho_NVYT_KSNK__9fad1.pdf,phòng ngừa và kiểm soát lây nhiễm lao tại các cơ sở ...,Ai là người có trách nhiệm chính trong việc cung cấp phương tiện PHCN theo tiêu chuẩn quy định? A. Lãnh đạo bệnh viện. B. Phòng cung cấp vật ...,DISCOVERED_UNSCREENED
MOH-KCB,kcb.vn,DQ-EVID-02,40,https://kcb.vn/upload/2005611/20210723/1f80e317dbde9ceb3691920c502e95ffHuong-dan-Hoat-dong-tri-lieu-Nao-ung-thuy-va-Nut-dot-song.pdf,"hướng dẫn chẩn đoán, điều trị phục hồi chức năng cho ...","là bệnh viện hoặc Cơ sở y tế đa chuyên khoa, nên mời một chuyên gia của bệnh viện hoặc ... ai tham gia trong quá trình chăm sóc, điều trị trẻ nứt đốt sống. > Nên ...",DISCOVERED_UNSCREENED
MOH-KCB,kcb.vn,DQ-EVID-02,41,https://kcb.vn/upload/1003582/fck/hathu/benhtricachchua.pdf,"20 Cách chữa bệnh trĩ nội, trĩ ngoại tại nhà hiệu quả nhất",Cách chữa bệnh trĩ tại nhà bằng lá trầu không. Đối với những ai đang tìm kiếm phương pháp tự nhiên để điều trị trĩ nội và trĩ ngoại tại nhà ...,DISCOVERED_UNSCREENED
MOH-KCB,kcb.vn,DQ-EVID-02,42,https://kcb.vn/upload/81293/fck/files/927756450264.pdf,Thuốc Podophyllin 25 ở Thanh Hóa chữa sùi mào gà giá ...,"Tuy nhiên, một thực trạng đáng buồn là chẳng phải ai cũng biết cách tìm mua Podophyllin 25 ... chuyên gia y tế. Chỉ bôi một lượng nhỏ thuốc lên đầu nốt ...",DISCOVERED_UNSCREENED
MOH-KCB,kcb.vn,DQ-EVID-02,43,https://kcb.vn/upload/1003669/fck/sonphamthaibinh/cach-chua-benh-xuat-tinh-som.pdf,15 Cách chữa xuất tinh sớm tại nhà không cần dùng thuốc ...,Vậy hiện tượng xuất tinh sớm liệu có chữa được không? Xuất tinh sớm là nỗi khổ mà không phải ai cũng hiểu. Làm tác động tới hôn nhân và hạnh phúc gia đình ...,DISCOVERED_UNSCREENED
MOH-KCB,kcb.vn,DQ-EVID-02,44,https://kcb.vn/upload/2000881/fck/admin/52950345529.pdf,"Podophyllin 25 Thái Lan chai 15ml mua ở đâu, giá bao nhiêu","Với ưu điểm về hiệu quả nhanh và sự tiện lợi, sản phẩm này càng ngày càng được quan tâm. Nhưng, hai câu hỏi then chốt mà bất kỳ ai cũng phải đối mặt là ...",DISCOVERED_UNSCREENED
MOH-KCB,kcb.vn,DQ-EVID-03,1,https://kcb.vn/tin-tuc/xay-dung-benh-vien-thong-minh-giup-thay-thuoc-co-them-thoi-gian-danh-cho-nguoi-benh.html,Xây dựng Bệnh viện thông minh giúp thầy thuốc có thêm ...,"Hướng tới xây dựng hệ thống bệnh viện thông minh, kết nối liên thông ... AI, Telehealth, phân tích dữ liệu trong quản trị và hỗ trợ ...",DISCOVERED_UNSCREENED
MOH-KCB,kcb.vn,DQ-EVID-03,2,https://kcb.vn/tin-tuc/hoi-duoc-sy-benh-vien-viet-nam-day-manh-chuyen-doi-so-trong-duoc-benh-vien.html,Hội Dược sỹ bệnh viện Việt Nam đẩy mạnh chuyển đổi số ...,"Tuy nhiên, các chuyên gia đều thống nhất rằng trí tuệ nhân tạo (AI) chỉ là một phần trong tổng thể chuyển đổi số. TS.DS Cao Hưng Thái – Chủ tịch ...",DISCOVERED_UNSCREENED
MOH-KCB,kcb.vn,DQ-EVID-03,3,https://kcb.vn/tin-tuc/to-chuc-lai-he-thong-cap-cuu-ngoai-vien-theo-huong-chuyen-nghiep-lien-thong-va-phan-ung-nhanh.html,Tổ chức lại hệ thống cấp cứu ngoại viện theo hướng ...,"Đối với cuộc gọi liên quan đến cấp cứu y tế ngoại viện, sẽ được tổng đài viên kết hợp AI và màn hình điều khiển, máy tính tiếp nhận, định tuyến, ...",DISCOVERED_UNSCREENED
MOH-KCB,kcb.vn,DQ-EVID-03,4,https://kcb.vn/tin-tuc/ky-ket-chuong-trinh-tang-cuong-cong-tac-kham-chua-benh-va-cham-soc-suc-khoe-nguoi-dan-giai-doan-2026-2030.html,Ký kết Chương trình tăng cường công tác khám ...,Theo dõi và đánh giá tác động: Hỗ trợ triển khai các hoạt động theo dõi và đánh giá (M&E) nhằm đo lường kết quả và tác động của các can thiệp do ...,DISCOVERED_UNSCREENED
MOH-KCB,kcb.vn,DQ-EVID-03,5,https://kcb.vn/tin-tuc/trien-lam-quoc-te-chuyen-nganh-y-duoc-viet-nam-lan-thu-34-vietnam-medi-pharm-2026-phuc-vu-chuyen-doi-so-va-benh-vien-tho.html,Triển lãm Quốc tế chuyên ngành Y Dược Việt Nam lần thứ ...,"... trí tuệ nhân tạo, dữ liệu lớn ... Theo Bộ Y tế, thời gian qua, chuyển đổi số trong lĩnh vực khám chữa bệnh đạt nhiều kết quả tích cực.",DISCOVERED_UNSCREENED
MOH-KCB,kcb.vn,DQ-EVID-03,6,https://kcb.vn/tin-tuc/duoc-si-benh-vien-phai-la-mot-tru-cot-cua-chat-luong-dieu-tri-va-an-toan-nguoi-benh.html,Dược sĩ bệnh viện phải là một trụ cột của chất lượng điều ...,"... trí tuệ nhân tạo; qua đó, góp phần hoàn thiện cơ chế, chính ... kết quả dược lâm sàng vào tiêu chí chất lượng bệnh viện. Hai là, đưa ...",DISCOVERED_UNSCREENED
MOH-KCB,kcb.vn,DQ-EVID-03,7,https://kcb.vn/tin-tuc/hoi-nghi-nghien-cuu-vien-ung-thu-phoi-toan-quoc-ghi-nhan-nhieu-tien-bo-tu-nghien-cuu-lam-sang.html,Hội nghị nghiên cứu viên ung thư phổi toàn quốc ghi nhận ...,"Phát biểu tại hội nghị, Thứ trưởng Bộ Y tế Nguyễn Thị Liên Hương cho ... Các phương pháp điều trị đã được thay đổi một cách mạnh mẽ sau kết quả ...",DISCOVERED_UNSCREENED
MOH-KCB,kcb.vn,DQ-EVID-03,8,https://kcb.vn/upload/2005611/20210723//SO-TAY-HUONG-DAN-DANH-GIA-THUC-HIEN-TIEU-PXN_ban-cuoi_up.pdf,sổ tay hướng dẫn đánh giá việc thực hiện tiêu chí ...,"**BỘ Y TẾ** **CỤC QUẢN LÝ KHÁM, CHỮA BỆNH**

# CỤC QUẢN LÝ KHÁM, CHỮA BỆNH
**SỔ TAY HƯỚNG DẪN**

# PHÒNG XÉT NGHIỆM Y HỌC
## MỤC LỤC
24 QUẢN LÝ TRANG THIẾT BỊ............................................... CHƯƠNG VI. ĐÁNH GIÁ NỘI BỘ.............................................................. QUẢN LÝ MUA SẮM, TRANG THIẾT BỊ, VẬT TƯ,..... Phụ lục 4 MẪU BIÊN BẢN KẾT QUẢ ĐÁNH GIÁ MỨC CHẤT LƯỢNG

# CHẤT LƯỢNG PHÒNG XÉT NGHIỆM Y HỌC
## CHƯƠNG I. TỔ CHỨC VÀ QUẢN TRỊ PHÒNG XÉT NGHIỆM
| NQI DUNG TIÈU CHÍ | NQI DUNG DÁNH GIÁ |
|-|-|
| 1.9. Có bằng chúng về việc phbioieng tuap huàn về sô tay chat lươngcho tát ca nhấn viến PXN vànhung người liên quan. | Kiem tra hồ sơ/phiieu hoạc bằng ch Trung khác cho tháy có phổ biénSTCLKiem tra xem có bàn sao (bân giấy hoạc bàn dien tur) STCL tái vj tridē tiép cân cho nhăn viến PXN |
| 1.10. PXN có văn bảnphan côngcong viếc cho tùng nhanziien | Xem xét bån mò tà công viêce của nhanziien, hồ sơ phần côngcongviêce hạngng ngây/hàng tuan/hàng tháng dối với tát ca hoagt dòng cuaPXN. PXN cân luru bắnphan côngcong viêce cho nhanziien. Banpharan côngcong viêce có chữ ký của người chiu trách nhiêmphan công |
| Hop rà soát, xem xét của lanhdao don vj chủ quán |  |
| 1.11. PXN có to chúc hop xemxét hệ thống QLCL do linh daoho赦người duroc uy quyen chù triit nhật 1 lân/nam. | Hop xem xét với lanh dao cua don vj phải thực hiện it nhật 1nám/lân; tuy nhiên, tân suait hop có thể nhiều hom khi hệ thông quanlychât lurog môi và dang durc thiêt láp.Xem kей hoachhop với lanh dao và doi chiêu voj bièn bắnhop vớilanh dao để bão dam hop lanh dao duoc tiên hánh theo thời gian dẻra Trong biên bắn cóphan tongk kết/kết luận và dura ra phurongpháp/biên pháp giai quyet cua lanh dao co sò. |
| 1.12. Nói dung hop có bao gôm: | Xem biên bắn hop với lanh dao truóc day cua PXN. Kiem tra các noidung sau có durc dè cập và thao luận trong cuoc hopf. |
| b) Xem xét các yêu cuau xétnghiém và sur phiu hop cuaquy trinh và yeu cau ve mâubênphạm |  |
| c) Dành già sự hài lông vàph�n hội cua khách hang; |  |
| d) Góp y cua nhanziien; |  |
| f) Dành già nguy cσ | Noi dung hop có dành già các nguy cσ có thể liên quan dénhoatdòng cua PXN(an toàn sinh học, kёт qua xét nghiem, cσ so vát chát,trang thiêt bj,...) |
| g) Áp dung các chi số chátluống |  |

| NQI DUNG TIEU CHÍ | NQI DUNG DÁNH GIÁ |
|-|-|
|  | Luru y: kiem tra uy quyên cua truông khoa |
| 2.3. Tát các các tài liệu được bao quan họp lý dê dàng truy cấp | - Kiem tra ngau nhiên các vj trí luai tài liệu theo nhur mô tả trong QTKSTL |

# CHƯƠNG VII. QUẢN LÝ MUA SẮM, TRANG THIẾT BỊ, VẬT TƯ, HÓA CHẤT VÀ SINH PHẨM
| NQI DUNG TIEU CHÍ | NQI DUNG DÁNH GIÁ |
|-|-|
| Giai doan Truc xét nghiêm |  |
| 8.1. Các mẫu XN durgc gui cung phieu yeu cuauXN | - Quan sát vj trí nhàn mâu benth phâm tai PXN,xem các maude XN có durgc gui cung phieu yeu cuauxet nghiem hay khong.- Phieu Yeu cuau xet nghiem có thể ở dang phieu xet nghiem in sān hay dang dien tu. |
| 8.2. Phieu yeu cuau xet nghiem có dày du cácthong tin sau khONG | - Kiem tra các phieu yeu cuau xet nghiem tai PXNCó dây du thong tin nhur yeu cuau. |
| a) Thông tin xác định nguoi benth, bao góm:Ho tên, gioit tinh, ngay thang nám sinh, dlaichi thong tin lièn lac của nguoi benth,và mãsо xác nhận duy nhật |  |
| b) Loài mẫu ban d'au; |  |
| c) Các xét nghiem yeu cuau; |  |
| e) Ngagy va gioit lay maude benth phâm;tên nh�nviên lafy maude; | Xem phieu chi dinh xét nghiem/ bäng chung,hô sơlru cua khoa xét nghiem. |
| g) Tên và chirurg ký của bác sì chi dinh xétnghiém. |  |
| 8.3. PXN có quy trinh nhăn maude,bao gôm nosti dung sau(***) | - Kiem tra các nối dung liett kê duróc co duróc baogom trong quy trinh.- Kiem tra quy trinh/sò tay, huóng dân lafy maude,bao quan,văn chuyen,giao,nh�n,tú chói maude |
| a) Xác định thông tin của nguoi benth tren maude benth phâm; |  |
| b) Mãu XN durgc dành giá chlap luong theo tiêuchi chap nhạn hay loài bố maude; | - Quan sât nh án viến PXN có xem xét kiêm tracháp luong maude và gli chép thông tin khi nhánhkhòng |
| c) Có hô so tiép nh�n maude,ghi rõ thôi gianvanguoi nhän; | - Kiem tra hô so tiép nh�n maude có gli thông tinchát luong maude khi nhánh,nguer/i/cơ sơ guī maude(cóthelr luohô so dien tù hay hô so giáy) |
| d) Khi maude XN ban dAu durgc chia nhô,PXNco phương pháp để xác định nhañ dien maudecua nguoi benth tù maude XN ban dAu; |  |
| Giai doen Trong xét nghiem |  |
| 8.4. PXN xây dung và thuc hiên cac quy trinh xет ngiem cho các XN dang thuc hiên tai PXN, cac quy trinh XN bao gom nhung noi dung sau (***) | - Doi chiêu danh muc xét ngiem cua PXN và turong timg vội cac QTC mà PXN dax xay dinng. Thiu tu và sò lurong cac muc trong noi dung cua QTC không nhát thieti phai giông hết yeu cau cua Quyet dinh số 5530/QD-BYT vê huong dán xay dinng QTC nhung can có tôi thieu cac noi dung sau. |
| -Xem các biêu muku kем theo QTC |  |
| b) Pham vi ap dinng; |  |
| c) Trách nhiem thuc hiên; |  |
| g) Kiêm tra chát luồng |  |
| j) Diên giài và báo cao kêt qua (bao gom cach tính toàn kêt qua XN dinh luồng, néu liến quan; khoang tham chiereum hoác cac giá trì quyet dính lâm sàng; khoang bao cao cua cac kêt qua xét ngiem; Huong dãn xác dính kêt qua dính luồng khi một kêt qua nám ngoaï khoang do; Giá trì tiri ngurong/bào dòng; Nguôn bién thièn tiém |  |
| tàng; Giài thich kết quà cúa PXN; |  |
| 8.5. PXN xây dung và thúc hien quy trìnhKIEM soát chât lurng | - Kiem tra quy trinh/chính sách/huong đ�n thucHIENKIEM soát chât lurng cua PXN-PCN can thiétlap và trichi khai hệ thông de baodam chât lurng kết quả xет nghiém,có thể bảngcach thuc hien noi,ngoi kiém;s sûr dung mau mu,xet nghiém song song cho tát ca các xет nghiémdang thuc hien |
| 8.6. PXN xây dung quy định tam dung trả kếtquachkhách hang neu kết quả niğiKIEM không dat | - PCN có the khòng CAN QTC rieng về viiec tamduring trả kếtquacity,co thể lóng vào quy trinhKhachehoac có quý dịnh durôi dang ván ban ve các burócthuc hien khi tam dung kết quả XN. |
| 8.7. PXN thực hien nộiKIEM ở 2 mức giá trì khächehu cho các XN định lurng(*); | - Kiem tra hô so chay nộiKIEM của các XN địnhlurng,it nhật 2 mure-Kiem tra biên do Levy-Jennings cho tát cạ cácxét nghiém dinh lurng.Kiem tra xu hurong và su thayd钧 và ghijai tát cạ các vände khi QCnamngoai khoang cho phép, xem xét hô so cho thayerhanh dòng khắc phue duróc thuc hien khi kếtquacity trCho người benth.-Chủ y; khi dành gia thue hiên các Tiêu chi 8.7,8.8,8.9,8.10,cuid Danh muc xét nghiém dpung dê liến thông,cong nhuan kết quảxетnghiém(duróc ban hàn kêm theo Quyét dínhsố3148-QD-BYT ngay 07/7/2017 cua BỘ Yé);+PXN durgc xép dát Mice 3 toi thiêu phai dipung durgc cảiTiêuchi nay vơi cáckhy tuậtPXNdang thuc hien có tén trong Danh muc xenetghiemdê liến thông cua Quyét dính nếu tren+PXN durgc xép dát Mice 4 toi thiêu phai cós洛lungkhy tuậtXN có thuc hien n伯爵kiemdtuir80% so với danh mucKT cua PXN+PXN durgc xép dát Mice 5 toi lungkhy tuậtXN có thuc hien n伯爵kiemdtitur100% so vớidanh mucKT cua PXN |
| 8.8. Thực hien nộiKIEM chirurg am,chirurg durongdoi với các xет nghiém dinh tinh (*) | - Kiem tra hô so thuc hien n伯爵KIEM xem co baogom chirurg am và chirurg durong khi thuc hienXNkhiong.Kiem tra xem ketter qua n伯爵ció dátvaudurog xem xét trước孝ki trả kết quábhong |

| NQI DUNG TIEU CHÍ |  |
|-|-|
| 8.9. Voi xét nghiem bán dính lurong thuc hien mau noi kiem trong bò kit kiem theo hoac vát liu noi kiem khac(*) | - Kiem tra hô so thuc hien noi kiem cua các xét nghiem bàn dinh lurong.Mau noi kiem phai là mau khong kem theo bò kit(nieu co).Kiem tra xem ket qua noi kiem có dat và duoc xem xét truc oki trà ket quá khong |
| 8.10. Voi xét nghiem sù dung test nhanh can thuc hien noi kiem dinh kry truen mau noi kiem khac bao gom ca chung am và chung durong (neu co)(*) | - Xem hô so thuc hien noi kiem xem có gih chép lai viéc thuc hien mau chung dóc lap khong.Kiem tra xem ket qua noi kiem có dat và duoc xem xét truc oki trà ket quá khong-PXN có dạng d các mau biêt kет quá, duoc kiem tra bàng ky thuat cao/d các hieu hom dẻ lam mau noi kiem cho các xét nghiem nhanh. |
| 8.11. Thúc hien noi kiem dòng thói hoac truc khi hàn hxe tény nghiem trên mau người bénh(*) | - Xem xét hô so thuc hien noi kiem cua các xét nghiem, kiem tra thôi gian thuc hien noi kiem và két quá. |
| 8.12. Khi két qua noi kiem không dat,PXN tím kiem Nguyennhan và khắc phuc, chi thuc hien tiëp XN sau khi dả ho�n thành viêc khäche phuc(***) | - Kiem tra hô so cho thay các ketter quá xét nghiem chi duoc tra cho người bènshau khi hàn dòng khäche phuc duoc thuc hien |
| 8.13. Kết qua noi kiem duoc xem xét dính ky nhám phát hien và khäche phuc nhurg xu hurong anh hương toi két quá XN | - Kiem tra bàng chirurg cho thày ketter quá noi kiem duoc xem xét dính ky nhạm khäche phuc nhurg sai sót |
| 8.14. PXN xây dung huron dân thuc hien ngoai kiem hoac so sánh liến phòng | - Kiem tra sinh sách/huron dân thuc hien NGOAI kiem cua PXN.Neu khONG có mAu NGOAI kiem,phng xét nghiem can thuc hien so sánh või PXNKhacle.Mau EQA phai thuc hien cung või mAuNGUI bènh.-Hu滔 dân cán neu rö mAu NGOAI kiem phai duoc xử lý nuhu nguruí bènh. |

# Độc lập – Tự do – Hạnh phúc
## I. THÔNG TIN ĐƠN VỊ ĐƯỢC ĐÁNH GIÁ
Số và trích yếu của Quyết định đoàn kiểm tra: số /QĐ-ngày / /201",DISCOVERED_UNSCREENED
MOH-KCB,kcb.vn,DQ-EVID-03,9,https://kcb.vn/upload/2005611/20260609/2_TCCL_nang_cao_ba253.pdf,TIÊU CHUẨN CHẤT LƯỢNG NÂNG CAO ĐỐI VỚI ...,"Sự phát triển của công nghệ y tế: Y học chính xác, AI, BigData, IoT… ... Dựa trên Mô hình Cấu trúc – Quy trình – Kết quả. Mỗi tiêu chuẩn bao ...",DISCOVERED_UNSCREENED
MOH-KCB,kcb.vn,DQ-EVID-03,10,https://kcb.vn/upload/2005611/20250425/Cong_bo_CSTH_-_BVDK_Thu_Do_b0fb3.pdf,CÔNG TY CỔ PHẦN BỆNH VIỆN ĐA KHOA THỦ ĐÔ - Số,H. DAI. AI TU. ĐA KHOA. THỦ ĐÔ. T. C.T.C.P. *. MAI NGUYỄN. GIÁM ĐỐC. Lưu Văn ... + Trả kết quả cho người bệnh hoặc cho khoa lâm sàng sau khi có ...,DISCOVERED_UNSCREENED
MOH-KCB,kcb.vn,DQ-EVID-03,11,https://kcb.vn/tin-tuc/hoi-nghi-thuong-nien-clb-giam-doc-cac-benh-vien-khu-vuc-phia-nam-lan-thu-22-tap-trung-chuyen-doi-so-va-thuc-thi-phap-lua.html,Hội nghị thường niên CLB Giám đốc các bệnh viện khu ...,"... bệnh viện cần chuẩn bị gì để triển khai Bệnh án điện tử; Cải thiện chất lượng chăm sóc sử dụng nền tảng EQIS, kết quả sử dụng công cụ AI tại 7 ...",DISCOVERED_UNSCREENED
MOH-KCB,kcb.vn,DQ-EVID-03,12,https://kcb.vn/chat-luong/le-khoi-dong-du-an-tang-cuong-he-thong-phat-trien-nang-luc-cho-nhan-vien-y-te-thong-qua-kham-chua-benh-tu-xa-.html,Lễ khởi động Dự án “Tăng cường Hệ thống phát triển năng ...,"... tế và không để ai bị bỏ lại phía sau. Trong bối cảnh đất nước ... Bộ Y tế cam kết sẽ luôn quan tâm, chỉ đạo sát sao, đồng hành cùng ...",DISCOVERED_UNSCREENED
MOH-KCB,kcb.vn,DQ-EVID-03,13,https://kcb.vn/tin-tuc/hop-tac-quan-ly-tang-huyet-ap-dai-thao-duong-tai-y-te-co-so.html,"Hợp tác quản lý tăng huyết áp, đái tháo đường tại y tế cơ sở","Việc ký kết được tổ chức trong bối cảnh ngành y tế Việt Nam đang ... Đồng thời ứng dụng công nghệ số, trí tuệ nhân tạo, telemedicine và ...",DISCOVERED_UNSCREENED
MOH-KCB,kcb.vn,DQ-EVID-03,14,https://kcb.vn/upload/1003582/fck/hathu/phongkhamdakhoa.pdf,11 Phòng khám đa khoa tư nhân uy tín ở Hà Nội ...,"Khi kết quả sẵn có, bệnh nhân sẽ được gặp lại bác sĩ để thảo luận, giải thích và nhận tư vấn về phương pháp điều trị phù hợp. Nếu bệnh nhân đồng ...",DISCOVERED_UNSCREENED
MOH-KCB,kcb.vn,DQ-EVID-03,15,https://kcb.vn/upload/15113/fck/benh-vien/86975242627.pdf,Bệnh Viện Cách Mạng Tháng 8: Vì sức khỏe cộng đồng.,"Được thành lập với mục tiêu giảm tải cho các bệnh viện công, cơ sở này mang đến dịch vụ y tế chất lượng cao với phương châm ""Kết quả chuẩn vàng – An toàn chữa"".",DISCOVERED_UNSCREENED
MOH-KCB,kcb.vn,DQ-EVID-03,16,https://kcb.vn/upload/2005611/20210723//H%C6%B0%E1%BB%9Bng-d%E1%BA%ABn-th%E1%BB%B1c-h%C3%A0nh-d%C6%B0%E1%BB%A3c-l%C3%A2m-s%C3%A0ng-cho-D%C6%B0%E1%BB%A3c-s%E1%BB%B9-trong-m%E1%BB%99t-s%E1%BB%91-b%E1%BB%87nh-kh%C3%B4ng-l%C3%A2y-nhi%E1%BB%85m.pdf,HƢỚNG DẪN THỰC HÀNH DƢỢC LÂM SÀNG CHO ...,"**BỘ Y TẾ** **CỤC QUẢN LÝ KHÁM CHỮA BỆNH**

# PGS.TS.BS. Lương Ngọc Khuê
## DANH MỤC CHỮ VIẾT TẮT TIẾNG VIỆT
| Từ vieti tát | Chú giái tieng Viêt |
|-|-|
| TNLS | Thủ nghiêm lâm sàng |
| TTCQD | Tôn thuong cơ quan dích |
| TTM | Truyên tĩnh mạch |
| TZD | Nhóm thiazolidinedion |
| UCMC | Nhóm thuóc úc chê men chuyen |
| XVDM | Xo vũra dông mạch |
| YTNC | Yêu tónguy cơ |

| Từ vieti tát | Chú giài tieng Anh | Chú giài tieng Viêt |
|-|-|-|
| ER | Extended release | Phóng thích kéo dài |
| ESA | Erythropoiesis – stimulating agent | Tác nhận kích thích hông câu |
| ESRD | End Stage Renal Disease | Bênh than giai doạn cuói |
| HbA1c | Hemoglobin A1c | Hemoglobin A1c |
| HEpEF | Heart failure with preserved ejection fraction | Suy tim phân suất tong máu bao tôn |
| HFrEF | Heart failure with reduced ejection fraction | Suy tim phân suất tong máu giàm |
| HIV | Human Immunodeficiency Virus | Virus@gây suyi giâm miên dich ở nguroi |
| LDL | Low Density Lipoprotein | Lipoprotein ty tr�ng tháp |
| LVEF | Left ventricular ejection fraction | Phân suất tongue máu thật trái |
| MAP | Medication action plan | Kể hoạch hành dòng về thuóc |
| NSAID | Non-steroidal anti-inflammatory | Thước chóng viêm không steroid |
| PD-1 | Program death 1 | Program death 1 |
| PD-L1 | Programmed death-ligand 1 | Programmed death-ligand 1 |
| PET | Positron Emission Tomography | Ghi hình cát lóp Positron |
| PIVKA-II | Prothrombin induced by vitamin K absence-II | Yếu tố prothrombin do thieu vitamin K - II |

| Từ vieti tát | Chú giài tiêng Anh | Chú giài tiêng Viêt |
|-|-|-|
| PO | Per Oral | Duòng uóng |
| ROS-1 | ROS proto-oncogene 1 | ROS proto-oncogene 1 |
| SU | Sulfonylurea | Nhóm thuóc sulfonylurea |
| TACE | Transcatheter arterial chemoembolization | Nút dông mạch bàng hóa chât qua óng thông |
| TDM | Therapeutic Drug Monitoring | Giám sát trị liêu bàng thuóc |
| TKI | Tyrosine kinase inhibitor | Thuóc úc ché tyrosine kinase |
| TMB | Tumor Mutation Burden | Luqng dở biên cúa tê bào buóu |
| TZD | Thiazolidinedione | Nhóm thiazolidinedion |

# TRONG MỘT SỐ BỆNH TIM MẠCH
## 1.1.2. Điều trị
**Ngƣỡng HA phòng khám ban đầu cần điều trị trong các tình huống lâm sàng** **Bảng 3.5.**

# Chƣơng 4. THỰC HÀNH DƢỢC LÂM SÀNG TRONG CHUYÊN NGÀNH UNG THƢ
## Lựa chọn tài liệu tra cứu
biến tại Mỹ.

tương tác, mức độ ý nghĩa của tương tác, hậu quả của tương tác, biện pháp kiểm soát nặng và mức độ y văn ghi nhận về tương tác.

**Bảng 2.** **PL4.6.**

Bảng 6.

**Bảng 6.** **PL4.6.**

| I. Thông tin chung |  |
|-|-|
| 3 | Duộc sĩ kiêm tra: |
|  |  |
| 2 | Bênh nh�n: |
|  | -Kết quà xét nghiem mái |
|  | □Có bát thuurng. Cu thế: |",DISCOVERED_UNSCREENED
MOH-KCB,kcb.vn,DQ-EVID-03,17,https://kcb.vn/upload/2005611/20210723//H%C6%B0%E1%BB%9Bng-d%E1%BA%ABn-th%E1%BB%B1c-hi%E1%BB%87n-PHCN-d%E1%BB%B1a-v%C3%A0o-c%E1%BB%99ng-%C4%91%E1%BB%93ng.pdf,HƯỚNG DẪN tHực HiệN PHỤc HỒi cHỨc NĂNG DựA ...,"Chương trình sẽ đem lại thay đổi và tiến triển gì? Chương trình sẽ đem lại kết quả tức thời như thế nào, có lợi ích gì và cho ai?",DISCOVERED_UNSCREENED
MOH-KCB,kcb.vn,DQ-EVID-03,18,https://kcb.vn/gioi-thieu-cac-phong-cua-cuc/phong-quan-ly-chat-luong-va-chuyen-giao-ky-thuat,Phòng Quản lý Chất lượng và Chuyển giao kỹ thuật,"... trí tuệ nhân tạo trong hoạt động của các cơ sở khám bệnh, chữa bệnh ... e) Tổng hợp, báo cáo kết quả kiểm tra, đánh giá bệnh viện hàng năm.",DISCOVERED_UNSCREENED
MOH-KCB,kcb.vn,DQ-EVID-03,19,https://kcb.vn/upload/2005611/20260303/Bai_1_Tam_quan_trong_cua_so_lieu_tu_vong_9210f.pdf,HƯỚNG DẪN MÃ HOÁ TỬ VONG,Ai là người chịu trách nhiệm ? Page 32. Thông tư. 24/2020/TT-. BYT ngày. 28/12 ... • Cập nhật kết quả giám định pháp y về nguyên nhân tử vong. Page 50. Phiếu ...,DISCOVERED_UNSCREENED
MOH-KCB,kcb.vn,DQ-EVID-03,20,https://kcb.vn/tin-tuc/le-phat-dong-cuoc-thi-co-so-y-te-khong-khoi-thuoc-la-lan-ii.html,Lễ phát động cuộc thi “Cơ sở y tế không khói thuốc lá” lần II,"... trí tuệ nhân tạo (AI) và hệ thống camera số để triệt tiêu mọi ""điểm mù"" khói thuốc lá, biến bệnh viện thành một môi trường trong lành tuyệt đối.",DISCOVERED_UNSCREENED
MOH-KCB,kcb.vn,DQ-EVID-03,21,https://kcb.vn/tin-tuc/tang-cuong-tiep-can-y-te-toan-dien-trong-linh-vuc-suc-khoe-phoi.html,Tăng cường tiếp cận y tế toàn diện trong lĩnh vực sức khỏe ...,"... bệnh phổi; Thúc đẩy tầm soát, chẩn đoán sớm, điều trị hiệu quả các bệnh phổi không lây nhiễm; Ứng dụng công nghệ số, trí tuệ nhân tạo (AI) ...",DISCOVERED_UNSCREENED
MOH-KCB,kcb.vn,DQ-EVID-03,22,https://kcb.vn/tin-tuc/le-ky-ban-ghi-nho-vi-doi-mat-viet-thuc-day-xay-dung-mo-hinh-quan-ly-toan-dien-benh-ly-vong-mac-va-phu-hoang-diem-do-dai-.html,Lễ ký Bản ghi nhớ “Vì đôi mắt Việt” Thúc Đẩy Xây Dựng Mô ...,Việc ứng dụng các công nghệ mới như trí tuệ nhân tạo (AI) trong khám ... Chúng tôi cam kết hỗ trợ người bệnh đái tháo đường được chẩn ...,DISCOVERED_UNSCREENED
MOH-KCB,kcb.vn,DQ-EVID-03,23,https://kcb.vn/upload/2005611/20230927/Bao_cao_danh_gia_he_thong_PHCN_quoc_gia_b5b91.pdf,BÁO CÁO KẾT QUẢ ĐÁNH GIÁ THỰC TRẠNG NĂNG LỰC ...,"Thúc đẩy dịch vụ PHCN dựa trên kết quả và lấy người bệnh làm trung tâm. ... PHCN thường giúp tối ưu hóa kết quả phẫu thuật, giảm thời gian nằm ...",DISCOVERED_UNSCREENED
MOH-KCB,kcb.vn,DQ-EVID-03,24,https://daithaoduong.kcb.vn/upload/files/Du-thao-huong-dan_YHGD-y-te-co-so.docx,Du thao huong dan_YHGD y te co so - Đái Tháo Đường,"... kết quả quản lý điều trị nếu đánh giá bệnh nhân theo định kỳ. Kê đơn, cấp phát thuốc tại nhà nếu cần. Hướng dẫn sử dụng thuốc theo đơn, lịch hẹn khám lại; kết ...",DISCOVERED_UNSCREENED
MOH-KCB,kcb.vn,DQ-EVID-03,25,https://kcb.vn/tin-tuc/chuong-trinh-hop-tac-tang-cuong-nang-luc-he-thong-giam-sat-quoc-gia-ve-khang-thuoc-cua-cac-vi-sinh-vat-tai-viet-nam.html,Chương trình hợp tác tăng cường năng lực Hệ thống giám ...,"Cục Quản lý Khám, chữa bệnh và Tổ chức FHI-360 tại Việt Nam ký cam kết. “Trong bối cảnh đó, sự hỗ trợ từ Quỹ Fleming của Chính phủ Anh và Bắc Ai ...",DISCOVERED_UNSCREENED
MOH-KCB,kcb.vn,DQ-EVID-03,26,https://kcb.vn/upload/2005611/20210723/b27cb74db028db1162da532f81a160d8861_CBR-Vietnam-1-press-final.pdf,Hướng dẫn,So sánh về kết quả PHCN tại bệnh viện và tại nhà cho những người bị tổn thương não: một bài viết mang tính hệ thống. Neurorehabilitation and Neural Repair ...,DISCOVERED_UNSCREENED
MOH-KCB,kcb.vn,DQ-EVID-03,27,https://kcb.vn/upload/1003582/fck/hathu/bxhdiachi.pdf,9 Địa chỉ xét nghiệm khám bệnh xã hội ở đâu,"Phòng xét nghiệm bệnh xã hội của bệnh viện được trang bị thiết bị y tế hiện đại, đảm bảo cung cấp kết quả xét nghiệm nhanh chóng và chính xác.",DISCOVERED_UNSCREENED
MOH-KCB,kcb.vn,DQ-EVID-03,28,https://kcb.vn/upload/2005611/20210722/1f4183ffcd9b91533285c46bcf6f7eb4KTCLBV-2015-Dieu-chinh-25-11.xls,Kiểm tra bệnh viện 2008,"AI, AJ, AK, AL, AM, AN, AO, AP, AQ, AR, AS, AT, AU, AV, AW, AX, AY, AZ, BA. 1, IX. BÁO CÁO ... Áp dụng các kết quả khảo sát đánh giá của nhân viên y tế vào việc ...",DISCOVERED_UNSCREENED
MOH-KCB,kcb.vn,DQ-EVID-03,29,https://kcb.vn/upload/1003582/fck/hathu/benhlaudiachi.pdf,9 Địa chỉ xét nghiệm khám chữa bệnh lậu ở đâu tốt nhất,Quá trình xét nghiệm bệnh lậu đóng vai trò quan trọng trong việc đưa ra kết luận chẩn đoán về tình trạng sức khỏe sinh sản của người dùng dịch ...,DISCOVERED_UNSCREENED
MOH-KCB,kcb.vn,DQ-EVID-03,30,https://kcb.vn/tin-tuc/tiep-them-nang-luong-cho-benh-nhan-dai-thao-duong-tip-1.html,Tiếp thêm năng lượng cho bệnh nhân Đái tháo đường típ 1,... bệnh nhân Đái tháo đường típ 1 - Kết nối và Chia sẻ. Sự kiện ... ai đang sống chung với căn bệnh này. Với những hoạt động bổ ích và ý ...,DISCOVERED_UNSCREENED
MOH-KCB,kcb.vn,DQ-EVID-03,31,https://kcb.vn/upload/20385/fck/files/dia-chi-va-mang-trinh-o-dau-ha-noi.pdf,8 địa chỉ vá màng trinh ở đâu tốt nhất Hà Nội - 0366.880.866,"Bác sĩ giỏi sẽ giúp hạn chế tối đa tổn thương, đồng thời mang lại kết quả tự nhiên hơn sau khi hồi phục. ... ai bận rộn. Bạn cũng có thể đặt lịch trước để.",DISCOVERED_UNSCREENED
MOH-KCB,kcb.vn,DQ-EVID-03,32,https://kcb.vn/tin-tuc/hon-100-benh-vien-trien-khai-ky-thuat-can-thiep-mach-than-kinh.html,Hơn 100 bệnh viện triển khai kỹ thuật can thiệp mạch thần ...,Hội nghị năm nay đặc biệt chú trọng vào việc ứng dụng Trí tuệ nhân tạo (AI) trong chẩn đoán sớm đột quỵ. ... kết nối đa chiều. Không chỉ ...,DISCOVERED_UNSCREENED
MOH-KCB,kcb.vn,DQ-EVID-03,33,https://kcb.vn/upload/13428/fck/tphcm/91758992527.pdf,Đến ngay Trung tâm y tế nam khoa Tháng Tám,Đây là chọn lựa lý tưởng cho những ai đang tìm kiếm dịch vụ y tế nam khoa ... Liệu pháp Đông Tây y kết hợp: Tăng cường hiệu quả trị một số bệnh lý mãn.,DISCOVERED_UNSCREENED
MOH-KCB,kcb.vn,DQ-EVID-03,34,https://kcb.vn/upload/2005611/20210723/3128_QD-BYT_Huong-dan-chan-doan-va-dieu-tri-ung-thu-vu.pdf,Hướng dẫn chẩn đoán và điều trị ung thư vú,"Nếu thực sự có chống chỉ định tamoxifen, sử dụng chất đồng vận GnRH kết hợp AI. Bệnh nhân có thai. Chỉ đƣợc sử dụng thuốc nội tiết sau khi bệnh ...",DISCOVERED_UNSCREENED
MOH-KCB,kcb.vn,DQ-EVID-03,35,https://kcb.vn/upload/1003582/fck/hathu/daitienramaudiachi.pdf,Đại tiện ra máu khám ở đâu? 8 Địa chỉ chữa đi,"trị tiên tiến, kết hợp giữa y học hiện đại và y học cổ truyền, nhằm mang lại kết quả tốt nhất cho bệnh nhân. ... đáng là địa chỉ tin cậy cho những ai đang gặp.",DISCOVERED_UNSCREENED
MOH-KCB,kcb.vn,DQ-EVID-03,36,https://kcb.vn/tin-tuc/cong-tac-y-te-gop-phan-vao-thanh-cong-cua-sea-games-31-tai-viet-nam.html,Công tác y tế góp phần vào thành công của SEA Games ...,... kết bóng đá SEA Games sẽ là những hình ảnh ấn tượng mà các cán bộ y ... ai cũng thực hiện tốt nhiệm vụ của mình. PGS.TS Lương Ngọc Khuê ...,DISCOVERED_UNSCREENED
MOH-KCB,kcb.vn,DQ-EVID-03,37,https://kcb.vn/tin-tuc/hoi-nghi-khoa-hoc-phuc-hoi-chuc-nang-toan-quoc-nam-2025-tri-tue-nhan-tao-mo-huong-phat-trien-moi-cho-phuc-hoi-chuc-nang-.html,Hội nghị Khoa học Phục hồi chức năng toàn quốc năm 2025,"Năm 2025 đánh dấu bước chuyển mình mạnh mẽ của y học thế giới, trong đó trí tuệ nhân tạo (AI) đang dần trở thành một phần không thể tách rời của ...",DISCOVERED_UNSCREENED
MOH-KCB,kcb.vn,DQ-EVID-03,38,https://kcb.vn/upload/2002035/fck/dia-chi-kham-chua-mun-rop-sinh-duc-o-ha-noi.pdf,8 Địa chỉ khám chữa bệnh mụn rộp sinh dục ở Hà Nội,"đạt kết quả như mong muốn. Đội ngũ bác sĩ tại bệnh viện được đào tạo bài bản ... khá đáng chú ý, đặc biệt với những ai ưu tiên yếu tố chuyên môn và sự ...",DISCOVERED_UNSCREENED
MOH-KCB,kcb.vn,DQ-EVID-03,39,https://kcb.vn/tin-tuc/hoi-nghi-thuong-nien-clb-giam-doc-benh-vien-khu-vuc-phia-bac-nam-2024-doi-moi-tu-duy-trong-quan-tri-benh-vien.html,Hội nghị thường niên CLB Giám đốc Bệnh viện Khu vực ...,"... trí tuệ nhân tạo, như hệ thống AI chẩn đoán ung thư phổi từ ảnh CT và mô bệnh học do bệnh viện phát triển. Tặng sách chuyên môn cho các bệnh ...",DISCOVERED_UNSCREENED
MOH-KCB,kcb.vn,DQ-EVID-03,40,https://kcb.vn/upload/2005611/20230927/Bao_cao_danh_gia_thuc_hien_KH_PHCN_gd_2014-2020_bbcf1.pdf,báo cáo nghiên cứu đánh giá tình hình thực hiện kế,"đại hóa và phát triển y học cổ truyền, kết hợp y học cổ ... Về việc thành lập bệnh viện PHCN tuyến tỉnh: Kết quả khảo sát cho thấy, đến năm.",DISCOVERED_UNSCREENED
MOH-KCB,kcb.vn,DQ-EVID-03,41,https://dotquy.kcb.vn/upload/15113/fck/benh-vien/63656531014.pdf,Hướng dẫn khám bệnh tại Bệnh Viện Cách Mạng Tháng 8 Quận 3,"Được thành lập với mục tiêu giảm tải cho những bệnh viện công, cơ sở này mang đến dịch vụ y tế uy tín cao với phương châm ""Kết quả chuẩn vàng – An toàn trị"".",DISCOVERED_UNSCREENED
MOH-KCB,kcb.vn,DQ-EVID-03,42,https://kcb.vn/upload/2001735/fck/admin/dia-chi-phong-kham-tri-uy-tin.pdf,19 Địa chỉ phòng khám chữa bệnh trĩ ở đâu tốt nhất Hà Nội,"... kết hợp hài hòa giữa các phác đồ y tế chuẩn ... Nổi danh vang dội trong lĩnh vực sản phụ khoa và hỗ trợ sinh sản, song ít ai biết rằng Bệnh viện Bưu Điện cũng sở.",DISCOVERED_UNSCREENED
MOH-KCB,kcb.vn,DQ-EVID-03,43,https://kcb.vn/upload/2005611/20240813/Cong_bo_CSTH_-_Benh_vien_Binh_Dinh_4ecce.pdf,CÔNG TY CP BVĐK BÌNH ĐỊNH BỆNH VIỆN BÌNH ĐỊNH - Só,"... kết quả đào tạo tại bệnh viện. (trách nhiệm chung);. Phê duyệt kế ... AI-CCHN. Sản phụ khoa. 3. Võ Hoàng. Nhân. Khám bệnh, chữa. BS.CKI. 006288 ...",DISCOVERED_UNSCREENED
MOH-KCB,kcb.vn,DQ-EVID-03,44,https://kcb.vn/upload/2005611/20260303/Bai_5__Bai_tham_khao_ve_qui_trinh_a9b11.pdf,triển khai phiếu chẩn đoán nguyên nhân tử vong tại cơ sở ...,"Tổ chức Tập huấn, báo cáo đánh giá kết quả thực hiện MCCD hàng năm. ... Ai là người lập chuỗi sự kiện và bệnh lý dẫn đến tử vong trong ...",DISCOVERED_UNSCREENED
MOH-KCB,kcb.vn,DQ-EVID-03,45,https://dotquy.kcb.vn/upload/13428/fck/tphcm/86811952614.pdf,"Sức khỏe của bạn, sứ mệnh của Trung tâm y tế nam","TP Hồ Chí Minh , kết hợp với công nghệ y tế hiện đại từ một số nước phát ... ai-phong-kham-da-khoa-thang- · tam-2022101614421361.htm · https://tuoitre.vn ...",DISCOVERED_UNSCREENED
MOH-KCB,kcb.vn,DQ-EVID-03,46,https://kcb.vn/kham-chua-benh/can-thiep-som-tu-ky/nhung-hieu-lam-khien-chung-tu-ky-kho-chua.html,Những hiểu lầm khiến chứng tự kỷ khó chữa,"Không ai khác, cha mẹ ... Đợt 1 trẻ đã rất tốt, nhưng về nhà cha mẹ không có thời gian, sao nhãng với con thì kết quả “đâu lại đóng đấy”.",DISCOVERED_UNSCREENED
MOH-KCB,kcb.vn,DQ-EVID-03,47,https://kcb.vn/upload/2005611/20251114/QD__ban_hanh_QTKT_Tam_than__Tap_2__2025_08_05__trinh_kyfinal_signed_3db81.pdf,BỘ Y TẾ Số: /QĐ-BYT CỘNG HÒA XÃ HỘI CHỦ ...,Cách người bệnh cảm nhận là kết quả của cách họ nghĩ. Người bệnh ... rõ mình hơn bất cứ ai – tôi ở đây để đồng hành khám phá những điều hiệu quả.,DISCOVERED_UNSCREENED
MOH-HTTB,imda.moh.gov.vn,DQ-EVID-02,1,https://imda.moh.gov.vn/documents/10182/76541386/upload_00015222_1764233074613.pdf?version=1.0&fileId=76572883,TÀI LIỆU HƯỚNG DẪN SỬ DỤNG ...,Phần mềm sử dụng trí tuệ nhân tạo để phân tích hình ảnh và tạo ... • AI (Artificial Intelligence): Công nghệ mô phỏng quá trình tư duy ...,DISCOVERED_UNSCREENED
MOH-HTTB,imda.moh.gov.vn,DQ-EVID-02,2,https://imda.moh.gov.vn/documents/10182/10030661/T%C3%A0i+li%E1%BB%87u+H%E1%BB%99i+ngh%E1%BB%8B+ph%E1%BB%95+bi%E1%BA%BFn+N%C4%90169.2018+cho+SYT+BV.pdf/0c765d54-b3dc-4f84-a4e0-3bf76ca98232,"hội nghị phổ biến, triển khai nghị định 169/2018/nđ-cp","Trách nhiệm ? 4. Ai có thể góp phần đảm bảo. CHẤT LƯỢNG - AN TOÀN - HIỆU QUẢ ? • Đảm bảo duy trì sản xuất TTBYT có chất lượng, an toàn theo ...",DISCOVERED_UNSCREENED
MOH-HTTB,imda.moh.gov.vn,DQ-EVID-02,3,https://imda.moh.gov.vn/documents/10182/78707610/upload_00010119_1768294003048.pdf?version=1.0&fileId=78745144,TÀI LIỆU ĐƯỢC KÝ BẰNG CHỮ KÝ SỐ,"ENAD-CADGx-01 là phần mềm hỗ trợ chẩn đoán nội soi dựa trên trí tuệ nhân tạo, được thiết ... Chuyển đổi giữa AI nội soi đại tràng và AI nội soi dạ dày. Quay lại.",DISCOVERED_UNSCREENED
MOH-HTTB,imda.moh.gov.vn,DQ-EVID-02,4,https://imda.moh.gov.vn/documents/10182/84938478/upload_00002488_1782186383439.pdf?version=1.0&fileId=84949528,CÔNG TY TNHH THIẾT BỊ Y TẾ INAMED,Tuyệt đối không cho phép bất kỳ ai không đeo kính bảo hộ phù hợp đến gần tia laser khi hệ thống đang hoạt động. Nhấn để tiếp tục. Kiểm tra ...,DISCOVERED_UNSCREENED
MOH-HTTB,imda.moh.gov.vn,DQ-EVID-02,5,https://imda.moh.gov.vn/documents/10182/79548266/upload_00000998_1770084030969.pdf?version=1.0&fileId=79553053,40-CTC,Thông tin Mô hình AI........ Chương 5. Khắc phục sự cố cố... 5.1. Hướng dẫn Khắc phục sự cố. Phụ lục. Thông tin Nhà sản xuất...... Liên hệ với chúng tôi ...,DISCOVERED_UNSCREENED
MOH-HTTB,imda.moh.gov.vn,DQ-EVID-02,6,https://imda.moh.gov.vn/documents/10182/41575545/upload_00008184_1678438957552.pdf?version=1.0&fileId=41595778,hướng dẫn sử dụng nhanh máy soi cổ tử cung kỹ thuật,• Không ai được phép mở vỏ ngoài của máy soi cổ tử cung ngoài kỹ thuật viên/kỹ sư đã qua đào tạo của Lutech hoặc kỹ thuật viên/kỹ sư được Lutech phê duyệt.,DISCOVERED_UNSCREENED
MOH-HTTB,imda.moh.gov.vn,DQ-EVID-02,7,https://imda.moh.gov.vn/documents/10182/65737635/upload_00005122_1742366497366.pdf?version=1.0&fileId=65760433,Ea yO e Ai  Hướng dẫn sử dụng V0 ,bị mở khóa ngoài ý muốn bởi nhân viên ndd cho bất kỳ ai khác ngoài bạn. Thông tin liên hệ 5. Page 64. Bảo trì. Hướng dẫn sử dụng V07 • EasyOne Air © NDD ...,DISCOVERED_UNSCREENED
MOH-HTTB,imda.moh.gov.vn,DQ-EVID-02,8,https://imda.moh.gov.vn/documents/10182/28487757/upload_00014044_1648525710244.pdf?version=1.0&fileId=28501373,"hướng dẫn sử dụng tấm nhận ảnh dx-d40, dx-d45",được đáp ứng và bảo mật dữ liệu của bệnh nhân được bảo vệ. Người dùng phải xác định ai có thể truy cập dữ liệu bệnh nhân trong tình huống nào. Người dùng ...,DISCOVERED_UNSCREENED
MOH-HTTB,imda.moh.gov.vn,DQ-EVID-02,9,https://imda.moh.gov.vn/documents/10182/82220853/upload_00005486_1776740309902.pdf?version=1.0&fileId=82229115,Hướng dẫn sử dụng Dao mổ siêu âm K600,"cũng như không ủy quyền cho bất kỳ ai khác chịu bất kỳ trách nhiệm nào liên quan đến việc bán hoặc sử dụng sản phẩm của Miconvey. Technologies Co.,Ltd ...",DISCOVERED_UNSCREENED
MOH-HTTB,imda.moh.gov.vn,DQ-EVID-02,10,https://imda.moh.gov.vn/documents/10182/82880191/upload_00000730_1778208342091.pdf?version=1.0&fileId=82885595,HexaLux,"10 - HƯỚNG DẪN KHẮC PHỤC SỰ CỐ NHANH . 11 - BẢO VỆ MÔI TRƯỜNG ... Ai-len. UK REP STERIS Solutions Limited. Chancary House, Rayns Way. Watermead ...",DISCOVERED_UNSCREENED
MOH-HTTB,imda.moh.gov.vn,DQ-EVID-02,11,https://imda.moh.gov.vn/documents/10182/85623875/upload_00013298_1783575150168.pdf?version=1.0&fileId=85644584,HICO-VARIOTHERM 555,2.2 Yêu cầu về nhân sự. Sự an toàn. Nguy hiểm có thể xảy ra khi thiết bị được sử dụng không đúng cách bởi người không được đào tạo. Bất kỳ ai có thể ảnh hưởng ...,DISCOVERED_UNSCREENED
MOH-HTTB,imda.moh.gov.vn,DQ-EVID-02,12,https://imda.moh.gov.vn/documents/10182/77512206/upload_00008716_1765874875133.pdf?version=1.0&fileId=77547191,HỆ THỐNG CHIẾU SÁNG PHẪU THUẬT VN HƯỚNG DẪN ...,Bất kỳ ai kết nối thiết bị bổ sung hoặc thay đổi cấu hình hệ thống khác với cấu hình do. AYGÜN cung cấp đều có trách nhiệm đảm bảo tuân thủ các yêu cầu của ...,DISCOVERED_UNSCREENED
MOH-HTTB,imda.moh.gov.vn,DQ-EVID-02,13,https://imda.moh.gov.vn/documents/10182/81398182/upload_00002649_1774927042278.pdf?version=1.0&fileId=81408832,HƯỚNG DẪN SỬ DỤNG BreathCare PAP Máy thở không ...,"ai. Cảnh báo nguy cơ điện giật: Không nhúng thiết bị, bộ nguồn hoặc dây nguồn vào nước. Nếu chất lỏng bị đổ vào hoặc lên thiết bị, hãy rút ...",DISCOVERED_UNSCREENED
MOH-HTTB,imda.moh.gov.vn,DQ-EVID-02,14,https://imda.moh.gov.vn/documents/10182/67690300/upload_00005510_1746506455841.pdf?version=1.0&fileId=67706799,FISIOFIELD MIDDLE Hướng dẫn sử dụng,- Những người ai bị huyết áp động mạch nghiêm trọng rối loạn cân bằng hệ thần kinh nghiêm trọng. - Suy thận. - Bệnh nhân mắc bệnh lao. - Bệnh nhân bị ung thư ( ...,DISCOVERED_UNSCREENED
MOH-HTTB,imda.moh.gov.vn,DQ-EVID-02,15,https://imda.moh.gov.vn/documents/10182/10030600/Duthaototrinh.15.06.2026/db844d21-f1d8-493e-914e-130b24ab9812,Trang thiết bị y tế - Bộ Y tế,"Mục tiêu cụ thể: a) Giai đoạn đến năm 2030: - Tiếp tục ứng dụng công nghệ thông tin, chuyển đổi số, trí tuệ nhân tạo gắn với phân cấp, phân ...",DISCOVERED_UNSCREENED
MOH-HTTB,imda.moh.gov.vn,DQ-EVID-02,16,https://imda.moh.gov.vn/documents/10182/70069930/BM200HDSD%20_1751356629280.pdf?version=1.0&fileId=70098064,CÔNG TY TNHH THƯƠNG MẠI BVLASER VIỆT NAM,Máy laser CO2 là thiết bị y tế kỹ thuật chính xác. Nếu bất kỳ thiết bị BV LASER nào được bán lại bởi bất kỳ ai ngoài đại diện bán hàng được ...,DISCOVERED_UNSCREENED
MOH-HTTB,imda.moh.gov.vn,DQ-EVID-02,17,https://imda.moh.gov.vn/documents/10182/86172204/upload_00006614_1784694987138.pdf?version=1.0&fileId=86193088,ANGEL SUIT H10 Hướng Dẫn Sử Dụng,• Hư hỏng do sử dụng thiết bị y tế kết hợp với sản phẩm. • Hỏng hóc xảy ra sau khi sửa chữa hoặc xử lý bởi bất kỳ ai khác ngoài kỹ thuật viên ...,DISCOVERED_UNSCREENED
MOH-HTTB,imda.moh.gov.vn,DQ-EVID-02,18,https://imda.moh.gov.vn/documents/10182/68892311/upload_00006205_1749109050625.pdf?version=1.0&fileId=68923894,HƯỚNG DẪN SỬ DỤNG,Khắc phục sự cố. 15. 7. Thông số kỹ thuật. 16. 7.1. Sơ đồ mạch điện. 16. 7.2 ... bất kỳ ai ngoài các kỹ thuật viên đã được đào tạo và có trình độ chuyên môn ...,DISCOVERED_UNSCREENED
MOH-HTTB,imda.moh.gov.vn,DQ-EVID-02,19,https://imda.moh.gov.vn/documents/10182/44979961/upload_00006448_1688794489801.pdf?version=1.0&fileId=44985343,ESTE-Q PREMIUM Q-Switched & Laser Nd:YAG xung dài,Khắc phục sự cố ... bất kỳ ai khác ngoài nhà sản xuất hoặc đại lý được nhà sản xuất ủy quyền ...,DISCOVERED_UNSCREENED
MOH-HTTB,imda.moh.gov.vn,DQ-EVID-02,20,https://imda.moh.gov.vn/documents/10182/77192434/upload_00002785_1765251715229.pdf?version=1.0&fileId=77210211,Delfi,"Việc tháo rời và cố gắng bảo dưỡng bởi bất kỳ ai ngoài nhân viên Delfi có thể gây ra nguy cơ điện giật, hư hỏng máy và gây thương tích cho bệnh nhân, đồng ...",DISCOVERED_UNSCREENED
MOH-HTTB,imda.moh.gov.vn,DQ-EVID-02,21,https://imda.moh.gov.vn/documents/10182/75934727/upload_00011149_1763023443113.pdf?version=1.0&fileId=75972976,Đồng hồ CardioWatch 287-2B - Vòng đeo tay & Ứng dụng ...,"Khắc phục sự cố kết ... Vòng đeo tay chỉ được sử dụng cho một bệnh nhân, KHÔNG sử dụng Vòng đeo tay cho bất kỳ ai khác trong quá trình theo dõi bệnh nhân.",DISCOVERED_UNSCREENED
MOH-HTTB,imda.moh.gov.vn,DQ-EVID-02,22,https://imda.moh.gov.vn/documents/10182/72098938/upload_00004167_1755153407649.pdf?version=1.0&fileId=72120275,Máy bơm tê DP 30,SỰ CỐ VÀ KHẮC PHỤC SỰ CỐ ... Bảo hành này sẽ không có hiệu lực nếu việc sửa chữa hoặc bảo dưỡng sản phẩm được thực hiện hoặc cố gắng thực hiện bởi bất kỳ ai không ...,DISCOVERED_UNSCREENED
MOH-HTTB,imda.moh.gov.vn,DQ-EVID-02,23,https://imda.moh.gov.vn/documents/10182/82798910/upload_00003401_1778126494309.pdf?version=1.0&fileId=82825983,HƯỚNG DẪN SỬ DỤNG TIẾNG VIỆT,... ai khác ngoài nhà sản xuất hoặc nhà phân phối được ủy quyền bởi nhà sản xuất. ☞ Lỗi do kết nối điện không phù hợp VD: Áp 220V vào sản phẩm ...,DISCOVERED_UNSCREENED
MOH-HTTB,imda.moh.gov.vn,DQ-EVID-02,24,https://imda.moh.gov.vn/documents/10182/83264070/upload_00000687_1779020201054.pdf?version=1.0&fileId=83265924,Bộ điều chỉnh đầu TruPose™,Khắc phục sự cố và khắc phục lỗi ... ai khác ngoài. Standard Imaging Inc. Hình ảnh tiêu chuẩn sẽ thực hiện nhiều ...,DISCOVERED_UNSCREENED
MOH-HTTB,imda.moh.gov.vn,DQ-EVID-02,25,https://imda.moh.gov.vn/documents/10182/80621856/upload_00021093_1773311277726.pdf?version=1.0&fileId=80660702,Bản quyền Digitally signed by CÔNG TY TNHH THƯƠNG ...,Bất kỳ ai kết nối thiết bị khác với cổng đầu vào tín hiệu và đầu ra tín hiệu (I/O) để tạo thành hệ thống y tế đều có trách nhiệm đảm bảo rằng hệ thống tuân ...,DISCOVERED_UNSCREENED
MOH-HTTB,imda.moh.gov.vn,DQ-EVID-02,26,https://imda.moh.gov.vn/documents/10182/65946259/upload_00011958_1742807639886.pdf?version=1.0&fileId=65977205,Máy đo điện tâm đồ khi nghỉ ngơ Welch Allyn ELI 380,"lý với bất kỳ ai theo bất kỳ lý thuyết nào (ngoại trừ bảo hành được nêu rõ trong tài liệu này) về mất mát, tổn hại hoặc thiệt hại, trách ...",DISCOVERED_UNSCREENED
MOH-HTTB,imda.moh.gov.vn,DQ-EVID-02,27,https://imda.moh.gov.vn/documents/10182/74835229/upload_00002284_1760674109038.pdf?version=1.0&fileId=74853098,CÔNG TY CỔ PHẦN ĐẦU TƯ HDN,"AI. Page 5. 4. Thành chân giường 5. Bảng điều khiển cho y tá 6.Bánh xe có phanh trung tâm. Hình 1 Giường y tế năm chức năng. IX, Kiểm tra, lắp đặt, chạy thử và ...",DISCOVERED_UNSCREENED
MOH-HTTB,imda.moh.gov.vn,DQ-EVID-02,28,https://imda.moh.gov.vn/documents/10182/25904082/upload_00100798_1642677858921.pdf?version=1.0&fileId=25976942,DrillSaw Highspeed 200 ™ Hệ thống năng lượng,Dân số bệnh nhân: Xác định ai cần can thiệp phẫu thuật chỉnh hình trong mục đích sử dụng yêu cầu sử dụng một công cụ điện. Điều kiện sử dụng ...,DISCOVERED_UNSCREENED
MOH-HTTB,imda.moh.gov.vn,DQ-EVID-02,29,https://imda.moh.gov.vn/documents/10182/69507110/upload_00007233_1750317528034.pdf?version=1.0&fileId=69534133,HƯỚNG DẪN SỬ DỤNG,"thể được khắc phục bằng cách tham khảo Chương 7, ""Khắc phục sự cố"". ... Bất kỳ ai cũng được phép sử dụng phần mềm này cho bất kỳ mục đích ...",DISCOVERED_UNSCREENED
MOH-HTTB,imda.moh.gov.vn,DQ-EVID-02,30,https://imda.moh.gov.vn/documents/10182/75722333/upload_00000808_1762482057748.pdf?version=1.0&fileId=75726615,HYHJ-KC Bộ đặt nội khí quản có Camera Hướng dẫn sử ...,③ Sản phẩm này không yêu cầu bất kỳ ai ngoài người vận hành và người sử dụng phải kiểm tra và bảo trì phòng ngừa. Không nên bảo trì hoặc bảo dưỡng sản phẩm ...,DISCOVERED_UNSCREENED
MOH-HTTB,imda.moh.gov.vn,DQ-EVID-02,31,https://imda.moh.gov.vn/documents/10182/49189621/Du+thao+Quyet+dinh+huong+dan+danh+gia+ho+so+CSDT+16.11.2023.docx/708bb213-beb3-4819-b790-51f81d925651,Dự thảo Quyết định - Trang thiết bị y tế,"- Các tính năng mới nếu có (ví dụ: có sử dụng công nghệ nano, trí tuệ nhân tạo, …). ... ai cũng được bảo vệ một cách tốt nhất phòng nguy cơ tai nạn điện ...",DISCOVERED_UNSCREENED
MOH-HTTB,imda.moh.gov.vn,DQ-EVID-02,32,https://imda.moh.gov.vn/documents/10182/82410546/upload_00004316_1777001417318.pdf?version=1.0&fileId=82422013,500 ECO,"Người vận hành là bất kỳ ai điều khiển Ghế mổ dùng trong nha khoa, hoặc thông qua người được ủy quyền, trong môi trường y tế. Người sử dụng.",DISCOVERED_UNSCREENED
MOH-HTTB,imda.moh.gov.vn,DQ-EVID-02,33,https://imda.moh.gov.vn/documents/10182/32523486/upload_00017354_1657608917458.pdf?version=1.0&fileId=32536489,Liệu pháp làm đẹp cải thiện làn da với đa tần số bức xạ,Sự bảo trì và khắc phục sự cố ... ◇ Không cho phép bất kỳ ai khác ngoài bác sĩ lâm sàng truy cập vào thiết bị hoặc ngăn.,DISCOVERED_UNSCREENED
MOH-HTTB,imda.moh.gov.vn,DQ-EVID-02,34,https://imda.moh.gov.vn/documents/10182/82956966/upload_00005088_1778493962124.pdf?version=1.0&fileId=83009493,Hướng dẫn sử dụng Luxor 300,"Bất kỳ ai kết nối thiết bị bổ sung vào phần đầu vào tín hiệu hoặc phần đầu ra tín hiệu đều cấu hình THIẾT BỊ, và do đó chịu trách nhiệm đảm ...",DISCOVERED_UNSCREENED
MOH-HTTB,imda.moh.gov.vn,DQ-EVID-02,35,https://imda.moh.gov.vn/documents/10182/74835229/upload_00001615_1760668578320.pdf?version=1.0&fileId=74843086,6.7. S3285P-3D HDSD_TV.pdf,Bất kỳ ai kết nối thiết bị bổ sung vào các bộ phận đầu vào tín hiệu hoặc các bộ phận đầu ra tín hiệu khi định cấu hình hệ thống y tế đều có trách nhiệm đảm ...,DISCOVERED_UNSCREENED
MOH-HTTB,imda.moh.gov.vn,DQ-EVID-02,36,https://imda.moh.gov.vn/documents/10182/34263057/upload_00055851_1662460261092.pdf?version=1.0&fileId=34391531,Hướng dẫn sử dụng - Máy Scan phim Free Scan,"5 Khắc phục sự cố. --23. 6 Làm sạch, khử trùng và khử trùng. --23. 7 Bảo ... Phần mềm Ai-Dental hỗ trợ phần mềm bảo mật thông thường, chẳng hạn như 360 ...",DISCOVERED_UNSCREENED
MOH-HTTB,imda.moh.gov.vn,DQ-EVID-02,37,https://imda.moh.gov.vn/documents/10182/79051210/upload_00004890_1768969417900.pdf?version=1.0&fileId=79068540,HƯỚNG DẪN SỬ DỤNG LUVIS M300/M310,"Bất kỳ ai kết nối thiết bị bổ sung vào phần đầu vào tín hiệu hoặc phần đầu ra tín hiệu đều cấu hình Thiết bị ME, và do đó chịu trách nhiệm ...",DISCOVERED_UNSCREENED
MOH-HTTB,imda.moh.gov.vn,DQ-EVID-02,38,https://imda.moh.gov.vn/documents/10182/10030600/Du-thao-de-an-Chuoicungung6.7/ce8ed5a1-2e47-409c-9bdf-e82ada3e1a3b,đề án quản lý chuỗi cung ứng thiết bị y tế giai đoạn,"trực tuyến toàn trình phục vụ giải quyết thủ tục hành chính. Nghiên cứu, áp dụng trí tuệ nhân tạo (AI) và dữ liệu lớn (Big Data) trên nền tảng dữ liệu dùng ...",DISCOVERED_UNSCREENED
MOH-HTTB,imda.moh.gov.vn,DQ-EVID-02,39,https://imda.moh.gov.vn/documents/10182/79051210/upload_00004890_1768969417900.pdf?version=1.0&fileId=79068540,HƯỚNG DẪN SỬ DỤNG LUVIS M300/M310,Khắc phục sự cố ... Bất kỳ ai kết nối thiết bị bổ sung vào phần đầu vào tín hiệu hoặc ...,DISCOVERED_UNSCREENED
MOH-HTTB,imda.moh.gov.vn,DQ-EVID-02,40,https://imda.moh.gov.vn/documents/10182/72343444/upload_00009251_1755677907535.pdf?version=1.0&fileId=72374935,Bản quyền,"ai được phép lắp đặt hoặc tháo rời thiết bị nếu chưa được phép. ○ Nghiêm ... thường là thành lập, vui lòng khắc phục sự cố theo hướng dẫn ở Chương 9.",DISCOVERED_UNSCREENED
MOH-HTTB,imda.moh.gov.vn,DQ-EVID-02,41,https://imda.moh.gov.vn/documents/10182/80132279/upload_00001033_1772079133330.pdf?version=1.0&fileId=80140759,Đèn hỗ trợ tẩy trắng răng WE Light Class II,"Khắc phục sự cố ... Ngoài bác sĩ, nha sĩ và người có tư cách pháp lý, không ai được phép vận hành sản phẩm này.",DISCOVERED_UNSCREENED
MOH-HTTB,imda.moh.gov.vn,DQ-EVID-02,42,https://imda.moh.gov.vn/documents/10182/82798910/upload_00006026_1778132980987.pdf?version=1.0&fileId=82838513,Máy Nâng Cơ Trẻ Hóa Tên Model: VIOLA,Ký hiệu này chỉ các hành động bắt buộc cần thực hiện khi điều khiển thiết bị y tế này. ... thực hiện bởi bất kỳ ai khác ngoài nhà sản xuất hoặc đại lý được nhà ...,DISCOVERED_UNSCREENED
MOH-HTTB,imda.moh.gov.vn,DQ-EVID-02,43,https://imda.moh.gov.vn/documents/10182/80394762/upload_00008057_1772696061573.pdf?version=1.0&fileId=80417911,Chủng loại: PA240/PA240S/PA240C/PA240A,b) Nhân viên bảo trì và khắc phục sự cố hệ thống c) Người học vận hành hệ thống. 2) Khi thiết bị đạt đến giai đoạn ngừng sử ... Ai nên đọc hướng dẫn này ...,DISCOVERED_UNSCREENED
MOH-HTTB,imda.moh.gov.vn,DQ-EVID-02,44,https://imda.moh.gov.vn/documents/10182/55022699/upload_00012231_1718430967830.pdf?version=1.0&fileId=55029136,HƯỚNG DẪN SỬ DỤNG TIẾNG VIỆT ...,KHẮC PHỤC SỰ CỐ VÀ TỔNG QUAN VỀ LỖI ............ 127. 14. AN NINH MẠNG ... nguy hiểm khi ai đó cố tình nhìn vào nó. Cần đặc biệt chú ý nếu không muốn bị ...,DISCOVERED_UNSCREENED
MOH-HTTB,imda.moh.gov.vn,DQ-EVID-02,45,https://imda.moh.gov.vn/documents/10182/82956966/upload_00005107_1778493981616.pdf?version=1.0&fileId=83009709,Hướng dẫn sử dụng Luxor 400 Series,Bất kỳ ai kết nối thiết bị bổ sung vào phần đầu vào tín hiệu hoặc ... Nếu không có bước khắc phục sự cố nào ở trên giải quyết được vấn ...,DISCOVERED_UNSCREENED
MOH-HTTB,imda.moh.gov.vn,DQ-EVID-02,46,https://imda.moh.gov.vn/documents/10182/54299069/upload_00068248_1716393266846.pdf?version=1.0&fileId=54336671,"HƯỚNG DẪN SỬ DỤNG BỘ NẸP, VÍT CỘT SỐNG LƯNG ...",Bất cứ ai sử dụng sản phẩm GS Medical đều có thể nhận được một cuốn sách nhỏ ... Nếu có khiếu nại hoặc căn cứ cho sự không hài lòng liên quan đến chất ...,DISCOVERED_UNSCREENED
MOH-HTTB,imda.moh.gov.vn,DQ-EVID-02,47,https://imda.moh.gov.vn/documents/10182/85623875/upload_00013324_1783575343984.pdf?version=1.0&fileId=85644615,HICO-AQUATHERM 660,9 Khắc phục sự cố ... Họ được ủy quyền thực hiện công việc này nhờ trình độ học vấn và bằng cấp của mình. Bất kỳ ai ...,DISCOVERED_UNSCREENED
MOH-HTTB,imda.moh.gov.vn,DQ-EVID-02,48,https://imda.moh.gov.vn/documents/10182/9231047/upload_00168723_1547458442882.pdf?version=1.0&fileId=9236513,HEMOFLOW 400XS,"dưới bất kỳ hình thức nào bởi bất kỳ ai khác ngoài ASI và, trong nhận định ... sự cố kết nối và đã sử dụng hết các phương pháp khắc phục sự cố khác ...",DISCOVERED_UNSCREENED
MOH-HTTB,imda.moh.gov.vn,DQ-EVID-03,1,https://imda.moh.gov.vn/van-ban-cong-bo?p_p_id=vanbancongbo_WAR_trangthietbiyteportlet&p_p_lifecycle=0&p_p_state=normal&p_p_mode=view&p_p_col_id=column-1&p_p_col_pos=1&p_p_col_count=2&_vanbancongbo_WAR_trangthietbiyteportlet_hoSoId=620810&_vanbancongbo_WAR_trangthietbiyteportlet_vanBanId=541807&_vanbancongbo_WAR_trangthietbiyteportlet_doanhNghiepId=18581&_vanbancongbo_WAR_trangthietbiyteportlet_redirectVanBanURL=%2Fvan-ban-cong-bo&_vanbancongbo_WAR_trangthietbiyteportlet_jspPage=%2Fhtml%2Fttbyte%2Fportlet%2Fvanbancongbo%2Fxemhoso_tuybien.jsp,Hồ sơ đã công bố - Kết quả dịch vụ công - Trang thiết bị y tế,Phần mềm sử dụng trí tuệ nhân tạo để phân tích hình ảnh và tạo ra báo cáo ... Kết quả phân loại hình ảnh thành hai loại (bình thường hoặc thiểu xương ...,DISCOVERED_UNSCREENED
MOH-HTTB,imda.moh.gov.vn,DQ-EVID-03,2,https://imda.moh.gov.vn/documents/10182/76541386/upload_00015222_1764233074613.pdf?version=1.0&fileId=76572883,TÀI LIỆU HƯỚNG DẪN SỬ DỤNG ...,"Osteo Signal là phần mềm y tế xử lý dữ liệu sức khỏe nhạy cảm và kết quả chẩn đoán. ... Kết quả AI có thể được lọc theo kết quả phân tích, giới ...",DISCOVERED_UNSCREENED
MOH-HTTB,imda.moh.gov.vn,DQ-EVID-03,3,https://imda.moh.gov.vn/documents/10182/10030600/Duthaototrinh.15.06.2026/db844d21-f1d8-493e-914e-130b24ab9812,Trang thiết bị y tế - Bộ Y tế,"Báo cáo kết quả nhiệm vụ: Nghiên cứu, đánh giá thực trạng triển khai thực hiện pháp luật quản lý thiết bị y tế và đề xuất các giải pháp (Chủ ...",DISCOVERED_UNSCREENED
MOH-HTTB,imda.moh.gov.vn,DQ-EVID-03,4,https://imda.moh.gov.vn/documents/10182/10030600/Ta%CC%80i+lie%CC%A3%CC%82u+to%CC%82%CC%89ng+ho%CC%9B%CC%A3p+Ho%CC%A3%CC%82i+tha%CC%89o+PPE.pdf/d2f78667-48d6-4b40-b1cd-d06a39ce22bf,Báo cáo nghiên cứu rà soát hệ thống quản lý trang thiết bị ...,"- Tạo cơ sở dữ liệu dùng chung, kết nối giữa các đơn vị cung cấp trên thị trường và các cơ sở y tế từ đó đồng bộ dữ liệu với thông tin công khai giá, thông tin ...",DISCOVERED_UNSCREENED
MOH-HTTB,imda.moh.gov.vn,DQ-EVID-03,5,https://imda.moh.gov.vn/documents/10182/84084510/upload_00006697_1780555807418.pdf?version=1.0&fileId=84111242,DeepSono CardioX - GLS,"bằng các thuật toán Trí tuệ Nhân tạo (AI). ... Người dùng có thể truy cập và xem lại các hình ảnh, đoạn phim siêu âm đã lưu trữ và kết quả do AI ...",DISCOVERED_UNSCREENED
MOH-HTTB,imda.moh.gov.vn,DQ-EVID-03,6,https://imda.moh.gov.vn/documents/10182/10030661/T%C3%A0i+li%E1%BB%87u+H%E1%BB%99i+ngh%E1%BB%8B+ph%E1%BB%95+bi%E1%BA%BFn+N%C4%90169.2018+cho+SYT+BV.pdf/0c765d54-b3dc-4f84-a4e0-3bf76ca98232,"hội nghị phổ biến, triển khai nghị định 169/2018/nđ-cp",Trách nhiệm ? 4. Ai có thể góp phần đảm bảo. CHẤT ... chỉ hành nghề phân loại trang thiết bị y tế và kết quả phân loại trang thiết bị y tế.,DISCOVERED_UNSCREENED
MOH-HTTB,imda.moh.gov.vn,DQ-EVID-03,7,https://imda.moh.gov.vn/documents/10182/65737635/upload_00005122_1742366497366.pdf?version=1.0&fileId=65760433,Ea yO e Ai  Hướng dẫn sử dụng V0 ,... y tế sai do kết quả kiểm tra sai hoặc thiếu. Hãy tuân thủ các thực hành tốt ... bị mở khóa ngoài ý muốn bởi nhân viên ndd cho bất kỳ ai khác ngoài bạn.,DISCOVERED_UNSCREENED
MOH-HTTB,imda.moh.gov.vn,DQ-EVID-03,8,https://imda.moh.gov.vn/documents/10182/59042283/upload_00003505_1727836817154.pdf?version=1.0&fileId=59042286,Sống khỏe Sống chất,"Công nghệ tự động đọc kết quả chính xác. Chỉ cần 30s đến 5 phút để ghi 6 chuyển đạo. Công nghệ AI, kết quả chuẩn y tế. Máy đo điện tâm đồ cá nhân 6 chuyển đạo ...",DISCOVERED_UNSCREENED
MOH-HTTB,imda.moh.gov.vn,DQ-EVID-03,9,https://imda.moh.gov.vn/documents/10182/82410546/upload_00017506_1777015532896.pdf?version=1.0&fileId=82438385,Kết quả điều trị đánh giá lâm sàng bằng Máy Tĩnh điện ION,"Sau đó được đưa vào chữa bệnh ở các Bệnh viện ở Nhật Bản và thu được kết quả ... ai bệnh khác nhau như phong thấp, tăng huyết áp và huyết ...",DISCOVERED_UNSCREENED
MOH-HTTB,imda.moh.gov.vn,DQ-EVID-03,10,https://imda.moh.gov.vn/documents/10182/74531286/upload_00000533_1759973823456.pdf?version=1.0&fileId=74531289,Untitled - Trang thiết bị y tế,Xe đẩy y tế. SKM-A;. SKM-B. 5. Xe lăn y tế y. SKIE-AI. 6. Giường bệnh nhân. SKD-CV. 7. Ghế chạy thận. SKE-BO. Hãng/Nước sản xuất. KẾT QUẢ PHÂN LOẠI TRANG THIẾT ...,DISCOVERED_UNSCREENED
MOH-HTTB,imda.moh.gov.vn,DQ-EVID-03,11,https://imda.moh.gov.vn/documents/10182/84084510/upload_00006697_1780555807418.pdf?version=1.0&fileId=84111242,DeepSono CardioX - GLS,"bằng các thuật toán Trí tuệ Nhân tạo (AI). Cụ thể, đối ... thể đảm bảo độ chính xác của kết quả AI và tính toàn vẹn của hình ảnh chẩn đoán.",DISCOVERED_UNSCREENED
MOH-HTTB,imda.moh.gov.vn,DQ-EVID-03,12,https://imda.moh.gov.vn/documents/10182/80051593/upload_00011012_1771934898022.pdf?version=1.0&fileId=80083350,TÀI LIỆU ĐƯỢC KÝ BẰNG CHỮ KÝ SỐ,"Nhân viên y tế không nên chỉ dựa vào các kết quả đọc từ thiết bị y tế này. ... bởi một kỹ sư có trình độ của Medical AI Co., Ltd. hoặc nhà phân phối được ...",DISCOVERED_UNSCREENED
MOH-HTTB,imda.moh.gov.vn,DQ-EVID-03,13,https://imda.moh.gov.vn/documents/10182/10030600/Duthaoquyetdinh15.06.2026/6eb7602d-d855-489e-81ef-e663fabd5d4a,DỰ THẢO Ngày 15/6/2026 - Trang thiết bị y tế,"a) Giai đoạn đến năm 2030: - Tiếp tục ứng dụng công nghệ thông tin, chuyển đổi số, trí tuệ nhân tạo gắn với phân cấp, phân quyền, ...",DISCOVERED_UNSCREENED
MOH-HTTB,imda.moh.gov.vn,DQ-EVID-03,14,https://imda.moh.gov.vn/documents/10182/10030600/Du-thao-de-an-Chuoicungung6.7/ce8ed5a1-2e47-409c-9bdf-e82ada3e1a3b,đề án quản lý chuỗi cung ứng thiết bị y tế giai đoạn,"kết hiệu quả giữa các Viện nghiên cứu, trường Đại học với doanh nghiệp khiến kết ... quốc gia hỗ trợ nghiên cứu, ứng dụng trí tuệ nhân tạo (AI) và dữ liệu lớn ( ...",DISCOVERED_UNSCREENED
MOH-HTTB,imda.moh.gov.vn,DQ-EVID-03,15,https://imda.moh.gov.vn/documents/10182/69852308/upload_00005164_1750911917372.pdf?version=1.0&fileId=69866744,WAYMEDⓇendo - HƯỚNG DẪN SỬ DỤNG,Các chuyên gia y tế không nên chỉ dựa vào kết quả phân tích của phần mềm này mà phải ... nhân tạo (AI)/kỹ thuật học sâu để xác định các bất thường và đánh ...,DISCOVERED_UNSCREENED
MOH-HTTB,imda.moh.gov.vn,DQ-EVID-03,16,https://imda.moh.gov.vn/documents/10182/54067277/upload_00010543_1715673369185.pdf?version=1.0&fileId=54083105,qSuite (MODEL: qXR),... Trí tuệ nhân tạo (AI) bằng cách nâng cao độ chính xác của hình ảnh và cải thiện kết quả sức khỏe với sự hỗ trợ của các công cụ. Qurai khai thác công nghệ để ...,DISCOVERED_UNSCREENED
MOH-HTTB,imda.moh.gov.vn,DQ-EVID-03,17,https://imda.moh.gov.vn/cong-khai-nd-ht-quang-cao-ttbyt?p_p_id=congkhaiquangcaottbyt_WAR_lienthongdvcportlet&p_p_lifecycle=0&p_p_state=normal&p_p_mode=view&p_p_col_id=column-1&p_p_col_count=1&_congkhaiquangcaottbyt_WAR_lienthongdvcportlet_viewCongKhaiDaCongBo=true&_congkhaiquangcaottbyt_WAR_lienthongdvcportlet_jspPage=%2Fhtml%2Fportlet%2Fvanbancongkhaiqc%2Fadd_congbo.jsp&_congkhaiquangcaottbyt_WAR_lienthongdvcportlet_view=true&_congkhaiquangcaottbyt_WAR_lienthongdvcportlet_congKhaiQuangCaoId=163402,CÔNG KHAI ND&HT QUẢNG CÁO TBYT - Trang thiết bị y tế,"... Kết nối Bluetooth thông minh, giúp đồng bộ dữ liệu dễ dàng qua ứng dụng ... AI thoải mái. - Cảnh báo liên quan đến sức khỏe người sử dụng, điều kiện bảo ...",DISCOVERED_UNSCREENED
MOH-HTTB,imda.moh.gov.vn,DQ-EVID-03,18,https://imda.moh.gov.vn/documents/10182/69769174/upload_00010537_1750827836324.pdf?version=1.0&fileId=69793547,Giới thiệu: Sử dụng Sách Hướng dẫn này,điện y tế (xem IEC 60601-1). Bất kỳ ai kết nối thiết bị phụ với thiết bị điện y tế đều tạo cấu hình hệ thống y tế và do đó phải chịu trách nhiệm đảm bảo hệ ...,DISCOVERED_UNSCREENED
MOH-HTTB,imda.moh.gov.vn,DQ-EVID-03,19,https://imda.moh.gov.vn/documents/10182/42697517/upload_00009972_1681793903122.pdf?version=1.0&fileId=42711250,BỘ Y TẾ CỘNG HÒA XÃ HỘI CHỦ NGHĨA VIỆT NAM Độc lập,Gạc bề ngoài hoặc mô bên ngoài bề mặt thường nhiễm tạp khuẩn khiến kết quả cấy mủ bệnh phẩm chính xác. ... hãy thảo luận xem ai có thể hỗ trợ.,DISCOVERED_UNSCREENED
MOH-HTTB,imda.moh.gov.vn,DQ-EVID-03,20,https://imda.moh.gov.vn/documents/10182/69338529/upload_00003325_1750045631001.pdf?version=1.0&fileId=69345417,Apo AI - Trang thiết bị y tế,Xác định định lượng Apolipoprotein A-I (Apo A-I) trong huyết thanh và ... - Nếu kết quả Kiểm soát chất lượng không đáp ứng các tiêu chí chấp nhận do ...,DISCOVERED_UNSCREENED
MOH-HTTB,imda.moh.gov.vn,DQ-EVID-03,21,https://imda.moh.gov.vn/documents/10182/53359169/upload_00002537_1712978144505.pdf?version=1.0&fileId=53360112,CÔNG TY CỔ PHẦN VIETMEDICAL-PHÂN PHỐI - Số,Tên trang thiết bị y tế: Công nghệ AI tầm soát bệnh mãn tính. Tên thương ... Đối với trang thiết bị y tế sản xuất trong nước: kết quả đánh giá các thông số.,DISCOVERED_UNSCREENED
MOH-HTTB,imda.moh.gov.vn,DQ-EVID-03,22,https://imda.moh.gov.vn/cong-khai-nd-ht-quang-cao-ttbyt?p_p_id=congkhaiquangcaottbyt_WAR_lienthongdvcportlet&p_p_lifecycle=0&p_p_state=normal&p_p_mode=view&p_p_col_id=column-1&p_p_col_count=1&_congkhaiquangcaottbyt_WAR_lienthongdvcportlet_viewCongKhaiDaCongBo=true&_congkhaiquangcaottbyt_WAR_lienthongdvcportlet_jspPage=%2Fhtml%2Fportlet%2Fvanbancongkhaiqc%2Fadd_congbo.jsp&_congkhaiquangcaottbyt_WAR_lienthongdvcportlet_view=true&_congkhaiquangcaottbyt_WAR_lienthongdvcportlet_congKhaiQuangCaoId=18602,CÔNG KHAI ND&HT QUẢNG CÁO TBYT - Trang thiết bị y tế,"... kết quả như mong muốn. - Femto LDV Z8 còn cho phép tạo vết mổ không dao, xé bao tự động. - Trí tuệ nhân tạo AI tích hợp trên máy giúp xác định rõ mức độ ...",DISCOVERED_UNSCREENED
MOH-HTTB,imda.moh.gov.vn,DQ-EVID-03,23,https://imda.moh.gov.vn/documents/10182/78707610/upload_00010119_1768294003048.pdf?version=1.0&fileId=78745144,TÀI LIỆU ĐƯỢC KÝ BẰNG CHỮ KÝ SỐ,"kết quả theo thời gian thực. Khi phát hiện tổn thương nghi ngờ, hệ thống sẽ ... Chuyển đổi giữa AI nội soi đại tràng và AI nội soi dạ dày. Quay lại. Khóa ...",DISCOVERED_UNSCREENED
MOH-HTTB,imda.moh.gov.vn,DQ-EVID-03,24,https://imda.moh.gov.vn/documents/10182/0/QD+2426_huong+dan+CSDT.pdf/8cb7ca36-fec4-49e6-84b8-08e892d75495,QUYẾT ĐỊNH: - Trang thiết bị y tế,"Phải trình bày thông tin mô tả các thử nghiệm, các kết quả và các phân tích dữ liệu. Cung cấp đầy đủ dữ liệu thử nghiệm tiền lâm sàng về mặt vật lý, nếu phù hợp ...",DISCOVERED_UNSCREENED
MOH-HTTB,imda.moh.gov.vn,DQ-EVID-03,25,https://imda.moh.gov.vn/documents/10182/10030600/Totrinh.dean.5003/1f4050bc-63e6-4f70-8761-37474075fb26,Trang thiết bị y tế - Bộ Y tế,"năm 2035 là thành viên liên kết của một số diễn đàn quốc tế như IMDRF, … ... quốc gia hỗ trợ nghiên cứu, ứng dụng trí tuệ nhân tạo (AI) và dữ liệu lớn (Big.",DISCOVERED_UNSCREENED
MOH-HTTB,imda.moh.gov.vn,DQ-EVID-03,26,https://imda.moh.gov.vn/documents/10182/44479879/upload_00025872_1687340359809.pdf?version=1.0&fileId=44502056,"Được công bố bởi Cybernet Systems Co., Ltd.",Kết quả phát hiện qua EndoBRAIN-X có thể không chính xác. Trước tiên bác sỹ ... Phân tích. AI có thể phát hiện thương tổn bằng cách nhận biết số hiệu ...,DISCOVERED_UNSCREENED
MOH-HTTB,imda.moh.gov.vn,DQ-EVID-03,27,https://imda.moh.gov.vn/documents/10182/79490306/upload_00000560_1769942275739.pdf?version=1.0&fileId=79493421,TÀI LIỆU HƯỚNG DẪN SỬ DỤNG THIẾT BỊ Y TẾ (Tiếng Việt),... y tế) và CISPR (ví dụ: CISPR 32/CISPR. 35). Bất kỳ ai kết nối thiết bị bổ sung với thiết bị điện y tế đều cấu hình hệ thống y tế và do đó phải chịu trách.,DISCOVERED_UNSCREENED
MOH-HTTB,imda.moh.gov.vn,DQ-EVID-03,28,https://imda.moh.gov.vn/documents/10182/75934727/upload_00011149_1763023443113.pdf?version=1.0&fileId=75972976,Đồng hồ CardioWatch 287-2B - Vòng đeo tay & Ứng dụng ...,"Việc theo dõi huyết áp không xâm lấn tại chỗ có thể được thực hiện bằng máy đo huyết áp không xâm lấn TMB-2084-A do Transtek sản xuất (FDA K220676), kết nối với ...",DISCOVERED_UNSCREENED
MOH-HTTB,imda.moh.gov.vn,DQ-EVID-03,29,https://imda.moh.gov.vn/documents/10182/10030600/CV742/cf46330e-59ee-43be-b7d5-7a4d64d3f3a4,Trang thiết bị y tế - Bộ Y tế,- Ứng dụng thông minh (AI) để xử lý hồ sơ (hồ sơ đăng ký lưu hành thiết ... - Chức năng xử lý nghiệp vụ Hậu kiểm hồ sơ đã cấp số lưu hành thiết bị.,DISCOVERED_UNSCREENED
MOH-HTTB,imda.moh.gov.vn,DQ-EVID-03,30,https://imda.moh.gov.vn/documents/10182/71982066/upload_00004422_1754981640363.pdf?version=1.0&fileId=72002055,TÀI LIỆU HƯỚNG DẪN SỬ DỤNG THIẾT BỊ Y TẾ (Bản gốc),"⑤ Kết quả: Kết quả sẽ hiển thị là Bình thường, Bất thường và Không có hình ảnh. Biểu tượng sẽ được hiển thị cho kết quả vì 3 lý do sau: 1) Không có hình ...",DISCOVERED_UNSCREENED
MOH-HTTB,imda.moh.gov.vn,DQ-EVID-03,31,https://imda.moh.gov.vn/documents/10182/83136526/upload_00004685_1778731986840.pdf?version=1.0&fileId=83154688,HƯỚNG DẪN SỬ DỤNG TIẾNG VIỆT ...,ai: hoạt động của ion; fi: hệ số hoạt độ của ion; n: số điện tích của ... kết quả của bệnh nhân và thực hiện các hành động sau: Xác minh rằng vật ...,DISCOVERED_UNSCREENED
MOH-HTTB,imda.moh.gov.vn,DQ-EVID-03,32,https://imda.moh.gov.vn/documents/10182/75934727/upload_00011149_1763023443113.pdf?version=1.0&fileId=75972976,Đồng hồ CardioWatch 287-2B - Vòng đeo tay & Ứng dụng ...,"Việc theo dõi cân nặng tại chỗ có thể được thực hiện bằng cân ngoài GBS-2012-B do. Transtek sản xuất (FDA D1545656), kết nối với ứng dụng Corsano bằng công nghệ.",DISCOVERED_UNSCREENED
MOH-HTTB,imda.moh.gov.vn,DQ-EVID-03,33,https://imda.moh.gov.vn/documents/10182/68455790/upload_00016517_1748338149208.pdf?version=1.0&fileId=68500015,công ty tnhh thương mại và công nghệ hồng phát,Đối với trang thiết bị y tế sản xuất trong nước: kết quả đánh giá các thông số ... AI VA. THE. HÁT. *. A NO.,DISCOVERED_UNSCREENED
MOH-HTTB,imda.moh.gov.vn,DQ-EVID-03,34,https://imda.moh.gov.vn/documents/10182/82281349/upload_00004931_1776843383045.pdf?version=1.0&fileId=82314086,Hướng dẫn vận hành Cardio7,đối với hệ thống điện y tế. (Xem IEC 60601-1-2 hoặc Điều 16 của IEC 60601-1) Bất kỳ ai kết nối thiết bị bổ sung với thiết bị điện y tế đều ...,DISCOVERED_UNSCREENED
MOH-HTTB,imda.moh.gov.vn,DQ-EVID-03,35,https://imda.moh.gov.vn/documents/10182/80621856/upload_00021093_1773311277726.pdf?version=1.0&fileId=80660702,Bản quyền Digitally signed by CÔNG TY TNHH THƯƠNG ...,được kết nối. Bất kỳ ai kết nối thiết bị khác với cổng đầu vào tín hiệu và đầu ra tín hiệu (I/O) để tạo thành hệ thống y tế đều có trách nhiệm đảm bảo rằng ...,DISCOVERED_UNSCREENED
MOH-HTTB,imda.moh.gov.vn,DQ-EVID-03,36,https://imda.moh.gov.vn/documents/10182/83017824/upload_00019058_1778582851419.pdf?version=1.0&fileId=83067157,KN - Răng sứ kim loại TT,"AI,O,. %. 20,70. BM. 5. РЬО. %. 0,00. 6. C&O. %. 0,00. 7. Sb₂O₁. %. 0,00. 8. Nb₂Os ... Không được sao chép một phần Phiếu kết quả này khi chưa được sự đồng ý bằng ...",DISCOVERED_UNSCREENED
MOH-HTTB,imda.moh.gov.vn,DQ-EVID-03,37,https://imda.moh.gov.vn/documents/10182/72568528/upload_00006690_1756105227784.pdf?version=1.0&fileId=72591074,hướng dẫn sử dụng máy scan siêu âm bàng quang (m5),"Màn hình cảm ứng 10.1 inch: hiển thị kết quả trực tiếp, hỗ trợ thao tác cảm ứng đa ... o Tích hợp thuật toán AI hỗ trợ xác định trung tâm bàng quang nhanh chóng.",DISCOVERED_UNSCREENED
MOH-HTTB,imda.moh.gov.vn,DQ-EVID-03,38,https://imda.moh.gov.vn/documents/10182/79548266/upload_00001045_1770085201230.pdf?version=1.0&fileId=79554186,TÀI LIỆU HƯỚNG DẪN SỬ DỤNG THIẾT BỊ Y TẾ (Tiếng Việt),... y tế). Bất kỳ ai kết nối thiết bị bổ sung với thiết bị điện y tế đều cấu hình hệ thống y tế và do đó phải chịu trách nhiệm rằng hệ thống đó tuân thủ các yêu ...,DISCOVERED_UNSCREENED
MOH-HTTB,imda.moh.gov.vn,DQ-EVID-03,39,https://imda.moh.gov.vn/documents/10182/74063910/upload_00005106_1759116685747.pdf?version=1.0&fileId=74084286,cảm biến kỹ thuật số trong nha khoa,Các thiết bị y tế có khả năng kết nối (ví dụ: qua cổng Ethernet) với thiết ... Bất kỳ ai không trực tiếp tiếp xúc với bệnh nhân nên ở bên ngoài phòng ...,DISCOVERED_UNSCREENED
MOH-HTTB,imda.moh.gov.vn,DQ-EVID-03,40,https://imda.moh.gov.vn/documents/10182/70389426/upload_00007361_1751946750754.pdf?version=1.0&fileId=70403706,Máy theo dõi huyết áp tự động cho kiểm tra gắng sức ...,... ai không qua dịch vụ được đào tạo bởi SunTech Medical hoặc có ... kết quả đo của bệnh nhân: Chế độ xem kết quả đo (cài đặt mặc định) ...,DISCOVERED_UNSCREENED
MOH-HTTB,imda.moh.gov.vn,DQ-EVID-03,41,https://imda.moh.gov.vn/documents/10182/82737217/upload_00005899_1778071319360.pdf?version=1.0&fileId=82794676,Hướng dẫn sử dụng nền tảng Rapid,Truyền kết quả Rapid tới PACS của bệnh viện ... Bablok khác 0 này không có ý nghĩa lâm sàng dựa trên kết quả phân tích độ lệch.,DISCOVERED_UNSCREENED
MOH-HTTB,imda.moh.gov.vn,DQ-EVID-03,42,https://imda.moh.gov.vn/documents/10182/44948847/Patient%20Booklet%20Cam%20nang%20FSL-%C4%91%C3%A3%20n%C3%A9n_1688725472126.pdf?version=1.0&fileId=44976605,cẩm nang hướng dẫn sử dụng,thuốc thông qua kết quả theo dõi đường huyết* liên tục của FreeStyle Libre ... 1 FreeStyle Libre có thể được sử dụng cho ai? 2. FreeStyle Libre mang lại ...,DISCOVERED_UNSCREENED
MOH-HTTB,imda.moh.gov.vn,DQ-EVID-03,43,https://imda.moh.gov.vn/documents/10182/69507110/upload_00007233_1750317528034.pdf?version=1.0&fileId=69534133,HƯỚNG DẪN SỬ DỤNG,"... kết hợp Thư viện thời gian chạy với Mô-đun độc lập, ngay cả khi ... kết quả của việc sử dụng, phần mềm và tài liệu về tính đúng đắn, độ ...",DISCOVERED_UNSCREENED
MOH-HTTB,imda.moh.gov.vn,DQ-EVID-03,44,https://imda.moh.gov.vn/documents/10182/29587516/upload_00055694_1650532871972.pdf?version=1.0&fileId=29635301,Aoralscan 3 Manual,Bất kỳ ai tạo hoặc thay đổi hệ thống điện y tế thông qua việc kết hợp với các thiết bị khác phù hợp với tiêu chuẩn IEC 60601-1: 2005 + AMD1: 2012 Medical.,DISCOVERED_UNSCREENED
MOH-HTTB,imda.moh.gov.vn,DQ-EVID-03,45,https://imda.moh.gov.vn/documents/10182/70840039/upload_00006138_1752813298983.pdf?version=1.0&fileId=70856277,SỔ TAY VẬN HÀNH MÁY PHÂN TÍCH SINH HÓA TỰ ĐỘNG,"... bệnh nhân, kết quả số, đơn vị và chẩn đoán. Xuất dữ liệu có thể được ... Bộ lọc Chủ thể Ai. ID Mẫu: chuỗi văn bản. C. 9. Bộ lọc Chủ thể Gì.",DISCOVERED_UNSCREENED
MOH-HTTB,imda.moh.gov.vn,DQ-EVID-03,46,https://imda.moh.gov.vn/documents/10182/49189621/Du+thao+Quyet+dinh+huong+dan+danh+gia+ho+so+CSDT+16.11.2023.docx/708bb213-beb3-4819-b790-51f81d925651,Dự thảo Quyết định - Trang thiết bị y tế,"... kết quả, phân tích và kết luận của chủ sở hữu sản phẩm. Kết luận của nghiên cứu phải giải quyết được các tương tác của trang thiết bị y tế với các loại dịch ...",DISCOVERED_UNSCREENED
MOH-HTTB,imda.moh.gov.vn,DQ-EVID-03,47,https://imda.moh.gov.vn/documents/10182/75318103/upload_00009521_1761722650143.pdf?version=1.0&fileId=75342251,Hướng dẫn sử dụng và cài đặt,đó truyền chúng đến máy chủ PACS được kết nối thông qua mạng. 1.3 Môi trường ... Nhấp đúp vào tệp cài đặt chương trình IAI (IAI - Innovative AI Software Installer ...,DISCOVERED_UNSCREENED
MOH-HTTB,imda.moh.gov.vn,DQ-EVID-05,1,https://imda.moh.gov.vn/documents/10182/80052273/upload_00011090_1771935244334.pdf?version=1.0&fileId=80083426,TÀI LIỆU ĐƯỢC KÝ BẰNG CHỮ KÝ SỐ,from electrocardiography devices using an artificial intelligence (AI) model ... Medical devices - Quality management systems - Requirements.,DISCOVERED_UNSCREENED
MOH-HTTB,imda.moh.gov.vn,DQ-EVID-05,2,https://imda.moh.gov.vn/documents/10182/80052273/upload_00010959_1771934090495.pdf?version=1.0&fileId=80083318,TÀI LIỆU ĐƯỢC KÝ BẰNG CHỮ KÝ SỐ,Intended purpose. AiTiAAS is software that utilizes AI ... Medical devices - Post-market surveillance for manufacturers. IEC 81001-5-1:2021. Health software and ...,DISCOVERED_UNSCREENED
MOH-HTTB,imda.moh.gov.vn,DQ-EVID-05,3,https://imda.moh.gov.vn/documents/10182/37677204/upload_00072263_1669196086400.pdf?version=1.0&fileId=37716395,• In-vitro Diagnostic Medical Devices (IVDs),DAI sir QUAN NUOC CIIXHCN VIET NAM TAI BI ... and operates a Quality Management System which complies with the requirements of ISO 13485:2016 for the.,DISCOVERED_UNSCREENED
MOH-HTTB,imda.moh.gov.vn,DQ-EVID-05,4,https://imda.moh.gov.vn/documents/10182/78706816/upload_00002726_1768275126129.pdf?version=1.0&fileId=78715758,Declaration of Conformity,Medical devices -Quality management systems - Requirements for regulatory purposes. 3. EN ISO 14971. Medical devices -Application of risk managementto medical ...,DISCOVERED_UNSCREENED
MOH-HTTB,imda.moh.gov.vn,DQ-EVID-05,5,https://imda.moh.gov.vn/documents/10182/81754934/upload_00004653_1775710407162.pdf?version=1.0&fileId=81775149,Mac-Lab User Manual,1.2.4 Serious incident reporting............. ... 18.1.6 Hospital Information............,DISCOVERED_UNSCREENED
MOH-HTTB,imda.moh.gov.vn,DQ-EVID-05,6,https://imda.moh.gov.vn/documents/10182/29484303/upload_00007910_1650336351587.pdf?version=1.0&fileId=29492408,original,LocaMed ISO Certificate of Quality Management System ISO 13485:2016 ... Cơ quan cấp: Đại sứ quán Việt Nam tại VQ Anh và CH Ai-len by. 8. Só ...,DISCOVERED_UNSCREENED
MOH-HTTB,imda.moh.gov.vn,DQ-EVID-05,7,https://imda.moh.gov.vn/documents/10182/68714665/upload_00008499_1748849455049.pdf?version=1.0&fileId=68744457,CERTIFICATE,has established and applies a Quality Management System. An audit was performed and has furnished proof that the requirements according to.,DISCOVERED_UNSCREENED
MOH-HTTB,imda.moh.gov.vn,DQ-EVID-05,8,https://imda.moh.gov.vn/documents/10182/29436595/upload_00017131_1650252855863.pdf?version=1.0&fileId=29451075,C E RT I F I CAT E,"TS 509 to ban d6 s6 01, Gum CN Hap LTnh, Phuidng Hap LTnh, Thanh ph6 Bac Ninh,. Tinh Bac Ninh, Viet Nam. ... audit by lcA with the oorffication's maintaining ...",DISCOVERED_UNSCREENED
MOH-HTTB,imda.moh.gov.vn,DQ-EVID-05,9,https://imda.moh.gov.vn/documents/10182/59332926/upload_00033521_1728454612708.pdf?version=1.0&fileId=59348525,"HALO AP 2.2 User Guide, Rev 1.0","15 Audit ... Execute quantitative IHC,. ISH, and IF assays via an integration with. HALO analysis modules, HALO AI analysis modules, or with AI analysis from ...",DISCOVERED_UNSCREENED
MOH-HTTB,imda.moh.gov.vn,DQ-EVID-05,10,https://imda.moh.gov.vn/documents/10182/59954196/upload_00036998_1729823690492.pdf?version=1.0&fileId=59959704,certificate of notary public of ireland - Trang thiết bị y tế,Cơ quan cấp: Đại sứ quán Việt Nam tại VQ Anh và CH Ai-len by. 8. Só ... of Quality Management System to I.S. EN ISO 13485:2016. The ...,DISCOVERED_UNSCREENED
MOH-HTTB,imda.moh.gov.vn,DQ-EVID-05,11,https://imda.moh.gov.vn/documents/10182/54184786/upload_00046315_1715946976311.pdf?version=1.0&fileId=54214603,Dental Diode Laser and Sterile Tip,Medical devices – Quality management systems. ISO 14971:2007-10. Medical devices - Application of risk management to medical devices. ISO 15223 ...,DISCOVERED_UNSCREENED
MOH-HTTB,imda.moh.gov.vn,DQ-EVID-05,12,https://imda.moh.gov.vn/documents/10182/83726644/upload_00013007_1779986820035.pdf?version=1.0&fileId=83791622,medicel,"Head of Quality Management and Regulatory Affairs. Ai([fl. /1/. H medicel swiss ... Viet Nam. Gi.iy ta, tai li~u nay. This public document. 2. do Ong (Ba): ...",DISCOVERED_UNSCREENED
MOH-HTTB,imda.moh.gov.vn,DQ-EVID-05,13,https://imda.moh.gov.vn/documents/10182/67032066/upload_00007229_1744878415059.pdf?version=1.0&fileId=67071246,Welch Allyn® ELI® 150c/ ELI® 250c 12-Lead Resting ...,Select F4 (USB) to access the Software Upload/Download Screen where the audit trails are managed. ... Viet Nam. 30. Sierra Leone. 34. Virgin ...,DISCOVERED_UNSCREENED
MOH-HTTB,imda.moh.gov.vn,DQ-EVID-05,14,https://imda.moh.gov.vn/documents/10182/80536915/upload_00001592_1773127960653.pdf?version=1.0&fileId=80561844,"[별지 제41호서식] - Twintree Tower (B) #101,6 Yulgok-r",Kính gửi: Bộ Y Tế Việt Nam - Cục Hạ Tầng và Thiết Bị Y Tế. To: Viet Nam Ministry Of Health - Infrastructure and Medical Device Administration.,DISCOVERED_UNSCREENED
MOH-HTTB,imda.moh.gov.vn,DQ-EVID-05,15,https://imda.moh.gov.vn/documents/10182/81453344/upload_00008005_1775033121505.pdf?version=1.0&fileId=81485639,ds%\ .%F#,"Thanh Xu&r, TP' HA NOi, viet Nam'. Di0n thoai: A2462691163. Sin xu6t c6c ... The lst suryeitlance audit will be conducted befoie the l9-Ivlay 2026. The.",DISCOVERED_UNSCREENED
MOH-HTTB,imda.moh.gov.vn,DQ-EVID-05,16,https://imda.moh.gov.vn/documents/10182/60544345/PTN_HOSO_195134_1731057804697.pdf?version=1.0&fileId=60572804,KM_C368 No.2825 VIET SING-20241106111444,"... Việt Nam được lưu hành tại thị trường Việt Nam các trang thiết bị y tế sau ... Through an audit, documented in a report, performed by DQS Medizinprodukte GmbH,.",DISCOVERED_UNSCREENED
MOH-HTTB,imda.moh.gov.vn,DQ-EVID-05,17,https://imda.moh.gov.vn/documents/10182/85323522/upload_00006496_1782962999873.pdf?version=1.0&fileId=85335444,giesse diagnostics srl - Trang thiết bị y tế,"QUALITY MANAGEMENT SYSTEM. 60 2150 13485. GIẤY ỦY QUYỀN. VIETNAM. SH ... lưu hành tại thị trường Việt Nam các thiết bị y tế sau: We, GIESSE ...",DISCOVERED_UNSCREENED
MOH-HTTB,imda.moh.gov.vn,DQ-EVID-05,18,https://imda.moh.gov.vn/documents/10182/64159384/upload_00001929_1738813329226.pdf?version=1.0&fileId=64166317,DMS-65596 B-1 Approved,"Over the review period, Internal audits (Internal Quality Audit Plan 2022) on the QMS was done as per the approved internal audit plan. All ...",DISCOVERED_UNSCREENED
MOH-HTTB,imda.moh.gov.vn,DQ-EVID-05,19,https://imda.moh.gov.vn/documents/10182/82613027/upload_00007568_1777878772849.pdf?version=1.0&fileId=82640696,""";,hd;i","H-ai s6n phAm n6utr6n do C6ngIy Herb-Pharma Corporation s.r.o. (dia chi ... Quality Management,system no. M-0s49123 according EN lso 13485:2016 (valid.",DISCOVERED_UNSCREENED
MOH-HTTB,imda.moh.gov.vn,DQ-EVID-05,20,https://imda.moh.gov.vn/documents/10182/85788754/upload_00000415_1783993705167.pdf?version=1.0&fileId=85791583,Bộ Y tế DGDMF,"EU Quality Management System Certificate (MDR) No 093/MDR, 1614/MDD ... Cơ quan cấp: ĐẠI SỨ QUÁN VIỆT NAM TẠI ITALIA. By. Embassy of Vietnam in Italy. 8. Só ...",DISCOVERED_UNSCREENED
MOH-HTTB,imda.moh.gov.vn,DQ-EVID-05,21,https://imda.moh.gov.vn/documents/10182/67919914/upload_00007312_1747625601380.pdf?version=1.0&fileId=67946038,Bộ Y tế DGDMF,Certificato UE di Sistema di gestione della Qualità/UE Quality management System Certificate ... Cơ quan cấp: ĐẠI SỨ QUÁN VIỆT NAM TẠI ITALIA. By. 8. Số.. N ...,DISCOVERED_UNSCREENED
MOH-HTTB,imda.moh.gov.vn,DQ-EVID-05,22,https://imda.moh.gov.vn/documents/10182/72775773/upload_00004085_1756961568334.pdf?version=1.0&fileId=72786715,Trang thiết bị y tế - Bộ Y tế,Certificato UE di Sistema di Gestione della Qualità/EU Quality Management System Certificate (MDR) ... Cơ quan cấp: ĐẠI SỨ QUÁN VIỆT NAM TẠI ITALIA. By.,DISCOVERED_UNSCREENED
MOH-HTTB,imda.moh.gov.vn,DQ-EVID-05,23,https://imda.moh.gov.vn/documents/10182/64786293/upload_00002449_1740458309267.pdf?version=1.0&fileId=64803166,Trang thiết bị y tế - Bộ Y tế,Certificati UE di Sistema di Gestione della Qualità / EU Quality Management System Certificates ... ĐẠI SỨ QUÁN VIỆT NAM TẠI ITALIA. Hy. 8. SA.... Embassy of ...,DISCOVERED_UNSCREENED
MOH-HTTB,imda.moh.gov.vn,DQ-EVID-05,24,https://imda.moh.gov.vn/documents/10182/60586713/PTN_HOSO_349013_1731118506689.pdf?version=1.0&fileId=60586756,KM_C368 No.2825 VIET SING-20241106111642,"... Việt Nam được lưu hành tại thị trường Việt Nam các trang thiết bị y tế sau ... Through an audit, documented in a report, performed by DQS Medizinprodukte GmbH,.",DISCOVERED_UNSCREENED
MOH-HTTB,imda.moh.gov.vn,DQ-EVID-05,25,https://imda.moh.gov.vn/documents/10182/50479792/upload_00065140_1703676970392.pdf?version=1.0&fileId=50549126,LASERING Medical Laser - Trang thiết bị y tế,"được lưu hành tại thị trường Việt Nam các trang thiết bị y tế sau: We, LASERING S.r.l., Via Staffette Partigiane 54, 41122 Modena, Italy, as ...",DISCOVERED_UNSCREENED
MOH-HTTB,imda.moh.gov.vn,DQ-EVID-05,26,https://imda.moh.gov.vn/documents/10182/26204247/upload_00018702_1643171534998.pdf?version=1.0&fileId=26217932,LOA 2021.pdf - Trang thiết bị y tế,"Công ty TNHH DKSH Việt Nam/DKSH Vietnam Co. Ltd. Mã số công ty/Company Registration number: 3700303206. 23 Đại Lộ Độc Lập, Khu công nghiệp ...",DISCOVERED_UNSCREENED
MOH-HTTB,imda.moh.gov.vn,DQ-EVID-05,27,https://imda.moh.gov.vn/documents/10182/50479792/upload_00065221_1703677019065.pdf?version=1.0&fileId=50549222,agricoltura di modena - Trang thiết bị y tế,Cơ quan cấp: ĐẠI SỨ QUÁN VIỆT NAM TẠI ITALIA. By. 8. N°. $8.9.9.7./.4. 7 ... EU Quality management System Certificate (MDR) N° 095/MDR. Notified Body: IMQ ...,DISCOVERED_UNSCREENED
MOH-HTTB,imda.moh.gov.vn,DQ-EVID-05,28,https://imda.moh.gov.vn/documents/10182/70262322/upload_00003619_1751597891448.pdf?version=1.0&fileId=70269870,Ministero dell - Trang thiết bị y tế,Certificato UE di Sistema di gestione della Qualità/UE Quality management System Certificate ... Cơ quan cấp: ĐẠI SỨ QUÁN VIỆT NAM TẠI ITALIA. By. Số:. 8. Só ...,DISCOVERED_UNSCREENED
MOH-HTTB,imda.moh.gov.vn,DQ-EVID-05,29,https://imda.moh.gov.vn/documents/10182/78492303/upload_00001640_1767753658310.pdf?version=1.0&fileId=78497427,Bộ Y tế DGDMF,EU Quality management System Certificate nº 0013-23 – Notified Body Istituto Superiore di ... Cơ quan cấp: ĐẠI SỨ QUÁN VIỆT NAM TẠI ITALIA. By. 8. Só 8.6.512.,DISCOVERED_UNSCREENED
MOH-HTTB,imda.moh.gov.vn,DQ-EVID-05,30,https://imda.moh.gov.vn/documents/10182/59891519/upload_00096212_1729751071342.pdf?version=1.0&fileId=59915117,TTP,"Địa chỉ: Thôn Bá Thôn, Xã Hồng Việt, Huyện Đông Hưng, Tỉnh Thái Bình, Việt Nam. ... This registration is subject to the company maintaining a ...",DISCOVERED_UNSCREENED
MOH-HTTB,imda.moh.gov.vn,DQ-EVID-05,31,https://imda.moh.gov.vn/documents/10182/65533515/upload_00000068_1741915884482.pdf?version=1.0&fileId=65535939,Trang thiết bị y tế - Bộ Y tế,Certificato UE di Sistema di gestione della Qualità/UE Quality management System Certificate ... Cơ quan cấp: ĐẠI SỨ QUÁN VIỆT NAM TẠI ITALIA. By. Embassy of ...,DISCOVERED_UNSCREENED
MOH-HTTB,imda.moh.gov.vn,DQ-EVID-05,32,https://imda.moh.gov.vn/documents/10182/70133630/upload_00000218_1751420078510.pdf?version=1.0&fileId=70137789,upload_00000218_1751420078...,"Quality Management. Systems. Requirements for Regulatory Purposes"", that assures the fulfilment of the essential requisites defined in the respective annexes ...",DISCOVERED_UNSCREENED
MOH-HTTB,imda.moh.gov.vn,DQ-EVID-05,33,https://imda.moh.gov.vn/documents/10182/85975208/upload_00003866_1784256961180.pdf?version=1.0&fileId=85986913,Untitled - Trang thiết bị y tế,—. UE Quality management System Certificate n° 207/MDR Notified Body IMQ n. ... Cơ quan cấp: ĐẠI SỨ QUÁN VIỆT NAM TẠI ITALIA. Embassy of Vietnam in Italy. 8 ...,DISCOVERED_UNSCREENED
MOH-HTTB,imda.moh.gov.vn,DQ-EVID-05,34,https://imda.moh.gov.vn/documents/10182/72810254/upload_00000462_1757035455236.pdf?version=1.0&fileId=72812487,huyết tương nghèo tiểu cầu (PPP) vào ống có,"Thành phố Hồ Chí Minh, Việt Nam. Tel : +84 28 7301 3688. Email : info@wembleymed.com.vn. Website: www.wembleymed.com.vn. ISO. CERTIFIED. QUALITY MANAGEMENT ...",DISCOVERED_UNSCREENED
MOH-HTTB,imda.moh.gov.vn,DQ-EVID-05,35,https://imda.moh.gov.vn/documents/10182/70436516/upload_00003061_1752034038333.pdf?version=1.0&fileId=70457018,LEGALIZED CFS - THD REVOLUTION.pdf - Trang thiết bị y tế,Certificato UE di Sistema di gestione della Qualità/UE Quality management System Certificate n° ... Cơ quan cấp: ĐẠI SỨ QUÁN VIỆT NAM TẠI ITALIA. By. Embassy ...,DISCOVERED_UNSCREENED
MOH-HTTB,imda.moh.gov.vn,DQ-EVID-05,36,https://imda.moh.gov.vn/documents/10182/34723058/upload_00014544_1663328826675.pdf?version=1.0&fileId=34754309,fDakYJ,"QU&c gia: Viet Nam. Gi~yto' tai lieu nay. 2. Do ong (bel): Ma. Teresa Gomez ... Quality management systems. Requirements for reguiatory purposes"", that ...",DISCOVERED_UNSCREENED
MOH-HTTB,imda.moh.gov.vn,DQ-EVID-05,37,https://imda.moh.gov.vn/documents/10182/82220361/upload_00007102_1776755797775.pdf?version=1.0&fileId=82247444,Legalized FSC.pdf - Trang thiết bị y tế,Certificato UE di Sistema di gestione della Qualità/UE Quality management System Certificate nº 019/MDR - Organismo Notificato/Notified. Body IMQ SpA n. 0051 ...,DISCOVERED_UNSCREENED
MOH-NHIC,ttyqg.vn,DQ-IMPL-01,1,https://ttyqg.vn/trung-tam-thong-tin-y-te-quoc-gia-lam-viec-voi-tap-doan-da-quoc-gia-wolters-kluwer-va-cong-ty-igroup-asia-pacific-ltd-ve-hop-tac-phat-trien-tri-tue-nhan-tao-trong-y-te/,Trung tâm Thông tin y tế Quốc gia làm việc với Tập đoàn đa ...,"... AI có trách nhiệm” (Responsible AI) và góp phần hoàn thiện khung pháp lý cho quản lý, cấp phép sản phẩm AI y tế. Buổi làm việc diễn ra trong không khí cởi ...",DISCOVERED_UNSCREENED
MOH-NHIC,ttyqg.vn,DQ-IMPL-02,1,https://ttyqg.vn/hoi-thao-khoi-dong-va-khoa-dao-tao-ai-y-te-trong-khuon-kho-hop-tac-voi-healthai/,Hội thảo khởi động và Khóa đào tạo AI y tế trong khuôn ...,"... quản trị AI có trách nhiệm. Khóa tập huấn kỹ thuật diễn ra trong hai ngày 15–16/01/2026 với gần 50 đại biểu đại diện các Vụ/Cục, cơ sở y tế, ...",DISCOVERED_UNSCREENED
MOH-NHIC,ttyqg.vn,DQ-IMPL-02,2,https://ttyqg.vn/trung-tam-thong-tin-y-te-quoc-gia-mo-rong-hop-tac-quoc-te-thuc-day-quan-tri-tri-tue-nhan-tao-co-trach-nhiem/,"Trung tâm Thông tin y tế Quốc gia mở rộng hợp tác quốc tế, thúc ...","Hà Nội, ngày 24/10/2025, tại Trung tâm Thông tin y tế Quốc gia (NHIC) - Bộ Y tế ... AI có trách nhiệm và minh bạch. ... Lê Hoàng Sơn, Phó Viện trưởng Viện CNTT, ...",DISCOVERED_UNSCREENED
MOH-NHIC,ttyqg.vn,DQ-IMPL-02,3,https://ttyqg.vn/hoi-thao-ai-y-te-thanh-cong-ra-mat-mang-luoi-v-rhain-va-thuc-day-cac-giai-phap-ai-y-te-co-trach-nhiem/,"Hội thảo AI y tế thành công, ra mắt Mạng lưới V-RHAIN và thúc ...",... quản trị AI dựa trên bằng chứng và đạo đức. ... bệnh viện và tuyến y tế cơ sở Việt Nam”. Ông Paul ... Các thỏa thuận tạo cơ sở tăng cường phối hợp giữa cơ quan quản ...,DISCOVERED_UNSCREENED
MOH-NHIC,ttyqg.vn,DQ-IMPL-02,4,https://ttyqg.vn/trung-tam-thong-tin-y-te-quoc-gia-lam-viec-voi-tap-doan-da-quoc-gia-wolters-kluwer-va-cong-ty-igroup-asia-pacific-ltd-ve-hop-tac-phat-trien-tri-tue-nhan-tao-trong-y-te/,Trung tâm Thông tin y tế Quốc gia làm việc với Tập đoàn đa ...,Nền tảng này hiện được triển khai tại nhiều bệnh viện ... AI có trách nhiệm” (Responsible AI) và góp phần ... Thứ trưởng Bộ Y tế Nguyễn Tri Thức chủ trì ...,DISCOVERED_UNSCREENED
MST,most.gov.vn,DQ-IMPL-01,1,https://tthc.most.gov.vn/index.php/ban_b/article/download/3884/1906/11470,DOI: 10.31276/VJST.2026.3884 RFO-HITL: Kiến trúc tác ...,"Bối cảnh công nghệ và vấn đề đạo đức AI trong giáo dục đại học. Trí tuệ nhân tạo, khởi đầu với các mô hình học máy dự báo (Predictive AI), đang định hình lại ...",DISCOVERED_UNSCREENED
UNESCO-RAM,www.unesco.org,DQ-EVID-03,1,https://www.unesco.org/en/articles/tang-cuong-nang-luc-cua-viet-nam-ve-canh-bao-som-giam-thieu-rui-ro-thien-tai-va-dam-bao-moi-truong,Tăng cường năng lực của Việt Nam về cảnh báo sớm ...,"Quick links:AIResponse to CrisisKey Challenges. Article. Tăng ... Với cách tiếp cận dựa trên rủi ro, dự án hướng đến các kết quả chính sau:.",DISCOVERED_UNSCREENED
UNESCO-RAM,www.unesco.org,DQ-EVID-03,2,https://www.unesco.org/en/articles/design-competition-launch-graphic-50th-anniversary-viet-nam-unesco-relations,Graphic for the 50th Anniversary of Viet Nam,... (AI) tools. ... Quy trình nộp bài và mốc thời gian. Hạn chót nhận bài: 23h59 ngày 30 tháng 4 năm 2026 (giờ Hà Nội); Công bố kết quả: Tháng 5 năm ...,DISCOVERED_UNSCREENED
UNESCO-RAM,www.unesco.org,DQ-EVID-03,3,https://www.unesco.org/en/articles/cac-bao-cao-giam-sat-giao-duc-toan-cau-cua-unesco-hien-da-co-ban-tieng-viet,Các Báo cáo Giám sát Giáo dục Toàn cầu của UNESCO ...,Báo cáo kêu gọi tăng cường các cơ chế nhằm bảo đảm việc thực thi quyền được giáo dục và yêu cầu các chính phủ phải giải trình về các cam kết này ...,DISCOVERED_UNSCREENED
UNESCO-RAM,www.unesco.org,DQ-EVID-04,1,https://www.unesco.org/en/articles/viet-nam-launches-first-comprehensive-national-report-ai-ethics-under-unesco-framework,Viet Nam launches first comprehensive national report on ...,The RAM Report highlights Viet Nam's strong progress in AI governance ... Viet Nam launches first comprehensive national report on AI ethics ...,DISCOVERED_UNSCREENED
UNESCO-RAM,www.unesco.org,DQ-EVID-04,2,https://www.unesco.org/en/articles/vietnam-global-forum-ethics-ai,Vietnam at the Global Forum on the Ethics of AI,Vietnam joins global leaders at UNESCO's AI Ethics Forum ... Country page: Viet Nam · Region: Asia and the Pacific · UNESCO Office in Hanoi ...,DISCOVERED_UNSCREENED
UNESCO-RAM,www.unesco.org,DQ-EVID-04,3,https://www.unesco.org/en/forum-ethics-ai,Global Forum on the Ethics of AI - Artificial Intelligence,... AI Governance. ... The Forum also featured the launch of various UNESCO initiatives including the Global AI Ethics Observatory and UNESCO AI Ethics Experts ...,DISCOVERED_UNSCREENED
UNESCO-RAM,www.unesco.org,DQ-EVID-04,4,https://www.unesco.org/en/node/195566,Supporting Member States in implementing UNESCO's ...,"... Impact Assessment (EIA), as well as the creation and ... Viet Nam launches first comprehensive national report on AI ethics under UNESCO framework.",DISCOVERED_UNSCREENED
UNESCO-RAM,www.unesco.org,DQ-EVID-04,5,https://www.unesco.org/en/articles/bangkok-sets-pace-ai-ethics-highlights-unescos-3rd-global-forum-ethics-ai,Bangkok sets the pace for AI Ethics,"Bangkok sets the pace for AI Ethics: Highlights from UNESCO's 3rd Global Forum on the Ethics of AI. Co-hosted by Thailand, the 3rd Global ...",DISCOVERED_UNSCREENED
UNESCO-RAM,www.unesco.org,DQ-EVID-04,6,https://www.unesco.org/sdg4education2030/en/knowledge-hub/advancing-equitable-and-inclusive-digital-transformation-education-viet-nam,Advancing equitable and inclusive digital transformation in ...,Advancing equitable and inclusive digital transformation in education in Viet Nam · Outcome 1: Transform teaching and learning through digital innovation.,DISCOVERED_UNSCREENED
UNESCO-RAM,www.unesco.org,DQ-EVID-04,7,https://www.unesco.org/sites/default/files/medias/fichiers/2024/09/Contributions%20Secteurs%20220%20EX%2021.I.pdf,Contributions provided by the sectors on the general ...,"UNESCO also held a Policy Dialogue on AI Governance – Supervision of AI, Democracy, and Synthetic Content on 27 and 28 June 2024. The first day was dedicated to ...",DISCOVERED_UNSCREENED
UNESCO-RAM,www.unesco.org,DQ-EVID-04,8,https://www.unesco.org/en/articles/global-youth-lead-way-media-and-information-literacy-meet-unesco-hackathon-2025-winners,Global Youth Lead the Way in Media and Information Literacy,"A proposed Parliamentary Youth Council on Media and AI to give young people a formal voice in legislative debates on media regulation, AI ethics ...",DISCOVERED_UNSCREENED
UNESCO-RAM,www.unesco.org,DQ-EVID-04,9,https://www.unesco.org/interculturaldialogue/fr/search?sort=sort_title_desc&sort_by=search_api_relevance&sort_order=DESC&text=&page=1873,Rechercher | e-Platform on Intercultural Dialogue,"Viet Nam, Yemen, Zambia, Zimbabwe, Åland Islands ... Ai ethics, Ai governance, Ai in education, Ai ... Environmental impact assessment, Environmental ...",DISCOVERED_UNSCREENED
UNESCO-RAM,www.unesco.org,DQ-EVID-04,10,https://www.unesco.org/sites/default/files/medias/fichiers/2025/12/43-VR-15-init-multilangue-unedited.pdf,Fifteenth plenary meeting of the 43rd session of the ...,"Viet Nam explained that the proposed Decade seeks to consolidate global consensus, strengthen policy coherence, appoint UNESCO as lead agency, ...",DISCOVERED_UNSCREENED
UNESCO-RAM,www.unesco.org,DQ-EVID-04,11,https://www.unesco.org/sites/default/files/medias/fichiers/2024/09/DLW_programme_FINAL_2Sept2024_0.pdf,Programme,"• Enhancing digital citizenship: Embedding AI ethics in the Maltese ... • Mr Manos Antoninis, Director, Global Education Monitoring Report,.",DISCOVERED_UNSCREENED
UNESCO-RAM,www.unesco.org,DQ-EVID-04,12,https://www.unesco.org/en/newsroom/news,News and stories,"Viet Nam, Yemen, Zambia, Zimbabwe. Countries. Afghanistan. Albania. Algeria. Andorra ... Ai ethics, Ai governance, Ai in education, Air pollution, Ai technology ...",DISCOVERED_UNSCREENED
UNESCO-RAM,www.unesco.org,DQ-EVID-04,13,https://www.unesco.org/sites/default/files/medias/fichiers/2025/02/Contributions%20Secteurs%20221%20EX.pdf,Contributions provided by the programme sectors,"Leste, Tunisia, Türkiye, Ukraine, Uruguay, Viet Nam, and Zimbabwe. ... sphere (HLCP-IAWG White Paper on AI Governance), with inputs from 47 UN ...",DISCOVERED_UNSCREENED
UNESCO-RAM,www.unesco.org,DQ-EVID-04,14,https://www.unesco.org/reports/wwdr/2021/en/search,Search | 2021 World Water Development Report,"Viet Nam, Yemen, Zambia, Zimbabwe, Åland Islands. Countries. Afghanistan. Albania ... Ai ethics, Ai governance, Ai in education, Air pollution, Ai technology ...",DISCOVERED_UNSCREENED
UNESCO-RAM,www.unesco.org,DQ-EVID-04,15,https://www.unesco.org/sites/default/files/medias/fichiers/2024/05/UNESCO%20BEJ%20Annual%20Report%202023.pdf,Building Synergy for Peace and Sustainable Development,"The agenda covered three thematic sessions: UNESCO and UNU workstreams on AI governance, insights and latest trends in AI Ethics, and pioneering research and ...",DISCOVERED_UNSCREENED
UNESCO-RAM,www.unesco.org,DQ-EVID-04,16,https://www.unesco.org/en/days/universal-access-information-day2022/around-world,IDUAI 2022 - Celebrations around the world,"... AI Ethics in Thailand. There will be a session for experience sharing from civil society and other right holders in Thailand, Vietnam, and ...",DISCOVERED_UNSCREENED
UNESCO-RAM,www.unesco.org,DQ-EVID-04,17,https://www.unesco.org/sites/default/files/medias/fichiers/2021/11/41-VR-07-init-multilangue-unedited.pdf,41 C/VR.7 Unedited Seventh plenary meeting of the 41st ...,"I call now His Excellency Mr Mai Phan Dung, Secretary. General of Viet Nam National Commission for UNESCO. You have the floor, Sir. 39.1. M.",DISCOVERED_UNSCREENED
UNESCO-RAM,www.unesco.org,DQ-EVID-04,18,https://www.unesco.org/interculturaldialogue/zh/search?sort=sort_date_desc&sort_by=search_api_relevance&sort_order=DESC&text=&page=134,Search | e-Platform on Intercultural Dialogue,出版物. Viet Nam: Artificial Intelligence Readiness Assessment Report. Viet Nam - 24 October 2025. Publication ... AI Ethics Experts Without Borders. Wanda ...,DISCOVERED_UNSCREENED
UNESCO-RAM,www.unesco.org,DQ-EVID-04,19,https://www.unesco.org/interculturaldialogue/es/search?sort=sort_date_asc&page=956,Buscar | e-Platform on Intercultural Dialogue,"Ai ethics, Ai in education, Ai technology, Alcohol education, Algorithms, Alliances ... Constitution du Viet Nam - 1992. Viet Nam - 8 de Noviembre de 2023.",DISCOVERED_UNSCREENED
UNESCO-RAM,www.unesco.org,DQ-EVID-04,20,https://www.unesco.org/sites/default/files/medias/fichiers/2024/11/Regional%20Support%20Strategy%20for%20East%20Asia.pdf,Regional Support Strategy for East Asia,"research on AI ethics in East Asia. In 2023, significant strides were made through initiatives such as the Ethics of AI -. Readiness Assessment for Mongolia ...",DISCOVERED_UNSCREENED
UNESCO-RAM,www.unesco.org,DQ-EVID-04,21,https://www.unesco.org/interculturaldialogue/fr/search?sort=score_desc&sort_by=unesco_date&sort_order=DESC&text=&page=906,Rechercher | e-Platform on Intercultural Dialogue,"Ai ethics, Ai governance, Ai in education, Ai technology, Alcoholic ... Educational financing and budgeting in Viet Nam. Viet Nam - 25 November 2019.",DISCOVERED_UNSCREENED
UNESCO-RAM,www.unesco.org,DQ-EVID-04,22,https://www.unesco.org/creativity/sites/default/files/medias/fichiers/2024/06/387452eng.pdf,Creativity,"It is therefore feared that the entire arts and culture sector lost around a quarter of the added value it has generated in recent years, as a result of the.",DISCOVERED_UNSCREENED
UNESCO-RAM,www.unesco.org,DQ-EVID-04,23,https://www.unesco.org/en/stories,UNESCO Stories,"Viet Nam, Yemen, Zambia, Zimbabwe. Countries. Afghanistan. Albania. Algeria. Andorra ... Ai ethics, Ai governance, Ai in education, Algorithms, Alliances ...",DISCOVERED_UNSCREENED
UNESCO-RAM,www.unesco.org,DQ-EVID-04,24,https://www.unesco.org/reports/wwdr/2021/ar/search?sort=sort_date_asc&sort_by=unesco_date&sort_order=DESC&text=&page=797,بحث | 2021 World Water Development Report,Global Civil Society Organizations and Academic Network on AI Ethics and Policy ... Viet Nam - 7 مايو 2026. الأخبار. اليونسكو تعزز التأهب والاستجابة لحالات ...,DISCOVERED_UNSCREENED
UNESCO-RAM,www.unesco.org,DQ-EVID-04,25,https://www.unesco.org/sites/default/files/medias/fichiers/2024/09/Compilation%20Concept%20Notes%20ALL%2029Sept24.pdf,Transforming Knowledge for Africa's Future,... AI governance coming out of similar country contexts worldwide ... The outcome of the session will consist in the development of the ...,DISCOVERED_UNSCREENED
UNESCO-RAM,www.unesco.org,DQ-EVID-04,26,https://www.unesco.org/sites/default/files/medias/fichiers/2025/11/43-VR-08-init-multilangue-unedited.pdf,الكويت ( 1 2- السيد رئيس . مجعني أ له وصحبه آ وعلى,"Viet Nam. Excellency, you have the floor. 18.1. M. Lê Van (Viet Nam) : Monsieur le Président de la Conférence générale, Madame la Directrice ...",DISCOVERED_UNSCREENED
UNESCO-RAM,www.unesco.org,DQ-EVID-05,1,https://www.unesco.org/en/forum-ethics-ai,Global Forum on the Ethics of AI - Artificial Intelligence,"Quick links: [AI](https://www.unesco.org/en/search/artificial-intelligence) [Response to Crisis](https://www.unesco.org/en/search/emergencies) [Key Challenges](https://www.unesco.org/en/search/key-challenges)

# Global Forum on the Ethics of AI
## Discover more resources ...
UNESCO

UNESCO

UNESCO

UNESCO

UNESCO

UNESCO",DISCOVERED_UNSCREENED
UNESCO-RAM,www.unesco.org,DQ-EVID-05,2,https://www.unesco.org/en/articles/water-quality-and-emerging-pollutants-addressing-new-global-challenges,Water Quality and Emerging Pollutants: addressing new ...,"... Viet Nam. A field investigation held on Thursday 29 November marked ... quality management challenges facing Jakarta, as well as the ...",DISCOVERED_UNSCREENED
UNESCO-RAM,www.unesco.org,DQ-EVID-05,3,https://www.unesco.org/en/articles/unesco-and-cambodian-experts-conduct-joint-field-mission-transboundary-groundwater-project-target,UNESCO and Cambodian Experts Conduct Joint Field ...,"The team included technical officers from the Department of Water Quality Management, General Directorate of Environmental Protection, and ...",DISCOVERED_UNSCREENED
UNESCO-RAM,www.unesco.org,DQ-EVID-05,4,https://www.unesco.org/sdg4education2030/en/knowledge-hub/grid?field_category=All&field_country=All&field_language_target_id=All&field_themes=211&page=0&sort_by=unesco_country_label&sort_order=ASC&sort=sort_country_desc,SDG 4 Knowledge Hub - Grid,"## ![Viet Nam](https://www.unesco.org/sites/default/files/countries/VN.svg)Viet Nam
[![](https://www.unesco.org/sdg4education2030/sites/default/files/styles/small_fixed/public/structured_data/ed3002/5090230_AT3GP116_Process-oriented-Child-Monitoring-photo_5.jpg.webp?itok=gIW-Pj-4&width=289&height=192)\ \ \",DISCOVERED_UNSCREENED
UNESCO-RAM,www.unesco.org,DQ-EVID-05,5,https://www.unesco.org/sites/default/files/medias/fichiers/2026/01/List%20of%20UNESCO%20Chairs%20and%20UNITWIN%20Networks%2012%20January%202026.pdf,List of UNESCO Chairs and UNITWIN Networks ...,transformation; Artificial intelligence; Health. Lauro Fernando ... UNESCO Chair in Quality Management of. Higher Education and Lifelong ...,DISCOVERED_UNSCREENED
UNESCO-RAM,www.unesco.org,DQ-EVID-05,6,https://www.unesco.org/interculturaldialogue/fr/search?sort=sort_title_desc&sort_by=search_api_relevance&sort_order=DESC&text=&page=1873,Rechercher | e-Platform on Intercultural Dialogue,"Service d'évaluation et d'audit · Réforme ... Viet Nam, Yemen, Zambia, Zimbabwe, Åland Islands ... Artificial intelligence, Artificial Intelligence ...",DISCOVERED_UNSCREENED
UNESCO-RAM,www.unesco.org,DQ-EVID-05,7,https://www.unesco.org/sites/default/files/medias/fichiers/2025/12/43-VR-15-init-multilangue-unedited.pdf,Fifteenth plenary meeting of the 43rd session of the ...,... audit opinion. The External Auditor had praised the Secretariat's ... 10.19 The Delegation of Viet Nam stressed that culture drives ...,DISCOVERED_UNSCREENED
UNESCO-RAM,www.unesco.org,DQ-EVID-05,8,https://www.unesco.org/sdg4education2030/fr/node/25/list,SDG 4 Knowledge Hub - List,Advancing equitable and inclusive digital transformation in education in Viet Nam · Bridging the Education Gap in Ethiopia with AI Powered Offline Digital ...,DISCOVERED_UNSCREENED
UNESCO-RAM,www.unesco.org,DQ-EVID-05,9,https://www.unesco.org/sites/default/files/medias/fichiers/2025/11/List%20of%20UNESCO%20Chairs%20and%20UNITWIN%20Networks%2006%20November%202025.pdf,List of UNESCO Chairs and UNITWIN Networks ...,UNESCO Chair in Quality Management of. Higher Education and ... Artificial intelligence; Health. Lauro Fernando Pesántez Avilés http ...,DISCOVERED_UNSCREENED
UNESCO-RAM,www.unesco.org,DQ-EVID-05,10,https://www.unesco.org/sdg4education2030/fr/node/25/grid,SDG 4 Knowledge Hub - Grille,"Service d'évaluation et d'audit · Réforme / Transformation stratégique ... Viet Nam, Yemen, Zambia, Zimbabwe. Pays. Afghanistan. Albania. Algeria. Andorra.",DISCOVERED_UNSCREENED
UNESCO-RAM,www.unesco.org,DQ-EVID-05,11,https://www.unesco.org/sites/default/files/medias/fichiers/2023/05/en-EX-17-presentation.pdf,draft programme and budget 2024-2025 42 c/5,"Recommendation on the Ethics of AI, developing national AI strategies based on ethics. ... impact of artificial intelligence (IP5). Continued ...",DISCOVERED_UNSCREENED
UNESCO-RAM,www.unesco.org,DQ-EVID-05,12,https://www.unesco.org/creativity/fr/policy-monitoring-platform/list,Plateforme de suivi des politiques - List,"Program – Digital environment and artificial intelligence (AI). 2024. Canada ... Viet Nam (June 14, 2023) and the implementation of the UK/Viet Nam ...",DISCOVERED_UNSCREENED
UNESCO-RAM,www.unesco.org,DQ-EVID-05,13,https://www.unesco.org/sites/default/files/medias/fichiers/2025/09/222_PG_report.pdf,Report of the Preparatory Group,"19 government ministers, to discuss artificial intelligence (AI) and the future of education. ... Viet Nam asked why the MCA and the WCF ...",DISCOVERED_UNSCREENED
UNESCO-RAM,www.unesco.org,DQ-EVID-05,14,https://www.unesco.org/interculturaldialogue/fr/search?sort=score_desc&sort_by=unesco_date&sort_order=DESC&text=&page=906,Rechercher | e-Platform on Intercultural Dialogue,"Artificial intelligence, Artificial Intelligence: The promises and the ... Educational financing and budgeting in Viet Nam. Viet Nam - 25 November 2019.",DISCOVERED_UNSCREENED
UNESCO-RAM,www.unesco.org,DQ-EVID-05,15,https://www.unesco.org/sdg4education2030/sites/default/files/medias/fichiers/2024/02/4th%20APMED%202030%20Meeting%20Summary%20Report_draft%20for%20review_TWG.pdf,4th Asia Pacific Meeting on Education 2030 (APMED2030),"Quality Management System. ECCD. Early Childhood Care and ... Viet Nam and Mr. Sang Hoon Bae,. Processor and Director of the Center ...",DISCOVERED_UNSCREENED
UNESCO-RAM,www.unesco.org,DQ-EVID-05,16,https://www.unesco.org/ar/unitwin/list,UNESCO Chairs and UNITWIN Networks - List,"UNESCO Chair on Artificial Intelligence, Emerging Technologies and Innovations for Society ... UNESCO Chair in Quality Management of Higher Education and ...",DISCOVERED_UNSCREENED
UNESCO-RAM,www.unesco.org,DQ-EVID-05,17,https://www.unesco.org/sdg4education2030/en/knowledge-hub/list,SDG 4 Knowledge Hub - List,"Viet Nam

Vietnamese",DISCOVERED_UNSCREENED
UNESCO-RAM,www.unesco.org,DQ-EVID-05,18,https://www.unesco.org/creativity/fr/ifcd/results?items_per_page=40&page=13,FIDC | Résultats du dernier appel à projets,"Service d'évaluation et d'audit · Réforme / Transformation stratégique ... Viet Nam, 75699, Non Preselected, 0.0. 2023-12019, Mapping and advancing the ...",DISCOVERED_UNSCREENED
UNESCO-RAM,www.unesco.org,DQ-EVID-05,19,https://www.unesco.org/creativity/sites/default/files/medias/fichiers/2022/12/7cp_4_draft_summary_record_en.pdf,7 CP,"Togo, and Viet Nam. She recalled that the overall funding target ... General Conference had examined the final report on the audit of the ...",DISCOVERED_UNSCREENED
UNESCO-RAM,www.unesco.org,DQ-EVID-05,20,https://www.unesco.org/creativity/sites/default/files/medias/fichiers/2025/02/UNITED%20KINGDOM%20OF%20GREAT%20BRITAIN%20AND%20NORTHERN%20IRELAND_QPR_2024.pdf,quadrennial periodic report united kingdom of great britain ...,"The EDI Plan has identified a number of actions to complete going forward, including but not limited to: completing an Equality, Diversity and Inclusion Audit, ...",DISCOVERED_UNSCREENED
WHO-VNM,www.who.int,DQ-IMPL-03,1,https://www.who.int/vietnam/news/speeches/speech/speech-by-dr-angela-pratt-at-the-ai-in-health-conference,Speech by Dr Angela Pratt at the AI in Health Conference,"# Speech by Dr Angela Pratt at the AI in Health Conference
I know you will hear a lot over the course of your conference about the opportunities in AI for improving health and health care: here in Viet Nam, AI is already being used to analyze chest X-rays for multiple conditions, and optimize personalized treatment plans for different types of cancer, significantly improving accuracy and efficiency. Hospitals are increasingly adopting advanced robotic surgery systems to perform minimally invasive procedures with unprecedented precision, in fields ranging from general laparoscopy to complex neurosurgery.

To ensure the potential of digital health for improving health can be realized, we need an enabling environment, grounded in strong governance – to implement the transformation ethically, safely, securely and equitably.

Balancing the opportunities and the risks is core to WHO’s work on AI in health care, which includes providing guidance, frameworks and partnerships to help ensure the ethical, equitable and safe use of AI in health systems.

In the past six months, the Government of Viet Nam has been developing a strong policy foundation to advance AI in health care. Complementing these efforts, the National Assembly passed a resolution in February, emphasizing the critical need for ethical AI governance and safeguarding patient safety. Together, these policies demonstrate Viet Nam's commitment to harnessing AI's potential while ensuring responsible and equitable health-care innovation.",DISCOVERED_UNSCREENED
WHO-VNM,www.who.int,DQ-IMPL-03,2,https://www.who.int/papuanewguinea/news/detail-global/20-03-2026-towards-responsible-ai-for-mental-health-and-well-being--experts-chart-a-way-forward,Towards responsible AI for mental health and well-being,"Viet Nam · Wallis and Futuna ... AI governance in health is grounded in evidence, ethics, and the ...",DISCOVERED_UNSCREENED
WHO-VNM,www.who.int,DQ-IMPL-03,3,https://www.who.int/indonesia/news/releases/2,WHO | News releases,Viet Nam · Wallis and Futuna (France) ... responsible AI adoption for health in South-East Asia. Recognizing that the ...,DISCOVERED_UNSCREENED
WHO-VNM,www.who.int,DQ-IMPL-03,4,https://www.who.int/westernpacific/about/governance/regional-committee/session-76/social-media-pack,RCM76 Social Media Kit,"WHO supports countries to build governance, capacity, and shared learning for responsible AI adoption. Example post: AI can extend the reach of our health ...",DISCOVERED_UNSCREENED
WHO-VNM,www.who.int,DQ-IMPL-03,5,https://www.who.int/laos/news/detail-global/10,News,Viet Nam · Wallis and Futuna ... Towards responsible AI for mental health and well-being: experts chart a way forward.,DISCOVERED_UNSCREENED
WHO-VNM,www.who.int,DQ-IMPL-03,6,https://www.who.int/teams/digital-health-and-innovation/global-repository-on-national-digital-health-strategies,Global Repository on National Digital Health Strategies,"... implementation plan, creating a Responsible AI Office for policy ... Viet Nam (CoIA country*). National Health Information System Strategic Plan 2010-2014.",DISCOVERED_UNSCREENED
WHO-VNM,www.who.int,DQ-IMPL-03,7,https://www.who.int/westernpacific/news/item/07-07-2026-global-health-learning-centre-2026-opens-in-manila--welcoming-22-fellows-from-across-the-western-pacific,Global Health Learning Centre 2026 opens in Manila ...,... responsible AI-enabled change.More interactive teaching – a shift ... Viet Nam · Wallis and Futuna ...,DISCOVERED_UNSCREENED
WHO-VNM,www.who.int,DQ-IMPL-03,8,https://www.who.int/laos/news/detail-global/68,News,Viet Nam · Wallis and Futuna (France). When ... Now what? 18 January 2024. News release. WHO releases AI ethics and governance guidance for large multi-modal ...,DISCOVERED_UNSCREENED
WHO-VNM,www.who.int,DQ-IMPL-03,9,https://www.who.int/australia/news/releases/10,WHO | News releases,Viet Nam · Wallis and Futuna ... Towards responsible AI for mental health and well-being: experts chart a way forward.,DISCOVERED_UNSCREENED
WHO-VNM,www.who.int,DQ-IMPL-03,10,https://www.who.int/data/gho/gho-redirect-pages/imr-links/cervical-cancer-screening-program,Cervical cancer screening programmes and age-specific ...,by L Bruni · 2022 · Cited by 685 — Terms and Conditions Accessibility Responsible AI · RELX. Get access. Log in. Purchase Subscribe. Access through your institution. New Subscriber: Claim access ...,DISCOVERED_UNSCREENED
WHO-VNM,www.who.int,DQ-IMPL-04,1,https://www.who.int/vietnam/vi/news/feature-stories,Tin bài nổi bật,Chăm sóc trẻ sơ sinh an toàn hơn và chống gỉ sét thiết bị tại bệnh viện: WHO hỗ trợ các cơ sở y tế tăng cường khả năng chống chịu với biến đổi khí hậu và nâng ...,DISCOVERED_UNSCREENED
WHO-VNM,www.who.int,DQ-IMPL-04,2,https://www.who.int/vietnam/vi/news/detail/24-01-2024-dr-saia-ma-u-piukala--c-b--nhi-m-l-m-gi-m--c-who-khu-v-c-t-y-th-i-b-nh-d-ng,Dr Saia Ma'u Piukala được bổ nhiệm làm Giám đốc WHO ...,"Thúc đẩy hành động về biến đổi khí hậu, môi trường và sức khoẻ là một trọng tâm chính khác của Tiến sĩ Piukala. Ông sẽ xem xét các sáng kiến ...",DISCOVERED_UNSCREENED
WHO-VNM,www.who.int,DQ-IMPL-04,3,https://www.who.int/vietnam/vi/news/feature-stories/longlifeforall--six-covid-19-vaccination-stories-from-viet-nam,Sáu câu chuyện tiêm chủng COVID-19 ở Việt Nam,Chăm sóc trẻ sơ sinh an toàn hơn và chống gỉ sét thiết bị tại bệnh viện: WHO hỗ trợ các cơ sở y tế tăng cường khả năng chống chịu với biến đổi khí hậu và nâng ...,DISCOVERED_UNSCREENED
WHO-VNM,www.who.int,DQ-IMPL-04,4,https://www.who.int/vietnam/vi/news/speeches/speech/speech-by-dr-angela-pratt-at-the-scientific-conference-on-infectious-diseases-and-public-health-issues-in-the-post-covid-19-era-at-pasteur-institute-in-ho-chi-minh-city,Bài phát biểu của Tiến sĩ Angela Pratt tại Hội nghị khoa học,... sở y tế không được thiết kế thích ứng với các hiện tượng khí hậu ... Biến đổi khí hậu và suy thoái môi trường làm tăng nguy cơ mắc các bệnh KLN.,DISCOVERED_UNSCREENED
WHO-VNM,www.who.int,DQ-IMPL-04,5,https://www.who.int/vietnam/vi/news/feature-stories/item/don-t-wait-for-symptoms---get-checked-for-hepatitis--say-liver-cancer-patient-and-experts-in-viet-nam-ahead-of-world-hepatitis-day,Đừng đợi có triệu chứng – hãy xét nghiệm bệnh viêm gan ...,"Sau nó để lại hậu quả rất lớn như tôi bây giờ. Mọi người nên quan tâm đến sức khỏe và đi kiểm tra sớm, và nếu có bệnh thì phải điều trị ngay.”.",DISCOVERED_UNSCREENED
WHO-VNM,www.who.int,DQ-IMPL-04,6,https://www.who.int/vietnam/vi/news/detail/25-04-2025-national-scientific-conference-on-combating-air-pollution-and-improving-air-quality-in-viet-nam,Hội thảo khoa học quốc gia về kiểm soát và cải thiện chất ...,"... Viện Công nghệ Châu Á, cùng đại diện các bộ, ngành (Xây dựng, Y tế ... trí tuệ nhân tạo và khả thi nhằm giảm thiểu ô nhiễm, hướng tới ...",DISCOVERED_UNSCREENED
WHO-VNM,www.who.int,DQ-IMPL-04,7,https://www.who.int/vietnam/vi/news/detail/14-07-2020-q-a-how-is-covid-19-transmitted,Hỏi - đáp: COVID-19 lây truyền như thế nào?,"Hãy ở nhà nếu bạn cảm thấy không khỏe, cần liên lạc với nhân viên y tế, cơ sở y tế càng sớm càng tốt để xác định xem bạn có cần chăm sóc y tế ...",DISCOVERED_UNSCREENED
WHO-VNM,www.who.int,DQ-IMPL-04,8,https://www.who.int/vietnam/vi/health-topics/cardiovascular-disease,Bệnh tim mạch (CVD) ở Việt Nam,"# Bệnh tim mạch (CVD) ở Việt Nam
Bệnh tim mạch bao gồm bệnh mạch vành (nhồi máu cơ tim), tai biến mạch máu não (đột quỵ), tăng huyết áp tăng (cao huyết áp), bệnh động mạch ngoại biên, bệnh thấp tim, bệnh tim bẩm sinh và suy tim. Vì vậy, hầu hết các bệnh tim mạch có thể phòng ngừa được bằng cách giải quyết các yếu tố nguy cơ hành vi này.

Tuy nhiên, hiện tại bệnh tim mạch là nguyên nhân hàng đầu gây tử vong trên toàn cầu, chiếm tới 31% tổng số ca tử vong. Tại Việt Nam, bệnh tim mạch chịu trách nhiệm cho 31% tổng số ca tử vong trong năm 2016 tương đương với hơn 170.000 tử vong.

Sự hỗ trợ của WHO cho phòng chống bệnh tim mạch chủ yếu tập trung vào kiểm soát thuốc lá, giảm tiêu thụ muối và quản lý tăng huyết áp và đái tháo đường tại các trạm y tế xã.

Previous

## Tin tức nổi bật
[Tất cả →](https://www.who.int/vietnam/vi/health-topics/cardiovascular-disease/related-news)

## Ấn phẩm
[Tất cả →](https://www.who.int/vietnam/vi/health-topics/cardiovascular-disease/publications)

Liên kết liên quan

[Chương trình toàn cầu về bệnh tim mạch](https://www.who.int/cardiovascular_diseases/en/)

## Chiến lược ưu tiên
[Thông tin thêm về công việc của WHO Việt Nam về các bệnh không truyền nhiễm](https://www.who.int/vietnam/vi/our-work/managing-communicable-and-noncommunicable-diseases)

[Trở lại các chủ đề y tế](https://www.who.int/vietnam/vi/health-topics)",DISCOVERED_UNSCREENED
WHO-VNM,www.who.int,DQ-IMPL-04,9,https://www.who.int/vietnam/vi/news/commentaries/detail/tackle-sources-of-air-pollution-to-protect-and-promote-health--development-and-productivity--say-un-agencies-in-viet-nam-to-mark-world-environment-day-(5-june),Xử lý nguồn ô nhiễm không khí để bảo vệ và nâng cao ...,"# Xử lý nguồn ô nhiễm không khí để bảo vệ và nâng cao sức khỏe, tăng cường phát triển và nâng cao năng suất, theo ý kiến của các cơ quan của Liên hợp quốc tại Việt Nam nhân kỷ niệm Ngày Môi trường Thế giới (ngày 5 tháng 6)
## Bài viết của: Tiến sĩ Angela Pratt, Trưởng Đại diện WHO tại Việt Nam, Bà Ramula Khalidi, Đại diện Thường trú của UNDP tại Việt Nam, và Bà Rana Flowers, Trưởng Đại diện UNICEF tại Việt Nam
5 June 2024

Theo dõi chúng tôi

- Select language -English

_“Cảm thấy nghẹt thở”_ là tiêu đề được đăng tải trên tờ _Viet Nam News_ ngày 22 tháng 3 năm nay, khi cuộc khảo sát thường niên của IQAir xếp Việt Nam là quốc gia ô nhiễm cao thứ 2 trong khu vực ASEAN và có chất lượng không khí kém thứ 22 trên toàn cầu. Hà Nội được xếp hạng thành phố ô nhiễm thứ 8 trên thế giới.

Số liệu thống kê ô nhiễm không khí mới nhất vẽ nên một bức tranh đáng lo ngại. Trong tháng 3, người dân Hà Nội chỉ trải qua một ngày có chất lượng không khí ở mức “vừa phải”, không có ngày nào chất lượng không khí ở mức “tốt”.[ 1] Ô nhiễm không khí quay trở lại mức trước đại dịch vào năm 2023, khi Việt Nam chứng kiến ​​mức độ các hạt bụi mịn PM2.5 , có hại trong không khí mà tất cả chúng ta đều hít thở tăng 9%. Trung bình vào năm 2023, chỉ số PM2.5 của Việt Nam cao gấp gần sáu lần mức khuyến nghị của WHO.[ 2]

Chất lượng không khí kém là nguy cơ lớn đối với sức khỏe ở Việt Nam và trên toàn cầu. Hạt vật chất hay bụi mịn PM (các hạt mịn chứa nhiều chất ô nhiễm và độc tố khác nhau) xâm nhập sâu vào phổi và hệ thống tim mạch của con người. Tất cả chúng ta đều biết về nguy cơ sức khỏe khi hút thuốc lá: nguy cơ sức khỏe khi tiếp xúc với mức độ ô nhiễm không khí cao cũng tương tự như vậy. Những ảnh hưởng đến sức khỏe trong ngắn hạn bao gồm chứng khó thở, nhiễm trùng đường hô hấp và làm trầm trọng thêm những tình trạng đã có từ trước như bệnh hen. Những nguy cơ về sức khỏe về lâu dài do tiếp xúc với ô nhiễm không khí kéo dài bao gồm đột quỵ, bệnh tim, ung thư phổi và bệnh phổi tắc nghẽn mãn tính.[ 3]

Ô nhiễm không khí gây ra khoảng 7 triệu ca tử vong trên toàn cầu mỗi năm và ít nhất 70.000 ca tử vong mỗi năm ở Việt Nam, khiến cho tuổi thọ trung bình bị rút ngắn 1,4 năm.[ 4] Nếu không hành động để giải quyết các tác động đến sức khỏe, ô nhiễm không khí có thể có nguy cơ ảnh hưởng đến mức tăng tuổi thọ đáng kể mà Việt Nam đã đạt được trong những thập kỷ gần đây.

![](https://www.who.int/images/default-source/wpro/countries/viet-nam/commentaries/2024/air-pollution-ha-noi.jpg?sfvrsn=b244384e_3)

Mọi người đều có nguy cơ mắc bệnh, nhưng một số người  có nguy cơ cao hơn những người khác, bao gồm cả người mắc các bệnh về phổi như hen suyễn hoặc bệnh phổi tắc nghẽn mạn tính; trẻ em, đặc biệt là trẻ dưới 5 tuổi, là nhóm có nguy cơ cao mắc các bệnh nhiễm trùng đường hô hấp cấp tính như viêm phổi, chịu ảnh hưởng đến sự phát triển và chức năng của phổi, gây ra ước tính 7% tổng số ca tử vong có thể do ô nhiễm không khí ở Việt Nam; người cao tuổi; người mắc bệnh tim mạch và/hoặc tiểu đường; những người làm việc hoặc tập thể dục với cường độ cao ngoài trời; và những người sống hoặc làm việc gần các nguồn ô nhiễm bao gồm đường cao tốc mật độ cao, công trường phá dỡ và xây dựng, khu công nghiệp, khu đốt rác thải lộ thiên và khu vực cháy rừng. Phụ nữ mang thai và thai nhi phải đối mặt với những nguy cơ đặc biệt, phơi nhiễm trong thời kỳ mang thai có liên quan đến tình trạng đẻ non và thiếu cân khi sinh. Hơn nữa, không khí không trong lành  có liên quan đến chứng rối loạn thần kinh, béo phì ở trẻ em và các vấn đề về sức khỏe tâm thần.

Ô nhiễm không khí trong nhà, tuy thường bị bỏ qua, nhưng cũng là một nguyên nhân chính, gây ra bệnh tật và tử vong. Trong năm 2020, ô nhiễm không khí trong nhà là nguyên nhân gây ra gần một nửa số ca tử vong liên quan đến ô nhiễm không khí – ước tính khoảng 3,2 triệu người – bao gồm cả những cái chết bi thảm của hơn 237.000 trẻ em dưới 5 tuổi. Một nghiên cứu mới trên 15.000 trẻ em ở Thành phố Hồ Chí Minh đã chứng minh mối liên hệ giữa các triệu chứng đường hô hấp và chất lượng không khí kém trong nhà do hút thuốc thụ động và nấu ăn bằng than, củi hoặc dầu hỏa. Ô nhiễm không khí trong nhà cũng có tác động khác biệt về giới tính, khi mà phụ nữ có xu hướng tiếp xúc với ô nhiễm không khí trong nhà nhiều hơn nam giới.

Ô nhiễm không khí là mối nguy hiểm cho sức khỏe và điều này cũng là tin xấu đối với cộng đồng, xã hội và nền kinh tế Việt Nam. Ô nhiễm không khí làm giảm năng suất của người lao động, tác động tiêu cực đến năng suất cây trồng và chăn nuôi, giảm doanh thu du lịch trong nước và quốc tế cũng như đầu tư quốc tế và gây thiệt hại cho các công trình di sản do mưa axit, và làm suy thoái hệ sinh thái và đa dạng sinh học. Ngân hàng Thế giới ước tính ô nhiễm không khí gây ra thiệt hại về xã hội và kinh tế cho Việt Nam, bao gồm cả tử vong sớm và bệnh tật, lên đến hơn 13 tỷ USD mỗi năm, chưa bao gồm chi phí làm sạch trong tương lai. Con số này tương đương với 4% tổng sản phẩm quốc nội (GDP) của đất nước.[ 5]

Có một tin tốt là việc tăng cường hành động để giải quyết tình trạng ô nhiễm không khí và giảm tác động của ô nhiễm không khí đến sức khỏe sẽ không chỉ tốt cho sức khỏe: không khí sạch và bầu trời trong xanh còn mang lại lợi ích đáng kể cho xã hội và nền kinh tế Việt Nam. Các chiến lược giải quyết tình trạng ô nhiễm không khí cũng góp phần đáp ứng các mục tiêu giảm nhẹ về khí hậu, cho phép tiếp cận nhiều hơn với năng lượng sạch, tăng cường quản lý môi trường, đồng thời luôn làm cho các thành phố trở nên đáng sống và bền vững hơn. Sức khỏe được cải thiện cũng cho phép đạt được kết quả giáo dục và năng suất lao động. Đây chỉ là một vài lợi ích đồng thời trong số nhiều lợi ích của việc giải quyết tình trạng ô nhiễm không khí. Hành động hướng tới không khí sạch sẽ đẩy nhanh tiến độ đạt được các Mục tiêu Phát triển Bền vững năm 2030.

Ngày Môi trường Thế giới tập trung mối quan tâm toàn cầu vào những thách thức môi trường cấp bách của thời đại chúng ta - bao gồm cả ô nhiễm không khí. Đây cũng là lời kêu gọi hành động – khai thác sức mạnh của Chính phủ, doanh nghiệp và cá nhân để khôi phục bầu trời xanh và không khí trong lành tại Việt Nam.

Hành động này có thể bắt đầu từ cấp độ cá nhân: mọi người có thể thực hiện các biện pháp để bảo vệ bản thân và con mình khỏi tiếp xúc với ô nhiễm không khí vào những ngày ô nhiễm nặng (ví dụ, hạn chế tập thể dục kéo dài hoặc căng thẳng ngoài trời, đeo khẩu trang vừa vặn có thể lọc được PM2.5 và sử dụng máy lọc không khí trong nhà nếu có thể). Nhưng điều quan trọng là phải nhận ra rằng khả năng tiếp cận các “biện pháp đối phó” này là không đồng đều – ví dụ, nhiều người làm việc ngoài trời và không thể chỉ ở trong nhà cho đến khi không khí trong lành, và máy lọc không khí hiệu quả thì đắt tiền và do đó, nằm ngoài khả năng của nhiều người dân Việt Nam.

Do đó, việc giải quyết ô nhiễm không khí một cách hiệu quả – nhằm mang lại sức khỏe và các lợi ích khác cho tất cả mọi người – đòi hỏi phải có thay đổi ở cấp chính sách, cấp ngành để giải quyết ô nhiễm từ nguồn gốc của nó. Nghĩa là, để làm sạch không khí mà chúng ta hít thở đòi hỏi Việt Nam phải giảm sự phụ thuộc vào nhiên liệu hóa thạch để sử dụng năng lượng và vận chuyển, chuyển sang sử dụng các phương tiện mới hơn, sạch hơn và quản lý chất thải tốt hơn như giảm việc đốt rơm rạ và rác thải ngoài trời. Do nhiều nguồn gây ô nhiễm không khí ngoài trời cũng là nguồn phát thải carbon (chẳng hạn, nhiên liệu hóa thạch), việc giảm ô nhiễm không khí cũng như giảm các tác nhân và tác động của biến đổi khí hậu phải đi đôi với nhau, như một phần trong cách tiếp cận hợp lý để phát triển bền vững.

Dưới sự lãnh đạo tích cực của Thủ tướng Chính phủ, Chính phủ Việt Nam đã đặt ra các mục tiêu hành động đầy tham vọng về biến đổi khí hậu, điều này sẽ mang lại lợi ích đáng kể cho việc giải quyết tình trạng ô nhiễm không khí. Tại Hội nghị về Biến đổi Khí hậu của Liên Hợp Quốc năm 2021 (COP26), Việt Nam cam kết đạt mức phát thải carbon bằng 0 vào năm 2050. Vào tháng 12 năm 2022, Việt Nam và Nhóm Đối tác Quốc tế đã công bố Quan hệ Đối tác Chuyển đổi Năng lượng Công bằng (JETP), nhằm mục đích giải phóng nguồn tài chính để hỗ trợ đất nước đẩy nhanh quá trình chuyển đổi sang các nguồn năng lượng sạch, tái tạo. [[6]](https://worldhealthorg-my.sharepoint.com/personal/trant_who_int/Documents/TRAN%20THI%20LOAN/6.%20COMMUNICATIONS/2024-25/4.%20Website,%20social%20media,%20press%20release/7.%20Op-Ed/20240529%20VNM%20air%20quality%20op%20ed%20WHO%20UNICEF%20UNDP%20-%20FINAL%20VN%20translation.docx#_ftn6) Gần đây hơn, Việt Nam cũng đã gia nhập Liên minh hành động về biến đổi khí hậu và sức khỏe của WHO.

Liên hợp quốc hoan nghênh những cam kết này, đã phát đi một tín hiệu quan trọng rằng giải quyết vấn đề biến đổi khí hậu – và cải thiện chất lượng không khí – là ưu tiên hàng đầu của Việt Nam. Chúng tôi cũng rất vui mừng khi thấy những tiến triển trong quá trình thực hiện – như các tiêu chuẩn khí thải nghiêm ngặt hơn đối với ô tô mới được ban hành vào tháng 1 năm 2022 mà nếu được thực thi hiệu quả, sẽ giảm ô nhiễm do giao thông gây ra.

Tuy nhiên, vẫn còn cơ hội để tăng cường hành động hơn nữa cả trong ngắn hạn và trung/dài hạn nhằm giảm thiểu tác động đến sức khỏe của ô nhiễm không khí và hiện thực hóa lợi ích từ việc này đối với nền kinh tế và xã hội Việt Nam.

Ví dụ: các chiến lược đã được chứng minh là có hiệu quả ở các thành phố và quốc gia khác bao gồm:

Sẽ có nhiều cơ hội sắp tới để thể chế hóa cam kết của Việt Nam trong việc giải quyết vấn đề biến đổi khí hậu và ô nhiễm không khí bằng các luật và chính sách khác nhau. Ví dụ: khi _Kế hoạch hành động quốc gia về quản lý chất lượng không khí giai đoạn 2021-2025_ kết thúc và những người ra quyết định xem xét định hình kế hoạch tiếp theo như thế nào, chúng tôi hy vọng sẽ thấy được một cam kết đẩy mạnh hành động để cải thiện chất lượng không khí. Đóng góp do quốc gia tự quyết định (NDC) tiếp theo của Việt Nam theo Công ước khung của Liên hợp quốc về biến đổi khí hậu (UNFCCC), dự kiến ​​sẽ hoàn thành vào cuối năm 2025, cũng sẽ là cơ hội để hình thành nên cách Việt Nam sẽ đáp ứng các cam kết giảm phát thải khí nhà kính như thế nào.

Quyền hít thở không khí trong lành là một trong những quyền cơ bản nhất của tất cả mọi người trên hành tinh này. WHO, UNDP và UNICEF sẵn sàng hỗ trợ Chính phủ Việt Nam đảm bảo tất cả mọi người ở Việt Nam đều được hưởng quyền này – ủng hộ các cam kết của Chính phủ trong việc bảo vệ và nâng cao sức khỏe cũng như phát triển kinh tế và xã hội bền vững, nhằm tạo ra một tương lai tươi sáng hơn, khỏe mạnh hơn và công bằng hơn.

[[1]](https://worldhealthorg-my.sharepoint.com/personal/trant_who_int/Documents/TRAN%20THI%20LOAN/6.%20COMMUNICATIONS/2024-25/4.%20Website,%20social%20media,%20press%20release/7.%20Op-Ed/20240529%20VNM%20air%20quality%20op%20ed%20WHO%20UNICEF%20UNDP%20-%20FINAL%20VN%20translation.docx#_ftnref1) [[https://e.vnexpress.net/news/environment/hanoi-sees-zero-days-of-good-air-quality-in-march-4729602.html](https://e.vnexpress.net/news/environment/hanoi-sees-zero-days-of-good-air-quality-in-march-4729602.html)](https://e.vnexpress.net/news/environment/hanoi-sees-zero-days-of-good-air-quality-in-march-4729602.html)

[[2]](https://worldhealthorg-my.sharepoint.com/personal/trant_who_int/Documents/TRAN%20THI%20LOAN/6.%20COMMUNICATIONS/2024-25/4.%20Website,%20social%20media,%20press%20release/7.%20Op-Ed/20240529%20VNM%20air%20quality%20op%20ed%20WHO%20UNICEF%20UNDP%20-%20FINAL%20VN%20translation.docx#_ftnref2) [[https://www.iqair.com/vietnam](https://www.iqair.com/vietnam)](https://www.iqair.com/vietnam)

[[3]](https://worldhealthorg-my.sharepoint.com/personal/trant_who_int/Documents/TRAN%20THI%20LOAN/6.%20COMMUNICATIONS/2024-25/4.%20Website,%20social%20media,%20press%20release/7.%20Op-Ed/20240529%20VNM%20air%20quality%20op%20ed%20WHO%20UNICEF%20UNDP%20-%20FINAL%20VN%20translation.docx#_ftnref3) [[https://www.who.int/teams/environment-climate-change-and-health/air-quality-energy-and-health/health-impacts](https://www.who.int/teams/environment-climate-change-and-health/air-quality-energy-and-health/health-impacts)](https://www.who.int/teams/environment-climate-change-and-health/air-quality-energy-and-health/health-impacts)

[[4]](https://worldhealthorg-my.sharepoint.com/personal/trant_who_int/Documents/TRAN%20THI%20LOAN/6.%20COMMUNICATIONS/2024-25/4.%20Website,%20social%20media,%20press%20release/7.%20Op-Ed/20240529%20VNM%20air%20quality%20op%20ed%20WHO%20UNICEF%20UNDP%20-%20FINAL%20VN%20translation.docx#_ftnref4) [[https://www.sciencedirect.com/science/article/pii/S2773049223000016](https://www.sciencedirect.com/science/article/pii/S2773049223000016)](https://www.sciencedirect.com/science/article/pii/S2773049223000016).

[[5]](https://worldhealthorg-my.sharepoint.com/personal/trant_who_int/Documents/TRAN%20THI%20LOAN/6.%20COMMUNICATIONS/2024-25/4.%20Website,%20social%20media,%20press%20release/7.%20Op-Ed/20240529%20VNM%20air%20quality%20op%20ed%20WHO%20UNICEF%20UNDP%20-%20FINAL%20VN%20translation.docx#_ftnref5) [[https://elibrary.worldbank.org/doi/abs/10.1596/37704](https://elibrary.worldbank.org/doi/abs/10.1596/37704)](https://elibrary.worldbank.org/doi/abs/10.1596/37704) and quoted in [[https://blogs.worldbank.org/en/eastasiapacific/fulfil-vietnams-economic-ambitions-climate-action-essential#:~:text=While%20Vietnam%20currently%20contributes%20only,per%20capita%20GHG%20emitters%20worldwide](https://blogs.worldbank.org/en/eastasiapacific/fulfil-vietnams-economic-ambitions-climate-action-essential#:~:text=While%20Vietnam%20currently%20contributes%20only,per%20capita%20GHG%20emitters%20worldwide)](https://blogs.worldbank.org/en/eastasiapacific/fulfil-vietnams-economic-ambitions-climate-action-essential#:~:text=While%20Vietnam%20currently%20contributes%20only,per%20capita%20GHG%20emitters%20worldwide)

[[6]](https://worldhealthorg-my.sharepoint.com/personal/trant_who_int/Documents/TRAN%20THI%20LOAN/6.%20COMMUNICATIONS/2024-25/4.%20Website,%20social%20media,%20press%20release/7.%20Op-Ed/20240529%20VNM%20air%20quality%20op%20ed%20WHO%20UNICEF%20UNDP%20-%20FINAL%20VN%20translation.docx#_ftnref6) [[https://www.energytransitionpartnership.org/country/vietnam/](https://www.energytransitionpartnership.org/country/vietnam/)](https://www.energytransitionpartnership.org/country/vietnam/)

## Want to read more?
[Subscribe to newsletter →](https://www.who.int/mediacentre/multimedia/newsletter/en/)",DISCOVERED_UNSCREENED
WHO-VNM,www.who.int,DQ-IMPL-04,10,https://www.who.int/vietnam/vi/news/commentaries/detail/women-and-tobacco-in-viet-nam--the-hidden-threat,Phụ nữ và thuốc lá ở Việt Nam: Nhiều nguy cơ tiềm ẩn,"Điều này đã gây ra rất nhiều hậu quả: Khoảng 1,5% học sinh nữ từ 13 đến 17 tuổi đã bắt đầu sử dụng thuốc lá điện tử. Tỷ lệ này thậm chí còn cao ...",DISCOVERED_UNSCREENED
