relative_path,sha256,bytes
candidate-url-locators.csv,2A318CB7B5F90A6846BEA1DD0FBA6F518E023387B1EC47764496D01201AEB66F,1306610
completion-status.json,FAB97E7E81ACD3A1ED82D9E2895F42DEECADB1080471A90D760FA608B266ED09,926
query-portal-ledger.csv,1F59A4C7AEF2EEB4C0B5EE08BA6CAE286C6A82AA54C5A51E3D5E5A65C7DC6F77,337069
raw/moh-astt-dq-evid-01-p01.body,E2F050433EA0F006089DEC3236D3C06C16A8FD0811607A145BB577B4FAFC37CB,41744
raw/moh-astt-dq-evid-01-p01.error.txt,7E85CFAF756D19A11613EF6F17C9561FBB481668A6662D8A166A2FC4FE60ADB6,20
raw/moh-astt-dq-evid-01-p01.headers,E22CBB0979CFAAF44B457664F90A306B3BC55BB26D52F4736D57E0AEDC8C5DE1,265
raw/moh-astt-dq-evid-01-p02.body,B255547C3AB15E27B488E84B2E3EBFC2BA17AE42282268C9C4E244C3EBB0135F,52037
raw/moh-astt-dq-evid-01-p02.error.txt,F635A5303E95AC60BCF9AB7FD03F187AD5E4240CDC90071B7253C7B3CC053C92,20
raw/moh-astt-dq-evid-01-p02.headers,DE61D2BF8BA531CEBA8ECE2CD3C9ED607EBF40D423406D7EB27F158991824FC2,356
raw/moh-astt-dq-evid-01-p03.body,B255547C3AB15E27B488E84B2E3EBFC2BA17AE42282268C9C4E244C3EBB0135F,52037
raw/moh-astt-dq-evid-01-p03.error.txt,F635A5303E95AC60BCF9AB7FD03F187AD5E4240CDC90071B7253C7B3CC053C92,20
raw/moh-astt-dq-evid-01-p03.headers,9BCBC09D2A64757390057BC6264E6265F5390D8EC83DBDFFF3472768D5EFB675,356
raw/moh-astt-dq-evid-01-p04.body,B255547C3AB15E27B488E84B2E3EBFC2BA17AE42282268C9C4E244C3EBB0135F,52037
raw/moh-astt-dq-evid-01-p04.error.txt,F635A5303E95AC60BCF9AB7FD03F187AD5E4240CDC90071B7253C7B3CC053C92,20
raw/moh-astt-dq-evid-01-p04.headers,39565CDF69EE6DAB3DD6F7E04C850B48B28F1454814EF661D3A977C81F50C3D4,356
raw/moh-astt-dq-evid-01-p05.body,B255547C3AB15E27B488E84B2E3EBFC2BA17AE42282268C9C4E244C3EBB0135F,52037
raw/moh-astt-dq-evid-01-p05.error.txt,F635A5303E95AC60BCF9AB7FD03F187AD5E4240CDC90071B7253C7B3CC053C92,20
raw/moh-astt-dq-evid-01-p05.headers,2DC9295539E1A62FD5D48FACC6AF9B8FD0B69C3B64F72275466C8FFAED1D1E77,356
raw/moh-astt-dq-evid-02-p01.body,EA858FDBDE92F5905865B7B8AECCEFAFC90764217A4BBFEF06082FF7E5DE21FC,42924
raw/moh-astt-dq-evid-02-p01.error.txt,7E85CFAF756D19A11613EF6F17C9561FBB481668A6662D8A166A2FC4FE60ADB6,20
raw/moh-astt-dq-evid-02-p01.headers,D339D464DCC224BA4DD36FD81468C5A09DFB177B4444A6EFBE61CDD2E16CE5BB,265
raw/moh-astt-dq-evid-02-p02.body,B255547C3AB15E27B488E84B2E3EBFC2BA17AE42282268C9C4E244C3EBB0135F,52037
raw/moh-astt-dq-evid-02-p02.error.txt,F635A5303E95AC60BCF9AB7FD03F187AD5E4240CDC90071B7253C7B3CC053C92,20
raw/moh-astt-dq-evid-02-p02.headers,216A6FE59CD3EB8EE6889AB555B2B3E8819BD02305C3CF06FE129E531357CB71,356
raw/moh-astt-dq-evid-02-p03.body,B255547C3AB15E27B488E84B2E3EBFC2BA17AE42282268C9C4E244C3EBB0135F,52037
raw/moh-astt-dq-evid-02-p03.error.txt,F635A5303E95AC60BCF9AB7FD03F187AD5E4240CDC90071B7253C7B3CC053C92,20
raw/moh-astt-dq-evid-02-p03.headers,C27947C17AEEB7720D7A3BDD7E5A53F15E4CAFA9F30441A39EE1A1F5A13F5C42,356
raw/moh-astt-dq-evid-02-p04.body,B255547C3AB15E27B488E84B2E3EBFC2BA17AE42282268C9C4E244C3EBB0135F,52037
raw/moh-astt-dq-evid-02-p04.error.txt,F635A5303E95AC60BCF9AB7FD03F187AD5E4240CDC90071B7253C7B3CC053C92,20
raw/moh-astt-dq-evid-02-p04.headers,C2680858E170B524EBC2D9F29D9D52AECCE79EB00C3F3AE3E6590AE1424583BA,356
raw/moh-astt-dq-evid-02-p05.body,B255547C3AB15E27B488E84B2E3EBFC2BA17AE42282268C9C4E244C3EBB0135F,52037
raw/moh-astt-dq-evid-02-p05.error.txt,F635A5303E95AC60BCF9AB7FD03F187AD5E4240CDC90071B7253C7B3CC053C92,20
raw/moh-astt-dq-evid-02-p05.headers,FC739730F2FBAC660417901B4B6120E783B7F1BFAE54A06A8C968FC3CACD7B56,356
raw/moh-astt-dq-evid-03-p01.body,C91104D2D350C98D846F49CA6F8EEFC48994F9FA22A23D3364F17736515BC3E9,44081
raw/moh-astt-dq-evid-03-p01.error.txt,7E85CFAF756D19A11613EF6F17C9561FBB481668A6662D8A166A2FC4FE60ADB6,20
raw/moh-astt-dq-evid-03-p01.headers,EA8642B0B85A5C40CDFE2500096DEF39F2913FB2BE4DA6B5EE77E0E6604F3897,265
raw/moh-astt-dq-evid-03-p02.body,B255547C3AB15E27B488E84B2E3EBFC2BA17AE42282268C9C4E244C3EBB0135F,52037
raw/moh-astt-dq-evid-03-p02.error.txt,F635A5303E95AC60BCF9AB7FD03F187AD5E4240CDC90071B7253C7B3CC053C92,20
raw/moh-astt-dq-evid-03-p02.headers,AF649E42E3B021A98A161BC3F1B3255899A4C320203B67B257100F0E6650DBA5,356
raw/moh-astt-dq-evid-03-p03.body,B255547C3AB15E27B488E84B2E3EBFC2BA17AE42282268C9C4E244C3EBB0135F,52037
raw/moh-astt-dq-evid-03-p03.error.txt,F635A5303E95AC60BCF9AB7FD03F187AD5E4240CDC90071B7253C7B3CC053C92,20
raw/moh-astt-dq-evid-03-p03.headers,B51AF51AD1086D227166A5886DA56CC8B7766A332313CE8FECCA5BF0B0B1D635,356
raw/moh-astt-dq-evid-03-p04.body,B255547C3AB15E27B488E84B2E3EBFC2BA17AE42282268C9C4E244C3EBB0135F,52037
raw/moh-astt-dq-evid-03-p04.error.txt,F635A5303E95AC60BCF9AB7FD03F187AD5E4240CDC90071B7253C7B3CC053C92,20
raw/moh-astt-dq-evid-03-p04.headers,78E73B5EB33BE6457DE0A423A8244C9A9B4B3B53D82A9ED5E8A23CE851E12C92,356
raw/moh-astt-dq-evid-03-p05.body,B255547C3AB15E27B488E84B2E3EBFC2BA17AE42282268C9C4E244C3EBB0135F,52037
raw/moh-astt-dq-evid-03-p05.error.txt,F635A5303E95AC60BCF9AB7FD03F187AD5E4240CDC90071B7253C7B3CC053C92,20
raw/moh-astt-dq-evid-03-p05.headers,460BE65450C73E111E4B32977F3DB2539BDBBD62133C2705CF8B07212EEFF256,356
raw/moh-astt-dq-evid-04-p01.body,A9282A7B87D8DC51123AB0995FB165C619DB1FFDAD20518B5332A0E41636350E,41716
raw/moh-astt-dq-evid-04-p01.error.txt,7E85CFAF756D19A11613EF6F17C9561FBB481668A6662D8A166A2FC4FE60ADB6,20
raw/moh-astt-dq-evid-04-p01.headers,6DCC0B439C9FDE624AE9EBED65D2A6C0823AB6441F0B886CC904D97E1F2DD7CC,265
raw/moh-astt-dq-evid-04-p02.body,B255547C3AB15E27B488E84B2E3EBFC2BA17AE42282268C9C4E244C3EBB0135F,52037
raw/moh-astt-dq-evid-04-p02.error.txt,F635A5303E95AC60BCF9AB7FD03F187AD5E4240CDC90071B7253C7B3CC053C92,20
raw/moh-astt-dq-evid-04-p02.headers,4ADF15C088593D42AB0447C4A72B0729800A298B6D95B3B10BEB57FB1F39042A,356
raw/moh-astt-dq-evid-04-p03.body,B255547C3AB15E27B488E84B2E3EBFC2BA17AE42282268C9C4E244C3EBB0135F,52037
raw/moh-astt-dq-evid-04-p03.error.txt,F635A5303E95AC60BCF9AB7FD03F187AD5E4240CDC90071B7253C7B3CC053C92,20
raw/moh-astt-dq-evid-04-p03.headers,1E7AB3E343828CCCEBC2E399BFD16BA46B952C9D966E71524909AEC943BC7647,356
raw/moh-astt-dq-evid-04-p04.body,B255547C3AB15E27B488E84B2E3EBFC2BA17AE42282268C9C4E244C3EBB0135F,52037
raw/moh-astt-dq-evid-04-p04.error.txt,F635A5303E95AC60BCF9AB7FD03F187AD5E4240CDC90071B7253C7B3CC053C92,20
raw/moh-astt-dq-evid-04-p04.headers,F68333F33FDC7B23A5F037E7A6B72A2AED4557E2D26B0944941E3890960E54B1,356
raw/moh-astt-dq-evid-04-p05.body,B255547C3AB15E27B488E84B2E3EBFC2BA17AE42282268C9C4E244C3EBB0135F,52037
raw/moh-astt-dq-evid-04-p05.error.txt,F635A5303E95AC60BCF9AB7FD03F187AD5E4240CDC90071B7253C7B3CC053C92,20
raw/moh-astt-dq-evid-04-p05.headers,38B923A8BFDCF5E4DCE7137383CACF4A9BEE13E27D6A21DDE2A67220D8D6BABC,356
raw/moh-astt-dq-evid-05-p01.body,94BB917A46B05A5A426BC171CDF13748794C8A5C5B72248A104EE89D4C1C00FE,41954
raw/moh-astt-dq-evid-05-p01.error.txt,7E85CFAF756D19A11613EF6F17C9561FBB481668A6662D8A166A2FC4FE60ADB6,20
raw/moh-astt-dq-evid-05-p01.headers,62D85580AA71968B69BF87215E8F3DEA71A9A06FC435B299E058D26454E13F7E,265
raw/moh-astt-dq-evid-05-p02.body,B255547C3AB15E27B488E84B2E3EBFC2BA17AE42282268C9C4E244C3EBB0135F,52037
raw/moh-astt-dq-evid-05-p02.error.txt,F635A5303E95AC60BCF9AB7FD03F187AD5E4240CDC90071B7253C7B3CC053C92,20
raw/moh-astt-dq-evid-05-p02.headers,FBA920A76419FE8CAA03DF8E0A425CCC6F2CC372E11DB1A7A898A793FBEDABD6,356
raw/moh-astt-dq-evid-05-p03.body,B255547C3AB15E27B488E84B2E3EBFC2BA17AE42282268C9C4E244C3EBB0135F,52037
raw/moh-astt-dq-evid-05-p03.error.txt,F635A5303E95AC60BCF9AB7FD03F187AD5E4240CDC90071B7253C7B3CC053C92,20
raw/moh-astt-dq-evid-05-p03.headers,624E8A155E28865FEE33AB2223BDAE86A009269AB4A81B9BF5C84F27A590E1F6,356
raw/moh-astt-dq-evid-05-p04.body,B255547C3AB15E27B488E84B2E3EBFC2BA17AE42282268C9C4E244C3EBB0135F,52037
raw/moh-astt-dq-evid-05-p04.error.txt,F635A5303E95AC60BCF9AB7FD03F187AD5E4240CDC90071B7253C7B3CC053C92,20
raw/moh-astt-dq-evid-05-p04.headers,C15469D2FEB63C56EA1F4352867EC6EDD7E8427EF0762657CE3AF773125AEFF1,356
raw/moh-astt-dq-evid-05-p05.body,B255547C3AB15E27B488E84B2E3EBFC2BA17AE42282268C9C4E244C3EBB0135F,52037
raw/moh-astt-dq-evid-05-p05.error.txt,F635A5303E95AC60BCF9AB7FD03F187AD5E4240CDC90071B7253C7B3CC053C92,20
raw/moh-astt-dq-evid-05-p05.headers,847E489CFC5CBE52B971A928ADCD944AFAE46713ED62A6BDEA24E802780933E3,356
raw/moh-astt-dq-impl-01-p01.body,518910461DA320C8DD665245F67D9316ED4DCA1CE71FD4656AC0F3D501826F26,42259
raw/moh-astt-dq-impl-01-p01.error.txt,7E85CFAF756D19A11613EF6F17C9561FBB481668A6662D8A166A2FC4FE60ADB6,20
raw/moh-astt-dq-impl-01-p01.headers,ED071A005D7411028871F6024122B6412933C5D6EF185524D083248102017032,265
raw/moh-astt-dq-impl-01-p02.body,B255547C3AB15E27B488E84B2E3EBFC2BA17AE42282268C9C4E244C3EBB0135F,52037
raw/moh-astt-dq-impl-01-p02.error.txt,F635A5303E95AC60BCF9AB7FD03F187AD5E4240CDC90071B7253C7B3CC053C92,20
raw/moh-astt-dq-impl-01-p02.headers,E663D07B5B525FD5EE18B5B85A43BBFED87C67A6E468C091ABC99529B64F0CB9,356
raw/moh-astt-dq-impl-01-p03.body,B255547C3AB15E27B488E84B2E3EBFC2BA17AE42282268C9C4E244C3EBB0135F,52037
raw/moh-astt-dq-impl-01-p03.error.txt,F635A5303E95AC60BCF9AB7FD03F187AD5E4240CDC90071B7253C7B3CC053C92,20
raw/moh-astt-dq-impl-01-p03.headers,EE6B764BCA4904C8AA3C58577582FAEFF8108A946BFD49CCD1568A4E2AE2F8C0,356
raw/moh-astt-dq-impl-01-p04.body,B255547C3AB15E27B488E84B2E3EBFC2BA17AE42282268C9C4E244C3EBB0135F,52037
raw/moh-astt-dq-impl-01-p04.error.txt,F635A5303E95AC60BCF9AB7FD03F187AD5E4240CDC90071B7253C7B3CC053C92,20
raw/moh-astt-dq-impl-01-p04.headers,428DD19F3801296C79E60E74FCBC2CA1A7FD639C41E249929598393BE25ADE01,356
raw/moh-astt-dq-impl-01-p05.body,B255547C3AB15E27B488E84B2E3EBFC2BA17AE42282268C9C4E244C3EBB0135F,52037
raw/moh-astt-dq-impl-01-p05.error.txt,F635A5303E95AC60BCF9AB7FD03F187AD5E4240CDC90071B7253C7B3CC053C92,20
raw/moh-astt-dq-impl-01-p05.headers,D2DC5E9E42956DDDE25A1FB607EBFB3785C06E2CF568393C5ACA40EA52474652,356
raw/moh-astt-dq-impl-02-p01.body,4CAC6A5E897E49C675CDDC8FE3B34EA3EA4098A3AD59F24FB420EA0A4A43AD4E,47762
raw/moh-astt-dq-impl-02-p01.error.txt,7E85CFAF756D19A11613EF6F17C9561FBB481668A6662D8A166A2FC4FE60ADB6,20
raw/moh-astt-dq-impl-02-p01.headers,E176A1C04E45244F3D9401E3ED7415386F231ACD3BF56B91909E379C2562BC09,265
raw/moh-astt-dq-impl-02-p02.body,B255547C3AB15E27B488E84B2E3EBFC2BA17AE42282268C9C4E244C3EBB0135F,52037
raw/moh-astt-dq-impl-02-p02.error.txt,F635A5303E95AC60BCF9AB7FD03F187AD5E4240CDC90071B7253C7B3CC053C92,20
raw/moh-astt-dq-impl-02-p02.headers,2DFB8D4A229CAD774BDF8647E7944B4C2133080EAD7D50CCA7FF50529076A58A,356
raw/moh-astt-dq-impl-02-p03.body,B255547C3AB15E27B488E84B2E3EBFC2BA17AE42282268C9C4E244C3EBB0135F,52037
raw/moh-astt-dq-impl-02-p03.error.txt,F635A5303E95AC60BCF9AB7FD03F187AD5E4240CDC90071B7253C7B3CC053C92,20
raw/moh-astt-dq-impl-02-p03.headers,F65CDF10A2521348E4AD1944577362C6089A86B041D5CBD9BCCE55B9497D97B2,356
raw/moh-astt-dq-impl-02-p04.body,B255547C3AB15E27B488E84B2E3EBFC2BA17AE42282268C9C4E244C3EBB0135F,52037
raw/moh-astt-dq-impl-02-p04.error.txt,F635A5303E95AC60BCF9AB7FD03F187AD5E4240CDC90071B7253C7B3CC053C92,20
raw/moh-astt-dq-impl-02-p04.headers,1CCFE71FA0D5FD516BB6D041D41D0B09FD0DFAF44BD94EEAA8A66F058BFCDDA1,356
raw/moh-astt-dq-impl-02-p05.body,B255547C3AB15E27B488E84B2E3EBFC2BA17AE42282268C9C4E244C3EBB0135F,52037
raw/moh-astt-dq-impl-02-p05.error.txt,F635A5303E95AC60BCF9AB7FD03F187AD5E4240CDC90071B7253C7B3CC053C92,20
raw/moh-astt-dq-impl-02-p05.headers,222A18C1AC6149B77C972644682FFACE4C685B8DCCC4CA20703DC61C8184DCF4,356
raw/moh-astt-dq-impl-03-p01.body,729CE1944A03DFD24BA1FCEA18AF25E5B30D34B8FB8E65E1B20592BA3B46B7A1,41952
raw/moh-astt-dq-impl-03-p01.error.txt,7E85CFAF756D19A11613EF6F17C9561FBB481668A6662D8A166A2FC4FE60ADB6,20
raw/moh-astt-dq-impl-03-p01.headers,7B53D9BE0390BD2264CC4310003A7E12022E953B7A99D82BCD8C8E6D6D4443CC,265
raw/moh-astt-dq-impl-03-p02.body,B255547C3AB15E27B488E84B2E3EBFC2BA17AE42282268C9C4E244C3EBB0135F,52037
raw/moh-astt-dq-impl-03-p02.error.txt,F635A5303E95AC60BCF9AB7FD03F187AD5E4240CDC90071B7253C7B3CC053C92,20
raw/moh-astt-dq-impl-03-p02.headers,8D92DA85C93E919BE3008CA1D2C6B73532931AC7195C63635F90506BEF9F02A7,356
raw/moh-astt-dq-impl-03-p03.body,B255547C3AB15E27B488E84B2E3EBFC2BA17AE42282268C9C4E244C3EBB0135F,52037
raw/moh-astt-dq-impl-03-p03.error.txt,F635A5303E95AC60BCF9AB7FD03F187AD5E4240CDC90071B7253C7B3CC053C92,20
raw/moh-astt-dq-impl-03-p03.headers,5A7C4E2B8EDDFA66BF4C46B32C94B40E6E4874E30AA64526513F2D461147B9A4,356
raw/moh-astt-dq-impl-03-p04.body,B255547C3AB15E27B488E84B2E3EBFC2BA17AE42282268C9C4E244C3EBB0135F,52037
raw/moh-astt-dq-impl-03-p04.error.txt,F635A5303E95AC60BCF9AB7FD03F187AD5E4240CDC90071B7253C7B3CC053C92,20
raw/moh-astt-dq-impl-03-p04.headers,8B2608768B5695A41EE1208D7B931C0FDA6FD72DB7DCC0931A4439EACF8C32B2,356
raw/moh-astt-dq-impl-03-p05.body,B255547C3AB15E27B488E84B2E3EBFC2BA17AE42282268C9C4E244C3EBB0135F,52037
raw/moh-astt-dq-impl-03-p05.error.txt,F635A5303E95AC60BCF9AB7FD03F187AD5E4240CDC90071B7253C7B3CC053C92,20
raw/moh-astt-dq-impl-03-p05.headers,1A58E26E1A0B081F18697A96E59A10867004EA9890A99377346A845F36BA7885,356
raw/moh-astt-dq-impl-04-p01.body,12036FF4DF72305E7C077F48355E7030D61F9FC810883794AEB1D3708A0EB674,48331
raw/moh-astt-dq-impl-04-p01.error.txt,7E85CFAF756D19A11613EF6F17C9561FBB481668A6662D8A166A2FC4FE60ADB6,20
raw/moh-astt-dq-impl-04-p01.headers,279153788826D31F43B02597EFB1EE167765523D77898196E5C89CDBD17AB1FB,265
raw/moh-astt-dq-impl-04-p02.body,B255547C3AB15E27B488E84B2E3EBFC2BA17AE42282268C9C4E244C3EBB0135F,52037
raw/moh-astt-dq-impl-04-p02.error.txt,F635A5303E95AC60BCF9AB7FD03F187AD5E4240CDC90071B7253C7B3CC053C92,20
raw/moh-astt-dq-impl-04-p02.headers,5FBA3978A3FCF5BB14161B22CED72F4E57A079153D03E5884BDC47D9B0F64465,356
raw/moh-astt-dq-impl-04-p03.body,B255547C3AB15E27B488E84B2E3EBFC2BA17AE42282268C9C4E244C3EBB0135F,52037
raw/moh-astt-dq-impl-04-p03.error.txt,F635A5303E95AC60BCF9AB7FD03F187AD5E4240CDC90071B7253C7B3CC053C92,20
raw/moh-astt-dq-impl-04-p03.headers,73BFD9DE14BECC1C3CF46D868947E4B1D9F4642B613EDF5ED64334DFCAF7FC90,356
raw/moh-astt-dq-impl-04-p04.body,B255547C3AB15E27B488E84B2E3EBFC2BA17AE42282268C9C4E244C3EBB0135F,52037
raw/moh-astt-dq-impl-04-p04.error.txt,F635A5303E95AC60BCF9AB7FD03F187AD5E4240CDC90071B7253C7B3CC053C92,20
raw/moh-astt-dq-impl-04-p04.headers,E1F252663D3CC23600AC5B7E594CD003C2418ED80F7121D0AE95082CAD313DBD,356
raw/moh-astt-dq-impl-04-p05.body,B255547C3AB15E27B488E84B2E3EBFC2BA17AE42282268C9C4E244C3EBB0135F,52037
raw/moh-astt-dq-impl-04-p05.error.txt,F635A5303E95AC60BCF9AB7FD03F187AD5E4240CDC90071B7253C7B3CC053C92,20
raw/moh-astt-dq-impl-04-p05.headers,FFB79D2445358BEC9FC8BB91B13976E40DA3E3786B42D1FD626F2B14BFD46DC5,356
raw/moh-astt-dq-impl-05-p01.body,6D881143BEB4052C30736525BC8B4D14AA4C69E46E124B8D6562C20D49110954,47151
raw/moh-astt-dq-impl-05-p01.error.txt,7E85CFAF756D19A11613EF6F17C9561FBB481668A6662D8A166A2FC4FE60ADB6,20
raw/moh-astt-dq-impl-05-p01.headers,3651E1BC32B9D79BCF409F6FBF21C2731C3956BE72FD93653C5BA339C83A353F,265
raw/moh-astt-dq-impl-05-p02.body,B255547C3AB15E27B488E84B2E3EBFC2BA17AE42282268C9C4E244C3EBB0135F,52037
raw/moh-astt-dq-impl-05-p02.error.txt,F635A5303E95AC60BCF9AB7FD03F187AD5E4240CDC90071B7253C7B3CC053C92,20
raw/moh-astt-dq-impl-05-p02.headers,F68E1E1327AD7C15720EA0220E6BAC821B3FC501A1905493A48B02B10E3BDF3F,356
raw/moh-astt-dq-impl-05-p03.body,B255547C3AB15E27B488E84B2E3EBFC2BA17AE42282268C9C4E244C3EBB0135F,52037
raw/moh-astt-dq-impl-05-p03.error.txt,F635A5303E95AC60BCF9AB7FD03F187AD5E4240CDC90071B7253C7B3CC053C92,20
raw/moh-astt-dq-impl-05-p03.headers,9B36A41DCE1A3ED17FA59E8E4654C0CC78DA749469224F74E22BF5B253C74CC6,356
raw/moh-astt-dq-impl-05-p04.body,B255547C3AB15E27B488E84B2E3EBFC2BA17AE42282268C9C4E244C3EBB0135F,52037
raw/moh-astt-dq-impl-05-p04.error.txt,F635A5303E95AC60BCF9AB7FD03F187AD5E4240CDC90071B7253C7B3CC053C92,20
raw/moh-astt-dq-impl-05-p04.headers,ADA788A2BCD0FB45F8EB455D75044E4839EA9BA5178E28803824725CFB86FAEA,356
raw/moh-astt-dq-impl-05-p05.body,B255547C3AB15E27B488E84B2E3EBFC2BA17AE42282268C9C4E244C3EBB0135F,52037
raw/moh-astt-dq-impl-05-p05.error.txt,F635A5303E95AC60BCF9AB7FD03F187AD5E4240CDC90071B7253C7B3CC053C92,20
raw/moh-astt-dq-impl-05-p05.headers,08787496C90456CA5F736B7B7ADF3396EDAA5CB9CB53FDA81EC300FBD00D8536,356
raw/moh-astt-dq-tool-01-p01.body,1970704E6048AA3AA6165FAD995CD497519E0B39A2112A8D70A562829FC7F6DA,43280
raw/moh-astt-dq-tool-01-p01.error.txt,7E85CFAF756D19A11613EF6F17C9561FBB481668A6662D8A166A2FC4FE60ADB6,20
raw/moh-astt-dq-tool-01-p01.headers,82F22C450532667BA610E9793F7D529744AC3C2C256FB2DCB328ACFFC0CC4262,265
raw/moh-astt-dq-tool-01-p02.body,B255547C3AB15E27B488E84B2E3EBFC2BA17AE42282268C9C4E244C3EBB0135F,52037
raw/moh-astt-dq-tool-01-p02.error.txt,F635A5303E95AC60BCF9AB7FD03F187AD5E4240CDC90071B7253C7B3CC053C92,20
raw/moh-astt-dq-tool-01-p02.headers,FA3C742BAF210F4E89F61B043DF372B563C7CE1FBBB6047F318304B931EEC74D,356
raw/moh-astt-dq-tool-01-p03.body,B255547C3AB15E27B488E84B2E3EBFC2BA17AE42282268C9C4E244C3EBB0135F,52037
raw/moh-astt-dq-tool-01-p03.error.txt,F635A5303E95AC60BCF9AB7FD03F187AD5E4240CDC90071B7253C7B3CC053C92,20
raw/moh-astt-dq-tool-01-p03.headers,D23C955EDE8458467ED4DD0B71CBAE52996FAEC47F5D83C407D79606F150DAD8,356
raw/moh-astt-dq-tool-01-p04.body,B255547C3AB15E27B488E84B2E3EBFC2BA17AE42282268C9C4E244C3EBB0135F,52037
raw/moh-astt-dq-tool-01-p04.error.txt,F635A5303E95AC60BCF9AB7FD03F187AD5E4240CDC90071B7253C7B3CC053C92,20
raw/moh-astt-dq-tool-01-p04.headers,A8511FEA42086E87095083020A2368A011F49202D5B6C31CE5F44A175D97E524,356
raw/moh-astt-dq-tool-01-p05.body,B255547C3AB15E27B488E84B2E3EBFC2BA17AE42282268C9C4E244C3EBB0135F,52037
raw/moh-astt-dq-tool-01-p05.error.txt,F635A5303E95AC60BCF9AB7FD03F187AD5E4240CDC90071B7253C7B3CC053C92,20
raw/moh-astt-dq-tool-01-p05.headers,86E480EAA34D81A76DB7E4B9D2B7BCA8F19D8BE3B15B4694AFAFEEE6CCB6DB2E,356
raw/moh-astt-dq-tool-02-p01.body,5184454B3BFB37EBCD88C60B4BAF70CB99919BEB6AAEDF3319E2713EC45E5534,46109
raw/moh-astt-dq-tool-02-p01.error.txt,7E85CFAF756D19A11613EF6F17C9561FBB481668A6662D8A166A2FC4FE60ADB6,20
raw/moh-astt-dq-tool-02-p01.headers,F7518A985E81C59094C558C171FC2BA5B48646D1A93CA961E272CF424DA3EB52,265
raw/moh-astt-dq-tool-02-p02.body,B255547C3AB15E27B488E84B2E3EBFC2BA17AE42282268C9C4E244C3EBB0135F,52037
raw/moh-astt-dq-tool-02-p02.error.txt,F635A5303E95AC60BCF9AB7FD03F187AD5E4240CDC90071B7253C7B3CC053C92,20
raw/moh-astt-dq-tool-02-p02.headers,C0770B4F70BE877C5184A251A6B7F7952D1D902F59FB83A562561E8F70FFA9A9,356
raw/moh-astt-dq-tool-02-p03.body,B255547C3AB15E27B488E84B2E3EBFC2BA17AE42282268C9C4E244C3EBB0135F,52037
raw/moh-astt-dq-tool-02-p03.error.txt,F635A5303E95AC60BCF9AB7FD03F187AD5E4240CDC90071B7253C7B3CC053C92,20
raw/moh-astt-dq-tool-02-p03.headers,44DC3FB3225CE86746F9A6380E8D7A49E9D5A3DFC5C64D876AD89DA072B5CC90,356
raw/moh-astt-dq-tool-02-p04.body,B255547C3AB15E27B488E84B2E3EBFC2BA17AE42282268C9C4E244C3EBB0135F,52037
raw/moh-astt-dq-tool-02-p04.error.txt,F635A5303E95AC60BCF9AB7FD03F187AD5E4240CDC90071B7253C7B3CC053C92,20
raw/moh-astt-dq-tool-02-p04.headers,52C64C0A9BB2B2314E8DBF29A762234032AEEAB03E551BEBD71BACDCEAD9126C,356
raw/moh-astt-dq-tool-02-p05.body,B255547C3AB15E27B488E84B2E3EBFC2BA17AE42282268C9C4E244C3EBB0135F,52037
raw/moh-astt-dq-tool-02-p05.error.txt,F635A5303E95AC60BCF9AB7FD03F187AD5E4240CDC90071B7253C7B3CC053C92,20
raw/moh-astt-dq-tool-02-p05.headers,353E824E7E9062F5B8661A53BE3EF2E62F025F95D19C780C7B2306C9614DF651,356
raw/moh-dq-evid-01-p01.body,E3B0C44298FC1C149AFBF4C8996FB92427AE41E4649B934CA495991B7852B855,0
raw/moh-dq-evid-01-p01.error.txt,6E5428A71B5386F7708F2459B011A4C1BB9759980A8D76D18512CFBFACA8CEF6,104
raw/moh-dq-evid-01-p01.headers,E3B0C44298FC1C149AFBF4C8996FB92427AE41E4649B934CA495991B7852B855,0
raw/moh-dq-evid-01-p02.body,E3B0C44298FC1C149AFBF4C8996FB92427AE41E4649B934CA495991B7852B855,0
raw/moh-dq-evid-01-p02.error.txt,6E5428A71B5386F7708F2459B011A4C1BB9759980A8D76D18512CFBFACA8CEF6,104
raw/moh-dq-evid-01-p02.headers,E3B0C44298FC1C149AFBF4C8996FB92427AE41E4649B934CA495991B7852B855,0
raw/moh-dq-evid-02-p01.body,E3B0C44298FC1C149AFBF4C8996FB92427AE41E4649B934CA495991B7852B855,0
raw/moh-dq-evid-02-p01.error.txt,6E5428A71B5386F7708F2459B011A4C1BB9759980A8D76D18512CFBFACA8CEF6,104
raw/moh-dq-evid-02-p01.headers,E3B0C44298FC1C149AFBF4C8996FB92427AE41E4649B934CA495991B7852B855,0
raw/moh-dq-evid-02-p02.body,E3B0C44298FC1C149AFBF4C8996FB92427AE41E4649B934CA495991B7852B855,0
raw/moh-dq-evid-02-p02.error.txt,6E5428A71B5386F7708F2459B011A4C1BB9759980A8D76D18512CFBFACA8CEF6,104
raw/moh-dq-evid-02-p02.headers,E3B0C44298FC1C149AFBF4C8996FB92427AE41E4649B934CA495991B7852B855,0
raw/moh-dq-evid-03-p01.body,E3B0C44298FC1C149AFBF4C8996FB92427AE41E4649B934CA495991B7852B855,0
raw/moh-dq-evid-03-p01.error.txt,6E5428A71B5386F7708F2459B011A4C1BB9759980A8D76D18512CFBFACA8CEF6,104
raw/moh-dq-evid-03-p01.headers,E3B0C44298FC1C149AFBF4C8996FB92427AE41E4649B934CA495991B7852B855,0
raw/moh-dq-evid-03-p02.body,E3B0C44298FC1C149AFBF4C8996FB92427AE41E4649B934CA495991B7852B855,0
raw/moh-dq-evid-03-p02.error.txt,6E5428A71B5386F7708F2459B011A4C1BB9759980A8D76D18512CFBFACA8CEF6,104
raw/moh-dq-evid-03-p02.headers,E3B0C44298FC1C149AFBF4C8996FB92427AE41E4649B934CA495991B7852B855,0
raw/moh-dq-evid-04-p01.body,E3B0C44298FC1C149AFBF4C8996FB92427AE41E4649B934CA495991B7852B855,0
raw/moh-dq-evid-04-p01.error.txt,6E5428A71B5386F7708F2459B011A4C1BB9759980A8D76D18512CFBFACA8CEF6,104
raw/moh-dq-evid-04-p01.headers,E3B0C44298FC1C149AFBF4C8996FB92427AE41E4649B934CA495991B7852B855,0
raw/moh-dq-evid-04-p02.body,E3B0C44298FC1C149AFBF4C8996FB92427AE41E4649B934CA495991B7852B855,0
raw/moh-dq-evid-04-p02.error.txt,6E5428A71B5386F7708F2459B011A4C1BB9759980A8D76D18512CFBFACA8CEF6,104
raw/moh-dq-evid-04-p02.headers,E3B0C44298FC1C149AFBF4C8996FB92427AE41E4649B934CA495991B7852B855,0
raw/moh-dq-evid-05-p01.body,E3B0C44298FC1C149AFBF4C8996FB92427AE41E4649B934CA495991B7852B855,0
raw/moh-dq-evid-05-p01.error.txt,6E5428A71B5386F7708F2459B011A4C1BB9759980A8D76D18512CFBFACA8CEF6,104
raw/moh-dq-evid-05-p01.headers,E3B0C44298FC1C149AFBF4C8996FB92427AE41E4649B934CA495991B7852B855,0
raw/moh-dq-evid-05-p02.body,E3B0C44298FC1C149AFBF4C8996FB92427AE41E4649B934CA495991B7852B855,0
raw/moh-dq-evid-05-p02.error.txt,6E5428A71B5386F7708F2459B011A4C1BB9759980A8D76D18512CFBFACA8CEF6,104
raw/moh-dq-evid-05-p02.headers,E3B0C44298FC1C149AFBF4C8996FB92427AE41E4649B934CA495991B7852B855,0
raw/moh-dq-impl-01-p01.body,E3B0C44298FC1C149AFBF4C8996FB92427AE41E4649B934CA495991B7852B855,0
raw/moh-dq-impl-01-p01.error.txt,6E5428A71B5386F7708F2459B011A4C1BB9759980A8D76D18512CFBFACA8CEF6,104
raw/moh-dq-impl-01-p01.headers,E3B0C44298FC1C149AFBF4C8996FB92427AE41E4649B934CA495991B7852B855,0
raw/moh-dq-impl-01-p02.body,E3B0C44298FC1C149AFBF4C8996FB92427AE41E4649B934CA495991B7852B855,0
raw/moh-dq-impl-01-p02.error.txt,6E5428A71B5386F7708F2459B011A4C1BB9759980A8D76D18512CFBFACA8CEF6,104
raw/moh-dq-impl-01-p02.headers,E3B0C44298FC1C149AFBF4C8996FB92427AE41E4649B934CA495991B7852B855,0
raw/moh-dq-impl-02-p01.body,E3B0C44298FC1C149AFBF4C8996FB92427AE41E4649B934CA495991B7852B855,0
raw/moh-dq-impl-02-p01.error.txt,6E5428A71B5386F7708F2459B011A4C1BB9759980A8D76D18512CFBFACA8CEF6,104
raw/moh-dq-impl-02-p01.headers,E3B0C44298FC1C149AFBF4C8996FB92427AE41E4649B934CA495991B7852B855,0
raw/moh-dq-impl-02-p02.body,E3B0C44298FC1C149AFBF4C8996FB92427AE41E4649B934CA495991B7852B855,0
raw/moh-dq-impl-02-p02.error.txt,6E5428A71B5386F7708F2459B011A4C1BB9759980A8D76D18512CFBFACA8CEF6,104
raw/moh-dq-impl-02-p02.headers,E3B0C44298FC1C149AFBF4C8996FB92427AE41E4649B934CA495991B7852B855,0
raw/moh-dq-impl-03-p01.body,E3B0C44298FC1C149AFBF4C8996FB92427AE41E4649B934CA495991B7852B855,0
raw/moh-dq-impl-03-p01.error.txt,6E5428A71B5386F7708F2459B011A4C1BB9759980A8D76D18512CFBFACA8CEF6,104
raw/moh-dq-impl-03-p01.headers,E3B0C44298FC1C149AFBF4C8996FB92427AE41E4649B934CA495991B7852B855,0
raw/moh-dq-impl-03-p02.body,E3B0C44298FC1C149AFBF4C8996FB92427AE41E4649B934CA495991B7852B855,0
raw/moh-dq-impl-03-p02.error.txt,6E5428A71B5386F7708F2459B011A4C1BB9759980A8D76D18512CFBFACA8CEF6,104
raw/moh-dq-impl-03-p02.headers,E3B0C44298FC1C149AFBF4C8996FB92427AE41E4649B934CA495991B7852B855,0
raw/moh-dq-impl-04-p01.body,E3B0C44298FC1C149AFBF4C8996FB92427AE41E4649B934CA495991B7852B855,0
raw/moh-dq-impl-04-p01.error.txt,6E5428A71B5386F7708F2459B011A4C1BB9759980A8D76D18512CFBFACA8CEF6,104
raw/moh-dq-impl-04-p01.headers,E3B0C44298FC1C149AFBF4C8996FB92427AE41E4649B934CA495991B7852B855,0
raw/moh-dq-impl-04-p02.body,E3B0C44298FC1C149AFBF4C8996FB92427AE41E4649B934CA495991B7852B855,0
raw/moh-dq-impl-04-p02.error.txt,6E5428A71B5386F7708F2459B011A4C1BB9759980A8D76D18512CFBFACA8CEF6,104
raw/moh-dq-impl-04-p02.headers,E3B0C44298FC1C149AFBF4C8996FB92427AE41E4649B934CA495991B7852B855,0
raw/moh-dq-impl-05-p01.body,E3B0C44298FC1C149AFBF4C8996FB92427AE41E4649B934CA495991B7852B855,0
raw/moh-dq-impl-05-p01.error.txt,6E5428A71B5386F7708F2459B011A4C1BB9759980A8D76D18512CFBFACA8CEF6,104
raw/moh-dq-impl-05-p01.headers,E3B0C44298FC1C149AFBF4C8996FB92427AE41E4649B934CA495991B7852B855,0
raw/moh-dq-impl-05-p02.body,E3B0C44298FC1C149AFBF4C8996FB92427AE41E4649B934CA495991B7852B855,0
raw/moh-dq-impl-05-p02.error.txt,6E5428A71B5386F7708F2459B011A4C1BB9759980A8D76D18512CFBFACA8CEF6,104
raw/moh-dq-impl-05-p02.headers,E3B0C44298FC1C149AFBF4C8996FB92427AE41E4649B934CA495991B7852B855,0
raw/moh-dq-tool-01-p01.body,E3B0C44298FC1C149AFBF4C8996FB92427AE41E4649B934CA495991B7852B855,0
raw/moh-dq-tool-01-p01.error.txt,6E5428A71B5386F7708F2459B011A4C1BB9759980A8D76D18512CFBFACA8CEF6,104
raw/moh-dq-tool-01-p01.headers,E3B0C44298FC1C149AFBF4C8996FB92427AE41E4649B934CA495991B7852B855,0
raw/moh-dq-tool-01-p02.body,E3B0C44298FC1C149AFBF4C8996FB92427AE41E4649B934CA495991B7852B855,0
raw/moh-dq-tool-01-p02.error.txt,6E5428A71B5386F7708F2459B011A4C1BB9759980A8D76D18512CFBFACA8CEF6,104
raw/moh-dq-tool-01-p02.headers,E3B0C44298FC1C149AFBF4C8996FB92427AE41E4649B934CA495991B7852B855,0
raw/moh-dq-tool-02-p01.body,E3B0C44298FC1C149AFBF4C8996FB92427AE41E4649B934CA495991B7852B855,0
raw/moh-dq-tool-02-p01.error.txt,6E5428A71B5386F7708F2459B011A4C1BB9759980A8D76D18512CFBFACA8CEF6,104
raw/moh-dq-tool-02-p01.headers,E3B0C44298FC1C149AFBF4C8996FB92427AE41E4649B934CA495991B7852B855,0
raw/moh-dq-tool-02-p02.body,E3B0C44298FC1C149AFBF4C8996FB92427AE41E4649B934CA495991B7852B855,0
raw/moh-dq-tool-02-p02.error.txt,6E5428A71B5386F7708F2459B011A4C1BB9759980A8D76D18512CFBFACA8CEF6,104
raw/moh-dq-tool-02-p02.headers,E3B0C44298FC1C149AFBF4C8996FB92427AE41E4649B934CA495991B7852B855,0
raw/moh-hspi-dq-evid-01-p01.body,E4B53791E6F0E3F268316B5E2047971C0F199BEF1A887E28AC5658439F1C0641,1789
raw/moh-hspi-dq-evid-01-p01.error.txt,C26CC88EC6A3EE142F7022C11507A290C5CF459FAA248BCF8249E96A36403656,32
raw/moh-hspi-dq-evid-01-p01.headers,7CC66F68D0E9A7C09649DAA95FDE58D6A1EA3540A5B0F29E1796B480273BB9D8,215
raw/moh-hspi-dq-evid-01-p02.body,E4B53791E6F0E3F268316B5E2047971C0F199BEF1A887E28AC5658439F1C0641,1789
raw/moh-hspi-dq-evid-01-p02.error.txt,C26CC88EC6A3EE142F7022C11507A290C5CF459FAA248BCF8249E96A36403656,32
raw/moh-hspi-dq-evid-01-p02.headers,4DB041E9139DE98F568433B679FDE4BE0A8F149E201DD87F7368598A544703AB,215
raw/moh-hspi-dq-evid-02-p01.body,E4B53791E6F0E3F268316B5E2047971C0F199BEF1A887E28AC5658439F1C0641,1789
raw/moh-hspi-dq-evid-02-p01.error.txt,C26CC88EC6A3EE142F7022C11507A290C5CF459FAA248BCF8249E96A36403656,32
raw/moh-hspi-dq-evid-02-p01.headers,3397F2F38EF5E1226314E11924EC5357C33F6A10C098B7F96941F776759ECE71,215
raw/moh-hspi-dq-evid-02-p02.body,E4B53791E6F0E3F268316B5E2047971C0F199BEF1A887E28AC5658439F1C0641,1789
raw/moh-hspi-dq-evid-02-p02.error.txt,C26CC88EC6A3EE142F7022C11507A290C5CF459FAA248BCF8249E96A36403656,32
raw/moh-hspi-dq-evid-02-p02.headers,97DD0C2A8D38ADF5D97489EC3942F6906F22A45F0A20630F9D6C083B5B187702,215
raw/moh-hspi-dq-evid-03-p01.body,E4B53791E6F0E3F268316B5E2047971C0F199BEF1A887E28AC5658439F1C0641,1789
raw/moh-hspi-dq-evid-03-p01.error.txt,C26CC88EC6A3EE142F7022C11507A290C5CF459FAA248BCF8249E96A36403656,32
raw/moh-hspi-dq-evid-03-p01.headers,808100EE3DAE0A5606259AD0049BDC6E3B02C4E7DFA295AF5AB03A77ACE59994,215
raw/moh-hspi-dq-evid-03-p02.body,E4B53791E6F0E3F268316B5E2047971C0F199BEF1A887E28AC5658439F1C0641,1789
raw/moh-hspi-dq-evid-03-p02.error.txt,C26CC88EC6A3EE142F7022C11507A290C5CF459FAA248BCF8249E96A36403656,32
raw/moh-hspi-dq-evid-03-p02.headers,9954019769F07D39D5455A2CD551090549D1F0B2F98FC949D9C2F88DE3AFED1D,215
raw/moh-hspi-dq-evid-04-p01.body,E4B53791E6F0E3F268316B5E2047971C0F199BEF1A887E28AC5658439F1C0641,1789
raw/moh-hspi-dq-evid-04-p01.error.txt,C26CC88EC6A3EE142F7022C11507A290C5CF459FAA248BCF8249E96A36403656,32
raw/moh-hspi-dq-evid-04-p01.headers,FD78FD599C966FFB63304AB8AA594115F5720EB49F0927F3FDDC693059E6F7CA,215
raw/moh-hspi-dq-evid-04-p02.body,E4B53791E6F0E3F268316B5E2047971C0F199BEF1A887E28AC5658439F1C0641,1789
raw/moh-hspi-dq-evid-04-p02.error.txt,C26CC88EC6A3EE142F7022C11507A290C5CF459FAA248BCF8249E96A36403656,32
raw/moh-hspi-dq-evid-04-p02.headers,AA3F7DBE0303276E45A6DD034102F691C4EA2B2870893A384D28968108EEB888,215
raw/moh-hspi-dq-evid-05-p01.body,E4B53791E6F0E3F268316B5E2047971C0F199BEF1A887E28AC5658439F1C0641,1789
raw/moh-hspi-dq-evid-05-p01.error.txt,C26CC88EC6A3EE142F7022C11507A290C5CF459FAA248BCF8249E96A36403656,32
raw/moh-hspi-dq-evid-05-p01.headers,C08E16FD096A2D74670062105CF74C410916D78DD8261379D38628D3A3C12E53,215
raw/moh-hspi-dq-evid-05-p02.body,E4B53791E6F0E3F268316B5E2047971C0F199BEF1A887E28AC5658439F1C0641,1789
raw/moh-hspi-dq-evid-05-p02.error.txt,C26CC88EC6A3EE142F7022C11507A290C5CF459FAA248BCF8249E96A36403656,32
raw/moh-hspi-dq-evid-05-p02.headers,AC19BF1B473AD9EF96FBD4EEC887D97CD98C6E30E243A088E898E2E4F2174984,215
raw/moh-hspi-dq-impl-01-p01.body,E4B53791E6F0E3F268316B5E2047971C0F199BEF1A887E28AC5658439F1C0641,1789
raw/moh-hspi-dq-impl-01-p01.error.txt,C26CC88EC6A3EE142F7022C11507A290C5CF459FAA248BCF8249E96A36403656,32
raw/moh-hspi-dq-impl-01-p01.headers,9A2C9CCE6282954EE646C5CA50D1D785F5E14947DB20121CDB947D87AB85C7EF,215
raw/moh-hspi-dq-impl-01-p02.body,E4B53791E6F0E3F268316B5E2047971C0F199BEF1A887E28AC5658439F1C0641,1789
raw/moh-hspi-dq-impl-01-p02.error.txt,C26CC88EC6A3EE142F7022C11507A290C5CF459FAA248BCF8249E96A36403656,32
raw/moh-hspi-dq-impl-01-p02.headers,531601ECE6213DBE50924B6A22AA90DCC66474A0B0C55A6877C76C701F24E3D3,215
raw/moh-hspi-dq-impl-02-p01.body,E4B53791E6F0E3F268316B5E2047971C0F199BEF1A887E28AC5658439F1C0641,1789
raw/moh-hspi-dq-impl-02-p01.error.txt,C26CC88EC6A3EE142F7022C11507A290C5CF459FAA248BCF8249E96A36403656,32
raw/moh-hspi-dq-impl-02-p01.headers,6F9B35F062B066D48D6EE22A4CC5BE5C44516C6052362D51820475195D5654EF,215
raw/moh-hspi-dq-impl-02-p02.body,E4B53791E6F0E3F268316B5E2047971C0F199BEF1A887E28AC5658439F1C0641,1789
raw/moh-hspi-dq-impl-02-p02.error.txt,C26CC88EC6A3EE142F7022C11507A290C5CF459FAA248BCF8249E96A36403656,32
raw/moh-hspi-dq-impl-02-p02.headers,13121CAC98EF847F7FDF9C2DEC726DBD3A0554BD68730BE515255AF68B8B2386,215
raw/moh-hspi-dq-impl-03-p01.body,E4B53791E6F0E3F268316B5E2047971C0F199BEF1A887E28AC5658439F1C0641,1789
raw/moh-hspi-dq-impl-03-p01.error.txt,C26CC88EC6A3EE142F7022C11507A290C5CF459FAA248BCF8249E96A36403656,32
raw/moh-hspi-dq-impl-03-p01.headers,73C433BFCF6AB1F2C77B0229F5A4BBCDE8254355EA0FFF96565EA7A63DC1C475,215
raw/moh-hspi-dq-impl-03-p02.body,E4B53791E6F0E3F268316B5E2047971C0F199BEF1A887E28AC5658439F1C0641,1789
raw/moh-hspi-dq-impl-03-p02.error.txt,C26CC88EC6A3EE142F7022C11507A290C5CF459FAA248BCF8249E96A36403656,32
raw/moh-hspi-dq-impl-03-p02.headers,98A6DC55D3267B9101DE286C02295C3F370FD7EBCAC37F962B22EF71AB8A3B0E,215
raw/moh-hspi-dq-impl-04-p01.body,E4B53791E6F0E3F268316B5E2047971C0F199BEF1A887E28AC5658439F1C0641,1789
raw/moh-hspi-dq-impl-04-p01.error.txt,C26CC88EC6A3EE142F7022C11507A290C5CF459FAA248BCF8249E96A36403656,32
raw/moh-hspi-dq-impl-04-p01.headers,3BCB336BD0649833AEC69FFD6AE7BD52F166EC19F518181FFAC53782DD39C301,215
raw/moh-hspi-dq-impl-04-p02.body,E4B53791E6F0E3F268316B5E2047971C0F199BEF1A887E28AC5658439F1C0641,1789
raw/moh-hspi-dq-impl-04-p02.error.txt,C26CC88EC6A3EE142F7022C11507A290C5CF459FAA248BCF8249E96A36403656,32
raw/moh-hspi-dq-impl-04-p02.headers,E15BCB6D165DE2EDE49033FB573128E838EB227A5E0347E789846626E69815B1,215
raw/moh-hspi-dq-impl-05-p01.body,E4B53791E6F0E3F268316B5E2047971C0F199BEF1A887E28AC5658439F1C0641,1789
raw/moh-hspi-dq-impl-05-p01.error.txt,C26CC88EC6A3EE142F7022C11507A290C5CF459FAA248BCF8249E96A36403656,32
raw/moh-hspi-dq-impl-05-p01.headers,F56101A730BE575B68AE1189F6793D35060913CAA939D0EBA011F5C18978AF4C,215
raw/moh-hspi-dq-impl-05-p02.body,E4B53791E6F0E3F268316B5E2047971C0F199BEF1A887E28AC5658439F1C0641,1789
raw/moh-hspi-dq-impl-05-p02.error.txt,C26CC88EC6A3EE142F7022C11507A290C5CF459FAA248BCF8249E96A36403656,32
raw/moh-hspi-dq-impl-05-p02.headers,5C384D7345CE8EEF9518898A838E64E1EE93F384582EF79E434B414CC900315B,215
raw/moh-hspi-dq-tool-01-p01.body,E4B53791E6F0E3F268316B5E2047971C0F199BEF1A887E28AC5658439F1C0641,1789
raw/moh-hspi-dq-tool-01-p01.error.txt,C26CC88EC6A3EE142F7022C11507A290C5CF459FAA248BCF8249E96A36403656,32
raw/moh-hspi-dq-tool-01-p01.headers,7D725047634CDD60B1CA9484961DC83F01EDA51BAA9745A77DD709A06A288612,215
raw/moh-hspi-dq-tool-01-p02.body,E4B53791E6F0E3F268316B5E2047971C0F199BEF1A887E28AC5658439F1C0641,1789
raw/moh-hspi-dq-tool-01-p02.error.txt,C26CC88EC6A3EE142F7022C11507A290C5CF459FAA248BCF8249E96A36403656,32
raw/moh-hspi-dq-tool-01-p02.headers,EB95CE47EFFCA68A1C44D5DB32CE8AE77E51125D417F6F685A736C4E73E868B9,215
raw/moh-hspi-dq-tool-02-p01.body,E4B53791E6F0E3F268316B5E2047971C0F199BEF1A887E28AC5658439F1C0641,1789
raw/moh-hspi-dq-tool-02-p01.error.txt,C26CC88EC6A3EE142F7022C11507A290C5CF459FAA248BCF8249E96A36403656,32
raw/moh-hspi-dq-tool-02-p01.headers,AD2D66F8236A46CAC99A1C8C85AA77A24529554677F48C6495407C5F5C72E578,215
raw/moh-hspi-dq-tool-02-p02.body,E4B53791E6F0E3F268316B5E2047971C0F199BEF1A887E28AC5658439F1C0641,1789
raw/moh-hspi-dq-tool-02-p02.error.txt,C26CC88EC6A3EE142F7022C11507A290C5CF459FAA248BCF8249E96A36403656,32
raw/moh-hspi-dq-tool-02-p02.headers,670B0867F56DEB1255D4A3238ECACF439E6D6BDC4D7C230C422F67639DA1C878,215
raw/moh-httb-dq-evid-01-p01.body,E3B0C44298FC1C149AFBF4C8996FB92427AE41E4649B934CA495991B7852B855,0
raw/moh-httb-dq-evid-01-p01.error.txt,FBAF4917AA00C2EEA467B21CF38CAE9D2AF141E5814EFB9B0593C8E5CC3742A8,123
raw/moh-httb-dq-evid-01-p01.headers,E3B0C44298FC1C149AFBF4C8996FB92427AE41E4649B934CA495991B7852B855,0
raw/moh-httb-dq-evid-01-p02.body,E3B0C44298FC1C149AFBF4C8996FB92427AE41E4649B934CA495991B7852B855,0
raw/moh-httb-dq-evid-01-p02.error.txt,FBAF4917AA00C2EEA467B21CF38CAE9D2AF141E5814EFB9B0593C8E5CC3742A8,123
raw/moh-httb-dq-evid-01-p02.headers,E3B0C44298FC1C149AFBF4C8996FB92427AE41E4649B934CA495991B7852B855,0
raw/moh-httb-dq-evid-02-p01.body,E3B0C44298FC1C149AFBF4C8996FB92427AE41E4649B934CA495991B7852B855,0
raw/moh-httb-dq-evid-02-p01.error.txt,FBAF4917AA00C2EEA467B21CF38CAE9D2AF141E5814EFB9B0593C8E5CC3742A8,123
raw/moh-httb-dq-evid-02-p01.headers,E3B0C44298FC1C149AFBF4C8996FB92427AE41E4649B934CA495991B7852B855,0
raw/moh-httb-dq-evid-02-p02.body,E3B0C44298FC1C149AFBF4C8996FB92427AE41E4649B934CA495991B7852B855,0
raw/moh-httb-dq-evid-02-p02.error.txt,FBAF4917AA00C2EEA467B21CF38CAE9D2AF141E5814EFB9B0593C8E5CC3742A8,123
raw/moh-httb-dq-evid-02-p02.headers,E3B0C44298FC1C149AFBF4C8996FB92427AE41E4649B934CA495991B7852B855,0
raw/moh-httb-dq-evid-03-p01.body,E3B0C44298FC1C149AFBF4C8996FB92427AE41E4649B934CA495991B7852B855,0
raw/moh-httb-dq-evid-03-p01.error.txt,FBAF4917AA00C2EEA467B21CF38CAE9D2AF141E5814EFB9B0593C8E5CC3742A8,123
raw/moh-httb-dq-evid-03-p01.headers,E3B0C44298FC1C149AFBF4C8996FB92427AE41E4649B934CA495991B7852B855,0
raw/moh-httb-dq-evid-03-p02.body,E3B0C44298FC1C149AFBF4C8996FB92427AE41E4649B934CA495991B7852B855,0
raw/moh-httb-dq-evid-03-p02.error.txt,FBAF4917AA00C2EEA467B21CF38CAE9D2AF141E5814EFB9B0593C8E5CC3742A8,123
raw/moh-httb-dq-evid-03-p02.headers,E3B0C44298FC1C149AFBF4C8996FB92427AE41E4649B934CA495991B7852B855,0
raw/moh-httb-dq-evid-04-p01.body,E3B0C44298FC1C149AFBF4C8996FB92427AE41E4649B934CA495991B7852B855,0
raw/moh-httb-dq-evid-04-p01.error.txt,FBAF4917AA00C2EEA467B21CF38CAE9D2AF141E5814EFB9B0593C8E5CC3742A8,123
raw/moh-httb-dq-evid-04-p01.headers,E3B0C44298FC1C149AFBF4C8996FB92427AE41E4649B934CA495991B7852B855,0
raw/moh-httb-dq-evid-04-p02.body,E3B0C44298FC1C149AFBF4C8996FB92427AE41E4649B934CA495991B7852B855,0
raw/moh-httb-dq-evid-04-p02.error.txt,FBAF4917AA00C2EEA467B21CF38CAE9D2AF141E5814EFB9B0593C8E5CC3742A8,123
raw/moh-httb-dq-evid-04-p02.headers,E3B0C44298FC1C149AFBF4C8996FB92427AE41E4649B934CA495991B7852B855,0
raw/moh-httb-dq-evid-05-p01.body,E3B0C44298FC1C149AFBF4C8996FB92427AE41E4649B934CA495991B7852B855,0
raw/moh-httb-dq-evid-05-p01.error.txt,FBAF4917AA00C2EEA467B21CF38CAE9D2AF141E5814EFB9B0593C8E5CC3742A8,123
raw/moh-httb-dq-evid-05-p01.headers,E3B0C44298FC1C149AFBF4C8996FB92427AE41E4649B934CA495991B7852B855,0
raw/moh-httb-dq-evid-05-p02.body,E3B0C44298FC1C149AFBF4C8996FB92427AE41E4649B934CA495991B7852B855,0
raw/moh-httb-dq-evid-05-p02.error.txt,FBAF4917AA00C2EEA467B21CF38CAE9D2AF141E5814EFB9B0593C8E5CC3742A8,123
raw/moh-httb-dq-evid-05-p02.headers,E3B0C44298FC1C149AFBF4C8996FB92427AE41E4649B934CA495991B7852B855,0
raw/moh-httb-dq-impl-01-p01.body,E3B0C44298FC1C149AFBF4C8996FB92427AE41E4649B934CA495991B7852B855,0
raw/moh-httb-dq-impl-01-p01.error.txt,FBAF4917AA00C2EEA467B21CF38CAE9D2AF141E5814EFB9B0593C8E5CC3742A8,123
raw/moh-httb-dq-impl-01-p01.headers,E3B0C44298FC1C149AFBF4C8996FB92427AE41E4649B934CA495991B7852B855,0
raw/moh-httb-dq-impl-01-p02.body,E3B0C44298FC1C149AFBF4C8996FB92427AE41E4649B934CA495991B7852B855,0
raw/moh-httb-dq-impl-01-p02.error.txt,FBAF4917AA00C2EEA467B21CF38CAE9D2AF141E5814EFB9B0593C8E5CC3742A8,123
raw/moh-httb-dq-impl-01-p02.headers,E3B0C44298FC1C149AFBF4C8996FB92427AE41E4649B934CA495991B7852B855,0
raw/moh-httb-dq-impl-02-p01.body,E3B0C44298FC1C149AFBF4C8996FB92427AE41E4649B934CA495991B7852B855,0
raw/moh-httb-dq-impl-02-p01.error.txt,FBAF4917AA00C2EEA467B21CF38CAE9D2AF141E5814EFB9B0593C8E5CC3742A8,123
raw/moh-httb-dq-impl-02-p01.headers,E3B0C44298FC1C149AFBF4C8996FB92427AE41E4649B934CA495991B7852B855,0
raw/moh-httb-dq-impl-02-p02.body,E3B0C44298FC1C149AFBF4C8996FB92427AE41E4649B934CA495991B7852B855,0
raw/moh-httb-dq-impl-02-p02.error.txt,FBAF4917AA00C2EEA467B21CF38CAE9D2AF141E5814EFB9B0593C8E5CC3742A8,123
raw/moh-httb-dq-impl-02-p02.headers,E3B0C44298FC1C149AFBF4C8996FB92427AE41E4649B934CA495991B7852B855,0
raw/moh-httb-dq-impl-03-p01.body,E3B0C44298FC1C149AFBF4C8996FB92427AE41E4649B934CA495991B7852B855,0
raw/moh-httb-dq-impl-03-p01.error.txt,FBAF4917AA00C2EEA467B21CF38CAE9D2AF141E5814EFB9B0593C8E5CC3742A8,123
raw/moh-httb-dq-impl-03-p01.headers,E3B0C44298FC1C149AFBF4C8996FB92427AE41E4649B934CA495991B7852B855,0
raw/moh-httb-dq-impl-03-p02.body,E3B0C44298FC1C149AFBF4C8996FB92427AE41E4649B934CA495991B7852B855,0
raw/moh-httb-dq-impl-03-p02.error.txt,FBAF4917AA00C2EEA467B21CF38CAE9D2AF141E5814EFB9B0593C8E5CC3742A8,123
raw/moh-httb-dq-impl-03-p02.headers,E3B0C44298FC1C149AFBF4C8996FB92427AE41E4649B934CA495991B7852B855,0
raw/moh-httb-dq-impl-04-p01.body,E3B0C44298FC1C149AFBF4C8996FB92427AE41E4649B934CA495991B7852B855,0
raw/moh-httb-dq-impl-04-p01.error.txt,FBAF4917AA00C2EEA467B21CF38CAE9D2AF141E5814EFB9B0593C8E5CC3742A8,123
raw/moh-httb-dq-impl-04-p01.headers,E3B0C44298FC1C149AFBF4C8996FB92427AE41E4649B934CA495991B7852B855,0
raw/moh-httb-dq-impl-04-p02.body,E3B0C44298FC1C149AFBF4C8996FB92427AE41E4649B934CA495991B7852B855,0
raw/moh-httb-dq-impl-04-p02.error.txt,FBAF4917AA00C2EEA467B21CF38CAE9D2AF141E5814EFB9B0593C8E5CC3742A8,123
raw/moh-httb-dq-impl-04-p02.headers,E3B0C44298FC1C149AFBF4C8996FB92427AE41E4649B934CA495991B7852B855,0
raw/moh-httb-dq-impl-05-p01.body,E3B0C44298FC1C149AFBF4C8996FB92427AE41E4649B934CA495991B7852B855,0
raw/moh-httb-dq-impl-05-p01.error.txt,FBAF4917AA00C2EEA467B21CF38CAE9D2AF141E5814EFB9B0593C8E5CC3742A8,123
raw/moh-httb-dq-impl-05-p01.headers,E3B0C44298FC1C149AFBF4C8996FB92427AE41E4649B934CA495991B7852B855,0
raw/moh-httb-dq-impl-05-p02.body,E3B0C44298FC1C149AFBF4C8996FB92427AE41E4649B934CA495991B7852B855,0
raw/moh-httb-dq-impl-05-p02.error.txt,FBAF4917AA00C2EEA467B21CF38CAE9D2AF141E5814EFB9B0593C8E5CC3742A8,123
raw/moh-httb-dq-impl-05-p02.headers,E3B0C44298FC1C149AFBF4C8996FB92427AE41E4649B934CA495991B7852B855,0
raw/moh-httb-dq-tool-01-p01.body,E3B0C44298FC1C149AFBF4C8996FB92427AE41E4649B934CA495991B7852B855,0
raw/moh-httb-dq-tool-01-p01.error.txt,FBAF4917AA00C2EEA467B21CF38CAE9D2AF141E5814EFB9B0593C8E5CC3742A8,123
raw/moh-httb-dq-tool-01-p01.headers,E3B0C44298FC1C149AFBF4C8996FB92427AE41E4649B934CA495991B7852B855,0
raw/moh-httb-dq-tool-01-p02.body,E3B0C44298FC1C149AFBF4C8996FB92427AE41E4649B934CA495991B7852B855,0
raw/moh-httb-dq-tool-01-p02.error.txt,FBAF4917AA00C2EEA467B21CF38CAE9D2AF141E5814EFB9B0593C8E5CC3742A8,123
raw/moh-httb-dq-tool-01-p02.headers,E3B0C44298FC1C149AFBF4C8996FB92427AE41E4649B934CA495991B7852B855,0
raw/moh-httb-dq-tool-02-p01.body,E3B0C44298FC1C149AFBF4C8996FB92427AE41E4649B934CA495991B7852B855,0
raw/moh-httb-dq-tool-02-p01.error.txt,FBAF4917AA00C2EEA467B21CF38CAE9D2AF141E5814EFB9B0593C8E5CC3742A8,123
raw/moh-httb-dq-tool-02-p01.headers,E3B0C44298FC1C149AFBF4C8996FB92427AE41E4649B934CA495991B7852B855,0
raw/moh-httb-dq-tool-02-p02.body,E3B0C44298FC1C149AFBF4C8996FB92427AE41E4649B934CA495991B7852B855,0
raw/moh-httb-dq-tool-02-p02.error.txt,FBAF4917AA00C2EEA467B21CF38CAE9D2AF141E5814EFB9B0593C8E5CC3742A8,123
raw/moh-httb-dq-tool-02-p02.headers,E3B0C44298FC1C149AFBF4C8996FB92427AE41E4649B934CA495991B7852B855,0
raw/moh-kcb-dq-evid-01-p01.body,1737E89AC520382D31BB9BE6CF7EC26FCA4628249D6D637865B1BD94E358311E,60588
raw/moh-kcb-dq-evid-01-p01.error.txt,7E85CFAF756D19A11613EF6F17C9561FBB481668A6662D8A166A2FC4FE60ADB6,20
raw/moh-kcb-dq-evid-01-p01.headers,2BA2F1D861D1A2D0126B4BA0FAB4897DFEBFD4A406AA499718503ED1512728D5,1441
raw/moh-kcb-dq-evid-01-p02.body,C00ADCD3C555C3D373A84DD4D8B37DBD32D0AECA96C69C0CEBFE4F0A02B59BFA,60588
raw/moh-kcb-dq-evid-01-p02.error.txt,7E85CFAF756D19A11613EF6F17C9561FBB481668A6662D8A166A2FC4FE60ADB6,20
raw/moh-kcb-dq-evid-01-p02.headers,7759877C83442F71989B4765BF5360D1F3805305A581D7B66033697A74FE1470,1441
raw/moh-kcb-dq-evid-01-p03.body,A66706F3FF4FAFB91FD85D22A785EB265CC9B850475BA8CBE7A4057192586846,60588
raw/moh-kcb-dq-evid-01-p03.error.txt,7E85CFAF756D19A11613EF6F17C9561FBB481668A6662D8A166A2FC4FE60ADB6,20
raw/moh-kcb-dq-evid-01-p03.headers,16EA896C1462697D2DF0A5A3DDCF55314F6A5C1398DE2AB816270B678351D33B,1440
raw/moh-kcb-dq-evid-02-p01.body,5DEAA0068EB22E18159AF0FBD8783F3D86AD0131A24DA12DD113D75CE30D3AF6,60940
raw/moh-kcb-dq-evid-02-p01.error.txt,7E85CFAF756D19A11613EF6F17C9561FBB481668A6662D8A166A2FC4FE60ADB6,20
raw/moh-kcb-dq-evid-02-p01.headers,DB75E2744778BCD833AB31D487D2EFF6424F0BCF59874FEF5EBB2030AD1E1AEA,1440
raw/moh-kcb-dq-evid-02-p02.body,92F675C90AC677B00841D2FF810A032AEC21E10A70952102E020906E15B9D49B,60940
raw/moh-kcb-dq-evid-02-p02.error.txt,7E85CFAF756D19A11613EF6F17C9561FBB481668A6662D8A166A2FC4FE60ADB6,20
raw/moh-kcb-dq-evid-02-p02.headers,E1713D82460632B1281B5AB2BBB5FD7D8FF062E07771A1D7D8CF9DFC9AD61535,1441
raw/moh-kcb-dq-evid-02-p03.body,18A30D6FC89EB61D1E31A9D2BCA28DEED0335FB34E510A8E7963AE6B9E54EFD7,60940
raw/moh-kcb-dq-evid-02-p03.error.txt,7E85CFAF756D19A11613EF6F17C9561FBB481668A6662D8A166A2FC4FE60ADB6,20
raw/moh-kcb-dq-evid-02-p03.headers,16EF9BD5277936ACCFD28E94AD5F0F768573A788532A7E6B31A7EA12EF37CBF4,1440
raw/moh-kcb-dq-evid-03-p01.body,47C918E63B252E1DEDE04173234EA3FF4D3C87D6854EE9C06630F8B05FD65FDC,61061
raw/moh-kcb-dq-evid-03-p01.error.txt,7E85CFAF756D19A11613EF6F17C9561FBB481668A6662D8A166A2FC4FE60ADB6,20
raw/moh-kcb-dq-evid-03-p01.headers,C6A7C8FD0A2F3E41833EBE7FB20CEB30838CC074E306B01CAD6C92E1DE0D2982,1441
raw/moh-kcb-dq-evid-03-p02.body,92A06B72CA7601B9F688E7C27A0CA3CAB91297EBDC72E1B7FDDF891079729539,61061
raw/moh-kcb-dq-evid-03-p02.error.txt,7E85CFAF756D19A11613EF6F17C9561FBB481668A6662D8A166A2FC4FE60ADB6,20
raw/moh-kcb-dq-evid-03-p02.headers,FEA87BBE5821AE452812E86531F76067BD69F2E4FBC007E81133D4AF091E2B1D,1441
raw/moh-kcb-dq-evid-03-p03.body,A01579158ABDED1C8195DC1D23EF9BA807ECB05B8CDFBE357B151EB30C310CBA,61061
raw/moh-kcb-dq-evid-03-p03.error.txt,7E85CFAF756D19A11613EF6F17C9561FBB481668A6662D8A166A2FC4FE60ADB6,20
raw/moh-kcb-dq-evid-03-p03.headers,D58673A105B21DF99F7D7ED406437B24A6D587AC779363A017C88CB08BD67993,1440
raw/moh-kcb-dq-evid-04-p01.body,AC3E1E17FF84456FC08A67CDBB42EB2763A5C04EBD60C67D14F25C038081F5B7,61649
raw/moh-kcb-dq-evid-04-p01.error.txt,7E85CFAF756D19A11613EF6F17C9561FBB481668A6662D8A166A2FC4FE60ADB6,20
raw/moh-kcb-dq-evid-04-p01.headers,DD72877B5418CE4D79582658D11EA0AB54A47324920DB1629EE645F3436DEE20,1440
raw/moh-kcb-dq-evid-04-p02.body,5F736B8607A1758B947F6793F5E14FC713290FFA225A551E434BAD179004B974,61649
raw/moh-kcb-dq-evid-04-p02.error.txt,7E85CFAF756D19A11613EF6F17C9561FBB481668A6662D8A166A2FC4FE60ADB6,20
raw/moh-kcb-dq-evid-04-p02.headers,8AFF2D7A26F2DFB9729F3CD712538685461CC7663469E33EC41EEFE1547D5E1B,1441
raw/moh-kcb-dq-evid-04-p03.body,C458B959C057372510A8362C0B4776C045F41EE53B564DABC4ACD676EDACA1F5,61649
raw/moh-kcb-dq-evid-04-p03.error.txt,7E85CFAF756D19A11613EF6F17C9561FBB481668A6662D8A166A2FC4FE60ADB6,20
raw/moh-kcb-dq-evid-04-p03.headers,4A53F4F3356F9190DD2DC7877951286179F422D41D2809126C65F973658BA01F,1441
raw/moh-kcb-dq-evid-05-p01.body,3752795ACEF2B09C79A3EA608F891992A77FC6CB78CFD2976CCA9D9E8A899E84,62699
raw/moh-kcb-dq-evid-05-p01.error.txt,7E85CFAF756D19A11613EF6F17C9561FBB481668A6662D8A166A2FC4FE60ADB6,20
raw/moh-kcb-dq-evid-05-p01.headers,0E7E87491A304634231EB90788AC4C83978C1B844C30D013F99E4C74645AA3DD,1441
raw/moh-kcb-dq-evid-05-p02.body,03E17A63D4367E3ECE2D2C2796BDBDEDBA7500BC5A765A274369223191B77AE4,62699
raw/moh-kcb-dq-evid-05-p02.error.txt,7E85CFAF756D19A11613EF6F17C9561FBB481668A6662D8A166A2FC4FE60ADB6,20
raw/moh-kcb-dq-evid-05-p02.headers,B1F61765A076B328EBE3D0ACD440CE956A0D62FA47E18543207B7989F446E9B7,1440
raw/moh-kcb-dq-evid-05-p03.body,21D74D78E4199A65916F31B083650DACAFC9E1F8EDAE6B9BF5C5AF4462C7894D,62699
raw/moh-kcb-dq-evid-05-p03.error.txt,7E85CFAF756D19A11613EF6F17C9561FBB481668A6662D8A166A2FC4FE60ADB6,20
raw/moh-kcb-dq-evid-05-p03.headers,BB1B23231D637AF6B6C092E2B29FD382D409A5F8D2A8C52A1BF85CE7CE35C115,1439
raw/moh-kcb-dq-impl-01-p01.body,8457BB2CD720BEED61A27ED9787677754EAE4B817F49E7E3A37A02EBEC94F589,61293
raw/moh-kcb-dq-impl-01-p01.error.txt,7E85CFAF756D19A11613EF6F17C9561FBB481668A6662D8A166A2FC4FE60ADB6,20
raw/moh-kcb-dq-impl-01-p01.headers,C2257E23EA6A6121C591A87144960ED87B33BBBECF3E8B372965D0C99E0E0E6B,1441
raw/moh-kcb-dq-impl-01-p02.body,7E8E3D43DD27C08E662B3C54934E1273B60DB1D9E8DD1571465ED0B8BEF1AF65,61293
raw/moh-kcb-dq-impl-01-p02.error.txt,7E85CFAF756D19A11613EF6F17C9561FBB481668A6662D8A166A2FC4FE60ADB6,20
raw/moh-kcb-dq-impl-01-p02.headers,E85B5DBE3FF001ADB49EBFE908B62A986559491FD72351524357FB9C529B6566,1441
raw/moh-kcb-dq-impl-01-p03.body,11DA7A01B045B7C908C13970C3548993AE0AD814FD4BAD900CFF787783E8202D,61293
raw/moh-kcb-dq-impl-01-p03.error.txt,7E85CFAF756D19A11613EF6F17C9561FBB481668A6662D8A166A2FC4FE60ADB6,20
raw/moh-kcb-dq-impl-01-p03.headers,6127C7DD8FF80E2057905012C1899B5A611E6974BCC9FEBB7C3B64BB098B1E84,1441
raw/moh-kcb-dq-impl-02-p01.body,B09D97856304BDABE6A6A5837F3EF93363293CAB30DCE43E0CEC1083D5F28A92,61381
raw/moh-kcb-dq-impl-02-p01.error.txt,7E85CFAF756D19A11613EF6F17C9561FBB481668A6662D8A166A2FC4FE60ADB6,20
raw/moh-kcb-dq-impl-02-p01.headers,F8FB4E713359A7A08A250F8D3FAB00CC479EBC41FDDF2222B92C65A14A10BEA8,1440
raw/moh-kcb-dq-impl-02-p02.body,EAF5E0F6657CED8E846E613306F85E13D0182F3ADE23648ABBF699C5E6991D33,61381
raw/moh-kcb-dq-impl-02-p02.error.txt,7E85CFAF756D19A11613EF6F17C9561FBB481668A6662D8A166A2FC4FE60ADB6,20
raw/moh-kcb-dq-impl-02-p02.headers,E72BBA3A94CC09CAA45576893178D2225C16BA948D664E890568913D457C1685,1440
raw/moh-kcb-dq-impl-02-p03.body,C95DC47352DD9B341E1DABEA74BBB3FFA3EA911354B68C0C2277C32AE9331402,61381
raw/moh-kcb-dq-impl-02-p03.error.txt,7E85CFAF756D19A11613EF6F17C9561FBB481668A6662D8A166A2FC4FE60ADB6,20
raw/moh-kcb-dq-impl-02-p03.headers,46FA2DB5196E23FDEEA3935118697FD73537B8DD4FCA15E95D3DB86AA1CBFDA3,1441
raw/moh-kcb-dq-impl-03-p01.body,C5A30F366B36772B12403B2CD1C2220BF582F0A20897C5E306085489B1E9B22E,61397
raw/moh-kcb-dq-impl-03-p01.error.txt,7E85CFAF756D19A11613EF6F17C9561FBB481668A6662D8A166A2FC4FE60ADB6,20
raw/moh-kcb-dq-impl-03-p01.headers,35D30E02E83B4F019CBB7EEA3EA8234F08CD850CF875DC1105138FF369B02A1A,1441
raw/moh-kcb-dq-impl-03-p02.body,F736F3B69A6459641806583E428AD563144DD18C9FE60868C9541B0950DB3DC5,61397
raw/moh-kcb-dq-impl-03-p02.error.txt,7E85CFAF756D19A11613EF6F17C9561FBB481668A6662D8A166A2FC4FE60ADB6,20
raw/moh-kcb-dq-impl-03-p02.headers,FFBE0FA4A61789AB22D2E377EB6222D5593AFF88070912B21589DB8DAA33DC35,1440
raw/moh-kcb-dq-impl-03-p03.body,716E5FB868946D00A07A121161D60CB23AEFC34E241041CF901B945AB75207E9,61397
raw/moh-kcb-dq-impl-03-p03.error.txt,7E85CFAF756D19A11613EF6F17C9561FBB481668A6662D8A166A2FC4FE60ADB6,20
raw/moh-kcb-dq-impl-03-p03.headers,24719EDB7F8F4E3AA4E87D5B43B23A82393880BE2272AA06B90F9C805BF66A57,1441
raw/moh-kcb-dq-impl-04-p01.body,0C0A3B9D0CF36C4DBAE5E0758040D71C8E3CAC9F4E6CDD9DFE9063FC59CB09B9,62182
raw/moh-kcb-dq-impl-04-p01.error.txt,7E85CFAF756D19A11613EF6F17C9561FBB481668A6662D8A166A2FC4FE60ADB6,20
raw/moh-kcb-dq-impl-04-p01.headers,551AE272461330C0F4A8D7F4524DAD58E96281F717EA3818A2997901E60BA142,1440
raw/moh-kcb-dq-impl-04-p02.body,C6261CC453DA7655DD36185E83C6D4399F8A67F1C7A46B73D42DB877B456908F,62182
raw/moh-kcb-dq-impl-04-p02.error.txt,7E85CFAF756D19A11613EF6F17C9561FBB481668A6662D8A166A2FC4FE60ADB6,20
raw/moh-kcb-dq-impl-04-p02.headers,5F9D2EE686C0A3B0558C36213B460F8400AF7CADAF07F1A3E0964E3C5AABA100,1440
raw/moh-kcb-dq-impl-04-p03.body,1052EE0DB5513D86E55C2D11B3C2B8411F9153E16314C5E1685B7111C13B35C9,62182
raw/moh-kcb-dq-impl-04-p03.error.txt,7E85CFAF756D19A11613EF6F17C9561FBB481668A6662D8A166A2FC4FE60ADB6,20
raw/moh-kcb-dq-impl-04-p03.headers,ACAD85A5E84B2A480A0A7BA77F2DBE09E98A7B5341C93832AC89682D34BD056C,1441
raw/moh-kcb-dq-impl-05-p01.body,722F94DB0E21E7041912155221D9FFA28F2D18D53C5B4829AF7EEE4893E41F22,61822
raw/moh-kcb-dq-impl-05-p01.error.txt,7E85CFAF756D19A11613EF6F17C9561FBB481668A6662D8A166A2FC4FE60ADB6,20
raw/moh-kcb-dq-impl-05-p01.headers,F35CEECB81C66C0D36064641686418BA222CC117BF4F9D5DE67922673AC3E9A2,1439
raw/moh-kcb-dq-impl-05-p02.body,143ABA13B469C16C238274DA2FAD38AEC30F70261178BD82E7A799343462A15E,61822
raw/moh-kcb-dq-impl-05-p02.error.txt,7E85CFAF756D19A11613EF6F17C9561FBB481668A6662D8A166A2FC4FE60ADB6,20
raw/moh-kcb-dq-impl-05-p02.headers,32DD823517545C8DD248E6F451C830932D5DB19F5F8179E472234FB0A8C765DB,1440
raw/moh-kcb-dq-impl-05-p03.body,E8BAD708B3577B695C040A477A2CA705EFCC9CB4966C05D6DB2498A6E7D92129,61822
raw/moh-kcb-dq-impl-05-p03.error.txt,7E85CFAF756D19A11613EF6F17C9561FBB481668A6662D8A166A2FC4FE60ADB6,20
raw/moh-kcb-dq-impl-05-p03.headers,A454BDFB82937DA95564B48C5BF54C05112C0949FB664BA9EC13BBE35FF8F013,1441
raw/moh-kcb-dq-tool-01-p01.body,7E0F9E2E64B02A35BACBC184DF717CC5892DBF2BC1E6A838FF609E51CD62894A,61064
raw/moh-kcb-dq-tool-01-p01.error.txt,7E85CFAF756D19A11613EF6F17C9561FBB481668A6662D8A166A2FC4FE60ADB6,20
raw/moh-kcb-dq-tool-01-p01.headers,C89510CCBB5D66DAAFB6E32A22B6CA15674252E702BF40051BF3522CE17C8769,1440
raw/moh-kcb-dq-tool-01-p02.body,52CE93FA5C40B8381B7C1ED19111D5FA45A73B8A8A289F5863DB337075D53D44,61064
raw/moh-kcb-dq-tool-01-p02.error.txt,7E85CFAF756D19A11613EF6F17C9561FBB481668A6662D8A166A2FC4FE60ADB6,20
raw/moh-kcb-dq-tool-01-p02.headers,D6E147A41AE47527E782D0CD3557B1F3303E529A8F58ACAF11CFECDA2E1EBB89,1440
raw/moh-kcb-dq-tool-01-p03.body,DF3D034D561FA44993DEBEC36F2E3119848AA8003CE115C5D9C91D50A8298753,61064
raw/moh-kcb-dq-tool-01-p03.error.txt,7E85CFAF756D19A11613EF6F17C9561FBB481668A6662D8A166A2FC4FE60ADB6,20
raw/moh-kcb-dq-tool-01-p03.headers,B5ECD5274EC6A150EBD8C3325E609DC5ABE47766D5ADA2D19F1306198D6106DD,1441
raw/moh-kcb-dq-tool-02-p01.body,AA5372062C55AEA824AC63A2AC61385F58E6F1633E876E0EF217AA61AF6A2603,61410
raw/moh-kcb-dq-tool-02-p01.error.txt,7E85CFAF756D19A11613EF6F17C9561FBB481668A6662D8A166A2FC4FE60ADB6,20
raw/moh-kcb-dq-tool-02-p01.headers,CCF159C2590CA3490F6165D009D65F170F65DEEBA610926EA0946BC1A959497B,1441
raw/moh-kcb-dq-tool-02-p02.body,A3A4A3FC25A350EE261FC02FB55E3F1B6043E23D92932D7E25B87AE57C07FA0C,61410
raw/moh-kcb-dq-tool-02-p02.error.txt,7E85CFAF756D19A11613EF6F17C9561FBB481668A6662D8A166A2FC4FE60ADB6,20
raw/moh-kcb-dq-tool-02-p02.headers,DF05285594ACAAB4649A9324B7FC0D4753F4AD2B0D7C6543BCB9D4DF2091BA66,1440
raw/moh-kcb-dq-tool-02-p03.body,9A0A95F952B9DEE2137393F77090D8465C6B8128501BF32B4BBB72393AD8C4C9,61410
raw/moh-kcb-dq-tool-02-p03.error.txt,7E85CFAF756D19A11613EF6F17C9561FBB481668A6662D8A166A2FC4FE60ADB6,20
raw/moh-kcb-dq-tool-02-p03.headers,13BFB3FF0E1A790711B81F27279854DAD79D7265B3F85C9368C4E34ED25F45E7,1440
raw/moh-nhic-dq-evid-01-p01.body,E3B0C44298FC1C149AFBF4C8996FB92427AE41E4649B934CA495991B7852B855,0
raw/moh-nhic-dq-evid-01-p01.error.txt,6E5428A71B5386F7708F2459B011A4C1BB9759980A8D76D18512CFBFACA8CEF6,104
raw/moh-nhic-dq-evid-01-p01.headers,E3B0C44298FC1C149AFBF4C8996FB92427AE41E4649B934CA495991B7852B855,0
raw/moh-nhic-dq-evid-01-p02.body,E3B0C44298FC1C149AFBF4C8996FB92427AE41E4649B934CA495991B7852B855,0
raw/moh-nhic-dq-evid-01-p02.error.txt,6E5428A71B5386F7708F2459B011A4C1BB9759980A8D76D18512CFBFACA8CEF6,104
raw/moh-nhic-dq-evid-01-p02.headers,E3B0C44298FC1C149AFBF4C8996FB92427AE41E4649B934CA495991B7852B855,0
raw/moh-nhic-dq-evid-02-p01.body,E3B0C44298FC1C149AFBF4C8996FB92427AE41E4649B934CA495991B7852B855,0
raw/moh-nhic-dq-evid-02-p01.error.txt,6E5428A71B5386F7708F2459B011A4C1BB9759980A8D76D18512CFBFACA8CEF6,104
raw/moh-nhic-dq-evid-02-p01.headers,E3B0C44298FC1C149AFBF4C8996FB92427AE41E4649B934CA495991B7852B855,0
raw/moh-nhic-dq-evid-02-p02.body,E3B0C44298FC1C149AFBF4C8996FB92427AE41E4649B934CA495991B7852B855,0
raw/moh-nhic-dq-evid-02-p02.error.txt,6E5428A71B5386F7708F2459B011A4C1BB9759980A8D76D18512CFBFACA8CEF6,104
raw/moh-nhic-dq-evid-02-p02.headers,E3B0C44298FC1C149AFBF4C8996FB92427AE41E4649B934CA495991B7852B855,0
raw/moh-nhic-dq-evid-03-p01.body,E3B0C44298FC1C149AFBF4C8996FB92427AE41E4649B934CA495991B7852B855,0
raw/moh-nhic-dq-evid-03-p01.error.txt,6E5428A71B5386F7708F2459B011A4C1BB9759980A8D76D18512CFBFACA8CEF6,104
raw/moh-nhic-dq-evid-03-p01.headers,E3B0C44298FC1C149AFBF4C8996FB92427AE41E4649B934CA495991B7852B855,0
raw/moh-nhic-dq-evid-03-p02.body,E3B0C44298FC1C149AFBF4C8996FB92427AE41E4649B934CA495991B7852B855,0
raw/moh-nhic-dq-evid-03-p02.error.txt,6E5428A71B5386F7708F2459B011A4C1BB9759980A8D76D18512CFBFACA8CEF6,104
raw/moh-nhic-dq-evid-03-p02.headers,E3B0C44298FC1C149AFBF4C8996FB92427AE41E4649B934CA495991B7852B855,0
raw/moh-nhic-dq-evid-04-p01.body,E3B0C44298FC1C149AFBF4C8996FB92427AE41E4649B934CA495991B7852B855,0
raw/moh-nhic-dq-evid-04-p01.error.txt,6E5428A71B5386F7708F2459B011A4C1BB9759980A8D76D18512CFBFACA8CEF6,104
raw/moh-nhic-dq-evid-04-p01.headers,E3B0C44298FC1C149AFBF4C8996FB92427AE41E4649B934CA495991B7852B855,0
raw/moh-nhic-dq-evid-04-p02.body,E3B0C44298FC1C149AFBF4C8996FB92427AE41E4649B934CA495991B7852B855,0
raw/moh-nhic-dq-evid-04-p02.error.txt,6E5428A71B5386F7708F2459B011A4C1BB9759980A8D76D18512CFBFACA8CEF6,104
raw/moh-nhic-dq-evid-04-p02.headers,E3B0C44298FC1C149AFBF4C8996FB92427AE41E4649B934CA495991B7852B855,0
raw/moh-nhic-dq-evid-05-p01.body,E3B0C44298FC1C149AFBF4C8996FB92427AE41E4649B934CA495991B7852B855,0
raw/moh-nhic-dq-evid-05-p01.error.txt,6E5428A71B5386F7708F2459B011A4C1BB9759980A8D76D18512CFBFACA8CEF6,104
raw/moh-nhic-dq-evid-05-p01.headers,E3B0C44298FC1C149AFBF4C8996FB92427AE41E4649B934CA495991B7852B855,0
raw/moh-nhic-dq-evid-05-p02.body,E3B0C44298FC1C149AFBF4C8996FB92427AE41E4649B934CA495991B7852B855,0
raw/moh-nhic-dq-evid-05-p02.error.txt,6E5428A71B5386F7708F2459B011A4C1BB9759980A8D76D18512CFBFACA8CEF6,104
raw/moh-nhic-dq-evid-05-p02.headers,E3B0C44298FC1C149AFBF4C8996FB92427AE41E4649B934CA495991B7852B855,0
raw/moh-nhic-dq-impl-01-p01.body,E3B0C44298FC1C149AFBF4C8996FB92427AE41E4649B934CA495991B7852B855,0
raw/moh-nhic-dq-impl-01-p01.error.txt,6E5428A71B5386F7708F2459B011A4C1BB9759980A8D76D18512CFBFACA8CEF6,104
raw/moh-nhic-dq-impl-01-p01.headers,E3B0C44298FC1C149AFBF4C8996FB92427AE41E4649B934CA495991B7852B855,0
raw/moh-nhic-dq-impl-01-p02.body,E3B0C44298FC1C149AFBF4C8996FB92427AE41E4649B934CA495991B7852B855,0
raw/moh-nhic-dq-impl-01-p02.error.txt,6E5428A71B5386F7708F2459B011A4C1BB9759980A8D76D18512CFBFACA8CEF6,104
raw/moh-nhic-dq-impl-01-p02.headers,E3B0C44298FC1C149AFBF4C8996FB92427AE41E4649B934CA495991B7852B855,0
raw/moh-nhic-dq-impl-02-p01.body,E3B0C44298FC1C149AFBF4C8996FB92427AE41E4649B934CA495991B7852B855,0
raw/moh-nhic-dq-impl-02-p01.error.txt,6E5428A71B5386F7708F2459B011A4C1BB9759980A8D76D18512CFBFACA8CEF6,104
raw/moh-nhic-dq-impl-02-p01.headers,E3B0C44298FC1C149AFBF4C8996FB92427AE41E4649B934CA495991B7852B855,0
raw/moh-nhic-dq-impl-02-p02.body,E3B0C44298FC1C149AFBF4C8996FB92427AE41E4649B934CA495991B7852B855,0
raw/moh-nhic-dq-impl-02-p02.error.txt,6E5428A71B5386F7708F2459B011A4C1BB9759980A8D76D18512CFBFACA8CEF6,104
raw/moh-nhic-dq-impl-02-p02.headers,E3B0C44298FC1C149AFBF4C8996FB92427AE41E4649B934CA495991B7852B855,0
raw/moh-nhic-dq-impl-03-p01.body,E3B0C44298FC1C149AFBF4C8996FB92427AE41E4649B934CA495991B7852B855,0
raw/moh-nhic-dq-impl-03-p01.error.txt,6E5428A71B5386F7708F2459B011A4C1BB9759980A8D76D18512CFBFACA8CEF6,104
raw/moh-nhic-dq-impl-03-p01.headers,E3B0C44298FC1C149AFBF4C8996FB92427AE41E4649B934CA495991B7852B855,0
raw/moh-nhic-dq-impl-03-p02.body,E3B0C44298FC1C149AFBF4C8996FB92427AE41E4649B934CA495991B7852B855,0
raw/moh-nhic-dq-impl-03-p02.error.txt,6E5428A71B5386F7708F2459B011A4C1BB9759980A8D76D18512CFBFACA8CEF6,104
raw/moh-nhic-dq-impl-03-p02.headers,E3B0C44298FC1C149AFBF4C8996FB92427AE41E4649B934CA495991B7852B855,0
raw/moh-nhic-dq-impl-04-p01.body,E3B0C44298FC1C149AFBF4C8996FB92427AE41E4649B934CA495991B7852B855,0
raw/moh-nhic-dq-impl-04-p01.error.txt,6E5428A71B5386F7708F2459B011A4C1BB9759980A8D76D18512CFBFACA8CEF6,104
raw/moh-nhic-dq-impl-04-p01.headers,E3B0C44298FC1C149AFBF4C8996FB92427AE41E4649B934CA495991B7852B855,0
raw/moh-nhic-dq-impl-04-p02.body,E3B0C44298FC1C149AFBF4C8996FB92427AE41E4649B934CA495991B7852B855,0
raw/moh-nhic-dq-impl-04-p02.error.txt,6E5428A71B5386F7708F2459B011A4C1BB9759980A8D76D18512CFBFACA8CEF6,104
raw/moh-nhic-dq-impl-04-p02.headers,E3B0C44298FC1C149AFBF4C8996FB92427AE41E4649B934CA495991B7852B855,0
raw/moh-nhic-dq-impl-05-p01.body,E3B0C44298FC1C149AFBF4C8996FB92427AE41E4649B934CA495991B7852B855,0
raw/moh-nhic-dq-impl-05-p01.error.txt,6E5428A71B5386F7708F2459B011A4C1BB9759980A8D76D18512CFBFACA8CEF6,104
raw/moh-nhic-dq-impl-05-p01.headers,E3B0C44298FC1C149AFBF4C8996FB92427AE41E4649B934CA495991B7852B855,0
raw/moh-nhic-dq-impl-05-p02.body,E3B0C44298FC1C149AFBF4C8996FB92427AE41E4649B934CA495991B7852B855,0
raw/moh-nhic-dq-impl-05-p02.error.txt,6E5428A71B5386F7708F2459B011A4C1BB9759980A8D76D18512CFBFACA8CEF6,104
raw/moh-nhic-dq-impl-05-p02.headers,E3B0C44298FC1C149AFBF4C8996FB92427AE41E4649B934CA495991B7852B855,0
raw/moh-nhic-dq-tool-01-p01.body,E3B0C44298FC1C149AFBF4C8996FB92427AE41E4649B934CA495991B7852B855,0
raw/moh-nhic-dq-tool-01-p01.error.txt,6E5428A71B5386F7708F2459B011A4C1BB9759980A8D76D18512CFBFACA8CEF6,104
raw/moh-nhic-dq-tool-01-p01.headers,E3B0C44298FC1C149AFBF4C8996FB92427AE41E4649B934CA495991B7852B855,0
raw/moh-nhic-dq-tool-01-p02.body,E3B0C44298FC1C149AFBF4C8996FB92427AE41E4649B934CA495991B7852B855,0
raw/moh-nhic-dq-tool-01-p02.error.txt,6E5428A71B5386F7708F2459B011A4C1BB9759980A8D76D18512CFBFACA8CEF6,104
raw/moh-nhic-dq-tool-01-p02.headers,E3B0C44298FC1C149AFBF4C8996FB92427AE41E4649B934CA495991B7852B855,0
raw/moh-nhic-dq-tool-02-p01.body,E3B0C44298FC1C149AFBF4C8996FB92427AE41E4649B934CA495991B7852B855,0
raw/moh-nhic-dq-tool-02-p01.error.txt,6E5428A71B5386F7708F2459B011A4C1BB9759980A8D76D18512CFBFACA8CEF6,104
raw/moh-nhic-dq-tool-02-p01.headers,E3B0C44298FC1C149AFBF4C8996FB92427AE41E4649B934CA495991B7852B855,0
raw/moh-nhic-dq-tool-02-p02.body,E3B0C44298FC1C149AFBF4C8996FB92427AE41E4649B934CA495991B7852B855,0
raw/moh-nhic-dq-tool-02-p02.error.txt,6E5428A71B5386F7708F2459B011A4C1BB9759980A8D76D18512CFBFACA8CEF6,104
raw/moh-nhic-dq-tool-02-p02.headers,E3B0C44298FC1C149AFBF4C8996FB92427AE41E4649B934CA495991B7852B855,0
raw/moh-pc-dq-evid-01-p01.body,E3B0C44298FC1C149AFBF4C8996FB92427AE41E4649B934CA495991B7852B855,0
raw/moh-pc-dq-evid-01-p01.error.txt,6E5428A71B5386F7708F2459B011A4C1BB9759980A8D76D18512CFBFACA8CEF6,104
raw/moh-pc-dq-evid-01-p01.headers,E3B0C44298FC1C149AFBF4C8996FB92427AE41E4649B934CA495991B7852B855,0
raw/moh-pc-dq-evid-01-p02.body,E3B0C44298FC1C149AFBF4C8996FB92427AE41E4649B934CA495991B7852B855,0
raw/moh-pc-dq-evid-01-p02.error.txt,6E5428A71B5386F7708F2459B011A4C1BB9759980A8D76D18512CFBFACA8CEF6,104
raw/moh-pc-dq-evid-01-p02.headers,E3B0C44298FC1C149AFBF4C8996FB92427AE41E4649B934CA495991B7852B855,0
raw/moh-pc-dq-evid-02-p01.body,E3B0C44298FC1C149AFBF4C8996FB92427AE41E4649B934CA495991B7852B855,0
raw/moh-pc-dq-evid-02-p01.error.txt,6E5428A71B5386F7708F2459B011A4C1BB9759980A8D76D18512CFBFACA8CEF6,104
raw/moh-pc-dq-evid-02-p01.headers,E3B0C44298FC1C149AFBF4C8996FB92427AE41E4649B934CA495991B7852B855,0
raw/moh-pc-dq-evid-02-p02.body,E3B0C44298FC1C149AFBF4C8996FB92427AE41E4649B934CA495991B7852B855,0
raw/moh-pc-dq-evid-02-p02.error.txt,6E5428A71B5386F7708F2459B011A4C1BB9759980A8D76D18512CFBFACA8CEF6,104
raw/moh-pc-dq-evid-02-p02.headers,E3B0C44298FC1C149AFBF4C8996FB92427AE41E4649B934CA495991B7852B855,0
raw/moh-pc-dq-evid-03-p01.body,E3B0C44298FC1C149AFBF4C8996FB92427AE41E4649B934CA495991B7852B855,0
raw/moh-pc-dq-evid-03-p01.error.txt,6E5428A71B5386F7708F2459B011A4C1BB9759980A8D76D18512CFBFACA8CEF6,104
raw/moh-pc-dq-evid-03-p01.headers,E3B0C44298FC1C149AFBF4C8996FB92427AE41E4649B934CA495991B7852B855,0
raw/moh-pc-dq-evid-03-p02.body,E3B0C44298FC1C149AFBF4C8996FB92427AE41E4649B934CA495991B7852B855,0
raw/moh-pc-dq-evid-03-p02.error.txt,6E5428A71B5386F7708F2459B011A4C1BB9759980A8D76D18512CFBFACA8CEF6,104
raw/moh-pc-dq-evid-03-p02.headers,E3B0C44298FC1C149AFBF4C8996FB92427AE41E4649B934CA495991B7852B855,0
raw/moh-pc-dq-evid-04-p01.body,E3B0C44298FC1C149AFBF4C8996FB92427AE41E4649B934CA495991B7852B855,0
raw/moh-pc-dq-evid-04-p01.error.txt,6E5428A71B5386F7708F2459B011A4C1BB9759980A8D76D18512CFBFACA8CEF6,104
raw/moh-pc-dq-evid-04-p01.headers,E3B0C44298FC1C149AFBF4C8996FB92427AE41E4649B934CA495991B7852B855,0
raw/moh-pc-dq-evid-04-p02.body,E3B0C44298FC1C149AFBF4C8996FB92427AE41E4649B934CA495991B7852B855,0
raw/moh-pc-dq-evid-04-p02.error.txt,6E5428A71B5386F7708F2459B011A4C1BB9759980A8D76D18512CFBFACA8CEF6,104
raw/moh-pc-dq-evid-04-p02.headers,E3B0C44298FC1C149AFBF4C8996FB92427AE41E4649B934CA495991B7852B855,0
raw/moh-pc-dq-evid-05-p01.body,E3B0C44298FC1C149AFBF4C8996FB92427AE41E4649B934CA495991B7852B855,0
raw/moh-pc-dq-evid-05-p01.error.txt,6E5428A71B5386F7708F2459B011A4C1BB9759980A8D76D18512CFBFACA8CEF6,104
raw/moh-pc-dq-evid-05-p01.headers,E3B0C44298FC1C149AFBF4C8996FB92427AE41E4649B934CA495991B7852B855,0
raw/moh-pc-dq-evid-05-p02.body,E3B0C44298FC1C149AFBF4C8996FB92427AE41E4649B934CA495991B7852B855,0
raw/moh-pc-dq-evid-05-p02.error.txt,6E5428A71B5386F7708F2459B011A4C1BB9759980A8D76D18512CFBFACA8CEF6,104
raw/moh-pc-dq-evid-05-p02.headers,E3B0C44298FC1C149AFBF4C8996FB92427AE41E4649B934CA495991B7852B855,0
raw/moh-pc-dq-impl-01-p01.body,E3B0C44298FC1C149AFBF4C8996FB92427AE41E4649B934CA495991B7852B855,0
raw/moh-pc-dq-impl-01-p01.error.txt,6E5428A71B5386F7708F2459B011A4C1BB9759980A8D76D18512CFBFACA8CEF6,104
raw/moh-pc-dq-impl-01-p01.headers,E3B0C44298FC1C149AFBF4C8996FB92427AE41E4649B934CA495991B7852B855,0
raw/moh-pc-dq-impl-01-p02.body,E3B0C44298FC1C149AFBF4C8996FB92427AE41E4649B934CA495991B7852B855,0
raw/moh-pc-dq-impl-01-p02.error.txt,6E5428A71B5386F7708F2459B011A4C1BB9759980A8D76D18512CFBFACA8CEF6,104
raw/moh-pc-dq-impl-01-p02.headers,E3B0C44298FC1C149AFBF4C8996FB92427AE41E4649B934CA495991B7852B855,0
raw/moh-pc-dq-impl-02-p01.body,E3B0C44298FC1C149AFBF4C8996FB92427AE41E4649B934CA495991B7852B855,0
raw/moh-pc-dq-impl-02-p01.error.txt,6E5428A71B5386F7708F2459B011A4C1BB9759980A8D76D18512CFBFACA8CEF6,104
raw/moh-pc-dq-impl-02-p01.headers,E3B0C44298FC1C149AFBF4C8996FB92427AE41E4649B934CA495991B7852B855,0
raw/moh-pc-dq-impl-02-p02.body,E3B0C44298FC1C149AFBF4C8996FB92427AE41E4649B934CA495991B7852B855,0
raw/moh-pc-dq-impl-02-p02.error.txt,6E5428A71B5386F7708F2459B011A4C1BB9759980A8D76D18512CFBFACA8CEF6,104
raw/moh-pc-dq-impl-02-p02.headers,E3B0C44298FC1C149AFBF4C8996FB92427AE41E4649B934CA495991B7852B855,0
raw/moh-pc-dq-impl-03-p01.body,E3B0C44298FC1C149AFBF4C8996FB92427AE41E4649B934CA495991B7852B855,0
raw/moh-pc-dq-impl-03-p01.error.txt,6E5428A71B5386F7708F2459B011A4C1BB9759980A8D76D18512CFBFACA8CEF6,104
raw/moh-pc-dq-impl-03-p01.headers,E3B0C44298FC1C149AFBF4C8996FB92427AE41E4649B934CA495991B7852B855,0
raw/moh-pc-dq-impl-03-p02.body,E3B0C44298FC1C149AFBF4C8996FB92427AE41E4649B934CA495991B7852B855,0
raw/moh-pc-dq-impl-03-p02.error.txt,6E5428A71B5386F7708F2459B011A4C1BB9759980A8D76D18512CFBFACA8CEF6,104
raw/moh-pc-dq-impl-03-p02.headers,E3B0C44298FC1C149AFBF4C8996FB92427AE41E4649B934CA495991B7852B855,0
raw/moh-pc-dq-impl-04-p01.body,E3B0C44298FC1C149AFBF4C8996FB92427AE41E4649B934CA495991B7852B855,0
raw/moh-pc-dq-impl-04-p01.error.txt,6E5428A71B5386F7708F2459B011A4C1BB9759980A8D76D18512CFBFACA8CEF6,104
raw/moh-pc-dq-impl-04-p01.headers,E3B0C44298FC1C149AFBF4C8996FB92427AE41E4649B934CA495991B7852B855,0
raw/moh-pc-dq-impl-04-p02.body,E3B0C44298FC1C149AFBF4C8996FB92427AE41E4649B934CA495991B7852B855,0
raw/moh-pc-dq-impl-04-p02.error.txt,6E5428A71B5386F7708F2459B011A4C1BB9759980A8D76D18512CFBFACA8CEF6,104
raw/moh-pc-dq-impl-04-p02.headers,E3B0C44298FC1C149AFBF4C8996FB92427AE41E4649B934CA495991B7852B855,0
raw/moh-pc-dq-impl-05-p01.body,E3B0C44298FC1C149AFBF4C8996FB92427AE41E4649B934CA495991B7852B855,0
raw/moh-pc-dq-impl-05-p01.error.txt,6E5428A71B5386F7708F2459B011A4C1BB9759980A8D76D18512CFBFACA8CEF6,104
raw/moh-pc-dq-impl-05-p01.headers,E3B0C44298FC1C149AFBF4C8996FB92427AE41E4649B934CA495991B7852B855,0
raw/moh-pc-dq-impl-05-p02.body,E3B0C44298FC1C149AFBF4C8996FB92427AE41E4649B934CA495991B7852B855,0
raw/moh-pc-dq-impl-05-p02.error.txt,6E5428A71B5386F7708F2459B011A4C1BB9759980A8D76D18512CFBFACA8CEF6,104
raw/moh-pc-dq-impl-05-p02.headers,E3B0C44298FC1C149AFBF4C8996FB92427AE41E4649B934CA495991B7852B855,0
raw/moh-pc-dq-tool-01-p01.body,E3B0C44298FC1C149AFBF4C8996FB92427AE41E4649B934CA495991B7852B855,0
raw/moh-pc-dq-tool-01-p01.error.txt,6E5428A71B5386F7708F2459B011A4C1BB9759980A8D76D18512CFBFACA8CEF6,104
raw/moh-pc-dq-tool-01-p01.headers,E3B0C44298FC1C149AFBF4C8996FB92427AE41E4649B934CA495991B7852B855,0
raw/moh-pc-dq-tool-01-p02.body,E3B0C44298FC1C149AFBF4C8996FB92427AE41E4649B934CA495991B7852B855,0
raw/moh-pc-dq-tool-01-p02.error.txt,6E5428A71B5386F7708F2459B011A4C1BB9759980A8D76D18512CFBFACA8CEF6,104
raw/moh-pc-dq-tool-01-p02.headers,E3B0C44298FC1C149AFBF4C8996FB92427AE41E4649B934CA495991B7852B855,0
raw/moh-pc-dq-tool-02-p01.body,E3B0C44298FC1C149AFBF4C8996FB92427AE41E4649B934CA495991B7852B855,0
raw/moh-pc-dq-tool-02-p01.error.txt,6E5428A71B5386F7708F2459B011A4C1BB9759980A8D76D18512CFBFACA8CEF6,104
raw/moh-pc-dq-tool-02-p01.headers,E3B0C44298FC1C149AFBF4C8996FB92427AE41E4649B934CA495991B7852B855,0
raw/moh-pc-dq-tool-02-p02.body,E3B0C44298FC1C149AFBF4C8996FB92427AE41E4649B934CA495991B7852B855,0
raw/moh-pc-dq-tool-02-p02.error.txt,6E5428A71B5386F7708F2459B011A4C1BB9759980A8D76D18512CFBFACA8CEF6,104
raw/moh-pc-dq-tool-02-p02.headers,E3B0C44298FC1C149AFBF4C8996FB92427AE41E4649B934CA495991B7852B855,0
raw/mst-dq-evid-01-p01.body,E3B0C44298FC1C149AFBF4C8996FB92427AE41E4649B934CA495991B7852B855,0
raw/mst-dq-evid-01-p01.error.txt,6E5428A71B5386F7708F2459B011A4C1BB9759980A8D76D18512CFBFACA8CEF6,104
raw/mst-dq-evid-01-p01.headers,E3B0C44298FC1C149AFBF4C8996FB92427AE41E4649B934CA495991B7852B855,0
raw/mst-dq-evid-01-p02.body,E3B0C44298FC1C149AFBF4C8996FB92427AE41E4649B934CA495991B7852B855,0
raw/mst-dq-evid-01-p02.error.txt,6E5428A71B5386F7708F2459B011A4C1BB9759980A8D76D18512CFBFACA8CEF6,104
raw/mst-dq-evid-01-p02.headers,E3B0C44298FC1C149AFBF4C8996FB92427AE41E4649B934CA495991B7852B855,0
raw/mst-dq-evid-02-p01.body,E3B0C44298FC1C149AFBF4C8996FB92427AE41E4649B934CA495991B7852B855,0
raw/mst-dq-evid-02-p01.error.txt,6E5428A71B5386F7708F2459B011A4C1BB9759980A8D76D18512CFBFACA8CEF6,104
raw/mst-dq-evid-02-p01.headers,E3B0C44298FC1C149AFBF4C8996FB92427AE41E4649B934CA495991B7852B855,0
raw/mst-dq-evid-02-p02.body,E3B0C44298FC1C149AFBF4C8996FB92427AE41E4649B934CA495991B7852B855,0
raw/mst-dq-evid-02-p02.error.txt,6E5428A71B5386F7708F2459B011A4C1BB9759980A8D76D18512CFBFACA8CEF6,104
raw/mst-dq-evid-02-p02.headers,E3B0C44298FC1C149AFBF4C8996FB92427AE41E4649B934CA495991B7852B855,0
raw/mst-dq-evid-03-p01.body,E3B0C44298FC1C149AFBF4C8996FB92427AE41E4649B934CA495991B7852B855,0
raw/mst-dq-evid-03-p01.error.txt,6E5428A71B5386F7708F2459B011A4C1BB9759980A8D76D18512CFBFACA8CEF6,104
raw/mst-dq-evid-03-p01.headers,E3B0C44298FC1C149AFBF4C8996FB92427AE41E4649B934CA495991B7852B855,0
raw/mst-dq-evid-03-p02.body,E3B0C44298FC1C149AFBF4C8996FB92427AE41E4649B934CA495991B7852B855,0
raw/mst-dq-evid-03-p02.error.txt,6E5428A71B5386F7708F2459B011A4C1BB9759980A8D76D18512CFBFACA8CEF6,104
raw/mst-dq-evid-03-p02.headers,E3B0C44298FC1C149AFBF4C8996FB92427AE41E4649B934CA495991B7852B855,0
raw/mst-dq-evid-04-p01.body,E3B0C44298FC1C149AFBF4C8996FB92427AE41E4649B934CA495991B7852B855,0
raw/mst-dq-evid-04-p01.error.txt,6E5428A71B5386F7708F2459B011A4C1BB9759980A8D76D18512CFBFACA8CEF6,104
raw/mst-dq-evid-04-p01.headers,E3B0C44298FC1C149AFBF4C8996FB92427AE41E4649B934CA495991B7852B855,0
raw/mst-dq-evid-04-p02.body,E3B0C44298FC1C149AFBF4C8996FB92427AE41E4649B934CA495991B7852B855,0
raw/mst-dq-evid-04-p02.error.txt,6E5428A71B5386F7708F2459B011A4C1BB9759980A8D76D18512CFBFACA8CEF6,104
raw/mst-dq-evid-04-p02.headers,E3B0C44298FC1C149AFBF4C8996FB92427AE41E4649B934CA495991B7852B855,0
raw/mst-dq-evid-05-p01.body,E3B0C44298FC1C149AFBF4C8996FB92427AE41E4649B934CA495991B7852B855,0
raw/mst-dq-evid-05-p01.error.txt,6E5428A71B5386F7708F2459B011A4C1BB9759980A8D76D18512CFBFACA8CEF6,104
raw/mst-dq-evid-05-p01.headers,E3B0C44298FC1C149AFBF4C8996FB92427AE41E4649B934CA495991B7852B855,0
raw/mst-dq-evid-05-p02.body,E3B0C44298FC1C149AFBF4C8996FB92427AE41E4649B934CA495991B7852B855,0
raw/mst-dq-evid-05-p02.error.txt,6E5428A71B5386F7708F2459B011A4C1BB9759980A8D76D18512CFBFACA8CEF6,104
raw/mst-dq-evid-05-p02.headers,E3B0C44298FC1C149AFBF4C8996FB92427AE41E4649B934CA495991B7852B855,0
raw/mst-dq-impl-01-p01.body,E3B0C44298FC1C149AFBF4C8996FB92427AE41E4649B934CA495991B7852B855,0
raw/mst-dq-impl-01-p01.error.txt,6E5428A71B5386F7708F2459B011A4C1BB9759980A8D76D18512CFBFACA8CEF6,104
raw/mst-dq-impl-01-p01.headers,E3B0C44298FC1C149AFBF4C8996FB92427AE41E4649B934CA495991B7852B855,0
raw/mst-dq-impl-01-p02.body,E3B0C44298FC1C149AFBF4C8996FB92427AE41E4649B934CA495991B7852B855,0
raw/mst-dq-impl-01-p02.error.txt,6E5428A71B5386F7708F2459B011A4C1BB9759980A8D76D18512CFBFACA8CEF6,104
raw/mst-dq-impl-01-p02.headers,E3B0C44298FC1C149AFBF4C8996FB92427AE41E4649B934CA495991B7852B855,0
raw/mst-dq-impl-02-p01.body,E3B0C44298FC1C149AFBF4C8996FB92427AE41E4649B934CA495991B7852B855,0
raw/mst-dq-impl-02-p01.error.txt,6E5428A71B5386F7708F2459B011A4C1BB9759980A8D76D18512CFBFACA8CEF6,104
raw/mst-dq-impl-02-p01.headers,E3B0C44298FC1C149AFBF4C8996FB92427AE41E4649B934CA495991B7852B855,0
raw/mst-dq-impl-02-p02.body,E3B0C44298FC1C149AFBF4C8996FB92427AE41E4649B934CA495991B7852B855,0
raw/mst-dq-impl-02-p02.error.txt,6E5428A71B5386F7708F2459B011A4C1BB9759980A8D76D18512CFBFACA8CEF6,104
raw/mst-dq-impl-02-p02.headers,E3B0C44298FC1C149AFBF4C8996FB92427AE41E4649B934CA495991B7852B855,0
raw/mst-dq-impl-03-p01.body,E3B0C44298FC1C149AFBF4C8996FB92427AE41E4649B934CA495991B7852B855,0
raw/mst-dq-impl-03-p01.error.txt,6E5428A71B5386F7708F2459B011A4C1BB9759980A8D76D18512CFBFACA8CEF6,104
raw/mst-dq-impl-03-p01.headers,E3B0C44298FC1C149AFBF4C8996FB92427AE41E4649B934CA495991B7852B855,0
raw/mst-dq-impl-03-p02.body,E3B0C44298FC1C149AFBF4C8996FB92427AE41E4649B934CA495991B7852B855,0
raw/mst-dq-impl-03-p02.error.txt,6E5428A71B5386F7708F2459B011A4C1BB9759980A8D76D18512CFBFACA8CEF6,104
raw/mst-dq-impl-03-p02.headers,E3B0C44298FC1C149AFBF4C8996FB92427AE41E4649B934CA495991B7852B855,0
raw/mst-dq-impl-04-p01.body,E3B0C44298FC1C149AFBF4C8996FB92427AE41E4649B934CA495991B7852B855,0
raw/mst-dq-impl-04-p01.error.txt,6E5428A71B5386F7708F2459B011A4C1BB9759980A8D76D18512CFBFACA8CEF6,104
raw/mst-dq-impl-04-p01.headers,E3B0C44298FC1C149AFBF4C8996FB92427AE41E4649B934CA495991B7852B855,0
raw/mst-dq-impl-04-p02.body,E3B0C44298FC1C149AFBF4C8996FB92427AE41E4649B934CA495991B7852B855,0
raw/mst-dq-impl-04-p02.error.txt,6E5428A71B5386F7708F2459B011A4C1BB9759980A8D76D18512CFBFACA8CEF6,104
raw/mst-dq-impl-04-p02.headers,E3B0C44298FC1C149AFBF4C8996FB92427AE41E4649B934CA495991B7852B855,0
raw/mst-dq-impl-05-p01.body,E3B0C44298FC1C149AFBF4C8996FB92427AE41E4649B934CA495991B7852B855,0
raw/mst-dq-impl-05-p01.error.txt,6E5428A71B5386F7708F2459B011A4C1BB9759980A8D76D18512CFBFACA8CEF6,104
raw/mst-dq-impl-05-p01.headers,E3B0C44298FC1C149AFBF4C8996FB92427AE41E4649B934CA495991B7852B855,0
raw/mst-dq-impl-05-p02.body,E3B0C44298FC1C149AFBF4C8996FB92427AE41E4649B934CA495991B7852B855,0
raw/mst-dq-impl-05-p02.error.txt,6E5428A71B5386F7708F2459B011A4C1BB9759980A8D76D18512CFBFACA8CEF6,104
raw/mst-dq-impl-05-p02.headers,E3B0C44298FC1C149AFBF4C8996FB92427AE41E4649B934CA495991B7852B855,0
raw/mst-dq-tool-01-p01.body,E3B0C44298FC1C149AFBF4C8996FB92427AE41E4649B934CA495991B7852B855,0
raw/mst-dq-tool-01-p01.error.txt,6E5428A71B5386F7708F2459B011A4C1BB9759980A8D76D18512CFBFACA8CEF6,104
raw/mst-dq-tool-01-p01.headers,E3B0C44298FC1C149AFBF4C8996FB92427AE41E4649B934CA495991B7852B855,0
raw/mst-dq-tool-01-p02.body,E3B0C44298FC1C149AFBF4C8996FB92427AE41E4649B934CA495991B7852B855,0
raw/mst-dq-tool-01-p02.error.txt,6E5428A71B5386F7708F2459B011A4C1BB9759980A8D76D18512CFBFACA8CEF6,104
raw/mst-dq-tool-01-p02.headers,E3B0C44298FC1C149AFBF4C8996FB92427AE41E4649B934CA495991B7852B855,0
raw/mst-dq-tool-02-p01.body,E3B0C44298FC1C149AFBF4C8996FB92427AE41E4649B934CA495991B7852B855,0
raw/mst-dq-tool-02-p01.error.txt,6E5428A71B5386F7708F2459B011A4C1BB9759980A8D76D18512CFBFACA8CEF6,104
raw/mst-dq-tool-02-p01.headers,E3B0C44298FC1C149AFBF4C8996FB92427AE41E4649B934CA495991B7852B855,0
raw/mst-dq-tool-02-p02.body,E3B0C44298FC1C149AFBF4C8996FB92427AE41E4649B934CA495991B7852B855,0
raw/mst-dq-tool-02-p02.error.txt,6E5428A71B5386F7708F2459B011A4C1BB9759980A8D76D18512CFBFACA8CEF6,104
raw/mst-dq-tool-02-p02.headers,E3B0C44298FC1C149AFBF4C8996FB92427AE41E4649B934CA495991B7852B855,0
raw/unesco-ram-dq-evid-01-p01.body,E3B0C44298FC1C149AFBF4C8996FB92427AE41E4649B934CA495991B7852B855,0
raw/unesco-ram-dq-evid-01-p01.error.txt,6E5428A71B5386F7708F2459B011A4C1BB9759980A8D76D18512CFBFACA8CEF6,104
raw/unesco-ram-dq-evid-01-p01.headers,E3B0C44298FC1C149AFBF4C8996FB92427AE41E4649B934CA495991B7852B855,0
raw/unesco-ram-dq-evid-01-p02.body,E3B0C44298FC1C149AFBF4C8996FB92427AE41E4649B934CA495991B7852B855,0
raw/unesco-ram-dq-evid-01-p02.error.txt,6E5428A71B5386F7708F2459B011A4C1BB9759980A8D76D18512CFBFACA8CEF6,104
raw/unesco-ram-dq-evid-01-p02.headers,E3B0C44298FC1C149AFBF4C8996FB92427AE41E4649B934CA495991B7852B855,0
raw/unesco-ram-dq-evid-02-p01.body,E3B0C44298FC1C149AFBF4C8996FB92427AE41E4649B934CA495991B7852B855,0
raw/unesco-ram-dq-evid-02-p01.error.txt,6E5428A71B5386F7708F2459B011A4C1BB9759980A8D76D18512CFBFACA8CEF6,104
raw/unesco-ram-dq-evid-02-p01.headers,E3B0C44298FC1C149AFBF4C8996FB92427AE41E4649B934CA495991B7852B855,0
raw/unesco-ram-dq-evid-02-p02.body,E3B0C44298FC1C149AFBF4C8996FB92427AE41E4649B934CA495991B7852B855,0
raw/unesco-ram-dq-evid-02-p02.error.txt,6E5428A71B5386F7708F2459B011A4C1BB9759980A8D76D18512CFBFACA8CEF6,104
raw/unesco-ram-dq-evid-02-p02.headers,E3B0C44298FC1C149AFBF4C8996FB92427AE41E4649B934CA495991B7852B855,0
raw/unesco-ram-dq-evid-03-p01.body,E3B0C44298FC1C149AFBF4C8996FB92427AE41E4649B934CA495991B7852B855,0
raw/unesco-ram-dq-evid-03-p01.error.txt,6E5428A71B5386F7708F2459B011A4C1BB9759980A8D76D18512CFBFACA8CEF6,104
raw/unesco-ram-dq-evid-03-p01.headers,E3B0C44298FC1C149AFBF4C8996FB92427AE41E4649B934CA495991B7852B855,0
raw/unesco-ram-dq-evid-03-p02.body,E3B0C44298FC1C149AFBF4C8996FB92427AE41E4649B934CA495991B7852B855,0
raw/unesco-ram-dq-evid-03-p02.error.txt,6E5428A71B5386F7708F2459B011A4C1BB9759980A8D76D18512CFBFACA8CEF6,104
raw/unesco-ram-dq-evid-03-p02.headers,E3B0C44298FC1C149AFBF4C8996FB92427AE41E4649B934CA495991B7852B855,0
raw/unesco-ram-dq-evid-04-p01.body,E3B0C44298FC1C149AFBF4C8996FB92427AE41E4649B934CA495991B7852B855,0
raw/unesco-ram-dq-evid-04-p01.error.txt,6E5428A71B5386F7708F2459B011A4C1BB9759980A8D76D18512CFBFACA8CEF6,104
raw/unesco-ram-dq-evid-04-p01.headers,E3B0C44298FC1C149AFBF4C8996FB92427AE41E4649B934CA495991B7852B855,0
raw/unesco-ram-dq-evid-04-p02.body,E3B0C44298FC1C149AFBF4C8996FB92427AE41E4649B934CA495991B7852B855,0
raw/unesco-ram-dq-evid-04-p02.error.txt,6E5428A71B5386F7708F2459B011A4C1BB9759980A8D76D18512CFBFACA8CEF6,104
raw/unesco-ram-dq-evid-04-p02.headers,E3B0C44298FC1C149AFBF4C8996FB92427AE41E4649B934CA495991B7852B855,0
raw/unesco-ram-dq-evid-05-p01.body,E3B0C44298FC1C149AFBF4C8996FB92427AE41E4649B934CA495991B7852B855,0
raw/unesco-ram-dq-evid-05-p01.error.txt,6E5428A71B5386F7708F2459B011A4C1BB9759980A8D76D18512CFBFACA8CEF6,104
raw/unesco-ram-dq-evid-05-p01.headers,E3B0C44298FC1C149AFBF4C8996FB92427AE41E4649B934CA495991B7852B855,0
raw/unesco-ram-dq-evid-05-p02.body,E3B0C44298FC1C149AFBF4C8996FB92427AE41E4649B934CA495991B7852B855,0
raw/unesco-ram-dq-evid-05-p02.error.txt,6E5428A71B5386F7708F2459B011A4C1BB9759980A8D76D18512CFBFACA8CEF6,104
raw/unesco-ram-dq-evid-05-p02.headers,E3B0C44298FC1C149AFBF4C8996FB92427AE41E4649B934CA495991B7852B855,0
raw/unesco-ram-dq-impl-01-p01.body,E3B0C44298FC1C149AFBF4C8996FB92427AE41E4649B934CA495991B7852B855,0
raw/unesco-ram-dq-impl-01-p01.error.txt,6E5428A71B5386F7708F2459B011A4C1BB9759980A8D76D18512CFBFACA8CEF6,104
raw/unesco-ram-dq-impl-01-p01.headers,E3B0C44298FC1C149AFBF4C8996FB92427AE41E4649B934CA495991B7852B855,0
raw/unesco-ram-dq-impl-01-p02.body,E3B0C44298FC1C149AFBF4C8996FB92427AE41E4649B934CA495991B7852B855,0
raw/unesco-ram-dq-impl-01-p02.error.txt,6E5428A71B5386F7708F2459B011A4C1BB9759980A8D76D18512CFBFACA8CEF6,104
raw/unesco-ram-dq-impl-01-p02.headers,E3B0C44298FC1C149AFBF4C8996FB92427AE41E4649B934CA495991B7852B855,0
raw/unesco-ram-dq-impl-02-p01.body,E3B0C44298FC1C149AFBF4C8996FB92427AE41E4649B934CA495991B7852B855,0
raw/unesco-ram-dq-impl-02-p01.error.txt,6E5428A71B5386F7708F2459B011A4C1BB9759980A8D76D18512CFBFACA8CEF6,104
raw/unesco-ram-dq-impl-02-p01.headers,E3B0C44298FC1C149AFBF4C8996FB92427AE41E4649B934CA495991B7852B855,0
raw/unesco-ram-dq-impl-02-p02.body,E3B0C44298FC1C149AFBF4C8996FB92427AE41E4649B934CA495991B7852B855,0
raw/unesco-ram-dq-impl-02-p02.error.txt,6E5428A71B5386F7708F2459B011A4C1BB9759980A8D76D18512CFBFACA8CEF6,104
raw/unesco-ram-dq-impl-02-p02.headers,E3B0C44298FC1C149AFBF4C8996FB92427AE41E4649B934CA495991B7852B855,0
raw/unesco-ram-dq-impl-03-p01.body,E3B0C44298FC1C149AFBF4C8996FB92427AE41E4649B934CA495991B7852B855,0
raw/unesco-ram-dq-impl-03-p01.error.txt,6E5428A71B5386F7708F2459B011A4C1BB9759980A8D76D18512CFBFACA8CEF6,104
raw/unesco-ram-dq-impl-03-p01.headers,E3B0C44298FC1C149AFBF4C8996FB92427AE41E4649B934CA495991B7852B855,0
raw/unesco-ram-dq-impl-03-p02.body,E3B0C44298FC1C149AFBF4C8996FB92427AE41E4649B934CA495991B7852B855,0
raw/unesco-ram-dq-impl-03-p02.error.txt,6E5428A71B5386F7708F2459B011A4C1BB9759980A8D76D18512CFBFACA8CEF6,104
raw/unesco-ram-dq-impl-03-p02.headers,E3B0C44298FC1C149AFBF4C8996FB92427AE41E4649B934CA495991B7852B855,0
raw/unesco-ram-dq-impl-04-p01.body,E3B0C44298FC1C149AFBF4C8996FB92427AE41E4649B934CA495991B7852B855,0
raw/unesco-ram-dq-impl-04-p01.error.txt,6E5428A71B5386F7708F2459B011A4C1BB9759980A8D76D18512CFBFACA8CEF6,104
raw/unesco-ram-dq-impl-04-p01.headers,E3B0C44298FC1C149AFBF4C8996FB92427AE41E4649B934CA495991B7852B855,0
raw/unesco-ram-dq-impl-04-p02.body,E3B0C44298FC1C149AFBF4C8996FB92427AE41E4649B934CA495991B7852B855,0
raw/unesco-ram-dq-impl-04-p02.error.txt,6E5428A71B5386F7708F2459B011A4C1BB9759980A8D76D18512CFBFACA8CEF6,104
raw/unesco-ram-dq-impl-04-p02.headers,E3B0C44298FC1C149AFBF4C8996FB92427AE41E4649B934CA495991B7852B855,0
raw/unesco-ram-dq-impl-05-p01.body,E3B0C44298FC1C149AFBF4C8996FB92427AE41E4649B934CA495991B7852B855,0
raw/unesco-ram-dq-impl-05-p01.error.txt,778D468E064063C174EC2A579494404F6B049380AF37644E37DCA12DD46F41C1,71
raw/unesco-ram-dq-impl-05-p01.headers,E3B0C44298FC1C149AFBF4C8996FB92427AE41E4649B934CA495991B7852B855,0
raw/unesco-ram-dq-impl-05-p02.body,E3B0C44298FC1C149AFBF4C8996FB92427AE41E4649B934CA495991B7852B855,0
raw/unesco-ram-dq-impl-05-p02.error.txt,6E5428A71B5386F7708F2459B011A4C1BB9759980A8D76D18512CFBFACA8CEF6,104
raw/unesco-ram-dq-impl-05-p02.headers,E3B0C44298FC1C149AFBF4C8996FB92427AE41E4649B934CA495991B7852B855,0
raw/unesco-ram-dq-tool-01-p01.body,E3B0C44298FC1C149AFBF4C8996FB92427AE41E4649B934CA495991B7852B855,0
raw/unesco-ram-dq-tool-01-p01.error.txt,6E5428A71B5386F7708F2459B011A4C1BB9759980A8D76D18512CFBFACA8CEF6,104
raw/unesco-ram-dq-tool-01-p01.headers,E3B0C44298FC1C149AFBF4C8996FB92427AE41E4649B934CA495991B7852B855,0
raw/unesco-ram-dq-tool-01-p02.body,E3B0C44298FC1C149AFBF4C8996FB92427AE41E4649B934CA495991B7852B855,0
raw/unesco-ram-dq-tool-01-p02.error.txt,6E5428A71B5386F7708F2459B011A4C1BB9759980A8D76D18512CFBFACA8CEF6,104
raw/unesco-ram-dq-tool-01-p02.headers,E3B0C44298FC1C149AFBF4C8996FB92427AE41E4649B934CA495991B7852B855,0
raw/unesco-ram-dq-tool-02-p01.body,E3B0C44298FC1C149AFBF4C8996FB92427AE41E4649B934CA495991B7852B855,0
raw/unesco-ram-dq-tool-02-p01.error.txt,6E5428A71B5386F7708F2459B011A4C1BB9759980A8D76D18512CFBFACA8CEF6,104
raw/unesco-ram-dq-tool-02-p01.headers,E3B0C44298FC1C149AFBF4C8996FB92427AE41E4649B934CA495991B7852B855,0
raw/unesco-ram-dq-tool-02-p02.body,E3B0C44298FC1C149AFBF4C8996FB92427AE41E4649B934CA495991B7852B855,0
raw/unesco-ram-dq-tool-02-p02.error.txt,6E5428A71B5386F7708F2459B011A4C1BB9759980A8D76D18512CFBFACA8CEF6,104
raw/unesco-ram-dq-tool-02-p02.headers,E3B0C44298FC1C149AFBF4C8996FB92427AE41E4649B934CA495991B7852B855,0
raw/who-vnm-dq-evid-01-p01.body,2A6B62D815A4F74230B43A63BF8BDAC2A429C56E45109CFA119772F3D7ECFDE2,62426
raw/who-vnm-dq-evid-01-p01.error.txt,7E85CFAF756D19A11613EF6F17C9561FBB481668A6662D8A166A2FC4FE60ADB6,20
raw/who-vnm-dq-evid-01-p01.headers,C0401F188008D68591012ED62F32FB0F3E7E4EEB33FC80BE19F045637D965914,9804
raw/who-vnm-dq-evid-01-p02.body,2A6B62D815A4F74230B43A63BF8BDAC2A429C56E45109CFA119772F3D7ECFDE2,62426
raw/who-vnm-dq-evid-01-p02.error.txt,7E85CFAF756D19A11613EF6F17C9561FBB481668A6662D8A166A2FC4FE60ADB6,20
raw/who-vnm-dq-evid-01-p02.headers,992C1BEFDCF39187BB057AD229C8158A957A047B2AAE72A94339F590A761E7DC,9804
raw/who-vnm-dq-evid-01-p03.body,9E0E10B8826BDA04637B589D9D353811908E6DECB3661DFC7797D150B2B409AD,62426
raw/who-vnm-dq-evid-01-p03.error.txt,7E85CFAF756D19A11613EF6F17C9561FBB481668A6662D8A166A2FC4FE60ADB6,20
raw/who-vnm-dq-evid-01-p03.headers,D432875A05F8132DC800C22EB6EB61D21C3AE71ED419EDB1D49E98F677B33900,9949
raw/who-vnm-dq-evid-01-p04.body,9E0E10B8826BDA04637B589D9D353811908E6DECB3661DFC7797D150B2B409AD,62426
raw/who-vnm-dq-evid-01-p04.error.txt,7E85CFAF756D19A11613EF6F17C9561FBB481668A6662D8A166A2FC4FE60ADB6,20
raw/who-vnm-dq-evid-01-p04.headers,99E9AF627D495E5345B63935BC6DB2E7F43EA06127B6223494E5A916A3D9536E,9949
raw/who-vnm-dq-evid-01-p05.body,9E0E10B8826BDA04637B589D9D353811908E6DECB3661DFC7797D150B2B409AD,62426
raw/who-vnm-dq-evid-01-p05.error.txt,7E85CFAF756D19A11613EF6F17C9561FBB481668A6662D8A166A2FC4FE60ADB6,20
raw/who-vnm-dq-evid-01-p05.headers,0B7E596B05E3E2C74EC8DB4D782E8F46F88EE3CE06C083B5CB8BC7E8C9137687,9949
raw/who-vnm-dq-evid-02-p01.body,2A6B62D815A4F74230B43A63BF8BDAC2A429C56E45109CFA119772F3D7ECFDE2,62426
raw/who-vnm-dq-evid-02-p01.error.txt,7E85CFAF756D19A11613EF6F17C9561FBB481668A6662D8A166A2FC4FE60ADB6,20
raw/who-vnm-dq-evid-02-p01.headers,3379DEBF57AE4DE933563D694EE562B77F2E464E18F18AE92A999F34200EFB56,9804
raw/who-vnm-dq-evid-02-p02.body,2A6B62D815A4F74230B43A63BF8BDAC2A429C56E45109CFA119772F3D7ECFDE2,62426
raw/who-vnm-dq-evid-02-p02.error.txt,7E85CFAF756D19A11613EF6F17C9561FBB481668A6662D8A166A2FC4FE60ADB6,20
raw/who-vnm-dq-evid-02-p02.headers,5CFD518D347BF46D5EC7747D5E880DA44DCB6F747DE3C65AF2BD372EE5AA3570,9804
raw/who-vnm-dq-evid-02-p03.body,9E0E10B8826BDA04637B589D9D353811908E6DECB3661DFC7797D150B2B409AD,62426
raw/who-vnm-dq-evid-02-p03.error.txt,7E85CFAF756D19A11613EF6F17C9561FBB481668A6662D8A166A2FC4FE60ADB6,20
raw/who-vnm-dq-evid-02-p03.headers,12A3CBCA290548C75EC7EAFD05F854C42AE81BEB2E47D3B05ED1E945CA3F08D8,9949
raw/who-vnm-dq-evid-02-p04.body,9E0E10B8826BDA04637B589D9D353811908E6DECB3661DFC7797D150B2B409AD,62426
raw/who-vnm-dq-evid-02-p04.error.txt,7E85CFAF756D19A11613EF6F17C9561FBB481668A6662D8A166A2FC4FE60ADB6,20
raw/who-vnm-dq-evid-02-p04.headers,8F0C3596FD148DDCECD0E355E0327037433B8D5671BA5D05A73363E63933C0CF,9949
raw/who-vnm-dq-evid-02-p05.body,9E0E10B8826BDA04637B589D9D353811908E6DECB3661DFC7797D150B2B409AD,62426
raw/who-vnm-dq-evid-02-p05.error.txt,7E85CFAF756D19A11613EF6F17C9561FBB481668A6662D8A166A2FC4FE60ADB6,20
raw/who-vnm-dq-evid-02-p05.headers,EC40111AC9DFDC763507AD288E14730E542B1D7B51D65E3E923C4FBA03FBEF38,9949
raw/who-vnm-dq-evid-03-p01.body,2A6B62D815A4F74230B43A63BF8BDAC2A429C56E45109CFA119772F3D7ECFDE2,62426
raw/who-vnm-dq-evid-03-p01.error.txt,7E85CFAF756D19A11613EF6F17C9561FBB481668A6662D8A166A2FC4FE60ADB6,20
raw/who-vnm-dq-evid-03-p01.headers,B0778A64A4D005AF4611FE1025E0917E3B5CFE687278822CC74C379D58310094,9804
raw/who-vnm-dq-evid-03-p02.body,2A6B62D815A4F74230B43A63BF8BDAC2A429C56E45109CFA119772F3D7ECFDE2,62426
raw/who-vnm-dq-evid-03-p02.error.txt,7E85CFAF756D19A11613EF6F17C9561FBB481668A6662D8A166A2FC4FE60ADB6,20
raw/who-vnm-dq-evid-03-p02.headers,F44CDDFBF14870E43B03D9F6C876F7D2A2FDC406AB21C75775E5E42B5200AF4E,9804
raw/who-vnm-dq-evid-03-p03.body,9E0E10B8826BDA04637B589D9D353811908E6DECB3661DFC7797D150B2B409AD,62426
raw/who-vnm-dq-evid-03-p03.error.txt,7E85CFAF756D19A11613EF6F17C9561FBB481668A6662D8A166A2FC4FE60ADB6,20
raw/who-vnm-dq-evid-03-p03.headers,05424FB201E3DBD093E196305CDC8A3B18FAAD4E41F63912FF27C52EEA38369C,9949
raw/who-vnm-dq-evid-03-p04.body,9E0E10B8826BDA04637B589D9D353811908E6DECB3661DFC7797D150B2B409AD,62426
raw/who-vnm-dq-evid-03-p04.error.txt,7E85CFAF756D19A11613EF6F17C9561FBB481668A6662D8A166A2FC4FE60ADB6,20
raw/who-vnm-dq-evid-03-p04.headers,CB85107FF10FF695E0D4D86A693EBC127F28D0E3D33C02156AAF4EE48608ED6C,9949
raw/who-vnm-dq-evid-03-p05.body,9E0E10B8826BDA04637B589D9D353811908E6DECB3661DFC7797D150B2B409AD,62426
raw/who-vnm-dq-evid-03-p05.error.txt,7E85CFAF756D19A11613EF6F17C9561FBB481668A6662D8A166A2FC4FE60ADB6,20
raw/who-vnm-dq-evid-03-p05.headers,ADCCD0B6C2CB5A5A6FA27C9DEDD34D858A79DE4F3CDEEADADEE478249A049A6F,9949
raw/who-vnm-dq-evid-04-p01.body,2A6B62D815A4F74230B43A63BF8BDAC2A429C56E45109CFA119772F3D7ECFDE2,62426
raw/who-vnm-dq-evid-04-p01.error.txt,7E85CFAF756D19A11613EF6F17C9561FBB481668A6662D8A166A2FC4FE60ADB6,20
raw/who-vnm-dq-evid-04-p01.headers,F7E26F196F36F5FE5E47EB5FC55818553140B7CF9FEFE3DBDAB994BA28B55F11,9804
raw/who-vnm-dq-evid-04-p02.body,2A6B62D815A4F74230B43A63BF8BDAC2A429C56E45109CFA119772F3D7ECFDE2,62426
raw/who-vnm-dq-evid-04-p02.error.txt,7E85CFAF756D19A11613EF6F17C9561FBB481668A6662D8A166A2FC4FE60ADB6,20
raw/who-vnm-dq-evid-04-p02.headers,902020CC3EEE1AC50F5B7A9ACC85BD32F6E4CF65240A9D5F88F25D85CB42B1B2,9804
raw/who-vnm-dq-evid-04-p03.body,9E0E10B8826BDA04637B589D9D353811908E6DECB3661DFC7797D150B2B409AD,62426
raw/who-vnm-dq-evid-04-p03.error.txt,7E85CFAF756D19A11613EF6F17C9561FBB481668A6662D8A166A2FC4FE60ADB6,20
raw/who-vnm-dq-evid-04-p03.headers,2ED7857BB30DBFF320DA285789A2902F43C5F87D0534232B93C813685923DE6F,9949
raw/who-vnm-dq-evid-04-p04.body,9E0E10B8826BDA04637B589D9D353811908E6DECB3661DFC7797D150B2B409AD,62426
raw/who-vnm-dq-evid-04-p04.error.txt,7E85CFAF756D19A11613EF6F17C9561FBB481668A6662D8A166A2FC4FE60ADB6,20
raw/who-vnm-dq-evid-04-p04.headers,B8952FDCE3DED25EE914927A0218DD407913DFD4367A08A77BF4983F09223A4F,9949
raw/who-vnm-dq-evid-04-p05.body,9E0E10B8826BDA04637B589D9D353811908E6DECB3661DFC7797D150B2B409AD,62426
raw/who-vnm-dq-evid-04-p05.error.txt,7E85CFAF756D19A11613EF6F17C9561FBB481668A6662D8A166A2FC4FE60ADB6,20
raw/who-vnm-dq-evid-04-p05.headers,1A4F0590595BC952ACCD234F8579DEDC73CB7A2BB626877A65B9DAC32A133CB3,9949
raw/who-vnm-dq-evid-05-p01.body,2A6B62D815A4F74230B43A63BF8BDAC2A429C56E45109CFA119772F3D7ECFDE2,62426
raw/who-vnm-dq-evid-05-p01.error.txt,7E85CFAF756D19A11613EF6F17C9561FBB481668A6662D8A166A2FC4FE60ADB6,20
raw/who-vnm-dq-evid-05-p01.headers,0A69E8EDDF5831BB80011FEA954D14B68417AC0DF937251DD1BC8547A61BB5CF,9804
raw/who-vnm-dq-evid-05-p02.body,2A6B62D815A4F74230B43A63BF8BDAC2A429C56E45109CFA119772F3D7ECFDE2,62426
raw/who-vnm-dq-evid-05-p02.error.txt,7E85CFAF756D19A11613EF6F17C9561FBB481668A6662D8A166A2FC4FE60ADB6,20
raw/who-vnm-dq-evid-05-p02.headers,23B8FE3DC5948CDAF8DC904EF7F3FF1A38734CC80CB83B0C3241C4CDCCA6C2D5,9804
raw/who-vnm-dq-evid-05-p03.body,9E0E10B8826BDA04637B589D9D353811908E6DECB3661DFC7797D150B2B409AD,62426
raw/who-vnm-dq-evid-05-p03.error.txt,7E85CFAF756D19A11613EF6F17C9561FBB481668A6662D8A166A2FC4FE60ADB6,20
raw/who-vnm-dq-evid-05-p03.headers,378A12279FDC2A154146520794212CD5D7F9BA2A83ED5FBEE56695A045CD9DA6,9949
raw/who-vnm-dq-evid-05-p04.body,9E0E10B8826BDA04637B589D9D353811908E6DECB3661DFC7797D150B2B409AD,62426
raw/who-vnm-dq-evid-05-p04.error.txt,7E85CFAF756D19A11613EF6F17C9561FBB481668A6662D8A166A2FC4FE60ADB6,20
raw/who-vnm-dq-evid-05-p04.headers,3CAAFBDFC0E0705F649C5045E3C3399A6955308203819587DECBC27C92AEED42,9949
raw/who-vnm-dq-evid-05-p05.body,9E0E10B8826BDA04637B589D9D353811908E6DECB3661DFC7797D150B2B409AD,62426
raw/who-vnm-dq-evid-05-p05.error.txt,7E85CFAF756D19A11613EF6F17C9561FBB481668A6662D8A166A2FC4FE60ADB6,20
raw/who-vnm-dq-evid-05-p05.headers,D41442A781C324A811C88FB65A38F0ADC10252AB03D93B1328C10F2E94775765,9949
raw/who-vnm-dq-impl-01-p01.body,2A6B62D815A4F74230B43A63BF8BDAC2A429C56E45109CFA119772F3D7ECFDE2,62426
raw/who-vnm-dq-impl-01-p01.error.txt,7E85CFAF756D19A11613EF6F17C9561FBB481668A6662D8A166A2FC4FE60ADB6,20
raw/who-vnm-dq-impl-01-p01.headers,F53630AC899E40D61B64419A1745015C9F7CFEC6F4AFDE35D8D1BB1FE25E46E5,9783
raw/who-vnm-dq-impl-01-p02.body,2A6B62D815A4F74230B43A63BF8BDAC2A429C56E45109CFA119772F3D7ECFDE2,62426
raw/who-vnm-dq-impl-01-p02.error.txt,7E85CFAF756D19A11613EF6F17C9561FBB481668A6662D8A166A2FC4FE60ADB6,20
raw/who-vnm-dq-impl-01-p02.headers,E78A60E050E3E447FAD8308A9FFF9A50E4B12B4316BC3415C5B8174AB4A98177,9804
raw/who-vnm-dq-impl-01-p03.body,9E0E10B8826BDA04637B589D9D353811908E6DECB3661DFC7797D150B2B409AD,62426
raw/who-vnm-dq-impl-01-p03.error.txt,7E85CFAF756D19A11613EF6F17C9561FBB481668A6662D8A166A2FC4FE60ADB6,20
raw/who-vnm-dq-impl-01-p03.headers,953540FF458682E9AE1D2DABEE42DCDF15A6884381D0C7795E9764F37CAFB70E,9928
raw/who-vnm-dq-impl-01-p04.body,9E0E10B8826BDA04637B589D9D353811908E6DECB3661DFC7797D150B2B409AD,62426
raw/who-vnm-dq-impl-01-p04.error.txt,7E85CFAF756D19A11613EF6F17C9561FBB481668A6662D8A166A2FC4FE60ADB6,20
raw/who-vnm-dq-impl-01-p04.headers,FFC6D4D2256E1523EE9DB3643B382D3AAAE743A17B04C1CB4A6962AF2979D065,9949
raw/who-vnm-dq-impl-01-p05.body,9E0E10B8826BDA04637B589D9D353811908E6DECB3661DFC7797D150B2B409AD,62426
raw/who-vnm-dq-impl-01-p05.error.txt,7E85CFAF756D19A11613EF6F17C9561FBB481668A6662D8A166A2FC4FE60ADB6,20
raw/who-vnm-dq-impl-01-p05.headers,4EFC99CD4CA66783FD7ECA83BC7EC475D128C79E3EED6E1D6B023A8225DF07C6,9949
raw/who-vnm-dq-impl-02-p01.body,2A6B62D815A4F74230B43A63BF8BDAC2A429C56E45109CFA119772F3D7ECFDE2,62426
raw/who-vnm-dq-impl-02-p01.error.txt,7E85CFAF756D19A11613EF6F17C9561FBB481668A6662D8A166A2FC4FE60ADB6,20
raw/who-vnm-dq-impl-02-p01.headers,6F3C8D3284E598F033AC389ECA4B2AD576FD3C5B94FF3691663C8A079E0C47B8,9804
raw/who-vnm-dq-impl-02-p02.body,2A6B62D815A4F74230B43A63BF8BDAC2A429C56E45109CFA119772F3D7ECFDE2,62426
raw/who-vnm-dq-impl-02-p02.error.txt,7E85CFAF756D19A11613EF6F17C9561FBB481668A6662D8A166A2FC4FE60ADB6,20
raw/who-vnm-dq-impl-02-p02.headers,567FE2C617E3AA10C058058350B8E22111FAEE99801B900BEBD4EA1506212CA9,9804
raw/who-vnm-dq-impl-02-p03.body,9E0E10B8826BDA04637B589D9D353811908E6DECB3661DFC7797D150B2B409AD,62426
raw/who-vnm-dq-impl-02-p03.error.txt,7E85CFAF756D19A11613EF6F17C9561FBB481668A6662D8A166A2FC4FE60ADB6,20
raw/who-vnm-dq-impl-02-p03.headers,CCDAADEF1316E21528B237EBD186B2BA84F79C3E6DA2FE0A312B374E4B1C0157,9949
raw/who-vnm-dq-impl-02-p04.body,9E0E10B8826BDA04637B589D9D353811908E6DECB3661DFC7797D150B2B409AD,62426
raw/who-vnm-dq-impl-02-p04.error.txt,7E85CFAF756D19A11613EF6F17C9561FBB481668A6662D8A166A2FC4FE60ADB6,20
raw/who-vnm-dq-impl-02-p04.headers,736E214BAD7A590D075CD0D5337A63C0AF8814E8BF1A25C6E12A5209294A44F2,9949
raw/who-vnm-dq-impl-02-p05.body,9E0E10B8826BDA04637B589D9D353811908E6DECB3661DFC7797D150B2B409AD,62426
raw/who-vnm-dq-impl-02-p05.error.txt,7E85CFAF756D19A11613EF6F17C9561FBB481668A6662D8A166A2FC4FE60ADB6,20
raw/who-vnm-dq-impl-02-p05.headers,B9451859505638A323C49833A4C6BEE2C4169786E926E1CFA25C806010C08512,9949
raw/who-vnm-dq-impl-03-p01.body,2A6B62D815A4F74230B43A63BF8BDAC2A429C56E45109CFA119772F3D7ECFDE2,62426
raw/who-vnm-dq-impl-03-p01.error.txt,7E85CFAF756D19A11613EF6F17C9561FBB481668A6662D8A166A2FC4FE60ADB6,20
raw/who-vnm-dq-impl-03-p01.headers,0E3E93ED88476EF9070D72A0146B45B467B1784A5A527FCAC8D189E2DFC6041D,9804
raw/who-vnm-dq-impl-03-p02.body,2A6B62D815A4F74230B43A63BF8BDAC2A429C56E45109CFA119772F3D7ECFDE2,62426
raw/who-vnm-dq-impl-03-p02.error.txt,7E85CFAF756D19A11613EF6F17C9561FBB481668A6662D8A166A2FC4FE60ADB6,20
raw/who-vnm-dq-impl-03-p02.headers,2695DE9C1F592FF0F2C5AA0C3CC907F08B0585EE834558C099D68BDA586495AF,9804
raw/who-vnm-dq-impl-03-p03.body,9E0E10B8826BDA04637B589D9D353811908E6DECB3661DFC7797D150B2B409AD,62426
raw/who-vnm-dq-impl-03-p03.error.txt,7E85CFAF756D19A11613EF6F17C9561FBB481668A6662D8A166A2FC4FE60ADB6,20
raw/who-vnm-dq-impl-03-p03.headers,23ECBA9A15A4CEACA3ACB9A4D9EA07F39139B501EA3A8993AD53BB48CB5CD3AF,9949
raw/who-vnm-dq-impl-03-p04.body,9E0E10B8826BDA04637B589D9D353811908E6DECB3661DFC7797D150B2B409AD,62426
raw/who-vnm-dq-impl-03-p04.error.txt,7E85CFAF756D19A11613EF6F17C9561FBB481668A6662D8A166A2FC4FE60ADB6,20
raw/who-vnm-dq-impl-03-p04.headers,56D96E9E5601B82D6045206585BD6D073094E9C8DB6BDD31A0A0B9D44CFE75F1,9949
raw/who-vnm-dq-impl-03-p05.body,9E0E10B8826BDA04637B589D9D353811908E6DECB3661DFC7797D150B2B409AD,62426
raw/who-vnm-dq-impl-03-p05.error.txt,7E85CFAF756D19A11613EF6F17C9561FBB481668A6662D8A166A2FC4FE60ADB6,20
raw/who-vnm-dq-impl-03-p05.headers,76BDA458ED0C6820675BA0DE4C52933B76F26951587E7801C259C18CF4BEE70B,9949
raw/who-vnm-dq-impl-04-p01.body,2A6B62D815A4F74230B43A63BF8BDAC2A429C56E45109CFA119772F3D7ECFDE2,62426
raw/who-vnm-dq-impl-04-p01.error.txt,7E85CFAF756D19A11613EF6F17C9561FBB481668A6662D8A166A2FC4FE60ADB6,20
raw/who-vnm-dq-impl-04-p01.headers,C530177BEDE8CA208FDA64CCF79E13247755FA9AA3A6A01C901285666F53FC9A,9804
raw/who-vnm-dq-impl-04-p02.body,2A6B62D815A4F74230B43A63BF8BDAC2A429C56E45109CFA119772F3D7ECFDE2,62426
raw/who-vnm-dq-impl-04-p02.error.txt,7E85CFAF756D19A11613EF6F17C9561FBB481668A6662D8A166A2FC4FE60ADB6,20
raw/who-vnm-dq-impl-04-p02.headers,746B862CDE54195D8E4336EB98F6E163AEBDC56BE5E568D0BE4D4CC76E9199C6,9804
raw/who-vnm-dq-impl-04-p03.body,9E0E10B8826BDA04637B589D9D353811908E6DECB3661DFC7797D150B2B409AD,62426
raw/who-vnm-dq-impl-04-p03.error.txt,7E85CFAF756D19A11613EF6F17C9561FBB481668A6662D8A166A2FC4FE60ADB6,20
raw/who-vnm-dq-impl-04-p03.headers,E7E7EF51E3C41A27EE5660CD29A8EAC754885B149C301B05A238F98B4912FFEB,9949
raw/who-vnm-dq-impl-04-p04.body,9E0E10B8826BDA04637B589D9D353811908E6DECB3661DFC7797D150B2B409AD,62426
raw/who-vnm-dq-impl-04-p04.error.txt,7E85CFAF756D19A11613EF6F17C9561FBB481668A6662D8A166A2FC4FE60ADB6,20
raw/who-vnm-dq-impl-04-p04.headers,9F5C7D2FC37829991E857C3C88CDC516975BC2ECD8B2F3B56226F00ABBBD3ADF,9949
raw/who-vnm-dq-impl-04-p05.body,9E0E10B8826BDA04637B589D9D353811908E6DECB3661DFC7797D150B2B409AD,62426
raw/who-vnm-dq-impl-04-p05.error.txt,7E85CFAF756D19A11613EF6F17C9561FBB481668A6662D8A166A2FC4FE60ADB6,20
raw/who-vnm-dq-impl-04-p05.headers,47C10882D89B0941D989014DE0FC8623405E8943F50E3DF77C0C5F1810668B67,9949
raw/who-vnm-dq-impl-05-p01.body,2A6B62D815A4F74230B43A63BF8BDAC2A429C56E45109CFA119772F3D7ECFDE2,62426
raw/who-vnm-dq-impl-05-p01.error.txt,7E85CFAF756D19A11613EF6F17C9561FBB481668A6662D8A166A2FC4FE60ADB6,20
raw/who-vnm-dq-impl-05-p01.headers,942B602EAE9A3849C7BC9D7598818F97D55FCC8FDBB5BB7043176A4715AF55C1,9804
raw/who-vnm-dq-impl-05-p02.body,2A6B62D815A4F74230B43A63BF8BDAC2A429C56E45109CFA119772F3D7ECFDE2,62426
raw/who-vnm-dq-impl-05-p02.error.txt,7E85CFAF756D19A11613EF6F17C9561FBB481668A6662D8A166A2FC4FE60ADB6,20
raw/who-vnm-dq-impl-05-p02.headers,1D266257C3C93CCC95262932AF43A89935B748558FE1065931CFD31A976FD226,9804
raw/who-vnm-dq-impl-05-p03.body,9E0E10B8826BDA04637B589D9D353811908E6DECB3661DFC7797D150B2B409AD,62426
raw/who-vnm-dq-impl-05-p03.error.txt,7E85CFAF756D19A11613EF6F17C9561FBB481668A6662D8A166A2FC4FE60ADB6,20
raw/who-vnm-dq-impl-05-p03.headers,9ADA52975121860E39531B7B2FB66433A087E8BB491433CF178A34EF95CEF8D2,9949
raw/who-vnm-dq-impl-05-p04.body,9E0E10B8826BDA04637B589D9D353811908E6DECB3661DFC7797D150B2B409AD,62426
raw/who-vnm-dq-impl-05-p04.error.txt,7E85CFAF756D19A11613EF6F17C9561FBB481668A6662D8A166A2FC4FE60ADB6,20
raw/who-vnm-dq-impl-05-p04.headers,8C3B4D09CE62401B5E6BF8192FDAE84D4CE1DB8CDF7A33354EAD2A44CCF7CB05,9949
raw/who-vnm-dq-impl-05-p05.body,9E0E10B8826BDA04637B589D9D353811908E6DECB3661DFC7797D150B2B409AD,62426
raw/who-vnm-dq-impl-05-p05.error.txt,7E85CFAF756D19A11613EF6F17C9561FBB481668A6662D8A166A2FC4FE60ADB6,20
raw/who-vnm-dq-impl-05-p05.headers,B7C6DC9E738F1E2284074652377D74E41F4685E97E1F7A7CCE1D926FDBDCB411,9949
raw/who-vnm-dq-tool-01-p01.body,2A6B62D815A4F74230B43A63BF8BDAC2A429C56E45109CFA119772F3D7ECFDE2,62426
raw/who-vnm-dq-tool-01-p01.error.txt,7E85CFAF756D19A11613EF6F17C9561FBB481668A6662D8A166A2FC4FE60ADB6,20
raw/who-vnm-dq-tool-01-p01.headers,B4FECFA35E96C21E3D679A9B1F91207C918543D636DF56F8AE02877F04CE645C,9804
raw/who-vnm-dq-tool-01-p02.body,2A6B62D815A4F74230B43A63BF8BDAC2A429C56E45109CFA119772F3D7ECFDE2,62426
raw/who-vnm-dq-tool-01-p02.error.txt,7E85CFAF756D19A11613EF6F17C9561FBB481668A6662D8A166A2FC4FE60ADB6,20
raw/who-vnm-dq-tool-01-p02.headers,5DFC99488F24B6D03CB5E0844D7C23B9A5A677B0BF897646C31181977F5F0959,9804
raw/who-vnm-dq-tool-01-p03.body,9E0E10B8826BDA04637B589D9D353811908E6DECB3661DFC7797D150B2B409AD,62426
raw/who-vnm-dq-tool-01-p03.error.txt,7E85CFAF756D19A11613EF6F17C9561FBB481668A6662D8A166A2FC4FE60ADB6,20
raw/who-vnm-dq-tool-01-p03.headers,362796737A122EE4C06F10D38171FCCA0C70946764A6AAE5A5A5F58CE4761C27,9949
raw/who-vnm-dq-tool-01-p04.body,9E0E10B8826BDA04637B589D9D353811908E6DECB3661DFC7797D150B2B409AD,62426
raw/who-vnm-dq-tool-01-p04.error.txt,7E85CFAF756D19A11613EF6F17C9561FBB481668A6662D8A166A2FC4FE60ADB6,20
raw/who-vnm-dq-tool-01-p04.headers,BDE69146A88C4510F4206B1E46C7006B436F838C8E0EF157EE2AC25CA3CD6819,9949
raw/who-vnm-dq-tool-01-p05.body,9E0E10B8826BDA04637B589D9D353811908E6DECB3661DFC7797D150B2B409AD,62426
raw/who-vnm-dq-tool-01-p05.error.txt,7E85CFAF756D19A11613EF6F17C9561FBB481668A6662D8A166A2FC4FE60ADB6,20
raw/who-vnm-dq-tool-01-p05.headers,363AA734A7CD5B2E5ACBA62FE390FCE09AB74747F6AB0BBE4A027A6C22F31127,9949
raw/who-vnm-dq-tool-02-p01.body,2A6B62D815A4F74230B43A63BF8BDAC2A429C56E45109CFA119772F3D7ECFDE2,62426
raw/who-vnm-dq-tool-02-p01.error.txt,7E85CFAF756D19A11613EF6F17C9561FBB481668A6662D8A166A2FC4FE60ADB6,20
raw/who-vnm-dq-tool-02-p01.headers,4DB042588CBE1DB3DB3E5668EEF5D5091603108FAEFB611E73ABBC17C375BA27,9804
raw/who-vnm-dq-tool-02-p02.body,2A6B62D815A4F74230B43A63BF8BDAC2A429C56E45109CFA119772F3D7ECFDE2,62426
raw/who-vnm-dq-tool-02-p02.error.txt,7E85CFAF756D19A11613EF6F17C9561FBB481668A6662D8A166A2FC4FE60ADB6,20
raw/who-vnm-dq-tool-02-p02.headers,42333CC954EE36105EF739E4F9BF52F158210BCC5300CF5021568D7B4D584556,9804
raw/who-vnm-dq-tool-02-p03.body,9E0E10B8826BDA04637B589D9D353811908E6DECB3661DFC7797D150B2B409AD,62426
raw/who-vnm-dq-tool-02-p03.error.txt,7E85CFAF756D19A11613EF6F17C9561FBB481668A6662D8A166A2FC4FE60ADB6,20
raw/who-vnm-dq-tool-02-p03.headers,56BC8F875D66580DA416C55F376A31878DA15ACC900CCE708EBE172392154FA4,9949
raw/who-vnm-dq-tool-02-p04.body,9E0E10B8826BDA04637B589D9D353811908E6DECB3661DFC7797D150B2B409AD,62426
raw/who-vnm-dq-tool-02-p04.error.txt,7E85CFAF756D19A11613EF6F17C9561FBB481668A6662D8A166A2FC4FE60ADB6,20
raw/who-vnm-dq-tool-02-p04.headers,D597AF3C914B7419BE5CBAD418453F8AC65EA4A0579EA66C6EF190785EF820FF,9949
raw/who-vnm-dq-tool-02-p05.body,9E0E10B8826BDA04637B589D9D353811908E6DECB3661DFC7797D150B2B409AD,62426
raw/who-vnm-dq-tool-02-p05.error.txt,7E85CFAF756D19A11613EF6F17C9561FBB481668A6662D8A166A2FC4FE60ADB6,20
raw/who-vnm-dq-tool-02-p05.headers,BC10E1EF40F45BF25A5FA391E29DAE022448EB991D706988931C864A63544BC3,9949
README.md,1C1191C785C4B6BB5177D144FE22F2A3B11A0AF1AC13CABFC5321373EC26CC4B,360
result-source-acquisition-ledger.csv,D1A596089BB9C348ACC304AA5FA633AA22B522968509664A0C5A24241E0AB488,184
result-source-discovery.csv,F0730BF95EA9619FCAA060DD5B34D8D9F1EE9143D777C058BED16273BC774E04,78
run-parameters.json,C181E34B78C573F56CEFAC09118035040FDCD735086897D78A0966AAC38FAC20,994
