channel_id,domain,query_id,position,source_url,title_from_search,description_from_search,status
MOH,moh.gov.vn,DQ-IMPL-01,1,https://moh.gov.vn/index.jsp?pageId=5803&aid=156765&cid=7262,Trí tuệ nhân tạo và tương lai hệ thống Y tế Việt Nam,"Thứ sáu, phát triển nguồn nhân lực y tế số và năng lực quản trị AI. Cần đổi mới đào tạo y khoa theo hướng tích hợp kiến thức về dữ liệu, AI và chuyển đổi số ...",DISCOVERED_UNSCREENED
MOH,moh.gov.vn,DQ-IMPL-01,2,https://moh.gov.vn/index.jsp?pageId=5803&aid=156486&cid=8335,Bộ trưởng Đào Hồng Lan: Đổi mới tư duy để ...,"... quản trị AI phải được đặt đúng vị trí. Cần đổi mới đào tạo y khoa theo hướng tích hợp kiến thức dữ liệu, AI và chuyển đổi số. Đồng thời, đào ...",DISCOVERED_UNSCREENED
MOH,moh.gov.vn,DQ-IMPL-01,3,https://moh.gov.vn/index.jsp?pageId=5803&aid=167780&cid=8641,"Kết luận của Tổng Bí thư, Chủ tịch nước tại cuộc họp cho ...","Chiến lược quy hoạch kế hoạch · Hợp tác quốc tế · Tuyên truyền ... quản trị AI, già hóa dân số, văn hóa, con người, biến đổi khí hậu và ...",DISCOVERED_UNSCREENED
MOH,moh.gov.vn,DQ-IMPL-01,4,https://moh.gov.vn/index.jsp?pageId=5803&aid=168200&cid=8641,Báo chí cách mạng Việt Nam trong thời đại số,"... đạo đức AI và tuân thủ pháp luật về sở hữu trí tuệ. Tổng Bí thư ... dụng AI có trách nhiệm. Đồng thời, kỷ cương báo chí phải được giữ ...",DISCOVERED_UNSCREENED
MOH,moh.gov.vn,DQ-IMPL-01,5,https://adminmoh.moh.gov.vn/web/guest/hoat-dong-cua-lanh-dao-bo?p_p_id=101_INSTANCE_TW6LTp1ZtwaN&p_p_lifecycle=0&p_p_state=normal&p_p_mode=view&p_p_col_id=row-0-column-2&p_p_col_count=2&_101_INSTANCE_TW6LTp1ZtwaN_delta=20&_101_INSTANCE_TW6LTp1ZtwaN_keywords=&_101_INSTANCE_TW6LTp1ZtwaN_advancedSearch=false&_101_INSTANCE_TW6LTp1ZtwaN_andOperator=true&p_r_p_564233524_resetCur=false&_101_INSTANCE_TW6LTp1ZtwaN_cur=28,Hoạt động của lãnh đạo bộ - Cổng thông tin Bộ Y tế,"Thứ trưởng Thường trực Bộ Y tế Vũ Mạnh Hà: Hợp tác chiến lược tiến tới định hình khung quản trị AI y tế toàn cầu, lấy con người làm trung tâm. Thứ Bẩy, ngày ...",DISCOVERED_UNSCREENED
MOH,moh.gov.vn,DQ-IMPL-01,6,https://moh.gov.vn/index.jsp?pageId=5801&cid=7262,Cổng thông tin Bộ Y tế,"... quản trị AI y tế toàn cầu, lấy con người làm trung tâm. 25/10/2025 12:34 AM ... Kế hoạch triển khai thi hành ...",DISCOVERED_UNSCREENED
MOH,moh.gov.vn,DQ-IMPL-01,7,https://vimda.moh.gov.vn/documents/10182/71386576/upload_00001117_1753855581100.pdf?version=1.0&fileId=71409563,MEGA PULSE TOWER 30+ - Thiết bị phẫu thuật với laser ...,Bất kỳ ai có trách nhiệm kết hợp sản phẩm theo một hệ thống đều phải đảm bảo rằng các tính năng hoạt động và các yêu cầu an toàn không bị ...,DISCOVERED_UNSCREENED
MOH,moh.gov.vn,DQ-IMPL-01,8,https://moh.gov.vn/index.jsp?pageId=5801&cid=8351,Cổng thông tin Bộ Y tế,"... quản trị AI y tế toàn cầu, lấy con người làm trung tâm. 25/10/2025 12:34 AM. Thứ trưởng Bộ Y ...",DISCOVERED_UNSCREENED
MOH,moh.gov.vn,DQ-IMPL-02,1,https://moh.gov.vn/index.jsp?pageId=5803&aid=156765&cid=7262,Trí tuệ nhân tạo và tương lai hệ thống Y tế Việt Nam,... bệnh viện và nâng cao chất lượng y tế cơ sở. Mỗi ứng dụng phải đi kèm đánh ... quản trị AI. Cần đổi mới đào tạo y khoa theo hướng tích hợp kiến thức về ...,DISCOVERED_UNSCREENED
MOH,moh.gov.vn,DQ-IMPL-02,2,https://adminmoh.moh.gov.vn/web/guest/hoat-dong-cua-lanh-dao-bo?p_p_id=101_INSTANCE_TW6LTp1ZtwaN&p_p_lifecycle=0&p_p_state=normal&p_p_mode=view&p_p_col_id=row-0-column-2&p_p_col_count=2&_101_INSTANCE_TW6LTp1ZtwaN_delta=20&_101_INSTANCE_TW6LTp1ZtwaN_keywords=&_101_INSTANCE_TW6LTp1ZtwaN_advancedSearch=false&_101_INSTANCE_TW6LTp1ZtwaN_andOperator=true&p_r_p_564233524_resetCur=false&_101_INSTANCE_TW6LTp1ZtwaN_cur=28,Hoạt động của lãnh đạo bộ - Cổng thông tin Bộ Y tế,AI vào cuộc: Tăng cơ hội phát hiện sớm ung thư phổi · Các chi phí khám chữa bệnh được BHYT chi trả · Phát hiện nhiều ca mắc viêm não mô cầu: Bộ Y tế đề nghị đảm ...,DISCOVERED_UNSCREENED
MOH,moh.gov.vn,DQ-IMPL-02,3,https://cds.moh.gov.vn/tin-tuc-tong-hop-chi-tieu-cds/-/asset_publisher/q59FuAXJObVO/content/hoi-thao-ai-y-te-thanh-cong-ra-mat-mang-luoi-v-rhain-va-thuc-ay-cac-giai-phap-ai-y-te-co-trach-nhiem?inheritRedirect=false,"Hội thảo AI y tế thành công, ra mắt Mạng lưới V-RHAIN và ...","... quản trị AI dựa trên bằng chứng và đạo đức. Chương trình đào tạo ... bệnh viện và tuyến y tế cơ sở Việt Nam”. Ông Paul Campbell, Giám đốc Pháp lý ...",DISCOVERED_UNSCREENED
MOH,moh.gov.vn,DQ-IMPL-02,4,https://cds.moh.gov.vn/tin-tuc-tong-hop-chi-tieu-cds/-/asset_publisher/q59FuAXJObVO/content/-inh-hinh-tuong-lai-ai-khong-chi-thong-minh-ve-cong-nghe-ma-con-giau-tinh-nhan-van?inheritRedirect=false,Không chỉ thông minh về công nghệ mà còn giàu tính nhân văn,"... AI có trách nhiệm là hai văn kiện quan trọng thể ... viện, trường trong đánh giá tác động xã hội và đạo đức AI ... Bộ Y tế Phê duyệt danh mục nhiệm vụ đẩy ...",DISCOVERED_UNSCREENED
MOH,moh.gov.vn,DQ-IMPL-02,5,https://moh.gov.vn/index.jsp?pageId=5803&aid=156486&cid=8335,Bộ trưởng Đào Hồng Lan: Đổi mới tư duy để ...,"... bệnh, quản trị bệnh viện và tương tác với người bệnh. Bộ trưởng Bộ Y tế Đào Hồng Lan trò chuyện, động viên người hiến máu tình nguyện. Song ...",DISCOVERED_UNSCREENED
MOH,moh.gov.vn,DQ-IMPL-02,6,https://moh.gov.vn/index.jsp?pageId=5801&cid=7262,Cổng thông tin Bộ Y tế,"... Chuyển đổi số giúp nâng cao hiệu quả chăm sóc người ... quản trị AI y tế toàn cầu, lấy con người làm trung tâm. 25/10/2025 12:34 ...",DISCOVERED_UNSCREENED
MOH,moh.gov.vn,DQ-IMPL-02,7,https://cds.moh.gov.vn/trang-chu/-/asset_publisher/Q71nmz5QU5fE/content/hoi-thao-ai-y-te-thanh-cong-ra-mat-mang-luoi-v-rhain-va-thuc-ay-cac-giai-phap-ai-y-te-co-trach-nhiem?inheritRedirect=false,"Hội thảo AI y tế thành công, ra mắt Mạng lưới V-RHAIN và thúc ...","... quản trị AI dựa trên bằng chứng và đạo đức. ... bệnh viện và tuyến y tế cơ sở Việt Nam”. Ông Paul ... viện/trường và doanh nghiệp, hướng tới triển khai ...",DISCOVERED_UNSCREENED
MOH,moh.gov.vn,DQ-IMPL-02,8,https://adminmoh.moh.gov.vn/web/guest/hoat-dong-cua-lanh-dao-bo/-/asset_publisher/TW6LTp1ZtwaN/content/thu-truong-thuong-truc-bo-y-te-vu-manh-ha-ai-y-te-co-tac-ong-truc-tiep-en-tinh-mang-suc-khoe-va-quyen-loi-cua-nguoi-dan-do-o-viec-trien-khai-phai-than,Thứ trưởng Thường trực Bộ Y tế Vũ Mạnh Hà: AI y tế có tác động ...,"... Cơ sở khám bệnh, chữa bệnh là trụ cột quan trọng ... quản trị AI y tế có trách nhiệm; cũng như cơ chế ... viện, trường và doanh nghiệp sẽ cung cấp ...",DISCOVERED_UNSCREENED
MOH,moh.gov.vn,DQ-IMPL-02,9,https://moh.gov.vn/index.jsp?pageId=5801&cid=8358,Cổng thông tin,"... bệnh tại Bệnh viện Phổi và Bệnh viện Châm cứu Trung ương. 10/02/2026 06:23 PM ... quản trị AI y tế toàn cầu, lấy con người làm trung tâm. 25/10/2025 12 ...",DISCOVERED_UNSCREENED
MOH,moh.gov.vn,DQ-IMPL-02,10,https://moh.gov.vn/index.jsp?pageId=5803&aid=167780&cid=8641,"Kết luận của Tổng Bí thư, Chủ tịch nước tại cuộc họp cho ...","Khối Bệnh viện · Khối Viện · Khối các trường Đại học, Cao đẳng · Các Tổng ... quản trị AI, già hóa dân số, văn hóa, con người, biến đổi khí ...",DISCOVERED_UNSCREENED
MOH,moh.gov.vn,DQ-IMPL-02,11,https://vimda.moh.gov.vn/documents/10182/71386576/upload_00001117_1753855581100.pdf?version=1.0&fileId=71409563,MEGA PULSE TOWER 30+ - Thiết bị phẫu thuật với laser ...,Bất kỳ ai có trách nhiệm kết hợp sản phẩm theo một hệ thống đều ... như bệnh viện với hệ thống chăm sóc đặt biệt. Thiết bị phải được kết ...,DISCOVERED_UNSCREENED
MOH,moh.gov.vn,DQ-TOOL-02,1,https://cds.moh.gov.vn/tin-tuc-tong-hop-chi-tieu-cds/-/asset_publisher/q59FuAXJObVO/content/-inh-hinh-tuong-lai-ai-khong-chi-thong-minh-ve-cong-nghe-ma-con-giau-tinh-nhan-van?inheritRedirect=false,Không chỉ thông minh về công nghệ mà còn giàu tính nhân văn,Trí tuệ nhân tạo (AI) không còn là công cụ dành ... nền tảng tốt để ứng dụng AI vào KHXH&NV. Tuy ... đánh giá tác động xã hội và đạo đức AI; đầu tư ...,DISCOVERED_UNSCREENED
MOH,moh.gov.vn,DQ-TOOL-02,2,https://btxh.moh.gov.vn/danh-muc-tin/cong-tac-xa-hoi/danh-gia-tac-dong-luat-cong-tac-xa-hoi_t209c40n1439,Đánh giá tác động Luật Công tác xã hội,"Đánh giá tác động Luật Công tác xã hội. 09/08/2018 12:04. Đánh giá tác động Luật Công tác xã hội ... Cụ thể, xác định ai là người hành nghề CTXH; cơ chế đảm bảo chất lượng cung cấp dịch vụ và cơ ...",DISCOVERED_UNSCREENED
MOH,moh.gov.vn,DQ-TOOL-02,3,https://adminmoh.moh.gov.vn/web/guest/hoat-dong-cua-lanh-dao-bo/-/asset_publisher/k206Q9qkZOqn/content/thu-truong-bo-y-te-nguyen-thi-lien-huong-4-yeu-cau-e-cong-thong-tin-dinh-duong-phat-huy-hieu-qua-ben-vung-va-lan-toa-sau-rong-trong-xa-hoi?inheritRedirect=false&redirect=https%3A%2F%2Fadminmoh.moh.gov.vn%3A443%2Fweb%2Fguest%2Fhoat-dong-cua-lanh-dao-bo%3Fp_p_id%3D101_INSTANCE_k206Q9qkZOqn%26p_p_lifecycle%3D0%26p_p_state%3Dnormal%26p_p_mode%3Dview%26p_p_col_id%3Drow-0-column-2%26p_p_col_pos%3D1%26p_p_col_count%3D2,4 yêu cầu để Cổng Thông tin dinh dưỡng phát huy hiệu ...,... Đánh giá tác động nguồn lực đảm bảo chế độ phụ cấp đặc thù chính ... trí tuệ nhân tạo theo lộ trình phù hợp và được quản lý chặt chẽ ...,DISCOVERED_UNSCREENED
MOH,moh.gov.vn,DQ-TOOL-02,4,https://adminmoh.moh.gov.vn/vi_VN/web/guest/hoat-dong-cua-lanh-dao-bo/-/asset_publisher/k206Q9qkZOqn/content/benh-vien-e-ung-dung-tri-tue-nhan-tao-nang-tam-cham-soc-suc-khoe-nhan-dan?inheritRedirect=false&redirect=https%3A%2F%2Fadminmoh.moh.gov.vn%3A443%2Fvi_VN%2Fweb%2Fguest%2Fhoat-dong-cua-lanh-dao-bo%3Fp_p_id%3D101_INSTANCE_k206Q9qkZOqn%26p_p_lifecycle%3D0%26p_p_state%3Dnormal%26p_p_mode%3Dview%26p_p_col_id%3Drow-0-column-2%26p_p_col_pos%3D1%26p_p_col_count%3D2,Bệnh viện E ứng dụng trí tuệ nhân tạo nâng tầm chăm sóc sức ...,"... trí tuệ nhân tạo. Trong dòng chảy ... Đánh giá tác động nguồn lực đảm bảo chế độ phụ ... (AI) vào các hoạt động khám, chữa bệnh và quản lý ...",DISCOVERED_UNSCREENED
MOH,moh.gov.vn,DQ-TOOL-02,5,https://moh.gov.vn/index.jsp?pageId=5803&aid=152672&cid=8476,Đại hội Đảng bộ Viện Chiến lược và Chính sách ...,"... đánh giá tác động phục vụ việc xây dựng/sửa đổi các Luật, Nghị định ... trí tuệ nhân tạo đáp ứng yêu cầu phát triển khoa học, công nghệ ...",DISCOVERED_UNSCREENED
MOH,moh.gov.vn,DQ-TOOL-02,6,https://moh.gov.vn/index.jsp?pageId=5803&aid=167052&cid=8335,Toàn văn phát biểu của Tổng Bí thư Tô Lâm tại phiên khai ...,"Đặc biệt, sự phát triển đột phá của trí tuệ nhân tạo, dữ liệu ... đánh giá tác động; phải chọn đúng việc lớn, đúng khâu đột phá, đúng ...",DISCOVERED_UNSCREENED
MOH,moh.gov.vn,DQ-TOOL-02,7,https://moh.gov.vn/resource/CustomsCMS/BO_YTE/2026/7/1/Du_thao_To_trinh_De_an_phan_phoi_duoc_CapNhat_1.pdf,"Hạnh phúc Hà Nội, ngày tháng năm 2026 TỜ TRÌNH Về ...","... đánh giá tác động của Đề án; báo cáo tiếp thu, giải trình ý kiến ... nối, trí tuệ nhân tạo, dữ liệu lớn, Internet vạn vật; hỗ trợ doanh ...",DISCOVERED_UNSCREENED
MOH,moh.gov.vn,DQ-TOOL-02,8,https://moh.gov.vn/index.jsp?pageId=5803&aid=153649&cid=8409,Bộ Y tế trả lời kiến nghị của cử tri tỉnh Đồng Nai gửi tới ...,"... ai bị bỏ lại phía sau"". Để thực hiện mục tiêu này, Luật Bảo hiểm y tế đã ... đánh giá tác động về kinh tế - xã hội để bảo đảm tính khả thi và bền vững ...",DISCOVERED_UNSCREENED
MOH,moh.gov.vn,DQ-TOOL-02,9,https://imda.moh.gov.vn/documents/10182/10030600/Du-thao-de-an-Chuoicungung6.7/ce8ed5a1-2e47-409c-9bdf-e82ada3e1a3b,đề án quản lý chuỗi cung ứng thiết bị y tế giai đoạn,"cứu, áp dụng trí tuệ nhân tạo (AI) và dữ liệu lớn (Big Data) trên nền tảng dữ liệu dùng chung để phân tích xu hướng, dự báo nhu cầu chính xác, cảnh báo sớm ...",DISCOVERED_UNSCREENED
MOH,moh.gov.vn,DQ-TOOL-02,10,https://moh.gov.vn/index.jsp?pageId=5803&aid=156125&cid=8351,Viện Chiến lược và Chính sách Y tế tiếp tục khẳng định ...,... đánh giá tác động chính sách; nâng cao năng lực trong ứng dụng chuyển đổi số và ứng dụng trí tuệ nhân tạo (AI) trong nghiên cứu khoa học ...,DISCOVERED_UNSCREENED
MOH,moh.gov.vn,DQ-TOOL-02,11,https://imda.moh.gov.vn/documents/10182/10030600/Duthaototrinh.15.06.2026/db844d21-f1d8-493e-914e-130b24ab9812,Trang thiết bị y tế - Bộ Y tế,"Báo cáo đánh giá tác động một số chính sách của Dự thảo Luật ... - Tiếp tục ứng dụng công nghệ thông tin, chuyển đổi số, trí tuệ nhân tạo.",DISCOVERED_UNSCREENED
MOH,moh.gov.vn,DQ-TOOL-02,12,https://moh.gov.vn/index.jsp?pageId=5803&aid=167921&cid=8338,Nghị quyết 79-NQ/TW của Bộ Chính trị về phát triển kinh ...,Đánh giá tác động và phân tích lợi ích - chi phí xã hội của ... trí tuệ nhân tạo và công nghệ số tiên tiến. Tăng cường công tác quản ...,DISCOVERED_UNSCREENED
MOH,moh.gov.vn,DQ-TOOL-02,13,https://imda.moh.gov.vn/documents/10182/10030600/Ta%CC%80i+lie%CC%A3%CC%82u+to%CC%82%CC%89ng+ho%CC%9B%CC%A3p+Ho%CC%A3%CC%82i+tha%CC%89o+PPE.pdf/d2f78667-48d6-4b40-b1cd-d06a39ce22bf,Báo cáo nghiên cứu rà soát hệ thống quản lý trang thiết bị ...,ĐÁNH GIÁ TÁC ĐỘNG KINH. TẾ-XÃ HỘI. Đánh giá nhanh tác động kinh tế-xã hội ... KHÔNG BỎ LẠI AI PHÍA SAU TRONG ỨNG. PHÓ VÀ PHỤC HỒI SAU ĐẠI DỊCH COVID-. 19 ...,DISCOVERED_UNSCREENED
MOH,moh.gov.vn,DQ-TOOL-02,14,https://adminmoh.moh.gov.vn/web/guest/hoat-dong-cua-lanh-dao-bo/-/asset_publisher/TW6LTp1ZtwaN/content/-ang-uy-bo-y-te-cong-bo-quyet-inh-thanh-lap-cac-ban-xay-dung-ang,Đảng ủy Bộ Y tế công bố Quyết định thành lập các ban xây ...,... Đánh giá tác động nguồn lực đảm bảo chế độ phụ cấp đặc thù chính ... AI xin chào. logobutton. Hỗ trợ trực tuyến. full close.,DISCOVERED_UNSCREENED
MOH,moh.gov.vn,DQ-TOOL-02,15,https://imda.moh.gov.vn/documents/10182/84707090/Du_thao_de_an_CV4474.pdf/c6c2287b-0cea-4f6b-86b5-e2d61b8e5179,DỰ THẢO Ngày 15/6/2026 - Trang thiết bị y tế,"Báo cáo đánh giá tác động một số chính sách của Dự thảo Luật Thiết bị ... - Tiếp tục ứng dụng công nghệ thông tin, chuyển đổi số, trí tuệ nhân tạo gắn ...",DISCOVERED_UNSCREENED
MOH,moh.gov.vn,DQ-TOOL-02,16,https://moh.gov.vn/resource/CustomsCMS/BO_YTE/2026/6/23/5.%20Bao%20cao%20509%20danh%20gia%20tac%20dong%20CS%2021.3.2026.signed.pdf,"Tự do - Hạnh phúc Số: /BC-BYT Hà Nội, ng","Đánh giá tác động của chính sách trong dự thảo Luật sửa đổi, bổ sung ... Dangi J, Kinnunen TH, Zavras AI. Challenges in global ...",DISCOVERED_UNSCREENED
MOH,moh.gov.vn,DQ-TOOL-02,17,https://imda.moh.gov.vn/documents/10182/10030600/Duthaoquyetdinh15.06.2026/6eb7602d-d855-489e-81ef-e663fabd5d4a,DỰ THẢO Ngày 15/6/2026 - Trang thiết bị y tế,"- Tiếp tục ứng dụng công nghệ thông tin, chuyển đổi số, trí tuệ nhân tạo ... + Hoàn thành báo cáo đánh giá tác động các chính sách dự kiến đưa vào.",DISCOVERED_UNSCREENED
MOH,moh.gov.vn,DQ-TOOL-02,18,https://moh.gov.vn/index.jsp?pageId=5801&cid=8351,Cổng thông tin Bộ Y tế,... trí tuệ nhân tạo (AI). 26/10/2025 11:57 PM. Bộ Y tế tổ chức thành công Đại hội thi đua yêu nước ngành ...,DISCOVERED_UNSCREENED
MOH,moh.gov.vn,DQ-TOOL-02,19,https://adminmoh.moh.gov.vn/web/guest/hoat-dong-cua-lanh-dao-bo/-/asset_publisher/TW6LTp1ZtwaN/content/nganh-y-te-to-chuc-truc-chuyen-mon-truc-cap-cuu-24-24-ho-tro-nhan-dan-vung-lu-lut-mien-trung?inheritRedirect=false&redirect=https%3A%2F%2Fadminmoh.moh.gov.vn%3A443%2Fweb%2Fguest%2Fhoat-dong-cua-lanh-dao-bo%3Fp_p_id%3D101_INSTANCE_TW6LTp1ZtwaN%26p_p_lifecycle%3D0%26p_p_state%3Dnormal%26p_p_mode%3Dview%26p_p_col_id%3Drow-0-column-2%26p_p_col_count%3D2,"Ngành Y tế tổ chức trực chuyên môn, trực cấp cứu 24/24 hỗ trợ ...","... công tác ứng phó, khắc phục hậu quả thiên tai ... Đánh giá tác động nguồn lực đảm bảo chế độ phụ ... AI xin chào. logobutton. Hỗ trợ trực tuyến. full",DISCOVERED_UNSCREENED
MOH,moh.gov.vn,DQ-TOOL-02,20,https://adminmoh.moh.gov.vn/web/guest/hoat-dong-cua-lanh-dao-bo/-/asset_publisher/TW6LTp1ZtwaN/content/thu-truong-bo-y-te-nguyen-tri-thuc-tham-lam-viec-va-chuc-tet-vien-kiem-nghiem-thuoc-thanh-pho-ho-chi-minh,"Thứ trưởng Bộ Y tế Nguyễn Tri Thức thăm, làm việc và chúc Tết ...","Chiều 19/01/2026, đoàn công tác của Bộ Y tế do PGS. ... Đánh giá tác động nguồn lực đảm bảo chế độ phụ ... AI xin chào. logobutton. Hỗ trợ trực tuyến. full close.",DISCOVERED_UNSCREENED
MOH,moh.gov.vn,DQ-TOOL-02,21,https://adminmoh.moh.gov.vn/web/guest/hoat-dong-cua-lanh-dao-bo/-/asset_publisher/TW6LTp1ZtwaN/content/pho-thu-tuong-le-thanh-long-kiem-tra-on-oc-tien-o-du-an-co-so-2-benh-vien-bach-mai-va-viet-uc?inheritRedirect=false&redirect=https%3A%2F%2Fadminmoh.moh.gov.vn%3A443%2Fweb%2Fguest%2Fhoat-dong-cua-lanh-dao-bo%3Fp_p_id%3D101_INSTANCE_TW6LTp1ZtwaN%26p_p_lifecycle%3D0%26p_p_state%3Dnormal%26p_p_mode%3Dview%26p_p_col_id%3Drow-0-column-2%26p_p_col_count%3D2%26_101_INSTANCE_TW6LTp1ZtwaN_advancedSearch%3Dfalse%26_101_INSTANCE_TW6LTp1ZtwaN_keywords%3D%26_101_INSTANCE_TW6LTp1ZtwaN_delta%3D20%26p_r_p_564233524_resetCur%3Dfalse%26_101_INSTANCE_TW6LTp1ZtwaN_cur%3D15%26_101_INSTANCE_TW6LTp1ZtwaN_andOperator%3Dtrue,"Phó Thủ tướng Lê Thành Long kiểm tra, đôn đốc tiến độ ...",... Đánh giá tác động nguồn lực đảm bảo chế độ phụ cấp đặc thù chính ... AI xin chào. logobutton. Hỗ trợ trực tuyến. full close. EMC Đã kết nối ...,DISCOVERED_UNSCREENED
MOH,moh.gov.vn,DQ-TOOL-02,22,https://moh.gov.vn/index.jsp?pageId=5803&aid=138686&cid=8354,Thông tin y tế 16 - 18/8/2020,"Theo Tổ chức Y tế thế giới (WHO) đánh giá tác động ... Vô cùng bận rộn, nhưng anh em trong Viện ai cũng hết lòng với công tác chống dịch.",DISCOVERED_UNSCREENED
MOH,moh.gov.vn,DQ-TOOL-02,23,https://moh.gov.vn/index.jsp?pageId=5803&aid=133714&cid=8354,Điểm tin y tế ngày 21/6/2018,"... ai biết ngát lừng ai hay, dần trở nên thân thuộc, gần gũi hơn với cộng đồng ... Chúng tôi sẽ có đánh giá tác động thu chi bệnh viện để xem tác động thế ...",DISCOVERED_UNSCREENED
MOH,moh.gov.vn,DQ-TOOL-02,24,https://moh.gov.vn/index.jsp?pageId=5803&aid=140661&cid=8360,"Kiên quyết không để tình trạng giãn cách không triệt để, kéo dài ...","... ai ở đâu ở đó”, nhất là việc phải thực hiện cách ... ), người cao tuổi, người có bệnh lý nền, công ... đánh giá tác động, chuẩn bị truyền thông… phải ...",DISCOVERED_UNSCREENED
MOH,moh.gov.vn,DQ-TOOL-02,25,https://vnpa.moh.gov.vn/wp-content/uploads/2026/02/BAO-CAO-TINH-TRANG-DAN-SO-THE-GIOI-NAM-2025_250627_100256.pdf,CUỘC KHỦNG HOẢNG THỰC SỰ VỀ SINH SẢN,"Pollack, 1996) hoặc ai có công việc linh hoạt hơn. (Presser, 1994). Tuy nhiên ... “Đánh giá tác động của bạo lực do bạn tình gây ra đến kế hoạch sinh ...",DISCOVERED_UNSCREENED
MOH,moh.gov.vn,DQ-TOOL-02,26,https://adminmoh.moh.gov.vn/en_US/web/guest/hoat-dong-cua-lanh-dao-bo/-/asset_publisher/TW6LTp1ZtwaN/content/le-phat-ong-huong-ung-thang-hanh-ong-quoc-gia-ve-an-toan-ve-sinh-lao-ong-nam-2025-trong-nganh-y-te?inheritRedirect=false&redirect=https%3A%2F%2Fadminmoh.moh.gov.vn%3A443%2Fen_US%2Fweb%2Fguest%2Fhoat-dong-cua-lanh-dao-bo%3Fp_p_id%3D101_INSTANCE_TW6LTp1ZtwaN%26p_p_lifecycle%3D0%26p_p_state%3Dnormal%26p_p_mode%3Dview%26p_p_col_id%3Drow-0-column-2%26p_p_col_count%3D2,Lễ phát động hưởng ứng Tháng hành động quốc gia về An toàn ...,"... trí tuệ nhân tạo;. Ba là, tăng cường vai trò của ... đánh giá tác động môi trường lao động, khám phát ... AI xin chào. logobutton. Hỗ trợ trực tuyến.",DISCOVERED_UNSCREENED
MOH,moh.gov.vn,DQ-TOOL-02,27,https://adminmoh.moh.gov.vn/vi_VN/web/guest/hoat-dong-cua-lanh-dao-bo/-/asset_publisher/TW6LTp1ZtwaN/content/thu-truong-bo-y-te-thong-tin-ve-virus-gay-viem-phoi-tren-nguoi-hmpv-tai-trung-quoc?inheritRedirect=false&redirect=https%3A%2F%2Fadminmoh.moh.gov.vn%3A443%2Fvi_VN%2Fweb%2Fguest%2Fhoat-dong-cua-lanh-dao-bo%3Fp_p_id%3D101_INSTANCE_TW6LTp1ZtwaN%26p_p_lifecycle%3D0%26p_p_state%3Dnormal%26p_p_mode%3Dview%26p_p_col_id%3Drow-0-column-2%26p_p_col_count%3D2,Thứ trưởng Bộ Y tế thông tin về virus gây viêm phổi trên ...,... Đánh giá tác động nguồn lực đảm bảo chế độ phụ cấp đặc thù chính ... AI xin chào. logobutton. Hỗ trợ trực tuyến. full close. EMC Đã kết nối ...,DISCOVERED_UNSCREENED
MOH,moh.gov.vn,DQ-TOOL-02,28,https://vnpa.moh.gov.vn/wp-content/uploads/2025/11/8791716056352-ky-yeu-hoi-thao-2020-1.pdf,KỶ YẾU HỘI THẢO QUỐC GIA - Cục Dân số,"đánh giá tác động của các yếu tố đến hiệu quả năng suất . Tuy nhiên, các chỉ ... dữ liệu bất kỳ ai cũng có thể truy cập, sử dụng và chia sẻ. Để dữ liệu.",DISCOVERED_UNSCREENED
MOH,moh.gov.vn,DQ-TOOL-02,29,https://imda.moh.gov.vn/documents/10182/73580110/upload_00001953_1758247159896.pdf?version=1.0&fileId=73582035,TÀI LIỆU HƯỚNG DẪN SỬ DỤNG TIẾNG VIỆT,Bộ điều khiểm và CMM đã được phòng thí nghiệm được chứng nhận đánh giá tuân thủ các tiêu chuẩn tham chiếu ở trên. ... ai được di chuyển hoặc sử.,DISCOVERED_UNSCREENED
MOH,moh.gov.vn,DQ-TOOL-02,30,https://imda.moh.gov.vn/documents/10182/83486858/upload_00011093_1779440260552.pdf?version=1.0&fileId=83544121,Hướng dẫn sử dụng Hệ thống siêu âm Sonosite MT,Đánh giá tuân thủ của Vương quốc Anh. Dấu hiệu cho thấy sự tuân thủ ... AI PHT. Thời gian bán hủy áp lực của suy van động mạch chủ. Ann D.,DISCOVERED_UNSCREENED
MOH,moh.gov.vn,DQ-TOOL-02,31,https://vimda.moh.gov.vn/documents/10182/64836428/upload_00001679_1740538001699.pdf?version=1.0&fileId=64843753,Siêu âm Máy quét - Trang thiết bị y tế,• Đánh giá tuân thủ của Máy quét siêu âm Clarius HD3 đã được thực ... Clarius Bladder AI chỉ được chỉ định là một công cụ quy trình làm ...,DISCOVERED_UNSCREENED
MOH,moh.gov.vn,DQ-TOOL-02,32,https://imda.moh.gov.vn/documents/10182/82410546/upload_00004316_1777001417318.pdf?version=1.0&fileId=82422013,500 ECO,"Người vận hành là bất kỳ ai điều khiển Ghế mổ dùng trong nha khoa ... Quy trình đánh giá tuân thủ theo. Phụ lục II và III, Quy định (EU) ...",DISCOVERED_UNSCREENED
MOH,moh.gov.vn,DQ-TOOL-02,33,https://imda.moh.gov.vn/documents/10182/68396895/upload_00004791_1748231504666.pdf?version=1.0&fileId=68413723,Micro5000®,• Xét nghiệm TLCO hữu ích trong việc đánh giá tác động lên hệ hô hấp ... Hỗ trợ đánh giá tuân thủ điều trị với thuốc kháng viêm. •. Đánh ...,DISCOVERED_UNSCREENED
MOH,moh.gov.vn,DQ-TOOL-02,34,https://vimda.moh.gov.vn/documents/10182/25016802/upload_00001252_1641091628105.pdf?version=1.0&fileId=25017180,Yêu cầu pháp lý - Trang thiết bị y tế,Người sở hữu có trách nhiệm đảm bảo rằng bất cứ ai vận hành thiết bị ... dùng làm cơ sở đánh giá tuân thủ và mã kiểm soát. Biển thông ...,DISCOVERED_UNSCREENED
MOH,moh.gov.vn,DQ-TOOL-02,35,https://vimda.moh.gov.vn/documents/10182/25171545/upload_00071295_1641477976583.pdf?version=1.0&fileId=25227462,Ấn bản kỹ thuật - Chỉ dẫn 5791624-183 - Trang thiết bị y tế,"Các phím tiến trình được dùng để đánh giá tác động tăng dần của cơ ... Trước khi cho phép ai đó vận hành hệ thống, nên xác nhận rằng ...",DISCOVERED_UNSCREENED
MOH,moh.gov.vn,DQ-TOOL-02,36,https://vimda.moh.gov.vn/documents/10182/72840507/TLCM%201-22%20Key%20visual__1757317427777.pdf?version=1.0&fileId=72926502,Untitled - Trang thiết bị y tế,... đánh giá tác động của phương pháp điều trị lên động lực khuôn ... Không có ai bị đánh giá là “giảm hấp dẫn.” Cảm nhận về tuổi tác vào ...,DISCOVERED_UNSCREENED
MOH,moh.gov.vn,DQ-IMPL-04,1,https://moh.gov.vn/index.jsp?pageId=5803&aid=168581&cid=7241,"Xây dựng chuỗi cung ứng thiết bị y tế hiện đại, minh bạch","Đối với thiết bị y tế loại A và B, việc phân cấp cho các Sở Y tế ... hậu kiểm và hợp tác quốc tế trong lĩnh vực thiết bị y tế. Theo ông ...",DISCOVERED_UNSCREENED
MOH,moh.gov.vn,DQ-IMPL-04,2,https://moh.gov.vn/index.jsp?pageId=5803&aid=168050&cid=8360,"Hiện đại, đồng bộ và thông minh để nâng chất lượng chăm ...","Cùng đó, kiện toàn y tế cơ sở, thúc đẩy chuyển đổi số và ứng dụng trí tuệ nhân tạo, hướng tới xây dựng hệ thống y tế hiện đại, công bằng và hiệu ...",DISCOVERED_UNSCREENED
MOH,moh.gov.vn,DQ-IMPL-04,3,https://moh.gov.vn/index.jsp?pageId=5803&aid=153649&cid=8409,Bộ Y tế trả lời kiến nghị của cử tri tỉnh Đồng Nai gửi tới ...,"- Hằng năm, Bộ Y tế - Thường trực Ban chỉ đạo liên ngành Trung ương về an toàn thực phẩm xây dựng và ban hành kế hoạch hậu kiểm các cơ sở sản xuất, kinh doanh ...",DISCOVERED_UNSCREENED
MOH,moh.gov.vn,DQ-IMPL-04,4,https://moh.gov.vn/index.jsp?pageId=5803&aid=167428&cid=8430,Khoa học công nghệ nâng tầm chuyên môn,... đánh giá hiệu quả dự phòng tiền sản giật bằng Aspirin liều thấp dựa trên ... sở y tế trên địa bàn tỉnh. Trong giai đoạn từ tháng 11/2023 đến tháng 12 ...,DISCOVERED_UNSCREENED
MOH,moh.gov.vn,DQ-IMPL-04,5,https://moh.gov.vn/index.jsp?pageId=5803&aid=167835&cid=8430,Chuyển đổi số để quản trị rủi ro an toàn thực phẩm từ gốc,"Hệ thống này hướng tới số hóa dữ liệu trong toàn bộ vòng đời thực phẩm nhằm phục vụ truy xuất nguồn gốc, hậu kiểm, cảnh báo, xử lý vi phạm và ...",DISCOVERED_UNSCREENED
MOH,moh.gov.vn,DQ-IMPL-04,6,https://imda.moh.gov.vn/documents/10182/10030600/Duthaototrinh.15.06.2026/db844d21-f1d8-493e-914e-130b24ab9812,Trang thiết bị y tế - Bộ Y tế,"- Tiếp tục ứng dụng công nghệ thông tin, chuyển đổi số, trí tuệ nhân tạo gắn với phân cấp, phân quyền, đơn giản hóa thủ tục hành chính, cắt giảm ...",DISCOVERED_UNSCREENED
MOH,moh.gov.vn,DQ-IMPL-04,7,https://adminmoh.moh.gov.vn/web/guest/hoat-dong-cua-lanh-dao-bo/-/asset_publisher/TW6LTp1ZtwaN/content/thu-truong-thuong-truc-bo-y-te-vu-manh-ha-lam-viec-voi-benh-vien-cham-cuu-trung-uong-ve-thuc-hien-nhiem-vu-2-thang-cuoi-nam-2025-va-nam-2026?inheritRedirect=false&redirect=https%3A%2F%2Fadminmoh.moh.gov.vn%3A443%2Fweb%2Fguest%2Fhoat-dong-cua-lanh-dao-bo%3Fp_p_id%3D101_INSTANCE_TW6LTp1ZtwaN%26p_p_lifecycle%3D0%26p_p_state%3Dnormal%26p_p_mode%3Dview%26p_p_col_id%3Drow-0-column-2%26p_p_col_count%3D2,Thứ trưởng Thường trực Bộ Y tế Vũ Mạnh Hà làm việc với Bệnh ...,"... hậu cần nâng cấp và mua mới theo hướng đồng bộ để ... trí tuệ nhân tạo trong khám, điều trị bệnh ... Sở Y tế tỉnh Quảng Ngãi yêu cầu điều tra, xử lý ...",DISCOVERED_UNSCREENED
MOH,moh.gov.vn,DQ-IMPL-04,8,https://imda.moh.gov.vn/,Trang thiết bị y tế: Trang chủ,"Trang chủ - Trang thiết bị y tế [Truy cập nội dung luôn](https://imda.moh.gov.vn/#main-content)

THÔNG BÁO

Kính gửi Quý người dân và Quý doanh nghiệp,

Cục Hạ tầng và Thiết bị y tế xin trân trọng thông báo:

**Tên miền hiện tại:** [[https://imda.moh.gov.vn](https://imda.moh.gov.vn)](https://imda.moh.gov.vn/)

**Tên miền mới:** [[https://vimda.moh.gov.vn](https://vimda.moh.gov.vn)](https://vimda.moh.gov.vn/)

Tên miền cũ [[https://imda.moh.gov.vn](https://imda.moh.gov.vn)](https://imda.moh.gov.vn/) sẽ tiếp tục hoạt động song song cho đến hết ngày 30/9/2026 để đảm bảo Quý người dân và Quý doanh nghiệp có đủ thời gian chuyển đổi và làm quen với tên miền mới.

Chúng tôi khuyến nghị Quý người dân và Quý doanh nghiệp sử dụng tên miền mới [[https://vimda.moh.gov.vn](https://vimda.moh.gov.vn)](https://vimda.moh.gov.vn/) từ ngày 01/4/2026 để tiếp tục truy cập và sử dụng các dịch vụ công trực tuyến về quản lý thiết bị y tế.

Mọi thắc mắc, xin vui lòng liên hệ với Cục Hạ tầng và Thiết bị y tế để được hỗ trợ.

Xin trân trọng cảm ơn!

Cục Hạ tầng và Thiết bị y tế

Bộ Y tế

#### [Văn bản pháp quy](https://imda.moh.gov.vn/web/guest/van-ban-phap-quy)
****#### [Văn bản chỉ đạo điều hành](https://imda.moh.gov.vn/web/guest/van-ban-chi-ao-ieu-hanh)****

****[**Công văn số 4438/BYT-HTTB ngày 16/6/2026 của Bộ Y tế gửi Sở Y tế các tỉnh, thành phố** về việc tăng cường công tác kiểm tra, hậu kiểm thực hiện các thủ tục hành chính thuộc lĩnh vực thiết bị y tế.](https://imda.moh.gov.vn/documents//10182/10030597/Cong+van+4438.pdf/6956dd53-775d-4911-a265-8d631523f638)** - **[**Quyết định số 3830/QĐ-BYT ngày 11 tháng 12 năm 2025.** Quyết định về việc ban hành quy trình nội bộ, quy trình điện tử giải quyết thủ tục hành chính lĩnh vực thiết bị y tế thuộc thẩm quyền giải quyết của Bộ Y tế.](https://imda.moh.gov.vn/documents/10182/0/QD3830.11.12.2025/6099e16d-ac4a-4c62-a0a0-311b645c75a3)**** **- [**Các Quyết định cấp số lưu hành TBYT**](https://imda.moh.gov.vn/web/guest/quyet-dinh-dklh-ttbyt)** **- [**Văn bản số 4170/BYT-HTTB ngày 04/7/2023 của Bộ Y tế** về việc kiểm định trang thiết bị y tế](https://imda.moh.gov.vn/documents/10182/10030597/VB4170-BYT-HTTB-2023.07.04/29236671-9083-4ab8-bc3f-129f899af506)** **- [**Các số lưu hành trang thiết bị y tế theo thông tư 13/2021/TT-BYT**](https://imda.moh.gov.vn/web/guest/cac-so-luu-hanh-ttbyt-theo-thong-tu-13)** **- [**Quyết định số 5652/QĐ-BYT ngày 10/12/2021** V/v công bố thủ tục hành chính lĩnh vực trang thiết bị y tế.](https://imda.moh.gov.vn/documents/10182/0/Quy%E1%BA%BFt+%C4%91%E1%BB%8Bnh+s%E1%BB%91+5652+Q%C4%90+BYT+C%C3%B4ng+b%E1%BB%91+TTHC+l%C4%A9nh+v%E1%BB%B1c+TTBYT.pdf/05d8fc66-8a40-4e44-941d-41a80f49247a)** **- [**Quyết định số 2992/QĐ-BKHCN ngày 22/11/2021** V/v công bố Tiêu chuẩn quốc gia.](https://imda.moh.gov.vn/documents/10182/0/QD+2992_QD-BKHCN+ngay+22.11.2021+ve+viec+ban+hanh+TCVN+PPE.pdf/088666c7-964c-4da7-8b12-82c1cbd3abaf)** **- [**Quyết định số 5275/QĐ-BYT ngày 12/11/2021** V/v hướng dẫn tạm thời về việc chuyển đổi các chai chứa khí Nitơ, Argon, Oxy công nghiệp, Không khí nén sang chứa khí Oxy y tế phòng, chống dịch COVID-19](https://imda.moh.gov.vn/documents/10182/0/Quyet+dinh+tam+thoi+ve+chuyen+doi+sang+chai+chua+khi+oxy+y+te_final.signed.pdf/31eb880b-1e0e-49a8-aba5-9e36094af4f3)** **- [**Công văn số 7033/BYT-TB-CT ngày 25/08/2021** V/v rà soát năng lực và đôn đốc tăng cường sản xuất, cung ứng Oxy y tế phục vụ phòng, chống dịch COVID-19](https://imda.moh.gov.vn/documents/10182/0/CV+gui+cac+don+vi+san+xuat-cung+ung+bao+cao+nang+luc_25.8.2021.signed.pdf/e2ce85d9-92d4-4b9d-992b-fd0ec7cde60c)** **- [**Công văn số 6619/BYT-TB-CT ngày 13/08/2021** V/v đôn đốc công tác sản xuất, cung ứng trang thiết bị bảo hộ cá nhân - PPE và phối hợp cung cấp thông tin phòng chống dịch COVID-19.](https://imda.moh.gov.vn/documents/10182/0/12.8.2021+CV+gui+dvi+DN%2C+SX+cung+ung+COVID-19+-+PPE.signed.pdf/e870564b-366e-4eae-9c54-25081e1a549b)** **- [**Công văn số 6547/BYT-TB-CT ngày 11/08/2021** V/v đảm bảo sản xuất, kinh doanh và rà soát công khai giá trang thiết bị y tế trong điều kiện phòng chống dịch COVID-19](https://imda.moh.gov.vn/documents/10182/0/Vu%CC%A3+TTB%26CTYT+6547_11.8.2021_Don+doc+DN+SX+NK+KD+TTBYT+cong+khai+gia.signed.pdf/99278ac6-5187-4776-9ff8-003e874d7258)** **- [**Tăng cường sản xuất, cung ứng và đầu tư, cải tạo mở rộng hệ thống Oxy khí y tế đáp ứng nhu cầu điều trị Covid-19.**](https://imda.moh.gov.vn/documents/10182/0/Ngmtuan_%C4%90a%CC%89m+ba%CC%89o+O2+y+te%CC%82%CC%81+phu%CC%A3c+vu%CC%A3+%C4%91ie%CC%82%CC%80u+tri%CC%A3+Covid-19+tre%CC%82n+ca%CC%89+nu%CC%9Bo%CC%9B%CC%81c_02.8.2021.pdf/f1d3c815-4b67-4756-a04b-525eda615b13)** **- [**Công văn số 5821/BYT-TB-CT ngày 20/7/2021** V/v rà soát, có phương án đảm bảo nguồn cung ứng và sử dụng Oxy y tế cho công tác phòng chống dịch bệnh Covid-19.](https://imda.moh.gov.vn/documents/13510/0/BYT_CV+gui+cac+SYT+va+BV+truc+thuoc+Covid-19+chuan+bi+phuong+an+dam+bao+Oxy+_final.signed.pdf/d70bfe09-cd8b-4cf8-b136-465ea2dbc8e1)** **- [**Công văn số 5820/BYT-TB-CT ngày 20/7/2021** V/v đôn đốc tăng cường sản xuất, cung ứng Oxy y tế phục vụ phòng chống dịch Covid-19.](https://imda.moh.gov.vn/documents/13510/0/20.7.2021+CV+gui+dvi+DN%2C+SX+cung+ung+Oxy.signed.pdf/783a5b34-54db-4034-a410-10c7947d5c34)** **- [**Công văn số 5753/BYT-MT ngày 19/7/2021** V/v xét nghiệm và tạo điều kiện thuận lợi cho người vận chuyển hàng hóa.](https://imda.moh.gov.vn/documents/10182/0/FILE_20210719_095142_CV+BYT+tra+loi+Bo+GTVT+Bo+CT_HEMA+Edited_2021.7.19.9h15.signed.pdf/846f76b6-80ca-4f73-a38f-252d7ab548f0)** **- [**Công văn số 5776/BYT-TB-CT ngày 20/7/2021** V/v tăng cường đảm bảo công tác sản xuất, cung ứng PPE và phối hợp cung cấp thông tin phục vụ phòng chống dịch COVID-19.](https://imda.moh.gov.vn/documents/10182/0/15.7.2021+CV+gui+dvi+DN%2C+SX+cung+ung+COVID-19+-+PPE.signed.pdf/2aa6e537-d76c-4968-af86-496c2b485d9a)** **- [**Công văn số 5650/BYT-TB-CT ngày 15/7/2021** V/v nhập khẩu sinh phẩm chẩn đoán/trang thiết bị y tế chẩn đoán invitro xét nghiệm kháng nguyên SAR-CoV-2 phục vụ phòng chống dịch Covid-19.](https://imda.moh.gov.vn/documents/10182/0/CV+gui+Cty+huong+dan+viec+nhap+khau+test+khang+nguyen+SARS-Cov-2+12.7.21.signed.pdf/c4f44b18-50af-4ba0-89a1-b5a88b020e01)** **- [**Công văn số 5646/BYT-TB-CT ngày 15/7/2021** V/v cung cấp thông tin phục vụ phòng chống dịch COVID-19.](https://imda.moh.gov.vn/documents/10182/0/CV+5646+BYT-TB-CT+15.7.21+Cung+c%E1%BA%A5p+th%C3%B4ng+tin+ph%E1%BB%A5c+v%E1%BB%A5+ph%C3%B2ng+ch%E1%BB%91ng+d%E1%BB%8Bch+COVID-19.rar/56311906-4d3c-49cd-bfc4-201e5bfc1426)** **- [**Công văn số 5486/BYT-TB-CT ngày 09/7/2021** V/v báo cáo chất lượng, hiệu quả sử dụng trang thiết bị y tế/sinh phẩm chẩn đoán in vitro xét nghiệm SARS-CoV-2](https://imda.moh.gov.vn/documents/10195/0/Cong+van+gui+co+so+dang+ky%2C+nhap+khau%2C+co+so+xet+nghiem+ve+viec+bao+cao+chat+luong+TTBYT+xet+nghiem+vi+rut+SARS-CoV-2+09.7.2021.signed.pdf/ab488d34-1e25-4b12-a2d2-198716348902)** **- [**Công văn số 5414/BYT-TB-CT** V/v đăng ký, nhập khẩu sinh phẩm chẩn đoán/trang thiết bị y tế chẩn đoán invitro xét nghiệm vi rút SARS-CoV-2 phục vụ phòng chống dịch Covid-19.](https://imda.moh.gov.vn/documents/10182/0/CV+s+a+1592+30.6.2021+ban+trinh.signed.pdf/ab23df8b-3f51-4e70-8508-005c2877c6cb)** **- [**Quyết định số 3336/QĐ-BYT** V/v ban hành danh sách các đơn vị đánh giá chất lượng sinh phẩm chẩn đoán/trang thiết bị y tế chẩn đoán invitro xét nghiệm vi rút SARS-CoV-2.](https://imda.moh.gov.vn/documents/10182/0/QD+ban+hanh+co+quan+kiem+tra+chat+luong+TTBYT+xet+nghiem+SARS-CoV-2+30.6.21.signed.pdf/aa6a84c9-19fc-4101-990a-8444ebe87e42)** **- [**Công văn số 2572/BYT-TB-CT** ngày 08/4/2021 V/v bổ sung, hoàn thiện các hồ sơ đăng ký lưu hành trang thiết bị y tế](https://imda.moh.gov.vn/documents/10182/0/Cong+van+gui+Co+so+dang+ky+luu+hanh+TTBYT+san+xuat+trong+nuoc%2C+san+pham+khu+khuan+TTBYT+ngay+08.4.2021.pdf/a1e19846-50ac-4bc4-a0cc-01c14e2e1997)** **- [**Công văn số 2547/BYT-TB-CT** ngày 07/4/2021 V/v rà soát, kiểm tra các cơ sở sản xuất, kinh doanh găng tay y tế, vật tư y tế phòng, chống dịch Covid-19 trên địa bàn](https://imda.moh.gov.vn/documents/10182/0/CV+gui+SYT_Kiem+tra+don+vi+san+xuat+Gang+tay_07.4.2021.signed.pdf/71efec52-3fdc-4d3b-82d7-d406d86562fe)** **- [**Công văn số 939/BYT-TB-CT** ngày 09/02/2021 V/v hướng dẫn đăng ký lưu hành trang thiết bị y tế sản xuất trong nước và sản phẩm chỉ có 01 mục đích là khử khuẩn trang thiết bị y tế](https://imda.moh.gov.vn/documents/10182/10030597/Cong+van+gui+Co+so+DKLH+SXTN-KK.signed.pdf/dc50feb6-043e-4ca0-ba9c-d5bbc9589463)** **- [**Công văn số 207/BYT-KH-TC ngày 12/01/2021** V/v báo cáo việc phân phối, kinh doanh, mua bán, ký kết hợp đồng liên doanh, liên kết của Hệ thống chụp cắt lớp vi tính 128 lát cắt](https://imda.moh.gov.vn/documents/10182/10030597/12Jan2021+Cong+van+207+gui+Doanh+nghiep+bao+cao+gia+cua+01+He+thong+CT128+lat.signed.pdf/2dfa8860-c5d2-4194-a8d4-7240344c2982).** **- [**Công văn số 7395/BYT-TB-CT ngày 31/12/2020** V/v hướng dẫn chuẩn bị và nộp hồ sơ đăng ký lưu hành trang thiết bị y tế](https://imda.moh.gov.vn/documents/10182/10030597/Cong+van+gui+Don+vi++dang+ky+luu+hanh+31.12.2020.signed.pdf/74a0b3bc-c8fc-433c-ba27-a379b5ca9934).** **- [**Công văn số 6355/BYT-TB-CT ngày 18/11/2020** V/v hướng thay đổi, bổ sung hồ sơ đăng ký  Sinh phẩm chẩn đoán in vitro](https://imda.moh.gov.vn/documents/10182/10030597/CV+huong+dan+CT+ve+cac+thay+doi%2C+bo+sung+thanh+phan+ho+so+cua+SPC%C4%90+in+vitro+da+dc+BYT+cap+so+luu+hanh.pdf/9f0815eb-ee2f-4ea4-bb0a-43fb7019a386).** **- [**Công văn số 5888/BYT-TB-CT ngày 29/10/2020** V/v hướng dẫn triển khai đấu thầu trang thiết bị y tế theo Thông tư số 14/2020/TT-BYT](https://imda.moh.gov.vn/documents/10182/10030597/cvb-2020-5888-1.pdf/8288f409-903f-453a-ad56-73bed3db2b99).** **- [**Công văn số 5581/BYT-TB-CT ngày 14/10/2020** V/v thực hiện Công khai giá trang thiết bị y tế](https://imda.moh.gov.vn/documents/10182/10030597/CV+5581+v%E1%BB%81+vi%E1%BB%87c+th%E1%BB%B1c+hi%E1%BB%87n+c%C3%B4ng+khai+gi%C3%A1+TTBYT.pdf/47b3f0f8-4d29-475d-ba73-6d95383155b6).** **- [**Công văn số 5159/BYT-TB-CT ngày 28/09/2020** V/v Công khai giá Trang thiết bị y tế](https://imda.moh.gov.vn/documents/10182/10030597/2020+CV+gui+doanh+nghiep+de+nghi+phoi+hop+dk+tai+khoan+cong+khai+gia+-+Vu+TTB.signed.pdf/5ef56bac-5501-4e82-af48-92cc8f747d1e).** **- [**Công văn số 4428/BYT-PC ngày 20/08/2020** V/v cung cấp thông tin và đề xuất liên quan văn bản QPPL trong lĩnh vực y tế nhằm ứng phó và giảm thiểu tác động của dịch bệnh Covid 19](https://imda.moh.gov.vn/documents/10182/10030597/CV+4428+Cung+cap+thong+tin+Hoi+nghi+ho+tro+phap+ly.pdf/d60e96ae-db8d-4249-8703-5ab2f5965689).** **- [**Công văn số 4026/BYT-TB-CT ngày 28/07/2020** V/v tăng cường thanh kiểm tra xử lý vi phạm trên địa bàn](https://imda.moh.gov.vn/documents/10182/10030597/4026-BYT-TB-CT.pdf/7dc1b365-48e7-4c0d-9352-f133ebc566d0).** **- [**Công văn 3013/BYT-TB-CT**  Về việc thực hiện cấp số đăng ký lưu hành đối với trang thiết bị y tế trong nước.](https://imda.moh.gov.vn/documents/10182/10030597/3013_BYT-TB-CT_01062020_1-signed.pdf/d5627308-1de3-42ea-8828-40310b57b03c)** **- [**Công văn 2560/BYT-TB-CT**  Về việc danh sách các sinh phẩm/trang thiết bị y tế chẩn đoán in vitro xét nghiệm vi rút Corona (SARS-CoV-2) đã được cấp số đăng ký, cấp giấy phép nhập khẩu.](https://imda.moh.gov.vn/documents/10182/10030597/2560_BYT-TB-CT_11052020.pdf/936b7b1a-d320-4985-9e0a-06ade75f97c3)** **- [**Công văn 2507/BYT-TB-CT**  Về việc triển khai Nghị quyết 60/NQ-CP về công khai danh sách, năng lực sản xuất của các doanh nghiệp và đảm bảo chất lượng khẩu trang y tế.](https://imda.moh.gov.vn/documents/10182/0/CV+2507+BYT+TB+CT.pdf/b377b5e3-885e-41ce-bd24-fe6e0670c335)** **- [**Công văn 1777/BYT-TB-CT**  Về việc cung cấp nguyên vật liệu để sản xuất khẩu trang y tế](https://imda.moh.gov.vn/documents/10182/10030597/CV+1777-2020+Cung+c%E1%BA%A5p+nguy%C3%AAn+li%E1%BB%87u+s%E1%BA%A3n+xu%E1%BA%A5t+kh%E1%BA%A9u+trang+y+t%E1%BA%BF.pdf/9839953c-3986-4c3b-9a63-bf9085d49cb5)** **- [**Quyết định số 1353/QĐ-BYT**  Về việc ban hành danh mục các đơn vị kiểm định/kiểm tra chất lượng sinh phẩm chẩn đoán/TTBYT chẩn đoán vi rút Corona (SARS-CoV-2)](https://imda.moh.gov.vn/documents/10182/10030597/QD1353/122c4618-d91a-41f7-a007-ea98e2063488)** **- [**Công văn số 1352/BYT-TB-CT**  Về việc cung cấp báo giá khẩu trang y tế cho dự phòng Quốc Gia.](https://imda.moh.gov.vn/documents/10182/10030597/CV+1352+BYT+TB+CT+ngay+18.03.2020.pdf/0a8828e0-2972-4ef4-9646-c69a36082d39)** **- [**Quyết định số 774/QĐ-BYT**  Về việc ban hành danh mục 02 sinh phẩm chẩn đoán invitro xét nghiệm virut Corona ( SARS-CoV-2) được cấp số đăng ký.](https://imda.moh.gov.vn/documents/10182/10030597/QD+774_2020-03-04+19.06.17.pdf/04e014dc-e377-4074-8c3b-1b011f3980bf)** **- [**Công văn số 747/BYT-TB-CT**  Về việc kiểm tra hồ sơ công bố đối với sản phẩm, chế phẩm diệt khuẩn tay không dùng nước](https://imda.moh.gov.vn/documents/10182/10030597/CV747/9b147ee6-df05-4b06-8402-6f564ec84dba).** **- [**Công văn số 108/XNK-CN**  Về việc đầu mối doanh nghiệp cung cấp nguyên liệu khẩu trang và một số TTBYT](https://imda.moh.gov.vn/documents/10182/10030597/1581086317483676.pdf/8dd7dae3-7276-4ab0-8af7-0520ab54a3a7).** **- [**Quyết định số 155/QĐ-BTC**  Về việc ban hành danh mục các mặt hàng được miễn thuế nhập khẩu](https://imda.moh.gov.vn/documents/10182/10030597/QD+155+BTC_07.02.2020.pdf/2e99dd2c-6fcf-4dba-8819-e51d1ddcbf2a).** **- [**Công văn số 797/VPCP-KGVX**  Về việc đảm bảo trang thiết bị, vật tư y tế cho phòng, chống dịch nCoV](https://imda.moh.gov.vn/documents/10182/10030597/bn-2020-587.pdf/7d19505f-9867-44af-b7df-36c8aefe618f).** **- [**Công văn số 403**  Về danh sách các công ty sản xuất khẩu trang y tế, trang phục phòng, chống dịch 2019-nCoV](https://imda.moh.gov.vn/documents/10182/10030597/Congvan403_new/8aa97ca4-6271-4af7-bff0-269d5b28e3e7).** **- [**Công văn số 390**  Về việc đảm bảo cung cấp đủ vật tư, trang thiết bị cho phòng, chống dịch bệnh nCoV](https://imda.moh.gov.vn/documents/10182/10030597/CV-390-2020/4108d1e5-d747-462f-99ab-3d8d2dd1f4c5).** **- [**Công văn số 387**  Về việc đảm bảo cung cấp đủ TTBYT cho phòng chống dịch bệnh nCoV](https://imda.moh.gov.vn/documents/10182/10030597/CV-387-BYT-Hoatoc/b2a5b7bd-6afa-4cd3-b5a4-59e6a426410a).** **- [**Công văn số 82**  Về việc triển khai nghị định 03/2020/NĐ-CP ngày 01/01/2020 của Chính phủ.](https://imda.moh.gov.vn/documents/10182/10030597/Congvanguidonvithongbaonghidinh032020/01783db0-b406-4a39-9ea6-0a4b7c830944)** **- **[**Công văn số 3664:** V/v thực hiện cấp đăng ký lưu hành đối với trang thiết bị y tế loại B, C, D](https://imda.moh.gov.vn/documents/10182/0/Congvan3664-DKLH/4363d67d-3712-4332-aa1e-3e5ae5fefa55)**** **- **[**Nghị quyết số 131/NQ-CP ngày 16/12/2017 của Chính phủ:** Nghị quyết phiên họp Chính phủ thường kỳ tháng 11 năm 2017.](https://imda.moh.gov.vn/documents/10182/10030597/NQ+131-2017+c%E1%BB%A7a+Ch%C3%ADnh+ph%E1%BB%A7.pdf/f261db2f-b4ff-4f8f-bde1-bb48bd0db70f)**** **- **[**Quyết định số 745/QĐ-BYT ngày 28/02/2019 của Bộ Y tế:** Về việc công bố thủ tục hành chính mới được ban hành/ được sửa đổi, bổ sung hoặc thay thế/ bị bãi bỏ lĩnh vực TTBYT thuộc phạm vi quản lý của Bộ Y tế.](https://imda.moh.gov.vn/documents/10182/10030597/Q%C4%90+745-2019+C%C3%B4ng+b%E1%BB%91+TTHC+B%E1%BB%99+Y+t%E1%BA%BF.pdf/49679dd0-e91d-493c-a4b7-13d9e59e7ec6)**** **- **[**Công văn số 14/BYT-TB-CT ngày 02/01/2019:** Gửi Tổng cục Hải quan về việc triển khai Nghị định số 169/2018/NĐ-CP ngày 31/12/2018 của Chính Phủ.](https://imda.moh.gov.vn/documents/10182/10030597/CV+14-2019+g%E1%BB%ADi+HQ+v%E1%BB%81+vi%E1%BB%87c+tri%E1%BB%83n+khai+N%C4%90+169.2018.pdf/f475d523-f6d4-4674-8a6f-8f0a0816331c)**** **- **[**Công văn số 15/BYT-TB-CT ngày 02/01/2019:** Gửi các doanh nghiệp về việc triển khai Nghị định số 169/2018/NĐ-CP ngày 31/12/2018 của Chính Phủ.](https://imda.moh.gov.vn/documents/10182/10030597/CV+15-2019+g%E1%BB%ADi+c%C3%A1c+DN+v%E1%BB%81+vi%E1%BB%87c+tri%E1%BB%83n+khai+N%C4%90+169.2018.pdf/d3e15a64-9dac-48cf-8585-89469ca031f7)**** **- **[**Quy trình Tiếp nhận, xử lý, thẩm định và xét duyệt hồ sơ cấp số đăng ký lưu hành trang thiết bị y tế:**](https://imda.moh.gov.vn/documents/10182/10030597/15.+Quy+trinh+ISO+cap+so+DKLH+TTBYT+theo+ND36.pdf/be106a00-cedb-481c-834f-664f2c59359b)**** **- **[**Quy trình Cấp giấy phép nhập khẩu Trang thiết bị y tế (Theo NĐ 36)**](https://imda.moh.gov.vn/documents/10182/10030597/07.+Quy+trinh+ISO+cap+giay+phep+nhap+khau+TTBYT+theo+ND36.pdf/4e8b1bf0-944d-4c2c-aa72-736e110dada9)**** **- **[**Công văn số 5897/BYT-TB-CT ngày 04/10/2018:** Gửi UBND các tỉnh, thành phố về việc tăng cường hậu kiểm, hướng dẫn đối với các cơ sở sản xuất, kinh doanh TTBYT trên địa bàn.](https://imda.moh.gov.vn/documents/10182/10030597/CV+5897-2018+g%E1%BB%ADi+UBND+t%C4%83ng+c%C6%B0%E1%BB%9Dng+h%E1%BA%ADu+ki%E1%BB%83m+SX+TTBYT.pdf/0d66c017-1f64-4dc5-ba07-0380aaebe032)**** **- **[**Công văn số 7371/BYT-TB-CT ngày 25/12/2017:** Gửi Tổng cục Hải quan về việc thực hiện nội dung Nghị Quyết số 131/NQ-CP ngày 06/12/2017 của Chính phủ.](https://imda.moh.gov.vn/documents/10182/10030597/CV+7371-2017+g%E1%BB%ADi+HQ+th%E1%BB%B1c+hi%E1%BB%87n+NQ+131+c%E1%BB%A7a+CP.pdf/d229cb8c-ebea-4625-8acd-2074a1e0a558)**** **- **[**Công văn số 7165/BYT-TB-CT ngày 14/12/2017:** Gửi các doanh nghiệp về việc thực hiện nội dung Nghị Quyết số 131/NQ-CP ngày 06/12/2017 của Chính phủ.](https://imda.moh.gov.vn/documents/10182/10030597/CV+7165-2017+g%E1%BB%ADi+DN+th%E1%BB%B1c+hi%E1%BB%87n+NQ+131+c%E1%BB%A7a+CP.pdf/603def2c-28a5-4f5e-a7e3-829132d16674)**** **- **[**Công văn số 5278/BYT-TB-CT ngày 19/09/2017:** Gửi các doanh nghiệp về việc thực hiện đăng ký lưu hành trang thiết bị y tế thuộc loại B, C, D theo nghị định số 36/2016/NĐ-CP của Chính phủ.](https://imda.moh.gov.vn/documents/10182/10030597/CV+5278-2017+g%E1%BB%ADi+DN+th%E1%BB%B1c+hi%E1%BB%87n+N%C4%90+36.2016.pdf/8d8df02d-bd86-4337-9624-5f05c2452779)**** **- **[**Quyết định số 4554/QĐ-BYT ngày 22/08/2016 của Bộ Y tế:** Về việc công bố thủ tục hành chính được ban hành tại Nghị định số 36/2016/NĐ-CP ngày 15/5/2016 của Chính phủ về quản lý TTBYT.](https://imda.moh.gov.vn/documents/10182/10030597/Q%C4%90+4554-2016+C%C3%B4ng+b%E1%BB%91+TTHC+th%E1%BB%B1c+hi%E1%BB%87n+N%C4%90+36.2016.pdf/52a5647f-dda9-471f-9268-3b312a6b83a0)****

**- **[Đường link tham dự trực tuyến Hội nghị Đối thoại doanh nghiệp thiết bị y tế năm 2026](https://us06web.zoom.us/j/87029335281?pwd=eibiQ0mviuD57I7aP2gkOVWsfpEdJK.1)****

****- Thời gian bắt đầu:** 08h00, Thứ Hai, ngày 13 tháng 7 năm 2026.**

**+ [https://us06web.zoom.us/j/87029335281?pwd=eibiQ0mviuD57I7aP2gkOVWsfpEdJK.1](https://us06web.zoom.us/j/87029335281?pwd=eibiQ0mviuD57I7aP2gkOVWsfpEdJK.1)**

**+ Mật mã: 720389**

**Đề nghị đại biểu ghi đầy đủ tên Cơ quan, Đơn vị khi tham gia Hội nghị.**

**- **[**Công văn số 5003/BYT-HTTB** ngày 06/07/2026 V/v xin ý kiến góp ý Hồ sơ xây dựng Đề án quản lý chuỗi cung ứng thiết bị y tế](https://imda.moh.gov.vn/documents/10182/10030600/CV5003.BYT.HTTB/0c429293-e734-4837-8c34-3688c349737d)****

****_Kèm theo:_ [QUYẾT ĐỊNH Phê duyệt Đề án “Quản lý chuỗi cung ứng thiết bị y tế giai đoạn 2026 - 2030, định hướng đến năm 2035”](https://imda.moh.gov.vn/documents/10182/10030600/QD.pheduyetdean.5003/c54d6632-5bc7-4854-a70c-2d3f7014486b)****

**_Kèm theo:_ [TỜ TRÌNH Về việc phê duyệt Đề án “Quản lý chuỗi cung ứng thiết bị y tế giai đoạn 2026 - 2030, định hướng đến năm 2035”**  
**""](https://imda.moh.gov.vn/documents/10182/10030600/Totrinh.dean.5003/1f4050bc-63e6-4f70-8761-37474075fb26)**

**_Kèm theo:_ [ĐỀ ÁN QUẢN LÝ CHUỖI CUNG ỨNG THIẾT BỊ Y TẾ GIAI ĐOẠN 2026 – 2030, ĐỊNH HƯỚNG ĐẾN NĂM 2035""](https://imda.moh.gov.vn/documents/10182/10030600/Du-thao-de-an-Chuoicungung6.7/ce8ed5a1-2e47-409c-9bdf-e82ada3e1a3b)**

**- **[**Công văn số 4552/BYT-HTTB** ngày 19/06/2026 V/v xin kiến ý dự thảo Thông tư quy định về xác định mức độ rủi ro, biện****  
****pháp quản lý đối với sản phẩm, hàng hóa là thiết bị y tế và tạm ngưng hiệu lực về danh mục thiết bị y tế phải kiểm định an toàn và tính năng kỹ thuật thiết bị y tế](https://imda.moh.gov.vn/documents/10182/10030600/CV4552.BYT.HTTB/07f97252-ee5c-4918-b3b0-fad9ada1c1ea)****

****_Kèm theo:_ [THÔNG TƯ Quy định về xác định mức độ rủi ro, biện pháp quản lý đối với sản phẩm, hàng hóa là thiết bị y tế và tạm ngưng hiệu lực về danh mục thiết bị y tế phải kiểm định an toàn và tính năng kỹ thuật thiết bị y tế](https://imda.moh.gov.vn/documents/10182/10030600/Thongtu.4552/e4306540-20df-4665-afe0-23cf8f4749d8)****

**_Kèm theo:_ [TỜ TRÌNH Về việc ban hành Thông tư quy định về xác định mức độ rủi ro, biện pháp quản lý đối với sản phẩm, hàng hóa là thiết bị y tế và tạm ngưng hiệu lực về danh mục thiết bị y tế phải kiểm định an toàn và tính năng kỹ thuật thiết bị y tế**  
**""](https://imda.moh.gov.vn/documents/10182/10030600/Totrinh.4552/3aae40b9-a582-4f9c-bf50-335410876c9e)**

****_Kèm theo:_ [Dự thảo Đề án ""Quản lý chuỗi cung ứng thiết bị y tế giai đoạn 2026-2030, định hướng đến năm 2035""](https://imda.moh.gov.vn/documents/10182/84707090/Du_thao_de_an_CV4474.pdf/c6c2287b-0cea-4f6b-86b5-e2d61b8e5179)****

**_Kèm theo:_ [QUYẾT ĐỊNH Phê duyệt Đề án “Quản lý chuỗi cung ứng thiết bị y tế giai đoạn 2026 - 2030, định hướng đến năm 2035”""](https://imda.moh.gov.vn/documents/10182/10030600/Duthaoquyetdinh15.06.2026/6eb7602d-d855-489e-81ef-e663fabd5d4a)**

**_Kèm theo:_ [TỜ TRÌNH Về việc phê duyệt Đề án “Quản lý chuỗi cung ứng thiết bị y tế giai đoạn 2026 - 2030, định hướng đến năm 2035”](https://imda.moh.gov.vn/documents/10182/10030600/Duthaototrinh.15.06.2026/db844d21-f1d8-493e-914e-130b24ab9812)** **- [**Công văn số 720/HTTB-CLSD ngày 14/05/2026** **V/v lưu ý cách đặt mật khẩu phức tạp để đăng nhập hệ thống VIMDA nhằm hạn chế nguy cơ lộ lọt tài khoản**](https://imda.moh.gov.vn/documents/10182/10030600/CV720/b1321227-6f9c-4c1a-a7c6-d4b25a9d0484)** **- [**Công văn số 623/HTTB-CLSD ngày 29/04/2026** **V/v thông báo rà soát, khắc phục lỗ hổng bảo mật hệ thống dịch vụ công trực tuyển Quản lý thiết bị y tế**](https://imda.moh.gov.vn/documents/10182/0/CV623/0a9f63fd-34f5-40e3-9545-6ef2ff3b631f)** **- [**Công văn số 579/TB-HTTB ngày 22/04/2026** **THÔNG BÁO Thực hiện nộp phí đúng quy định tại Thông tư số 64/2025/TT-BTC ngày 30/6/2025 của Bộ Tài chính về quy định mức thu, miễn một số khoản phí, lệ phí nhằm hỗ trợ cho doanh nghiệp, người dân.**](https://imda.moh.gov.vn/documents/10182/10030600/CV579.Phihs/fa362143-91a1-455b-809a-e1554fc5c1f6)**

****[**Công văn số 984/HTTB-ĐKKD** ngày 09/09/2025 V/v danh mục tên thiết bị y tế loại C, D đã cấp số lưu hành](https://imda.moh.gov.vn/documents/10182/10030600/CV984.TBYTdacapdklh/3f7e3c44-37d9-4c5c-a816-594af971ab6f)**** ****[**Công văn số 992/TB-HTTB** ngày 09/09/2025 Thông báo về việc mời tham gia lập Báo cáo kinh tế - kỹ thuật](https://imda.moh.gov.vn/documents/10182/10030600/Thu-moi-992/ab91e0ee-a0c3-492a-acd7-b633e1517f83?version=1.1)**** ****[**Công văn số 991/TB-HTTB** ngày 09/09/2025 Thông báo về việc mời tham gia thẩm tra Báo cáo kinh tế - kỹ thuật](https://imda.moh.gov.vn/documents/10182/10030600/Thu-moi-991/a9842725-5e01-4193-80c6-4dc192b641d5?version=1.0)**** ****[**Công văn số 886/HTTB-ĐKKD** ngày 19/08/2025 V/v mời gửi báo giá dịch vụ tư vấn lập E-HSMT, đánh giá E-HSDT; Tư vấn thẩm định E-HSMT, thẩm định KQLCNT](https://imda.moh.gov.vn/documents/10182/10030600/CV886-Taphuan-phan-loai-tbyt-HN-H/ed64b436-c018-4d31-a8a9-698d311265a8)**** ****[**Công văn số 5469/BYT-HTTB** ngày 18/08/2025 V/v Hướng dẫn doanh nghiệp thực hiện khi thay đổi địa giới hành chính](https://imda.moh.gov.vn/documents/10182/10030600/CV.BYT-Huong-dan-DN-cap-nhat-dia-gioi-hanh-chinh/e2165939-a858-405c-b9b1-3b7bdfe0c343)**** ****[**Công văn số 863/HTTB-ĐKKD** ngày 13/08/2025 V/v mời gửi báo giá dịch vụ cho thuê hội trường, tổ chức Hội Nghị tập huấn phân loại thiết bị y tế tại thành phố Huế và thành phố Hà Nội](https://imda.moh.gov.vn/documents/10182/10030600/cong-van-bao-gia/924fbf05-a83a-42a8-a301-edf39e388798)**** ****[**Giấy mời số 539/GM-BYT** **ngày 29/7/2025 GIẤY MỜI tham gia Hội nghị Đối thoại doanh nghiệp thiết bị y tế năm 2025**](https://imda.moh.gov.vn/documents/10182/10030600/GM_539/8efda2ef-9f61-4080-bb15-0a3455b2d86e)**** ****[**Công văn số 4755/BYT-HTTB** ngày 21/07/2025 V/v xin ý kiến góp ý Dự thảo Thông tư ban hành danh mục mua sắm tập trung cấp quốc gia đối với thiết bị y tế, vật tư xét nghiệm](https://imda.moh.gov.vn/documents/10182/10030600/Xin-y-kien-du-thao-thong-tu-ban-hanh-danh-muc-mua-sam/2a829c5f-fabe-4c0f-97c5-040792a6a75a)**** ****[**TỜ TRÌNH Dự thảo Thông tư ban hành danh mục mua sắm tập trung cấp quốc gia đối với thiết bị y tế, vật tư xét nghiệm**](https://imda.moh.gov.vn/documents/10182/10030600/Du-thao-thong-tu-ban-hanh-danh-muc-mua-sam/5294010f-5058-4a56-b57a-2231b9f9623b)**** ******[**THÔNG TƯ Ban hành danh mục mua sắm tập trung cấp quốc gia đối với thiết bị y tế, vật tư xét nghiệm**](https://imda.moh.gov.vn/documents/10182/10030600/Du-thao-thong-tu-mua-sam/199e39ab-2e24-43e7-b9d1-6cb74eeb28ef)****** ******[**Công văn số 676/TB-HTTB** ngày 10/7/2025 Thông báo V/v kê khai giá thiết bị y tế](https://imda.moh.gov.vn/documents/10182/10030600/Thong-bao-676/6019cf3a-b846-4c7a-b1f1-53293550bee7)****** ******[**Công văn số 638/TB-HTTB** ngày 31/12/2024 Thông báo Danh sách doanh nghiệp thực hiện kê khai giá thiết bị y tế tại Bộ Y tế](https://imda.moh.gov.vn/documents/10182/10030600/Thong-bao-638/8dffa0e5-c3f7-4838-904a-02236a927d09)****** ******[**Công văn số 645/TB-HTTB** **ngày 02/7/2025 Thông báo V/v thay đổi mức thu phí các khoản phí lĩnh vực thiết bj y tế**](https://imda.moh.gov.vn/documents/10182/10030600/Thong-bao-thay-doi-muc-phi-2025/c0567596-7e1a-4685-b6f0-95aeef471e30)****** ******[**Công văn số 3776/BYT-HTTB** **ngày 16/6/2025 V/v chuẩn bị tổ chức Hội nghị đối thoại Doanh nghiệp thiết bị y tế năm 2025 (lần 2)**](https://imda.moh.gov.vn/documents/10182/10030600/CV-gui-dn-tbyt2025%28lan2%29/311471eb-6b35-484e-b5b1-dcdbc396faf3)****** ******[**Công văn số 387/TB-HTTB** **ngày 21/05/2025 V/v Thay đổi địa chỉ trụ sở làm việc Cục Hạ tầng và Thiết bị y tế, Bộ Y tế**](https://imda.moh.gov.vn/documents/10182/10030600/Thong-bao-doi-dia-chi-Cuc-HT/50bd7b5b-4f07-42c2-bff5-ffebcc0d2ccf)****** ******[**Công văn số 32/TB-HTTB** **ngày 13/03/2025 V/v Thay đổi tên tài khoản thu phí thẩm định cấp giấy phép lưu hành, nhập khẩu, công bố thiết bị y tế**](https://imda.moh.gov.vn/documents/10182/10030600/Thongbao-thay-doi-tk-thu-phi/08a67564-0b3e-43bd-8411-f0c5c67fb615)****** ******[**Công văn số 267/BYT-HTTB** ngày 14/01/2025 V/v triển khai Nghị định số 04/2025/NĐ-CP ngày 01/01/2025 của Chính phủ.](https://imda.moh.gov.vn/documents/10182/10030600/CV267/c027f29b-5072-4a0c-a685-ab00c01ed4c3)****** ******[**Công văn số 638/TB-HTTB** ngày 31/12/2024 Thông báo danh sách doanh nghiệp thực hiện kê khai giá thiết bị y tế tại Bộ Y tế](https://imda.moh.gov.vn/documents/10182/10030600/CV638KKG/4f89fa2e-77d9-4b61-becc-3f40b80ffbbf)****** ******[**Công văn số 7910/BYT-HTTB** ngày 21 /12/2024 V/v góp ý dự thảo nghị định sửa đổi, bổ sung nghị định số 98/2021/NĐ-CP.](https://imda.moh.gov.vn/documents/10182/10030600/CV7910.HTTB/da2417c3-66be-4090-bec5-f2d744318ac0) [**Kèm công văn dự thảo Nghị định**](https://imda.moh.gov.vn/documents/10182/10030600/3.Du-thao-nghi-dinh-sua-doi-bo-sung-nghi-dinh-98-2024/d0362296-2e51-45a0-bd51-f4513d2c2a6d)****** ******[**Công văn số 7614/BYT-HTTB** ngày 09/12/2024 V/v đảm bảo nguồn cung thiết bị y tế đối với các giấy phép nhập khẩu hết hạn vào ngày 31/12/2024](https://imda.moh.gov.vn/documents/10182/10030600/7614-CVB/c737f912-655c-4901-b441-2dbbc0633ff7)****** ******[**Công văn số 519/HTTB-ĐKKD** ngày 19/11/2024 V/v cung cấp thông tin TBYT đã được cấp giấy phép Nhập khẩu hết hạn vào ngày 31/12/2024](https://imda.moh.gov.vn/documents/10182/10030600/CV519/5bc5f933-08fc-4538-897f-5ae71d25c779)****** ******[**Công văn số 507/HTTB-VPC** ngày 13/11/2024 Thư mời tham gia thực hiện tư vấn thẩm định E-HSMT và đánh giá E-HSDT gói thầu ""Thuê đơn vị quản lý, vận hành, duy trì hệ thống dịch vụ công trực tuyến quản lý thiết bị y tế](https://imda.moh.gov.vn/documents/10182/10030600/TM507/d86626c4-7fdd-4daf-82f9-761923eedc33)****** ******[**Công văn số 486/BYT-HTTB** ngày 05/11/2024 V/v danh mục tên thiết bị y tế loại C, D đã cấp số lưu hành](https://imda.moh.gov.vn/documents/10182/10030600/CV486/70df1287-49e1-4c95-96f3-3ee23e43ccb4)****** ******[**Công văn số 459/HTTB-CLSD** ngày 22/10/2024 V/v mời báo giá dịch vụ quản trị vận hành hệ thống dịch vụ công trực tuyến về quản lý thiết bị y tế (IMDA)](https://imda.moh.gov.vn/documents/10182/10030600/CV459HTTB.CLSD/c2f128fb-b01e-422a-a885-b68217d93402)****** ******[**Công văn số 6067/BYT-HTTB** ngày 04/10/2024 V/v khảo sát thực trạng và thăm dò ý kiến về các chính sách dự kiến của Dự thảo Luật Thiết bị y](https://imda.moh.gov.vn/documents/10182/10030600/CV6067/bdd6d5d5-88eb-412b-8abe-c9581715b752)****** ******[**Công văn số 6065/BYT-HTTB** ngày 04/10/2024 V/v khảo sát thực trạng và thăm dò ý kiến về các chính sách dự kiến của Dự thảo Luật Thiết bị y tế](https://imda.moh.gov.vn/documents/10182/10030600/CV6065/a67a0ef3-21b1-4ea7-9dbb-6f9d91bec6c9)****** ******[**Công văn số 6032/HTTB-ĐKKD** ngày 04/10/2024 V/v thực hiện phân loại, công bố tiêu chuẩn áp dụng đối với thiết bị y tế](https://imda.moh.gov.vn/documents/10182/10030600/CV6032/778c0c5e-af03-497c-ac81-50b94951a3f3)****** ******[**Công văn số 6031/BYT-HTTB** ngày 04/10/2024 V/v thực hiện phân loại, công bố tiêu chuẩn áp dụng đối với thiết bị y tế](https://imda.moh.gov.vn/documents/10182/10030600/CV6031/6c53ed47-f4db-40d5-9b7b-2d2802bf08a9)****** ******[**Công văn số 365/HTTB-ĐKKD** ngày 12/09/2024 V/v xử lý hồ sơ nhập khẩu thiết bị y tế nộp trước ngày 01/01/2022](https://imda.moh.gov.vn/documents/10182/10030600/CV-xu-ly-ho-so-NK-truoc112022/017c3b2d-a8ae-4d70-9763-936be88744f6)****** ******[**Công văn số 342/HTTB-ĐKKD** ngày 30/08/2024 V/v thay đổi tên miền hệ thống dịch vụ công trực tuyến quản lý thiết bị y tế](https://imda.moh.gov.vn/documents/10182/10030600/CV-thong-bao-chuyen-doi-ten-mien-28082024/0c070b37-b63a-4d3f-bf88-16617836fac8)****** ******[**Dự thảo Thông tư** Quy định về Kê khai giá thiết bị y tế](https://imda.moh.gov.vn/documents/10182/10030600/Du-thao-thong-tu-KKG-2024/2b85a07a-aad7-4271-a263-ca00a4856765)****** ******[**Giấy mời số 333/GM-HTTB** ngày 21/08/2024 V/v Tham dự họp về giải quyết hồ sơ nhập khẩu thiết bị y tế đã nộp trước 01 tháng 01 năm 2022](https://imda.moh.gov.vn/documents/10182/10030600/GM_Hop-truc-tiep-21082024/e12876dc-558a-425f-a573-866b4fe4c8ce)****** ******[**Giấy mời số 332/GM-HTTB** ngày 21/08/2024 V/v Tham dự họp về giải quyết hồ sơ nhập khẩu thiết bị y tế đã nộp trước 01 tháng 01 năm 2022](https://imda.moh.gov.vn/documents/10182/10030600/GM_Hop-truc-tuyen-21082024/1d9890b8-7ac2-4070-88cb-2c75ac4cf283)****** ******[**Công văn số 317/HTTB-ĐKKD** ngày 16/08/2024 V/v cập nhật tài liệu trên Hệ thống dịch vụ công trực tuyến quản lý thiết bị y tế](https://imda.moh.gov.vn/documents/10182/10030600/CV317_TB/1669d512-f8c8-4ff4-ba67-9f1170b4c56d)****** ******[**Quyết định số 2302/QĐ-BYT** ngày 05/08/2024 v/v ban hành hướng dẫn thẩm định hồ sơ pháp lý đối với hồ sơ đăng ký lưu hành thiết bị y tế](https://imda.moh.gov.vn/documents/10182/10030600/Q%C4%902302/06820ffc-6f1b-4441-b5ac-a0dc837480e1)****** ******[**Công văn số 224/HTTB-ĐKKD** ngày 24/11/2023 v/v góp ý dự thảo Quyết định về việc ban hành tiêu chí, nguyên tắc đánh giá Hồ sơ kỹ thuật chung về TTBYT theo quy định ASEAN (hồ sơ CSDT) đối với TTBYT chẩn đoán in vitro](https://imda.moh.gov.vn/documents/10182/49189400/Cong+van+xin+gop+y+tieu+chi+nguyen+tac+danh+gia+ho+so+CSDT+-IVD+ngay+24.11.2023.signed.pdf/66aaaabb-9ead-4a9c-a782-2c3b4047df64)******

******_Kèm theo:_ [Dự thảo Quyết định](https://imda.moh.gov.vn/documents/10182/49189400/Du+thao+Quyet+dinh+huong+dan+danh+gia+ho+so+CSDT+23.11.2023.docx/655823d5-c1ad-406e-8c5b-b4b0b046de92)****** ******[**Công văn số 200/HTTB-ĐKKD** ngày 16/11/2023 v/v góp ý dự thảo Quyết định về việc ban hành tiêu chí, nguyên tắc đánh giá Hồ sơ kỹ thuật chung về TTBYT theo quy định ASEAN (hồ sơ CSDT)](https://imda.moh.gov.vn/documents/10182/49189621/Cong+van+xin+gop+y+tieu+chi+nguyen+tac+danh+gia+CSDT+ngay+16.11.2023.signed.pdf/2968bc5c-d6b5-466e-9c58-e3d5c6e6ac37)******

******_Kèm theo:_ [Dự thảo Quyết định](https://imda.moh.gov.vn/documents/10182/49189621/Du+thao+Quyet+dinh+huong+dan+danh+gia+ho+so+CSDT+16.11.2023.docx/708bb213-beb3-4819-b790-51f81d925651)****** ******[**Công văn số 442/TB-HTTB** ngày 27/09/2023 của Bộ Y tế (Cục Cơ sở Hạ tầng và Thiết bị Y tế) V/v thay đổi tài khoản thu phí thẩm định cấp giấy phép lưu hành, nhập khẩu, xuất khẩu, công bố trang thiết bị y tế](https://imda.moh.gov.vn/documents/10182/10030600/Thong-bao-thay-doi-tai-khoan-thu-phi/dceb28f8-947c-498c-b241-3ac19f39c1df)****** ******[**Công văn số 5440/BYT-HTTB** ngày 28/08/2023 của Bộ Y tế v/v lấy ý kiến góp ý dự thảo Quyết định ban hành 03 Quy trình kiểm định an toàn và tính năng kỹ thuật đối với trang thiết bị y tế](https://imda.moh.gov.vn/documents/10182/10030600/CV+5440+gui+lay+y+kien+cac+don+vi_28.8.2023.signed.pdf/c7352581-3fee-4a24-acfb-077a5bc57ddb)****** ******[**Công văn số 3764/BYT-HTTB** ngày 19/06/2023 của Bộ Y tế v/v xin ý kiến góp ý Dự thảo Thông tư ban hành Danh mục trang thiết bị y tế được xác định mã số hàng hóa theo Danh mục hàng hóa xuất khẩu, nhập khẩu Việt Nam](https://imda.moh.gov.vn/documents/10182/10030600/CV+3764-2023-Cong+van+lay+y+kien+du+thao+Thong+tu+ma+HS.pdf/ee2e8504-267f-44a4-b1bd-1501f85cedcb)******

******_Kèm theo:_ [Dự thảo Thông tư ban hành Danh mục trang thiết bị y tế được xác định mã số hàng hóa theo Danh mục hàng hóa xuất khẩu, nhập khẩu Việt Nam](https://imda.moh.gov.vn/documents/10182/10030600/CV+3764-2023-Du+thao+Thong+tu+ma+HS+ve+TTBYT.pdf/a3a1119f-a1be-4a6e-b4e3-04c87c6a467f)****** ******[**Quyết định số 1345/QĐ-BYT** ngày 13/03/2023 v/v ban hành hướng dẫn thẩm định, hậu kiểm hồ sơ kỹ thuật, lâm sàng trong hồ sơ đăng ký lưu hành trang thiết bị y tế không phải trang thiết bị y tế chẩn đoán in vitro (trang thiết bị y tế chung)](https://imda.moh.gov.vn/documents/10182/10030600/1345.signed+%28HD+tham-dinh-ho-so-ky-thuat-lam-sang+non+IVD%29.pdf/b7c34f2b-2702-4901-a0f0-e135d8ccc112)****** ******[**Công văn số 947/BYT-PC** ngày 27/02/2023 của Bộ Y tế v/v cung cấp thông tin phục vụ hoạt động hỗ trợ pháp lý doanh nghiệp](https://imda.moh.gov.vn/documents/10182/10030600/CV+947-BYT-PC-27.02.2023/5fa45877-5e72-4566-bbb6-5504b82cc97d)****** ******[**Công văn số 838/BYT-TB-CT** ngày 22/02/2023 của Bộ Y tế v/v lấy ý kiến dự thảo Thông tư sửa đổi, bổ sung Thông tư số 19/2021/TT-BYT](https://imda.moh.gov.vn/documents/10182/10030600/CV+838-BYT-TB-CT+lay+y+kien+du+thao+sua+doi+TT19/f91b9069-815c-4441-93ae-a1c53051aace)****** ******[**Quyết định số 3435/QĐ-BYT** ngày 21/12/2022 v/v ban hành hướng dẫn thẩm định, hậu kiểm hồ sơ kỹ thuật, lâm sàng trong hồ sơ đăng ký lưu hành trang thiết bị y tế chẩn đoán in vitro](https://imda.moh.gov.vn/documents/10182/10030600/Q%C4%90+3435.signed+%2821.12.2022%29-Huong-dan-tham-dinh-ho-so-ky-thuat-lam-sang+IVD.pdf/da862832-203b-44d8-85ef-2b81c406b81f)****** ******[**Quyết định số 3007/QĐ-BYT** ngày 03/11/2022 v/v ban hành hướng dẫn thẩm định, hậu kiểm hồ sơ pháp lý trong hồ sơ đăng ký lưu hành trang thiết bị y tế](https://imda.moh.gov.vn/documents/10182/10030600/3007.signed+%28QD-Huong-dan-tham-dinh-ho-so-phap-ly%29.pdf/ff369466-b8d6-453f-9001-d40e1906e31f)****** ******- [Dự thảo Nghị định sửa đổi, bổ sung Nghị định 98/2021/NĐ-CP](https://imda.moh.gov.vn/documents/10182/10030600/Du+thao+Nghi+dinh+sua+doi+Nghi+dinh+98/e9fe9eb2-f644-4b36-9f83-b90a60b2e980)******

******- [Dự thảo Thông tư sửa đổi, bổ sung Thông tư 19/2021/TT-BYT](https://imda.moh.gov.vn/documents/10182/10030600/Du+thao+thong+tu+sua+doi+Thong+tu+19/5cb9da0b-f51a-4232-90cb-4b6e8091e946)****** ****- **[**Công văn số 7183/BYT-TB-CT** ngày 13/12/2022 của Bộ Y tế v/v mời doanh nghiệp thẩm định giá](https://imda.moh.gov.vn/documents/10182/10030600/CV+7183+moi+doanh+nghiep+tham+dinh+gia+2022.12.13/156c384d-30de-40f1-8f0c-e668c112ec80)****** ****- **[**Giấy mời số 203/GM-BYT** Tham dự Hội nghị trực tuyến hướng dẫn thực hiện quy định về kê khai, công khai giá trang thiết bị y tế](https://imda.moh.gov.vn/documents/10182/0/GM+hoi+thao+huong+dan+ke+khai+gia+SYT%2C+DN+-+Final.signed.pdf/c91d6015-0ee0-42b2-a162-13084556466b)****** ****- **[Hướng dẫn tham dự Hội nghị trực tuyến ngày 29/03/2022](https://imda.moh.gov.vn/documents/10182/0/H%C6%B0%E1%BB%9Bng+d%E1%BA%ABn+tham+d%E1%BB%B1+H%E1%BB%99i+ngh%E1%BB%8B+29.3.2022.docx/5618152a-6dda-4c64-ad2f-3d76ee2a3fc9)****** ****- **[**Công văn số 913/BYT-TB-CT** V/v đảm bảo cung cấp trang thiết bị y tế phục vụ phòng, chống dịch COVID-19](https://imda.moh.gov.vn/documents/10182/0/C%C3%B4ng+v%C4%83n+%C4%91%E1%BA%A3m+b%E1%BA%A3o+cung+c%E1%BA%A5p+TTBYT+ph%C3%B2ng+ch%E1%BB%91ng+d%E1%BB%8Bch+COVID-1925.02.2022)****** ****- **[**Công văn số 10725/BYT-TB-CT** V/v lấy ý kiến dự thảo Thông tư quy định chi tiết thi hành và biện pháp thực hiện Nghị định số 98/2021/NĐ-CP](https://imda.moh.gov.vn/documents/10182/0/CV+gui+lay+y+kien+du+thao+Thong+tu+quy+dinh+1+so+dieu+ND98.rar/cf940336-172b-42b8-9689-ab12bc300ce0)****** ****- **[**Công văn số 8506/BYT-TB-CT** V/v triển khai phần mềm kết nối 5 TTHC lĩnh vực trang thiết bị y tế với Cổng thông tin một cửa quốc gia trên hệ thống DMEC](https://imda.moh.gov.vn/documents/10182/10030600/CV+gui+Doanh+nghiep_Tam+ngung+he+thong+DMEC_ngay+08.10.2021.signed.pdf/3c5a9405-6e8d-4966-aa07-cb47ea1b5b6f)****** ****- **[**Công văn số 4882/BYT-TB-CT** V/v nghiên cứu, chuẩn bị triển khai áp dụng Hồ sơ kỹ thuật chung ASEAN.](https://imda.moh.gov.vn/documents/10182/0/Cong+van+thong+bao+CSDT+6.21.signed.pdf/2ad09add-ba71-4eab-83fc-b780a7efa240)****** ****- **[**Công văn số 3749/BYT-TB-CT** V/v góp ý dự thảo Quyết định ban hành hướng dẫn cách chuẩn bị hồ sơ kĩ thuật chung về TTBYT theo quy định của ASEAN kèm theo Quyết định hướng dẫn.](https://imda.moh.gov.vn/documents/10182/0/C%C3%B4ng+v%C4%83n+s%E1%BB%91+3749+BYT-TB-CT.rar/f18d6ef1-ea17-4291-8c06-57c972b4476a)****** ****- **[**Công văn số 2271/BYT-TB-CT** V/v lấy ý kiến dự thảo Nghị định về quản lý trang thiết bị y tế.](https://imda.moh.gov.vn/documents/10182/0/CV+gui+lay+y+kien+cac+Bo+nganh+don+vi.rar/80bb4e79-6d67-45bd-abf2-f1afaac049fe)****** ****- **[**Công văn số 1762/BYT-TB-CT** V/v lấy ý kiến dự thảo Quyết định ban hành 03 Quy trình kiểm định an toàn và tính năng kỹ thuật đối với TTBYT (lần 2) kèm theo 03 Quy trình kiểm định.](https://imda.moh.gov.vn/documents/10182/0/C%C3%B4ng+v%C4%83n+s%E1%BB%91+1762BYT-TB-CT.rar/30b31094-b63b-4a34-b015-a96867b58b0e)****** ****- **[Tài liệu hội thảo xây dựng phần mềm quản lý PPE](https://imda.moh.gov.vn/documents/10182/10030600/Ta%CC%80i+lie%CC%A3%CC%82u+to%CC%82%CC%89ng+ho%CC%9B%CC%A3p+Ho%CC%A3%CC%82i+tha%CC%89o+PPE.pdf/d2f78667-48d6-4b40-b1cd-d06a39ce22bf).****** ****- **[**Văn bản số 5112/BYT-TB-CT** Về việc lấy ý kiến dự thảo Thông tư ban hành danh mục trang thiết bị y tế phải kiểm định.](https://imda.moh.gov.vn/documents/10182/10030600/CV+gui+lay+y+kien+cac+Bo%2C+nganh%2C+don+vi+lan+2.signed.pdf/63dbd10d-59d3-47b9-b129-58ec5a47b19b)****** ****- **[**Văn bản số 3697/BYT-TB-CT** Về việc lấy ý kiến dự thảo Thông tư ban hành 04 Quy trình kiểm định an toàn và tính năng kỹ thuật đối với trang thiết bị y tế](https://imda.moh.gov.vn/documents/10182/10030600/3697_BYT-TB-CT_10072020_2-signed.pdf/475fbd09-ddba-4779-8767-3e891b88f9c2).****** ******[Link Dự thảo thông tư kiểm định TTBYT](https://imda.moh.gov.vn/documents/10182/10030600/Du+thao+Thong+tu+kiem+dinh+TTBYT+ngay+2020.7.06.docx/8f87c6b6-b54a-498e-887e-677f81a16fdd)****** ****- **[**Giấy mời số 455/GM-BYT** Giấy mời Hội thảo ""Tăng cường chất lượng, năng lực sản xuất và giải đáp, hỗ trợ xuất khẩu vật tư, trang thiết bị phòng, chống dịch COVID-19"". (Khu vực phía Nam)](https://imda.moh.gov.vn/documents/10182/10030600/455+GM-BYT.pdf/3528de8f-f6d0-4605-9126-0dc7f40f31cc).****** ****- **[**Giấy mời số 427/GM-BYT** Giấy mời Hội thảo ""Tăng cường chất lượng, năng lực sản xuất và giải đáp, hỗ trợ xuất khẩu vật tư, trang thiết bị phòng, chống dịch COVID-19""](https://imda.moh.gov.vn/documents/10182/10030600/427+GM+BYT.pdf/dba9b086-928c-4a93-9b53-21b79c71720d).****** ****- **[**Danh sách tổ chức chứng nhận tiêu chuẩn ISO đã đăng ký hoạt động chứng nhận tại Việt Nam theo quy định tại Nghị định số 107/2016/NĐ-CP ngày 01/7/2016 của Chính phủ quy định về điều kiện kinh doanh đánh giá sự phù hợp**](https://tcvn.gov.vn/2018/03/3154/?utm_source=zalo&utm_medium=zalo&utm_campaign=zalo&zarsrc=30)****** ****- **[**Công văn 1957/BYT-TB-CT** Xin ý kiến dự thảo Thông tư quy định một số nội dung trong đấu thầu TTBYT tại các cơ sở y tế Công lập](https://imda.moh.gov.vn/documents/10182/10030600/CV+1957_2020+Xin+%C3%BD+ki%E1%BA%BFn+d%E1%BB%B1+th%E1%BA%A3o+Th%C3%B4ng+t%C6%B0+quy+%C4%91%E1%BB%8Bnh+%C4%91%E1%BA%A5u+th%E1%BA%A7u+TTBYT.pdf/64887154-24b2-4103-971e-0cbc06c8debf).****** ******[Xem file Thông tư quy định đấu thầu TTBYT](https://imda.moh.gov.vn/documents/10182/10030600/Thong+tu+quy+dinh+dau+thau+TTBYT+ngay+07.4.2020.docx/4a985488-3eca-4674-859d-04b82bbfaea8)****** ****- **[**Công văn 312/CV-BM** Cung cấp các trang thiết bị phục vụ công tác phòng, chống dịch COVID-19 của BV Bạch Mai .](https://imda.moh.gov.vn/documents/10182/10030600/CV+312+Cung+c%E1%BA%A5p+TTB+ph%C3%B2ng+ch%E1%BB%91ng+d%E1%BB%8Bch+Covid19+c%E1%BB%A7a+B%E1%BB%87nh+vi%E1%BB%87n+B%E1%BA%A1ch+Mai.pdf/47d82296-8f43-4735-bc2d-a2c46401b9b7)****** ****- **[**Công văn 344/BVCR-TTBYT** Cung cấp các trang thiết bị phục vụ công tác phòng, chống dịch COVID-19 của BV Chợ Rẫy .](https://imda.moh.gov.vn/documents/10182/10030600/Co%CC%82ng+va%CC%86n+344.pdf/f31efd5e-2d04-49f6-9c66-9b2004eac804)****** ****- **[**Giấy mời số 1254** Tham dự hội nghị đối thoại doanh nghiệp về các quy định trong Quản lý TTBYT - Khu vực Phía Nam.](https://imda.moh.gov.vn/documents/10182/10030600/GM+1254+H%E1%BB%99i+ngh%E1%BB%8B+%C4%91%E1%BB%91i+tho%E1%BA%A1i+Mi%E1%BB%81n+Nam.pdf/fbc9258d-dbc4-49a3-999d-f2c6c3e78fc6)****** ****- **[**Giấy mời số 1111** Tham dự hội nghị đối thoại doanh nghiệp về các quy định trong Quản lý TTBYT - Khu vực Phía Bắc.](https://imda.moh.gov.vn/documents/10182/10030600/GM+1111+H%E1%BB%99i+ngh%E1%BB%8B+%C4%91%E1%BB%91i+tho%E1%BA%A1i+Mi%E1%BB%81n+B%E1%BA%AFc.pdf/532a3a03-7514-447f-83c4-961a33c1677d)****** ****- **[**Giấy mời số 383/GM-BYT ngày 24/05/2019:** Gửi các cơ sở đủ điều kiện phân loại TTBYT tham dự Hội nghị phổ biến quán triệt triển khai Nghị định 36/2016/NĐ-CP và Nghị định 169/2018/NĐ-CP (Khu vực phía Bắc).](https://imda.moh.gov.vn/documents/10182/10030600/GM+383-2019+H%E1%BB%99i+ngh%E1%BB%8B+t%E1%BA%ADp+hu%E1%BA%A5n+ph%C3%A2n+lo%E1%BA%A1i+M.B%E1%BA%AFc.pdf/9ed07e8b-a959-4252-8e97-565a607bce66)****** ****- **[**Giấy mời số 384/GM-BYT ngày 24/05/2019:** Gửi các cơ sở đủ điều kiện phân loại TTBYT tham dự Hội nghị phổ biến quán triệt triển khai Nghị định 36/2016/NĐ-CP và Nghị định 169/2018/NĐ-CP (Khu vực phía Nam).](https://imda.moh.gov.vn/documents/10182/10030600/GM+384-2019+H%E1%BB%99i+ngh%E1%BB%8B+t%E1%BA%ADp+hu%E1%BA%A5n+ph%C3%A2n+lo%E1%BA%A1i+M.Nam.pdf/e4cd5253-5636-4fae-b5a3-d539e359fa06)****** ****- **[**Công văn số 1444/BYT-TB-CT ngày 19/03/2019:** Gửi các Sở Y tế; các Bệnh viện, các doanh nghiệp về việc thay đổi ngày tổ chức Hội Nghị triển khai Nghị định 169/2018/NĐ-CP (Khu vực Miền Trung - Tây Nguyên).](https://imda.moh.gov.vn/documents/10182/10030600/CV+1444-2019+Thay+%C4%91%E1%BB%95i+ng%C3%A0y+t%E1%BB%95+ch%E1%BB%A9c+H%E1%BB%99i+ngh%E1%BB%8B+theo+GM+153.pdf/911bb240-6c48-4e48-bca4-6c69bcee989e)****** ****- **[**Giấy mời số 153/GM-BYT ngày 05/03/2019:** Gửi các Sở Y tế; các Bệnh viện, các doanh nghiệp tham dự Hội nghị phổ biến triển khai Nghị định 169/2018/NĐ-CP (Khu vực Miền Trung - Tây Nguyên).](https://imda.moh.gov.vn/documents/10182/10030600/GM+153-2019+H%E1%BB%99i+ngh%E1%BB%8B+ph%E1%BB%95+bi%E1%BA%BFn+N%C4%90169.2018+M.Trung.pdf/4efde5fe-bc92-4a83-975d-2876e55d5e30)****** ****- **[**Giấy mời số 113/GM-BYT ngày 19/02/2019:** Gửi các Sở Y tế; các Bệnh viện tham dự Hội nghị phổ biến triển khai Nghị định 169/2018/NĐ-CP (Khu vực Miền Nam).](https://imda.moh.gov.vn/documents/10182/10030600/GM+113-2019+g%E1%BB%ADi+SYT+H%E1%BB%99i+ngh%E1%BB%8B+ph%E1%BB%95+bi%E1%BA%BFn+N%C4%90169.2018+M.Nam.pdf/c9d3c65d-ceb6-405a-9636-2628d4446290)****** ****- **[**Giấy mời số 109/GM-BYT ngày 18/02/2019:** Gửi các Sở Y tế; các Bệnh viện tham dự Hội nghị phổ biến triển khai Nghị định 169/2018/NĐ-CP (Khu vực Miền Bắc).](https://imda.moh.gov.vn/documents/10182/10030600/GM+109-2019+g%E1%BB%ADi+SYT+H%E1%BB%99i+ngh%E1%BB%8B+ph%E1%BB%95+bi%E1%BA%BFn+N%C4%90169.2018+M.B%E1%BA%AFc.pdf/19b4d099-2e2b-4b5c-b589-f2d2cf46917d)****** ****- **[**Công văn số 202/BYT-TB-CT ngày 14/01/2019:** Gửi Bệnh viện Thống Nhất; các doanh nghiệp về việc thay đổi ngày tổ chức Hội nghị phổ biến nội dung Nghị định 169/2018/NĐ-CP  (Khu vực phía Nam)](https://imda.moh.gov.vn/documents/10182/10030600/CV+202-2019+Thay+%C4%91%E1%BB%95i+ng%C3%A0y+t%E1%BB%95+ch%E1%BB%A9c+H%E1%BB%99i+ngh%E1%BB%8B+theo+GM+35.pdf/ee4732b2-ee56-4664-9647-081c1ef2aa83)****** ****- **[**Giấy mời số 35/GM-BYT ngày 10/01/2019:** Gửi các doanh nghiệp tham dự Hội nghị phổ biến nội dung Nghị định 169/2018/NĐ-CP (Khu vực phía Nam).](https://imda.moh.gov.vn/documents/10182/10030600/GM+35-2019+g%E1%BB%ADi+DN+H%E1%BB%99i+ngh%E1%BB%8B+ph%E1%BB%95+bi%E1%BA%BFn+N%C4%90169.2018+M.Nam.pdf/6c423e6f-fcec-4a5e-8b54-6ceeb121ee33)****** ****- **[**Giấy mời số 30/GM-BYT ngày 09/01/2019:** Gửi các doanh nghiệp tham dự Hội nghị phổ biến nội dung Nghị định 169/2018/NĐ-CP (Khu vực Phía Bắc).](https://imda.moh.gov.vn/documents/10182/10030600/GM+30-2019+g%E1%BB%ADi+DN+H%E1%BB%99i+ngh%E1%BB%8B+ph%E1%BB%95+bi%E1%BA%BFn+N%C4%90169.2018+M.B%E1%BA%AFc.pdf/769b2f66-c824-4511-a090-52bf8b3414ae)******

**#### [Tài liệu tham khảo](https://imda.moh.gov.vn/web/guest/tai-lieu-tham-khao)**

**- **Dự thảo 03 Quy trình kiểm định (Lần 4)** xin ý kiến kèm theo giấy mời họp ngày 02/10/2023**

**[- QT Kiểm định an toàn và tính năng kỹ thuật máy thận nhân tạo](https://imda.moh.gov.vn/documents/10182/46289466/QT-kiem-dinh-an-toan-va-tinh-nang-ky-thuat-may-than-nhan-tao-15-8-2023/353cdf44-f0c7-4e2d-8b7d-cd14ab34936f)**

**- **[**Tài liệu Hội nghị phổ biến Nghị định 98/2021/NĐ-CP - Sở Y tế**](https://imda.moh.gov.vn/documents/10182/0/Tai+lieu+So+Y+te.pdf/3008875c-cc6f-4e2d-825c-34a6c8e83e1e)**** **- **[**Tài liệu Hội nghị phổ biến Nghị định 98/2021/NĐ-CP - Doanh nghiệp**](https://imda.moh.gov.vn/documents/10182/0/Tai+lieu+Doanh+nghiep.pdf/5f47e647-89b6-412f-8844-7be7c8e4557a)**** **- **[**Quyết định tạm thời về việc chuyển đổi sang chai chứa khí Oxy y tế**](https://imda.moh.gov.vn/documents/10182/0/Quyet+dinh+tam+thoi+ve+chuyen+doi+sang+chai+chua+khi+oxy+y+te-sua_11.8.2021.docx/99722e28-d842-42e2-af84-4c7c93afa21e)**** **- **[**Tăng cường sản xuất, cung ứng và đầu tư, cải tạo mở rộng hệ thống Oxy khí y tế đáp ứng nhu cầu điều trị Covid-19.**](https://imda.moh.gov.vn/documents/10182/0/Ngmtuan_%C4%90a%CC%89m+ba%CC%89o+O2+y+te%CC%82%CC%81+phu%CC%A3c+vu%CC%A3+%C4%91ie%CC%82%CC%80u+tri%CC%A3+Covid-19+tre%CC%82n+ca%CC%89+nu%CC%9Bo%CC%9B%CC%81c_02.8.2021.pdf/f1d3c815-4b67-4756-a04b-525eda615b13)**** **- **[Một số lưu ý trong đấu thầu Trang thiết bị y tế hiện nay](https://imda.moh.gov.vn/documents/10182/10030661/2-CLBGD+PN2020_Mot+so+noi+dung+trong+Dau+thau+TTBYT_10.11.2020.pdf/88bdd449-d17c-4224-a580-65a51ee1b3ea)**** **- **[Mẫu giấy chứng nhận lưu hành tự do](https://imda.moh.gov.vn/documents/10182/10030661/M%E1%BA%ABu+Gi%E1%BA%A5y+ch%E1%BB%A9ng+nh%E1%BA%ADn+l%C6%B0u+h%C3%A0nh+t%E1%BB%B1+do.pdf/914d40b0-9d3c-434c-9867-80b637f1cc1b)**** **- **[Một số quy định mới trong đấu thầu Trang thiết bị y tế](https://imda.moh.gov.vn/documents/10182/10030661/Bai+trinh+bay+ve+dau+thau+TTBYT.pdf/6dd610c9-7a6b-4c33-ba11-4c9d7b7d7a39)**** **- **[**Quyết định số 322** Hướng dẫn chẩn đoán điều trị viêm đường hô hấp cấp tính do chủng Virus Corona mới (2019-nCoV)](https://dmec.moh.gov.vn/documents/10182/10030661/quyet-dinh-322-qd-byt-huong-dan-chan-doan-dieu-tri-viem-duong-ho-hap-cap-tinh.pdf/fec4bd49-a872-49f0-b599-d6f3528ec64e)**** **- **[**Quyết định số 225** Thành lập đội cơ động phản ứng nhanh chống dịch viêm đường hô hấp cấp do chủng mới virus corona (nCoV).](https://dmec.moh.gov.vn/documents/10182/10030661/quyet-dinh-225-qd-byt-2020-doi-co-dong-phan-ung-nhanh-chong-dich-viem-duong-ho-hap+%281%29.pdf/757f8d28-54d6-4115-bea8-2d177a1b9eed)**** **- **[**Quyết định 181** Về việc ban hành ""Hướng dẫn tạm thời giám sát, phòng, chống bệnh viêm đường hô hấp cấp do chủng mới virus corona"".](https://dmec.moh.gov.vn/documents/10182/10030661/quyet-dinh-181-qd-byt-huong-dan-phong-chong-benh-viem-duong-ho-hap-do-virus-corona.pdf/767bbb73-6b30-45cf-9887-dcd917b47bf7)**** **- **[**Quyết định 156** Về việc ban hành kế hoạch đáp ứng với bệnh viêm phổi cấp do chủng mới của virus Corona .](https://dmec.moh.gov.vn/documents/10182/10030661/quyet-dinh-156-qd-byt-2020-ke-hoach-dap-ung-voi-benh-viem-phoi-cap-do-virus-corona.pdf/248066cc-e3b0-49ea-ba21-08087a19600d)**** **- **[**Công văn 104/KCB-NV** Về việc đảm bảo trang bị TTB- Thuốc-VTTH cho đơn vị cách lý điều trị bệnh viêm đường hô hấp do nCoV.](https://dmec.moh.gov.vn/documents/10182/10030661/CV+101+Cuc+KCB+dam+bao+thuoc+vat+tu+cho+don+vi+dieu+tri+dich+viem+phoi+do+Corona.pdf/ee84c56c-ea74-47dd-bd8f-cc8a6fcad30d)**** **- **[**Số 108/KCB-QLCL&CĐT** Về việc hướng dẫn tạm thời về xét nghiệm chủng mới của Virus Corona (nCoV).](https://dmec.moh.gov.vn/documents/10182/10030661/365067_108-kcb-qlclcdt.pdf/eed9411b-4651-481f-82c4-3d6678059c07)**** **- **[**Tài liệu:** NGHỊ ĐỊNH Sửa đổi, bổ sung một số quy định liên quan đến điều kiện đầu tư kinh doanh lĩnh vực trang thiết bị y tế](https://imda.moh.gov.vn/documents/10182/10030661/DuthaonghidinhTTBYT2019/0fc7e2b7-b637-42d8-a64e-fef34957545c)**** **- **[**Tài liệu:** Hội nghị phổ biến quy định về hoạt động phân loại TTBYT.](https://imda.moh.gov.vn/documents/10182/10030661/T%C3%A0i+li%E1%BB%87u+H%E1%BB%99i+ngh%E1%BB%8B+t%E1%BA%ADp+hu%E1%BA%A5n+ph%C3%A2n+lo%E1%BA%A1i+TTBYT.pdf/97679e25-ac9d-42a2-8c8e-a27333628e03)**** **- **[**Tài liệu:** Hội nghị phổ biến Nghị định 169/2018/NĐ-CP cho các nhà quản lý tại Sở Y tế và các Bệnh viện.](https://imda.moh.gov.vn/documents/10182/10030661/T%C3%A0i+li%E1%BB%87u+H%E1%BB%99i+ngh%E1%BB%8B+ph%E1%BB%95+bi%E1%BA%BFn+N%C4%90169.2018+cho+SYT+BV.pdf/0c765d54-b3dc-4f84-a4e0-3bf76ca98232)**** **- **[**Tài liệu:** Hội nghị phổ biến Nghị định 169/2018/NĐ-CP cho doanh nghiệp.](https://imda.moh.gov.vn/documents/10182/10030661/T%C3%A0i+li%E1%BB%87u+H%E1%BB%99i+ngh%E1%BB%8B+ph%E1%BB%95+bi%E1%BA%BFn+N%C4%90169.2018+cho+DN.pdf/63ea519c-960d-409d-b167-c5b00a6b8e5b)**** **- **[**Tổng hợp:** Dự thảo nội dung cắt giảm, sửa đổi, bổ sung quy định tại Nghị định 36/2016/NĐ-CP.](https://imda.moh.gov.vn/documents/10182/10030661/T%E1%BB%95ng+h%E1%BB%A3p+d%E1%BB%B1+th%E1%BA%A3o+n%E1%BB%99i+dung+s%E1%BB%ADa+%C4%91%E1%BB%95i+N%C4%9036.2016.docx/edd5f852-caff-4c1d-9c70-fbfbdfbd967c)****",DISCOVERED_UNSCREENED
MOH,moh.gov.vn,DQ-IMPL-04,9,https://moh.gov.vn/index.jsp?pageId=5803&aid=152899&cid=8355,Tầm soát bệnh đái tháo đường: Bảo vệ sức khỏe từ những ...,"Do vậy, khám tầm soát là cách đơn giản và hiệu quả nhất để phát hiện bệnh sớm, từ đó can thiệp kịp thời và ngăn ngừa những hậu quả đáng tiếc về sau.",DISCOVERED_UNSCREENED
MOH,moh.gov.vn,DQ-IMPL-04,10,https://moh.gov.vn/index.jsp?pageId=5803&aid=151511&cid=8474,"Chiến lược quốc gia bảo vệ, chăm sóc và nâng cao sức ...","... hậu, các tình huống khẩn cấp về y tế công cộng. Từng bước kiểm soát các ... sở, y tế vùng đồng bào dân tộc thiểu số và miền núi, biên giới, biển đảo ...",DISCOVERED_UNSCREENED
MOH,moh.gov.vn,DQ-IMPL-04,11,https://moh.gov.vn/index.jsp?pageId=5803&aid=156098&cid=8351,Thứ trưởng Thường trực Bộ Y tế Vũ Mạnh Hà: Văn phòng ...,"... hậu cần, cơ sở vật chất và y tế cơ quan. Triển khai đồng bộ các nhiệm vụ ... sở y tế công lập làm căn cứ cho các đơn vị thực hiện nhiệm vụ · Khẩn trương ...",DISCOVERED_UNSCREENED
MOH,moh.gov.vn,DQ-IMPL-04,12,https://moh.gov.vn/index.jsp?pageId=5803&aid=134788&cid=8354,Cổng thông tin,"Phó Thủ tướng Trương Hòa Bình: Tất cả cơ sở y tế phải kiểm tra chất ma túy ... hậu quả sức khoẻ, kinh tế, các vấn đề xã hội khác. Bộ Y tế đề xuất lấy ...",DISCOVERED_UNSCREENED
MOH,moh.gov.vn,DQ-IMPL-04,13,https://moh.gov.vn/index.jsp?pageId=5803&aid=156471&cid=8335,"Thủ tướng Chính phủ Phạm Minh Chính chúc Tết, kiểm tra ...","Chào mừng quý vị đến với Cổng thông tin điện tử Bộ Y tế – Kênh thông tin chính thống, minh bạch và vì sức khỏe nhân dân.",DISCOVERED_UNSCREENED
MOH,moh.gov.vn,DQ-IMPL-04,14,https://moh.gov.vn/index.jsp?pageId=5803&aid=134677&cid=8354,Cổng thông tin,"Vụ Sức khỏe bà mẹ - trẻ em (Bộ Y tế) vừa có văn bản yêu cầu Sở Y tế Hà Tĩnh báo cáo về trường hợp sản phụ Nguyễn Thị H. (36 tuổi, Thạch Tân, Thạch Hà, Hà Tĩnh) ...",DISCOVERED_UNSCREENED
MOH,moh.gov.vn,DQ-IMPL-04,15,https://cds.moh.gov.vn/tin-tuc-tong-hop-chi-tieu-cds/-/asset_publisher/q59FuAXJObVO/content/phong-chong-lua-ao-bao-ve-du-lieu-ca-nhan-trong-ky-nguyen-ai?inheritRedirect=false,"Phòng chống lừa đảo, bảo vệ dữ liệu cá nhân trong kỷ ...","Không thể phủ nhận, trí tuệ nhân tạo (AI) đang mở ra những cơ hội chưa từng có cho tăng trưởng và đổi mới sáng tạo. Trong lĩnh vực ngân hàng, AI giúp tối ưu ...",DISCOVERED_UNSCREENED
MOH,moh.gov.vn,DQ-IMPL-04,16,https://moh.gov.vn/index.jsp?pageId=5803&aid=168633&cid=8351,"Nâng cao quy trình khám chữa bệnh, tiếp nhận và điều trị ...",... hậu cần hiện đại. Công trình được kết nối với các khối nhà hiện ... Viện trưởng Viện Kiểm định Quốc gia Vắc xin và Sinh phẩm y tế · Thứ ...,DISCOVERED_UNSCREENED
MOH,moh.gov.vn,DQ-IMPL-04,17,https://cds.moh.gov.vn/trang-chu/-/asset_publisher/Z6WIslRncq2B/content/benh-an-ien-tu-buoc-ot-pha-chuyen-oi-so-trong-cac-benh-vien-quan-y?inheritRedirect=false,Bước đột phá chuyển đổi số trong các bệnh viện quân y,"... Bệnh viện Đa khoa Hợp Lực (tỉnh Thanh Hóa), Trung tâm Thông tin y tế Quốc gia phối hợp với Hội Hành nghề y tư nhân Việt Nam và Sở Y tế Thanh Hóa tổ chức Hội ...",DISCOVERED_UNSCREENED
MOH,moh.gov.vn,DQ-IMPL-04,18,https://imda.moh.gov.vn/documents/10182/10030661/T%C3%A0i+li%E1%BB%87u+H%E1%BB%99i+ngh%E1%BB%8B+ph%E1%BB%95+bi%E1%BA%BFn+N%C4%90169.2018+cho+SYT+BV.pdf/0c765d54-b3dc-4f84-a4e0-3bf76ca98232,"hội nghị phổ biến, triển khai nghị định 169/2018/nđ-cp","nhận 03 TTHC được phân cấp và thực hiện việc hậu kiểm, quản lý trên địa bàn. 16. BỆNH VIỆN. 2. Sở Y tế: Tiếp tục triển khai việc tiếp nhận 03 ...",DISCOVERED_UNSCREENED
MOH,moh.gov.vn,DQ-IMPL-04,19,https://imda.moh.gov.vn/documents/10182/10030600/Totrinh.dean.5003/1f4050bc-63e6-4f70-8761-37474075fb26,Trang thiết bị y tế - Bộ Y tế,"+ Chuyển mạnh từ tiền kiểm sang hậu kiểm trong kiểm soát chất lượng thông qua ... quốc gia hỗ trợ nghiên cứu, ứng dụng trí tuệ nhân tạo (AI) và dữ liệu lớn (Big.",DISCOVERED_UNSCREENED
MOH,moh.gov.vn,DQ-IMPL-04,20,http://moh.gov.vn/index.jsp?pageId=5803&aid=168646&cid=8356,"Đổi mới phương thức quản lý, kiểm soát toàn chuỗi ...","Sở y tế các tỉnh, thành phố trực thuộc TW · Y tế các ngành. Đổi ... hậu kiểm. Sau khi lưu hành, toàn bộ sản phẩm sẽ được giám sát thông ...",DISCOVERED_UNSCREENED
MOH,moh.gov.vn,DQ-IMPL-04,21,https://moh.gov.vn/index.jsp?pageId=5803&aid=166878&cid=8430,"Y tế vào danh mục 20 cơ sở dữ liệu quốc gia, bước tiến ...",... trí tuệ nhân tạo; cơ sở dữ liệu quốc gia về tài chính; cơ sở dữ liệu ... Bệnh án điện tử - bước đột phá trong hệ thống bệnh viện quân y · Chuẩn hóa dữ ...,DISCOVERED_UNSCREENED
MOH,moh.gov.vn,DQ-IMPL-04,22,https://moh.gov.vn/index.jsp?pageId=5803&aid=168224&cid=8351,Đoàn công tác Bộ Y tế làm việc với các trường đại học của ...,"Thứ trưởng Bộ Y tế: Hoàn thiện thể chế, chuyển đổi số và hậu kiểm là trọng tâm quản lý thiết bị y tế · Thứ trưởng Bộ Y tế Đỗ Xuân Tuyên phát ...",DISCOVERED_UNSCREENED
MOH,moh.gov.vn,DQ-IMPL-04,23,https://benhandientu.moh.gov.vn/,Danh sách bệnh viện công bố bệnh án - Bộ Y tế,"Loại bệnh việnBV nhà nướcCSYT tư nhânBV quốc tếHạng bệnh việnBệnh viện hạng 1Bệnh viện hạng 2Bệnh viện hạng 3Bệnh viện hạng đặc biệtTình thành/phốTP. Hà NộiTP. Hồ Chí MinhTP. Hải PhòngTP. Đà NẵngTP. Cần ThơTỉnh An GiangTỉnh Bắc GiangTỉnh Bắc KạnTỉnh Bạc LiêuTỉnh Bắc NinhTỉnh Bình DươngTỉnh Bình ĐịnhTỉnh Bình PhướcTỉnh Bình ThuậnTỉnh Bến TreTỉnh Bà Rịa - Vũng TàuTỉnh Cà MauTỉnh Cao BằngTỉnh Đồng NaiTỉnh Đồng ThápTỉnh Đắk LắkTỉnh Đắk NôngTỉnh Điện BiênTỉnh Gia LaiTỉnh Hoà BìnhTỉnh Hà GiangTỉnh Hà TĩnhTỉnh Hưng YênTỉnh Hải DươngTỉnh Hà NamTỉnh Hậu GiangTỉnh Khánh HòaTỉnh Kiên GiangTỉnh Kon TumTỉnh Long AnTỉnh Lạng SơnTỉnh Lai ChâuTỉnh Lâm ĐồngTỉnh Lào CaiTỉnh Nghệ AnTỉnh Ninh BìnhTỉnh Ninh ThuậnTỉnh Nam ĐịnhTỉnh Phú ThọTỉnh Phú YênTỉnh Quảng BìnhTỉnh Quảng TrịTỉnh Quảng NinhTỉnh Quảng NgãiTỉnh Quảng NamTỉnh Sóc TrăngTỉnh Sơn LaTỉnh Trà VinhTỉnh Thanh HóaTỉnh Thái BìnhTỉnh Thái NguyênTỉnh Tiền GiangTỉnh Tuyên QuangTỉnh Thừa Thiên HuếTỉnh Tây NinhTỉnh Vĩnh LongTỉnh Vĩnh PhúcTỉnh Yên Bái

KẾT QUẢ TRA CỨU/LỌC DỮ LIỆU: Tổng có 1253 bệnh viện

| STT | Ngày triển khai chính thức | Logo | Tên bệnh viện | Website | Tài liệu đính kèm |
|-|-|-|-|-|-|
| 1 | 16/12/2019 | ![](https://benhandientu.moh.gov.vn/storage/uploads/2023/12/download-15-1703050719.png) | ### Bệnh viện Sản Nhi Quảng Ninh | [[https://sannhiquangninh.vn/](https://sannhiquangninh.vn/)](https://sannhiquangninh.vn/) | [Xem Quyết định công bố](https://benhandientu.moh.gov.vn/storage/uploads/2024/02/3-qd-trien-khai-emr-cua-benh-vien-san-nhi-tinh-quang-ninh-1708656222.pdf) |
| 2 | 01/09/2019 | ![](https://benhandientu.moh.gov.vn/storage/uploads/2023/12/download-17-1703050991.png) | ### Bệnh viện đa khoa quốc tế Hải Phòng | [[https://hih.vn/](https://hih.vn/)](https://hih.vn/) | [Xem Quyết định công bố](https://benhandientu.moh.gov.vn/storage/uploads/2024/02/1-qd-trien-khai-emr-cua-benh-vien-dkqt-hai-phong-1708655969.pdf) |
| 3 | 01/10/2019 | ![](https://benhandientu.moh.gov.vn/storage/uploads/2023/12/download-16-1703050832.png) | ### Bệnh viện đa khoa khu vực An Giang | [[https://bvkvcd.com.vn/](https://bvkvcd.com.vn/)](https://bvkvcd.com.vn/) | [Xem Quyết định công bố](https://benhandientu.moh.gov.vn/storage/uploads/2024/02/2-qd-trien-khai-emr-cua-benh-vien-dk-khu-vuc-tinh-an-giang-1708656027.pdf) |
| 4 | 20/02/2020 | ![](https://benhandientu.moh.gov.vn/storage/uploads/2023/12/download-14-1703050564.png) | ### Bệnh viện đa khoa tỉnh Phú Thọ | [[https://benhviendakhoatinhphutho.vn/](https://benhviendakhoatinhphutho.vn/)](https://benhviendakhoatinhphutho.vn/) | [Xem Quyết định công bố](https://benhandientu.moh.gov.vn/storage/uploads/2024/02/4-qd-trien-khai-emr-cua-benh-vien-dk-tinh-phu-tho-1708656572.pdf) |
| 5 | 24/02/2020 | ![](https://benhandientu.moh.gov.vn/storage/uploads/2023/12/download-36-1703050475.jpg) | ### Bệnh viện đa khoa Nông nghiệp – Bộ NN&PTNT | [[http://benhviendakhoanongnghiep.vn/](http://benhviendakhoanongnghiep.vn/)](http://benhviendakhoanongnghiep.vn/) | [Xem Quyết định công bố](https://benhandientu.moh.gov.vn/storage/uploads/2024/02/5-qd-trien-khai-emr-cua-benh-vien-dk-nong-nghiep-bo-nnpt-nt-1708656684.pdf) |
| 6 | 09/03/2020 | ![](https://benhandientu.moh.gov.vn/storage/uploads/2023/12/download-13-1703050354.png) | ### Bệnh viện đa khoa khu vực Long Khánh – tỉnh Đồng Nai | [[http://www.benhvienlongkhanh.vn/](http://www.benhvienlongkhanh.vn/)](http://www.benhvienlongkhanh.vn/) | [Xem Quyết định công bố](https://benhandientu.moh.gov.vn/storage/uploads/2024/02/6-qd-trien-khai-emr-cua-benh-vien-dk-khu-vuc-long-khanh-tinh-dong-nai-1708656702.pdf) |
| 7 | 09/07/2020 | ![](https://benhandientu.moh.gov.vn/storage/uploads/2023/12/download-12-1703050256.png) | ### Bệnh viện đa khoa TP. Vinh – tỉnh Nghệ An | [[http://benhvienthanhphovinh.vn/](http://benhvienthanhphovinh.vn/)](http://benhvienthanhphovinh.vn/) | [Xem Quyết định công bố](https://benhandientu.moh.gov.vn/storage/uploads/2024/02/7-qd-trien-khai-emr-cua-benh-vien-dk-tp-vinh-tinh-nghe-an-1708656812.pdf) |
| 8 | 12/10/2020 | ![](https://benhandientu.moh.gov.vn/storage/uploads/2023/12/download-30-1703049738.jpg) | ### Bệnh viện đa khoa tỉnh Quảng Ninh | [[https://www.benhviendakhoatinhquangninh.vn/](https://www.benhviendakhoatinhquangninh.vn/)](https://www.benhviendakhoatinhquangninh.vn/) | [Xem Quyết định công bố](https://benhandientu.moh.gov.vn/storage/uploads/2024/02/9-qd-trien-khai-emr-cua-benh-vien-dk-tinh-quang-ninh-1708659488.pdf) |
| 9 | 01/11/2020 | ![](https://benhandientu.moh.gov.vn/storage/uploads/2023/12/download-32-1703049978.jpg) | ### Bệnh viện đa khoa Quang Khởi – tỉnh Nghệ An | [[http://quangkhoi.org/](http://quangkhoi.org/)](http://quangkhoi.org/) | [Xem Quyết định công bố](https://benhandientu.moh.gov.vn/storage/uploads/2024/02/8-qd-trien-khai-emr-cua-benh-vien-dk-quang-khoi-tinh-nghe-an-1708659345.pdf) |
| 10 | 12/11/2020 | ![](https://benhandientu.moh.gov.vn/storage/uploads/2023/12/download-28-1703049648.jpg) | ### Bệnh viện Bãi Cháy - tỉnh Quảng Ninh | [[http://benhvienbaichay.vn/](http://benhvienbaichay.vn/)](http://benhvienbaichay.vn/) | [Xem Quyết định công bố](https://benhandientu.moh.gov.vn/storage/uploads/2024/02/10-qd-trien-khai-emr-cua-benh-vien-bai-chay-tinh-quang-ninh-da-nen-1708935727.pdf) |

- [Trang 1](https://benhandientu.moh.gov.vn/?page=1)
- [<<](https://benhandientu.moh.gov.vn/)
- [>>](https://benhandientu.moh.gov.vn/?page=2)
- [Trang 126](https://benhandientu.moh.gov.vn/?page=126)",DISCOVERED_UNSCREENED
MOH,moh.gov.vn,DQ-IMPL-04,24,https://moh.gov.vn/index.jsp?pageId=5803&aid=134434&cid=8354,Cổng thông tin,"Mới đây, qua kiểm tra tại bệnh viện này, bà Trần Thị Nhị Hà, Phó Giám đốc Sở ... Phần mềm trí tuệ nhân tạo AI hay còn gọi là ""IBM Watson for Oncology ...",DISCOVERED_UNSCREENED
MOH,moh.gov.vn,DQ-IMPL-04,25,https://moh.gov.vn/index.jsp?pageId=5803&aid=167745&cid=8351,Cổng thông tin,"Nếu không thay đổi tư duy quản trị, chậm ứng dụng công nghệ và chậm đổi mới thì bệnh viện sẽ tụt hậu, khó thực hiện tự chủ và khó đáp ứng yêu ...",DISCOVERED_UNSCREENED
MOH,moh.gov.vn,DQ-IMPL-04,26,https://moh.gov.vn/index.jsp?pageId=5803&aid=153948&cid=8407,Bộ Y tế trả lời kiến nghị của cử tri tỉnh Hà Tĩnh gửi tới trước ...,"... trí tuệ nhân tạo (AI) và phân tích dữ liệu lớn để thu thập thông tin từ nhiều nguồn như cộng đồng, cơ sở y tế, doanh nghiệp, mạng xã hội và các chương trình ...",DISCOVERED_UNSCREENED
MOH,moh.gov.vn,DQ-IMPL-04,27,https://moh.gov.vn/index.jsp?pageId=5803&aid=151828&cid=8360,Kế hoạch thực hiện Quy hoạch mạng lưới cơ sở ...,"Kế hoạch thực hiện Quy hoạch mạng lưới cơ sở y tế tầm nhìn đến năm 2050 · Khuyến khích đầu tư tư nhân phát triển các dịch vụ kỹ thuật cao, tiên tiến hiện đại, ...",DISCOVERED_UNSCREENED
MOH,moh.gov.vn,DQ-IMPL-04,28,https://imda.moh.gov.vn/documents/10182/10030600/Duthaoquyetdinh15.06.2026/6eb7602d-d855-489e-81ef-e663fabd5d4a,DỰ THẢO Ngày 15/6/2026 - Trang thiết bị y tế,"- Tiếp tục ứng dụng công nghệ thông tin, chuyển đổi số, trí tuệ nhân tạo gắn với phân cấp, phân quyền, đơn giản hóa thủ tục hành chính, cắt giảm ...",DISCOVERED_UNSCREENED
MOH,moh.gov.vn,DQ-IMPL-04,29,https://moh.gov.vn/index.jsp?pageId=5803&aid=167078&cid=8356,"Tăng cường bảo vệ, chăm sóc và nâng cao sức khỏe nhân ...","Khối Bệnh viện · Khối Viện · Khối các trường Đại học, Cao đẳng · Các Tổng công ty · Sở y tế các tỉnh, thành phố trực thuộc TW · Y tế các ngành. Tăng cường bảo ...",DISCOVERED_UNSCREENED
MOH,moh.gov.vn,DQ-IMPL-04,30,https://moh.gov.vn/index.jsp?pageId=5803&aid=167271&cid=7241,Sốt xuất huyết Dengue tại miền Trung - Tây Nguyên,"Khối Bệnh viện · Khối Viện · Khối các trường Đại học, Cao đẳng · Các Tổng công ty · Sở y tế các tỉnh, thành phố trực thuộc TW · Y tế các ngành. Sốt xuất huyết ...",DISCOVERED_UNSCREENED
MOH,moh.gov.vn,DQ-IMPL-04,31,https://moh.gov.vn/index.jsp?pageId=5803&aid=126660&cid=8354,Cổng thông tin,"Ví dụ yêu cầu xét nghiệm hậu quả của máu về bệnh phóng xạ, máu khó đông… vì không phải cơ sở y tế nào cũng đủ thiết bị để xét nghiệm. 7. Một gia đình ở Hà Giang ...",DISCOVERED_UNSCREENED
MOH,moh.gov.vn,DQ-IMPL-04,32,https://moh.gov.vn/index.jsp?pageId=5803&aid=127295&cid=8354,Cổng thông tin,"Bộ Y tế: Đề xuất tăng cường hậu kiểm lĩnh vực trang thiết bị y tế. Sau gần 2 ... Bên cạnh đó, sự phối hợp của Bộ Y tế với sở y tế trong thanh, kiểm tra ...",DISCOVERED_UNSCREENED
MOH,moh.gov.vn,DQ-IMPL-04,33,https://moh.gov.vn/index.jsp?pageId=5803&aid=168620&cid=7241,Mỗi tác phẩm dự thi là lời tri ân và lan tỏa tinh thần chủ ...,"... Sở Y tế, Trung tâm Kiểm soát bệnh tật các tỉnh, thành phố, các cơ ... Trí tuệ nhân tạo (AI). Tác giả được phép sử dụng AI trong các khâu hậu ...",DISCOVERED_UNSCREENED
MOH,moh.gov.vn,DQ-IMPL-04,34,https://dichvucong.moh.gov.vn/phan-anh-kien-nghi,PHẢN ÁNH KIẾN NGHỊ,"Liên kết. DVC Sở Y tế Hà Nội, DVC Sở Y tế TP. Hồ Chí Minh, DVC Sở Y tế Hải Phòng, DVC Sở Y tế Cần Thơ, DVC Sở Y tế Quảng Ninh, DVC Sở Y tế Đà Nẵng, DVC Sở Y tế ...",DISCOVERED_UNSCREENED
MOH,moh.gov.vn,DQ-IMPL-04,35,https://moh.gov.vn/index.jsp?pageId=5803&aid=150505&cid=7243,Chiến lược phát triển ngành Dược: Xác định hướng đi để ...,"Sở y tế các tỉnh, thành phố trực thuộc TW · Y tế các ngành. Chiến lược phát ... Đồng thời, tăng cường hệ thống thanh tra và kiểm tra hậu mại đối với các ...",DISCOVERED_UNSCREENED
MOH,moh.gov.vn,DQ-IMPL-04,36,https://moh.gov.vn/index.jsp?pageId=5801&cid=8430,Cổng thông tin,AI trong bệnh viện: Người bệnh ... tế để tạo nguồn thông tin vận hành trí tuệ nhân tạo (AI). 26/10/2025 11 ...,DISCOVERED_UNSCREENED
MOH,moh.gov.vn,DQ-IMPL-04,37,https://moh.gov.vn/index.jsp?pageId=5803&aid=156393&cid=8358,"Bộ trưởng Bộ Y tế Đào Hồng Lan thăm, chúc Tết các đơn vị ...","Đồng chí Đào Hồng Lan, Ủy viên Trung ương Đảng, Bộ trưởng Bộ Y tế thăm, chúc Tết Sở Y tế thành phố Hải Phòng. Tham gia đoàn công tác có đồng chí Phạm Minh ...",DISCOVERED_UNSCREENED
MOH,moh.gov.vn,DQ-IMPL-04,38,https://adminmoh.moh.gov.vn/vi_VN/web/guest/hoat-dong-cua-lanh-dao-bo/-/asset_publisher/TW6LTp1ZtwaN/content/tang-cuong-nang-luc-kiem-soat-benh-khong-lay-nhiem-sau-ai-dich,Tăng cường năng lực kiểm soát bệnh không lây nhiễm sau ...,"Ngày 11/7/2024, Viện Vệ sinh dịch tễ Trung ương (Bộ Y tế) phối hợp với Sở Y tế ... hậu quả, di chứng nặng nề. Trong khi đó tỷ lệ người mắc ...",DISCOVERED_UNSCREENED
MOH,moh.gov.vn,DQ-IMPL-04,39,https://moh.gov.vn/index.jsp?pageId=5803&aid=151994&cid=8358,Lấy sức khỏe người dân làm trung tâm của mọi chính sách,"... hậu và các nguy cơ dịch bệnh mới nổi. Bên cạnh đó, Bộ Y tế cũng chú ... sở y tế công lập làm căn cứ cho các đơn vị thực hiện nhiệm vụ · Bộ trưởng Bộ Y ...",DISCOVERED_UNSCREENED
MOH,moh.gov.vn,DQ-IMPL-04,40,https://moh.gov.vn/index.jsp?pageId=5803&aid=134817&cid=8354,Cổng thông tin,"Qua kiểm tra, tiến độ kết nối quầy thuốc tư nhân tại một số huyện còn chậm. Trước thực trạng nói trên, Sở Y tế Hà Nội vừa ban hành Thông báo số 1847/ TB-SYT đề ...",DISCOVERED_UNSCREENED
MOH,moh.gov.vn,DQ-IMPL-04,41,https://moh.gov.vn/index.jsp?pageId=5803&aid=126623&cid=8354,Cổng thông tin Bộ Y tế,... y tế ở các cơ sở y tế công lập tại tỉnh Gia Lai. Kết quả kiểm tra tại 20 trạm y tế và ban y tế ... hậu phẫu cho bệnh nhân vừa phẫu thuật thẩm mỹ. Clip dài ...,DISCOVERED_UNSCREENED
MOH,moh.gov.vn,DQ-IMPL-04,42,https://moh.gov.vn/index.jsp?pageId=5803&aid=127010&cid=8354,Cổng thông tin Bộ Y tế,... ai vì nó có thể dẫn tới hậu quả không thể lường trước được. Nhận biết ... Trước đó Sở Y tế Hà Nội kiểm tra nhà thuốc Thọ Thế Đường phát hiện nơi đây ...,DISCOVERED_UNSCREENED
MOH,moh.gov.vn,DQ-IMPL-04,43,https://moh.gov.vn/index.jsp?pageId=5801&cid=8356,Cổng thông tin,Bộ Y tế siết ... Viện Kiểm định Quốc gia Vắc xin và Sinh phẩm Y tế tổng kết công tác giám ...,DISCOVERED_UNSCREENED
MOH,moh.gov.vn,DQ-IMPL-04,44,https://moh.gov.vn/index.jsp?pageId=5803&aid=126116&cid=8354,Cổng thông tin Bộ Y tế,"... Hậu, Hà Nội) có hành vi vi phạm quảng cáo sản phẩm thực phẩm chức năng mà ... Sở Y tế Hà Nội sẽ tiến hành kiểm tra việc thực hiện Luật phòng, chống tác ...",DISCOVERED_UNSCREENED
MOH,moh.gov.vn,DQ-IMPL-05,1,https://moh.gov.vn/index.jsp?pageId=5803&aid=156765&cid=7262,Trí tuệ nhân tạo và tương lai hệ thống Y tế Việt Nam,Trí tuệ nhân tạo (AI) là công nghệ cho phép máy tính học hỏi từ dữ liệu ... Hướng dẫn người dân lấy số khám chữa bệnh tự động tại cơ sở y tế. Ảnh: CTV ...,DISCOVERED_UNSCREENED
MOH,moh.gov.vn,DQ-IMPL-05,2,https://moh.gov.vn/index.jsp?pageId=5803&aid=167205&cid=8430,"Ứng dụng trí tuệ nhân tạo trong giải phẫu bệnh, tầm soát ...","... bệnh sẽ kiểm tra, đối chiếu và đưa ra chẩn đoán cuối cùng. Bác sĩ ... sở y tế trong tỉnh đẩy mạnh ứng dụng công nghệ, đặc biệt là AI sẽ ...",DISCOVERED_UNSCREENED
MOH,moh.gov.vn,DQ-IMPL-05,3,https://moh.gov.vn/,Cổng thông tin Bộ Y tế,... Thứ trưởng Nguyễn Tri Thức trao các Quyết định của Bộ trưởng Bộ Y tế bổ nhiệm hai Phó Viện trưởng Viện Kiểm định Quốc gia Vắc xin và Sinh phẩm y tế.,DISCOVERED_UNSCREENED
MOH,moh.gov.vn,DQ-IMPL-05,4,https://moh.gov.vn/index.jsp?pageId=5803&aid=153649&cid=8409,Bộ Y tế trả lời kiến nghị của cử tri tỉnh Đồng Nai gửi tới ...,"Cục An toàn thực phẩm (Bộ Y tế) đã thành lập 05 tổ kiểm tra đột xuất tại các tỉnh để kiểm soát việc sản xuất, xuất khẩu, nhập khẩu, kinh doanh nguyên liệu thực ...",DISCOVERED_UNSCREENED
MOH,moh.gov.vn,DQ-IMPL-05,5,https://moh.gov.vn/index.jsp?pageId=5803&aid=137858&cid=7260,Thông tin cải cách hành chính tháng 10/2020,- Làm việc với các Bệnh viện trực thuộc Bộ và Cục Kiểm soát thủ tục hành ... Một số bệnh viện ứng dụng trí tuệ nhân tạo trong giám sát phác đồ điều trị ...,DISCOVERED_UNSCREENED
MOH,moh.gov.vn,DQ-IMPL-05,6,https://adminmoh.moh.gov.vn/web/guest/tin-tong-hop/-/asset_publisher/k206Q9qkZOqn/content/tang-cuong-tu-kiem-tra-thanh-tra-tai-cac-co-so-kham-chua-benh-y-hoc-co-truyen?inheritRedirect=false&redirect=https%3A%2F%2Fadminmoh.moh.gov.vn%3A443%2Fweb%2Fguest%2Ftin-tong-hop%3Fp_p_id%3D101_INSTANCE_k206Q9qkZOqn%26p_p_lifecycle%3D0%26p_p_state%3Dnormal%26p_p_mode%3Dview%26p_p_col_id%3Drow-0-column-2%26p_p_col_count%3D1%26_101_INSTANCE_k206Q9qkZOqn_advancedSearch%3Dfalse%26_101_INSTANCE_k206Q9qkZOqn_keywords%3D%26_101_INSTANCE_k206Q9qkZOqn_delta%3D20%26p_r_p_564233524_resetCur%3Dfalse%26_101_INSTANCE_k206Q9qkZOqn_cur%3D78%26_101_INSTANCE_k206Q9qkZOqn_andOperator%3Dtrue,"Tăng cường tự kiểm tra, thanh tra tại các cơ sở khám, chữa bệnh ...","... Y tế; Sở Y tế các tỉnh, thành phố; Bệnh viện y học cổ truyền các tỉnh, thành phố. Tăng cường tự kiểm tra, thanh tra tại các cơ sở khám, chữa bệnh. Hệ thống bệnh ...",DISCOVERED_UNSCREENED
MOH,moh.gov.vn,DQ-IMPL-05,7,https://cds.moh.gov.vn/trang-chu/-/asset_publisher/9VNAsbzkEbQA/content/buoc-ot-pha-trong-chuyen-oi-so-y-te-huong-toi-y-te-thong-minh?inheritRedirect=false,Bước đột phá trong chuyển đổi số y tế - hướng tới ...,"Để hiện đại hóa ngành y tế địa phương, Sở Y tế đang xây dựng đề án “Phát triển y tế thông minh tỉnh Bắc Ninh giai đoạn 2025 - 2030”. Đề án này hướng tới việc ...",DISCOVERED_UNSCREENED
MOH,moh.gov.vn,DQ-IMPL-05,8,https://moh.gov.vn/index.jsp?pageId=5803&aid=134677&cid=8354,Cổng thông tin,"... bệnh viện, cơ sở y tế có đủ điều kiện cấp. Thanh tra Sở tăng cường tuần tra kiểm soát phát hiện vi phạm, đặc biệt đối với các lỗi về sức khỏe của người lái ...",DISCOVERED_UNSCREENED
MOH,moh.gov.vn,DQ-IMPL-05,9,https://moh.gov.vn/index.jsp?pageId=5803&aid=168227&cid=7262,Tiềm năng rất lớn nhưng không thể thay thế bác sĩ,"Tại Việt Nam, nhiều cơ sở y tế đã đưa AI vào thực tiễn khám chữa ... AI để kiểm soát tương tác thuốc và hỗ trợ kê đơn an toàn. Hệ thống ...",DISCOVERED_UNSCREENED
MOH,moh.gov.vn,DQ-IMPL-05,10,https://cds.moh.gov.vn/tin-tuc-tong-hop-chi-tieu-cds/-/asset_publisher/q59FuAXJObVO/content/ai-trong-benh-vien-nguoi-benh-uoc-loi-gi-?inheritRedirect=false,AI trong bệnh viện: Người bệnh được lợi gì? - Tin tức tổng hợp,"... bệnh viện. AI trong bệnh viện và ""mỏ dữ liệu sạch"" ... kiểm soát dịch bệnh; công nghệ tế bào và y học ... sở y tế là yêu cầu rất cấp bách. Điều này đặt ra ...",DISCOVERED_UNSCREENED
MOH,moh.gov.vn,DQ-IMPL-05,11,https://moh.gov.vn/index.jsp?pageId=5803&aid=153168&cid=8431,Nâng cao chất lượng dịch vụ ở Bệnh viện Việt Nam,Trong đợt kiểm định chất lượng năm 2024 do Sở Y tế Quảng Ninh thực ... Phòng Điều dưỡng Bệnh viện Việt Nam- Thuỵ Điển Uông Bí kiểm tra quy trình kỹ ...,DISCOVERED_UNSCREENED
MOH,moh.gov.vn,DQ-IMPL-05,12,https://moh.gov.vn/index.jsp?pageId=5803&aid=168759&cid=7241,Nền tảng xây dựng bệnh viện thông minh,"Theo Phó Giám đốc Sở Y tế Hà Nội Nguyễn Đình Hưng, đến nay, 100% các bệnh viện công lập (42 đơn vị) trên địa bàn thành phố hoàn thành triển khai ...",DISCOVERED_UNSCREENED
MOH,moh.gov.vn,DQ-IMPL-05,13,https://moh.gov.vn/index.jsp?pageId=5803&aid=153004&cid=8356,Ứng dụng công nghệ thông tin và chuyển đổi số (CĐS ...,"... Trí tuệ nhân tạo (AI), Dữ liệu lớn (Big Data), Internet vạn vật (IoT) ... Ban lãnh đạo Sở Y tế Ninh Bình và các Trung tâm Y tế huyện có thể truy cập ...",DISCOVERED_UNSCREENED
MOH,moh.gov.vn,DQ-IMPL-05,14,https://moh.gov.vn/index.jsp?pageId=5803&aid=134817&cid=8354,Cổng thông tin,"Qua kiểm tra, tiến độ kết nối quầy thuốc tư nhân tại một số huyện còn chậm. Trước thực trạng nói trên, Sở Y tế Hà Nội vừa ban hành Thông báo số 1847/ TB-SYT đề ...",DISCOVERED_UNSCREENED
MOH,moh.gov.vn,DQ-IMPL-05,15,https://moh.gov.vn/index.jsp?pageId=5803&aid=154896&cid=7262,bước tiến mới trong chăm sóc sức khỏe nhân dân,"Trong đó, 100% bệnh viện công lập và trung tâm y tế đã đưa vào sử dụng phần ... kiểm soát chất lượng dịch vụ và quản lý thuốc, vật tư y tế hiệu quả ...",DISCOVERED_UNSCREENED
MOH,moh.gov.vn,DQ-IMPL-05,16,https://moh.gov.vn/index.jsp?pageId=5803&aid=167247&cid=8358,Phó Thủ tướng Chính phủ Phạm Thị Thanh Trà thăm và ...,"... Viện, Bệnh viện, Trường trực thuộc Bộ Y tế. Ủy viên Ban Chấp hành ... Bên cạnh đó, ngành Y tế cũng đang ứng dụng trí tuệ nhân tạo (AI) ...",DISCOVERED_UNSCREENED
MOH,moh.gov.vn,DQ-IMPL-05,17,https://moh.gov.vn/index.jsp?pageId=5803&aid=126575&cid=8354,Cổng thông tin,"Phó Thủ tướng Chính phủ Vũ Đức Đam đề nghị UBND các tỉnh, thành phố chỉ đạo triển khai:1. Quán triệt, đôn đốc, kiểm tra giám sát việc triển khai;2. Đảm bảo điều ...",DISCOVERED_UNSCREENED
MOH,moh.gov.vn,DQ-IMPL-05,18,https://moh.gov.vn/index.jsp?pageId=5803&aid=126018&cid=8354,Cổng thông tin,"3 đoàn kiểm tra hành nghề y dược ngoài công lập của Sở Y tế Hà Nội ra quân trong 2 tuần qua đã phát hiện hàng loạt sai phạm tại các phòng khám tư, nhà thuốc tư.",DISCOVERED_UNSCREENED
MOH,moh.gov.vn,DQ-IMPL-05,19,https://cds.moh.gov.vn/-/-oan-kiem-tra-so-185-cua-ban-can-su-ang-bo-y-te-lam-viec-tai-benh-vien-bach-mai-va-truong-ai-hoc-y-ha-noi-ve-cong-tac-chuyen-oi-so,Đoàn Kiểm tra số 185 của Ban cán sự Đảng ...,"Nhà trường tiếp tục xây dựng, trình Bộ Y tế thẩm định Đề án tổng thể ứng dụng công nghệ thông tin giai đoạn đến năm 2030. Tại buổi làm việc, Đoàn Kiểm tra ...",DISCOVERED_UNSCREENED
MOH,moh.gov.vn,DQ-IMPL-05,20,https://moh.gov.vn/index.jsp?pageId=5803&aid=167835&cid=8430,Chuyển đổi số để quản trị rủi ro an toàn thực phẩm từ gốc,"... quản lý chất lượng sản phẩm thiên nhiên dưới sự hỗ trợ của AI. Trong khi đó, Viện Kiểm nghiệm an toàn vệ sinh thực phẩm Quốc gia giới thiệu ...",DISCOVERED_UNSCREENED
MOH,moh.gov.vn,DQ-IMPL-05,21,https://benhandientu.moh.gov.vn/,Danh sách bệnh viện công bố bệnh án - Bộ Y tế,"Loại bệnh việnBV nhà nướcCSYT tư nhânBV quốc tếHạng bệnh việnBệnh viện hạng 1Bệnh viện hạng 2Bệnh viện hạng 3Bệnh viện hạng đặc biệtTình thành/phốTP. Hà NộiTP. Hồ Chí MinhTP. Hải PhòngTP. Đà NẵngTP. Cần ThơTỉnh An GiangTỉnh Bắc GiangTỉnh Bắc KạnTỉnh Bạc LiêuTỉnh Bắc NinhTỉnh Bình DươngTỉnh Bình ĐịnhTỉnh Bình PhướcTỉnh Bình ThuậnTỉnh Bến TreTỉnh Bà Rịa - Vũng TàuTỉnh Cà MauTỉnh Cao BằngTỉnh Đồng NaiTỉnh Đồng ThápTỉnh Đắk LắkTỉnh Đắk NôngTỉnh Điện BiênTỉnh Gia LaiTỉnh Hoà BìnhTỉnh Hà GiangTỉnh Hà TĩnhTỉnh Hưng YênTỉnh Hải DươngTỉnh Hà NamTỉnh Hậu GiangTỉnh Khánh HòaTỉnh Kiên GiangTỉnh Kon TumTỉnh Long AnTỉnh Lạng SơnTỉnh Lai ChâuTỉnh Lâm ĐồngTỉnh Lào CaiTỉnh Nghệ AnTỉnh Ninh BìnhTỉnh Ninh ThuậnTỉnh Nam ĐịnhTỉnh Phú ThọTỉnh Phú YênTỉnh Quảng BìnhTỉnh Quảng TrịTỉnh Quảng NinhTỉnh Quảng NgãiTỉnh Quảng NamTỉnh Sóc TrăngTỉnh Sơn LaTỉnh Trà VinhTỉnh Thanh HóaTỉnh Thái BìnhTỉnh Thái NguyênTỉnh Tiền GiangTỉnh Tuyên QuangTỉnh Thừa Thiên HuếTỉnh Tây NinhTỉnh Vĩnh LongTỉnh Vĩnh PhúcTỉnh Yên Bái

KẾT QUẢ TRA CỨU/LỌC DỮ LIỆU: Tổng có 1253 bệnh viện

| STT | Ngày triển khai chính thức | Logo | Tên bệnh viện | Website | Tài liệu đính kèm |
|-|-|-|-|-|-|
| 1 | 16/12/2019 | ![](https://benhandientu.moh.gov.vn/storage/uploads/2023/12/download-15-1703050719.png) | ### Bệnh viện Sản Nhi Quảng Ninh | [[https://sannhiquangninh.vn/](https://sannhiquangninh.vn/)](https://sannhiquangninh.vn/) | [Xem Quyết định công bố](https://benhandientu.moh.gov.vn/storage/uploads/2024/02/3-qd-trien-khai-emr-cua-benh-vien-san-nhi-tinh-quang-ninh-1708656222.pdf) |
| 2 | 01/09/2019 | ![](https://benhandientu.moh.gov.vn/storage/uploads/2023/12/download-17-1703050991.png) | ### Bệnh viện đa khoa quốc tế Hải Phòng | [[https://hih.vn/](https://hih.vn/)](https://hih.vn/) | [Xem Quyết định công bố](https://benhandientu.moh.gov.vn/storage/uploads/2024/02/1-qd-trien-khai-emr-cua-benh-vien-dkqt-hai-phong-1708655969.pdf) |
| 3 | 01/10/2019 | ![](https://benhandientu.moh.gov.vn/storage/uploads/2023/12/download-16-1703050832.png) | ### Bệnh viện đa khoa khu vực An Giang | [[https://bvkvcd.com.vn/](https://bvkvcd.com.vn/)](https://bvkvcd.com.vn/) | [Xem Quyết định công bố](https://benhandientu.moh.gov.vn/storage/uploads/2024/02/2-qd-trien-khai-emr-cua-benh-vien-dk-khu-vuc-tinh-an-giang-1708656027.pdf) |
| 4 | 20/02/2020 | ![](https://benhandientu.moh.gov.vn/storage/uploads/2023/12/download-14-1703050564.png) | ### Bệnh viện đa khoa tỉnh Phú Thọ | [[https://benhviendakhoatinhphutho.vn/](https://benhviendakhoatinhphutho.vn/)](https://benhviendakhoatinhphutho.vn/) | [Xem Quyết định công bố](https://benhandientu.moh.gov.vn/storage/uploads/2024/02/4-qd-trien-khai-emr-cua-benh-vien-dk-tinh-phu-tho-1708656572.pdf) |
| 5 | 24/02/2020 | ![](https://benhandientu.moh.gov.vn/storage/uploads/2023/12/download-36-1703050475.jpg) | ### Bệnh viện đa khoa Nông nghiệp – Bộ NN&PTNT | [[http://benhviendakhoanongnghiep.vn/](http://benhviendakhoanongnghiep.vn/)](http://benhviendakhoanongnghiep.vn/) | [Xem Quyết định công bố](https://benhandientu.moh.gov.vn/storage/uploads/2024/02/5-qd-trien-khai-emr-cua-benh-vien-dk-nong-nghiep-bo-nnpt-nt-1708656684.pdf) |
| 6 | 09/03/2020 | ![](https://benhandientu.moh.gov.vn/storage/uploads/2023/12/download-13-1703050354.png) | ### Bệnh viện đa khoa khu vực Long Khánh – tỉnh Đồng Nai | [[http://www.benhvienlongkhanh.vn/](http://www.benhvienlongkhanh.vn/)](http://www.benhvienlongkhanh.vn/) | [Xem Quyết định công bố](https://benhandientu.moh.gov.vn/storage/uploads/2024/02/6-qd-trien-khai-emr-cua-benh-vien-dk-khu-vuc-long-khanh-tinh-dong-nai-1708656702.pdf) |
| 7 | 09/07/2020 | ![](https://benhandientu.moh.gov.vn/storage/uploads/2023/12/download-12-1703050256.png) | ### Bệnh viện đa khoa TP. Vinh – tỉnh Nghệ An | [[http://benhvienthanhphovinh.vn/](http://benhvienthanhphovinh.vn/)](http://benhvienthanhphovinh.vn/) | [Xem Quyết định công bố](https://benhandientu.moh.gov.vn/storage/uploads/2024/02/7-qd-trien-khai-emr-cua-benh-vien-dk-tp-vinh-tinh-nghe-an-1708656812.pdf) |
| 8 | 12/10/2020 | ![](https://benhandientu.moh.gov.vn/storage/uploads/2023/12/download-30-1703049738.jpg) | ### Bệnh viện đa khoa tỉnh Quảng Ninh | [[https://www.benhviendakhoatinhquangninh.vn/](https://www.benhviendakhoatinhquangninh.vn/)](https://www.benhviendakhoatinhquangninh.vn/) | [Xem Quyết định công bố](https://benhandientu.moh.gov.vn/storage/uploads/2024/02/9-qd-trien-khai-emr-cua-benh-vien-dk-tinh-quang-ninh-1708659488.pdf) |
| 9 | 01/11/2020 | ![](https://benhandientu.moh.gov.vn/storage/uploads/2023/12/download-32-1703049978.jpg) | ### Bệnh viện đa khoa Quang Khởi – tỉnh Nghệ An | [[http://quangkhoi.org/](http://quangkhoi.org/)](http://quangkhoi.org/) | [Xem Quyết định công bố](https://benhandientu.moh.gov.vn/storage/uploads/2024/02/8-qd-trien-khai-emr-cua-benh-vien-dk-quang-khoi-tinh-nghe-an-1708659345.pdf) |
| 10 | 12/11/2020 | ![](https://benhandientu.moh.gov.vn/storage/uploads/2023/12/download-28-1703049648.jpg) | ### Bệnh viện Bãi Cháy - tỉnh Quảng Ninh | [[http://benhvienbaichay.vn/](http://benhvienbaichay.vn/)](http://benhvienbaichay.vn/) | [Xem Quyết định công bố](https://benhandientu.moh.gov.vn/storage/uploads/2024/02/10-qd-trien-khai-emr-cua-benh-vien-bai-chay-tinh-quang-ninh-da-nen-1708935727.pdf) |

- [Trang 1](https://benhandientu.moh.gov.vn/?page=1)
- [<<](https://benhandientu.moh.gov.vn/)
- [>>](https://benhandientu.moh.gov.vn/?page=2)
- [Trang 126](https://benhandientu.moh.gov.vn/?page=126)",DISCOVERED_UNSCREENED
MOH,moh.gov.vn,DQ-IMPL-05,22,https://vnpa.moh.gov.vn/mot-so-giai-phap-dot-pha-tang-cuong-bao-ve-cham-soc-va-nang-cao-suc-khoe-nhan-dan/,"Một số giải pháp đột phá, tăng cường bảo vệ, chăm sóc và ...","Ngân sách nhà nước bảo đảm kinh phí chi thường xuyên và đầu tư cho y tế cơ sở, y tế dự phòng. ... y tế, kiểm định, kiểm nghiệm, kiểm chuẩn.",DISCOVERED_UNSCREENED
MOH,moh.gov.vn,DQ-IMPL-05,23,https://moh.gov.vn/index.jsp?pageId=5803&aid=167995&cid=8430,Nỗ lực cán đích thực hiện bệnh án điện tử,"Lãnh đạo Sở Y tế, VNPT Bắc Ninh kiểm tra quy trình vận hành bệnh án điện tử tại Trạm Y tế Yên Định. Ghi nhận tại Trạm Y tế Yên Định, toàn bộ ...",DISCOVERED_UNSCREENED
MOH,moh.gov.vn,DQ-IMPL-05,24,https://benhandientu.moh.gov.vn/storage/uploads/2025/10/quyet-dinh-162-ttyt-my-tu-su-dung-emr-thay-benh-an-giay-1759413339.pdf,QUYẾT ĐỊNH “V/v triển khai sử dụng và lưu trữ hồ sơ bệnh án ...,Khoa lâm sàng tự kiểm tra việc hoàn thiện HSBA và gửi HSBA lên phòng Kế hoạch - Nghiệp vụ - Điều dưỡng để Tổ kiểm tra HSBA duyệt: - Sau khi ...,DISCOVERED_UNSCREENED
MOH,moh.gov.vn,DQ-IMPL-05,25,https://moh.gov.vn/index.jsp?pageId=5803&aid=127295&cid=8354,Cổng thông tin,Bộ trưởng Bộ Y tế kiểm tra công tác y tế cơ sở ở Thái Bình. Trong chương ... tra Sở Y tế để làm rõ trách nhiệm của bác sĩ S. II. Thông tin Y tế Quốc tế.,DISCOVERED_UNSCREENED
MOH,moh.gov.vn,DQ-IMPL-05,26,https://moh.gov.vn/index.jsp?pageId=5803&aid=156486&cid=8335,Bộ trưởng Đào Hồng Lan: Đổi mới tư duy để ...,"Y tế cơ sở được kỳ vọng sẽ giúp giảm áp lực cho bệnh viện tuyến trên ... kiểm soát nguy cơ dịch bệnh, bảo đảm khả năng ứng phó nhanh ...",DISCOVERED_UNSCREENED
MOH,moh.gov.vn,DQ-IMPL-05,27,https://moh.gov.vn/index.jsp?pageId=5803&aid=168646&cid=8356,"Đổi mới phương thức quản lý, kiểm soát toàn chuỗi ...","Sở y tế các tỉnh, thành phố trực thuộc TW ... Khẩn trương hoàn thiện các điều kiện tổ chức Kỳ kiểm tra đánh giá năng lực hành nghề khám, chữa bệnh ...",DISCOVERED_UNSCREENED
MOH,moh.gov.vn,DQ-IMPL-05,28,https://moh.gov.vn/index.jsp?pageId=5803&aid=156516&cid=8335,"Thứ trưởng Bộ Y tế Trần Văn Thuấn thăm, chúc Tết và ...","Thứ trưởng Bộ Y tế Trần Văn Thuấn thăm, chúc Tết và kiểm tra công tác y tế dịp Tết Nguyên đán Bính Ngọ tại một số bệnh viện thuộc thành phố Hà ...",DISCOVERED_UNSCREENED
MOH,moh.gov.vn,DQ-IMPL-05,29,https://adminmoh.moh.gov.vn/vi_VN/web/guest/hoat-dong-cua-lanh-dao-bo/-/asset_publisher/TW6LTp1ZtwaN/content/thu-tuong-chinh-phu-pham-minh-chinh-chuc-tet-kiem-tra-cong-tac-ung-truc-tai-benh-vien-bach-mai-va-benh-vien-huu-nghi-viet-uc,"Thủ tướng Chính phủ Phạm Minh Chính chúc Tết, kiểm tra công ...","... kiểm tra công tác ứng trực tại Bệnh viện ... trí tuệ nhân tạo, chìa khóa cho chuyển đổi số y ... sở y tế. Thứ Năm, ngày 16/04/2026 15:54. Tại trụ sở ...",DISCOVERED_UNSCREENED
MOH,moh.gov.vn,DQ-IMPL-05,30,https://imda.moh.gov.vn/,Trang thiết bị y tế: Trang chủ,"Trang chủ - Trang thiết bị y tế [Truy cập nội dung luôn](https://imda.moh.gov.vn/#main-content)

THÔNG BÁO

Kính gửi Quý người dân và Quý doanh nghiệp,

Cục Hạ tầng và Thiết bị y tế xin trân trọng thông báo:

Nhằm nâng cao chất lượng dịch vụ và tạo điều kiện thuận lợi hơn cho việc truy cập và sử dụng các dịch vụ công trực tuyến về quản lý thiết bị y tế, từ ngày 01/4/2026, Cục Hạ tầng và Thiết bị y tế sẽ chuyển đổi tên miền của Cổng dịch vụ công trực tuyến như sau:

**Tên miền hiện tại:** [[https://imda.moh.gov.vn](https://imda.moh.gov.vn)](https://imda.moh.gov.vn/)

**Tên miền mới:** [[https://vimda.moh.gov.vn](https://vimda.moh.gov.vn)](https://vimda.moh.gov.vn/)

Tên miền cũ [[https://imda.moh.gov.vn](https://imda.moh.gov.vn)](https://imda.moh.gov.vn/) sẽ tiếp tục hoạt động song song cho đến hết ngày 30/9/2026 để đảm bảo Quý người dân và Quý doanh nghiệp có đủ thời gian chuyển đổi và làm quen với tên miền mới.

Chúng tôi khuyến nghị Quý người dân và Quý doanh nghiệp sử dụng tên miền mới [[https://vimda.moh.gov.vn](https://vimda.moh.gov.vn)](https://vimda.moh.gov.vn/) từ ngày 01/4/2026 để tiếp tục truy cập và sử dụng các dịch vụ công trực tuyến về quản lý thiết bị y tế.

Mọi thắc mắc, xin vui lòng liên hệ với Cục Hạ tầng và Thiết bị y tế để được hỗ trợ.

Xin trân trọng cảm ơn!

Cục Hạ tầng và Thiết bị y tế

Bộ Y tế

#### [Văn bản pháp quy](https://imda.moh.gov.vn/web/guest/van-ban-phap-quy)
****#### [Văn bản chỉ đạo điều hành](https://imda.moh.gov.vn/web/guest/van-ban-chi-ao-ieu-hanh)****

****[**Công văn số 4438/BYT-HTTB ngày 16/6/2026 của Bộ Y tế gửi Sở Y tế các tỉnh, thành phố** về việc tăng cường công tác kiểm tra, hậu kiểm thực hiện các thủ tục hành chính thuộc lĩnh vực thiết bị y tế.](https://imda.moh.gov.vn/documents//10182/10030597/Cong+van+4438.pdf/6956dd53-775d-4911-a265-8d631523f638)** - **[**Quyết định số 3830/QĐ-BYT ngày 11 tháng 12 năm 2025.** Quyết định về việc ban hành quy trình nội bộ, quy trình điện tử giải quyết thủ tục hành chính lĩnh vực thiết bị y tế thuộc thẩm quyền giải quyết của Bộ Y tế.](https://imda.moh.gov.vn/documents/10182/0/QD3830.11.12.2025/6099e16d-ac4a-4c62-a0a0-311b645c75a3)**** **- [**Các Quyết định thu hồi số lưu hành TBYT**](https://imda.moh.gov.vn/web/guest/quyet-dinh-thuhoi-dklh-ttbyt)** **- [**Các Quyết định cấp số lưu hành TBYT**](https://imda.moh.gov.vn/web/guest/quyet-dinh-dklh-ttbyt)** **- [**Các Quyết định cấp giấy chứng nhận đăng ký hoạt động kiểm định TTBYT**](https://imda.moh.gov.vn/web/guest/quyet-dinh-cap-phep-kiem-dinh-ttbyt)** **- [**Quyết định số 490/QĐ-BYT ngày 01/03/2024 của Bộ Y tế** về việc ban hành tiêu chí, nguyên tắc đánh giá Hồ sơ CSDT đối với TBYT chẩn đoán in vitro](https://imda.moh.gov.vn/documents/10182/10030597/490qdb_QD-huong-dan-ho-so-csdt-ivd.signed.pdf/267b7c09-ce3a-42c3-8568-88681673c9b1)** **- [**Quyết định số 166/QĐ-BYT ngày 22/01/2024 của Bộ Y tế** về việc ban hành tiêu chí, nguyên tắc đánh giá Hồ sơ CSDT đối với TBYT không phải là TBYT in vitro](https://imda.moh.gov.vn/documents/10182/10030597/166-bqdb-22.01.2024.signed.pdf/8aa3c2e9-b6bf-4dbb-8106-7f85091d4c47)** **- [**Văn bản số 4170/BYT-HTTB ngày 04/7/2023 của Bộ Y tế** về việc kiểm định trang thiết bị y tế](https://imda.moh.gov.vn/documents/10182/10030597/VB4170-BYT-HTTB-2023.07.04/29236671-9083-4ab8-bc3f-129f899af506)** **- [**Các số lưu hành trang thiết bị y tế theo thông tư 13/2021/TT-BYT**](https://imda.moh.gov.vn/web/guest/cac-so-luu-hanh-ttbyt-theo-thong-tu-13)** **- [**Quyết định số 5652/QĐ-BYT ngày 10/12/2021** V/v công bố thủ tục hành chính lĩnh vực trang thiết bị y tế.](https://imda.moh.gov.vn/documents/10182/0/Quy%E1%BA%BFt+%C4%91%E1%BB%8Bnh+s%E1%BB%91+5652+Q%C4%90+BYT+C%C3%B4ng+b%E1%BB%91+TTHC+l%C4%A9nh+v%E1%BB%B1c+TTBYT.pdf/05d8fc66-8a40-4e44-941d-41a80f49247a)** **- [**Quyết định số 2992/QĐ-BKHCN ngày 22/11/2021** V/v công bố Tiêu chuẩn quốc gia.](https://imda.moh.gov.vn/documents/10182/0/QD+2992_QD-BKHCN+ngay+22.11.2021+ve+viec+ban+hanh+TCVN+PPE.pdf/088666c7-964c-4da7-8b12-82c1cbd3abaf)** **- [**Quyết định số 5275/QĐ-BYT ngày 12/11/2021** V/v hướng dẫn tạm thời về việc chuyển đổi các chai chứa khí Nitơ, Argon, Oxy công nghiệp, Không khí nén sang chứa khí Oxy y tế phòng, chống dịch COVID-19](https://imda.moh.gov.vn/documents/10182/0/Quyet+dinh+tam+thoi+ve+chuyen+doi+sang+chai+chua+khi+oxy+y+te_final.signed.pdf/31eb880b-1e0e-49a8-aba5-9e36094af4f3)** **- [**Công văn số 8715/BYT-TB-CT ngày 14/10/2021** V/v trang thiết bị chẩn đoán invitro xét nghiệm SAR-CoV-2.](https://imda.moh.gov.vn/documents/10182/0/CV+BC+8715+thong+tin+test+SARSCOV2+14.10.21.pdf/5f0ab209-78ec-4953-8e12-11a93c66adea)** **- [**Quyết định số 4495/BYT-TB-CT ngày 20/09/2021** V/v công bố thủ tục hành chính mới ban hành lĩnh vực trang thiết bị y tế được quy định tại Thông tư số 13/2021/TT-BYT ngày 16 tháng 9 năm 2021 của Bộ trưởng Bộ Y tế.](https://imda.moh.gov.vn/documents/10182/0/Q%C4%90+4495+cong+bo+TTHC+Thong+tu+13+20.9.21.pdf/e65c66d1-05f2-4a1f-a40f-8bb09932ed34)** **- [**Công văn số 7033/BYT-TB-CT ngày 25/08/2021** V/v rà soát năng lực và đôn đốc tăng cường sản xuất, cung ứng Oxy y tế phục vụ phòng, chống dịch COVID-19](https://imda.moh.gov.vn/documents/10182/0/CV+gui+cac+don+vi+san+xuat-cung+ung+bao+cao+nang+luc_25.8.2021.signed.pdf/e2ce85d9-92d4-4b9d-992b-fd0ec7cde60c)** **- [**Công văn số 6547/BYT-TB-CT ngày 11/08/2021** V/v đảm bảo sản xuất, kinh doanh và rà soát công khai giá trang thiết bị y tế trong điều kiện phòng chống dịch COVID-19](https://imda.moh.gov.vn/documents/10182/0/Vu%CC%A3+TTB%26CTYT+6547_11.8.2021_Don+doc+DN+SX+NK+KD+TTBYT+cong+khai+gia.signed.pdf/99278ac6-5187-4776-9ff8-003e874d7258)** **- [**Tăng cường sản xuất, cung ứng và đầu tư, cải tạo mở rộng hệ thống Oxy khí y tế đáp ứng nhu cầu điều trị Covid-19.**](https://imda.moh.gov.vn/documents/10182/0/Ngmtuan_%C4%90a%CC%89m+ba%CC%89o+O2+y+te%CC%82%CC%81+phu%CC%A3c+vu%CC%A3+%C4%91ie%CC%82%CC%80u+tri%CC%A3+Covid-19+tre%CC%82n+ca%CC%89+nu%CC%9Bo%CC%9B%CC%81c_02.8.2021.pdf/f1d3c815-4b67-4756-a04b-525eda615b13)** **- [**Công văn số 6075/BYT-TB-CT ngày 28/7/2021** V/v thông báo danh sách các đơn vị sản xuất, cung ứng trang thiết bị bảo hộ cá nhân (PPE)](https://imda.moh.gov.vn/documents/10182/0/C%C3%B4ng+v%C4%83n+6075+k%C3%A8m+ph%E1%BB%A5+l%E1%BB%A5c+28.07.2021.pdf/913d07dd-ff5e-4f4e-8fed-b7f29e04c11e)** **- [**Công văn số 5821/BYT-TB-CT ngày 20/7/2021** V/v rà soát, có phương án đảm bảo nguồn cung ứng và sử dụng Oxy y tế cho công tác phòng chống dịch bệnh Covid-19.](https://imda.moh.gov.vn/documents/13510/0/BYT_CV+gui+cac+SYT+va+BV+truc+thuoc+Covid-19+chuan+bi+phuong+an+dam+bao+Oxy+_final.signed.pdf/d70bfe09-cd8b-4cf8-b136-465ea2dbc8e1)** **- [**Công văn số 5820/BYT-TB-CT ngày 20/7/2021** V/v đôn đốc tăng cường sản xuất, cung ứng Oxy y tế phục vụ phòng chống dịch Covid-19.](https://imda.moh.gov.vn/documents/13510/0/20.7.2021+CV+gui+dvi+DN%2C+SX+cung+ung+Oxy.signed.pdf/783a5b34-54db-4034-a410-10c7947d5c34)** **- [**Công văn số 5753/BYT-MT ngày 19/7/2021** V/v xét nghiệm và tạo điều kiện thuận lợi cho người vận chuyển hàng hóa.](https://imda.moh.gov.vn/documents/10182/0/FILE_20210719_095142_CV+BYT+tra+loi+Bo+GTVT+Bo+CT_HEMA+Edited_2021.7.19.9h15.signed.pdf/846f76b6-80ca-4f73-a38f-252d7ab548f0)** **- [**Công văn số 5776/BYT-TB-CT ngày 20/7/2021** V/v tăng cường đảm bảo công tác sản xuất, cung ứng PPE và phối hợp cung cấp thông tin phục vụ phòng chống dịch COVID-19.](https://imda.moh.gov.vn/documents/10182/0/15.7.2021+CV+gui+dvi+DN%2C+SX+cung+ung+COVID-19+-+PPE.signed.pdf/2aa6e537-d76c-4968-af86-496c2b485d9a)** **- [**Công văn số 5650/BYT-TB-CT ngày 15/7/2021** V/v nhập khẩu sinh phẩm chẩn đoán/trang thiết bị y tế chẩn đoán invitro xét nghiệm kháng nguyên SAR-CoV-2 phục vụ phòng chống dịch Covid-19.](https://imda.moh.gov.vn/documents/10182/0/CV+gui+Cty+huong+dan+viec+nhap+khau+test+khang+nguyen+SARS-Cov-2+12.7.21.signed.pdf/c4f44b18-50af-4ba0-89a1-b5a88b020e01)** **- [**Công văn số 5646/BYT-TB-CT ngày 15/7/2021** V/v cung cấp thông tin phục vụ phòng chống dịch COVID-19.](https://imda.moh.gov.vn/documents/10182/0/CV+5646+BYT-TB-CT+15.7.21+Cung+c%E1%BA%A5p+th%C3%B4ng+tin+ph%E1%BB%A5c+v%E1%BB%A5+ph%C3%B2ng+ch%E1%BB%91ng+d%E1%BB%8Bch+COVID-19.rar/56311906-4d3c-49cd-bfc4-201e5bfc1426)** **- [**Công văn số 5486/BYT-TB-CT ngày 09/7/2021** V/v báo cáo chất lượng, hiệu quả sử dụng trang thiết bị y tế/sinh phẩm chẩn đoán in vitro xét nghiệm SARS-CoV-2](https://imda.moh.gov.vn/documents/10195/0/Cong+van+gui+co+so+dang+ky%2C+nhap+khau%2C+co+so+xet+nghiem+ve+viec+bao+cao+chat+luong+TTBYT+xet+nghiem+vi+rut+SARS-CoV-2+09.7.2021.signed.pdf/ab488d34-1e25-4b12-a2d2-198716348902)** **- [**Công văn số 5414/BYT-TB-CT** V/v đăng ký, nhập khẩu sinh phẩm chẩn đoán/trang thiết bị y tế chẩn đoán invitro xét nghiệm vi rút SARS-CoV-2 phục vụ phòng chống dịch Covid-19.](https://imda.moh.gov.vn/documents/10182/0/CV+s+a+1592+30.6.2021+ban+trinh.signed.pdf/ab23df8b-3f51-4e70-8508-005c2877c6cb)** **- [**Quyết định số 3336/QĐ-BYT** V/v ban hành danh sách các đơn vị đánh giá chất lượng sinh phẩm chẩn đoán/trang thiết bị y tế chẩn đoán invitro xét nghiệm vi rút SARS-CoV-2.](https://imda.moh.gov.vn/documents/10182/0/QD+ban+hanh+co+quan+kiem+tra+chat+luong+TTBYT+xet+nghiem+SARS-CoV-2+30.6.21.signed.pdf/aa6a84c9-19fc-4101-990a-8444ebe87e42)** **- [**Công văn số 2572/BYT-TB-CT** ngày 08/4/2021 V/v bổ sung, hoàn thiện các hồ sơ đăng ký lưu hành trang thiết bị y tế](https://imda.moh.gov.vn/documents/10182/0/Cong+van+gui+Co+so+dang+ky+luu+hanh+TTBYT+san+xuat+trong+nuoc%2C+san+pham+khu+khuan+TTBYT+ngay+08.4.2021.pdf/a1e19846-50ac-4bc4-a0cc-01c14e2e1997)** **- [**Công văn số 2547/BYT-TB-CT** ngày 07/4/2021 V/v rà soát, kiểm tra các cơ sở sản xuất, kinh doanh găng tay y tế, vật tư y tế phòng, chống dịch Covid-19 trên địa bàn](https://imda.moh.gov.vn/documents/10182/0/CV+gui+SYT_Kiem+tra+don+vi+san+xuat+Gang+tay_07.4.2021.signed.pdf/71efec52-3fdc-4d3b-82d7-d406d86562fe)** **- [**Công văn số 939/BYT-TB-CT** ngày 09/02/2021 V/v hướng dẫn đăng ký lưu hành trang thiết bị y tế sản xuất trong nước và sản phẩm chỉ có 01 mục đích là khử khuẩn trang thiết bị y tế](https://imda.moh.gov.vn/documents/10182/10030597/Cong+van+gui+Co+so+DKLH+SXTN-KK.signed.pdf/dc50feb6-043e-4ca0-ba9c-d5bbc9589463)** **- [**Công văn số 724/BYT-TB-CT ngày 29/01/2021** V/v hướng dẫn, đôn đốc thực hiện đăng ký lưu hành trang thiết bị y tế](https://imda.moh.gov.vn/documents/10182/10030597/Cong+van+gui+Co+so++ang+ky+luu+hanh+29.01.2021.signed.pdf/23e081f1-23ed-4064-bde9-efa24630d83c)** **- [**Công văn số 207/BYT-KH-TC ngày 12/01/2021** V/v báo cáo việc phân phối, kinh doanh, mua bán, ký kết hợp đồng liên doanh, liên kết của Hệ thống chụp cắt lớp vi tính 128 lát cắt](https://imda.moh.gov.vn/documents/10182/10030597/12Jan2021+Cong+van+207+gui+Doanh+nghiep+bao+cao+gia+cua+01+He+thong+CT128+lat.signed.pdf/2dfa8860-c5d2-4194-a8d4-7240344c2982).** **- [**Công văn số 7395/BYT-TB-CT ngày 31/12/2020** V/v hướng dẫn chuẩn bị và nộp hồ sơ đăng ký lưu hành trang thiết bị y tế](https://imda.moh.gov.vn/documents/10182/10030597/Cong+van+gui+Don+vi++dang+ky+luu+hanh+31.12.2020.signed.pdf/74a0b3bc-c8fc-433c-ba27-a379b5ca9934).** **- [**Công văn số 6355/BYT-TB-CT ngày 18/11/2020** V/v hướng thay đổi, bổ sung hồ sơ đăng ký  Sinh phẩm chẩn đoán in vitro](https://imda.moh.gov.vn/documents/10182/10030597/CV+huong+dan+CT+ve+cac+thay+doi%2C+bo+sung+thanh+phan+ho+so+cua+SPC%C4%90+in+vitro+da+dc+BYT+cap+so+luu+hanh.pdf/9f0815eb-ee2f-4ea4-bb0a-43fb7019a386).** **- [**Công văn số 5888/BYT-TB-CT ngày 29/10/2020** V/v hướng dẫn triển khai đấu thầu trang thiết bị y tế theo Thông tư số 14/2020/TT-BYT](https://imda.moh.gov.vn/documents/10182/10030597/cvb-2020-5888-1.pdf/8288f409-903f-453a-ad56-73bed3db2b99).** **- [**Công văn số 5159/BYT-TB-CT ngày 28/09/2020** V/v Công khai giá Trang thiết bị y tế](https://imda.moh.gov.vn/documents/10182/10030597/2020+CV+gui+doanh+nghiep+de+nghi+phoi+hop+dk+tai+khoan+cong+khai+gia+-+Vu+TTB.signed.pdf/5ef56bac-5501-4e82-af48-92cc8f747d1e).** **- [**Công văn số 4428/BYT-PC ngày 20/08/2020** V/v cung cấp thông tin và đề xuất liên quan văn bản QPPL trong lĩnh vực y tế nhằm ứng phó và giảm thiểu tác động của dịch bệnh Covid 19](https://imda.moh.gov.vn/documents/10182/10030597/CV+4428+Cung+cap+thong+tin+Hoi+nghi+ho+tro+phap+ly.pdf/d60e96ae-db8d-4249-8703-5ab2f5965689).** **- [**Công văn số 4043/BYT-TB-CT ngày 29/07/2020** V/v danh sách các sinh phẩm/trang thiết bị y tế chẩn đoán in vitro xét nghiệm virút Corona (SARS-CoV-2) đã được cấp số đăng ký, cấp giấy phép nhập khẩu](https://imda.moh.gov.vn/documents/10182/10030597/CV+4043-BYT-TB-CT.pdf/d6b5cb51-8e48-4e5b-bf5f-cf3033840126).** **- [**Công văn số 4026/BYT-TB-CT ngày 28/07/2020** V/v tăng cường thanh kiểm tra xử lý vi phạm trên địa bàn](https://imda.moh.gov.vn/documents/10182/10030597/4026-BYT-TB-CT.pdf/7dc1b365-48e7-4c0d-9352-f133ebc566d0).** **- [**Quyết định  2597/QĐ-BYT** Quyết định về việc ban hành danh mục 01 trang thiết bị y tế chẩn đoán in vitro xác định kháng thể kháng vi rút Corona (SARS-CoV-2) được cấp số đăng ký](https://imda.moh.gov.vn/documents/10182/10030597/2597_QD-BYT_22062020_1-signed.pdf/74c4396d-c872-4ee3-9eaf-2e99b4f4506b).** **- [**Quyết định  2524/QĐ-BYT** Quyết định về việc ban hành danh mục 02 trang thiết bị y tế chẩn đoán in vitro xác định kháng thể kháng vi rút Corona (SARS-CoV-2) được cấp số đăng ký](https://imda.moh.gov.vn/documents/10182/10030597/2524_QD-BYT_16062020_1-signed.pdf/80a657cf-b836-4bc7-bea2-b282c7808258).** **- [**Công văn 3013/BYT-TB-CT**  Về việc thực hiện cấp số đăng ký lưu hành đối với trang thiết bị y tế trong nước.](https://imda.moh.gov.vn/documents/10182/10030597/3013_BYT-TB-CT_01062020_1-signed.pdf/d5627308-1de3-42ea-8828-40310b57b03c)** **- [**Công văn 2560/BYT-TB-CT**  Về việc danh sách các sinh phẩm/trang thiết bị y tế chẩn đoán in vitro xét nghiệm vi rút Corona (SARS-CoV-2) đã được cấp số đăng ký, cấp giấy phép nhập khẩu.](https://imda.moh.gov.vn/documents/10182/10030597/2560_BYT-TB-CT_11052020.pdf/936b7b1a-d320-4985-9e0a-06ade75f97c3)** **- [**Công văn 2507/BYT-TB-CT**  Về việc triển khai Nghị quyết 60/NQ-CP về công khai danh sách, năng lực sản xuất của các doanh nghiệp và đảm bảo chất lượng khẩu trang y tế.](https://imda.moh.gov.vn/documents/10182/0/CV+2507+BYT+TB+CT.pdf/b377b5e3-885e-41ce-bd24-fe6e0670c335)** **- [**Công văn 2063/BYT-TB-CT**  Về việc báo cáo năng lực và khả năng cung cấp khẩu trang y tế.](https://imda.moh.gov.vn/documents/10182/10030597/CV+2063+ngay+13.4.2020.pdf/23c30cd7-fe35-4119-9b4d-2128324bf931)** **- [**Quyết định số 1353/QĐ-BYT**  Về việc ban hành danh mục các đơn vị kiểm định/kiểm tra chất lượng sinh phẩm chẩn đoán/TTBYT chẩn đoán vi rút Corona (SARS-CoV-2)](https://imda.moh.gov.vn/documents/10182/10030597/QD1353/122c4618-d91a-41f7-a007-ea98e2063488)** **- [**Công văn số 1352/BYT-TB-CT**  Về việc cung cấp báo giá khẩu trang y tế cho dự phòng Quốc Gia.](https://imda.moh.gov.vn/documents/10182/10030597/CV+1352+BYT+TB+CT+ngay+18.03.2020.pdf/0a8828e0-2972-4ef4-9646-c69a36082d39)** **- [**Quyết định số 774/QĐ-BYT**  Về việc ban hành danh mục 02 sinh phẩm chẩn đoán invitro xét nghiệm virut Corona ( SARS-CoV-2) được cấp số đăng ký.](https://imda.moh.gov.vn/documents/10182/10030597/QD+774_2020-03-04+19.06.17.pdf/04e014dc-e377-4074-8c3b-1b011f3980bf)** **- [**Công văn số 747/BYT-TB-CT**  Về việc kiểm tra hồ sơ công bố đối với sản phẩm, chế phẩm diệt khuẩn tay không dùng nước](https://imda.moh.gov.vn/documents/10182/10030597/CV747/9b147ee6-df05-4b06-8402-6f564ec84dba).** **- [**Công văn số 108/XNK-CN**  Về việc đầu mối doanh nghiệp cung cấp nguyên liệu khẩu trang và một số TTBYT](https://imda.moh.gov.vn/documents/10182/10030597/1581086317483676.pdf/8dd7dae3-7276-4ab0-8af7-0520ab54a3a7).** **- [**Quyết định số 155/QĐ-BTC**  Về việc ban hành danh mục các mặt hàng được miễn thuế nhập khẩu](https://imda.moh.gov.vn/documents/10182/10030597/QD+155+BTC_07.02.2020.pdf/2e99dd2c-6fcf-4dba-8819-e51d1ddcbf2a).** **- [**Công văn số 797/VPCP-KGVX**  Về việc đảm bảo trang thiết bị, vật tư y tế cho phòng, chống dịch nCoV](https://imda.moh.gov.vn/documents/10182/10030597/bn-2020-587.pdf/7d19505f-9867-44af-b7df-36c8aefe618f).** **- [**Công văn số 403**  Về danh sách các công ty sản xuất khẩu trang y tế, trang phục phòng, chống dịch 2019-nCoV](https://imda.moh.gov.vn/documents/10182/10030597/Congvan403_new/8aa97ca4-6271-4af7-bff0-269d5b28e3e7).** **- [**Công văn số 390**  Về việc đảm bảo cung cấp đủ vật tư, trang thiết bị cho phòng, chống dịch bệnh nCoV](https://imda.moh.gov.vn/documents/10182/10030597/CV-390-2020/4108d1e5-d747-462f-99ab-3d8d2dd1f4c5).** **- [**Công văn số 387**  Về việc đảm bảo cung cấp đủ TTBYT cho phòng chống dịch bệnh nCoV](https://imda.moh.gov.vn/documents/10182/10030597/CV-387-BYT-Hoatoc/b2a5b7bd-6afa-4cd3-b5a4-59e6a426410a).** **- [**Công văn số 82**  Về việc triển khai nghị định 03/2020/NĐ-CP ngày 01/01/2020 của Chính phủ.](https://imda.moh.gov.vn/documents/10182/10030597/Congvanguidonvithongbaonghidinh032020/01783db0-b406-4a39-9ea6-0a4b7c830944)** **- [**Quyết định 5074**  Về việc áp dụng Cơ chế một cửa quốc gia đối với 04 thủ tục hành chính thuộc lĩnh vực trang thiết bị y tế.](https://imda.moh.gov.vn/documents/10182/10030594/Quyetdinh5074/2c7920c2-f73e-4beb-a182-cefe5fe0650a)** **- **[**Công văn số 3664:** V/v thực hiện cấp đăng ký lưu hành đối với trang thiết bị y tế loại B, C, D](https://imda.moh.gov.vn/documents/10182/0/Congvan3664-DKLH/4363d67d-3712-4332-aa1e-3e5ae5fefa55)**** **- **[**Nghị quyết số 131/NQ-CP ngày 16/12/2017 của Chính phủ:** Nghị quyết phiên họp Chính phủ thường kỳ tháng 11 năm 2017.](https://imda.moh.gov.vn/documents/10182/10030597/NQ+131-2017+c%E1%BB%A7a+Ch%C3%ADnh+ph%E1%BB%A7.pdf/f261db2f-b4ff-4f8f-bde1-bb48bd0db70f)**** **- **[**Quyết định số 745/QĐ-BYT ngày 28/02/2019 của Bộ Y tế:** Về việc công bố thủ tục hành chính mới được ban hành/ được sửa đổi, bổ sung hoặc thay thế/ bị bãi bỏ lĩnh vực TTBYT thuộc phạm vi quản lý của Bộ Y tế.](https://imda.moh.gov.vn/documents/10182/10030597/Q%C4%90+745-2019+C%C3%B4ng+b%E1%BB%91+TTHC+B%E1%BB%99+Y+t%E1%BA%BF.pdf/49679dd0-e91d-493c-a4b7-13d9e59e7ec6)**** **- **[**Công văn số 14/BYT-TB-CT ngày 02/01/2019:** Gửi Tổng cục Hải quan về việc triển khai Nghị định số 169/2018/NĐ-CP ngày 31/12/2018 của Chính Phủ.](https://imda.moh.gov.vn/documents/10182/10030597/CV+14-2019+g%E1%BB%ADi+HQ+v%E1%BB%81+vi%E1%BB%87c+tri%E1%BB%83n+khai+N%C4%90+169.2018.pdf/f475d523-f6d4-4674-8a6f-8f0a0816331c)**** **- **[**Công văn số 15/BYT-TB-CT ngày 02/01/2019:** Gửi các doanh nghiệp về việc triển khai Nghị định số 169/2018/NĐ-CP ngày 31/12/2018 của Chính Phủ.](https://imda.moh.gov.vn/documents/10182/10030597/CV+15-2019+g%E1%BB%ADi+c%C3%A1c+DN+v%E1%BB%81+vi%E1%BB%87c+tri%E1%BB%83n+khai+N%C4%90+169.2018.pdf/d3e15a64-9dac-48cf-8585-89469ca031f7)**** **- **[**Quy trình Tiếp nhận, xử lý, thẩm định và xét duyệt hồ sơ cấp số đăng ký lưu hành trang thiết bị y tế:**](https://imda.moh.gov.vn/documents/10182/10030597/15.+Quy+trinh+ISO+cap+so+DKLH+TTBYT+theo+ND36.pdf/be106a00-cedb-481c-834f-664f2c59359b)**** **- **[**Quyết định số 7673/QĐ-BYT ngày 26/12/2018:** Về việc công bố Hệ thống quản lý chất lượng phù hợp tiêu chuẩn quốc gia TCVN ISO 9001:2015 tại Cơ quản Bộ Y tế năm 2018.](https://imda.moh.gov.vn/documents/10182/10030597/QD+7673+nam+2018.pdf/f39150ca-40dc-4298-af69-499224d0e651)**** **- **[**Quy trình Cấp giấy phép nhập khẩu Trang thiết bị y tế (Theo NĐ 36)**](https://imda.moh.gov.vn/documents/10182/10030597/07.+Quy+trinh+ISO+cap+giay+phep+nhap+khau+TTBYT+theo+ND36.pdf/4e8b1bf0-944d-4c2c-aa72-736e110dada9)**** **- **[**Công văn số 5897/BYT-TB-CT ngày 04/10/2018:** Gửi UBND các tỉnh, thành phố về việc tăng cường hậu kiểm, hướng dẫn đối với các cơ sở sản xuất, kinh doanh TTBYT trên địa bàn.](https://imda.moh.gov.vn/documents/10182/10030597/CV+5897-2018+g%E1%BB%ADi+UBND+t%C4%83ng+c%C6%B0%E1%BB%9Dng+h%E1%BA%ADu+ki%E1%BB%83m+SX+TTBYT.pdf/0d66c017-1f64-4dc5-ba07-0380aaebe032)**** **- **[**Công văn số 7371/BYT-TB-CT ngày 25/12/2017:** Gửi Tổng cục Hải quan về việc thực hiện nội dung Nghị Quyết số 131/NQ-CP ngày 06/12/2017 của Chính phủ.](https://imda.moh.gov.vn/documents/10182/10030597/CV+7371-2017+g%E1%BB%ADi+HQ+th%E1%BB%B1c+hi%E1%BB%87n+NQ+131+c%E1%BB%A7a+CP.pdf/d229cb8c-ebea-4625-8acd-2074a1e0a558)**** **- **[**Công văn số 7165/BYT-TB-CT ngày 14/12/2017:** Gửi các doanh nghiệp về việc thực hiện nội dung Nghị Quyết số 131/NQ-CP ngày 06/12/2017 của Chính phủ.](https://imda.moh.gov.vn/documents/10182/10030597/CV+7165-2017+g%E1%BB%ADi+DN+th%E1%BB%B1c+hi%E1%BB%87n+NQ+131+c%E1%BB%A7a+CP.pdf/603def2c-28a5-4f5e-a7e3-829132d16674)**** **- **[**Công văn số 5278/BYT-TB-CT ngày 19/09/2017:** Gửi các doanh nghiệp về việc thực hiện đăng ký lưu hành trang thiết bị y tế thuộc loại B, C, D theo nghị định số 36/2016/NĐ-CP của Chính phủ.](https://imda.moh.gov.vn/documents/10182/10030597/CV+5278-2017+g%E1%BB%ADi+DN+th%E1%BB%B1c+hi%E1%BB%87n+N%C4%90+36.2016.pdf/8d8df02d-bd86-4337-9624-5f05c2452779)**** **- **[**Quyết định số 4554/QĐ-BYT ngày 22/08/2016 của Bộ Y tế:** Về việc công bố thủ tục hành chính được ban hành tại Nghị định số 36/2016/NĐ-CP ngày 15/5/2016 của Chính phủ về quản lý TTBYT.](https://imda.moh.gov.vn/documents/10182/10030597/Q%C4%90+4554-2016+C%C3%B4ng+b%E1%BB%91+TTHC+th%E1%BB%B1c+hi%E1%BB%87n+N%C4%90+36.2016.pdf/52a5647f-dda9-471f-9268-3b312a6b83a0)****

**#### [Thông báo](https://imda.moh.gov.vn/web/guest/thong-bao)**

**- **[Đường link tham dự trực tuyến Hội nghị Đối thoại doanh nghiệp thiết bị y tế năm 2026](https://us06web.zoom.us/j/87029335281?pwd=eibiQ0mviuD57I7aP2gkOVWsfpEdJK.1)****

**+ [https://us06web.zoom.us/j/87029335281?pwd=eibiQ0mviuD57I7aP2gkOVWsfpEdJK.1](https://us06web.zoom.us/j/87029335281?pwd=eibiQ0mviuD57I7aP2gkOVWsfpEdJK.1)**

**+ Mật mã: 720389**

**Đề nghị đại biểu ghi đầy đủ tên Cơ quan, Đơn vị khi tham gia Hội nghị.**

**- **[**Công văn số 5003/BYT-HTTB** ngày 06/07/2026 V/v xin ý kiến góp ý Hồ sơ xây dựng Đề án quản lý chuỗi cung ứng thiết bị y tế](https://imda.moh.gov.vn/documents/10182/10030600/CV5003.BYT.HTTB/0c429293-e734-4837-8c34-3688c349737d)****

****_Kèm theo:_ [QUYẾT ĐỊNH Phê duyệt Đề án “Quản lý chuỗi cung ứng thiết bị y tế giai đoạn 2026 - 2030, định hướng đến năm 2035”](https://imda.moh.gov.vn/documents/10182/10030600/QD.pheduyetdean.5003/c54d6632-5bc7-4854-a70c-2d3f7014486b)****

**_Kèm theo:_ [TỜ TRÌNH Về việc phê duyệt Đề án “Quản lý chuỗi cung ứng thiết bị y tế giai đoạn 2026 - 2030, định hướng đến năm 2035”**  
**""](https://imda.moh.gov.vn/documents/10182/10030600/Totrinh.dean.5003/1f4050bc-63e6-4f70-8761-37474075fb26)**

**_Kèm theo:_ [ĐỀ ÁN QUẢN LÝ CHUỖI CUNG ỨNG THIẾT BỊ Y TẾ GIAI ĐOẠN 2026 – 2030, ĐỊNH HƯỚNG ĐẾN NĂM 2035""](https://imda.moh.gov.vn/documents/10182/10030600/Du-thao-de-an-Chuoicungung6.7/ce8ed5a1-2e47-409c-9bdf-e82ada3e1a3b)**

**- **[**Công văn số 4552/BYT-HTTB** ngày 19/06/2026 V/v xin kiến ý dự thảo Thông tư quy định về xác định mức độ rủi ro, biện****  
****pháp quản lý đối với sản phẩm, hàng hóa là thiết bị y tế và tạm ngưng hiệu lực về danh mục thiết bị y tế phải kiểm định an toàn và tính năng kỹ thuật thiết bị y tế](https://imda.moh.gov.vn/documents/10182/10030600/CV4552.BYT.HTTB/07f97252-ee5c-4918-b3b0-fad9ada1c1ea)****

**_Kèm theo:_ [TỜ TRÌNH Về việc ban hành Thông tư quy định về xác định mức độ rủi ro, biện pháp quản lý đối với sản phẩm, hàng hóa là thiết bị y tế và tạm ngưng hiệu lực về danh mục thiết bị y tế phải kiểm định an toàn và tính năng kỹ thuật thiết bị y tế**  
**""](https://imda.moh.gov.vn/documents/10182/10030600/Totrinh.4552/3aae40b9-a582-4f9c-bf50-335410876c9e)**

**- **[**Công văn số 4474/BYT-HTTB của Bộ Y tế** ngày 17/06/2026 V/v đề nghị góp ý Hồ sơ xây dựng Đề án quản lý chuỗi cung ứng thiết bị y tế.](https://imda.moh.gov.vn/documents/10182/84707090/Cong_van_4474_17062026.pdf/713482aa-8687-46fa-bb4f-b82bf16a1743)****

****_Kèm theo:_ [Dự thảo Đề án ""Quản lý chuỗi cung ứng thiết bị y tế giai đoạn 2026-2030, định hướng đến năm 2035""](https://imda.moh.gov.vn/documents/10182/84707090/Du_thao_de_an_CV4474.pdf/c6c2287b-0cea-4f6b-86b5-e2d61b8e5179)****

**_Kèm theo:_ [QUYẾT ĐỊNH Phê duyệt Đề án “Quản lý chuỗi cung ứng thiết bị y tế giai đoạn 2026 - 2030, định hướng đến năm 2035”""](https://imda.moh.gov.vn/documents/10182/10030600/Duthaoquyetdinh15.06.2026/6eb7602d-d855-489e-81ef-e663fabd5d4a)**

**_Kèm theo:_ [TỜ TRÌNH Về việc phê duyệt Đề án “Quản lý chuỗi cung ứng thiết bị y tế giai đoạn 2026 - 2030, định hướng đến năm 2035”](https://imda.moh.gov.vn/documents/10182/10030600/Duthaototrinh.15.06.2026/db844d21-f1d8-493e-914e-130b24ab9812)** **- [**Công văn số 742/HTTB-VPC ngày 18/05/2026** **V/v chào giá dịch vụ tư vấn thẩm tra báo cáo kinh tế kỹ thuật.**](https://imda.moh.gov.vn/documents/10182/10030600/CV742/cf46330e-59ee-43be-b7d5-7a4d64d3f3a4)** **- [**Công văn số 720/HTTB-CLSD ngày 14/05/2026** **V/v lưu ý cách đặt mật khẩu phức tạp để đăng nhập hệ thống VIMDA nhằm hạn chế nguy cơ lộ lọt tài khoản**](https://imda.moh.gov.vn/documents/10182/10030600/CV720/b1321227-6f9c-4c1a-a7c6-d4b25a9d0484)** **- [**Công văn số 623/HTTB-CLSD ngày 29/04/2026** **V/v thông báo rà soát, khắc phục lỗ hổng bảo mật hệ thống dịch vụ công trực tuyển Quản lý thiết bị y tế**](https://imda.moh.gov.vn/documents/10182/0/CV623/0a9f63fd-34f5-40e3-9545-6ef2ff3b631f)** **- [**Công văn số 579/TB-HTTB ngày 22/04/2026** **THÔNG BÁO Thực hiện nộp phí đúng quy định tại Thông tư số 64/2025/TT-BTC ngày 30/6/2025 của Bộ Tài chính về quy định mức thu, miễn một số khoản phí, lệ phí nhằm hỗ trợ cho doanh nghiệp, người dân.**](https://imda.moh.gov.vn/documents/10182/10030600/CV579.Phihs/fa362143-91a1-455b-809a-e1554fc5c1f6)** **- [**Công văn số 1956/BYT-HTTB** **V/v báo cáo tổng kết việc thi hành Nghị định số 98/2021/NĐ-CP**](https://imda.moh.gov.vn/documents/10182/10030600/CV1956-CS/15cc9c4e-c11a-46e2-ac49-3cd176704cd1)**

****[**Công văn số 984/HTTB-ĐKKD** ngày 09/09/2025 V/v danh mục tên thiết bị y tế loại C, D đã cấp số lưu hành](https://imda.moh.gov.vn/documents/10182/10030600/CV984.TBYTdacapdklh/3f7e3c44-37d9-4c5c-a816-594af971ab6f)**** ****[**Công văn số 992/TB-HTTB** ngày 09/09/2025 Thông báo về việc mời tham gia lập Báo cáo kinh tế - kỹ thuật](https://imda.moh.gov.vn/documents/10182/10030600/Thu-moi-992/ab91e0ee-a0c3-492a-acd7-b633e1517f83?version=1.1)**** ****[**Công văn số 991/TB-HTTB** ngày 09/09/2025 Thông báo về việc mời tham gia thẩm tra Báo cáo kinh tế - kỹ thuật](https://imda.moh.gov.vn/documents/10182/10030600/Thu-moi-991/a9842725-5e01-4193-80c6-4dc192b641d5?version=1.0)**** ****[**Công văn số 886/HTTB-ĐKKD** ngày 19/08/2025 V/v mời gửi báo giá dịch vụ tư vấn lập E-HSMT, đánh giá E-HSDT; Tư vấn thẩm định E-HSMT, thẩm định KQLCNT](https://imda.moh.gov.vn/documents/10182/10030600/CV886-Taphuan-phan-loai-tbyt-HN-H/ed64b436-c018-4d31-a8a9-698d311265a8)**** ****[**Công văn số 5469/BYT-HTTB** ngày 18/08/2025 V/v Hướng dẫn doanh nghiệp thực hiện khi thay đổi địa giới hành chính](https://imda.moh.gov.vn/documents/10182/10030600/CV.BYT-Huong-dan-DN-cap-nhat-dia-gioi-hanh-chinh/e2165939-a858-405c-b9b1-3b7bdfe0c343)**** ****[**Công văn số 863/HTTB-ĐKKD** ngày 13/08/2025 V/v mời gửi báo giá dịch vụ cho thuê hội trường, tổ chức Hội Nghị tập huấn phân loại thiết bị y tế tại thành phố Huế và thành phố Hà Nội](https://imda.moh.gov.vn/documents/10182/10030600/cong-van-bao-gia/924fbf05-a83a-42a8-a301-edf39e388798)**** ****[**Giấy mời số 539/GM-BYT** **ngày 29/7/2025 GIẤY MỜI tham gia Hội nghị Đối thoại doanh nghiệp thiết bị y tế năm 2025**](https://imda.moh.gov.vn/documents/10182/10030600/GM_539/8efda2ef-9f61-4080-bb15-0a3455b2d86e)**** ****[**Công văn số 4755/BYT-HTTB** ngày 21/07/2025 V/v xin ý kiến góp ý Dự thảo Thông tư ban hành danh mục mua sắm tập trung cấp quốc gia đối với thiết bị y tế, vật tư xét nghiệm](https://imda.moh.gov.vn/documents/10182/10030600/Xin-y-kien-du-thao-thong-tu-ban-hanh-danh-muc-mua-sam/2a829c5f-fabe-4c0f-97c5-040792a6a75a)**** ****[**TỜ TRÌNH Dự thảo Thông tư ban hành danh mục mua sắm tập trung cấp quốc gia đối với thiết bị y tế, vật tư xét nghiệm**](https://imda.moh.gov.vn/documents/10182/10030600/Du-thao-thong-tu-ban-hanh-danh-muc-mua-sam/5294010f-5058-4a56-b57a-2231b9f9623b)**** ******[**THÔNG TƯ Ban hành danh mục mua sắm tập trung cấp quốc gia đối với thiết bị y tế, vật tư xét nghiệm**](https://imda.moh.gov.vn/documents/10182/10030600/Du-thao-thong-tu-mua-sam/199e39ab-2e24-43e7-b9d1-6cb74eeb28ef)****** ******[**Công văn số 676/TB-HTTB** ngày 10/7/2025 Thông báo V/v kê khai giá thiết bị y tế](https://imda.moh.gov.vn/documents/10182/10030600/Thong-bao-676/6019cf3a-b846-4c7a-b1f1-53293550bee7)****** ******[**Công văn số 638/TB-HTTB** ngày 31/12/2024 Thông báo Danh sách doanh nghiệp thực hiện kê khai giá thiết bị y tế tại Bộ Y tế](https://imda.moh.gov.vn/documents/10182/10030600/Thong-bao-638/8dffa0e5-c3f7-4838-904a-02236a927d09)****** ******[**Công văn số 645/TB-HTTB** **ngày 02/7/2025 Thông báo V/v thay đổi mức thu phí các khoản phí lĩnh vực thiết bj y tế**](https://imda.moh.gov.vn/documents/10182/10030600/Thong-bao-thay-doi-muc-phi-2025/c0567596-7e1a-4685-b6f0-95aeef471e30)****** ******[**Công văn số 3776/BYT-HTTB** **ngày 16/6/2025 V/v chuẩn bị tổ chức Hội nghị đối thoại Doanh nghiệp thiết bị y tế năm 2025 (lần 2)**](https://imda.moh.gov.vn/documents/10182/10030600/CV-gui-dn-tbyt2025%28lan2%29/311471eb-6b35-484e-b5b1-dcdbc396faf3)****** ******[**Công văn số 387/TB-HTTB** **ngày 21/05/2025 V/v Thay đổi địa chỉ trụ sở làm việc Cục Hạ tầng và Thiết bị y tế, Bộ Y tế**](https://imda.moh.gov.vn/documents/10182/10030600/Thong-bao-doi-dia-chi-Cuc-HT/50bd7b5b-4f07-42c2-bff5-ffebcc0d2ccf)****** ******[**Công văn số 32/TB-HTTB** **ngày 13/03/2025 V/v Thay đổi tên tài khoản thu phí thẩm định cấp giấy phép lưu hành, nhập khẩu, công bố thiết bị y tế**](https://imda.moh.gov.vn/documents/10182/10030600/Thongbao-thay-doi-tk-thu-phi/08a67564-0b3e-43bd-8411-f0c5c67fb615)****** ******[**Công văn số 267/BYT-HTTB** ngày 14/01/2025 V/v triển khai Nghị định số 04/2025/NĐ-CP ngày 01/01/2025 của Chính phủ.](https://imda.moh.gov.vn/documents/10182/10030600/CV267/c027f29b-5072-4a0c-a685-ab00c01ed4c3)****** ******[**Công văn số 638/TB-HTTB** ngày 31/12/2024 Thông báo danh sách doanh nghiệp thực hiện kê khai giá thiết bị y tế tại Bộ Y tế](https://imda.moh.gov.vn/documents/10182/10030600/CV638KKG/4f89fa2e-77d9-4b61-becc-3f40b80ffbbf)****** ******[**Công văn số 7910/BYT-HTTB** ngày 21 /12/2024 V/v góp ý dự thảo nghị định sửa đổi, bổ sung nghị định số 98/2021/NĐ-CP.](https://imda.moh.gov.vn/documents/10182/10030600/CV7910.HTTB/da2417c3-66be-4090-bec5-f2d744318ac0) [**Kèm công văn dự thảo Nghị định**](https://imda.moh.gov.vn/documents/10182/10030600/3.Du-thao-nghi-dinh-sua-doi-bo-sung-nghi-dinh-98-2024/d0362296-2e51-45a0-bd51-f4513d2c2a6d)****** ******[**Công văn số 7614/BYT-HTTB** ngày 09/12/2024 V/v đảm bảo nguồn cung thiết bị y tế đối với các giấy phép nhập khẩu hết hạn vào ngày 31/12/2024](https://imda.moh.gov.vn/documents/10182/10030600/7614-CVB/c737f912-655c-4901-b441-2dbbc0633ff7)****** ******[**Công văn số 519/HTTB-ĐKKD** ngày 19/11/2024 V/v cung cấp thông tin TBYT đã được cấp giấy phép Nhập khẩu hết hạn vào ngày 31/12/2024](https://imda.moh.gov.vn/documents/10182/10030600/CV519/5bc5f933-08fc-4538-897f-5ae71d25c779)****** ******[**Công văn số 506/HTTB-VPC** ngày 13/11/2024 Thư mời tham gia thực hiện tư vấn thẩm định E-HSMT và thẩm định kết quả lựa chọn nhà thầu gói thầu ""Thuê đơn vị quản lý, vận hành, duy trì hệ thống dịch vụ công trực tuyến quản lý thiết bị y tế](https://imda.moh.gov.vn/documents/10182/10030600/TM506/ab813866-60e9-436e-a4f7-88b0ba678e75)****** ******[**Công văn số 507/HTTB-VPC** ngày 13/11/2024 Thư mời tham gia thực hiện tư vấn thẩm định E-HSMT và đánh giá E-HSDT gói thầu ""Thuê đơn vị quản lý, vận hành, duy trì hệ thống dịch vụ công trực tuyến quản lý thiết bị y tế](https://imda.moh.gov.vn/documents/10182/10030600/TM507/d86626c4-7fdd-4daf-82f9-761923eedc33)****** ******[**Công văn số 486/BYT-HTTB** ngày 05/11/2024 V/v danh mục tên thiết bị y tế loại C, D đã cấp số lưu hành](https://imda.moh.gov.vn/documents/10182/10030600/CV486/70df1287-49e1-4c95-96f3-3ee23e43ccb4)****** ******[**Công văn số 459/HTTB-CLSD** ngày 22/10/2024 V/v mời báo giá dịch vụ quản trị vận hành hệ thống dịch vụ công trực tuyến về quản lý thiết bị y tế (IMDA)](https://imda.moh.gov.vn/documents/10182/10030600/CV459HTTB.CLSD/c2f128fb-b01e-422a-a885-b68217d93402)****** ******[**Công văn số 6067/BYT-HTTB** ngày 04/10/2024 V/v khảo sát thực trạng và thăm dò ý kiến về các chính sách dự kiến của Dự thảo Luật Thiết bị y](https://imda.moh.gov.vn/documents/10182/10030600/CV6067/bdd6d5d5-88eb-412b-8abe-c9581715b752)****** ******[**Công văn số 6066/BYT-HTTB** ngày 04/10/2024 V/v khảo sát thực trạng và thăm dò ý kiến về các chính sách dự kiến của Dự thảo Luật Thiết bị y tế](https://imda.moh.gov.vn/documents/10182/10030600/CV6066/4180b821-7d75-44d9-8623-728b3062f84c)****** ******[**Công văn số 6065/BYT-HTTB** ngày 04/10/2024 V/v khảo sát thực trạng và thăm dò ý kiến về các chính sách dự kiến của Dự thảo Luật Thiết bị y tế](https://imda.moh.gov.vn/documents/10182/10030600/CV6065/a67a0ef3-21b1-4ea7-9dbb-6f9d91bec6c9)****** ******[**Công văn số 6032/HTTB-ĐKKD** ngày 04/10/2024 V/v thực hiện phân loại, công bố tiêu chuẩn áp dụng đối với thiết bị y tế](https://imda.moh.gov.vn/documents/10182/10030600/CV6032/778c0c5e-af03-497c-ac81-50b94951a3f3)****** ******[**Công văn số 6031/BYT-HTTB** ngày 04/10/2024 V/v thực hiện phân loại, công bố tiêu chuẩn áp dụng đối với thiết bị y tế](https://imda.moh.gov.vn/documents/10182/10030600/CV6031/6c53ed47-f4db-40d5-9b7b-2d2802bf08a9)****** ******[**Công văn số 365/HTTB-ĐKKD** ngày 12/09/2024 V/v xử lý hồ sơ nhập khẩu thiết bị y tế nộp trước ngày 01/01/2022](https://imda.moh.gov.vn/documents/10182/10030600/CV-xu-ly-ho-so-NK-truoc112022/017c3b2d-a8ae-4d70-9763-936be88744f6)****** ******[**Công văn số 342/HTTB-ĐKKD** ngày 30/08/2024 V/v thay đổi tên miền hệ thống dịch vụ công trực tuyến quản lý thiết bị y tế](https://imda.moh.gov.vn/documents/10182/10030600/CV-thong-bao-chuyen-doi-ten-mien-28082024/0c070b37-b63a-4d3f-bf88-16617836fac8)****** ******[**Dự thảo Thông tư** Quy định về Kê khai giá thiết bị y tế](https://imda.moh.gov.vn/documents/10182/10030600/Du-thao-thong-tu-KKG-2024/2b85a07a-aad7-4271-a263-ca00a4856765)****** ******[**Giấy mời số 333/GM-HTTB** ngày 21/08/2024 V/v Tham dự họp về giải quyết hồ sơ nhập khẩu thiết bị y tế đã nộp trước 01 tháng 01 năm 2022](https://imda.moh.gov.vn/documents/10182/10030600/GM_Hop-truc-tiep-21082024/e12876dc-558a-425f-a573-866b4fe4c8ce)****** ******[**Giấy mời số 332/GM-HTTB** ngày 21/08/2024 V/v Tham dự họp về giải quyết hồ sơ nhập khẩu thiết bị y tế đã nộp trước 01 tháng 01 năm 2022](https://imda.moh.gov.vn/documents/10182/10030600/GM_Hop-truc-tuyen-21082024/1d9890b8-7ac2-4070-88cb-2c75ac4cf283)****** ******[**Công văn số 317/HTTB-ĐKKD** ngày 16/08/2024 V/v cập nhật tài liệu trên Hệ thống dịch vụ công trực tuyến quản lý thiết bị y tế](https://imda.moh.gov.vn/documents/10182/10030600/CV317_TB/1669d512-f8c8-4ff4-ba67-9f1170b4c56d)****** ******[**Quyết định số 2302/QĐ-BYT** ngày 05/08/2024 v/v ban hành hướng dẫn thẩm định hồ sơ pháp lý đối với hồ sơ đăng ký lưu hành thiết bị y tế](https://imda.moh.gov.vn/documents/10182/10030600/Q%C4%902302/06820ffc-6f1b-4441-b5ac-a0dc837480e1)****** ******[**Công văn số 224/HTTB-ĐKKD** ngày 24/11/2023 v/v góp ý dự thảo Quyết định về việc ban hành tiêu chí, nguyên tắc đánh giá Hồ sơ kỹ thuật chung về TTBYT theo quy định ASEAN (hồ sơ CSDT) đối với TTBYT chẩn đoán in vitro](https://imda.moh.gov.vn/documents/10182/49189400/Cong+van+xin+gop+y+tieu+chi+nguyen+tac+danh+gia+ho+so+CSDT+-IVD+ngay+24.11.2023.signed.pdf/66aaaabb-9ead-4a9c-a782-2c3b4047df64)******

******[**Công văn số 200/HTTB-ĐKKD** ngày 16/11/2023 v/v góp ý dự thảo Quyết định về việc ban hành tiêu chí, nguyên tắc đánh giá Hồ sơ kỹ thuật chung về TTBYT theo quy định ASEAN (hồ sơ CSDT)](https://imda.moh.gov.vn/documents/10182/49189621/Cong+van+xin+gop+y+tieu+chi+nguyen+tac+danh+gia+CSDT+ngay+16.11.2023.signed.pdf/2968bc5c-d6b5-466e-9c58-e3d5c6e6ac37)******

******[**Công văn số 442/TB-HTTB** ngày 27/09/2023 của Bộ Y tế (Cục Cơ sở Hạ tầng và Thiết bị Y tế) V/v thay đổi tài khoản thu phí thẩm định cấp giấy phép lưu hành, nhập khẩu, xuất khẩu, công bố trang thiết bị y tế](https://imda.moh.gov.vn/documents/10182/10030600/Thong-bao-thay-doi-tai-khoan-thu-phi/dceb28f8-947c-498c-b241-3ac19f39c1df)****** ******[**Công văn số 5440/BYT-HTTB** ngày 28/08/2023 của Bộ Y tế v/v lấy ý kiến góp ý dự thảo Quyết định ban hành 03 Quy trình kiểm định an toàn và tính năng kỹ thuật đối với trang thiết bị y tế](https://imda.moh.gov.vn/documents/10182/10030600/CV+5440+gui+lay+y+kien+cac+don+vi_28.8.2023.signed.pdf/c7352581-3fee-4a24-acfb-077a5bc57ddb)****** ******[**Công văn số 3764/BYT-HTTB** ngày 19/06/2023 của Bộ Y tế v/v xin ý kiến góp ý Dự thảo Thông tư ban hành Danh mục trang thiết bị y tế được xác định mã số hàng hóa theo Danh mục hàng hóa xuất khẩu, nhập khẩu Việt Nam](https://imda.moh.gov.vn/documents/10182/10030600/CV+3764-2023-Cong+van+lay+y+kien+du+thao+Thong+tu+ma+HS.pdf/ee2e8504-267f-44a4-b1bd-1501f85cedcb)******

******_Kèm theo:_ [Dự thảo Thông tư ban hành Danh mục trang thiết bị y tế được xác định mã số hàng hóa theo Danh mục hàng hóa xuất khẩu, nhập khẩu Việt Nam](https://imda.moh.gov.vn/documents/10182/10030600/CV+3764-2023-Du+thao+Thong+tu+ma+HS+ve+TTBYT.pdf/a3a1119f-a1be-4a6e-b4e3-04c87c6a467f)****** ******[**Quyết định số 1345/QĐ-BYT** ngày 13/03/2023 v/v ban hành hướng dẫn thẩm định, hậu kiểm hồ sơ kỹ thuật, lâm sàng trong hồ sơ đăng ký lưu hành trang thiết bị y tế không phải trang thiết bị y tế chẩn đoán in vitro (trang thiết bị y tế chung)](https://imda.moh.gov.vn/documents/10182/10030600/1345.signed+%28HD+tham-dinh-ho-so-ky-thuat-lam-sang+non+IVD%29.pdf/b7c34f2b-2702-4901-a0f0-e135d8ccc112)****** ******[**Công văn số 947/BYT-PC** ngày 27/02/2023 của Bộ Y tế v/v cung cấp thông tin phục vụ hoạt động hỗ trợ pháp lý doanh nghiệp](https://imda.moh.gov.vn/documents/10182/10030600/CV+947-BYT-PC-27.02.2023/5fa45877-5e72-4566-bbb6-5504b82cc97d)****** ******[**Công văn số 838/BYT-TB-CT** ngày 22/02/2023 của Bộ Y tế v/v lấy ý kiến dự thảo Thông tư sửa đổi, bổ sung Thông tư số 19/2021/TT-BYT](https://imda.moh.gov.vn/documents/10182/10030600/CV+838-BYT-TB-CT+lay+y+kien+du+thao+sua+doi+TT19/f91b9069-815c-4441-93ae-a1c53051aace)****** ******[**Quyết định số 3435/QĐ-BYT** ngày 21/12/2022 v/v ban hành hướng dẫn thẩm định, hậu kiểm hồ sơ kỹ thuật, lâm sàng trong hồ sơ đăng ký lưu hành trang thiết bị y tế chẩn đoán in vitro](https://imda.moh.gov.vn/documents/10182/10030600/Q%C4%90+3435.signed+%2821.12.2022%29-Huong-dan-tham-dinh-ho-so-ky-thuat-lam-sang+IVD.pdf/da862832-203b-44d8-85ef-2b81c406b81f)****** ******[**Quyết định số 3007/QĐ-BYT** ngày 03/11/2022 v/v ban hành hướng dẫn thẩm định, hậu kiểm hồ sơ pháp lý trong hồ sơ đăng ký lưu hành trang thiết bị y tế](https://imda.moh.gov.vn/documents/10182/10030600/3007.signed+%28QD-Huong-dan-tham-dinh-ho-so-phap-ly%29.pdf/ff369466-b8d6-453f-9001-d40e1906e31f)****** ******- [Dự thảo Nghị định sửa đổi, bổ sung Nghị định 98/2021/NĐ-CP](https://imda.moh.gov.vn/documents/10182/10030600/Du+thao+Nghi+dinh+sua+doi+Nghi+dinh+98/e9fe9eb2-f644-4b36-9f83-b90a60b2e980)******

******- [Dự thảo Thông tư sửa đổi, bổ sung Thông tư 19/2021/TT-BYT](https://imda.moh.gov.vn/documents/10182/10030600/Du+thao+thong+tu+sua+doi+Thong+tu+19/5cb9da0b-f51a-4232-90cb-4b6e8091e946)****** ****- **[**Công văn số 7183/BYT-TB-CT** ngày 13/12/2022 của Bộ Y tế v/v mời doanh nghiệp thẩm định giá](https://imda.moh.gov.vn/documents/10182/10030600/CV+7183+moi+doanh+nghiep+tham+dinh+gia+2022.12.13/156c384d-30de-40f1-8f0c-e668c112ec80)****** ****- **[**Công văn số 6698/BYT-TB-CT** ngày 21/11/2022 của Bộ Y tế v/v lấy ý kiến dự thảo Nghị định sửa đổi, bổ sung Nghị định số 98/2021/NĐ_CP](https://imda.moh.gov.vn/documents/10182/10030600/CV6698_21112022/edc4d63b-565c-419e-9d34-55fdaf2dd11e)****** ****- **[**Công văn số 4398/BYT-PC** ngày 16/8/2022 của Bộ Y tế về việc cung cấp thông tin phục vụ hoạt động hỗ trợ pháp lý doanh nghiệp](https://imda.moh.gov.vn/documents/10182/10030600/de+nghi+cung+cap+thong+tin+ve+vuong+mac+lien+quan+den+ho+tro+phap+ly+dn+2022.signed/fce1d20d-a50e-4d60-adda-ae25eb749272)****** ****- **[**Giấy mời số 203/GM-BYT** Tham dự Hội nghị trực tuyến hướng dẫn thực hiện quy định về kê khai, công khai giá trang thiết bị y tế](https://imda.moh.gov.vn/documents/10182/0/GM+hoi+thao+huong+dan+ke+khai+gia+SYT%2C+DN+-+Final.signed.pdf/c91d6015-0ee0-42b2-a162-13084556466b)****** ****- **[Hướng dẫn tham dự Hội nghị trực tuyến ngày 29/03/2022](https://imda.moh.gov.vn/documents/10182/0/H%C6%B0%E1%BB%9Bng+d%E1%BA%ABn+tham+d%E1%BB%B1+H%E1%BB%99i+ngh%E1%BB%8B+29.3.2022.docx/5618152a-6dda-4c64-ad2f-3d76ee2a3fc9)****** ****- **[**Công văn số 913/BYT-TB-CT** V/v đảm bảo cung cấp trang thiết bị y tế phục vụ phòng, chống dịch COVID-19](https://imda.moh.gov.vn/documents/10182/0/C%C3%B4ng+v%C4%83n+%C4%91%E1%BA%A3m+b%E1%BA%A3o+cung+c%E1%BA%A5p+TTBYT+ph%C3%B2ng+ch%E1%BB%91ng+d%E1%BB%8Bch+COVID-1925.02.2022)****** ****- **[**Công văn số 10725/BYT-TB-CT** V/v lấy ý kiến dự thảo Thông tư quy định chi tiết thi hành và biện pháp thực hiện Nghị định số 98/2021/NĐ-CP](https://imda.moh.gov.vn/documents/10182/0/CV+gui+lay+y+kien+du+thao+Thong+tu+quy+dinh+1+so+dieu+ND98.rar/cf940336-172b-42b8-9689-ab12bc300ce0)****** ****- **[**Công văn số 8506/BYT-TB-CT** V/v triển khai phần mềm kết nối 5 TTHC lĩnh vực trang thiết bị y tế với Cổng thông tin một cửa quốc gia trên hệ thống DMEC](https://imda.moh.gov.vn/documents/10182/10030600/CV+gui+Doanh+nghiep_Tam+ngung+he+thong+DMEC_ngay+08.10.2021.signed.pdf/3c5a9405-6e8d-4966-aa07-cb47ea1b5b6f)****** ****- **[**Công văn số 3749/BYT-TB-CT** V/v góp ý dự thảo Quyết định ban hành hướng dẫn cách chuẩn bị hồ sơ kĩ thuật chung về TTBYT theo quy định của ASEAN kèm theo Quyết định hướng dẫn.](https://imda.moh.gov.vn/documents/10182/0/C%C3%B4ng+v%C4%83n+s%E1%BB%91+3749+BYT-TB-CT.rar/f18d6ef1-ea17-4291-8c06-57c972b4476a)****** ****- **[**Công văn số 2271/BYT-TB-CT** V/v lấy ý kiến dự thảo Nghị định về quản lý trang thiết bị y tế.](https://imda.moh.gov.vn/documents/10182/0/CV+gui+lay+y+kien+cac+Bo+nganh+don+vi.rar/80bb4e79-6d67-45bd-abf2-f1afaac049fe)****** ****- **[**Công văn số 1762/BYT-TB-CT** V/v lấy ý kiến dự thảo Quyết định ban hành 03 Quy trình kiểm định an toàn và tính năng kỹ thuật đối với TTBYT (lần 2) kèm theo 03 Quy trình kiểm định.](https://imda.moh.gov.vn/documents/10182/0/C%C3%B4ng+v%C4%83n+s%E1%BB%91+1762BYT-TB-CT.rar/30b31094-b63b-4a34-b015-a96867b58b0e)****** ****- **[Tài liệu hội thảo xây dựng phần mềm quản lý PPE](https://imda.moh.gov.vn/documents/10182/10030600/Ta%CC%80i+lie%CC%A3%CC%82u+to%CC%82%CC%89ng+ho%CC%9B%CC%A3p+Ho%CC%A3%CC%82i+tha%CC%89o+PPE.pdf/d2f78667-48d6-4b40-b1cd-d06a39ce22bf).****** ****- **[**Văn bản số 13303/BTC-TCT** Về việc xin ý kiến về dự thảo Thông tư sửa đổi, bổ sung các thông tư hướng dẫn về thuế GTGT.](https://imda.moh.gov.vn/documents/10182/10030600/CV+BTC.pdf/11f6dee1-7da9-42d1-ad01-607baf67c006)****** ****- **[**Văn bản số 5112/BYT-TB-CT** Về việc lấy ý kiến dự thảo Thông tư ban hành danh mục trang thiết bị y tế phải kiểm định.](https://imda.moh.gov.vn/documents/10182/10030600/CV+gui+lay+y+kien+cac+Bo%2C+nganh%2C+don+vi+lan+2.signed.pdf/63dbd10d-59d3-47b9-b129-58ec5a47b19b)****** ****- **[**Văn bản số 3697/BYT-TB-CT** Về việc lấy ý kiến dự thảo Thông tư ban hành 04 Quy trình kiểm định an toàn và tính năng kỹ thuật đối với trang thiết bị y tế](https://imda.moh.gov.vn/documents/10182/10030600/3697_BYT-TB-CT_10072020_2-signed.pdf/475fbd09-ddba-4779-8767-3e891b88f9c2).****** ******[Link Dự thảo thông tư kiểm định TTBYT](https://imda.moh.gov.vn/documents/10182/10030600/Du+thao+Thong+tu+kiem+dinh+TTBYT+ngay+2020.7.06.docx/8f87c6b6-b54a-498e-887e-677f81a16fdd)****** ****- **[**Giấy mời số 455/GM-BYT** Giấy mời Hội thảo ""Tăng cường chất lượng, năng lực sản xuất và giải đáp, hỗ trợ xuất khẩu vật tư, trang thiết bị phòng, chống dịch COVID-19"". (Khu vực phía Nam)](https://imda.moh.gov.vn/documents/10182/10030600/455+GM-BYT.pdf/3528de8f-f6d0-4605-9126-0dc7f40f31cc).****** ****- **[**Giấy mời số 427/GM-BYT** Giấy mời Hội thảo ""Tăng cường chất lượng, năng lực sản xuất và giải đáp, hỗ trợ xuất khẩu vật tư, trang thiết bị phòng, chống dịch COVID-19""](https://imda.moh.gov.vn/documents/10182/10030600/427+GM+BYT.pdf/dba9b086-928c-4a93-9b53-21b79c71720d).****** ****- **[**Danh sách tổ chức chứng nhận tiêu chuẩn ISO đã đăng ký hoạt động chứng nhận tại Việt Nam theo quy định tại Nghị định số 107/2016/NĐ-CP ngày 01/7/2016 của Chính phủ quy định về điều kiện kinh doanh đánh giá sự phù hợp**](https://tcvn.gov.vn/2018/03/3154/?utm_source=zalo&utm_medium=zalo&utm_campaign=zalo&zarsrc=30)****** ****- **[**Công văn 1957/BYT-TB-CT** Xin ý kiến dự thảo Thông tư quy định một số nội dung trong đấu thầu TTBYT tại các cơ sở y tế Công lập](https://imda.moh.gov.vn/documents/10182/10030600/CV+1957_2020+Xin+%C3%BD+ki%E1%BA%BFn+d%E1%BB%B1+th%E1%BA%A3o+Th%C3%B4ng+t%C6%B0+quy+%C4%91%E1%BB%8Bnh+%C4%91%E1%BA%A5u+th%E1%BA%A7u+TTBYT.pdf/64887154-24b2-4103-971e-0cbc06c8debf).****** ******[Xem file Thông tư quy định đấu thầu TTBYT](https://imda.moh.gov.vn/documents/10182/10030600/Thong+tu+quy+dinh+dau+thau+TTBYT+ngay+07.4.2020.docx/4a985488-3eca-4674-859d-04b82bbfaea8)****** ****- **[**Công văn 312/CV-BM** Cung cấp các trang thiết bị phục vụ công tác phòng, chống dịch COVID-19 của BV Bạch Mai .](https://imda.moh.gov.vn/documents/10182/10030600/CV+312+Cung+c%E1%BA%A5p+TTB+ph%C3%B2ng+ch%E1%BB%91ng+d%E1%BB%8Bch+Covid19+c%E1%BB%A7a+B%E1%BB%87nh+vi%E1%BB%87n+B%E1%BA%A1ch+Mai.pdf/47d82296-8f43-4735-bc2d-a2c46401b9b7)****** ****- **[**Công văn 344/BVCR-TTBYT** Cung cấp các trang thiết bị phục vụ công tác phòng, chống dịch COVID-19 của BV Chợ Rẫy .](https://imda.moh.gov.vn/documents/10182/10030600/Co%CC%82ng+va%CC%86n+344.pdf/f31efd5e-2d04-49f6-9c66-9b2004eac804)****** ****- **[**Giấy mời số 1254** Tham dự hội nghị đối thoại doanh nghiệp về các quy định trong Quản lý TTBYT - Khu vực Phía Nam.](https://imda.moh.gov.vn/documents/10182/10030600/GM+1254+H%E1%BB%99i+ngh%E1%BB%8B+%C4%91%E1%BB%91i+tho%E1%BA%A1i+Mi%E1%BB%81n+Nam.pdf/fbc9258d-dbc4-49a3-999d-f2c6c3e78fc6)****** ****- **[**Giấy mời số 1111** Tham dự hội nghị đối thoại doanh nghiệp về các quy định trong Quản lý TTBYT - Khu vực Phía Bắc.](https://imda.moh.gov.vn/documents/10182/10030600/GM+1111+H%E1%BB%99i+ngh%E1%BB%8B+%C4%91%E1%BB%91i+tho%E1%BA%A1i+Mi%E1%BB%81n+B%E1%BA%AFc.pdf/532a3a03-7514-447f-83c4-961a33c1677d)****** ****- **[**Công văn** Thông báo tổ chức hội thảo, hội nghị khu vực ASEAN về TTBYT.](https://imda.moh.gov.vn/documents/10182/0/CongvanthongboASIAN/7163363b-28fa-45f3-b599-8d7be96635b5)****** ****- **[**Giấy mời số 383/GM-BYT ngày 24/05/2019:** Gửi các cơ sở đủ điều kiện phân loại TTBYT tham dự Hội nghị phổ biến quán triệt triển khai Nghị định 36/2016/NĐ-CP và Nghị định 169/2018/NĐ-CP (Khu vực phía Bắc).](https://imda.moh.gov.vn/documents/10182/10030600/GM+383-2019+H%E1%BB%99i+ngh%E1%BB%8B+t%E1%BA%ADp+hu%E1%BA%A5n+ph%C3%A2n+lo%E1%BA%A1i+M.B%E1%BA%AFc.pdf/9ed07e8b-a959-4252-8e97-565a607bce66)****** ****- **[**Giấy mời số 384/GM-BYT ngày 24/05/2019:** Gửi các cơ sở đủ điều kiện phân loại TTBYT tham dự Hội nghị phổ biến quán triệt triển khai Nghị định 36/2016/NĐ-CP và Nghị định 169/2018/NĐ-CP (Khu vực phía Nam).](https://imda.moh.gov.vn/documents/10182/10030600/GM+384-2019+H%E1%BB%99i+ngh%E1%BB%8B+t%E1%BA%ADp+hu%E1%BA%A5n+ph%C3%A2n+lo%E1%BA%A1i+M.Nam.pdf/e4cd5253-5636-4fae-b5a3-d539e359fa06)****** ****- **[**Giấy mời số 153/GM-BYT ngày 05/03/2019:** Gửi các Sở Y tế; các Bệnh viện, các doanh nghiệp tham dự Hội nghị phổ biến triển khai Nghị định 169/2018/NĐ-CP (Khu vực Miền Trung - Tây Nguyên).](https://imda.moh.gov.vn/documents/10182/10030600/GM+153-2019+H%E1%BB%99i+ngh%E1%BB%8B+ph%E1%BB%95+bi%E1%BA%BFn+N%C4%90169.2018+M.Trung.pdf/4efde5fe-bc92-4a83-975d-2876e55d5e30)****** ****- **[**Giấy mời số 113/GM-BYT ngày 19/02/2019:** Gửi các Sở Y tế; các Bệnh viện tham dự Hội nghị phổ biến triển khai Nghị định 169/2018/NĐ-CP (Khu vực Miền Nam).](https://imda.moh.gov.vn/documents/10182/10030600/GM+113-2019+g%E1%BB%ADi+SYT+H%E1%BB%99i+ngh%E1%BB%8B+ph%E1%BB%95+bi%E1%BA%BFn+N%C4%90169.2018+M.Nam.pdf/c9d3c65d-ceb6-405a-9636-2628d4446290)****** ****- **[**Giấy mời số 109/GM-BYT ngày 18/02/2019:** Gửi các Sở Y tế; các Bệnh viện tham dự Hội nghị phổ biến triển khai Nghị định 169/2018/NĐ-CP (Khu vực Miền Bắc).](https://imda.moh.gov.vn/documents/10182/10030600/GM+109-2019+g%E1%BB%ADi+SYT+H%E1%BB%99i+ngh%E1%BB%8B+ph%E1%BB%95+bi%E1%BA%BFn+N%C4%90169.2018+M.B%E1%BA%AFc.pdf/19b4d099-2e2b-4b5c-b589-f2d2cf46917d)****** ****- **[**Công văn số 202/BYT-TB-CT ngày 14/01/2019:** Gửi Bệnh viện Thống Nhất; các doanh nghiệp về việc thay đổi ngày tổ chức Hội nghị phổ biến nội dung Nghị định 169/2018/NĐ-CP  (Khu vực phía Nam)](https://imda.moh.gov.vn/documents/10182/10030600/CV+202-2019+Thay+%C4%91%E1%BB%95i+ng%C3%A0y+t%E1%BB%95+ch%E1%BB%A9c+H%E1%BB%99i+ngh%E1%BB%8B+theo+GM+35.pdf/ee4732b2-ee56-4664-9647-081c1ef2aa83)****** ****- **[**Giấy mời số 35/GM-BYT ngày 10/01/2019:** Gửi các doanh nghiệp tham dự Hội nghị phổ biến nội dung Nghị định 169/2018/NĐ-CP (Khu vực phía Nam).](https://imda.moh.gov.vn/documents/10182/10030600/GM+35-2019+g%E1%BB%ADi+DN+H%E1%BB%99i+ngh%E1%BB%8B+ph%E1%BB%95+bi%E1%BA%BFn+N%C4%90169.2018+M.Nam.pdf/6c423e6f-fcec-4a5e-8b54-6ceeb121ee33)****** ****- **[**Giấy mời số 30/GM-BYT ngày 09/01/2019:** Gửi các doanh nghiệp tham dự Hội nghị phổ biến nội dung Nghị định 169/2018/NĐ-CP (Khu vực Phía Bắc).](https://imda.moh.gov.vn/documents/10182/10030600/GM+30-2019+g%E1%BB%ADi+DN+H%E1%BB%99i+ngh%E1%BB%8B+ph%E1%BB%95+bi%E1%BA%BFn+N%C4%90169.2018+M.B%E1%BA%AFc.pdf/769b2f66-c824-4511-a090-52bf8b3414ae)******

**#### [Tài liệu tham khảo](https://imda.moh.gov.vn/web/guest/tai-lieu-tham-khao)**

**- **Dự thảo 03 Quy trình kiểm định (Lần 4)** xin ý kiến kèm theo giấy mời họp ngày 02/10/2023**

**[- QT Kiểm định an toàn và tính năng kỹ thuật máy phá rung tim](https://imda.moh.gov.vn/documents/10182/10030661/QT-kiem-dinh-an-toan-va-tinh-nang-ky-thuat-may-pha-rung-tim-28-9-2023.docx/a962d860-efe2-4dda-b64d-034f7b45918e)**

**[- QT Kiểm định an toàn và tính năng kỹ thuật máy thận nhân tạo](https://imda.moh.gov.vn/documents/10182/10030661/QT-kiem-dinh-an-toan-va-tinh-nang-ky-thuat-may-than-nhan-tao-28-9-2023.doc/bc8ebe75-ada3-4689-a8d4-a5cc55656a15)**

**[- QT Kiểm định an toàn và tính năng kỹ thuật máy phá rung tim](https://imda.moh.gov.vn/documents/10182/46289466/QT-kiem-dinh-an-toan-va-tinh-nang-ky-thuat-may-pha-rung-tim-15-8-2023/e30bbb1f-5d37-4204-a5de-2ed4e4208035)**

**[- QT Kiểm định an toàn và tính năng kỹ thuật máy thận nhân tạo](https://imda.moh.gov.vn/documents/10182/46289466/QT-kiem-dinh-an-toan-va-tinh-nang-ky-thuat-may-than-nhan-tao-15-8-2023/353cdf44-f0c7-4e2d-8b7d-cd14ab34936f)**

**[- QT Kiểm định an toàn và tính năng kỹ thuật Lồng ấp trẻ sơ sinh](https://imda.moh.gov.vn/documents/10182/46289466/QT-kiem-dinh-an-toan-va-tinh-nang-ky-thuat-long-ap-tre-so-sinh-15-8-2023/2fbcf64f-4bb7-438e-a91a-14315138f439)** **- **[**Tài liệu Hội nghị phổ biến Nghị định 98/2021/NĐ-CP - Sở Y tế**](https://imda.moh.gov.vn/documents/10182/0/Tai+lieu+So+Y+te.pdf/3008875c-cc6f-4e2d-825c-34a6c8e83e1e)**** **- **[**Tài liệu Hội nghị phổ biến Nghị định 98/2021/NĐ-CP - Doanh nghiệp**](https://imda.moh.gov.vn/documents/10182/0/Tai+lieu+Doanh+nghiep.pdf/5f47e647-89b6-412f-8844-7be7c8e4557a)**** **- **[**CV gửi các đơn vị sản xuất - cung ứng báo cáo năng lực**](https://imda.moh.gov.vn/documents/10182/0/CV+gui+cac+don+vi+san+xuat-cung+ung+bao+cao+nang+luc_25.8.2021.docx/11e82a16-cb7f-48fe-8436-53e025e5d151)**** **- **[**Quyết định tạm thời về việc chuyển đổi sang chai chứa khí Oxy y tế**](https://imda.moh.gov.vn/documents/10182/0/Quyet+dinh+tam+thoi+ve+chuyen+doi+sang+chai+chua+khi+oxy+y+te-sua_11.8.2021.docx/99722e28-d842-42e2-af84-4c7c93afa21e)**** **- **[**Tăng cường sản xuất, cung ứng và đầu tư, cải tạo mở rộng hệ thống Oxy khí y tế đáp ứng nhu cầu điều trị Covid-19.**](https://imda.moh.gov.vn/documents/10182/0/Ngmtuan_%C4%90a%CC%89m+ba%CC%89o+O2+y+te%CC%82%CC%81+phu%CC%A3c+vu%CC%A3+%C4%91ie%CC%82%CC%80u+tri%CC%A3+Covid-19+tre%CC%82n+ca%CC%89+nu%CC%9Bo%CC%9B%CC%81c_02.8.2021.pdf/f1d3c815-4b67-4756-a04b-525eda615b13)**** **- **[Một số lưu ý trong đấu thầu Trang thiết bị y tế hiện nay](https://imda.moh.gov.vn/documents/10182/10030661/2-CLBGD+PN2020_Mot+so+noi+dung+trong+Dau+thau+TTBYT_10.11.2020.pdf/88bdd449-d17c-4224-a580-65a51ee1b3ea)**** **- **[Mẫu giấy chứng nhận lưu hành tự do](https://imda.moh.gov.vn/documents/10182/10030661/M%E1%BA%ABu+Gi%E1%BA%A5y+ch%E1%BB%A9ng+nh%E1%BA%ADn+l%C6%B0u+h%C3%A0nh+t%E1%BB%B1+do.pdf/914d40b0-9d3c-434c-9867-80b637f1cc1b)**** **- **[Một số quy định mới trong đấu thầu Trang thiết bị y tế](https://imda.moh.gov.vn/documents/10182/10030661/Bai+trinh+bay+ve+dau+thau+TTBYT.pdf/6dd610c9-7a6b-4c33-ba11-4c9d7b7d7a39)**** **- **[**Quyết định số 322** Hướng dẫn chẩn đoán điều trị viêm đường hô hấp cấp tính do chủng Virus Corona mới (2019-nCoV)](https://dmec.moh.gov.vn/documents/10182/10030661/quyet-dinh-322-qd-byt-huong-dan-chan-doan-dieu-tri-viem-duong-ho-hap-cap-tinh.pdf/fec4bd49-a872-49f0-b599-d6f3528ec64e)**** **- **[**Quyết định số 225** Thành lập đội cơ động phản ứng nhanh chống dịch viêm đường hô hấp cấp do chủng mới virus corona (nCoV).](https://dmec.moh.gov.vn/documents/10182/10030661/quyet-dinh-225-qd-byt-2020-doi-co-dong-phan-ung-nhanh-chong-dich-viem-duong-ho-hap+%281%29.pdf/757f8d28-54d6-4115-bea8-2d177a1b9eed)**** **- **[**Quyết định 181** Về việc ban hành ""Hướng dẫn tạm thời giám sát, phòng, chống bệnh viêm đường hô hấp cấp do chủng mới virus corona"".](https://dmec.moh.gov.vn/documents/10182/10030661/quyet-dinh-181-qd-byt-huong-dan-phong-chong-benh-viem-duong-ho-hap-do-virus-corona.pdf/767bbb73-6b30-45cf-9887-dcd917b47bf7)**** **- **[**Quyết định 156** Về việc ban hành kế hoạch đáp ứng với bệnh viêm phổi cấp do chủng mới của virus Corona .](https://dmec.moh.gov.vn/documents/10182/10030661/quyet-dinh-156-qd-byt-2020-ke-hoach-dap-ung-voi-benh-viem-phoi-cap-do-virus-corona.pdf/248066cc-e3b0-49ea-ba21-08087a19600d)**** **- **[**Công văn 104/KCB-NV** Về việc đảm bảo trang bị TTB- Thuốc-VTTH cho đơn vị cách lý điều trị bệnh viêm đường hô hấp do nCoV.](https://dmec.moh.gov.vn/documents/10182/10030661/CV+101+Cuc+KCB+dam+bao+thuoc+vat+tu+cho+don+vi+dieu+tri+dich+viem+phoi+do+Corona.pdf/ee84c56c-ea74-47dd-bd8f-cc8a6fcad30d)**** **- **[**Công văn 519/BYT-KCB** Hướng dẫn tổ chức tiếp nhận, chẩn đoán, điều trị và quản lý người bệnh viêm đường hô hấp cấp tính do nCoV.](https://dmec.moh.gov.vn/documents/10182/10030661/cong-van-519-byt-kcb-huong-dan-chan-doan-dieu-tri-viem-duong-ho-hap-cap-tinh.pdf/0355b38d-e3fc-4651-b47f-5bdc40ccfccf)**** **- **[**Số 108/KCB-QLCL&CĐT** Về việc hướng dẫn tạm thời về xét nghiệm chủng mới của Virus Corona (nCoV).](https://dmec.moh.gov.vn/documents/10182/10030661/365067_108-kcb-qlclcdt.pdf/eed9411b-4651-481f-82c4-3d6678059c07)**** **- **[**Tài liệu:** Hội thảo đối thoại doanh nghiệp khu vực Miền Nam](https://imda.moh.gov.vn/documents/10182/10030661/T%C3%A0i+li%E1%BB%87u+H%E1%BB%99i+th%E1%BA%A3o+%C4%91%E1%BB%91i+tho%E1%BA%A1i+doanh+nghi%E1%BB%87p+khu+v%E1%BB%B1c+Mi%E1%BB%81n+Nam.pdf/cbc3e9c9-486c-46f4-b65e-6e5be464854a)**** **- **[**Tài liệu:** NGHỊ ĐỊNH Sửa đổi, bổ sung một số quy định liên quan đến điều kiện đầu tư kinh doanh lĩnh vực trang thiết bị y tế](https://imda.moh.gov.vn/documents/10182/10030661/DuthaonghidinhTTBYT2019/0fc7e2b7-b637-42d8-a64e-fef34957545c)**** **- **[**Tài liệu:** Hội nghị phổ biến quy định về hoạt động phân loại TTBYT.](https://imda.moh.gov.vn/documents/10182/10030661/T%C3%A0i+li%E1%BB%87u+H%E1%BB%99i+ngh%E1%BB%8B+t%E1%BA%ADp+hu%E1%BA%A5n+ph%C3%A2n+lo%E1%BA%A1i+TTBYT.pdf/97679e25-ac9d-42a2-8c8e-a27333628e03)**** **- **[**Tài liệu:** Hội nghị phổ biến Nghị định 169/2018/NĐ-CP cho doanh nghiệp.](https://imda.moh.gov.vn/documents/10182/10030661/T%C3%A0i+li%E1%BB%87u+H%E1%BB%99i+ngh%E1%BB%8B+ph%E1%BB%95+bi%E1%BA%BFn+N%C4%90169.2018+cho+DN.pdf/63ea519c-960d-409d-b167-c5b00a6b8e5b)**** **- **[**Phụ lục:** Các nguyên tắc thiết yếu về tính an toàn và tính năng kỹ thuật của TTBYT.](https://imda.moh.gov.vn/documents/10182/10030661/Ph%E1%BB%A5+l%E1%BB%A5c+c%C3%A1c+nguy%C3%AAn+t%E1%BA%AFc+thi%E1%BA%BFt+y%E1%BA%BFu+v%E1%BB%81+an+to%C3%A0n+t%C3%ADnh+n%C4%83ng+TTBYT.doc/092f3606-7fa4-43d8-8e7d-5f815c4c0ffd)**** **- **[**Tổng hợp:** Dự thảo nội dung cắt giảm, sửa đổi, bổ sung quy định tại Nghị định 36/2016/NĐ-CP.](https://imda.moh.gov.vn/documents/10182/10030661/T%E1%BB%95ng+h%E1%BB%A3p+d%E1%BB%B1+th%E1%BA%A3o+n%E1%BB%99i+dung+s%E1%BB%ADa+%C4%91%E1%BB%95i+N%C4%9036.2016.docx/edd5f852-caff-4c1d-9c70-fbfbdfbd967c)****",DISCOVERED_UNSCREENED
MOH,moh.gov.vn,DQ-IMPL-05,31,https://moh.gov.vn/index.jsp?pageId=5803&aid=126495&cid=8354,Cổng thông tin,"Sau một thời gian theo dõi, Công an tỉnh Thừa Thiên Huế cùng phối hợp với Thanh tra Sở Y tế tỉnh này đã bất ngờ kiểm tra nhà ông Hạp. Tại đây, lực lượng đã ...",DISCOVERED_UNSCREENED
MOH,moh.gov.vn,DQ-IMPL-05,32,https://moh.gov.vn/index.jsp?pageId=5803&aid=126165&cid=8354,Điểm tin ngày 2/10/2014,"... Sở Y tế TP.HCM cho biết, lãnh đạo Sở đã không đồng ý với kết luận của ... Y tế kiểm tra và bảo đảm an toàn. Kết quả đánh giá nguyên nhân các phản ứng ...",DISCOVERED_UNSCREENED
MOH,moh.gov.vn,DQ-IMPL-05,33,https://moh.gov.vn/index.jsp?pageId=5803&aid=125884&cid=8354,Điểm tin ngày 17&18/7/2014,"Bộ Y tế yêu cầu tăng cường thanh, kiểm tra việc khám sức khỏe, cấp giấy khám sức khỏe. Chiều 14/7, Bộ Y tế có công văn yêu cầu Giám đốc Sở Y tế các tỉnh ...",DISCOVERED_UNSCREENED
MOH,moh.gov.vn,DQ-IMPL-05,34,https://moh.gov.vn/index.jsp?pageId=5803&aid=126871&cid=8354,Cổng thông tin Bộ Y tế,"Tuy nhiên, căn cứ vào kết quả kiểm tra, xác minh của Thanh tra Sở Y tế, giám đốc Sở Y tế chỉ đạo giám đốc BV Nhi đồng 2 tổ chức họp rút kinh nghiệm, kiểm điểm ...",DISCOVERED_UNSCREENED
MOH,moh.gov.vn,DQ-IMPL-05,35,https://ydct.moh.gov.vn/static/files/uploads/3dcd60dab9f8f659122a5b71165dd45a1f86caac06f8eb0aea22204e6e9433cd.doc,Cục quản lý y dược cổ truyền - Bộ Y tế,"Lãnh đạo hoặc chuyên viên Thanh tra Sở Y tế là thành viên. 8. Trưởng phòng y ... b) Quản lý, kiểm tra việc cấp, cấp lại, thu hồi Giấy chứng nhận. c ...",DISCOVERED_UNSCREENED
MOH,moh.gov.vn,DQ-IMPL-05,36,https://ydct.moh.gov.vn/,Cục quản lý y dược cổ truyền - Bộ Y tế,"... Y tế yêu cầu kiểm tra đột xuất. 17/05/2026. Y cổ truyền. Quyết định số 3080/QĐ ... bệnh viện y học cổ truyền công lập thuộc tỉnh, thành phố. 06/01/2026 ...",DISCOVERED_UNSCREENED
MOH,moh.gov.vn,DQ-IMPL-05,37,https://mcdt.moh.gov.vn/web/guest/phan-anh-kien-nghi?p_p_id=timkiempakn_WAR_oep_paknportlet&p_p_lifecycle=0&p_p_state=normal&p_p_mode=view&_timkiempakn_WAR_oep_paknportlet_jspPage=%2Fhtml%2Fpakn%2Fportlet%2Ftim_kiem%2Fchi_tiet.jsp&_timkiempakn_WAR_oep_paknportlet_phanAnhKienNghiId=1101,NỘI DUNG GỬI PHẢN ÁNH KIẾN NGHỊ,"... Kiểm soát HIV bệnh truyền nhiễm mạn tính ....Phòng Kiểm soát bệnh truyền ... Liên kết. DVC Sở Y tế Hà Nội, DVC Sở Y tế TP. Hồ Chí Minh, DVC Sở Y tế Hải ...",DISCOVERED_UNSCREENED
MOH,moh.gov.vn,DQ-IMPL-05,38,https://moh.gov.vn/index.jsp?pageId=5803&aid=126623&cid=8354,Cổng thông tin Bộ Y tế,... y tế: đó là nhận xét chung về tình hình xử lý chất thải y tế ở các cơ sở y tế công lập tại tỉnh Gia Lai. Kết quả kiểm tra tại 20 trạm y tế và ban y tế dự ...,DISCOVERED_UNSCREENED
MOH,moh.gov.vn,DQ-IMPL-05,39,https://imda.moh.gov.vn/van-ban-cong-bo,Kết quả dịch vụ công - Trang thiết bị y tế,"Kết quả dịch vụ công - Trang thiết bị y tế [Truy cập nội dung luôn](https://imda.moh.gov.vn/van-ban-cong-bo#main-content)

|  |  |
|-|-|
| Cơ quan quản lý<br>--Chọn cơ quan quản lý -- Bệnh viện Bạch MaiBệnh viện Bệnh nhiệt đới trung ươngBệnh viện Hữu NghịBệnh viện Hữu Nghị Việt ĐứcBệnh viện Nhi Trung ươngBệnh viện Phụ Sản TWBộ Y tế (1)Cục Hạ tầng và Thiết bị y tế - Bộ Y tếHội Hồi sức cấp cứu và chống độc Việt NamSở Y tế An GiangSở Y tế Bà Rịa - Vũng TàuSở Y tế Bình PhướcSở Y tế Bình ThuậnSở Y tế Bình ĐịnhSở Y tế Bạc LiêuSở Y tế Bắc GiangSở Y tế Bắc KạnSở Y tế Bắc NinhSở Y tế Bến TreSở Y tế Cao BằngSở Y tế Cà MauSở Y tế Cần ThơSở Y tế Gia LaiSở Y tế Hà GiangSở Y tế Hà NamSở Y tế Hà NộiSở Y tế Hà TĩnhSở Y tế Hòa BìnhSở Y tế Hưng YênSở Y tế Hải DươngSở Y tế Hải PhòngSở Y tế Hậu GiangSở Y tế Khánh HòaSở Y tế Kiên GiangSở Y tế Kon TumSở Y tế Lai ChâuSở Y tế Long AnSở Y tế Lào CaiSở Y tế Lâm ĐồngSở Y tế Lạng SơnSở Y tế Nam ĐịnhSở Y tế Nghệ AnSở Y tế Ninh BìnhSở Y tế Ninh ThuậnSở Y tế Phú ThọSở Y tế Phú YênSở Y tế Quảng BìnhSở Y tế Quảng NamSở Y tế Quảng NgãiSở Y tế Quảng NinhSở Y tế Quảng TrịSở Y tế Sóc TrăngSở Y tế Sơn LaSở Y tế TP Hồ Chí MinhSở Y tế Thanh HóaSở Y tế Thái BìnhSở Y tế Thái NguyênSở Y tế Thừa Thiên HuếSở Y tế Tiền GiangSở Y tế Trà VinhSở Y tế Tuyên QuangSở Y tế Tây NinhSở Y tế Vĩnh LongSở Y tế Vĩnh PhúcSở Y tế Yên BáiSở Y tế Điện BiênSở Y tế Đà NẵngSở Y tế Đăk LăkSở Y tế Đắk NôngSở Y tế Đồng NaiSở Y tế Đồng ThápSở y tế Bình DươngTrường Cao đẳng nghề kỹ thuật thiết bị y tếTrường Cao đẳng thiết bị y tếTrường Đại học Y Hà NộiViện Huyết học Truyền máu Trung ươngViện Kiểm định Quốc gia Vắc xin và Sinh phẩm y tếViện Vệ sinh dịch tễ Trung ươngĐại học Quốc gia Hà Nội | Tên thiết bị y tế |
| Hồ sơ nộp từ ngày | Hồ sơ nộp đến ngày |
| Hồ sơ công bố từ ngày | Hồ sơ công bố đến ngày |
| Thủ tục hành chính<br>--Chọn thủ tục hành chính--Cấp mới số lưu hành đối với thiết bị y tế đã có quy chuẩn kỹ thuật quốc gia tương ứng (Là thiết bị loại B nhóm IVD sản xuất trong nước)Cấp mới số lưu hành đối với thiết bị y tế đã có quy chuẩn kỹ thuật quốc gia tương ứng (Là thiết bị loại B sản xuất trong nước)Cấp mới số lưu hành đối với thiết bị y tế là phương tiện đo phải phê duyệt mẫu theo quy định của pháp luật về đo lường (Là thiết bị loại B nhóm IVD sản xuất trong nước)Cấp mới số lưu hành đối với thiết bị y tế là phương tiện đo phải phê duyệt mẫu theo quy định của pháp luật về đo lường (Là thiết bị loại B sản xuất trong nước)Cấp mới số lưu hành đối với thiết bị y tế chưa có quy chuẩn kỹ thuật quốc gia tương ứng (Là thiết bị loại B nhóm IVD sản xuất trong nước)Cấp mới số lưu hành đối với thiết bị y tế chưa có quy chuẩn kỹ thuật quốc gia tương ứng (Là thiết bị loại B sản xuất trong nước)Cấp mới số lưu hành đối với thiết bị y tế là phương tiện đo nhưng không phải phê duyệt mẫu theo quy định của pháp luật về đo lường (Là thiết bị loại B nhóm IVD sản xuất trong nước)Cấp mới số lưu hành đối với thiết bị y tế là phương tiện đo nhưng không phải phê duyệt mẫu theo quy định của pháp luật về đo lường (Là thiết bị loại B sản xuất trong nước)Cấp mới số lưu hành đối với thiết bị y tế đã có quy chuẩn kỹ thuật quốc gia tương ứng (Là thiết bị loại B nhóm IVD nhập khẩu)Cấp mới số lưu hành đối với thiết bị y tế đã có quy chuẩn kỹ thuật quốc gia tương ứng (Là thiết bị loại B nhập khẩu)Cấp mới số lưu hành đối với thiết bị y tế là phương tiện đo phải phê duyệt mẫu theo quy định của pháp luật về đo lường (Là thiết bị loại B nhóm IVD nhập khẩu)Cấp mới số lưu hành đối với thiết bị y tế là phương tiện đo phải phê duyệt mẫu theo quy định của pháp luật về đo lường (Là thiết bị loại B nhập khẩu)Gia hạn số lưu hành đối với TBYT thuộc loại B, C và DCấp mới số lưu hành đối với thiết bị y tế chưa có quy chuẩn kỹ thuật quốc gia tương ứng (Là thiết bị loại B nhóm IVD nhập khẩu)Cấp mới số lưu hành đối với thiết bị y tế chưa có quy chuẩn kỹ thuật quốc gia tương ứng (Là thiết bị loại B nhập khẩu)Cấp mới số lưu hành đối với thiết bị y tế là phương tiện đo nhưng không phải phê duyệt mẫu theo quy định của pháp luật về đo lường (Là thiết bị loại B nhóm IVD nhập khẩu)Cấp mới số lưu hành đối với thiết bị y tế là phương tiện đo nhưng không phải phê duyệt mẫu theo quy định của pháp luật về đo lường (Là thiết bị loại B nhập khẩu)Cấp mới số lưu hành đối với thiết bị y tế đã có quy chuẩn kỹ thuật quốc gia tương ứng (Là thiết bị loại C, D nhóm IVD sản xuất trong nước)Cấp mới số lưu hành đối với thiết bị y tế đã có quy chuẩn kỹ thuật quốc gia tương ứng (Là thiết bị loại C, D sản xuất trong nước)Cấp mới số lưu hành đối với thiết bị y tế là phương tiện đo phải phê duyệt mẫu theo quy định của pháp luật về đo lường (Là thiết bị loại C, D nhóm IVD sản xuất trong nước)Cấp mới số lưu hành đối với thiết bị y tế là phương tiện đo phải phê duyệt mẫu theo quy định của pháp luật về đo lường (Là thiết bị loại C, D sản xuất trong nước)Cấp mới số lưu hành đối với thiết bị y tế khác (Là thiết bị loại C, D nhóm IVD sản xuất trong nước)Cấp mới số lưu hành đối với thiết bị y tế khác (Là thiết bị loại C,D sản xuất trong nước)Cấp mới số lưu hành đối với thiết bị y tế là phương tiện đo nhưng không phải phê duyệt mẫu theo quy định của pháp luật về đo lường (Là thiết bị loại C, D nhóm IVD sản xuất trong nước)Cấp mới số lưu hành đối với thiết bị y tế là phương tiện đo nhưng không phải phê duyệt mẫu theo quy định của pháp luật về đo lường (Là thiết bị loại C, D sản xuất trong nước)Cấp mới số lưu hành đối với thiết bị y tế đã có quy chuẩn kỹ thuật quốc gia tương ứng (Là thiết bị loại C, D nhóm IVD nhập khẩu)Cấp mới số lưu hành đối với thiết bị y tế đã có quy chuẩn kỹ thuật quốc gia tương ứng (Là thiết bị loại C, D nhập khẩu)Cấp mới số lưu hành đối với thiết bị y tế là phương tiện đo phải phê duyệt mẫu theo quy định của pháp luật về đo lường (Là thiết bị loại C, D nhóm IVD nhập khẩu)Cấp mới số lưu hành đối với thiết bị y tế là phương tiện đo phải phê duyệt mẫu theo quy định của pháp luật về đo lường (Là thiết bị loại C, D nhập khẩu)Cấp mới số lưu hành đối với thiết bị y tế khác (Là thiết bị loại C, D nhóm IVD nhập khẩu)Cấp mới số lưu hành đối với thiết bị y tế khác (Là thiết bị loại C,D nhập khẩu)Cấp mới số lưu hành đối với thiết bị y tế là phương tiện đo nhưng không phải phê duyệt mẫu theo quy định của pháp luật về đo lường (Là thiết bị loại C, D nhóm IVD nhập khẩu)Cấp mới số lưu hành đối với thiết bị y tế là phương tiện đo nhưng không phải phê duyệt mẫu theo quy định của pháp luật về đo lường (Là thiết bị loại C, D nhập khẩu)Cấp mới giấy chứng nhận lưu hành tự do (CFS) cho TTBYT nhóm A chưa có số đăng ký lưu hànhCấp mới giấy chứng nhận lưu hành tự do (CFS) cho TBYT nhóm A đã có số đăng ký lưu hànhCấp mới giấy chứng nhận lưu hành tự do (CFS) cho TBYT nhóm A, B đã có số đăng ký lưu hànhCấp giấy chứng nhận lưu hành tự do (CFS) đối với TBYT nhóm B, C, D đã có số đăng ký lưu hànhCấp giấy chứng nhận lưu hành tự do (CFS) đối với TBYT nhóm C, D đã có số đăng ký lưu hànhCấp giấy chứng nhận lưu hành tự do (CFS) đối với thiết bị y tế nhóm B, C, D chưa có số đăng ký lưu hành có quy chuẩn kỹ thuật quốc gia tương ứngCấp giấy chứng nhận lưu hành tự do (CFS) đối với thiết bị y tế nhóm B, C, D chưa có số đăng ký lưu hành là phương tiện đo phải phê duyệt mẫu theo quy định của pháp luật về đo lườngCấp giấy chứng nhận lưu hành tự do (CFS) đối với thiết bị y tế nhóm B, C, D chưa có số đăng ký lưu hành chưa có quy chuẩn kỹ thuật quốc gia tương ứngCấp giấy chứng nhận lưu hành tự do (CFS) đối với thiết bị y tế nhóm B, C, D chưa có số đăng ký lưu hành là phương tiện đo nhưng không phải phê duyệt mẫu theo quy định của pháp luật về đo lườngCấp giấy xác nhận nội dung quảng cáo thiết bị y tếCấp lại giấy xác nhận nội dung quảng cáo thiết bị y tế khi có thay đổi về tên, địa chỉ của tổ chức, cá nhân chịu trách nhiệm và không thay đổi nội dung quảng cáoCấp lại giấy xác nhận nội dung quảng cáo thiết bị y tế trong trường hợp hết hiệu lực tại Khoản 2 Điều 21 Thông tư số 09/2015/TT-BYTCấp mới giấy phép nhập khẩu thiết bị y tế (theo quy định tại Nghị định 36/2016/NĐ-CP)Cấp giấy phép nhập khẩu sinh phẩm chẩn đoán invitro chưa có số đăng ký lưu hànhCông bố đủ điều kiện thực hiện dịch vụ tư vấn về kỹ thuật Trang thiết bị y tế.Công bố tiêu chuẩn áp dụng đối với thiết bị y tế loại B (Bộ Y tế)Công bố tiêu chuẩn áp dụng đối với thiết bị y tế loại BCông bố tiêu chuẩn áp dụng đối với thiết bị y tế loại ACông bố đủ điều kiện tư vấn về kỹ thuật thiết bị y tếCông bố đủ điều kiện sản xuất thiết bị y tếCông bố nồng độ, hàm lượng trong nguyên liệu sản xuất thiết bị y tế, chất ngoại kiểm chứa chất ma túy và tiền chấtCông bố đủ điều kiện mua bán thiết bị y tế thuộc loại B, C, DCấp mới giấy phép nhập khẩu thiết bị y tế - Mục đích chữa bệnh cá nhân hoặc theo nhu cầu chẩn đoán đặc biệt của cơ sở y tếCấp mới giấy phép nhập khẩu thiết bị y tế - Mục đích phục vụ mục đích viện trợ, viện trợ nhân đạo; quà tặng, quà biếu cho cơ sở y tế; phục vụ hội chợ, triển lãm, trưng bày hoặc giới thiệu sản phẩm; phục vụ hoạt động khám bệnh, chữa bệnh nhân đạoCấp mới giấy phép nhập khẩu thiết bị y tế - Mục đích phục vụ nghiên cứu khoa học, kiểm định, kiểm nghiệm, khảo nghiệm, đánh giá chất lượng hoặc đào tạo hướng dẫn việc sử dụng, hướng dẫn sửa chữa thiết bị y tếNhập khẩu để sử dụng cho mục đích cá nhânNhập khẩu để viện trợ, viện trợ nhân đạoPhục vụ hoạt động khám bệnh, chữa bệnh nhân đạoNhập khẩu theo nhu cầu chẩn đoán đặc biệt của cơ sở y tếNhập khẩu để phục vụ nghiên cứu khoa họcNhập khẩu để sử dụng cho mục đích kiểm định, kiểm nghiệm, khảo nghiệm, đánh giá chất lượngNhập khẩu để đào tạo hướng dẫn việc sử dụng, hướng dẫn sửa chữa thiết bị y tếCấp mới giấy phép nhập khẩu thiết bị y tế - Mục đích đáp ứng nhu cầu cấp bách phòng, chống dịch bệnh, khắc phục hậu quả thiên tai, thảm họaNhập khẩu phục vụ hội chợ, triển lãm, trưng bày hoặc giới thiệu sản phẩmNhập khẩu quà tặng, quà biếu cho cơ sở y tếNhập khẩu để đáp ứng nhu cầu cấp bách phòng, chống dịch bệnh, khắc phục hậu quả thiên tai, thảm họaCấp mới giấy phép nhập khẩu thiết bị y tế - Mục đích sử dụng tại cơ sở y tế được mua sắm từ nguồn vốn hỗ trợ phát triển chính thức (ODA) và vốn vay ưu đãi, viện trợ không hoàn lại không thuộc hỗ trợ phát triển chính thứcSử dụng tại cơ sở y tế được mua sắm từ nguồn vốn hỗ trợ phát triển chính thức (ODA)Sử dụng tại cơ sở y tế được mua sắm từ vốn vay ưu đãi, viện trợ không hoàn lại không thuộc hỗ trợ phát triển chính thức.Công bố đủ điều kiện sản xuất trang thiết bị y tế.Công bố tiêu chuẩn áp dụng đối với trang thiết bị y tế loại A.Công bố đủ điều kiện mua bán trang thiết bị y tế loại B, C, D. | Tên doanh nghiệp |

| STT | Mã hồ sơ | Số công bố | Thông tin hồ sơ | Tên doanh nghiệp/Cá nhân | Tên TBYT | Trạng thái | Văn bản công bố |
|-|-|-|-|-|-|-|-|
| 1 | H26.19-260713-180053 | 260001359/PCBA-HN | [Công bố tiêu chuẩn áp dụng đối với thiết bị y tế loại A](https://imda.moh.gov.vn/web/guest/van-ban-cong-bo?p_p_id=vanbancongbo_WAR_trangthietbiyteportlet&p_p_lifecycle=0&p_p_state=normal&p_p_mode=view&p_p_col_id=column-1&p_p_col_count=1&_vanbancongbo_WAR_trangthietbiyteportlet_hoSoId=746313&_vanbancongbo_WAR_trangthietbiyteportlet_vanBanId=665522&_vanbancongbo_WAR_trangthietbiyteportlet_doanhNghiepId=31301&_vanbancongbo_WAR_trangthietbiyteportlet_redirectVanBanURL=%2Fvan-ban-cong-bo&_vanbancongbo_WAR_trangthietbiyteportlet_jspPage=%2Fhtml%2Fttbyte%2Fportlet%2Fvanbancongbo%2Fxemhoso_tuybien.jsp)<br>Ngày công bố: 13/07/2026 | CÔNG TY TNHH TRATESCO | Bàn mổ đa năng và phụ kiện | Còn hiệu lực |  |
| 2 | H26.19-260713-180037 | 260000097/PCBSX-HN | [Công bố đủ điều kiện sản xuất thiết bị y tế](https://imda.moh.gov.vn/web/guest/van-ban-cong-bo?p_p_id=vanbancongbo_WAR_trangthietbiyteportlet&p_p_lifecycle=0&p_p_state=normal&p_p_mode=view&p_p_col_id=column-1&p_p_col_count=1&_vanbancongbo_WAR_trangthietbiyteportlet_hoSoId=746416&_vanbancongbo_WAR_trangthietbiyteportlet_vanBanId=665521&_vanbancongbo_WAR_trangthietbiyteportlet_doanhNghiepId=267103&_vanbancongbo_WAR_trangthietbiyteportlet_redirectVanBanURL=%2Fvan-ban-cong-bo&_vanbancongbo_WAR_trangthietbiyteportlet_jspPage=%2Fhtml%2Fttbyte%2Fportlet%2Fvanbancongbo%2Fxemhoso_tuybien.jsp)<br>Ngày công bố: 13/07/2026 | CÔNG TY TNHH DỊCH VỤ Y TẾ IDC | Răng sứ | Còn hiệu lực |  |
| 3 | H26.19-260713-180046 | 260000444/PCBMB-HN | [Công bố đủ điều kiện mua bán thiết bị y tế thuộc loại B, C, D](https://imda.moh.gov.vn/web/guest/van-ban-cong-bo?p_p_id=vanbancongbo_WAR_trangthietbiyteportlet&p_p_lifecycle=0&p_p_state=normal&p_p_mode=view&p_p_col_id=column-1&p_p_col_count=1&_vanbancongbo_WAR_trangthietbiyteportlet_hoSoId=746113&_vanbancongbo_WAR_trangthietbiyteportlet_vanBanId=665520&_vanbancongbo_WAR_trangthietbiyteportlet_doanhNghiepId=443903&_vanbancongbo_WAR_trangthietbiyteportlet_redirectVanBanURL=%2Fvan-ban-cong-bo&_vanbancongbo_WAR_trangthietbiyteportlet_jspPage=%2Fhtml%2Fttbyte%2Fportlet%2Fvanbancongbo%2Fxemhoso_tuybien.jsp)<br>Ngày công bố: 13/07/2026 | CÔNG TY CỔ PHẦN BỆNH VIỆN ĐỨC PHÚC |  | Còn hiệu lực |  |
| 4 | H26.19-260630-180008 | 260002274/PCBB-HN | [Công bố tiêu chuẩn áp dụng đối với thiết bị y tế loại B](https://imda.moh.gov.vn/web/guest/van-ban-cong-bo?p_p_id=vanbancongbo_WAR_trangthietbiyteportlet&p_p_lifecycle=0&p_p_state=normal&p_p_mode=view&p_p_col_id=column-1&p_p_col_count=1&_vanbancongbo_WAR_trangthietbiyteportlet_hoSoId=739901&_vanbancongbo_WAR_trangthietbiyteportlet_vanBanId=665519&_vanbancongbo_WAR_trangthietbiyteportlet_doanhNghiepId=2205&_vanbancongbo_WAR_trangthietbiyteportlet_redirectVanBanURL=%2Fvan-ban-cong-bo&_vanbancongbo_WAR_trangthietbiyteportlet_jspPage=%2Fhtml%2Fttbyte%2Fportlet%2Fvanbancongbo%2Fxemhoso_tuybien.jsp)<br>Ngày công bố: 13/07/2026 | CÔNG TY TNHH THIẾT BỊ NHẬT ANH | Vật liệu kiểm soát xét nghiệm định lượng IGF-I | Còn hiệu lực |  |
| 5 | H26.19-260708-180039 | 260001358/PCBA-HN | [Công bố tiêu chuẩn áp dụng đối với thiết bị y tế loại A](https://imda.moh.gov.vn/web/guest/van-ban-cong-bo?p_p_id=vanbancongbo_WAR_trangthietbiyteportlet&p_p_lifecycle=0&p_p_state=normal&p_p_mode=view&p_p_col_id=column-1&p_p_col_count=1&_vanbancongbo_WAR_trangthietbiyteportlet_hoSoId=743813&_vanbancongbo_WAR_trangthietbiyteportlet_vanBanId=665518&_vanbancongbo_WAR_trangthietbiyteportlet_doanhNghiepId=209502&_vanbancongbo_WAR_trangthietbiyteportlet_redirectVanBanURL=%2Fvan-ban-cong-bo&_vanbancongbo_WAR_trangthietbiyteportlet_jspPage=%2Fhtml%2Fttbyte%2Fportlet%2Fvanbancongbo%2Fxemhoso_tuybien.jsp)<br>Ngày công bố: 13/07/2026 | VĂN PHÒNG ĐẠI DIỆN BAXTER HEALTHCARE (ASIA) PTE LTD TẠI THÀNH PHỐ HÀ NỘI | Hệ thống quản trị hình ảnh, tích hợp và truyền thông phòng mổ Helion và phụ kiện | Còn hiệu lực |  |
| 6 | H26.19-260708-180030 | 260001357/PCBA-HN | [Công bố tiêu chuẩn áp dụng đối với thiết bị y tế loại A](https://imda.moh.gov.vn/web/guest/van-ban-cong-bo?p_p_id=vanbancongbo_WAR_trangthietbiyteportlet&p_p_lifecycle=0&p_p_state=normal&p_p_mode=view&p_p_col_id=column-1&p_p_col_count=1&_vanbancongbo_WAR_trangthietbiyteportlet_hoSoId=743808&_vanbancongbo_WAR_trangthietbiyteportlet_vanBanId=665517&_vanbancongbo_WAR_trangthietbiyteportlet_doanhNghiepId=209502&_vanbancongbo_WAR_trangthietbiyteportlet_redirectVanBanURL=%2Fvan-ban-cong-bo&_vanbancongbo_WAR_trangthietbiyteportlet_jspPage=%2Fhtml%2Fttbyte%2Fportlet%2Fvanbancongbo%2Fxemhoso_tuybien.jsp)<br>Ngày công bố: 13/07/2026 | VĂN PHÒNG ĐẠI DIỆN BAXTER HEALTHCARE (ASIA) PTE LTD TẠI THÀNH PHỐ HÀ NỘI | Hệ thống quản trị hình ảnh, tích hợp và truyền thông phòng mổ Helion R và phụ kiện | Còn hiệu lực |  |
| 7 | H26.19-260708-180038 | 260001356/PCBA-HN | [Công bố tiêu chuẩn áp dụng đối với thiết bị y tế loại A](https://imda.moh.gov.vn/web/guest/van-ban-cong-bo?p_p_id=vanbancongbo_WAR_trangthietbiyteportlet&p_p_lifecycle=0&p_p_state=normal&p_p_mode=view&p_p_col_id=column-1&p_p_col_count=1&_vanbancongbo_WAR_trangthietbiyteportlet_hoSoId=743812&_vanbancongbo_WAR_trangthietbiyteportlet_vanBanId=665516&_vanbancongbo_WAR_trangthietbiyteportlet_doanhNghiepId=209502&_vanbancongbo_WAR_trangthietbiyteportlet_redirectVanBanURL=%2Fvan-ban-cong-bo&_vanbancongbo_WAR_trangthietbiyteportlet_jspPage=%2Fhtml%2Fttbyte%2Fportlet%2Fvanbancongbo%2Fxemhoso_tuybien.jsp)<br>Ngày công bố: 13/07/2026 | VĂN PHÒNG ĐẠI DIỆN BAXTER HEALTHCARE (ASIA) PTE LTD TẠI THÀNH PHỐ HÀ NỘI | Hệ thống quản trị hình ảnh, tích hợp và truyền thông phòng mổ Helion RS và phụ kiện | Còn hiệu lực |  |
| 8 | H26.19-260713-180025 | 260001355/PCBA-HN | [Công bố tiêu chuẩn áp dụng đối với thiết bị y tế loại A](https://imda.moh.gov.vn/web/guest/van-ban-cong-bo?p_p_id=vanbancongbo_WAR_trangthietbiyteportlet&p_p_lifecycle=0&p_p_state=normal&p_p_mode=view&p_p_col_id=column-1&p_p_col_count=1&_vanbancongbo_WAR_trangthietbiyteportlet_hoSoId=746108&_vanbancongbo_WAR_trangthietbiyteportlet_vanBanId=665515&_vanbancongbo_WAR_trangthietbiyteportlet_doanhNghiepId=43005&_vanbancongbo_WAR_trangthietbiyteportlet_redirectVanBanURL=%2Fvan-ban-cong-bo&_vanbancongbo_WAR_trangthietbiyteportlet_jspPage=%2Fhtml%2Fttbyte%2Fportlet%2Fvanbancongbo%2Fxemhoso_tuybien.jsp)<br>Ngày công bố: 13/07/2026 | CÔNG TY CỔ PHẦN GIẢI PHÁP Y TẾ NAM MINH | Bộ van sinh thiết/bộ van khí dùng trong nội soi | Còn hiệu lực |  |
| 9 | H26.19-260706-180018 | 260000443/PCBMB-HN | [Công bố đủ điều kiện mua bán thiết bị y tế thuộc loại B, C, D](https://imda.moh.gov.vn/web/guest/van-ban-cong-bo?p_p_id=vanbancongbo_WAR_trangthietbiyteportlet&p_p_lifecycle=0&p_p_state=normal&p_p_mode=view&p_p_col_id=column-1&p_p_col_count=1&_vanbancongbo_WAR_trangthietbiyteportlet_hoSoId=742705&_vanbancongbo_WAR_trangthietbiyteportlet_vanBanId=665514&_vanbancongbo_WAR_trangthietbiyteportlet_doanhNghiepId=238611&_vanbancongbo_WAR_trangthietbiyteportlet_redirectVanBanURL=%2Fvan-ban-cong-bo&_vanbancongbo_WAR_trangthietbiyteportlet_jspPage=%2Fhtml%2Fttbyte%2Fportlet%2Fvanbancongbo%2Fxemhoso_tuybien.jsp)<br>Ngày công bố: 13/07/2026 | CÔNG TY CỔ PHẦN KỸ THUẬT - THIẾT BỊ NAM VIỆT |  | Còn hiệu lực |  |
| 10 | H26.19-260713-180011 | 260002273/PCBB-HN | [Công bố tiêu chuẩn áp dụng đối với thiết bị y tế loại B](https://imda.moh.gov.vn/web/guest/van-ban-cong-bo?p_p_id=vanbancongbo_WAR_trangthietbiyteportlet&p_p_lifecycle=0&p_p_state=normal&p_p_mode=view&p_p_col_id=column-1&p_p_col_count=1&_vanbancongbo_WAR_trangthietbiyteportlet_hoSoId=746405&_vanbancongbo_WAR_trangthietbiyteportlet_vanBanId=665513&_vanbancongbo_WAR_trangthietbiyteportlet_doanhNghiepId=36211&_vanbancongbo_WAR_trangthietbiyteportlet_redirectVanBanURL=%2Fvan-ban-cong-bo&_vanbancongbo_WAR_trangthietbiyteportlet_jspPage=%2Fhtml%2Fttbyte%2Fportlet%2Fvanbancongbo%2Fxemhoso_tuybien.jsp)<br>Ngày công bố: 13/07/2026 | CÔNG TY TNHH ĐẦU TƯ Y TẾ MITRACO | Cụm IVD dấu ấn ung thư | Còn hiệu lực |  |

- [1](https://imda.moh.gov.vn/web/guest/van-ban-cong-bo?p_p_id=vanbancongbo_WAR_trangthietbiyteportlet&p_p_lifecycle=0&p_p_state=normal&p_p_mode=view&p_p_col_id=column-1&p_p_col_count=1&_vanbancongbo_WAR_trangthietbiyteportlet_keyword=&_vanbancongbo_WAR_trangthietbiyteportlet_showHide=0&_vanbancongbo_WAR_trangthietbiyteportlet_ngayGuiTu=&_vanbancongbo_WAR_trangthietbiyteportlet_ngayGuiDen=&_vanbancongbo_WAR_trangthietbiyteportlet_ngayCongBoTu=&_vanbancongbo_WAR_trangthietbiyteportlet_ngayCongBoDen=&_vanbancongbo_WAR_trangthietbiyteportlet_tenDoanhNghiep=&_vanbancongbo_WAR_trangthietbiyteportlet_tenTTBYT=&_vanbancongbo_WAR_trangthietbiyteportlet_coQuanQuanLyId=0&_vanbancongbo_WAR_trangthietbiyteportlet_tthcId=0&_vanbancongbo_WAR_trangthietbiyteportlet_delta=10&_vanbancongbo_WAR_trangthietbiyteportlet_keywords=&_vanbancongbo_WAR_trangthietbiyteportlet_advancedSearch=false&_vanbancongbo_WAR_trangthietbiyteportlet_andOperator=true&_vanbancongbo_WAR_trangthietbiyteportlet_resetCur=false&_vanbancongbo_WAR_trangthietbiyteportlet_cur=1)
- [2](https://imda.moh.gov.vn/web/guest/van-ban-cong-bo?p_p_id=vanbancongbo_WAR_trangthietbiyteportlet&p_p_lifecycle=0&p_p_state=normal&p_p_mode=view&p_p_col_id=column-1&p_p_col_count=1&_vanbancongbo_WAR_trangthietbiyteportlet_keyword=&_vanbancongbo_WAR_trangthietbiyteportlet_showHide=0&_vanbancongbo_WAR_trangthietbiyteportlet_ngayGuiTu=&_vanbancongbo_WAR_trangthietbiyteportlet_ngayGuiDen=&_vanbancongbo_WAR_trangthietbiyteportlet_ngayCongBoTu=&_vanbancongbo_WAR_trangthietbiyteportlet_ngayCongBoDen=&_vanbancongbo_WAR_trangthietbiyteportlet_tenDoanhNghiep=&_vanbancongbo_WAR_trangthietbiyteportlet_tenTTBYT=&_vanbancongbo_WAR_trangthietbiyteportlet_coQuanQuanLyId=0&_vanbancongbo_WAR_trangthietbiyteportlet_tthcId=0&_vanbancongbo_WAR_trangthietbiyteportlet_delta=10&_vanbancongbo_WAR_trangthietbiyteportlet_keywords=&_vanbancongbo_WAR_trangthietbiyteportlet_advancedSearch=false&_vanbancongbo_WAR_trangthietbiyteportlet_andOperator=true&_vanbancongbo_WAR_trangthietbiyteportlet_resetCur=false&_vanbancongbo_WAR_trangthietbiyteportlet_cur=2)
- [3](https://imda.moh.gov.vn/web/guest/van-ban-cong-bo?p_p_id=vanbancongbo_WAR_trangthietbiyteportlet&p_p_lifecycle=0&p_p_state=normal&p_p_mode=view&p_p_col_id=column-1&p_p_col_count=1&_vanbancongbo_WAR_trangthietbiyteportlet_keyword=&_vanbancongbo_WAR_trangthietbiyteportlet_showHide=0&_vanbancongbo_WAR_trangthietbiyteportlet_ngayGuiTu=&_vanbancongbo_WAR_trangthietbiyteportlet_ngayGuiDen=&_vanbancongbo_WAR_trangthietbiyteportlet_ngayCongBoTu=&_vanbancongbo_WAR_trangthietbiyteportlet_ngayCongBoDen=&_vanbancongbo_WAR_trangthietbiyteportlet_tenDoanhNghiep=&_vanbancongbo_WAR_trangthietbiyteportlet_tenTTBYT=&_vanbancongbo_WAR_trangthietbiyteportlet_coQuanQuanLyId=0&_vanbancongbo_WAR_trangthietbiyteportlet_tthcId=0&_vanbancongbo_WAR_trangthietbiyteportlet_delta=10&_vanbancongbo_WAR_trangthietbiyteportlet_keywords=&_vanbancongbo_WAR_trangthietbiyteportlet_advancedSearch=false&_vanbancongbo_WAR_trangthietbiyteportlet_andOperator=true&_vanbancongbo_WAR_trangthietbiyteportlet_resetCur=false&_vanbancongbo_WAR_trangthietbiyteportlet_cur=3)
- [4](https://imda.moh.gov.vn/web/guest/van-ban-cong-bo?p_p_id=vanbancongbo_WAR_trangthietbiyteportlet&p_p_lifecycle=0&p_p_state=normal&p_p_mode=view&p_p_col_id=column-1&p_p_col_count=1&_vanbancongbo_WAR_trangthietbiyteportlet_keyword=&_vanbancongbo_WAR_trangthietbiyteportlet_showHide=0&_vanbancongbo_WAR_trangthietbiyteportlet_ngayGuiTu=&_vanbancongbo_WAR_trangthietbiyteportlet_ngayGuiDen=&_vanbancongbo_WAR_trangthietbiyteportlet_ngayCongBoTu=&_vanbancongbo_WAR_trangthietbiyteportlet_ngayCongBoDen=&_vanbancongbo_WAR_trangthietbiyteportlet_tenDoanhNghiep=&_vanbancongbo_WAR_trangthietbiyteportlet_tenTTBYT=&_vanbancongbo_WAR_trangthietbiyteportlet_coQuanQuanLyId=0&_vanbancongbo_WAR_trangthietbiyteportlet_tthcId=0&_vanbancongbo_WAR_trangthietbiyteportlet_delta=10&_vanbancongbo_WAR_trangthietbiyteportlet_keywords=&_vanbancongbo_WAR_trangthietbiyteportlet_advancedSearch=false&_vanbancongbo_WAR_trangthietbiyteportlet_andOperator=true&_vanbancongbo_WAR_trangthietbiyteportlet_resetCur=false&_vanbancongbo_WAR_trangthietbiyteportlet_cur=4)
- [5](https://imda.moh.gov.vn/web/guest/van-ban-cong-bo?p_p_id=vanbancongbo_WAR_trangthietbiyteportlet&p_p_lifecycle=0&p_p_state=normal&p_p_mode=view&p_p_col_id=column-1&p_p_col_count=1&_vanbancongbo_WAR_trangthietbiyteportlet_keyword=&_vanbancongbo_WAR_trangthietbiyteportlet_showHide=0&_vanbancongbo_WAR_trangthietbiyteportlet_ngayGuiTu=&_vanbancongbo_WAR_trangthietbiyteportlet_ngayGuiDen=&_vanbancongbo_WAR_trangthietbiyteportlet_ngayCongBoTu=&_vanbancongbo_WAR_trangthietbiyteportlet_ngayCongBoDen=&_vanbancongbo_WAR_trangthietbiyteportlet_tenDoanhNghiep=&_vanbancongbo_WAR_trangthietbiyteportlet_tenTTBYT=&_vanbancongbo_WAR_trangthietbiyteportlet_coQuanQuanLyId=0&_vanbancongbo_WAR_trangthietbiyteportlet_tthcId=0&_vanbancongbo_WAR_trangthietbiyteportlet_delta=10&_vanbancongbo_WAR_trangthietbiyteportlet_keywords=&_vanbancongbo_WAR_trangthietbiyteportlet_advancedSearch=false&_vanbancongbo_WAR_trangthietbiyteportlet_andOperator=true&_vanbancongbo_WAR_trangthietbiyteportlet_resetCur=false&_vanbancongbo_WAR_trangthietbiyteportlet_cur=5)
- [6](https://imda.moh.gov.vn/web/guest/van-ban-cong-bo?p_p_id=vanbancongbo_WAR_trangthietbiyteportlet&p_p_lifecycle=0&p_p_state=normal&p_p_mode=view&p_p_col_id=column-1&p_p_col_count=1&_vanbancongbo_WAR_trangthietbiyteportlet_keyword=&_vanbancongbo_WAR_trangthietbiyteportlet_showHide=0&_vanbancongbo_WAR_trangthietbiyteportlet_ngayGuiTu=&_vanbancongbo_WAR_trangthietbiyteportlet_ngayGuiDen=&_vanbancongbo_WAR_trangthietbiyteportlet_ngayCongBoTu=&_vanbancongbo_WAR_trangthietbiyteportlet_ngayCongBoDen=&_vanbancongbo_WAR_trangthietbiyteportlet_tenDoanhNghiep=&_vanbancongbo_WAR_trangthietbiyteportlet_tenTTBYT=&_vanbancongbo_WAR_trangthietbiyteportlet_coQuanQuanLyId=0&_vanbancongbo_WAR_trangthietbiyteportlet_tthcId=0&_vanbancongbo_WAR_trangthietbiyteportlet_delta=10&_vanbancongbo_WAR_trangthietbiyteportlet_keywords=&_vanbancongbo_WAR_trangthietbiyteportlet_advancedSearch=false&_vanbancongbo_WAR_trangthietbiyteportlet_andOperator=true&_vanbancongbo_WAR_trangthietbiyteportlet_resetCur=false&_vanbancongbo_WAR_trangthietbiyteportlet_cur=6)
- [7](https://imda.moh.gov.vn/web/guest/van-ban-cong-bo?p_p_id=vanbancongbo_WAR_trangthietbiyteportlet&p_p_lifecycle=0&p_p_state=normal&p_p_mode=view&p_p_col_id=column-1&p_p_col_count=1&_vanbancongbo_WAR_trangthietbiyteportlet_keyword=&_vanbancongbo_WAR_trangthietbiyteportlet_showHide=0&_vanbancongbo_WAR_trangthietbiyteportlet_ngayGuiTu=&_vanbancongbo_WAR_trangthietbiyteportlet_ngayGuiDen=&_vanbancongbo_WAR_trangthietbiyteportlet_ngayCongBoTu=&_vanbancongbo_WAR_trangthietbiyteportlet_ngayCongBoDen=&_vanbancongbo_WAR_trangthietbiyteportlet_tenDoanhNghiep=&_vanbancongbo_WAR_trangthietbiyteportlet_tenTTBYT=&_vanbancongbo_WAR_trangthietbiyteportlet_coQuanQuanLyId=0&_vanbancongbo_WAR_trangthietbiyteportlet_tthcId=0&_vanbancongbo_WAR_trangthietbiyteportlet_delta=10&_vanbancongbo_WAR_trangthietbiyteportlet_keywords=&_vanbancongbo_WAR_trangthietbiyteportlet_advancedSearch=false&_vanbancongbo_WAR_trangthietbiyteportlet_andOperator=true&_vanbancongbo_WAR_trangthietbiyteportlet_resetCur=false&_vanbancongbo_WAR_trangthietbiyteportlet_cur=7)
- [8](https://imda.moh.gov.vn/web/guest/van-ban-cong-bo?p_p_id=vanbancongbo_WAR_trangthietbiyteportlet&p_p_lifecycle=0&p_p_state=normal&p_p_mode=view&p_p_col_id=column-1&p_p_col_count=1&_vanbancongbo_WAR_trangthietbiyteportlet_keyword=&_vanbancongbo_WAR_trangthietbiyteportlet_showHide=0&_vanbancongbo_WAR_trangthietbiyteportlet_ngayGuiTu=&_vanbancongbo_WAR_trangthietbiyteportlet_ngayGuiDen=&_vanbancongbo_WAR_trangthietbiyteportlet_ngayCongBoTu=&_vanbancongbo_WAR_trangthietbiyteportlet_ngayCongBoDen=&_vanbancongbo_WAR_trangthietbiyteportlet_tenDoanhNghiep=&_vanbancongbo_WAR_trangthietbiyteportlet_tenTTBYT=&_vanbancongbo_WAR_trangthietbiyteportlet_coQuanQuanLyId=0&_vanbancongbo_WAR_trangthietbiyteportlet_tthcId=0&_vanbancongbo_WAR_trangthietbiyteportlet_delta=10&_vanbancongbo_WAR_trangthietbiyteportlet_keywords=&_vanbancongbo_WAR_trangthietbiyteportlet_advancedSearch=false&_vanbancongbo_WAR_trangthietbiyteportlet_andOperator=true&_vanbancongbo_WAR_trangthietbiyteportlet_resetCur=false&_vanbancongbo_WAR_trangthietbiyteportlet_cur=8)
- [9](https://imda.moh.gov.vn/web/guest/van-ban-cong-bo?p_p_id=vanbancongbo_WAR_trangthietbiyteportlet&p_p_lifecycle=0&p_p_state=normal&p_p_mode=view&p_p_col_id=column-1&p_p_col_count=1&_vanbancongbo_WAR_trangthietbiyteportlet_keyword=&_vanbancongbo_WAR_trangthietbiyteportlet_showHide=0&_vanbancongbo_WAR_trangthietbiyteportlet_ngayGuiTu=&_vanbancongbo_WAR_trangthietbiyteportlet_ngayGuiDen=&_vanbancongbo_WAR_trangthietbiyteportlet_ngayCongBoTu=&_vanbancongbo_WAR_trangthietbiyteportlet_ngayCongBoDen=&_vanbancongbo_WAR_trangthietbiyteportlet_tenDoanhNghiep=&_vanbancongbo_WAR_trangthietbiyteportlet_tenTTBYT=&_vanbancongbo_WAR_trangthietbiyteportlet_coQuanQuanLyId=0&_vanbancongbo_WAR_trangthietbiyteportlet_tthcId=0&_vanbancongbo_WAR_trangthietbiyteportlet_delta=10&_vanbancongbo_WAR_trangthietbiyteportlet_keywords=&_vanbancongbo_WAR_trangthietbiyteportlet_advancedSearch=false&_vanbancongbo_WAR_trangthietbiyteportlet_andOperator=true&_vanbancongbo_WAR_trangthietbiyteportlet_resetCur=false&_vanbancongbo_WAR_trangthietbiyteportlet_cur=9)
- [10](https://imda.moh.gov.vn/web/guest/van-ban-cong-bo?p_p_id=vanbancongbo_WAR_trangthietbiyteportlet&p_p_lifecycle=0&p_p_state=normal&p_p_mode=view&p_p_col_id=column-1&p_p_col_count=1&_vanbancongbo_WAR_trangthietbiyteportlet_keyword=&_vanbancongbo_WAR_trangthietbiyteportlet_showHide=0&_vanbancongbo_WAR_trangthietbiyteportlet_ngayGuiTu=&_vanbancongbo_WAR_trangthietbiyteportlet_ngayGuiDen=&_vanbancongbo_WAR_trangthietbiyteportlet_ngayCongBoTu=&_vanbancongbo_WAR_trangthietbiyteportlet_ngayCongBoDen=&_vanbancongbo_WAR_trangthietbiyteportlet_tenDoanhNghiep=&_vanbancongbo_WAR_trangthietbiyteportlet_tenTTBYT=&_vanbancongbo_WAR_trangthietbiyteportlet_coQuanQuanLyId=0&_vanbancongbo_WAR_trangthietbiyteportlet_tthcId=0&_vanbancongbo_WAR_trangthietbiyteportlet_delta=10&_vanbancongbo_WAR_trangthietbiyteportlet_keywords=&_vanbancongbo_WAR_trangthietbiyteportlet_advancedSearch=false&_vanbancongbo_WAR_trangthietbiyteportlet_andOperator=true&_vanbancongbo_WAR_trangthietbiyteportlet_resetCur=false&_vanbancongbo_WAR_trangthietbiyteportlet_cur=10)
- [11](https://imda.moh.gov.vn/web/guest/van-ban-cong-bo?p_p_id=vanbancongbo_WAR_trangthietbiyteportlet&p_p_lifecycle=0&p_p_state=normal&p_p_mode=view&p_p_col_id=column-1&p_p_col_count=1&_vanbancongbo_WAR_trangthietbiyteportlet_keyword=&_vanbancongbo_WAR_trangthietbiyteportlet_showHide=0&_vanbancongbo_WAR_trangthietbiyteportlet_ngayGuiTu=&_vanbancongbo_WAR_trangthietbiyteportlet_ngayGuiDen=&_vanbancongbo_WAR_trangthietbiyteportlet_ngayCongBoTu=&_vanbancongbo_WAR_trangthietbiyteportlet_ngayCongBoDen=&_vanbancongbo_WAR_trangthietbiyteportlet_tenDoanhNghiep=&_vanbancongbo_WAR_trangthietbiyteportlet_tenTTBYT=&_vanbancongbo_WAR_trangthietbiyteportlet_coQuanQuanLyId=0&_vanbancongbo_WAR_trangthietbiyteportlet_tthcId=0&_vanbancongbo_WAR_trangthietbiyteportlet_delta=10&_vanbancongbo_WAR_trangthietbiyteportlet_keywords=&_vanbancongbo_WAR_trangthietbiyteportlet_advancedSearch=false&_vanbancongbo_WAR_trangthietbiyteportlet_andOperator=true&_vanbancongbo_WAR_trangthietbiyteportlet_resetCur=false&_vanbancongbo_WAR_trangthietbiyteportlet_cur=11)
- [12](https://imda.moh.gov.vn/web/guest/van-ban-cong-bo?p_p_id=vanbancongbo_WAR_trangthietbiyteportlet&p_p_lifecycle=0&p_p_state=normal&p_p_mode=view&p_p_col_id=column-1&p_p_col_count=1&_vanbancongbo_WAR_trangthietbiyteportlet_keyword=&_vanbancongbo_WAR_trangthietbiyteportlet_showHide=0&_vanbancongbo_WAR_trangthietbiyteportlet_ngayGuiTu=&_vanbancongbo_WAR_trangthietbiyteportlet_ngayGuiDen=&_vanbancongbo_WAR_trangthietbiyteportlet_ngayCongBoTu=&_vanbancongbo_WAR_trangthietbiyteportlet_ngayCongBoDen=&_vanbancongbo_WAR_trangthietbiyteportlet_tenDoanhNghiep=&_vanbancongbo_WAR_trangthietbiyteportlet_tenTTBYT=&_vanbancongbo_WAR_trangthietbiyteportlet_coQuanQuanLyId=0&_vanbancongbo_WAR_trangthietbiyteportlet_tthcId=0&_vanbancongbo_WAR_trangthietbiyteportlet_delta=10&_vanbancongbo_WAR_trangthietbiyteportlet_keywords=&_vanbancongbo_WAR_trangthietbiyteportlet_advancedSearch=false&_vanbancongbo_WAR_trangthietbiyteportlet_andOperator=true&_vanbancongbo_WAR_trangthietbiyteportlet_resetCur=false&_vanbancongbo_WAR_trangthietbiyteportlet_cur=12)
- [13](https://imda.moh.gov.vn/web/guest/van-ban-cong-bo?p_p_id=vanbancongbo_WAR_trangthietbiyteportlet&p_p_lifecycle=0&p_p_state=normal&p_p_mode=view&p_p_col_id=column-1&p_p_col_count=1&_vanbancongbo_WAR_trangthietbiyteportlet_keyword=&_vanbancongbo_WAR_trangthietbiyteportlet_showHide=0&_vanbancongbo_WAR_trangthietbiyteportlet_ngayGuiTu=&_vanbancongbo_WAR_trangthietbiyteportlet_ngayGuiDen=&_vanbancongbo_WAR_trangthietbiyteportlet_ngayCongBoTu=&_vanbancongbo_WAR_trangthietbiyteportlet_ngayCongBoDen=&_vanbancongbo_WAR_trangthietbiyteportlet_tenDoanhNghiep=&_vanbancongbo_WAR_trangthietbiyteportlet_tenTTBYT=&_vanbancongbo_WAR_trangthietbiyteportlet_coQuanQuanLyId=0&_vanbancongbo_WAR_trangthietbiyteportlet_tthcId=0&_vanbancongbo_WAR_trangthietbiyteportlet_delta=10&_vanbancongbo_WAR_trangthietbiyteportlet_keywords=&_vanbancongbo_WAR_trangthietbiyteportlet_advancedSearch=false&_vanbancongbo_WAR_trangthietbiyteportlet_andOperator=true&_vanbancongbo_WAR_trangthietbiyteportlet_resetCur=false&_vanbancongbo_WAR_trangthietbiyteportlet_cur=13)
- [14](https://imda.moh.gov.vn/web/guest/van-ban-cong-bo?p_p_id=vanbancongbo_WAR_trangthietbiyteportlet&p_p_lifecycle=0&p_p_state=normal&p_p_mode=view&p_p_col_id=column-1&p_p_col_count=1&_vanbancongbo_WAR_trangthietbiyteportlet_keyword=&_vanbancongbo_WAR_trangthietbiyteportlet_showHide=0&_vanbancongbo_WAR_trangthietbiyteportlet_ngayGuiTu=&_vanbancongbo_WAR_trangthietbiyteportlet_ngayGuiDen=&_vanbancongbo_WAR_trangthietbiyteportlet_ngayCongBoTu=&_vanbancongbo_WAR_trangthietbiyteportlet_ngayCongBoDen=&_vanbancongbo_WAR_trangthietbiyteportlet_tenDoanhNghiep=&_vanbancongbo_WAR_trangthietbiyteportlet_tenTTBYT=&_vanbancongbo_WAR_trangthietbiyteportlet_coQuanQuanLyId=0&_vanbancongbo_WAR_trangthietbiyteportlet_tthcId=0&_vanbancongbo_WAR_trangthietbiyteportlet_delta=10&_vanbancongbo_WAR_trangthietbiyteportlet_keywords=&_vanbancongbo_WAR_trangthietbiyteportlet_advancedSearch=false&_vanbancongbo_WAR_trangthietbiyteportlet_andOperator=true&_vanbancongbo_WAR_trangthietbiyteportlet_resetCur=false&_vanbancongbo_WAR_trangthietbiyteportlet_cur=14)
- [15](https://imda.moh.gov.vn/web/guest/van-ban-cong-bo?p_p_id=vanbancongbo_WAR_trangthietbiyteportlet&p_p_lifecycle=0&p_p_state=normal&p_p_mode=view&p_p_col_id=column-1&p_p_col_count=1&_vanbancongbo_WAR_trangthietbiyteportlet_keyword=&_vanbancongbo_WAR_trangthietbiyteportlet_showHide=0&_vanbancongbo_WAR_trangthietbiyteportlet_ngayGuiTu=&_vanbancongbo_WAR_trangthietbiyteportlet_ngayGuiDen=&_vanbancongbo_WAR_trangthietbiyteportlet_ngayCongBoTu=&_vanbancongbo_WAR_trangthietbiyteportlet_ngayCongBoDen=&_vanbancongbo_WAR_trangthietbiyteportlet_tenDoanhNghiep=&_vanbancongbo_WAR_trangthietbiyteportlet_tenTTBYT=&_vanbancongbo_WAR_trangthietbiyteportlet_coQuanQuanLyId=0&_vanbancongbo_WAR_trangthietbiyteportlet_tthcId=0&_vanbancongbo_WAR_trangthietbiyteportlet_delta=10&_vanbancongbo_WAR_trangthietbiyteportlet_keywords=&_vanbancongbo_WAR_trangthietbiyteportlet_advancedSearch=false&_vanbancongbo_WAR_trangthietbiyteportlet_andOperator=true&_vanbancongbo_WAR_trangthietbiyteportlet_resetCur=false&_vanbancongbo_WAR_trangthietbiyteportlet_cur=15)
- [16](https://imda.moh.gov.vn/web/guest/van-ban-cong-bo?p_p_id=vanbancongbo_WAR_trangthietbiyteportlet&p_p_lifecycle=0&p_p_state=normal&p_p_mode=view&p_p_col_id=column-1&p_p_col_count=1&_vanbancongbo_WAR_trangthietbiyteportlet_keyword=&_vanbancongbo_WAR_trangthietbiyteportlet_showHide=0&_vanbancongbo_WAR_trangthietbiyteportlet_ngayGuiTu=&_vanbancongbo_WAR_trangthietbiyteportlet_ngayGuiDen=&_vanbancongbo_WAR_trangthietbiyteportlet_ngayCongBoTu=&_vanbancongbo_WAR_trangthietbiyteportlet_ngayCongBoDen=&_vanbancongbo_WAR_trangthietbiyteportlet_tenDoanhNghiep=&_vanbancongbo_WAR_trangthietbiyteportlet_tenTTBYT=&_vanbancongbo_WAR_trangthietbiyteportlet_coQuanQuanLyId=0&_vanbancongbo_WAR_trangthietbiyteportlet_tthcId=0&_vanbancongbo_WAR_trangthietbiyteportlet_delta=10&_vanbancongbo_WAR_trangthietbiyteportlet_keywords=&_vanbancongbo_WAR_trangthietbiyteportlet_advancedSearch=false&_vanbancongbo_WAR_trangthietbiyteportlet_andOperator=true&_vanbancongbo_WAR_trangthietbiyteportlet_resetCur=false&_vanbancongbo_WAR_trangthietbiyteportlet_cur=16)
- [17](https://imda.moh.gov.vn/web/guest/van-ban-cong-bo?p_p_id=vanbancongbo_WAR_trangthietbiyteportlet&p_p_lifecycle=0&p_p_state=normal&p_p_mode=view&p_p_col_id=column-1&p_p_col_count=1&_vanbancongbo_WAR_trangthietbiyteportlet_keyword=&_vanbancongbo_WAR_trangthietbiyteportlet_showHide=0&_vanbancongbo_WAR_trangthietbiyteportlet_ngayGuiTu=&_vanbancongbo_WAR_trangthietbiyteportlet_ngayGuiDen=&_vanbancongbo_WAR_trangthietbiyteportlet_ngayCongBoTu=&_vanbancongbo_WAR_trangthietbiyteportlet_ngayCongBoDen=&_vanbancongbo_WAR_trangthietbiyteportlet_tenDoanhNghiep=&_vanbancongbo_WAR_trangthietbiyteportlet_tenTTBYT=&_vanbancongbo_WAR_trangthietbiyteportlet_coQuanQuanLyId=0&_vanbancongbo_WAR_trangthietbiyteportlet_tthcId=0&_vanbancongbo_WAR_trangthietbiyteportlet_delta=10&_vanbancongbo_WAR_trangthietbiyteportlet_keywords=&_vanbancongbo_WAR_trangthietbiyteportlet_advancedSearch=false&_vanbancongbo_WAR_trangthietbiyteportlet_andOperator=true&_vanbancongbo_WAR_trangthietbiyteportlet_resetCur=false&_vanbancongbo_WAR_trangthietbiyteportlet_cur=17)
- [18](https://imda.moh.gov.vn/web/guest/van-ban-cong-bo?p_p_id=vanbancongbo_WAR_trangthietbiyteportlet&p_p_lifecycle=0&p_p_state=normal&p_p_mode=view&p_p_col_id=column-1&p_p_col_count=1&_vanbancongbo_WAR_trangthietbiyteportlet_keyword=&_vanbancongbo_WAR_trangthietbiyteportlet_showHide=0&_vanbancongbo_WAR_trangthietbiyteportlet_ngayGuiTu=&_vanbancongbo_WAR_trangthietbiyteportlet_ngayGuiDen=&_vanbancongbo_WAR_trangthietbiyteportlet_ngayCongBoTu=&_vanbancongbo_WAR_trangthietbiyteportlet_ngayCongBoDen=&_vanbancongbo_WAR_trangthietbiyteportlet_tenDoanhNghiep=&_vanbancongbo_WAR_trangthietbiyteportlet_tenTTBYT=&_vanbancongbo_WAR_trangthietbiyteportlet_coQuanQuanLyId=0&_vanbancongbo_WAR_trangthietbiyteportlet_tthcId=0&_vanbancongbo_WAR_trangthietbiyteportlet_delta=10&_vanbancongbo_WAR_trangthietbiyteportlet_keywords=&_vanbancongbo_WAR_trangthietbiyteportlet_advancedSearch=false&_vanbancongbo_WAR_trangthietbiyteportlet_andOperator=true&_vanbancongbo_WAR_trangthietbiyteportlet_resetCur=false&_vanbancongbo_WAR_trangthietbiyteportlet_cur=18)
- [19](https://imda.moh.gov.vn/web/guest/van-ban-cong-bo?p_p_id=vanbancongbo_WAR_trangthietbiyteportlet&p_p_lifecycle=0&p_p_state=normal&p_p_mode=view&p_p_col_id=column-1&p_p_col_count=1&_vanbancongbo_WAR_trangthietbiyteportlet_keyword=&_vanbancongbo_WAR_trangthietbiyteportlet_showHide=0&_vanbancongbo_WAR_trangthietbiyteportlet_ngayGuiTu=&_vanbancongbo_WAR_trangthietbiyteportlet_ngayGuiDen=&_vanbancongbo_WAR_trangthietbiyteportlet_ngayCongBoTu=&_vanbancongbo_WAR_trangthietbiyteportlet_ngayCongBoDen=&_vanbancongbo_WAR_trangthietbiyteportlet_tenDoanhNghiep=&_vanbancongbo_WAR_trangthietbiyteportlet_tenTTBYT=&_vanbancongbo_WAR_trangthietbiyteportlet_coQuanQuanLyId=0&_vanbancongbo_WAR_trangthietbiyteportlet_tthcId=0&_vanbancongbo_WAR_trangthietbiyteportlet_delta=10&_vanbancongbo_WAR_trangthietbiyteportlet_keywords=&_vanbancongbo_WAR_trangthietbiyteportlet_advancedSearch=false&_vanbancongbo_WAR_trangthietbiyteportlet_andOperator=true&_vanbancongbo_WAR_trangthietbiyteportlet_resetCur=false&_vanbancongbo_WAR_trangthietbiyteportlet_cur=19)
- [20](https://imda.moh.gov.vn/web/guest/van-ban-cong-bo?p_p_id=vanbancongbo_WAR_trangthietbiyteportlet&p_p_lifecycle=0&p_p_state=normal&p_p_mode=view&p_p_col_id=column-1&p_p_col_count=1&_vanbancongbo_WAR_trangthietbiyteportlet_keyword=&_vanbancongbo_WAR_trangthietbiyteportlet_showHide=0&_vanbancongbo_WAR_trangthietbiyteportlet_ngayGuiTu=&_vanbancongbo_WAR_trangthietbiyteportlet_ngayGuiDen=&_vanbancongbo_WAR_trangthietbiyteportlet_ngayCongBoTu=&_vanbancongbo_WAR_trangthietbiyteportlet_ngayCongBoDen=&_vanbancongbo_WAR_trangthietbiyteportlet_tenDoanhNghiep=&_vanbancongbo_WAR_trangthietbiyteportlet_tenTTBYT=&_vanbancongbo_WAR_trangthietbiyteportlet_coQuanQuanLyId=0&_vanbancongbo_WAR_trangthietbiyteportlet_tthcId=0&_vanbancongbo_WAR_trangthietbiyteportlet_delta=10&_vanbancongbo_WAR_trangthietbiyteportlet_keywords=&_vanbancongbo_WAR_trangthietbiyteportlet_advancedSearch=false&_vanbancongbo_WAR_trangthietbiyteportlet_andOperator=true&_vanbancongbo_WAR_trangthietbiyteportlet_resetCur=false&_vanbancongbo_WAR_trangthietbiyteportlet_cur=20)
- [21](https://imda.moh.gov.vn/web/guest/van-ban-cong-bo?p_p_id=vanbancongbo_WAR_trangthietbiyteportlet&p_p_lifecycle=0&p_p_state=normal&p_p_mode=view&p_p_col_id=column-1&p_p_col_count=1&_vanbancongbo_WAR_trangthietbiyteportlet_keyword=&_vanbancongbo_WAR_trangthietbiyteportlet_showHide=0&_vanbancongbo_WAR_trangthietbiyteportlet_ngayGuiTu=&_vanbancongbo_WAR_trangthietbiyteportlet_ngayGuiDen=&_vanbancongbo_WAR_trangthietbiyteportlet_ngayCongBoTu=&_vanbancongbo_WAR_trangthietbiyteportlet_ngayCongBoDen=&_vanbancongbo_WAR_trangthietbiyteportlet_tenDoanhNghiep=&_vanbancongbo_WAR_trangthietbiyteportlet_tenTTBYT=&_vanbancongbo_WAR_trangthietbiyteportlet_coQuanQuanLyId=0&_vanbancongbo_WAR_trangthietbiyteportlet_tthcId=0&_vanbancongbo_WAR_trangthietbiyteportlet_delta=10&_vanbancongbo_WAR_trangthietbiyteportlet_keywords=&_vanbancongbo_WAR_trangthietbiyteportlet_advancedSearch=false&_vanbancongbo_WAR_trangthietbiyteportlet_andOperator=true&_vanbancongbo_WAR_trangthietbiyteportlet_resetCur=false&_vanbancongbo_WAR_trangthietbiyteportlet_cur=21)
- [22](https://imda.moh.gov.vn/web/guest/van-ban-cong-bo?p_p_id=vanbancongbo_WAR_trangthietbiyteportlet&p_p_lifecycle=0&p_p_state=normal&p_p_mode=view&p_p_col_id=column-1&p_p_col_count=1&_vanbancongbo_WAR_trangthietbiyteportlet_keyword=&_vanbancongbo_WAR_trangthietbiyteportlet_showHide=0&_vanbancongbo_WAR_trangthietbiyteportlet_ngayGuiTu=&_vanbancongbo_WAR_trangthietbiyteportlet_ngayGuiDen=&_vanbancongbo_WAR_trangthietbiyteportlet_ngayCongBoTu=&_vanbancongbo_WAR_trangthietbiyteportlet_ngayCongBoDen=&_vanbancongbo_WAR_trangthietbiyteportlet_tenDoanhNghiep=&_vanbancongbo_WAR_trangthietbiyteportlet_tenTTBYT=&_vanbancongbo_WAR_trangthietbiyteportlet_coQuanQuanLyId=0&_vanbancongbo_WAR_trangthietbiyteportlet_tthcId=0&_vanbancongbo_WAR_trangthietbiyteportlet_delta=10&_vanbancongbo_WAR_trangthietbiyteportlet_keywords=&_vanbancongbo_WAR_trangthietbiyteportlet_advancedSearch=false&_vanbancongbo_WAR_trangthietbiyteportlet_andOperator=true&_vanbancongbo_WAR_trangthietbiyteportlet_resetCur=false&_vanbancongbo_WAR_trangthietbiyteportlet_cur=22)
- [23](https://imda.moh.gov.vn/web/guest/van-ban-cong-bo?p_p_id=vanbancongbo_WAR_trangthietbiyteportlet&p_p_lifecycle=0&p_p_state=normal&p_p_mode=view&p_p_col_id=column-1&p_p_col_count=1&_vanbancongbo_WAR_trangthietbiyteportlet_keyword=&_vanbancongbo_WAR_trangthietbiyteportlet_showHide=0&_vanbancongbo_WAR_trangthietbiyteportlet_ngayGuiTu=&_vanbancongbo_WAR_trangthietbiyteportlet_ngayGuiDen=&_vanbancongbo_WAR_trangthietbiyteportlet_ngayCongBoTu=&_vanbancongbo_WAR_trangthietbiyteportlet_ngayCongBoDen=&_vanbancongbo_WAR_trangthietbiyteportlet_tenDoanhNghiep=&_vanbancongbo_WAR_trangthietbiyteportlet_tenTTBYT=&_vanbancongbo_WAR_trangthietbiyteportlet_coQuanQuanLyId=0&_vanbancongbo_WAR_trangthietbiyteportlet_tthcId=0&_vanbancongbo_WAR_trangthietbiyteportlet_delta=10&_vanbancongbo_WAR_trangthietbiyteportlet_keywords=&_vanbancongbo_WAR_trangthietbiyteportlet_advancedSearch=false&_vanbancongbo_WAR_trangthietbiyteportlet_andOperator=true&_vanbancongbo_WAR_trangthietbiyteportlet_resetCur=false&_vanbancongbo_WAR_trangthietbiyteportlet_cur=23)
- [24](https://imda.moh.gov.vn/web/guest/van-ban-cong-bo?p_p_id=vanbancongbo_WAR_trangthietbiyteportlet&p_p_lifecycle=0&p_p_state=normal&p_p_mode=view&p_p_col_id=column-1&p_p_col_count=1&_vanbancongbo_WAR_trangthietbiyteportlet_keyword=&_vanbancongbo_WAR_trangthietbiyteportlet_showHide=0&_vanbancongbo_WAR_trangthietbiyteportlet_ngayGuiTu=&_vanbancongbo_WAR_trangthietbiyteportlet_ngayGuiDen=&_vanbancongbo_WAR_trangthietbiyteportlet_ngayCongBoTu=&_vanbancongbo_WAR_trangthietbiyteportlet_ngayCongBoDen=&_vanbancongbo_WAR_trangthietbiyteportlet_tenDoanhNghiep=&_vanbancongbo_WAR_trangthietbiyteportlet_tenTTBYT=&_vanbancongbo_WAR_trangthietbiyteportlet_coQuanQuanLyId=0&_vanbancongbo_WAR_trangthietbiyteportlet_tthcId=0&_vanbancongbo_WAR_trangthietbiyteportlet_delta=10&_vanbancongbo_WAR_trangthietbiyteportlet_keywords=&_vanbancongbo_WAR_trangthietbiyteportlet_advancedSearch=false&_vanbancongbo_WAR_trangthietbiyteportlet_andOperator=true&_vanbancongbo_WAR_trangthietbiyteportlet_resetCur=false&_vanbancongbo_WAR_trangthietbiyteportlet_cur=24)
- [25](https://imda.moh.gov.vn/web/guest/van-ban-cong-bo?p_p_id=vanbancongbo_WAR_trangthietbiyteportlet&p_p_lifecycle=0&p_p_state=normal&p_p_mode=view&p_p_col_id=column-1&p_p_col_count=1&_vanbancongbo_WAR_trangthietbiyteportlet_keyword=&_vanbancongbo_WAR_trangthietbiyteportlet_showHide=0&_vanbancongbo_WAR_trangthietbiyteportlet_ngayGuiTu=&_vanbancongbo_WAR_trangthietbiyteportlet_ngayGuiDen=&_vanbancongbo_WAR_trangthietbiyteportlet_ngayCongBoTu=&_vanbancongbo_WAR_trangthietbiyteportlet_ngayCongBoDen=&_vanbancongbo_WAR_trangthietbiyteportlet_tenDoanhNghiep=&_vanbancongbo_WAR_trangthietbiyteportlet_tenTTBYT=&_vanbancongbo_WAR_trangthietbiyteportlet_coQuanQuanLyId=0&_vanbancongbo_WAR_trangthietbiyteportlet_tthcId=0&_vanbancongbo_WAR_trangthietbiyteportlet_delta=10&_vanbancongbo_WAR_trangthietbiyteportlet_keywords=&_vanbancongbo_WAR_trangthietbiyteportlet_advancedSearch=false&_vanbancongbo_WAR_trangthietbiyteportlet_andOperator=true&_vanbancongbo_WAR_trangthietbiyteportlet_resetCur=false&_vanbancongbo_WAR_trangthietbiyteportlet_cur=25)
- [26](https://imda.moh.gov.vn/web/guest/van-ban-cong-bo?p_p_id=vanbancongbo_WAR_trangthietbiyteportlet&p_p_lifecycle=0&p_p_state=normal&p_p_mode=view&p_p_col_id=column-1&p_p_col_count=1&_vanbancongbo_WAR_trangthietbiyteportlet_keyword=&_vanbancongbo_WAR_trangthietbiyteportlet_showHide=0&_vanbancongbo_WAR_trangthietbiyteportlet_ngayGuiTu=&_vanbancongbo_WAR_trangthietbiyteportlet_ngayGuiDen=&_vanbancongbo_WAR_trangthietbiyteportlet_ngayCongBoTu=&_vanbancongbo_WAR_trangthietbiyteportlet_ngayCongBoDen=&_vanbancongbo_WAR_trangthietbiyteportlet_tenDoanhNghiep=&_vanbancongbo_WAR_trangthietbiyteportlet_tenTTBYT=&_vanbancongbo_WAR_trangthietbiyteportlet_coQuanQuanLyId=0&_vanbancongbo_WAR_trangthietbiyteportlet_tthcId=0&_vanbancongbo_WAR_trangthietbiyteportlet_delta=10&_vanbancongbo_WAR_trangthietbiyteportlet_keywords=&_vanbancongbo_WAR_trangthietbiyteportlet_advancedSearch=false&_vanbancongbo_WAR_trangthietbiyteportlet_andOperator=true&_vanbancongbo_WAR_trangthietbiyteportlet_resetCur=false&_vanbancongbo_WAR_trangthietbiyteportlet_cur=26)

##### **Bộ Y Tế**
Địa chỉ: 138A Giảng Võ,Phường Giảng Võ, Hà Nội

Điện thoại: 02462732272

##### **Hỗ trợ nghiệp vụ**
Bộ Y tế (Cục Hạ tầng và Thiết bị y tế)

Điện thoại: 02462732272

##### **Hotline kỹ thuật**
Line 1: 0928982898",DISCOVERED_UNSCREENED
MOH,moh.gov.vn,DQ-IMPL-05,40,http://moh.gov.vn/index.jsp?pageId=5803&aid=168682&cid=7260,"Hình thành hệ sinh thái dữ liệu quốc gia thống nhất, hiện ...",... kiểm toán dữ liệu định kỳ với chu kỳ 02 năm một lần. Nhóm mục tiêu ... Sở Y tế Hà Nội yêu cầu không để chậm trễ giải quyết thủ tục hành ...,DISCOVERED_UNSCREENED
MOH,moh.gov.vn,DQ-IMPL-05,41,https://moh.gov.vn/index.jsp?pageId=5803&aid=153749&cid=8431,"Giám đốc BV Bạch Mai: ""Miễn viện phí toàn dân là chiến ...","Sở y tế các tỉnh, thành phố trực thuộc TW · Y tế các ngành. Giám đốc BV Bạch ... kiểm tra sức khỏe thường xuyên. Chi phí gói khám dự kiến khoảng 300.000 ...",DISCOVERED_UNSCREENED
MOH,moh.gov.vn,DQ-IMPL-05,42,https://imda.moh.gov.vn/documents/10182/10030600/Duthaoquyetdinh15.06.2026/6eb7602d-d855-489e-81ef-e663fabd5d4a,DỰ THẢO Ngày 15/6/2026 - Trang thiết bị y tế,"với cơ quan quản lý nhà nước trong hậu kiểm, thanh tra, kiểm tra. ... - Viện kiểm sát nhân dân tối cao;. - Kiểm toán nhà nước;. - Ủy ban ...",DISCOVERED_UNSCREENED
MOH,moh.gov.vn,DQ-EVID-01,1,https://moh.gov.vn/index.jsp?pageId=5803&aid=156765&cid=7262,Trí tuệ nhân tạo và tương lai hệ thống Y tế Việt Nam,"... giám sát rủi ro, tránh đầu tư dàn trải hoặc chạy theo phong trào. Thứ sáu, phát triển nguồn nhân lực y tế số và năng lực quản trị AI. Cần đổi mới đào tạo y ...",DISCOVERED_UNSCREENED
MOH,moh.gov.vn,DQ-EVID-01,2,https://moh.gov.vn/index.jsp?pageId=5803&aid=156486&cid=8335,Bộ trưởng Đào Hồng Lan: Đổi mới tư duy để ...,"... quản trị AI phải được đặt đúng vị trí. Cần đổi mới đào tạo y khoa theo hướng tích hợp kiến thức dữ liệu, AI và chuyển đổi số. Đồng thời, đào ...",DISCOVERED_UNSCREENED
MOH,moh.gov.vn,DQ-EVID-01,3,https://cds.moh.gov.vn/trang-chu/-/asset_publisher/Q71nmz5QU5fE/content/hoi-thao-ai-y-te-thanh-cong-ra-mat-mang-luoi-v-rhain-va-thuc-ay-cac-giai-phap-ai-y-te-co-trach-nhiem?inheritRedirect=false,"Hội thảo AI y tế thành công, ra mắt Mạng lưới V-RHAIN và thúc ...",... quản trị AI dựa trên bằng chứng và đạo đức. Chương trình đào tạo 'Discovery Training' không chỉ cung cấp kiến thức về vòng đời AI mà còn giúp xác định ...,DISCOVERED_UNSCREENED
MOH,moh.gov.vn,DQ-EVID-01,4,https://moh.gov.vn/index.jsp?pageId=5801&cid=8358,Cổng thông tin,"... kiểm tra, giám sát. 28/05/2026 07:58 AM. Hội nghị cập nhật kiến thức, quy ... quản trị AI y tế toàn cầu, lấy con người làm trung tâm. 25/10/2025 12:34 AM ...",DISCOVERED_UNSCREENED
MOH,moh.gov.vn,DQ-EVID-01,5,https://moh.gov.vn/index.jsp?pageId=5801&cid=8430,Cổng thông tin,"Vận hành hệ thống ... quản trị AI y tế toàn cầu, lấy con người làm trung tâm. 25/10/2025 12:34 AM ...",DISCOVERED_UNSCREENED
MOH,moh.gov.vn,DQ-EVID-02,1,https://moh.gov.vn/index.jsp?pageId=5803&aid=156557&cid=8335,“Nỗi đau” của các bác sĩ ở bệnh viện tâm thần,"Điều đau lòng là khi sự cố xảy ra, dư luận thường dễ buông lời phán xét. Ít ai hiểu rằng, bệnh ... cố ý. Nhưng với những người đang ngày ...",DISCOVERED_UNSCREENED
MOH,moh.gov.vn,DQ-EVID-02,2,https://moh.gov.vn/index.jsp?pageId=5803&aid=155021&cid=8355,'Thiên thần áo trắng' và cuộc chiến với lũ dữ,"Nhìn các phòng, khoa của Bệnh viện Đa khoa khu vực Quảng Nam (phường Điện Bàn, TP Đà Nẵng) sạch sẽ, gọn gàng như bây giờ không ai nghĩ mới hôm ...",DISCOVERED_UNSCREENED
MOH,moh.gov.vn,DQ-EVID-02,3,https://moh.gov.vn/index.jsp?pageId=5803&aid=126660&cid=8354,Cổng thông tin,... Y tế đã có công văn gửi Bộ TT&TT và Bộ Công an đề nghị tìm ra ai là người đăng tin thất thiệt như vậy để xử lý theo đúng pháp luật hiện hành. Tại cuộc họp ...,DISCOVERED_UNSCREENED
MOH,moh.gov.vn,DQ-EVID-02,4,https://moh.gov.vn/index.jsp?pageId=5803&aid=156366&cid=8338,"Y tế dự phòng Thủ đô: Tận dụng ""thời điểm vàng"" để bứt phá","Tình trạng này tiềm ẩn nguy cơ lớn khi xảy ra các sự cố y tế ... Đặc biệt, Hà Nội sẽ ứng dụng trí tuệ nhân tạo (AI) dựa trên kho dữ ...",DISCOVERED_UNSCREENED
MOH,moh.gov.vn,DQ-EVID-02,5,https://moh.gov.vn/index.jsp?pageId=5803&aid=134434&cid=8354,Cổng thông tin,"Phần mềm trí tuệ nhân tạo AI hay còn gọi là ""IBM Watson for Oncology"" do Tập ... AI chỉ như một cuốn y bạ điện tử, là công cụ hỗ trợ bác sĩ lựa chọn ...",DISCOVERED_UNSCREENED
MOH,moh.gov.vn,DQ-EVID-02,6,https://vnpa.moh.gov.vn/mot-so-giai-phap-dot-pha-tang-cuong-bao-ve-cham-soc-va-nang-cao-suc-khoe-nhan-dan/,"Một số giải pháp đột phá, tăng cường bảo vệ, chăm sóc và ...","Đẩy mạnh ứng dụng trí tuệ nhân tạo (AI), blockchain và dữ liệu lớn (Big Data), Internet vạn vật (IoT) trong lĩnh vực y tế nhằm tăng cường tính ...",DISCOVERED_UNSCREENED
MOH,moh.gov.vn,DQ-EVID-02,7,https://moh.gov.vn/index.jsp?pageId=5803&aid=168676&cid=7241,Những 'đại sứ' đặc biệt của bệnh viện,... AI hỗ trợ phiên dịch có thể giúp việc trao đổi thuận lợi. Thách thức lớn hơn là tạo được niềm tin để người bệnh an tâm điều trị nơi đất khách.,DISCOVERED_UNSCREENED
MOH,moh.gov.vn,DQ-EVID-02,8,https://moh.gov.vn/index.jsp?pageId=5803&aid=156526&cid=7241,"Tạo đột phá trong bảo vệ, chăm sóc, nâng cao sức khỏe ...","... trí tuệ nhân tạo được ứng dụng sâu rộng trong quản lý, dự báo, khám, chữa ... (AI) tư vấn dinh dưỡng học đường nhằm giảm suy dinh dưỡng và béo phì ...",DISCOVERED_UNSCREENED
MOH,moh.gov.vn,DQ-EVID-02,9,https://btxh.moh.gov.vn/danh-muc-tin/cong-tac-xa-hoi-manh-ghep-khong-the-thieu-trong-cham-soc-nguoi-benh_t209c4n1779,Mảnh ghép không thể thiếu trong chăm sóc người bệnh,"Trong tương lai, việc ứng dụng trí tuệ nhân tạo, phân tích dữ liệu ... ái và sự tận tâm, luôn đồng hành, chia sẻ với người bệnh, góp ...",DISCOVERED_UNSCREENED
MOH,moh.gov.vn,DQ-EVID-02,10,https://moh.gov.vn/index.jsp?pageId=5803&aid=148013&cid=8349,Nâng cao năng lực bảo vệ và chăm sóc sức khỏe nhân dân,... AI phải đem lại lợi ích cho người dân · Hợp tác chăm sóc thay thế trong môi trường gia đình cho trẻ em Việt Nam · Thứ trưởng Nguyễn Tri Thức: Thêm nhiều chương ...,DISCOVERED_UNSCREENED
MOH,moh.gov.vn,DQ-EVID-02,11,https://ydct.moh.gov.vn/detail/thu-tuong-chinh-phu-pham-minh-chinh-gap-mat-cac-nha-khoa-hoc-tieu-bieu-trong-linh-vuc-y-te-giam-doc-benh-vien-trung-uong,Thủ tướng Chính phủ Phạm Minh Chính gặp mặt các nhà ...,"... ái, trí tuệ, sự kiên trì và hơn hết là niềm tin vào những giá ... trí tuệ nhân tạo trong chẩn đoán, dự báo dịch bệnh;. Năm là, xây dựng ...",DISCOVERED_UNSCREENED
MOH,moh.gov.vn,DQ-EVID-02,12,https://moh.gov.vn/index.jsp?pageId=5803&aid=156098&cid=8351,Thứ trưởng Thường trực Bộ Y tế Vũ Mạnh Hà: Văn phòng ...,"... phục vụ công việc hàng ngày, hàng tuần của Văn phòng Bộ. Theo Thứ trưởng, Văn phòng ứng dụng sử dụng AI như thế nào? Chính quyền nhân tạo ra sao để giúp cho ...",DISCOVERED_UNSCREENED
MOH,moh.gov.vn,DQ-EVID-02,13,https://moh.gov.vn/index.jsp?pageId=5803&aid=154779&cid=8390,Cổng thông tin,"Tăng cường ứng dụng trí tuệ nhân tạo, dữ liệu lớn, đầu tư phát triển các ... ái""; ""Quỹ phòng chống ung thư - Ngày mai tươi sáng""; phong trào ""Nồi cháo ...",DISCOVERED_UNSCREENED
MOH,moh.gov.vn,DQ-EVID-02,14,https://imda.moh.gov.vn/documents/10182/76541386/upload_00015222_1764233074613.pdf?version=1.0&fileId=76572883,TÀI LIỆU HƯỚNG DẪN SỬ DỤNG ...,Phần mềm sử dụng trí tuệ nhân tạo để phân tích hình ảnh và tạo ... • AI (Artificial Intelligence): Công nghệ mô phỏng quá trình tư duy ...,DISCOVERED_UNSCREENED
MOH,moh.gov.vn,DQ-EVID-02,15,https://moh.gov.vn/index.jsp?pageId=5803&aid=131275&cid=8354,Điểm tin y tế ngày 21/9/2018,"Tức là, các nhân viên y tế ở đây phục vụ rất tốt nhưng chưa bao giờ có ... Nói thế nhưng không ai ngủ được cả, trong căn phòng rộng chừng 6 m2 ấy bọn ...",DISCOVERED_UNSCREENED
MOH,moh.gov.vn,DQ-EVID-02,16,https://moh.gov.vn/index.jsp?pageId=5803&aid=167078&cid=8356,"Tăng cường bảo vệ, chăm sóc và nâng cao sức khỏe nhân ...","Các ngành, các cấp đẩy mạnh chuyển đổi số trong lĩnh vực y tế; ứng dụng dữ liệu lớn, trí tuệ nhân tạo trong dự báo, quản lý sức khỏe; triển khai hiệu quả hồ ...",DISCOVERED_UNSCREENED
MOH,moh.gov.vn,DQ-EVID-02,17,https://moh.gov.vn/index.jsp?pageId=5803&aid=125841&cid=8354,Điểm tin ngày 31/12/2013,"Đó là điều quý giá nhất”. Theo chia sẻ của anh Thọ, khi hiến tạng anh hoàn toàn tự nguyện, không báo cho ai biết và cũng không cần biết ai sẽ được nhận tạng của ...",DISCOVERED_UNSCREENED
MOH,moh.gov.vn,DQ-EVID-02,18,https://adminmoh.moh.gov.vn/en_US/web/guest/hoat-dong-cua-dia-phuong/-/asset_publisher/gHbla8vOQDuS/content/bac-ninh-xay-dung-phuong-an-bao-am-cong-tac-y-te-phuc-vu-bau-cu,Xây dựng phương án bảo đảm công tác y tế phục vụ bầu cử,... viện Đa khoa Yên Thế thăm khám cho người bệnh. Để ... sự cố ngộ độc thực phẩm và triển khai các ... AI xin chào. logobutton. Hỗ trợ trực tuyến. full close.,DISCOVERED_UNSCREENED
MOH,moh.gov.vn,DQ-EVID-02,19,https://moh.gov.vn/index.jsp?pageId=5803&aid=134817&cid=8354,Cổng thông tin,Đoàn cũng ghi nhận năng lực của trường tại thời điểm kiểm tra có 63 giáo viên nhưng không có ai có hồ sơ lưu trữ tại Hải Phòng. Hệ thống phòng học lý thuyết ...,DISCOVERED_UNSCREENED
MOH,moh.gov.vn,DQ-EVID-02,20,https://moh.gov.vn/index.jsp?pageId=5803&aid=134348&cid=8354,Cổng thông tin,"Bên cạnh sự cố gắng, nỗ lực của các bệnh viện ... ""Anh chị em đi lại vất vả, nhưng khi thấy công sức của mình có thành quả, ai cũng thấy phấn khởi"", chị Hòa tâm ...",DISCOVERED_UNSCREENED
MOH,moh.gov.vn,DQ-EVID-02,21,http://moh.gov.vn/index.jsp?pageId=5803&aid=168646&cid=8356,"Đổi mới phương thức quản lý, kiểm soát toàn chuỗi ...","... trí tuệ nhân tạo, dữ liệu lớn, mã QR, mã vạch và nhãn điện tử trong truy xuất nguồn gốc, cảnh báo sớm rủi ro và hỗ trợ quản lý. Dữ liệu sẽ ...",DISCOVERED_UNSCREENED
MOH,moh.gov.vn,DQ-EVID-02,22,https://moh.gov.vn/index.jsp?pageId=5803&aid=126575&cid=8354,Cổng thông tin,"Phát biểu tại buổi Lễ, Phó Thủ tướng Chính phủ Vũ Đức Đam đánh giá cao sự cố gắng, nỗ lực cũng như quyết tâm của Bộ Y tế. ... ai cũng được chăm sóc, theo dõi sức ...",DISCOVERED_UNSCREENED
MOH,moh.gov.vn,DQ-EVID-02,23,https://moh.gov.vn/index.jsp?pageId=5803&aid=126623&cid=8354,Cổng thông tin Bộ Y tế,... ai. Tại khoản 1 Điều 32 Bộ luật Dân sự năm 2015 quy định: “Cá nhân có quyền đối với hình ảnh của mình. Việc sử dụng hình ảnh của cá nhân phải được người đó đồng ...,DISCOVERED_UNSCREENED
MOH,moh.gov.vn,DQ-EVID-02,24,https://moh.gov.vn/index.jsp?pageId=5803&aid=137730&cid=8354,Thông tin y tế 13 - 16/10/2020,Khó ai có thể hình dung được rằng nơi đây chỉ mấy ngày trước gần như toàn xã đều bị nhấn chìm trong lũ. Và cuộc sống của người dân lúc này ...,DISCOVERED_UNSCREENED
MOH,moh.gov.vn,DQ-EVID-02,25,https://moh.gov.vn/index.jsp?pageId=5803&aid=126698&cid=8354,Cổng thông tin,"Tại Hà Nội và Hưng Yên đã phát hiện ít nhất 2 bệnh nhân bị viêm màng não do vi khuẩn não mô cầu, khiến hàng chục người có tiếp xúc gần với bệnh nhân phải uống ...",DISCOVERED_UNSCREENED
MOH,moh.gov.vn,DQ-EVID-02,26,https://moh.gov.vn/index.jsp?pageId=5803&aid=126569&cid=8354,Cổng thông tin Bộ Y tế,"... y tế trả chi phí khám chữa bệnh từ 100 triệu đồng đến 1 tỉ đồng và 27 người được trả 1-4,5 tỉ đồng. ""Bệnh nhân và bảo hiểm chẳng ai mong được chi tới tiền ...",DISCOVERED_UNSCREENED
MOH,moh.gov.vn,DQ-EVID-02,27,https://imda.moh.gov.vn/documents/10182/10030661/T%C3%A0i+li%E1%BB%87u+H%E1%BB%99i+ngh%E1%BB%8B+ph%E1%BB%95+bi%E1%BA%BFn+N%C4%90169.2018+cho+SYT+BV.pdf/0c765d54-b3dc-4f84-a4e0-3bf76ca98232,"hội nghị phổ biến, triển khai nghị định 169/2018/nđ-cp","Trách nhiệm ? 4. Ai có thể góp phần đảm bảo. CHẤT LƯỢNG - AN TOÀN - HIỆU QUẢ ? • Đảm bảo duy trì sản xuất TTBYT có chất lượng, an toàn theo ...",DISCOVERED_UNSCREENED
MOH,moh.gov.vn,DQ-EVID-02,28,https://moh.gov.vn/index.jsp?pageId=5803&aid=128943&cid=8354,Điểm tin y tế ngày 19/10/2018,"... Bệnh viện Jose Manuel de los Rios nói. ""Điều đó có nghĩa là chẳng ai theo dõi quá trình hóa trị để kiểm tra xem có biến chứng hay không"". Trước tình hình ...",DISCOVERED_UNSCREENED
MOH,moh.gov.vn,DQ-EVID-02,29,https://moh.gov.vn/index.jsp?pageId=5803&aid=154454&cid=8476,Hỗ trợ điều trị cho bệnh nhân bị ảnh hưởng bão số 10,"... bệnh, đảm bảo tất cả được điều trị kịp thời, không ai bị gián đoạn chu kỳ lọc máu. Trong quá trình điều trị, bệnh viện không phát sinh thêm ...",DISCOVERED_UNSCREENED
MOH,moh.gov.vn,DQ-EVID-02,30,https://moh.gov.vn/index.jsp?pageId=5803&aid=125840&cid=8354,1. Bệnh viện K: Phẫu thuật cắt khối u gần 10 kg,“Không ai cố tình đưa những hóa chất nguy hiểm vào trong chế biến thực phẩm. Bất kể một loại hóa chất nào chứ không riêng axit oxalic. Mì tôm của nước chúng ...,DISCOVERED_UNSCREENED
MOH,moh.gov.vn,DQ-EVID-02,31,https://imda.moh.gov.vn/documents/10182/84938478/upload_00002488_1782186383439.pdf?version=1.0&fileId=84949528,CÔNG TY TNHH THIẾT BỊ Y TẾ INAMED,Tuyệt đối không cho phép bất kỳ ai không đeo kính bảo hộ phù hợp đến gần tia laser khi hệ thống đang hoạt động. Nhấn để tiếp tục. Kiểm tra ...,DISCOVERED_UNSCREENED
MOH,moh.gov.vn,DQ-EVID-02,32,https://moh.gov.vn/index.jsp?pageId=5803&aid=153532&cid=8358,Cổng thông tin,"... ai bị bỏ lại phía sau. Trong bối cảnh toàn cầu hóa, khoa học công nghệ và ... trí tuệ nhân tạo, dữ liệu lớn, đồng thời bảo đảm người dân được tiếp cận ...",DISCOVERED_UNSCREENED
MOH,moh.gov.vn,DQ-EVID-02,33,https://moh.gov.vn/index.jsp?pageId=5803&aid=156491&cid=8335,"Ở đâu có khó khăn, bệnh tật, ở đó có y bác sĩ","Anh Long cho biết, bão tan, lũ rút, mắt ai cũng phờ phạc, bàng hoàng trước cảnh nhà sụp đổ, vườn tược tan hoang, gia súc chết nằm chết vương vãi ...",DISCOVERED_UNSCREENED
MOH,moh.gov.vn,DQ-EVID-02,34,https://moh.gov.vn/index.jsp?pageId=5803&aid=156489&cid=8335,Nâng tầm y lý - Vượt qua nghịch cảnh - Tất cả vì dân,"Không ai quý con bằng người mẹ, mà ""thầy thuốc thì như mẹ hiền ... trí tuệ nhân tạo trong chẩn đoán, dự báo dịch bệnh. Năm là, xây dựng ...",DISCOVERED_UNSCREENED
MOH,moh.gov.vn,DQ-EVID-02,35,https://imda.moh.gov.vn/documents/10182/78707610/upload_00010119_1768294003048.pdf?version=1.0&fileId=78745144,TÀI LIỆU ĐƯỢC KÝ BẰNG CHỮ KÝ SỐ,"ENAD-CADGx-01 là phần mềm hỗ trợ chẩn đoán nội soi dựa trên trí tuệ nhân tạo, được thiết ... Chuyển đổi giữa AI nội soi đại tràng và AI nội soi dạ dày. Quay lại.",DISCOVERED_UNSCREENED
MOH,moh.gov.vn,DQ-EVID-02,36,https://moh.gov.vn/index.jsp?pageId=5803&aid=156285&cid=8335,Người bệnh ở Bệnh viện K được 'tiếp sức' hơn 3.000 phần ...,"... bệnh, lan tỏa và góp phần giá trị nhân ái, tinh thần sẻ chia sâu sắc của ngành y tế. 15 gian hàng đã được dựng lên, trong đó có 13 gian được ...",DISCOVERED_UNSCREENED
MOH,moh.gov.vn,DQ-EVID-02,37,https://vimda.moh.gov.vn/documents/10182/43391740/upload_00008707_1684466543518.pdf?version=1.0&fileId=43398062,Hướng dẫn sử dụng Cerviray,Cần lưu ý là phần mềm Cerviray A.I. là một công cụ bổ sung và không nên ... Các hình ảnh được gửi từ Phần mềm bệnh nhân sẽ được hiển thị tại Kết quả A.I..,DISCOVERED_UNSCREENED
MOH,moh.gov.vn,DQ-EVID-02,38,https://moh.gov.vn/resource/CustomsCMS/BO_YTE/2026/3/19/2.1.%20DT%20Nghi%20dinh%20qdct%20Luat%20PB_17.3.2026_ht.pdf,"2026/NĐ-CP Hà Nội, ngày tháng năm 2026 NGHỊ ĐỊNH ...","... phục vụ công tác phòng bệnh bảo đảm an toàn và bảo mật thông tin b) Hỗ trợ ứng dụng khoa học, công nghệ, dữ liệu lớn, trí tuệ nhân tạo cho.",DISCOVERED_UNSCREENED
MOH,moh.gov.vn,DQ-EVID-02,39,https://moh.gov.vn/index.jsp?pageId=5803&aid=154585&cid=8335,"Hướng đến hiện đại, công bằng và nhân văn","... y tế theo mô hình dữ liệu lớn (Big Data), trí tuệ nhân tạo (AI), góp phần hình thành “thành phố y tế số”. Đây là bước đi chiến lược trong ...",DISCOVERED_UNSCREENED
MOH,moh.gov.vn,DQ-EVID-02,40,https://moh.gov.vn/index.jsp?pageId=5803&aid=156569&cid=8476,Người giữ lửa hy vọng cho phụ nữ 'mang án' ung thư,"... khắc yếu lòng nhất. Với chị, ung thư không phải dấu chấm hết, mà là hành trình buộc con người học cách chiến đấu để được sống tiếp. Ít ai ...",DISCOVERED_UNSCREENED
MOH,moh.gov.vn,DQ-EVID-02,41,https://imda.moh.gov.vn/documents/10182/65737635/upload_00005122_1742366497366.pdf?version=1.0&fileId=65760433,Ea yO e Ai  Hướng dẫn sử dụng V0 ,"bị mở khóa ngoài ý muốn bởi nhân viên ndd cho bất kỳ ai khác ngoài bạn. ... khắc phục sự cố. Nếu bạn không thể khắc phục được lỗi, hãy liên hệ với đối tác ...",DISCOVERED_UNSCREENED
MOH,moh.gov.vn,DQ-EVID-02,42,https://moh.gov.vn/resource/CustomsCMS/BO_YTE/2026/3/19/2.1.%20DT%20Nghi%20dinh%20qdct%20Luat%20PB_17.3.2026_ht.pdf,"2026/NĐ-CP Hà Nội, ngày tháng năm 2026 NGHỊ ĐỊNH ...","gia thì việc xử lý, khắc phục sự cố thực hiện theo quy định của pháp luật về tình ... trí tuệ nhân tạo cho hoạt động dự phòng, phát hiện sớm, theo ...",DISCOVERED_UNSCREENED
MOH,moh.gov.vn,DQ-EVID-02,43,https://imda.moh.gov.vn/documents/10182/44979961/upload_00006448_1688794489801.pdf?version=1.0&fileId=44985343,ESTE-Q PREMIUM Q-Switched & Laser Nd:YAG xung dài,Khắc phục sự cố ... bất kỳ ai khác ngoài nhà sản xuất hoặc đại lý được nhà sản xuất ủy quyền ...,DISCOVERED_UNSCREENED
MOH,moh.gov.vn,DQ-EVID-02,44,https://imda.moh.gov.vn/documents/10182/82220853/upload_00005486_1776740309902.pdf?version=1.0&fileId=82229115,Hướng dẫn sử dụng Dao mổ siêu âm K600,"cũng như không ủy quyền cho bất kỳ ai khác chịu bất kỳ trách nhiệm nào liên quan đến việc bán hoặc sử dụng sản phẩm của Miconvey. Technologies Co.,Ltd ...",DISCOVERED_UNSCREENED
MOH,moh.gov.vn,DQ-EVID-02,45,https://imda.moh.gov.vn/documents/10182/77512206/upload_00008716_1765874875133.pdf?version=1.0&fileId=77547191,HỆ THỐNG CHIẾU SÁNG PHẪU THUẬT VN HƯỚNG DẪN ...,"Bất kỳ ai kết nối thiết bị bổ sung hoặc thay đổi cấu hình hệ thống khác với ... của bảng điều khiển, hãy tham khảo phần khắc phục sự cố của sách hướng ...",DISCOVERED_UNSCREENED
MOH,moh.gov.vn,DQ-EVID-02,46,https://ydct.moh.gov.vn/detail/thu-tuong-giu-tron-y-duc-vung-vang-y-thuat-nang-tam-y-ly-vuot-qua-nghich-canh-tat-ca-vi-dan,Thủ tướng: 'Giữ trọn y đức - Vững vàng y thuật – Nâng tầm y lý,"... ái, trí tuệ, sự kiên trì và hơn hết là niềm tin vào những giá ... trí tuệ nhân tạo trong chẩn đoán, dự báo dịch bệnh.",DISCOVERED_UNSCREENED
MOH,moh.gov.vn,DQ-EVID-02,47,https://imda.moh.gov.vn/documents/10182/82880191/upload_00000730_1778208342091.pdf?version=1.0&fileId=82885595,HexaLux,"10 - HƯỚNG DẪN KHẮC PHỤC SỰ CỐ NHANH . 11 - BẢO VỆ MÔI TRƯỜNG ... Ai-len. UK REP STERIS Solutions Limited. Chancary House, Rayns Way. Watermead ...",DISCOVERED_UNSCREENED
MOH,moh.gov.vn,DQ-EVID-02,48,https://moh.gov.vn/index.jsp?pageId=5803&aid=156569&cid=8476,Người giữ lửa hy vọng cho phụ nữ 'mang án' ung thư,"Ít ai biết rằng trước khi trở thành bác sĩ nội khoa ung thư, PGS.TS ... khắc bệnh nhân yếu đuối nhất”, PGS. Huyền nói. Năm 2007, khi ...",DISCOVERED_UNSCREENED
MOH,moh.gov.vn,DQ-EVID-02,49,https://imda.moh.gov.vn/documents/10182/81398182/upload_00002649_1774927042278.pdf?version=1.0&fileId=81408832,HƯỚNG DẪN SỬ DỤNG BreathCare PAP Máy thở không ...,"24. Khắc phục sự cố ... ai. Cảnh báo nguy cơ điện giật: Không nhúng thiết bị, bộ nguồn hoặc ...",DISCOVERED_UNSCREENED
MOH,moh.gov.vn,DQ-EVID-03,1,https://cds.moh.gov.vn/tin-tuc-tong-hop-chi-tieu-cds/-/asset_publisher/q59FuAXJObVO/content/ai-trong-benh-vien-nguoi-benh-uoc-loi-gi-?inheritRedirect=false,AI trong bệnh viện: Người bệnh được lợi gì? - Tin tức tổng hợp,Là bệnh viện tuyến cuối của ngành quân y ... Những ca bệnh khó được báo cáo quốc tế cũng được kết ... AI trong bệnh viện bước đầu phát huy hiệu quả rõ rệt.,DISCOVERED_UNSCREENED
MOH,moh.gov.vn,DQ-EVID-03,2,https://moh.gov.vn/index.jsp?pageId=5803&aid=156765&cid=7262,Trí tuệ nhân tạo và tương lai hệ thống Y tế Việt Nam,"Trí tuệ nhân tạo (AI) là công nghệ cho phép máy tính học hỏi từ dữ liệu ... Hệ sinh thái AI y tế cần có sự gắn kết chặt chẽ giữa cơ quan quản lý, cơ sở ...",DISCOVERED_UNSCREENED
MOH,moh.gov.vn,DQ-EVID-03,3,https://vnpa.moh.gov.vn/bac-si-ai-va-bai-toan-nhan-luc-y-te-hop-tac-giua-cong-nghe-va-nhan-van/,Bác sĩ AI và bài toán nhân lực y tế: Hợp tác giữa công nghệ và ...,"Ở Mỹ – một quốc gia chi phí y tế thuộc nhóm cao nhất thế giới – mặc dù đầu tư lớn nhưng kết ... Trong bối cảnh đó, trí tuệ nhân tạo (AI) được xem ...",DISCOVERED_UNSCREENED
MOH,moh.gov.vn,DQ-EVID-03,4,https://cds.moh.gov.vn/trang-chu/-/asset_publisher/9VNAsbzkEbQA/content/thuc-ay-nghien-cuu-ao-tao-va-ung-dung-tri-tue-nhan-tao-trong-linh-vuc-y-te-tang-cuong-oi-thoai-chinh-sach-va-ket-noi-cac-ben-lien-quan?inheritRedirect=false,"Thúc đẩy nghiên cứu, đào tạo và ứng dụng trí tuệ nhân ...","Trong bối cảnh chuyển đổi số đang diễn ra mạnh mẽ trên toàn cầu, trí tuệ nhân tạo (AI) ngày càng khẳng định vai trò quan trọng trong nâng cao hiệu quả quản ...",DISCOVERED_UNSCREENED
MOH,moh.gov.vn,DQ-EVID-03,5,https://cds.moh.gov.vn/trang-chu/-/asset_publisher/9VNAsbzkEbQA/content/ung-dung-ai-chuyen-oi-so-va-benh-vien-thong-minh-la-chia-khoa-nang-cao-suc-khoe-toan-dan?inheritRedirect=false,"Ứng dụng AI, chuyển đổi số và bệnh viện thông minh là ...","... (kết nối dữ liệu) - Thông minh hóa (ứng dụng AI). Những hệ thống cảnh báo sớm tại phòng ICU, tủ thuốc tự động hay kết nối xe cấp cứu từ xa trên thế giới đã ...",DISCOVERED_UNSCREENED
MOH,moh.gov.vn,DQ-EVID-03,6,https://cds.moh.gov.vn/trang-chu/-/asset_publisher/9VNAsbzkEbQA/content/hoi-thao-chuyen-oi-so-y-te-viet-nam-vai-tro-cua-du-lieu-va-ai-trong-inh-huong-quoc-gia-?inheritRedirect=false,Hội thảo “Chuyển đổi số Y tế Việt Nam: Vai trò của Dữ liệu ...,"AI chỉ có thể phát huy hiệu quả khi được xây dựng trên dữ liệu đúng, đủ, sạch và thống nhất. Đồng thời, AI trong y tế ... kết quả bước đầu và định hướng mở ...",DISCOVERED_UNSCREENED
MOH,moh.gov.vn,DQ-EVID-03,7,https://cds.moh.gov.vn/trang-chu/-/asset_publisher/9VNAsbzkEbQA/content/ioc-chia-khoa-nang-chat-luong-cham-soc-suc-khoe?inheritRedirect=false,IOC - “chìa khóa” nâng chất lượng chăm sóc sức khỏe,"Khi kết hợp với trí tuệ nhân tạo, hệ thống có thể hỗ trợ dự báo dịch bệnh, nhu cầu khám chữa bệnh và nguồn lực y tế, từ đó giúp lãnh đạo ngành đưa ra quyết định ...",DISCOVERED_UNSCREENED
MOH,moh.gov.vn,DQ-EVID-03,8,https://imda.moh.gov.vn/van-ban-cong-bo?p_p_id=vanbancongbo_WAR_trangthietbiyteportlet&p_p_lifecycle=0&p_p_state=normal&p_p_mode=view&p_p_col_id=column-1&p_p_col_pos=1&p_p_col_count=2&_vanbancongbo_WAR_trangthietbiyteportlet_hoSoId=620810&_vanbancongbo_WAR_trangthietbiyteportlet_vanBanId=541807&_vanbancongbo_WAR_trangthietbiyteportlet_doanhNghiepId=18581&_vanbancongbo_WAR_trangthietbiyteportlet_redirectVanBanURL=%2Fvan-ban-cong-bo&_vanbancongbo_WAR_trangthietbiyteportlet_jspPage=%2Fhtml%2Fttbyte%2Fportlet%2Fvanbancongbo%2Fxemhoso_tuybien.jsp,Hồ sơ đã công bố - Kết quả dịch vụ công - Trang thiết bị y tế,Phần mềm sử dụng trí tuệ nhân tạo để phân tích hình ảnh và tạo ra báo cáo ... Kết quả phân loại hình ảnh thành hai loại (bình thường hoặc thiểu xương ...,DISCOVERED_UNSCREENED
MOH,moh.gov.vn,DQ-EVID-03,9,https://moh.gov.vn/index.jsp?pageId=5798&id=69562&cid=7301,Cổng thông tin Bộ Y tế,"... trí tuệ nhân tạo (AI) trong y tế. Đối với ngành dược, nhiệm vụ này bao gồm ... kết quả điều trị và giảm gánh nặng cho hệ thống y tế. Các can thiệp do ...",DISCOVERED_UNSCREENED
MOH,moh.gov.vn,DQ-EVID-03,10,https://imda.moh.gov.vn/van-ban-cong-bo?p_p_id=vanbancongbo_WAR_trangthietbiyteportlet&p_p_lifecycle=0&p_p_state=normal&p_p_mode=view&p_p_col_id=column-1&p_p_col_pos=1&p_p_col_count=2&_vanbancongbo_WAR_trangthietbiyteportlet_hoSoId=567907&_vanbancongbo_WAR_trangthietbiyteportlet_vanBanId=485090&_vanbancongbo_WAR_trangthietbiyteportlet_doanhNghiepId=350202&_vanbancongbo_WAR_trangthietbiyteportlet_redirectVanBanURL=%2Fvan-ban-cong-bo&_vanbancongbo_WAR_trangthietbiyteportlet_jspPage=%2Fhtml%2Fttbyte%2Fportlet%2Fvanbancongbo%2Fxemhoso_tuybien.jsp,Hồ sơ đã công bố - Kết quả dịch vụ công - Trang thiết bị y tế,... Kết quả xử lý hồ sơ. Thông tin công bố (Ngày 19/08/2025). Hồ sơ đã công bố. CÔNG TY CỔ PHẦN CÔNG NGHỆ NTD AI HEALTHCARE. ---------------------------. Số 01:2025 ...,DISCOVERED_UNSCREENED
MOH,moh.gov.vn,DQ-EVID-03,11,https://cds.moh.gov.vn/tin-tuc-tong-hop-chi-tieu-cds/-/asset_publisher/q59FuAXJObVO/content/ung-dung-ai-trong-ho-tro-quan-ly-benh-man-tinh-giam-ap-luc-cho-bac-si?inheritRedirect=false,"Ứng dụng AI trong hỗ trợ quản lý bệnh mạn tính, giảm áp ...","Trong bối cảnh tăng huyết áp và các bệnh mạn tính ngày càng gia tăng, trẻ hóa, nhiều chuyên gia cho rằng trí tuệ nhân tạo (AI) sẽ đóng vai trò quan trọng ...",DISCOVERED_UNSCREENED
MOH,moh.gov.vn,DQ-EVID-03,12,https://cds.moh.gov.vn/tin-tuc-tong-hop-chi-tieu-cds/-/asset_publisher/q59FuAXJObVO/content/hoi-thao-ai-y-te-thanh-cong-ra-mat-mang-luoi-v-rhain-va-thuc-ay-cac-giai-phap-ai-y-te-co-trach-nhiem?inheritRedirect=false,"Hội thảo AI y tế thành công, ra mắt Mạng lưới V-RHAIN và ...","Sự kiện đánh dấu bước khởi đầu quan trọng trong việc triển khai chiến lược ứng dụng trí tuệ nhân tạo ... AI y tế an toàn, minh bạch và hiệu quả. Thứ trưởng thường ...",DISCOVERED_UNSCREENED
MOH,moh.gov.vn,DQ-EVID-03,13,https://cds.moh.gov.vn/cds-trong-y-khoa/-/asset_publisher/7CDbJ2TPvkUU/content/benh-vien-bach-mai-vi-the-tien-phong-trong-cuoc-cach-mang-chuyen-oi-so-nganh-y-te?inheritRedirect=false,Bệnh viện Bạch Mai – Vị thế tiên phong trong cuộc cách ...,"... bệnh, đột phá y khoa với trí tuệ nhân tạo, tối ưu hóa quản trị vận hành, đến tiên phong kết nối y tế từ xa. Những thành tựu này không chỉ giúp Bệnh viện đạt ...",DISCOVERED_UNSCREENED
MOH,moh.gov.vn,DQ-EVID-03,14,https://moh.gov.vn/index.jsp?pageId=5803&aid=156773&cid=7241,Trí tuệ nhân tạo hỗ trợ chẩn đoán bệnh,"Ứng dụng trí tuệ nhân tạo (AI) vào hoạt động khám, chữa bệnh đang mở ra ... “Khi người bệnh truy cập kết quả trên hệ thống trả kết quả trực tuyến của ...",DISCOVERED_UNSCREENED
MOH,moh.gov.vn,DQ-EVID-03,15,https://moh.gov.vn/index.jsp?pageId=5803&aid=168555&cid=8430,55 báo cáo khoa học của thầy thuốc trẻ Bệnh viện K,"Nhiều công trình tập trung vào các hướng nghiên cứu mới như ứng dụng trí tuệ nhân tạo (AI), chuyển đổi số trong quản lý bệnh viện, y học chính ...",DISCOVERED_UNSCREENED
MOH,moh.gov.vn,DQ-EVID-03,16,https://moh.gov.vn/index.jsp?pageId=5803&aid=168227&cid=7262,Tiềm năng rất lớn nhưng không thể thay thế bác sĩ,"Trí tuệ nhân tạo (AI) đang trở thành một trong những công nghệ có ... kết quả xét nghiệm. Trong thời gian tới, nhóm nghiên cứu dự kiến ...",DISCOVERED_UNSCREENED
MOH,moh.gov.vn,DQ-EVID-03,17,https://cds.moh.gov.vn/tin-tuc-tong-hop-chi-tieu-cds/-/asset_publisher/q59FuAXJObVO/content/tinh-than-va-trach-nhiem-trong-chuyen-oi-so?inheritRedirect=false,Tinh thần và trách nhiệm trong chuyển đổi số,"Hiện đại hóa ngành y tế bằng ứng dụng trí tuệ nhân tạo (AI) là định hướng ... Bệnh viện Chợ Rẫy ứng dụng định vị 3D, in 3D kết hợp AI. Bệnh viện Bạch ...",DISCOVERED_UNSCREENED
MOH,moh.gov.vn,DQ-EVID-03,18,https://cds.moh.gov.vn/tin-tuc-tong-hop-chi-tieu-cds/-/asset_publisher/q59FuAXJObVO/content/nhung-thach-thuc-trong-chuyen-oi-so-nganh-y-te?inheritRedirect=false,Những thách thức trong chuyển đổi số ngành y tế,"... kết quả cận lâm sàng, bảo hiểm y tế... Tội phạm mạng có thể lợi dụng để lừa ... AI trong khám chữa bệnh. Bên cạnh đó, khung quản lý chưa đầy đủ, chưa ...",DISCOVERED_UNSCREENED
MOH,moh.gov.vn,DQ-EVID-03,19,https://cds.moh.gov.vn/tin-tuc-tong-hop-chi-tieu-cds/-/asset_publisher/q59FuAXJObVO/content/tiep-tuc-oi-moi-ao-tao-tung-buoc-ung-dung-ai-trong-thuc-hanh-e-ay-nhanh-hoi-nhap-ieu-duong?inheritRedirect=false,"Tiếp tục đổi mới đào tạo, từng bước ứng dụng AI trong ...","Tiếp tục đổi mới đào tạo, từng bước ứng dụng AI trong thực hành để đẩy nhanh hội nhập điều dưỡng ... kết quả Trường Đại học Điều dưỡng Nam Định đã đạt được trong ...",DISCOVERED_UNSCREENED
MOH,moh.gov.vn,DQ-EVID-03,20,https://cds.moh.gov.vn/trang-chu/-/asset_publisher/9VNAsbzkEbQA/content/hoi-thao-ot-pha-phat-trien-khoa-hoc-cong-nghe-oi-moi-sang-tao-chuyen-oi-so-va-ao-tao-nhan-luc-trong-linh-vuc-y-te?inheritRedirect=false,"Hội thảo Đột phá phát triển khoa học công nghệ, đổi mới ...","Đối với lĩnh vực chính sách y tế, tập trung vào ứng dụng AI trong phòng ... trí tuệ nhân tạo trong y tế./. Theo https://moh.gov.vn/. Tin xem nhiều. Bộ Y ...",DISCOVERED_UNSCREENED
MOH,moh.gov.vn,DQ-EVID-03,21,https://adminmoh.moh.gov.vn/vi_VN/web/guest/hoat-dong-cua-lanh-dao-bo/-/asset_publisher/k206Q9qkZOqn/content/benh-vien-e-ung-dung-tri-tue-nhan-tao-nang-tam-cham-soc-suc-khoe-nhan-dan?inheritRedirect=false&redirect=https%3A%2F%2Fadminmoh.moh.gov.vn%3A443%2Fvi_VN%2Fweb%2Fguest%2Fhoat-dong-cua-lanh-dao-bo%3Fp_p_id%3D101_INSTANCE_k206Q9qkZOqn%26p_p_lifecycle%3D0%26p_p_state%3Dnormal%26p_p_mode%3Dview%26p_p_col_id%3Drow-0-column-2%26p_p_col_pos%3D1%26p_p_col_count%3D2,Bệnh viện E ứng dụng trí tuệ nhân tạo nâng tầm chăm sóc sức ...,"... bệnh bằng trí tuệ nhân tạo. Trong dòng chảy ... (AI) vào các hoạt động khám, chữa bệnh và quản lý ... Chuyển đổi số y tế. Liên kết. ---Trang liên kết ...",DISCOVERED_UNSCREENED
MOH,moh.gov.vn,DQ-EVID-03,22,https://cds.moh.gov.vn/trang-chu/-/asset_publisher/kq7fw8xVjbd8/content/cong-nghe-sinh-hoc-va-chuyen-oi-so-phuc-vu-phat-trien-nganh-y-te?inheritRedirect=true,Công nghệ sinh học và chuyển đổi số phục vụ phát triển ...,"... trí tuệ nhân tạo trong chăm sóc sức khỏe, ứng dụng kỹ thuật số trong kinh ... kết nối tiềm năng phát triển công nghệ và đổi mới sáng tạo lĩnh vực y tế ...",DISCOVERED_UNSCREENED
MOH,moh.gov.vn,DQ-EVID-03,23,https://cds.moh.gov.vn/tin-tuc-tong-hop-chi-tieu-cds/-/asset_publisher/q59FuAXJObVO/content/chuyen-oi-so-y-te-hien-thuc-hoa-benh-vien-thong-minh?inheritRedirect=false,Chuyển đổi số y tế- hiện thực hóa bệnh viện thông minh,"“Mô hình có thể áp dụng tại tất cả các trạm y tế tuyến xã, đầu tư thiết bị y tế, ứng dụng AI trong chẩn đoán, điều trị nên người dân rất tin tưởng, hài lòng khi ...",DISCOVERED_UNSCREENED
MOH,moh.gov.vn,DQ-EVID-03,24,https://moh.gov.vn/index.jsp?pageId=5803&aid=152353&cid=7262,Ứng dụng trí tuệ nhân tạo (AI) giúp chẩn đoán nhanh và ...,"Sở y tế các tỉnh, thành phố trực thuộc TW · Y tế các ngành. Ứng dụng trí tuệ nhân tạo (AI) giúp chẩn đoán nhanh và chính xác hơn các bệnh lý tim mạch, đột quỵ.",DISCOVERED_UNSCREENED
MOH,moh.gov.vn,DQ-EVID-03,25,https://moh.gov.vn/index.jsp?pageId=5803&aid=152351&cid=8358,Bộ Y tế công bố bổ nhiệm Phó Giám đốc Bệnh viện Mắt ...,"... trí tuệ nhân tạo trong chẩn đoán bệnh lý, và theo dõi tiến triển bệnh mắt ... Cần chủ động gắn kết với các trường đại học y khoa trong nước và quốc tế ...",DISCOVERED_UNSCREENED
MOH,moh.gov.vn,DQ-EVID-03,26,https://cds.moh.gov.vn/trang-chu/-/asset_publisher/kq7fw8xVjbd8/content/tiep-tuc-nang-cao-hieu-qua-ket-cong-tac-cham-soc-suc-khoe-ba-me-tre-em?inheritRedirect=true,Tiếp tục nâng cao hiệu quả kết công tác chăm sóc sức ...,"... AI định hình thế hệ lao động mới. Tue, 30/06 ... kết công tác chăm sóc sức khỏe bà mẹ - trẻ em. Liên kết website. Cổng ...",DISCOVERED_UNSCREENED
MOH,moh.gov.vn,DQ-EVID-03,27,https://moh.gov.vn/index.jsp?pageId=5803&aid=156350&cid=8430,Cổng bảo lãnh thanh toán viện phí giúp người bệnh yên ...,"Sau khi bệnh nhân kết thúc đợt khám, cơ sở y tế chỉ cần gửi một lần dữ liệu ... AI, y học chính xác trong điều trị ung thư · Việt Nam có hệ thống bệnh ...",DISCOVERED_UNSCREENED
MOH,moh.gov.vn,DQ-EVID-03,28,https://moh.gov.vn/index.jsp?pageId=5803&aid=154104&cid=8430,100% bệnh viện công lập Hà Nội triển khai bệnh án điện tử,"... kết quả xét nghiệm, thuốc… thông qua ứng dụng phần mềm. Trong bối cảnh xã ... Đồng thời, các công nghệ mới như trí tuệ nhân tạo (AI), phân tích dữ liệu ...",DISCOVERED_UNSCREENED
MOH,moh.gov.vn,DQ-EVID-03,29,https://cds.moh.gov.vn/trang-chu/-/asset_publisher/9VNAsbzkEbQA/content/-ak-lak-ua-ai-vao-hanh-chinh-cong-nang-chat-phuc-vu-nguoi-dan-doanh-nghiep?inheritRedirect=false,"Đắk Lắk đưa AI vào hành chính công, nâng chất phục vụ ...","... kết quả. Mô hình này cho thấy chuyển đổi số đang dần đi vào thực chất, lấy ... trí tuệ nhân tạo trong thương mại điện tử cho doanh nghiệp, hợp tác xã ...",DISCOVERED_UNSCREENED
MOH,moh.gov.vn,DQ-EVID-03,30,https://cds.moh.gov.vn/trang-chu/-/asset_publisher/Z6WIslRncq2B/content/xay-dung-nen-y-te-thong-minh-hien-ai/pop_up?_101_INSTANCE_Z6WIslRncq2B_viewMode=print&_101_INSTANCE_Z6WIslRncq2B_languageId=vi_VN,"Xây dựng nền y tế thông minh, hiện đại - Xuất bản thông tin","Nhờ vậy, dữ liệu từ các bệnh viện, trung tâm y tế ... Công tác cải cách thủ tục hành chính trong y tế đạt nhiều kết quả tích cực. ... trí tuệ nhân tạo (AI) trong ...",DISCOVERED_UNSCREENED
MOH,moh.gov.vn,DQ-EVID-03,31,https://cds.moh.gov.vn/trang-chu/-/asset_publisher/9VNAsbzkEbQA/content/tang-cuong-su-dung-an-toan-cac-cong-cu-ai-va-tro-ly-ao-trong-hoat-ong-cong-vu?inheritRedirect=false,Tăng cường sử dụng an toàn các công cụ AI và Trợ lý ảo ...,"... trí tuệ nhân tạo (AI) và dịch vụ Trợ lý ... Kết quả do AI cung cấp phải được kiểm tra, đánh giá kỹ lưỡng trước khi sử ...",DISCOVERED_UNSCREENED
MOH,moh.gov.vn,DQ-EVID-03,32,https://ydct.moh.gov.vn/detail/bo-truong-dao-hong-lan-cham-soc-suc-khoe-nguoi-dan-tu-som-tu-xa-va-ngay-tai-co-so,Bộ trưởng Đào Hồng Lan: Chăm sóc sức khỏe người dân từ ...,"... kết quả triển khai Nghị quyết 72. Vì vậy, việc Nghệ An tổ chức ra ... trí tuệ nhân tạo (AI), hỗ trợ y tế cơ sở, đào tạo chuyển đổi số y ...",DISCOVERED_UNSCREENED
MOH,moh.gov.vn,DQ-EVID-03,33,https://cds.moh.gov.vn/tin-tuc-tong-hop-chi-tieu-cds/-/asset_publisher/lXCq3URPlUBn/content/-chinhphu-vn-e-an-nang-cao-nhan-thuc-pho-cap-ky-nang-va-phat-trien-nguon-nhan-luc-chuyen-oi-so-quoc-gia-en-nam-2025-inh-huong-en-nam-2030-uoc-thu-tuon?inheritRedirect=false,"Đề án: ""Nâng cao nhận thức, phổ cập kỹ năng và phát triển ...","... AI ... Sau hơn 1 năm triển khai Đề án, việc phát triển nguồn nhân lực chuyển đổi số đã được đẩy mạnh ở nhiều bộ, ngành địa phương và mang lại kết quả tích cực.",DISCOVERED_UNSCREENED
MOH,moh.gov.vn,DQ-EVID-03,34,https://cds.moh.gov.vn/tin-tuc-tong-hop-chi-tieu-cds/-/asset_publisher/lXCq3URPlUBn/content/-ay-manh-chuyen-oi-so-va-trien-khai-e-an-06-tai-cac-co-quan-on-vi-trong-nganh-y-te?inheritRedirect=false,Đẩy mạnh chuyển đổi số và triển khai Đề án 06 tại các cơ ...,"... kết nối. Fri, 10/07/2026 04:46. Y tế Lâm Đồng: Quả ngọt từ chuyển đổi số toàn diện theo Nghị quyết số 57. Fri, 10/07/2026 04:43. AI ... viện bước đầu nghiên cứu ...",DISCOVERED_UNSCREENED
MOH,moh.gov.vn,DQ-EVID-03,35,https://vimda.moh.gov.vn/documents/10182/35097791/3.%20Ung%20dung%20AI%20trong%20nghien%20cuu%20chan%20doan%20mo%20benh%20hoc_Optimized_1664259955224.pdf?version=1.0&fileId=35123669,Ứng dụng thuật toán AI trong nghiên cứu và chẩn đoán mô ...,... trí tuệ nhân tạo vào chẩn đoán. 4. Page 5. Sự phát triển GPB KTS. 5. Page 6 ... AI tăng cường chẩn đoán chính xác đem lại kết quả điều trị tốt. 9. Nỗ lực ...,DISCOVERED_UNSCREENED
MOH,moh.gov.vn,DQ-EVID-03,36,https://moh.gov.vn/index.jsp?pageId=5803&aid=166865&cid=7241,AI vào cuộc: Tăng cơ hội phát hiện sớm ung thư phổi,"Giải pháp trí tuệ nhân tạo (AI) hỗ trợ chẩn đoán ung thư phổi ""Make in Bạch ... Dịp này, Bệnh viện Bạch Mai đã ký kết nhiều thỏa thuận hợp tác với các ...",DISCOVERED_UNSCREENED
MOH,moh.gov.vn,DQ-EVID-03,37,https://vimda.moh.gov.vn/documents/10182/61053475/AITRICS-VC%20leaflet_VN_1732084348277.pdf?version=1.0&fileId=61068889,Tiếp sức ngành y tế bằng AI,"Công nghệ XAI (Explainable. AI, trí tuệ nhân tạo có thể giải thích) của ... • Bệnh nhân có các dấu hiệu sinh tồn và kết quả xét nghiệm nằm ngoài phạm vi bình ...",DISCOVERED_UNSCREENED
MOH,moh.gov.vn,DQ-EVID-03,38,https://cds.moh.gov.vn/tin-tuc-tong-hop-chi-tieu-cds/-/asset_publisher/lXCq3URPlUBn/content/y-te-thong-minh?inheritRedirect=false,Bộ Y tế Phê duyệt chương trình chuyển đổi số y tế đến ...,"... AI định hình thế hệ lao động mới. Tue, 30/06/2026 01:38. Đẩy mạnh chuyển đổi ... Kết quả bước đầu của chuyển đổi số. Năm 2014, Bộ Y tế là đơn vị đầu tiên ...",DISCOVERED_UNSCREENED
MOH,moh.gov.vn,DQ-EVID-03,39,https://vnpa.moh.gov.vn/ban-hanh-thong-tu-quy-dinh-lap-va-quan-ly-chi-phi-trong-hoat-dong-dau-tu-mua-sam-thue-dich-vu-cho-chuyen-doi-so-su-dung-ngan-sach-nha-nuoc/,Ban hành thông tư quy định lập và quản lý chi phí trong hoạt ...,"Khai giảng dự án ""Cơ hội AI dành cho nhân viên y tế"": · Khai giảng dự ... Hội thảo chia sẻ kinh nghiệm về trí tuệ nhân tạo và một số khuyến nghị ...",DISCOVERED_UNSCREENED
MOH,moh.gov.vn,DQ-EVID-03,40,https://ydct.moh.gov.vn/detail/thu-tuong-giu-tron-y-duc-vung-vang-y-thuat-nang-tam-y-ly-vuot-qua-nghich-canh-tat-ca-vi-dan,Thủ tướng: 'Giữ trọn y đức - Vững vàng y thuật – Nâng tầm y lý,"Tuy nhiên, hoạt động của ngành y tế nước nhà vẫn đạt được nhiều kết quả quan trọng. ... trí tuệ nhân tạo trong chẩn đoán, dự báo dịch bệnh.",DISCOVERED_UNSCREENED
MOH,moh.gov.vn,DQ-EVID-03,41,https://cds.moh.gov.vn/trang-chu/-/asset_publisher/DezMH46HzY7X/content/ung-dung-ban-o-so-trong-phong-chong-dich-benh-buoc-ot-pha-chuyen-oi-so-tu-y-te-co-so?inheritRedirect=false,"Ứng dụng bản đồ số trong phòng, chống dịch bệnh, bước ...","Tin nổi bật. AI định hình ... Với những kết quả đạt được, sáng kiến kỹ thuật ""Ứng dụng Google Maps ...",DISCOVERED_UNSCREENED
MOH,moh.gov.vn,DQ-EVID-03,42,https://moh.gov.vn/index.jsp?pageId=5803&aid=155630&cid=8431,Đột phá nâng cao sức khỏe và chất lượng dân số,"... kết quả tốt, giảm đáng kể tỷ lệ tử vong và biến chứng cho trẻ. Hiện tại ... Việc ứng dụng trí tuệ nhân tạo (AI) tại Bệnh viện Phụ sản Hà Nội không chỉ ...",DISCOVERED_UNSCREENED
MOH,moh.gov.vn,DQ-EVID-03,43,https://adminmoh.moh.gov.vn/vi_VN/web/guest/hoat-dong-cua-lanh-dao-bo/-/asset_publisher/TW6LTp1ZtwaN/content/tang-cuong-nang-luc-kiem-soat-benh-khong-lay-nhiem-sau-ai-dich,Tăng cường năng lực kiểm soát bệnh không lây nhiễm sau ...,Bình thường. Bình chọn. Kết quả. Ghi lại. Trang chủ Liên hệ. Cổng thông ... AI xin chào. logobutton. Hỗ trợ trực tuyến. full close.,DISCOVERED_UNSCREENED
MOH,moh.gov.vn,DQ-EVID-03,44,https://adminmoh.moh.gov.vn/web/guest/hoat-dong-cua-lanh-dao-bo/-/asset_publisher/k206Q9qkZOqn/content/hop-tac-ung-dung-chuyen-oi-so-cong-nghe-ai-trong-tu-van-va-cham-soc-suc-khoe-cong-ong,"Hợp tác ứng dụng chuyển đổi số, công nghệ AI trong tư vấn và ...","Xuất bản thông tin Xuất bản thông tin. Hợp tác ứng dụng chuyển đổi số, công nghệ AI ... Chuyển đổi số y tế. Liên kết. ---Trang liên kết ... Bình thường. Bình chọn",DISCOVERED_UNSCREENED
MOH,moh.gov.vn,DQ-EVID-03,45,https://moh.gov.vn/index.jsp?pageId=5803&aid=167259&cid=8430,Cổng thông tin,"Bên cạnh đó, ngành y tế cũng đang ứng dụng trí tuệ nhân tạo (AI) trong giải trình tự gen thế hệ mới để điều trị ung thư và tầm soát trước sinh.",DISCOVERED_UNSCREENED
MOH,moh.gov.vn,DQ-EVID-03,46,https://moh.gov.vn/index.jsp?pageId=5803&aid=154779&cid=8390,Cổng thông tin,"Tăng cường ứng dụng trí tuệ nhân tạo, dữ liệu lớn, đầu tư phát triển các ... Kết quả xét giải thưởng Hồ Chí Minh, giải thưởng nhà nước – Đợt 7 của Hội ...",DISCOVERED_UNSCREENED
MOH,moh.gov.vn,DQ-EVID-03,47,https://moh.gov.vn/index.jsp?pageId=5803&aid=155288&cid=8355,"Ngành Y tế Tỉnh Hà Tĩnh đổi mới toàn diện, nâng cao năng ...","... trí tuệ nhân tạo, công nghệ thông tin trong quản lý điều hành và hoạt ... Phát triển y học cổ truyền kết hợp với y học hiện đại. Bổ sung và thực hiện ...",DISCOVERED_UNSCREENED
MOH-ASTT,asttmoh.vn,DQ-EVID-02,1,http://asttmoh.vn/wp-content/uploads/2015/06/a2.-TAI-LIEU-ATNB.pdf,tài liệu đào tạo liên tục an toàn người bệnh,"- Xây dựng chính sách cho: (1) khung thời gian mong muốn cho việc báo cáo; (2) ai có thể nhận các thông số quan trọng, và (3) một cơ chế báo cáo thay thế. IV.",DISCOVERED_UNSCREENED
MOH-ASTT,asttmoh.vn,DQ-EVID-02,2,http://asttmoh.vn/wp-content/uploads/2015/06/a1.-CHUONG-TRINH-ATNB.pdf,chương trình đào tạo liên tục an toàn người bệnh,... sự cố y khoa. Mặc dù những sai sót và sự cố này không ai muốn và không ai chấp nhận những nó vẫn xảy ra hàng ngày. An toàn người bệnh liên quan tới tất cả ...,DISCOVERED_UNSCREENED
MOH-ASTT,asttmoh.vn,DQ-EVID-02,3,http://asttmoh.vn/wp-content/uploads/2015/06/b2.-TAI-LIEU-QLCL.pdf,tài liệu đào tạo liên tục quản lý chất lượng bệnh viện,"An toàn, Người bệnh làm trung tâm, Chăm sóc lâm sàng hiệu quả,. Hiệu suất, Hướng về nhân viên, Điều hành hiệu quả. - Tính an toàn và khả năng tiếp cận. Không ai ...",DISCOVERED_UNSCREENED
MOH-ASTT,asttmoh.vn,DQ-EVID-02,4,http://asttmoh.vn/wp-content/uploads/2015/06/d2.-TAI-LIEU-QUAN-LY-DIEU-DUONG.pdf,BỘ Y TẾ CỤC QUẢN LÝ KHÁM CHỮA BỆNH,"người bệnh và gia đình người bệnh v,v... Không ai chấp nhận dịch vụ y tế được cung cấp trong môi trường y tế không an toàn và nhiều rủi ro. Vì vậy, tậptrung.",DISCOVERED_UNSCREENED
MOH-ASTT,asttmoh.vn,DQ-EVID-02,5,http://asttmoh.vn/wp-content/uploads/2015/06/h2.-TAI-LIEU-QUAN-LY-DAO-TAO-BENH-VIEN-LIEN-TUC.pdf,BỘ Y TẾ CỤC QUẢN LÝ KHÁM CHỮA BỆNH TÀI LIỆU ...,"- Giảng viên: yêu cầu ghi rõ tên giảng viên, trợ giảng. - Cán bộ tổ chức/phụ trách lớp học. - Yêu cầu chứng chỉ: số lượng, do ai cấp: Bộ Y tế, bệnh viện, Sở Y.",DISCOVERED_UNSCREENED
MOH-ASTT,asttmoh.vn,DQ-EVID-02,6,http://asttmoh.vn/wp-content/uploads/2020/04/2.2-T%C3%A0i-li%E1%BB%87u-Y-s%E1%BB%B9-1.pdf,tài liệu đào tạo liên tục chăm sóc sức khỏe ban đầu theo ...,Số liệu từ Niên giám thống kê của Bộ y tế cho thấy sự thay đổi rõ rệt ... ai cũng gặp thuận lợi khi trải qua những giai đoạn của vòng đời. Một số khó ...,DISCOVERED_UNSCREENED
MOH-ASTT,asttmoh.vn,DQ-EVID-02,7,http://asttmoh.vn/wp-content/uploads/2019/08/Q2_Ch%C6%B0%C6%A1ng-tr%C3%ACnh-v%C3%A0-t%C3%A0i-li%E1%BB%87u-%C4%91%C3%A0o-t%E1%BA%A1o-NHD.pdf,chương trình và tài liệu,"tượng học là ai, họ đã biết gì, làm được gì về nội dụng của bài sắp giảng. Sau khi học xong, họ cần phải biết được gì và làm được gì, đồng thời biết yêu cầu ...",DISCOVERED_UNSCREENED
MOH-ASTT,asttmoh.vn,DQ-EVID-02,8,http://asttmoh.vn/wp-content/uploads/2020/04/4.2-T%C3%A0i-li%E1%BB%87u-H%E1%BB%99-sinh-1.pdf,tài liệu đào tạo liên tục chăm sóc sức khỏe ban đầu ...,Ai được quyền bổ nhiệm trưởng trạm y tế? A. Giám đốc bệnh viện tỉnh. B. Giám đốc trung tâm y tế huyện. C. Sở y tế tỉnh. D. Ủy ban nhân dân huyện. 2. Theo QĐ số ...,DISCOVERED_UNSCREENED
MOH-ASTT,asttmoh.vn,DQ-EVID-02,9,http://asttmoh.vn/wp-content/uploads/2020/04/1.2-T%C3%A0i-li%E1%BB%87u-B%C3%A1c-s%C4%A9-1.pdf,tài liệu đào tạo liên tục chăm sóc sức khỏe ban đầu ...,Page 1. DỰ ÁN GIÁO DỤC VÀ ĐÀO TẠO NHÂN LỰC Y TẾ. PHỤC VỤ CẢI CÁCH ... ai là người trực tiếp chăm sóc trẻ để thu thập thông tin một cách ...,DISCOVERED_UNSCREENED
MOH-ASTT,asttmoh.vn,DQ-EVID-02,10,http://asttmoh.vn/wp-content/uploads/2015/05/Tai-lieu-dao-tao-HIV.AIDS-Trung-cap-Y.pdf,TÀI LIỆU ĐÀO TẠO HIV/AIDS,- Bạn nhận thấy mình có nguy cơ lây nhiễm HIV hoặc một bệnh nào đó lây truyền qua đường tình dục không? - Đã có ai đó nói rằng bạn có bệnh lây ...,DISCOVERED_UNSCREENED
MOH-ASTT,asttmoh.vn,DQ-EVID-02,11,http://asttmoh.vn/wp-content/uploads/2014/09/codothonban.pdf,TÀI LIỆU ĐÀO TẠO CÔ ĐỠ THÔN BẢN,"- Bệnh ghẻ là một bệnh ngoài da phổ biến, bệnh lây từ người này sang người khác, làm ngứa ngáy khó chịu trên da và có thể dẫn đến nhiễm trùng da. - Bất kỳ ai ...",DISCOVERED_UNSCREENED
MOH-ASTT,asttmoh.vn,DQ-EVID-02,12,http://asttmoh.vn/wp-content/uploads/2014/09/Tu-van-long-ghep_Tai-lieu-giang-vien.pdf,Tư vấn lồng ghép về sức khoẻ tình dục và sức khỏe sinh sản,"liên quan đến một người là ai trên thế giới này, sự tự cảm nhận về sự hấp dẫn của bản thân và bị hấp dẫn bởi người khác về mặt tình dục hoặc ngoài tình dục ...",DISCOVERED_UNSCREENED
MOH-ASTT,asttmoh.vn,DQ-EVID-02,13,http://asttmoh.vn/wp-content/uploads/2026/01/Phu-luc-IV_Ca%CC%81c-bi-u-m-u-_Ban-trinh-2.signed.pdf,Phụ lục IV BIỂU MẪU VĂN BẢN (Kèm theo Thông tư số,"12.13 Quy định về việc mở mã: Thông tin về việc thiết lập mã số thử nghiệm, nơi bảo quản danh sách và ai, khi nào, như thế nào được mở mã trong ...",DISCOVERED_UNSCREENED
MOH-ASTT,asttmoh.vn,DQ-EVID-02,14,http://asttmoh.vn/wp-content/uploads/2016/08/T%C3%A0i-li%E1%BB%87u-D%E1%BA%A1y-h%E1%BB%8Dc-d%E1%BB%B1a-tr%C3%AAn-n%C4%83ng-l%E1%BB%B1c-d%C3%A0nh-cho-gi%E1%BA%A3ng-vi%C3%AAn-%C4%91%C3%A0o-t%E1%BA%A1o-H%E1%BB%99-sinh.pdf,Tài-liệu-Dạy-học-dựa-trên-năng-lực-dành-cho-giảng-viên- ...,"viên này thích xem phim, ưa đọc thêm và quan sát ai đó trình diễn một kỹ năng nào đó. - Những người học thông qua phương tiện thính giác lại ...",DISCOVERED_UNSCREENED
MOH-ASTT,asttmoh.vn,DQ-EVID-02,15,http://asttmoh.vn/wp-content/uploads/2014/09/Tu-van-long-ghep_Tai-lieu-hoc-vien.pdf,Tư vấn lồng ghép về sức khoẻ tình dục và sức khỏe sinh sản,"• Một ai đó cố tình làm tổn hại đến danh tiếng của kế hoạch hoá gia đình, chăm sóc sức khoẻ sinh sản, hoặc những người cung cấp dịch vụ y tế. Một số lời ...",DISCOVERED_UNSCREENED
MOH-ASTT,asttmoh.vn,DQ-EVID-02,16,http://asttmoh.vn/wp-content/uploads/2014/09/Nhan-hoc-y-hoc-va-cac-tinh-huong-LS.pdf,Bài giảng Nhân học y học và các tình huống lâm sàng,"Côn trùng hoặc các con vật mang mầm bệnh cũng có thể truyền bệnh sang người. Chẳng hạn: muỗi có thể truyền bệnh sốt rét, hoặc nếu ai ăn những con vật bị.",DISCOVERED_UNSCREENED
MOH-ASTT,asttmoh.vn,DQ-EVID-02,17,http://asttmoh.vn/pgs-tran-xuan-bach-lam-khoa-hoc-nhu-leo-len-dinh-nui-suong-mu/,PGS. Trần Xuân Bách – Làm khoa học như leo lên đỉnh núi ...,"Những đêm lạnh xứ người: Gặp phó giáo sư Trần Xuân Bách ngoài đời, ít ai nghĩ anh lại là một nhà khoa học xuất sắc được công nhận trên thế giới ...",DISCOVERED_UNSCREENED
MOH-ASTT,asttmoh.vn,DQ-EVID-03,1,https://asttmoh.vn/bo-y-te-trien-khai-manh-me-tri-tue-nhan-tao-cong-nghe-so-vao-ho-tro-chan-doan-dieu-tri-phong-benh/,"Bộ Y tế: Triển khai mạnh mẽ trí tuệ nhân tạo, công nghệ số ...","Kết quả thực hiện là một tiêu chí đánh giá mức độ hoàn thành nhiệm ... Phát triển, triển khai mạnh mẽ trí tuệ nhân tạo (AI) và các công ...",DISCOVERED_UNSCREENED
MOH-ASTT,asttmoh.vn,DQ-EVID-03,2,https://asttmoh.vn/khai-giang-chinh-thuc-du-an-co-hoi-ai-danh-cho-nhan-vien-y-te-va-lop-tap-huan-ung-dung-tri-tue-nhan-tao-danh-cho-nhan-vien-y-te-tai-ha-noi/,KHAI GIẢNG CHÍNH THỨC DỰ ÁN “CƠ HỘI AI DÀNH ...,KHAI GIẢNG CHÍNH THỨC DỰ ÁN “CƠ HỘI AI DÀNH CHO NHÂN VIÊN Y TẾ” VÀ LỚP TẬP HUẤN “ỨNG DỤNG TRÍ TUỆ NHÂN TẠO DÀNH CHO NHÂN VIÊN Y TẾ TẠI HÀ NỘI”.,DISCOVERED_UNSCREENED
MOH-ASTT,asttmoh.vn,DQ-EVID-03,3,https://asttmoh.vn/cong-bo-danh-muc-cac-bai-toan-lon-ve-khoa-hoc-cong-nghe-doi-moi-sang-tao-va-chuyen-doi-so-y-te/,"Công bố danh mục các bài toán lớn về khoa học, ...","Nền tảng đăng ký khám, chữa bệnh và trả kết quả trực tuyến. 11. Ứng dụng AI trong lĩnh vực y tế. 12. Hệ thống y tế từ xa.",DISCOVERED_UNSCREENED
MOH-ASTT,asttmoh.vn,DQ-EVID-03,4,http://asttmoh.vn/wp-content/uploads/2015/06/h2.-TAI-LIEU-QUAN-LY-DAO-TAO-BENH-VIEN-LIEN-TUC.pdf,BỘ Y TẾ CỤC QUẢN LÝ KHÁM CHỮA BỆNH TÀI LIỆU ...,"- Yêu cầu chứng chỉ: số lượng, do ai cấp: Bộ Y tế, bệnh viện, Sở Y tế,… ... Hết năm các bệnh viện phải báo cáo Bộ Y tế kết quả mởi lớp, nêu rõ ưu ...",DISCOVERED_UNSCREENED
MOH-ASTT,asttmoh.vn,DQ-EVID-03,5,https://asttmoh.vn/doi-moi-sang-tao-phat-trien-san-pham-cong-nghe-chien-luoc-va-chuyen-doi-so-thuc-day-nganh-y-te-but-pha/,"Đổi mới sáng tạo, phát triển sản phẩm công nghệ chiến ...","Nhằm gắn kết chặt chẽ giữa nghiên cứu và ứng dụng, Trường Đại học Y Hà Nội đã trình bày Dự thảo Đề án thành lập Trung tâm Đổi mới Sáng tạo và ...",DISCOVERED_UNSCREENED
MOH-ASTT,asttmoh.vn,DQ-EVID-03,6,https://asttmoh.vn/bo-truong-dao-hong-lan-khang-dinh-vi-the-cua-khoa-hoc-cong-nghe-va-giao-duc-y-hoc-viet-nam-tren-the-gioi/,Bộ trưởng Đào Hồng Lan: Khẳng định vị thế của khoa học ...,"Tư lệnh ngành y tế cho biết, nhiều thành tựu, kết quả nổi bật được ghi nhận như ứng dụng mạnh mẽ công nghệ 3D, trí tuệ nhân tạo, tế bào gốc, ...",DISCOVERED_UNSCREENED
MOH-ASTT,asttmoh.vn,DQ-EVID-03,7,https://asttmoh.vn/tiep-tuc-doi-moi-day-manh-ung-dung-cong-nghe-trong-dao-tao-nhan-luc-y-duoc-hoc-co-truyen-chat-luong-cao/,"Tiếp tục đổi mới, đẩy mạnh ứng dụng công nghệ trong đào ...",Học viện Y – Dược học cổ truyền Việt Nam đã tiên phong sử dụng AI không chỉ là công cụ hỗ trợ tìm kiếm tài liệu mà còn là phương tiện nghiên cứu ...,DISCOVERED_UNSCREENED
MOH-ASTT,asttmoh.vn,DQ-EVID-03,8,https://asttmoh.vn/thu-truong-nguyen-tri-thuc-lam-viec-voi-nganh-y-te-tinh-ca-mau/,Thứ trưởng Nguyễn Tri Thức làm việc với ngành y tế tỉnh ...,"... kết quả nổi bật của ngành y tế địa phương trong năm 2025. Chuyển đổi ... trí tuệ nhân tạo và tư vấn khám, chữa bệnh từ xa. Lãnh đạo Sở ...",DISCOVERED_UNSCREENED
MOH-ASTT,asttmoh.vn,DQ-EVID-03,9,http://asttmoh.vn/wp-content/uploads/2015/06/a2.-TAI-LIEU-ATNB.pdf,tài liệu đào tạo liên tục an toàn người bệnh,hành nghiên cứu sự cố y khoa và đã công bố kết quả như sau: Page 11. 11. Bảng ... - Cơ sở y tế cần phải nắm chắc bệnh nhân là ai. 2.3.2. Các nội dung cần ...,DISCOVERED_UNSCREENED
MOH-ASTT,asttmoh.vn,DQ-EVID-03,10,http://asttmoh.vn/wp-content/uploads/2026/05/A.-PH-L-C-t-h%C3%A0ng-B-Y-t-_L%C3%A2m-s%C3%A0ng_chung_05.5.signed.pdf,PHỤ LỤC: DANH MỤC NHIỆM VỤ ...,"trí tuệ nhân tạo (AI), tập trung vào ba ... Quy trình khám bệnh, chữa bệnh có tích hợp AI-CDSS. 6. Báo cáo đánh giá kết quả ứng dụng AI-.",DISCOVERED_UNSCREENED
MOH-ASTT,asttmoh.vn,DQ-EVID-03,11,http://asttmoh.vn/doi-moi-phong-cach-can-bo-y-te-huong-toi-su-hai-long-cua-nguoi-dan/,Đổi mới phong cách cán bộ y tế hướng tới sự hài lòng của ...,"... kết quả thực hiện tại các cơ sở khám chữa bệnh như thế nào? TS. Phạm ... ai vì họ quan niệm cho máu mà họ mất thì mình mất theo, đến ...",DISCOVERED_UNSCREENED
MOH-ASTT,asttmoh.vn,DQ-EVID-03,12,https://asttmoh.vn/khat-dieu-duong-ho-ly-1-dem-truc-2-dieu-duong-cham-soc-70-benh-nhan/,1 đêm trực 2 điều dưỡng chăm sóc 70 bệnh nhân,"Khát điều dưỡng, hộ lý: 1 đêm trực 2 điều dưỡng chăm sóc 70. Phải đủ điều dưỡng nhưng ai trả tiền? Theo ông Tác, để số lượng điều dưỡng trong ...",DISCOVERED_UNSCREENED
MOH-ASTT,asttmoh.vn,DQ-EVID-03,13,http://asttmoh.vn/wp-content/uploads/2015/06/f2.-TAI-LIEU-CHAM-SOC-NGUOI-BENH-TOAN-DIEN.pdf,BỘ Y TẾ CỤC QUẢN LÝ KHÁM CHỮA BỆNH CHĂM SÓC ...,"thông tin, giải thích, tư vấn đầy đủ về tình trạng bệnh, kết quả, rủi ro có thể ... đoàn Y tế Việt Nam nghiên cứu đánh giá tác động của việc triển khai thực.",DISCOVERED_UNSCREENED
MOH-ASTT,asttmoh.vn,DQ-EVID-03,14,http://asttmoh.vn/wp-content/uploads/2015/06/c2.-TAI-LIEU-CAP-CUU.pdf,BỘ Y TẾ CỤC QUẢN LÝ KHÁM CHỮA BỆNH,"Sau khi lấy được dị vật hô hấp lại cho bệnh nhân, nếu có kết quả đánh giá hô ... - Thông báo cho bác sỹ chính: bệnh nhân sẽ chuyển đi, ai sẽ chuyển.",DISCOVERED_UNSCREENED
MOH-ASTT,asttmoh.vn,DQ-EVID-03,15,https://asttmoh.vn/6042-2/,Bác sĩ trẻ tình nguyện Dự án 585 hỗ trợ nâng cao chất ...,"Kết quả nữa là Chất lượng, do đây là chương trình đào tạo đặc biệt ... ai vì họ quan niệm cho máu mà họ mất thì mình mất theo, đến nay ...",DISCOVERED_UNSCREENED
MOH-ASTT,asttmoh.vn,DQ-EVID-03,16,http://asttmoh.vn/wp-content/uploads/2015/06/d2.-TAI-LIEU-QUAN-LY-DIEU-DUONG.pdf,BỘ Y TẾ CỤC QUẢN LÝ KHÁM CHỮA BỆNH,"d=Bằng chứng từ nghiên cứu bệnh chứng;. Câu 7: a= Người bệnh (Patient): là ai?, bị bệnh gì?; d= Kết quả đầu ra. (Outcome): chỉ số lâm sàng, thời gian nằm viện…;.",DISCOVERED_UNSCREENED
MOH-ASTT,asttmoh.vn,DQ-EVID-03,17,http://asttmoh.vn/wp-content/uploads/2015/06/b2.-TAI-LIEU-QLCL.pdf,tài liệu đào tạo liên tục quản lý chất lượng bệnh viện,họ là bảo đảm hoàn thành nhiệm vụ cũng như kết quả làm việc đạt mức hoàn hảo mà không cần ai phải bảo họ nên hay không nên làm điều gì. Chỉ khi nhân viên hành ...,DISCOVERED_UNSCREENED
MOH-ASTT,asttmoh.vn,DQ-EVID-03,18,http://asttmoh.vn/be-mac-hoi-nghi-khoa-hoc-va-cong-nghe-tuoi-tre-nganh-y-te-lan-thu-xxi/,Bế mạc Hội nghị Khoa học và công nghệ tuổi trẻ ngành Y ...,"Kết quả đánh giá GCP · Tài liệu · Liên hệ · Home · Khoa học - Công nghệ ... AI để giải quyết các vấn đề về sức khỏe. Đặc biệt, có những đề tài ...",DISCOVERED_UNSCREENED
MOH-ASTT,asttmoh.vn,DQ-EVID-03,19,https://asttmoh.vn/category/khoa-hoc-cong-nghe-2/page/2/,Khoa học – Công nghệ,KHAI GIẢNG CHÍNH THỨC DỰ ÁN “CƠ HỘI AI DÀNH CHO NHÂN VIÊN Y TẾ” VÀ LỚP TẬP HUẤN “ỨNG DỤNG TRÍ TUỆ NHÂN TẠO DÀNH CHO NHÂN VIÊN Y TẾ TẠI HÀ NỘI”. Hà Nội – 18 ...,DISCOVERED_UNSCREENED
MOH-ASTT,asttmoh.vn,DQ-EVID-03,20,https://asttmoh.vn/quyet-tam-tao-do%CC%82t-pha-phat-trien-khoa-hoc-co%CC%82ng-nghe%CC%82-doi-moi-sang-tao-va-chuyen-doi-so-y-te/,"Quyết tâm tạo đột phá phát triển khoa học, công nghệ, đổi ...","Nghị quyết 57-NQ/TW đã đi vào những vấn đề thời đại như dữ liệu lớn, trí tuệ nhân tạo, internet vạn vật, cơ chế thực hiện các công nghệ mới có ...",DISCOVERED_UNSCREENED
MOH-ASTT,asttmoh.vn,DQ-EVID-03,21,https://asttmoh.vn/category/tin-tuc/khoa-hoc-cong-nghe/page/2/,Khoa học công nghệ,"Thông báo kết quả tuyển chọn nhiệm vụ KHCN bắt đầu thực hiện từ năm ... Bộ Y tế: Triển khai mạnh mẽ trí tuệ nhân tạo, công nghệ số vào ...",DISCOVERED_UNSCREENED
MOH-ASTT,asttmoh.vn,DQ-EVID-03,22,http://asttmoh.vn/wp-content/uploads/2020/04/2.2-T%C3%A0i-li%E1%BB%87u-Y-s%E1%BB%B9-1.pdf,tài liệu đào tạo liên tục chăm sóc sức khỏe ban đầu theo ...,"... kết luận tại cuộc họp về thực hiện đề án giảm tải bệnh viện, việc phát triển ... ai cũng gặp thuận lợi khi trải qua những giai đoạn của vòng đời. Một ...",DISCOVERED_UNSCREENED
MOH-ASTT,asttmoh.vn,DQ-EVID-03,23,http://asttmoh.vn/search/%3C/p/page/67/%3C/p/page/33/,Search Results,"Xem xét kết quả giữa kỳ thử nghiệm lâm sàng giai đoạn 3 vắc xin Nanocovax ... viên y tế và bất kỳ ai quan tâm. 17 giờ chiều mai ... Ngày 31/08/2021, Bệnh viện dã ...",DISCOVERED_UNSCREENED
MOH-ASTT,asttmoh.vn,DQ-EVID-03,24,https://asttmoh.vn/category/cntt/,"Chuyển đổi số, công nghệ thông tin",KHAI GIẢNG CHÍNH THỨC DỰ ÁN “CƠ HỘI AI DÀNH CHO NHÂN VIÊN Y TẾ” VÀ LỚP TẬP HUẤN “ỨNG DỤNG TRÍ TUỆ NHÂN TẠO DÀNH CHO NHÂN VIÊN Y TẾ TẠI HÀ NỘI”. Hà Nội – 18 ...,DISCOVERED_UNSCREENED
MOH-ASTT,asttmoh.vn,DQ-EVID-03,25,http://asttmoh.vn/wp-content/uploads/2015/06/a1.-CHUONG-TRINH-ATNB.pdf,chương trình đào tạo liên tục an toàn người bệnh,Mặc dù những sai sót và sự cố này không ai muốn và không ai chấp nhận những nó ... Báo cáo kết quả hoạt động bảo đảm và cải tiến chất lượng cho hội đồng quản ...,DISCOVERED_UNSCREENED
MOH-ASTT,asttmoh.vn,DQ-EVID-03,26,https://asttmoh.vn/dai-hoi-dang-bo-cuc-khoa-hoc-cong-nghe-va-dao-tao-nhiem-ky-2025-2030/,Đại hội Đảng bộ Cục Khoa học công nghệ và Đào tạo ...,"... kết quả cao nhất trong lãnh đạo, chỉ đạo thực hiện nhiệm vụ. Trong ... AI, miễn dịch học, tế bào gốc… Tham gia chuyển giao công nghệ ...",DISCOVERED_UNSCREENED
MOH-ASTT,asttmoh.vn,DQ-EVID-03,27,http://asttmoh.vn/khanh-thanh-benh-vien-da-chien-quy-mo-200-giuong-tai-cu-chi/,Khánh thành bệnh viện dã chiến quy mô 200 giường tại ...,"Kết quả đánh giá GCP · Tài liệu · Liên hệ · Home · Tin tức · Tin chung; Khánh ... Trong đó lưu ý thực hiện nghiêm giãn cách xã hội, ai ở đâu ở yên ...",DISCOVERED_UNSCREENED
MOH-ASTT,asttmoh.vn,DQ-EVID-03,28,http://asttmoh.vn/nhung-sinh-vien-tinh-nguyen-giua-tam-dich/,Những sinh viên tình nguyện giữa tâm dịch,Dự thảo góp ý · Hội đồng đạo đức · Cơ cấu tổ chức · Tin tức · Hội đồng đạo đức cấp cơ sở · Lịch họp · Văn bản pháp quy · Kết quả đánh giá GCP.,DISCOVERED_UNSCREENED
MOH-ASTT,asttmoh.vn,DQ-EVID-03,29,http://asttmoh.vn/wp-content/uploads/2016/08/T%C3%A0i-li%E1%BB%87u-D%E1%BA%A1y-h%E1%BB%8Dc-d%E1%BB%B1a-tr%C3%AAn-n%C4%83ng-l%E1%BB%B1c-d%C3%A0nh-cho-gi%E1%BA%A3ng-vi%C3%AAn-%C4%91%C3%A0o-t%E1%BA%A1o-H%E1%BB%99-sinh.pdf,Tài-liệu-Dạy-học-dựa-trên-năng-lực-dành-cho-giảng-viên- ...,"... kết quả, đánh giá sự tiến bộ của sinh viên về các kết quả đạt được dựa trên nền tảng sinh viên chứng minh được khả năng làm việc của mình ...",DISCOVERED_UNSCREENED
MOH-ASTT,asttmoh.vn,DQ-EVID-03,30,http://asttmoh.vn/wp-content/uploads/2020/04/1.2-T%C3%A0i-li%E1%BB%87u-B%C3%A1c-s%C4%A9-1.pdf,tài liệu đào tạo liên tục chăm sóc sức khỏe ban đầu ...,"... kết hợp giữa sinh học, y học lâm sàng và khoa học hành vi, chịu ... ai là người trực tiếp chăm sóc trẻ để thu thập thông tin một cách ...",DISCOVERED_UNSCREENED
MOH-ASTT,asttmoh.vn,DQ-EVID-03,31,https://asttmoh.vn/category/tin-tuc/tin-chuyen-doi-so-cong-nghe-thong-tin/,"Tin chuyển đổi số, công nghệ thông tin","Sáng ngày 18/7/2025 tại Hà Nội, Cục Khoa học công nghệ và Đào tạo, Bộ Y tế phối hợp cùng Trường Đại học Y Hà Nội tổ chức lớp tập huấn “Ứng dụng AI dành cho nhân ...",DISCOVERED_UNSCREENED
MOH-ASTT,asttmoh.vn,DQ-EVID-03,32,http://asttmoh.vn/wp-content/uploads/2014/09/Bang-kiem-LS-DH.pdf,BẢNG KIỂM DẠY/HỌC - KỸ NĂNG LÂM SÀNG,"- Gia đình: có ai mắc bệnh tương tự không? Hỗ trợ chẩn đoán xác định, chẩn ... kết quả thăm dò và kết quả xử lý. Xác định các tổn thương và quyết định.",DISCOVERED_UNSCREENED
MOH-ASTT,asttmoh.vn,DQ-EVID-03,33,http://asttmoh.vn/wp-content/uploads/2014/09/QD-2826-2025-quy-dinh-CNNV-Cuc-K2DT.signed.pdf,BỘ Y TẾ Độc lập - Tự do - Hạnh phúc Số: /QĐ-BYT ...,... kết quả nghiên cứu khoa học và phát triển công nghệ trong các lĩnh vực thuộc ... trí tuệ nhân tạo và chuyển đổi số trong các lĩnh vực thuộc phạm vi ...,DISCOVERED_UNSCREENED
MOH-ASTT,asttmoh.vn,DQ-EVID-03,34,http://asttmoh.vn/wp-content/uploads/2019/08/Q2_Ch%C6%B0%C6%A1ng-tr%C3%ACnh-v%C3%A0-t%C3%A0i-li%E1%BB%87u-%C4%91%C3%A0o-t%E1%BA%A1o-NHD.pdf,chương trình và tài liệu,"Dạy-học các kỹ năng thực hành lâm sàng: người hướng dẫn lâm sàng cần dựa vào chuẩn năng lực cơ bản của điều dưỡng viên, dựa vào kết quả đầu ra mong đợi của ...",DISCOVERED_UNSCREENED
MOH-ASTT,asttmoh.vn,DQ-EVID-03,35,http://asttmoh.vn/tham-dinh-nang-luc-dao-tao-chuyen-khoa-sau-dai-hoc-truong-dai-hoc-y-duoc-can-tho/,Thẩm định năng lực đào tạo chuyên khoa sau đại học ...,"Kết quả đánh giá GCP · Tài liệu · Liên hệ · Home · Đào tạo · Chương trình đào ... ai giảng dạy, dạy ở đâu. Hợp đồng nguyên tắc và hợp đồng chi ...",DISCOVERED_UNSCREENED
MOH-ASTT,asttmoh.vn,DQ-EVID-03,36,https://asttmoh.vn/category/tin-tuc/tin-chung/page/4/,Tin chung,"Bộ Y tế: Triển khai mạnh mẽ trí tuệ nhân tạo, công nghệ số vào hỗ ... Kết quả thực hiện là một tiêu chí đánh giá mức […] ...",DISCOVERED_UNSCREENED
MOH-ASTT,asttmoh.vn,DQ-EVID-03,37,http://asttmoh.vn/wp-content/uploads/2014/09/Huong-dan-day-hoc-cho-cac-giang-vien.pdf,Tài liệu bỏ túi,"y Hỏi “có ai ở bên này phòng có ý kiến gì không” y Nói “[Tên], bạn ... hướng dẫn dạy học cho các giảng viên y chương 9. học tập điện tử. Â Kết quả học tập.",DISCOVERED_UNSCREENED
MOH-ASTT,asttmoh.vn,DQ-EVID-03,38,http://asttmoh.vn/wp-content/uploads/2026/01/Phu-luc-IV_Ca%CC%81c-bi-u-m-u-_Ban-trinh-2.signed.pdf,Phụ lục IV BIỂU MẪU VĂN BẢN (Kèm theo Thông tư số,"Tổng kết về độ an toàn của thuốc, đặc biệt chú ý đến sự thay đổi do liều dùng, những AE dẫn đến ngừng dùng thuốc, phải có can thiệp y tế hay tử ...",DISCOVERED_UNSCREENED
MOH-ASTT,asttmoh.vn,DQ-EVID-03,39,https://asttmoh.vn/thu-tuong-nguyen-xuan-phuc-tran-quy-nhung-hanh-dong-tinh-than-hy-sinh-cao-ca-cua-cac-chien-si-ao-trang/,Thủ tướng Nguyễn Xuân Phúc: Trân quý những hành động ...,"Bộ Y tế huy động lực lượng lớn chuyên gia, cán bộ hỗ trợ trang thiết bị cho Hải Dương, “cắm chốt từ ngày 27/1 đến nay, chưa có ai về cả”, PGS.",DISCOVERED_UNSCREENED
MOH-ASTT,asttmoh.vn,DQ-EVID-03,40,http://asttmoh.vn/wp-content/uploads/2020/04/4.2-T%C3%A0i-li%E1%BB%87u-H%E1%BB%99-sinh-1.pdf,tài liệu đào tạo liên tục chăm sóc sức khỏe ban đầu ...,- Nói với người bệnh về kết quả chẩn đoán khi hội chẩn với các chuyên gia. 2.4. Chăm sóc sức khỏe hướng dự phòng nâng cao sức khỏe theo nguyên lý y học gia đình ...,DISCOVERED_UNSCREENED
MOH-ASTT,asttmoh.vn,DQ-EVID-03,41,https://asttmoh.vn/tu-su-bac-si-tre-tinh-nguyen-585-bac-sy-san-vung-cao/,Tự sự Bác sĩ trẻ tình nguyện 585: Bác sỹ sản vùng cao,Nhưng không ai gọi nên tôi nghĩ chắc bệnh nhân bị nhẹ. ... Mà bệnh nhân này thì lại chưa đủ con. Ngay khi có kết quả xét nghiệm máu thấy bệnh ...,DISCOVERED_UNSCREENED
MOH-ASTT,asttmoh.vn,DQ-EVID-03,42,http://asttmoh.vn/page/28/?s=Di+l,Search Results Di l,"... kết quả nghiên cứu tính đến ngày 02/9/2021. Trên ... viên y tế và bất kỳ ai quan tâm. 17 giờ chiều mai ... Ngày 31/08/2021, Bệnh viện dã chiến điều trị bệnh ...",DISCOVERED_UNSCREENED
MOH-ASTT,asttmoh.vn,DQ-EVID-03,43,https://asttmoh.vn/truong-dai-hoc-y-duoc-dai-hoc-quoc-gia-ha-noi-to-chuc-le-be-giang-va-trao-bang-tot-nghiep-nam-hoc-2021-2022/,"Trường Đại học Y Dược, Đại học Quốc Gia Hà Nội tổ chức ...","Kết quả đánh giá GCP · Tài liệu · Liên hệ · Home · Đào tạo · Hệ thống cơ sở ... Hơn ai hết, người Thầy thuốc Việt Nam vẫn có quyền tự hào vì được ...",DISCOVERED_UNSCREENED
MOH-ASTT,asttmoh.vn,DQ-EVID-03,44,http://asttmoh.vn/wp-content/uploads/2020/04/3.2-T%C3%A0i-li%E1%BB%87u-%C4%90i%E1%BB%81u-d%C6%B0%E1%BB%A1ng-1.pdf,tài liệu đào tạo liên tục chăm sóc sức khỏe ban đầu theo ...,"- Nói với người bệnh về kết quả chẩn đoán khi hội chẩn với các chuyên gia. ... b) Về khám bệnh, chữa bệnh; kết hợp, ứng dụng y học cổ truyền trong phòng bệnh.",DISCOVERED_UNSCREENED
MOH-ASTT,asttmoh.vn,DQ-EVID-03,45,http://asttmoh.vn/wp-content/uploads/2014/09/Nhan-hoc-y-hoc-va-cac-tinh-huong-LS.pdf,Bài giảng Nhân học y học và các tình huống lâm sàng,"Chẳng hạn: muỗi có thể truyền bệnh sốt rét, hoặc nếu ai ăn những con vật bị ... Phương pháp đánh giá kết quả học tập của các trường đào tạo nhân lực y tế còn.",DISCOVERED_UNSCREENED
MOH-ASTT,asttmoh.vn,DQ-EVID-03,46,http://asttmoh.vn/wp-content/uploads/2014/09/Tu-van-long-ghep_Tai-lieu-hoc-vien.pdf,Tư vấn lồng ghép về sức khoẻ tình dục và sức khỏe sinh sản,... y tế và giúp liên kết các dịch vụ nằm ở các khoa phòng của cùng một cơ sở ... những ai có kết quả âm tính được duy trì tình trạng đó. Các chương trình ...,DISCOVERED_UNSCREENED
MOH-ASTT,asttmoh.vn,DQ-EVID-03,47,https://asttmoh.vn/wp-content/uploads/2021/04/QD-ban-hanh-Huong-dan.signed-1.pdf,Ban hành Hướng dẫn nghiên cứu ứng dụng tế bào ...,"Nếu hiệu quả phụ thuộc vào sự tồn tại lâu dài của sản phẩm, cần có kế hoạch theo dõi bệnh nhân lâu dài. Vì vậy, việc sử dụng những kết điểm có ý nghĩa khác, ...",DISCOVERED_UNSCREENED
MOH-ASTT,asttmoh.vn,DQ-EVID-03,48,https://asttmoh.vn/bac-sy-tre-tinh-nguyen-585-hanh-trinh-mang-kien-thuc-ve-phuc-vu-ba-con-vung-cao/,Bác sỹ trẻ tình nguyện 585: Hành trình mang kiến thức về ...,"Kết quả đánh giá GCP · Tài liệu · Liên hệ. Menu. Tin tức · Tin chung ... bệnh khó chẩn đoán, ca mổ cấp cứu thì hỏi ai? Hàng loạt các câu hỏi ...",DISCOVERED_UNSCREENED
MOH-KCB,kcb.vn,DQ-TOOL-02,1,https://kcb.vn/upload/2005611/20210723/b27cb74db028db1162da532f81a160d8861_CBR-Vietnam-1-press-final.pdf,Hướng dẫn,• Ai là người có thể cung cấp thông tin – Các đơn vị tham gia là những nguồn ... quan trọng để đánh giá tác động của chương trình. Nếu không biết được ...,DISCOVERED_UNSCREENED
MOH-KCB,kcb.vn,DQ-TOOL-02,2,https://kcb.vn/upload/2005611/20210723//H%C6%B0%E1%BB%9Bng-d%E1%BA%ABn-th%E1%BB%B1c-h%C3%A0nh-d%C6%B0%E1%BB%A3c-l%C3%A2m-s%C3%A0ng-cho-D%C6%B0%E1%BB%A3c-s%E1%BB%B9-trong-m%E1%BB%99t-s%E1%BB%91-b%E1%BB%87nh-kh%C3%B4ng-l%C3%A2y-nhi%E1%BB%85m.pdf,HƢỚNG DẪN THỰC HÀNH DƢỢC LÂM SÀNG CHO ...,"# chung được trình bày trong chương 1.
## Một số tƣơng tác chống chỉ định
Một số tƣơng tác **chống chỉ định**

## ĐỂ PHÒNG NGỪA HUYẾT KHỐ I THUYÊN TẮC
189

# Chƣơng 4. THỰC HÀNH DƢỢC LÂM SÀNG TRONG CHUYÊN NGÀNH UNG THƢ
## Lựa chọn tài liệu tra cứu
được xây dựng và phát triển.

về tương tác, cảnh báo (hậu quả của tương tác), biện pháp xử trí, thời gian tiềm tàng, cơ

thuốc và có trích dẫn các nguồn tài liệu có bản quyền trên toàn thế giới. nặng và mức độ y văn ghi nhận về tương tác.

**PL4.6.**

| MM |  | SDI |  |
|-|-|-|-|
| Mức độ y văn ghi nh�n về tường tác thuóc | Y nghiã | Mức độ y văn ghi nh�n về tường tác thuóc | Y nghiã |
| Rát tót | Các ngHIEN cỳ có kiểm soát tôt đã chung minh rỗ rang sự tôn tại của tường tác. | Mò rông | Tương tắc được ghi nhận dúa trên nhiều ngHIEN cỳ quy mô vừa và nhồ hoặc một số ngHIEN cỳ lón, thương có các báo cao ca làm sàng. |

PL4.6.

**PL4.6.**

ưu nhược điểm của bốn cơ sở dữ liệu ở trên.

**PL4.6.**

| STT | Tên cơ sở dữ liệu | Loài CSDL | Ngôn ngữ | Uu diêm | Nhưọc diêm |
|-|-|-|-|-|-|
| 1 | Drug interactions - Micromedex® Solutions (MM) | Phàn mêm tra cúu trúc tuyến | Tiêng Anh | Nhanh, cấp nhật và liên két các vùng CSDL tôt. Dua ra khuyến cao dúa trên bàng chúng | Trinh bàikhá phức tạp. Chi phí cao |

| I. Thông tin chung |  |
|-|-|
| 1 | Mã bênh án: |
| 2 | Khoa/Phòng: |
| 3 | Duộc sĩ kiêm tra: |
| 4 | Ngày kiêm tra: |
| II. Thông tinKIEMtra |  |
| 1 | Phác dô: |
|  | □Có |
| □Không |  |
|  | □Có |
| □Không |  |
|  |  |
| 2 | Bênh nh�n: |
|  | □Có |
| □Không |  |
|  | (Nếu có biêu hiên cu thẻ nhu thế nào... |
|  | -Cần năng:... |
|  | □Có |
| □Không |  |
|  | -Kết quà xét nghiem mái |
|  | □Có bát thuurng. Cu thế: |
| 3 | Cách dung thước |
|  | □Có |
| □Không |  |
|  | □Có |
| □Không |  |
|  | □Có |
| □Không |  |
|  | d/Duòng dùng có phù hφp |",DISCOVERED_UNSCREENED
MOH-KCB,kcb.vn,DQ-TOOL-02,3,https://kcb.vn/upload/2005611/20210723//%C4%90%C3%A0o-t%E1%BA%A1o-nh%C3%A2n-l%E1%BB%B1c-PHCN-d%E1%BB%B1a-v%C3%A0o-c%E1%BB%99ng-%C4%91%E1%BB%93ng.pdf,ĐÀO TẠO NHÂN LỰC PHỤC HỒI CHỨC NĂNG DỰA VÀO ...,"Trong quá trình công tác ai cũng biết nhiệm vụ cơ bản, thường xuyên của ... đánh giá tác động (đánh giá xa) sau khi kết thúc tập huấn. Nhìn chung, một đánh ...",DISCOVERED_UNSCREENED
MOH-KCB,kcb.vn,DQ-TOOL-02,4,https://kcb.vn/upload/2005611/20210723/c4810db98f1a7bde8f8da08d9679c424Huong-dan-vat-ly-tri-lieu-Bai-nao.pdf,HƯỚNG DẪN,▫ Để xác định và đánh giá tác động của các yếu tố gây hạn chế đạt mục ... ▫ Không phải ai cũng có thể chịu được mức kích thích điện cần thiết để gây ...,DISCOVERED_UNSCREENED
MOH-KCB,kcb.vn,DQ-TOOL-02,5,https://kcb.vn/upload/2005611/20230927/Bao_cao_danh_gia_thuc_hien_KH_PHCN_gd_2014-2020_bbcf1.pdf,báo cáo nghiên cứu đánh giá tình hình thực hiện kế,"nhiệm vụ này là dịch vụ, ai trả thì tùy nhưng nếu giao cho các trạm thực hiện thì cũng ... đánh giá tác động của chính sách mở rộng phạm vi ...",DISCOVERED_UNSCREENED
MOH-KCB,kcb.vn,DQ-TOOL-02,6,https://kcb.vn/upload/2005611/20210723//H%C6%B0%E1%BB%9Bng-d%E1%BA%ABn-c%C3%A1n-b%E1%BB%99-PHCN-v%C3%A0-c%E1%BB%99ng-t%C3%A1c-vi%C3%AAn-v%E1%BB%81-PHCN-d%E1%BB%B1a-v%C3%A0o-c%E1%BB%99ng-%C4%91%E1%BB%93ng.pdf,Hướng dẫn cán bộ PHục Hồi cHức năng và cộng tác viên ...,"Đánh giá tác động của chương trình để Bộ Y tế, chính phủ xây dựng chủ trương ... Ai có thể giúp người khuyết tật có việc làm? Trong việc tạo việc làm ...",DISCOVERED_UNSCREENED
MOH-KCB,kcb.vn,DQ-TOOL-02,7,https://kcb.vn/upload/2005611/20251014/Bai_gi_ng_Lao__danh_cho_NVYT_KSNK__9fad1.pdf,phòng ngừa và kiểm soát lây nhiễm lao tại các cơ sở ...,Ai là người có trách nhiệm chính trong việc cung cấp phương tiện PHCN ... + Kiểm tra và đánh giá tuân thủ thực hành của NVYT. + Điều phối ...,DISCOVERED_UNSCREENED
MOH-KCB,kcb.vn,DQ-TOOL-02,8,https://kcb.vn/upload/2005611/20210722/1f4183ffcd9b91533285c46bcf6f7eb4KTCLBV-2015-Dieu-chinh-25-11.xls,Kiểm tra bệnh viện 2008,"AI, AJ, AK, AL, AM, AN, AO, AP, AQ, AR, AS, AT, AU, AV, AW, AX, AY, AZ, BA. 1, IX. BÁO CÁO ... đánh giá tác động và có bằng chứng cải thiện chất lượng cụ thể; có ...",DISCOVERED_UNSCREENED
MOH-KCB,kcb.vn,DQ-TOOL-02,9,https://kcb.vn/upload/2005611/20251014/Bai_gi_ng_KSLN_Lao__danh_cho_NVYT_CK_Lao__BP_va_khoa_Lao__BP__d8458.pdf,phòng ngừa và kiểm soát lây nhiễm lao tại các cơ ...,Ai là người có trách nhiệm chính trong việc cung cấp phương tiện ... + Kiểm tra và đánh giá tuân thủ thực hành của NVYT. + Điều phối ...,DISCOVERED_UNSCREENED
MOH-NHIC,ttyqg.vn,DQ-IMPL-05,1,https://ttyqg.vn/,Trang chủ - TRUNG TÂM THÔNG TIN Y TẾ QUỐC GIA,Giải pháp công nghệ hỗ trợ đắc lực cho quá trình kiểm tra và rà soát dữ liệu thanh toán bảo hiểm y tế. ... Phần mềm Quản lý hồ sơ nhân sự. Phần mềm đáp ứng nghiệp ...,DISCOVERED_UNSCREENED
MOH-NHIC,ttyqg.vn,DQ-IMPL-05,2,https://ttyqg.vn/product-post/phan-mem-ho-tro-ra-soat-du-lieu-thanh-toan-bao-hiem-med-data-insight/,Phần mềm Hỗ trợ rà soát dữ liệu thanh toán bảo hiểm ...,"Giải pháp công nghệ hỗ trợ đắc lực cho quá trình kiểm tra và rà soát dữ liệu thanh toán bảo hiểm y tế ... bệnh, Sở Y Tế,…. Kiểm soát thông tin hành chính ...",DISCOVERED_UNSCREENED
MOH-NHIC,ttyqg.vn,DQ-IMPL-05,3,https://ttyqg.vn/product-post/phan-mem-quan-ly-phong-kham/,Phần mềm quản lý phòng khám,Giải pháp công nghệ hỗ trợ đắc lực cho quá trình kiểm tra và rà soát dữ liệu thanh toán bảo hiểm y tế.,DISCOVERED_UNSCREENED
MOH-NHIC,ttyqg.vn,DQ-IMPL-05,4,https://ttyqg.vn/tich-cuc-trien-khai-nhieu-giai-phap-chuyen-doi-so-nang-cao-chat-luong-cham-soc-suc-khoe-cho-nguoi-dan/,Tích cực triển khai nhiều giải pháp chuyển đổi số nâng cao chất ...,"100% số cơ sở y tế được cấp phép khám, chữa bệnh ... kiểm soát tồn kho và giám sát chất lượng thuốc. ... trí tuệ nhân tạo (AI) trong quản lý, chăm sóc sức ...",DISCOVERED_UNSCREENED
MOH-NHIC,ttyqg.vn,DQ-IMPL-05,5,https://ttyqg.vn/phan-mem-tinh-gia-dich-vu-y-te-loi-ich-va-hieu-qua/,Phần mềm tính giá dịch vụ y tế: Lợi ích và Hiệu quả,"Nhằm hỗ trợ các địa phương, cơ sở y tế tăng cường ứng dụng công nghệ ... kiểm soát các yếu tố chi phí cấu thành giá, quản lý hồ sơ tính ...",DISCOVERED_UNSCREENED
MOH-NHIC,ttyqg.vn,DQ-IMPL-05,6,https://ttyqg.vn/thong-bao-tuyen-dung-lao-dong-hop-dong-nam-2023/,Thông báo tuyển dụng lao động hợp đồng năm 2023,– Giấy khám sức khỏe của cơ sở y tế có thẩm quyền (bản gốc) trong ... Nội dung tuyển dụng: a) Vòng 1: Kiểm tra Phiếu đăng ký dự tuyển. – Kiểm tra ...,DISCOVERED_UNSCREENED
MOH-NHIC,ttyqg.vn,DQ-IMPL-05,7,https://ttyqg.vn/trien-khai-he-thong-thong-tin-giai-quyet-thu-tuc-hanh-chinh-bo-y-te/,Triển khai Hệ thống thông tin giải quyết thủ tục hành chính Bộ Y tế,"... Quản lý Chất lượng báo cáo tại Hội nghị. Ban Biên ... Thúc đẩy nghiên cứu, đào tạo và ứng dụng trí tuệ nhân tạo ... bệnh viện, phòng khám · Tin hoạt động - 30/03/ ...",DISCOVERED_UNSCREENED
MOH-NHIC,ttyqg.vn,DQ-IMPL-05,8,https://ttyqg.vn/thuc-day-su-dung-his-ma-nguon-mo/,Thúc đẩy sử dụng HIS mã nguồn mở,... sở y tế (CSYT) chưa được quy định cụ thể và gặp khó trong việc bố ... Quản lý chất lượng; Giám sát sự cố Y khoa; Hồ sơ sức khoẻ (VHR); ...,DISCOVERED_UNSCREENED
MOH-NHIC,ttyqg.vn,DQ-IMPL-05,9,https://ttyqg.vn/hien-thuc-hoa-cac-nghi-quyet-va-ke-hoach-bang-hanh-dong-cu-the-dong-bo-va-sang-tao/,Hiện thực hóa các Nghị quyết và Kế hoạch bằng hành ...,"... kiểm tra và giám sát việc thực hiện trên phạm vi toàn quốc Tiếp ... Từ nghiên cứu ứng dụng trí tuệ nhân tạo, dữ liệu lớn, y học chính ...",DISCOVERED_UNSCREENED
MOH-NHIC,ttyqg.vn,DQ-IMPL-05,10,https://ttyqg.vn/tong-cong-ty-duoc-viet-nam-ctcp-canh-bao-trang-thong-tin-dien-tu-tai-khoan-mang-xa-hoi-bi-gia-mao/,Tổng công ty Dược Việt Nam – CTCP cảnh báo trang ...,"... kiểm tra, rà quét, ngăn chặn và xử lý các trang ... thanh lý của Trung tâm Thông tin y tế Quốc gia ... bệnh viện, phòng khám · Tin hoạt động - 30/03/2026 ...",DISCOVERED_UNSCREENED
MOH-NHIC,ttyqg.vn,DQ-EVID-02,1,https://www.ttyqg.vn/gioi-thieu/gioi-thieu-trung-tam/,Giới thiệu trung tâm,"Tổ chức triển khai thực hiện ứng dụng công nghệ thông tin, ứng dụng trí tuệ nhân tạo trong lĩnh vực y tế. 7. Về hạ tầng hệ thống thông tin, an toàn thông ...",DISCOVERED_UNSCREENED
MOH-NHIC,ttyqg.vn,DQ-EVID-02,2,https://ttyqg.vn/wp-content/uploads/2024/04/So-tay-chat-luong.pdf,Sổ tay chất lượng,"Tổ chức triển khai thực hiện ứng dụng công nghệ thông tin, ứng dụng trí tuệ nhân tạo trong lĩnh vực y té. 7. Về hạ tầng hệ thống thông tin, an toàn thông ...",DISCOVERED_UNSCREENED
MOH-NHIC,ttyqg.vn,DQ-EVID-03,1,https://ttyqg.vn/ung-dung-ai-trong-y-te-chuong-trinh-tap-huan-chuyen-de-dat-nhieu-ket-qua-tich-cuc/,Chương trình tập huấn chuyên đề đạt nhiều kết quả tích cực,Ứng dụng AI trong y tế: Chương trình tập huấn chuyên đề đạt nhiều kết quả tích cực. 29/06/2026 - 11:44 AM |. 395 Lượt xem. Chương trình tập huấn chuyên đề ...,DISCOVERED_UNSCREENED
MOH-NHIC,ttyqg.vn,DQ-EVID-03,2,https://www.ttyqg.vn/trung-tam-thong-tin-y-te-quoc-gia-to-chuc-tap-huan-chuyen-de-ve-ung-dung-tri-tue-nhan-tao-trong-y-te-va-giai-phap-ho-tro-ra-quyet-dinh-lam-sang/,Trung tâm Thông tin Y tế Quốc gia tổ chức tập huấn chuyên đề ...,... trí tuệ nhân tạo (AI) trong y tế và giải pháp. ... Thông báo kết quả xét chuyển chức danh nghề ... viên chức Trung tâm Thông tin y tế Quốc gia năm 2026.,DISCOVERED_UNSCREENED
MOH-NHIC,ttyqg.vn,DQ-EVID-03,3,https://ttyqg.vn/,Trang chủ - TRUNG TÂM THÔNG TIN Y TẾ QUỐC GIA,"Sáng ngày 05/6/2026, tại Hà Nội, Trung tâm Thông tin Y tế Quốc gia (NHIC) đã tổ chức Lễ ký kết Biên bản ghi nhớ hợp tác (MoU) với Công ty EviBody (Thụy Điển), ...",DISCOVERED_UNSCREENED
MOH-NHIC,ttyqg.vn,DQ-EVID-03,4,https://ttyqg.vn/hop-tac-ve-ung-dung-ai-trong-y-hoc-du-phong-y-te-cong-cong-giua-trung-tam-thong-tin-y-te-quoc-gia-va-truong-dai-hoc-y-ha-noi/,"Hợp tác về ứng dụng AI trong y học dự phòng, y tế công ...","Nhằm thúc đẩy ứng dụng trí tuệ nhân tạo (AI) trong y học dự phòng và ... Y tế công cộng, Trường Đại học Y Hà Nội trong buổi ký kết. Buổi ...",DISCOVERED_UNSCREENED
MOH-NHIC,ttyqg.vn,DQ-EVID-03,5,https://ttyqg.vn/hoi-thao-chuyen-doi-so-y-te-viet-nam-vai-tro-cua-du-lieu-va-ai-trong-dinh-huong-quoc-gia/,Hội thảo “Chuyển đổi số Y tế Việt Nam: Vai trò của Dữ liệu ...,"... AI trong hỗ trợ bác sĩ phát hiện tổn thương, nâng cao độ chính xác trong chẩn đoán và rút ngắn thời gian xử lý kết quả. Đại diện Trung tâm ...",DISCOVERED_UNSCREENED
MOH-NHIC,ttyqg.vn,DQ-EVID-03,6,https://ttyqg.vn/y-te-thong-minh-cach-mang-hoa-he-thong-cham-soc-suc-khoe/,Cách mạng hoá hệ thống chăm sóc sức khoẻ,"Trí tuệ nhân tạo Tạo sinh (Generative AI) đang dần trở thành xu hướng mới, thay đổi cách tiếp cận nghiên cứu y học trong những năm tới. Y tế ...",DISCOVERED_UNSCREENED
MOH-NHIC,ttyqg.vn,DQ-EVID-03,7,https://ttyqg.vn/hoi-thao-huong-dan-dam-bao-an-toan-he-thong-thong-tin-theo-cap-do/,Hội thảo “Hướng dẫn đảm bảo an toàn hệ thống thông tin ...,... Ứng dụng AI ...,DISCOVERED_UNSCREENED
MOH-NHIC,ttyqg.vn,DQ-EVID-03,8,https://ttyqg.vn/hien-thuc-hoa-cac-nghi-quyet-va-ke-hoach-bang-hanh-dong-cu-the-dong-bo-va-sang-tao/,Hiện thực hóa các Nghị quyết và Kế hoạch bằng hành ...,"Từ nghiên cứu ứng dụng trí tuệ nhân tạo, dữ liệu lớn, y học ... Thông báo kết quả xét chuyển chức danh nghề nghiệp cùng hạng và xét ...",DISCOVERED_UNSCREENED
MOH-NHIC,ttyqg.vn,DQ-EVID-03,9,https://www.ttyqg.vn/dao-tao/,Đào tạo,"... tế: Tăng cường đối thoại chính sách và kết nối các bên liên quan. Trong bối cảnh chuyển đổi số đang diễn ra mạnh mẽ trên toàn cầu, trí tuệ nhân tạo (AI) ... bệnh ...",DISCOVERED_UNSCREENED
MOH-NHIC,ttyqg.vn,DQ-EVID-03,10,https://www.ttyqg.vn/gioi-thieu/gioi-thieu-trung-tam/,Giới thiệu trung tâm,"Tổ chức triển khai thực hiện ứng dụng công nghệ thông tin, ứng dụng trí tuệ nhân tạo trong lĩnh vực y tế.",DISCOVERED_UNSCREENED
MOH-NHIC,ttyqg.vn,DQ-EVID-03,11,https://ttyqg.vn/phan-mem-tinh-gia-dich-vu-y-te-loi-ich-va-hieu-qua/,Phần mềm tính giá dịch vụ y tế: Lợi ích và Hiệu quả,... Ứng dụng AI ...,DISCOVERED_UNSCREENED
MOH-NHIC,ttyqg.vn,DQ-EVID-03,12,https://ttyqg.vn/wp-content/uploads/2024/04/So-tay-chat-luong.pdf,Sổ tay chất lượng,"Tổ chức triển khai thực hiện ứng dụng công nghệ thông tin, ứng dụng trí tuệ nhân tạo trong lĩnh vực y té. ... - Khách hàng: đảm bảo kết quả trung thực, minh bạch, ...",DISCOVERED_UNSCREENED
MOH-NHIC,ttyqg.vn,DQ-EVID-03,13,https://ttyqg.vn/wp-content/uploads/2024/04/Quy-trinh-xet-nang-luong.pdf,Quy trình xét nâng lương,đâu / cho ai. Hợp đồng lao động của VC và. NLÐ. 1. Thông báo ... Trung tâm Thông tin y tế Quốc gia. - Tóm tắt kết quả tổng hợp đề xuất nâng bậc lương năm ...,DISCOVERED_UNSCREENED
MOH-NHIC,ttyqg.vn,DQ-EVID-03,14,https://ttyqg.vn/hoi-thao-ai-y-te-thanh-cong-ra-mat-mang-luoi-v-rhain-va-thuc-day-cac-giai-phap-ai-y-te-co-trach-nhiem/,"Hội thảo AI y tế thành công, ra mắt Mạng lưới V-RHAIN và thúc ...","Đây là bước đi quan trọng nhằm hình thành hệ sinh thái AI y tế có trách nhiệm, kết nối cơ quan quản lý nhà nước, viện/trường, doanh nghiệp công nghệ và tổ chức ...",DISCOVERED_UNSCREENED
MOH-NHIC,ttyqg.vn,DQ-EVID-03,15,https://ttyqg.vn/thong-bao-tuyen-dung-lao-dong-hop-dong-nam-2023/,Thông báo tuyển dụng lao động hợp đồng năm 2023,"– Văn bằng chứng chỉ, bảng kết quả học tập (bản sao chứng thực); ... AI trong định hướng quốc gia” · Tin hoạt động - 21/04/2026 ...",DISCOVERED_UNSCREENED
MOH-NHIC,ttyqg.vn,DQ-EVID-03,16,https://ttyqg.vn/10-nhiem-vu-trong-tam-thuc-day-chuyen-doi-so-dap-ung-yeu-cau-sap-xep-to-chuc-bo-may-cua-he-thong-chinh-tri/,10 nhiệm vụ trọng tâm thúc đẩy chuyển đổi số đáp ứng yêu ...,Ứng dụng AI trong y tế: Chương trình tập huấn chuyên đề đạt nhiều kết quả tích cực.,DISCOVERED_UNSCREENED
MOH-NHIC,ttyqg.vn,DQ-EVID-03,17,https://www.ttyqg.vn/ky-nang-sang-tao-va-tich-hop-noi-dung-so-trong-hoat-dong-cong-vu/,Kỹ năng sáng tạo và tích hợp nội dung số trong hoạt động ...,"Việc ứng dụng các công cụ số và trí tuệ nhân tạo (AI) trong xử lý công việc giúp rút ngắn thời gian thực hiện nhiệm vụ, hỗ trợ tổng hợp ...",DISCOVERED_UNSCREENED
MOH-NHIC,ttyqg.vn,DQ-EVID-03,18,https://ttyqg.vn/hoi-thao-khoi-dong-va-khoa-dao-tao-ai-y-te-trong-khuon-kho-hop-tac-voi-healthai/,Hội thảo khởi động và Khóa đào tạo AI y tế trong khuôn ...,"Việc ra mắt V-RHAIN cũng giúp Việt Nam tăng cường kết nối với cộng đồng thực hành AI quốc tế, đồng thời thiết lập nền tảng cho các hoạt động ...",DISCOVERED_UNSCREENED
MOH-NHIC,ttyqg.vn,DQ-EVID-03,19,https://ttyqg.vn/chuong-trinh-tap-huan-ve-he-thong-thong-tin-benh-vien-ma-nguon-mo/,Chương trình tập huấn về hệ thống thông tin bệnh viện mã ...,... Ứng dụng AI ...,DISCOVERED_UNSCREENED
MOH-NHIC,ttyqg.vn,DQ-EVID-03,20,https://ttyqg.vn/le-ky-ket-thoa-thuan-hop-tac-giua-trung-tam-thong-tin-y-te-quoc-gia-va-vien-sang-tao-va-chuyen-doi-so-y-te/,LỄ KÝ KẾT THOẢ THUẬN HỢP TÁC GIỮA ...,"Ba là, Nghiên cứu và phát triển các ứng dụng AI trong y tế. Một số hình ảnh tại lễ ký kết: Trao đổi tại lễ ký thoả thuận hợp tác ...",DISCOVERED_UNSCREENED
MOH-NHIC,ttyqg.vn,DQ-EVID-03,21,https://ttyqg.vn/chuyen-doi-so-y-te-ket-noi-chia-se-va-dong-hanh/,Chuyển đổi số y tế: Kết nối- Chia sẻ và đồng hành,... Ứng dụng AI ...,DISCOVERED_UNSCREENED
MOH-NHIC,ttyqg.vn,DQ-EVID-03,22,https://ttyqg.vn/bai-2-vai-tro-cua-van-hoa-to-chuc-trong-co-quan-nha-nuoc/,Bài 2: Vai trò của văn hóa tổ chức trong cơ quan nhà nước,... Ứng dụng AI ...,DISCOVERED_UNSCREENED
MOH-NHIC,ttyqg.vn,DQ-EVID-03,23,https://ttyqg.vn/giai-phap-quan-trong-gop-phan-thuc-day-viec-chuyen-doi-so/,Giải pháp quan trọng góp phần thúc đẩy việc chuyển đổi số,... Ứng dụng AI ...,DISCOVERED_UNSCREENED
MOH-NHIC,ttyqg.vn,DQ-EVID-03,24,https://www.ttyqg.vn/lan-toa-cac-mo-hinh-cai-cach-hanh-chinh-hieu-qua-vi-nguoi-dan-phuc-vu/,Lan tỏa các mô hình cải cách hành chính hiệu quả vì người ...,Ứng dụng AI trong y tế: Chương trình tập huấn chuyên đề đạt nhiều kết quả tích cực.,DISCOVERED_UNSCREENED
MOH-NHIC,ttyqg.vn,DQ-EVID-03,25,https://ttyqg.vn/hop-tac-xay-dung-truc-du-lieu-benh-an-dien-tu-dung-chung/,Hợp tác xây dựng Trục dữ liệu Bệnh án điện tử dùng chung,"... kết nối toàn bộ các cơ sở y tế trên cả nước.” Ông Võ Tường Vĩnh cũng ... Thúc đẩy nghiên cứu, đào tạo và ứng dụng trí tuệ nhân tạo ...",DISCOVERED_UNSCREENED
MOH-NHIC,ttyqg.vn,DQ-EVID-03,26,https://ttyqg.vn/giai-phap-trien-khai-ho-so-benh-an-dien-tu-dong-hanh-vi-mot-nen-y-te-hien-dai-lien-thong-an-toan/,Giải pháp triển khai hồ sơ bệnh án điện tử,"Đại diện Bệnh viện Đại học Y Hà Nội trình bày kết quả chuyển đổi số ... Thúc đẩy nghiên cứu, đào tạo và ứng dụng trí tuệ nhân tạo trong ...",DISCOVERED_UNSCREENED
MOH-NHIC,ttyqg.vn,DQ-EVID-03,27,https://ttyqg.vn/trung-tam-thong-tin-y-te-quoc-gia-gioi-thieu-nen-tang-cong-nghe-quan-ly-suc-khoe-toan-dan-tron-doi-tai-le-mit-tinh-phat-dong-ngay-suc-khoe-toan-dan-7-4/,Trung tâm Thông tin y tế Quốc gia giới thiệu Nền tảng công ...,"Điểm nhấn của giải pháp là nền tảng tích hợp và chia sẻ dữ liệu khám sức khỏe, được thiết kế với vai trò trung gian kết nối, tiếp nhận, chuẩn ...",DISCOVERED_UNSCREENED
MOH-NHIC,ttyqg.vn,DQ-EVID-03,28,https://ttyqg.vn/bo-y-te-day-manh-cai-cach-hanh-chinh-nam-2026/,Bộ Y tế đẩy mạnh cải cách hành chính năm 2026,... Ứng dụng AI ...,DISCOVERED_UNSCREENED
MOH-NHIC,ttyqg.vn,DQ-EVID-03,29,https://ttyqg.vn/thong-bao-ket-qua-xet-chuyen-chuc-danh-nghe-nghiep-cung-hang-va-xet-thang-hang-chuc-danh-nghe-nghiep-tu-hang-iv-len-hang-iii-doi-voi-vien-chuc-trung-tam-thong-tin-y-te-quoc-gia-nam-2026/,Thông báo kết quả xét chuyển chức danh nghề nghiệp cùng ...,Căn cứ Báo cáo ngày 09/6/2026 của Hội đồng về kết quả xét chuyển chức danh nghề nghiệp cùng hạng và xét thăng hạng chức danh nghề nghiệp từ hạng IV lên ...,DISCOVERED_UNSCREENED
MOH-NHIC,ttyqg.vn,DQ-EVID-03,30,https://ttyqg.vn/trung-tam-thong-tin-y-te-quoc-gia-tham-du-hoi-nghi-toan-quoc-quan-triet-nghi-quyet-trung-uong-2-khoa-xiv/,Trung tâm Thông tin y tế Quốc gia tham dự Hội nghị toàn ...,Ứng dụng AI trong y tế: Chương trình tập huấn chuyên đề đạt nhiều kết quả tích cực.,DISCOVERED_UNSCREENED
MOH-NHIC,ttyqg.vn,DQ-EVID-03,31,https://ttyqg.vn/thong-bao-ve-viec-moi-hop-tac-to-chuc-cac-chuong-trinh-tap-huan-nang-cao-nhan-thuc-va-trien-khai-giai-phap-tri-tue-nhan-tao-ai-trong-quan-ly-cham-soc-suc-khoe-cho-can-bo-nhan-vien-nganh-y/,Thông báo về việc mời hợp tác tổ chức các chương trình ...,"Thông báo về việc mời hợp tác tổ chức các chương trình tập huấn “Nâng cao nhận thức và triển khai giải pháp trí tuệ nhân tạo (AI) trong quản lý, ...",DISCOVERED_UNSCREENED
MOH-NHIC,ttyqg.vn,DQ-EVID-03,32,https://ttyqg.vn/bo-y-te-day-manh-phat-trien-ha-tang-va-ung-dung-cong-nghe%CC%A3-thong-tin-phuc-vu-chuyen-doi-so-y-te-den-nam-2030/,Bộ Y tế đẩy mạnh phát triển hạ tầng và ứng dụng công ...,"Thúc đẩy nghiên cứu, đào tạo và ứng dụng trí tuệ nhân tạo trong lĩnh vực y tế: Tăng cường đối thoại chính sách và kết nối các bên liên quan ... AI ...",DISCOVERED_UNSCREENED
MOH-NHIC,ttyqg.vn,DQ-EVID-03,33,https://ttyqg.vn/trung-tam-thong-tin-y-te-quoc-gia-lam-viec-voi-tap-doan-da-quoc-gia-wolters-kluwer-va-cong-ty-igroup-asia-pacific-ltd-ve-hop-tac-phat-trien-tri-tue-nhan-tao-trong-y-te/,Trung tâm Thông tin y tế Quốc gia làm việc với Tập đoàn đa ...,"Tại buổi làm việc, các bên đã trao đổi về bối cảnh chiến lược và khung pháp lý của Việt Nam trong phát triển trí tuệ nhân tạo. Hiện nay xác định AI là công nghệ ...",DISCOVERED_UNSCREENED
MOH-NHIC,ttyqg.vn,DQ-EVID-03,34,https://ttyqg.vn/trung-tam-thong-tin-y-te-quoc-gia-gap-mat-chuc-tet-can-bo-huu-tri-xuan-binh-ngo-2026/,"Trung tâm Thông tin Y tế Quốc gia gặp mặt, chúc Tết cán ...",Ứng dụng AI trong y tế: Chương trình tập huấn chuyên đề đạt nhiều kết quả tích cực.,DISCOVERED_UNSCREENED
MOH-NHIC,ttyqg.vn,DQ-EVID-03,35,https://ttyqg.vn/trung-tam-thong-tin-y-te-quoc-gia-tiep-doan-cong-tac-y-te-thuy-dien-trao-doi-kinh-nghiem-kham-chua-benh-tu-xa-va-y-te-co-so/,Trung tâm Thông tin Y tế Quốc gia tiếp Đoàn công tác Y ...,... Ứng dụng AI ...,DISCOVERED_UNSCREENED
MOH-NHIC,ttyqg.vn,DQ-EVID-03,36,https://ttyqg.vn/chuong-trinh-hoi-nghi-tong-ket-danh-gia-cac-hoat-dong-chuyen-doi-so-nam-2023-va-ke-hoach-hoat-dong-nam-2024/,"Hội nghị tổng kết, đánh giá các hoạt động chuyển đổi số ...","Giải pháp Chuyển đổi số ứng dụng công nghệ AI trong lĩnh vực Y tế. Ông Phan Mạnh Hùng – CTO Công ty Cổ phần Tập đoàn Omi – OmiGroup, 0906100099.",DISCOVERED_UNSCREENED
MOH-NHIC,ttyqg.vn,DQ-EVID-03,37,https://ttyqg.vn/gap-mat-tri-an-can-bo-huu-tri-xuan-at-ty-2025/,"Gặp mặt, tri ân cán bộ hưu trí Xuân Ất Tỵ 2025",... Ứng dụng AI ...,DISCOVERED_UNSCREENED
MOH-NHIC,ttyqg.vn,DQ-EVID-03,38,https://ttyqg.vn/phan-mem-quan-ly-phong-kham-giai-phap-nang-cao-hieu-qua-quan-ly/,Phần mềm quản lý phòng khám: giải pháp nâng cao hiệu ...,... trí tuệ nhân tạo trong y tế và giải pháp hỗ trợ ra quyết định lâm ...,DISCOVERED_UNSCREENED
MOH-NHIC,ttyqg.vn,DQ-EVID-03,39,https://www.ttyqg.vn/xac-dinh-gia-tri-cot-loi-cua-trung-tam-thong-tin-y-te-quoc-gia/,Xác định giá trị cốt lõi của Trung tâm Thông tin Y tế Quốc gia,... Ứng dụng AI ...,DISCOVERED_UNSCREENED
MOH-NHIC,ttyqg.vn,DQ-EVID-03,40,https://www.ttyqg.vn/bo-truong-bo-y-te-dao-hong-lan-tham-gian-hang-trien-lam-cua-trung-tam-thong-tin-y-te-quoc-gia/,Bộ trưởng Bộ Y tế Đào Hồng Lan thăm gian hàng triển lãm ...,"... trí tuệ nhân tạo (AI) trong quản lý, chăm sóc sức khỏe cho cán bộ ...",DISCOVERED_UNSCREENED
MOH-NHIC,ttyqg.vn,DQ-EVID-03,41,https://ttyqg.vn/dai-hoi-cac-chi-bo-thuoc-dang-bo-trung-tam-thong-tin-y-te-quoc-gia/,Đại hội các chi bộ thuộc Đảng bộ Trung tâm Thông tin y tế ...,"Tại Đại hội, các chi bộ đã tổng kết, đánh giá toàn diện kết quả thực hiện Nghị quyết nhiệm kỳ 2022–2025, nghiêm túc kiểm điểm vai trò lãnh đạo ...",DISCOVERED_UNSCREENED
MOH-NHIC,ttyqg.vn,DQ-EVID-03,42,https://www.ttyqg.vn/trung-tam-thong-tin-y-te-quoc-gia-xac-dinh-tam-nhin-va-su-menh-vai-tro-trong-chuyen-doi-so-y-te/,Trung tâm Thông tin Y tế Quốc gia xác định tầm nhìn và sứ mệnh ...,"Trong bối cảnh y tế toàn cầu đang thay đổi sâu sắc nhờ ứng dụng dữ liệu lớn, trí tuệ nhân tạo ... Những kết quả này là minh chứng rõ ràng cho khả ...",DISCOVERED_UNSCREENED
MOH-NHIC,ttyqg.vn,DQ-EVID-03,43,https://www.ttyqg.vn/ky-nang-bao-dam-an-toan-va-bao-mat-thong-tin-du-lieu-tren-moi-truong-so/,"Kỹ năng bảo đảm an toàn và bảo mật thông tin, dữ liệu trên ...","Vì vậy, cán bộ, công chức, viên chức cần nâng cao cảnh giác, kiểm tra kỹ nguồn thông tin trước khi truy cập liên kết, tải tệp tin hoặc cung cấp ...",DISCOVERED_UNSCREENED
MOH-NHIC,ttyqg.vn,DQ-EVID-03,44,https://ttyqg.vn/vach-tran-thu-doan-chong-pha-dai-hoi-xiv-cua-dang/,Vạch trần thủ đoạn chống phá Đại hội XIV của Đảng,"Không chỉ sử dụng các chiêu bài quen thuộc, thời gian gần đây chúng còn lợi dụng công nghệ trí tuệ nhân tạo (AI) để cắt ghép, chỉnh sửa, thậm ...",DISCOVERED_UNSCREENED
MOH-NHIC,ttyqg.vn,DQ-EVID-03,45,https://ttyqg.vn/mot-so-diem-moi-trong-quan-ly-dau-tu-ung-dung-cong-nghe-thong-tin-trong-co-quan-nha-nuoc-2/,Một số điểm mới trong quản lý đầu tư ứng dụng công nghệ ...,"... kết nối, liên thông của hệ thống; Khả năng nâng cấp, mở rộng hệ ... AI trong định hướng quốc gia” · Tin hoạt động - 21/04/2026 ...",DISCOVERED_UNSCREENED
MST,most.gov.vn,DQ-TOOL-02,1,https://tthc.most.gov.vn/index.php/ban_b/article/download/3700/1824/10941,Nghiên cứu cơ sở khoa học lựa chọn khung vệ tinh viễn ...,Khung vệ tinh thông minh và tích hợp trí tuệ nhân tạo: Khung vệ tinh thông minh có khả năng học và tự đưa ra quyết định sử dụng trí tuệ nhân tạo (AI). Máy ...,DISCOVERED_UNSCREENED
MST,most.gov.vn,DQ-TOOL-02,2,https://iprenforcement.most.gov.vn/index.php/ban_b/article/download/685/679,Đánh giá phóng xạ tự nhiên và liều chiếu ngoài trên địa ...,"nhiều hơn, nhằm đánh giá tác động của chúng đối với môi trường trên ... Trong đó, Pi và Ai là dân số và hoạt độ riêng trung bình của các nhân phóng ...",DISCOVERED_UNSCREENED
MST,most.gov.vn,DQ-TOOL-02,3,https://tthc.most.gov.vn/index.php/ban_b/article/download/573/567/2221,Tái cấu trúc đầu tư công trong khuôn khổ đổi mới mô hình ...,"Đánh giá tác động của đầu tư công tới tăng trưởng và bội chi NSNN ... Có 5 nguyên tắc phải đạt được: một là, ai ra quyết định đầu tư ...",DISCOVERED_UNSCREENED
MST,most.gov.vn,DQ-IMPL-04,1,https://tthc.most.gov.vn/index.php/ban_b/article/download/3764/1868/11194,UNESCO trong lĩnh vực Khoa học tự nhiên,lập tiêu chí đánh giá hiệu quả hợp tác theo các nhóm nội dung: mức độ thể ... hậu [10]. Đây là minh chứng rõ nhất cho việc UNESCO/IHP đang tạo “hạ tầng ...,DISCOVERED_UNSCREENED
MST,most.gov.vn,DQ-IMPL-04,2,https://file.most.gov.vn/PAKN/2026/1/0873e53d-91b2-44a2-b4da-95dc0302faf5.pdf,vấn đề tôn giáo trong phát triển vùng biên giới đất ...,"và từ trí tuệ nhân tạo (AI). Tại Việt Nam, quá trình Đổi mới từ ... biết đưa người thân đến trạm y tế, bệnh viện để khám và điều trị, uống thuốc và tiêm.",DISCOVERED_UNSCREENED
MST,most.gov.vn,DQ-IMPL-05,1,https://tthc.most.gov.vn/index.php/ban_b/article/download/3788/1866/11162,Đánh giá mức độ sẵn sàng về trí tuệ nhân tạo (AI) theo công cụ ...,"trị trí tuệ nhân tạo (AI) có trách nhiệm. Được ... toán do các chủ thể bên ngoài kiểm soát. Trong ... viện nghiên cứu, trường đại học, doanh nghiệp ...",DISCOVERED_UNSCREENED
MST,most.gov.vn,DQ-IMPL-05,2,https://tthc.most.gov.vn/index.php/ban_b/article/download/3884/1906/11470,DOI: 10.31276/VJST.2026.3884 RFO-HITL: Kiến trúc tác ...,Đây là một kiến trúc tác tử trí tuệ nhân tạo (AI) dung hòa giữa hiệu quả ... kiểm tra hiệu suất của hệ thống. 3. Kết quả và bàn luận. Phần này trình bày ...,DISCOVERED_UNSCREENED
MST,most.gov.vn,DQ-EVID-01,1,https://tthc.most.gov.vn/index.php/ban_b/article/download/3884/1906/11470,DOI: 10.31276/VJST.2026.3884 RFO-HITL: Kiến trúc tác ...,"Bối cảnh công nghệ và vấn đề đạo đức AI trong giáo dục đại học. Trí tuệ nhân tạo, khởi đầu với các mô hình học máy dự báo (Predictive AI), đang định hình lại ...",DISCOVERED_UNSCREENED
MST,most.gov.vn,DQ-EVID-02,1,https://tthc.most.gov.vn/index.php/ban_b/article/download/3764/1868/11194,UNESCO trong lĩnh vực Khoa học tự nhiên,"cảnh báo về AI và yêu cầu có khung đạo đức chặt chẽ cho AI. Việt Nam cần ... ngày 26/1/2021), Luật Trí tuệ nhân tạo (ban hành ngày 10/12/2025, có hiệu ...",DISCOVERED_UNSCREENED
MST,most.gov.vn,DQ-EVID-02,2,https://www.most.gov.vn/Images/FileVanBan/TTB_1279336905.doc,chÝnh phñ,"... ai được xâm phạm. Bảo đảm an toàn, an ninh cho các hệ thống thiết bị và thông tin điện tử trên Internet là trách nhiệm của các cơ quan nhà nước, mọi tổ chức ...",DISCOVERED_UNSCREENED
MST,most.gov.vn,DQ-EVID-02,3,https://file.most.gov.vn/PAKN/2026/1/0873e53d-91b2-44a2-b4da-95dc0302faf5.pdf,vấn đề tôn giáo trong phát triển vùng biên giới đất ...,"sự mường tượng, chẳng như như nhìn từ góc độ kỹ thuật số, từ không gian internet, và từ trí tuệ nhân tạo (AI). Tại Việt Nam, quá trình Đổi mới từ năm 1986 ...",DISCOVERED_UNSCREENED
MST,most.gov.vn,DQ-EVID-02,4,https://tthc.most.gov.vn/index.php/ban_b/article/download/3884/1906/11470,DOI: 10.31276/VJST.2026.3884 RFO-HITL: Kiến trúc tác ...,"Đây là một kiến trúc tác tử trí tuệ nhân tạo (AI) dung hòa giữa hiệu quả công nghệ và sự giám sát của con người, ưu tiên sử dụng bộ quy tắc tường minh để ra ...",DISCOVERED_UNSCREENED
MST,most.gov.vn,DQ-EVID-02,5,https://tthc.most.gov.vn/index.php/ban_b/article/download/249/241,Truyện ngắn đương đại Nam Bộ từ góc nhìn phê bình sinh ...,"mà tồn tại, bởi sự chết của một ai đó luôn như “một dòng sông đang trôi, hiền từ, thánh thiện” (Tro bụi)6. Cũng là một sự hồi cố về chiến tranh nhưng để mở ra ...",DISCOVERED_UNSCREENED
MST,most.gov.vn,DQ-EVID-02,6,https://tthc.most.gov.vn/index.php/ban_b/article/download/1103/1002,Thế chấp tài sản trí tuệ - Những khía cạnh pháp lý và thực ...,"chí không ai mua sáng chế do công nghệ đã lỗi thời. Tương tự, đối với việc thế chấp nhãn hiệu, khi thanh lý nhãn hiệu để thực hiện nghĩa vụ mà giá trị của ...",DISCOVERED_UNSCREENED
MST,most.gov.vn,DQ-EVID-02,7,https://tthc.most.gov.vn/index.php/ban_b/article/download/1235/1097,Giới thiệu sơ lược về tam Tổ Thiền phái Trúc Lâm Việt Nam,"by ĐT Đông · Cited by 2 — một ai khác” [4]. Theo Tuệ Trung Thượng sỹ, Phật vốn ở trong tâm mỗi người nhưng do vọng tưởng vô minh che lấp, tu hành cần làm cho Phật tính xuất hiện ...",DISCOVERED_UNSCREENED
MST,most.gov.vn,DQ-EVID-02,8,https://tthc.most.gov.vn/index.php/ban_b/article/download/79/67,Những đổi mới của Nguyễn Minh Châu trong dòng chảy ...,"Ông cũng có không ít bài viết bày tỏ quan niệm văn chương bằng đối thoại như “Trang giấy trước đèn” hay “Viết về chiến tranh”, nhưng phải đến “Hãy đọc lời ai ...",DISCOVERED_UNSCREENED
MST,most.gov.vn,DQ-EVID-02,9,https://tthc.most.gov.vn/index.php/ban_b/article/download/3838/1896/11387,Đổi mới mô hình đào tạo tiến sỹ theo chuẩn quốc tế trong,"... tế (Frascati, Oslo) để phân tích dữ liệu, đánh giá và so sánh chính sách; (iii) Đổi mới và chuyển đổi số: ứng dụng dữ liệu lớn, trí tuệ nhân tạo và quản trị ...",DISCOVERED_UNSCREENED
MST,most.gov.vn,DQ-EVID-02,10,https://tthc.most.gov.vn/index.php/ban_b/article/download/3839/1948/11727,DOI: 10.31276/VJST.2026.3839 Khoa học xã hội và nhân ...,"cực duy nhất là về mặt kinh tế, nhưng lợi ích đó chỉ dành cho một bộ phận nhỏ CĐĐP. Chẳng hạn: “những ai trong làng tham gia đội cồng chiêng có cơ hội kiếm thêm ...",DISCOVERED_UNSCREENED
MST,most.gov.vn,DQ-EVID-03,1,https://tthc.most.gov.vn/index.php/ban_b/article/download/926/890,Đánh giá độ chính xác và khả năng ứng dụng của phần mềm,"Những năm gần đây, trí tuệ nhân tạo trong y tế đã được nghiên cứu và phát ... của bác sỹ chưa cho thấy hiệu quả, mặc dù kết quả có được cải thiện ...",DISCOVERED_UNSCREENED
MST,most.gov.vn,DQ-EVID-03,2,https://tthc.most.gov.vn/index.php/ban_b/article/view/246,Tạp chí KH&CN Việt Nam,"Kết nối công nghệ AI, thúc đẩy phát triển y tế thông minh · Tôn vinh ngọn đèn trí tuệ Lê Quý Đôn qua ngôn ngữ ký hiệu học trên tem bưu chính · Bộ KH&CN lưu ý ...",DISCOVERED_UNSCREENED
MST,most.gov.vn,DQ-EVID-03,3,https://tthc.most.gov.vn/index.php/ban_b/article/download/1189/1064,Nhận xét kết quả hóa trị bổ trợ phác đồ 4AC-4T ...,"by T Lê Huy · Cited by 1 — Do đó, chúng tôi thực hiện nghiên cứu này nhằm đánh giá kết quả điều trị bệnh UTV có thụ thể Estrogen dương tính và Her2 âm tính bằng phác đồ hóa chất bổ trợ ...",DISCOVERED_UNSCREENED
MST,most.gov.vn,DQ-EVID-03,4,https://tthc.most.gov.vn/index.php/ban_b/article/download/1229/1091,"Ứng dụng Big data trong xây dựng mô hình học viện, ...","ưu tiên công nghệ số, kết nối 5G và sau 5G, trí tuệ nhân tạo, chuỗi khối (blockchain), in 3D và. IoT”[17]. Hai là, đào tạo và đào tạo lại nguồn nhân lực đáp ứng.",DISCOVERED_UNSCREENED
MST,most.gov.vn,DQ-EVID-03,5,https://tthc.most.gov.vn/index.php/ban_b/article/download/3788/1866/11162,Đánh giá mức độ sẵn sàng về trí tuệ nhân tạo (AI) theo công cụ ...,"trị trí tuệ nhân tạo (AI) có trách nhiệm. Được ... quả kinh tế và năng lực quản trị, AI còn ... nhằm bảo đảm rằng các kết quả đánh giá phản ánh tương đối đầy đủ ...",DISCOVERED_UNSCREENED
MST,most.gov.vn,DQ-EVID-03,6,https://tthc.most.gov.vn/index.php/ban_b/article/download/3884/1906/11470,DOI: 10.31276/VJST.2026.3884 RFO-HITL: Kiến trúc tác ...,Đây là một kiến trúc tác tử trí tuệ nhân tạo (AI) dung hòa giữa hiệu quả ... kết quả học tập.”. Page 10. DOI: 10.31276/VJST.2026.3884. Khoa học tự nhiên ...,DISCOVERED_UNSCREENED
MST,most.gov.vn,DQ-EVID-03,7,https://tthc.most.gov.vn/index.php/ban_b/article/download/713/707/2699,"Nghiên cứu đặc điểm lâm sàng, cận ...","Các kết quả này cũng gần với các kết quả đã được ... [5] Puchalski J and Musani A.I (2013), “Tracheobronchial ... Khoa Hô hấp Bệnh viện Bạch Mai”, Tạp chí Y học lâm ...",DISCOVERED_UNSCREENED
MST,most.gov.vn,DQ-EVID-03,8,https://tthc.most.gov.vn/index.php/ban_b/article/download/3764/1868/11194,UNESCO trong lĩnh vực Khoa học tự nhiên,"dữ liệu và kết quả nghiên cứu để mọi tầng lớp tiếp cận tri thức. Đồng thời, UNESCO cảnh báo về AI và yêu cầu có khung đạo đức chặt chẽ cho AI. Việt Nam cần ...",DISCOVERED_UNSCREENED
MST,most.gov.vn,DQ-EVID-03,9,https://tthc.most.gov.vn/index.php/ban_b/article/download/355/349,Nghiên cứu xây dựng quy trình tạo chế phẩm có tác dụng ...,"by TT Thuỷ · 2016 · Cited by 1 — kết quả thử độc tính cấp trên chuột và độc tính bán trường diễn trên thỏ ... [5] Ngoc D.T.N, Catrina A.I, Lundberg K, Harris H.E, Ha N.T,. Anh P.T ...",DISCOVERED_UNSCREENED
MST,most.gov.vn,DQ-EVID-03,10,https://file.most.gov.vn/PAKN/2026/1/0873e53d-91b2-44a2-b4da-95dc0302faf5.pdf,vấn đề tôn giáo trong phát triển vùng biên giới đất ...,"và từ trí tuệ nhân tạo (AI). Tại Việt Nam, quá trình Đổi mới từ năm 1986 đã ... ái”, kết nối giao thông các làng đồng bào DTTS xã Ia Pal với xã Kông ...",DISCOVERED_UNSCREENED
MST,most.gov.vn,DQ-EVID-03,11,https://tthc.most.gov.vn/index.php/ban_b/article/download/918/884,Nghiên cứu lựa chọn bao bì và thời gian bảo quản bột giàu ...,"duck egg was two-layered AI/PE film. The quality of the product stored ... Qua các kết quả nghiên cứu thu được, chúng tôi đã xác định được bao bì thích ...",DISCOVERED_UNSCREENED
MST,most.gov.vn,DQ-EVID-03,12,https://tthc.most.gov.vn/index.php/ban_b/article/download/342/334,Xu thế tích tụ ruộng ất ở châu thổ ông Cửu long,"Kết quả nghiên cứu cung cấp thêm luận cứ khẳng định, tích tụ ruộng đất là ... Không phải ai có đất cũng đều canh tác hết diện tích của mình. Tính toàn ...",DISCOVERED_UNSCREENED
MST,most.gov.vn,DQ-EVID-03,13,https://tthc.most.gov.vn/index.php/ban_b/article/download/3813/1830/10972,Nghiên cứu bảo quản ổi cắt tươi bằng màng alginate ăn ...,"Kết quả này cho thấy hiệu quả của chất kháng oxy hóa tự nhiên, điều này có ý ... Hassan, S.A.S. Chatha, A.I. Hussain, et al. (2018), “Recent advances.",DISCOVERED_UNSCREENED
MST,most.gov.vn,DQ-EVID-03,14,https://tthc.most.gov.vn/index.php/ban_b/article/download/873/851,Nghiên cứu và ứng dụng học máy dự báo hệ số cố kết của ...,by NĐ Mạnh · Cited by 1 — ... trí tuệ nhân tạo thông qua 3 mô hình học máy: hỗ trợ hồi quy véc ... báo và kết quả thực tế. Các sai số được chia thành 2 phần: Biased ...,DISCOVERED_UNSCREENED
MST,most.gov.vn,DQ-EVID-03,15,https://tthc.most.gov.vn/index.php/ban_b/article/download/2616/1423/7205,Effects of groundwater evaporation on the natural recharge ...,"... A.I. Budagovsky (1980). [18] và H.L. Penman (1948) [19]. Nhóm 2 - Bốc hơi ... ngày 19/12/2022. Kết quả quan trắc trong năm 2022 cho thấy, tổng lượng bốc.",DISCOVERED_UNSCREENED
MST,most.gov.vn,DQ-EVID-03,16,https://tthc.most.gov.vn/plugins/generic/pdfJsViewer/pdf.js/web/viewer.html?file=https%3A%2F%2Ftthc.most.gov.vn%2Findex.php%2Fban_b%2Farticle%2Fdownload%2F1261%2F1107%2F4508,1261-Văn bản của bài báo-4508-2-10-20240330.pdf,"... bệnh trên các đối tượng nuôi thủy sản [7] ... Lan [10], Ai Cập [11], Malaysia [12], Brazil [13] ... Kết quả và bàn luận. 3.1. Kết quả phân lập và định ...",DISCOVERED_UNSCREENED
MST,most.gov.vn,DQ-EVID-03,17,https://tthc.most.gov.vn/index.php/ban_b/article/download/3708/1917/11537,Phân tích đa dạng di truyền của các giống dâu tây ( ...,"Ngoc Ai Trinh1*, Bao Loc Lam2, Khac Nhu Nghi1, Thi Thuy Duong Tran1, Thi ... Kết quả điện di với 10 chỉ thị RAPD. M là thang chuẩn (1kb). Các băng đa ...",DISCOVERED_UNSCREENED
MST,most.gov.vn,DQ-EVID-03,18,https://tthc.most.gov.vn/index.php/ban_b/article/download/3838/1896/11387,Đổi mới mô hình đào tạo tiến sỹ theo chuẩn quốc tế trong,"Kết quả cho thấy, các quốc gia và khu vực đều nhấn mạnh gắn kết đào tạo tiến sỹ với chiến lược phát triển, chuẩn hóa khung năng lực, quốc tế hóa mô hình đào ...",DISCOVERED_UNSCREENED
MST,most.gov.vn,DQ-EVID-03,19,https://tthc.most.gov.vn/index.php/ban_b/article/download/573/567/2221,Tái cấu trúc đầu tư công trong khuôn khổ đổi mới mô hình ...,"Đánh giá tác động của đầu tư công tới chuyển dịch cơ cấu kinh tế, kết quả ước lượng của mô hình cho thấy, mối quan hệ giữa đầu tư công và ...",DISCOVERED_UNSCREENED
MST,most.gov.vn,DQ-EVID-03,20,https://tthc.most.gov.vn/index.php/ban_b/issue/view/97,Tập 64 - Số 10ĐB - Tháng 10 năm 2022,Nghiên cứu phát triển hệ thống xác thực khuôn mặt 2 yếu tố bảo mật sử dụng công nghệ mã F-QR ẩn trên thẻ ID bằng laser 1064 nm và AI camera. Bành Quốc Tuấn ...,DISCOVERED_UNSCREENED
MST,most.gov.vn,DQ-EVID-03,21,https://tthc.most.gov.vn/index.php/ban_b/article/download/1207/1076,Điều tra thành phần loài và kinh nghiệm sử dụng cây ăn ...,"Kết quả bảng 5 cho thấy, quả và lá là hai bộ phận được khai thác chủ yếu lần ... món dễ ăn, nhưng rất an toàn cho những ai yếu bụng. Nậm pịa khi mới ăn ...",DISCOVERED_UNSCREENED
MST,most.gov.vn,DQ-EVID-03,22,https://tthc.most.gov.vn/index.php/ban_b/article/download/330/321,Thâu tóm doanh nghiệp trong giai oạn hiện nay,"Phương pháp này kết hợp với “viên thuốc độc” tạo nên một hệ thống phòng thủ ... không ai khác là các cổ đông nhỏ, lẻ. Vì vậy, nếu có thể được thì các ...",DISCOVERED_UNSCREENED
MST,most.gov.vn,DQ-EVID-03,23,https://www.most.gov.vn/Images/FileVanBan/TTB_1279336905.doc,chÝnh phñ,"... ai được xâm phạm. Bảo đảm an toàn, an ninh cho các hệ thống thiết bị và ... kết, hoạt động chung giữa các thành viên;. b) Mạng Internet dùng riêng có ...",DISCOVERED_UNSCREENED
MST,most.gov.vn,DQ-EVID-03,24,https://tthc.most.gov.vn/index.php/ban_b/article/download/493/484/1894,Tín ngưỡng Bà ThủyLong: Phức thể liên văn hóa,"by BTL Belief · Cited by 3 — Ngô Văn Doanh đề xuất một giả thuyết rất mới rằng, thần Po Riyak với tên dân gian Chăm Eh Wa hoặc Cha - Aid. Va là sự vay mượn của Ai-Khadir (Ông Xanh, Ngài ...",DISCOVERED_UNSCREENED
MST,most.gov.vn,DQ-EVID-03,25,https://tthc.most.gov.vn/index.php/ban_b/article/download/1235/1097,Giới thiệu sơ lược về tam Tổ Thiền phái Trúc Lâm Việt Nam,"by ĐT Đông · Cited by 2 — một ai khác” [4]. Theo Tuệ Trung Thượng sỹ, Phật vốn ở trong tâm mỗi người ... đó tập hợp được khối đoàn kết tất cả mọi giai tầng trong xã hội, góp ...",DISCOVERED_UNSCREENED
MST,most.gov.vn,DQ-EVID-03,26,https://tthc.most.gov.vn/index.php/ban_b/article/download/578/573,Giá trị của các huyền thoại về nguồn gốc tộc người trong việc,"nguồn gốc các tộc người [21] của ông thể hiện kết quả của việc thu thập, nghiên cứu so sánh rất công phu các bản truyện kể về nạn hồng thủy của các tộc ...",DISCOVERED_UNSCREENED
MST,most.gov.vn,DQ-EVID-03,27,https://tthc.most.gov.vn/index.php/ban_b/article/download/1103/1002,Thế chấp tài sản trí tuệ - Những khía cạnh pháp lý và thực ...,"các bên định giá khi thực hiện giao kết hợp đồng thế chấp hoặc thậm chí không ai mua sáng chế do công nghệ đã lỗi thời. Tương tự, đối với việc thế chấp nhãn ...",DISCOVERED_UNSCREENED
MST,most.gov.vn,DQ-EVID-03,28,https://tthc.most.gov.vn/index.php/ban_b/article/download/3839/1948/11727,DOI: 10.31276/VJST.2026.3839 Khoa học xã hội và nhân ...,"Chẳng hạn: “những ai trong làng tham gia đội cồng chiêng có cơ hội kiếm thêm tiền” ... Bên cạnh những kết quả đạt được, nghiên cứu này không tránh khỏi hạn chế.",DISCOVERED_UNSCREENED
MST,most.gov.vn,DQ-EVID-03,29,https://tthc.most.gov.vn/index.php/ban_b/article/download/582/576,"Mối quan hệ giữa các tôn giáoửuơnỳương, Tứ iếu ghĩa ...","by HY Feng · 2016 · Cited by 1 — vừa xây dựng quê mới, kết hợp chữa bệnh bằng tâm lý với các loại thảo dược ... khỏi chốn ưu sầu trần ai. Sự trì niệm ấy, phải thành tâm. Pháp tu Tịnh ...",DISCOVERED_UNSCREENED
MST,most.gov.vn,DQ-EVID-03,30,https://tthc.most.gov.vn/index.php/ban_b/article/download/413/405,Các tội xâm phạm tình dục: so sánh giữa Bộ luật Hình,"hy sinh, mất mát, mỗi người Việt Nam hiểu rõ hơn ai hết các giá trị của ... Theo Tổng kết và hướng dẫn đường lối xét xử tội hiếp dâm và một số tội phạm ...",DISCOVERED_UNSCREENED
UNESCO-RAM,www.unesco.org,DQ-EVID-02,1,https://www.unesco.org/en/articles/tang-cuong-nang-luc-cua-viet-nam-ve-canh-bao-som-giam-thieu-rui-ro-thien-tai-va-dam-bao-moi-truong,Tăng cường năng lực của Việt Nam về cảnh báo sớm ...,"Quick links:AIResponse to CrisisKey Challenges. Article. Tăng cường năng lực của Việt Nam về cảnh báo sớm, giảm thiểu rủi ro thiên tai và đảm ...",DISCOVERED_UNSCREENED
UNESCO-RAM,www.unesco.org,DQ-EVID-02,2,https://www.unesco.org/en/articles/design-competition-launch-graphic-50th-anniversary-viet-nam-unesco-relations,Graphic for the 50th Anniversary of Viet Nam,... trí tuệ nhân tạo tạo sinh (GenAI) dưới bất kỳ hình thức nào. Các bài dự thi có sử dụng nội dung do AI tạo ra sẽ bị loại. 10. Tuyên bố miễn ...,DISCOVERED_UNSCREENED
UNESCO-RAM,www.unesco.org,DQ-EVID-03,1,https://www.unesco.org/en/articles/tang-cuong-nang-luc-cua-viet-nam-ve-canh-bao-som-giam-thieu-rui-ro-thien-tai-va-dam-bao-moi-truong,Tăng cường năng lực của Việt Nam về cảnh báo sớm ...,"Quick links:AIResponse to CrisisKey Challenges. Article. Tăng ... Với cách tiếp cận dựa trên rủi ro, dự án hướng đến các kết quả chính sau:.",DISCOVERED_UNSCREENED
UNESCO-RAM,www.unesco.org,DQ-EVID-03,2,https://www.unesco.org/en/articles/design-competition-launch-graphic-50th-anniversary-viet-nam-unesco-relations,Graphic for the 50th Anniversary of Viet Nam,... (AI) tools. ... Quy trình nộp bài và mốc thời gian. Hạn chót nhận bài: 23h59 ngày 30 tháng 4 năm 2026 (giờ Hà Nội); Công bố kết quả: Tháng 5 năm ...,DISCOVERED_UNSCREENED
UNESCO-RAM,www.unesco.org,DQ-EVID-03,3,https://www.unesco.org/en/articles/cac-bao-cao-giam-sat-giao-duc-toan-cau-cua-unesco-hien-da-co-ban-tieng-viet,Các Báo cáo Giám sát Giáo dục Toàn cầu của UNESCO ...,Báo cáo kêu gọi tăng cường các cơ chế nhằm bảo đảm việc thực thi quyền được giáo dục và yêu cầu các chính phủ phải giải trình về các cam kết này ...,DISCOVERED_UNSCREENED
UNESCO-RAM,www.unesco.org,DQ-EVID-04,1,https://www.unesco.org/en/articles/viet-nam-launches-first-comprehensive-national-report-ai-ethics-under-unesco-framework,Viet Nam launches first comprehensive national report on ...,The RAM Report highlights Viet Nam's strong progress in AI governance ... Viet Nam launches first comprehensive national report on AI ethics ...,DISCOVERED_UNSCREENED
UNESCO-RAM,www.unesco.org,DQ-EVID-04,2,https://www.unesco.org/en/articles/vietnam-global-forum-ethics-ai,Vietnam at the Global Forum on the Ethics of AI,Vietnam joins global leaders at UNESCO's AI Ethics Forum ... Country page: Viet Nam · Region: Asia and the Pacific · UNESCO Office in Hanoi ...,DISCOVERED_UNSCREENED
UNESCO-RAM,www.unesco.org,DQ-EVID-04,3,https://www.unesco.org/en/forum-ethics-ai,Global Forum on the Ethics of AI - Artificial Intelligence,... AI Governance. ... The Forum also featured the launch of various UNESCO initiatives including the Global AI Ethics Observatory and UNESCO AI Ethics Experts ...,DISCOVERED_UNSCREENED
UNESCO-RAM,www.unesco.org,DQ-EVID-04,4,https://www.unesco.org/en/node/195566,Supporting Member States in implementing UNESCO's ...,"... Impact Assessment (EIA), as well as the creation and ... Viet Nam launches first comprehensive national report on AI ethics under UNESCO framework.",DISCOVERED_UNSCREENED
UNESCO-RAM,www.unesco.org,DQ-EVID-04,5,https://www.unesco.org/en/articles/bangkok-sets-pace-ai-ethics-highlights-unescos-3rd-global-forum-ethics-ai,Bangkok sets the pace for AI Ethics,"Bangkok sets the pace for AI Ethics: Highlights from UNESCO's 3rd Global Forum on the Ethics of AI. Co-hosted by Thailand, the 3rd Global ...",DISCOVERED_UNSCREENED
UNESCO-RAM,www.unesco.org,DQ-EVID-04,6,https://www.unesco.org/sdg4education2030/en/knowledge-hub/advancing-equitable-and-inclusive-digital-transformation-education-viet-nam,Advancing equitable and inclusive digital transformation in ...,Advancing equitable and inclusive digital transformation in education in Viet Nam · Outcome 1: Transform teaching and learning through digital innovation.,DISCOVERED_UNSCREENED
UNESCO-RAM,www.unesco.org,DQ-EVID-04,7,https://www.unesco.org/sites/default/files/medias/fichiers/2024/09/Contributions%20Secteurs%20220%20EX%2021.I.pdf,Contributions provided by the sectors on the general ...,"UNESCO also held a Policy Dialogue on AI Governance – Supervision of AI, Democracy, and Synthetic Content on 27 and 28 June 2024. The first day was dedicated to ...",DISCOVERED_UNSCREENED
UNESCO-RAM,www.unesco.org,DQ-EVID-04,8,https://www.unesco.org/en/articles/global-youth-lead-way-media-and-information-literacy-meet-unesco-hackathon-2025-winners,Global Youth Lead the Way in Media and Information Literacy,"A proposed Parliamentary Youth Council on Media and AI to give young people a formal voice in legislative debates on media regulation, AI ethics ...",DISCOVERED_UNSCREENED
UNESCO-RAM,www.unesco.org,DQ-EVID-04,9,https://www.unesco.org/interculturaldialogue/fr/search?sort=sort_title_desc&sort_by=search_api_relevance&sort_order=DESC&text=&page=1873,Rechercher | e-Platform on Intercultural Dialogue,"Viet Nam, Yemen, Zambia, Zimbabwe, Åland Islands ... Ai ethics, Ai governance, Ai in education, Ai ... Environmental impact assessment, Environmental ...",DISCOVERED_UNSCREENED
UNESCO-RAM,www.unesco.org,DQ-EVID-04,10,https://www.unesco.org/sites/default/files/medias/fichiers/2025/12/43-VR-15-init-multilangue-unedited.pdf,Fifteenth plenary meeting of the 43rd session of the ...,"Viet Nam explained that the proposed Decade seeks to consolidate global consensus, strengthen policy coherence, appoint UNESCO as lead agency, ...",DISCOVERED_UNSCREENED
UNESCO-RAM,www.unesco.org,DQ-EVID-04,11,https://www.unesco.org/sites/default/files/medias/fichiers/2024/09/DLW_programme_FINAL_2Sept2024_0.pdf,Programme,"• Enhancing digital citizenship: Embedding AI ethics in the Maltese ... • Mr Manos Antoninis, Director, Global Education Monitoring Report,.",DISCOVERED_UNSCREENED
UNESCO-RAM,www.unesco.org,DQ-EVID-04,12,https://www.unesco.org/en/newsroom/news,News and stories,"Viet Nam, Yemen, Zambia, Zimbabwe. Countries. Afghanistan. Albania. Algeria. Andorra ... Ai ethics, Ai governance, Ai in education, Air pollution, Ai technology ...",DISCOVERED_UNSCREENED
UNESCO-RAM,www.unesco.org,DQ-EVID-04,13,https://www.unesco.org/sites/default/files/medias/fichiers/2025/02/Contributions%20Secteurs%20221%20EX.pdf,Contributions provided by the programme sectors,"Leste, Tunisia, Türkiye, Ukraine, Uruguay, Viet Nam, and Zimbabwe. ... sphere (HLCP-IAWG White Paper on AI Governance), with inputs from 47 UN ...",DISCOVERED_UNSCREENED
UNESCO-RAM,www.unesco.org,DQ-EVID-04,14,https://www.unesco.org/reports/wwdr/2021/en/search,Search | 2021 World Water Development Report,"Viet Nam, Yemen, Zambia, Zimbabwe, Åland Islands. Countries. Afghanistan. Albania ... Ai ethics, Ai governance, Ai in education, Air pollution, Ai technology ...",DISCOVERED_UNSCREENED
UNESCO-RAM,www.unesco.org,DQ-EVID-04,15,https://www.unesco.org/sites/default/files/medias/fichiers/2024/05/UNESCO%20BEJ%20Annual%20Report%202023.pdf,Building Synergy for Peace and Sustainable Development,"The agenda covered three thematic sessions: UNESCO and UNU workstreams on AI governance, insights and latest trends in AI Ethics, and pioneering research and ...",DISCOVERED_UNSCREENED
UNESCO-RAM,www.unesco.org,DQ-EVID-04,16,https://www.unesco.org/en/days/universal-access-information-day2022/around-world,IDUAI 2022 - Celebrations around the world,"... AI Ethics in Thailand. There will be a session for experience sharing from civil society and other right holders in Thailand, Vietnam, and ...",DISCOVERED_UNSCREENED
UNESCO-RAM,www.unesco.org,DQ-EVID-04,17,https://www.unesco.org/sites/default/files/medias/fichiers/2021/11/41-VR-07-init-multilangue-unedited.pdf,41 C/VR.7 Unedited Seventh plenary meeting of the 41st ...,"I call now His Excellency Mr Mai Phan Dung, Secretary. General of Viet Nam National Commission for UNESCO. You have the floor, Sir. 39.1. M.",DISCOVERED_UNSCREENED
UNESCO-RAM,www.unesco.org,DQ-EVID-04,18,https://www.unesco.org/interculturaldialogue/zh/search?sort=sort_date_desc&sort_by=search_api_relevance&sort_order=DESC&text=&page=134,Search | e-Platform on Intercultural Dialogue,出版物. Viet Nam: Artificial Intelligence Readiness Assessment Report. Viet Nam - 24 October 2025. Publication ... AI Ethics Experts Without Borders. Wanda ...,DISCOVERED_UNSCREENED
UNESCO-RAM,www.unesco.org,DQ-EVID-04,19,https://www.unesco.org/interculturaldialogue/es/search?sort=sort_date_asc&page=956,Buscar | e-Platform on Intercultural Dialogue,"Ai ethics, Ai in education, Ai technology, Alcohol education, Algorithms, Alliances ... Constitution du Viet Nam - 1992. Viet Nam - 8 de Noviembre de 2023.",DISCOVERED_UNSCREENED
UNESCO-RAM,www.unesco.org,DQ-EVID-04,20,https://www.unesco.org/sites/default/files/medias/fichiers/2024/11/Regional%20Support%20Strategy%20for%20East%20Asia.pdf,Regional Support Strategy for East Asia,"research on AI ethics in East Asia. In 2023, significant strides were made through initiatives such as the Ethics of AI -. Readiness Assessment for Mongolia ...",DISCOVERED_UNSCREENED
UNESCO-RAM,www.unesco.org,DQ-EVID-04,21,https://www.unesco.org/interculturaldialogue/fr/search?sort=score_desc&sort_by=unesco_date&sort_order=DESC&text=&page=906,Rechercher | e-Platform on Intercultural Dialogue,"Ai ethics, Ai governance, Ai in education, Ai technology, Alcoholic ... Educational financing and budgeting in Viet Nam. Viet Nam - 25 November 2019.",DISCOVERED_UNSCREENED
UNESCO-RAM,www.unesco.org,DQ-EVID-04,22,https://www.unesco.org/creativity/sites/default/files/medias/fichiers/2024/06/387452eng.pdf,Creativity,"It is therefore feared that the entire arts and culture sector lost around a quarter of the added value it has generated in recent years, as a result of the.",DISCOVERED_UNSCREENED
UNESCO-RAM,www.unesco.org,DQ-EVID-04,23,https://www.unesco.org/en/stories,UNESCO Stories,"Viet Nam, Yemen, Zambia, Zimbabwe. Countries. Afghanistan. Albania. Algeria. Andorra ... Ai ethics, Ai governance, Ai in education, Algorithms, Alliances ...",DISCOVERED_UNSCREENED
UNESCO-RAM,www.unesco.org,DQ-EVID-04,24,https://www.unesco.org/reports/wwdr/2021/ar/search?sort=sort_date_asc&sort_by=unesco_date&sort_order=DESC&text=&page=797,بحث | 2021 World Water Development Report,Global Civil Society Organizations and Academic Network on AI Ethics and Policy ... Viet Nam - 7 مايو 2026. الأخبار. اليونسكو تعزز التأهب والاستجابة لحالات ...,DISCOVERED_UNSCREENED
UNESCO-RAM,www.unesco.org,DQ-EVID-04,25,https://www.unesco.org/sites/default/files/medias/fichiers/2024/09/Compilation%20Concept%20Notes%20ALL%2029Sept24.pdf,Transforming Knowledge for Africa's Future,... AI governance coming out of similar country contexts worldwide ... The outcome of the session will consist in the development of the ...,DISCOVERED_UNSCREENED
UNESCO-RAM,www.unesco.org,DQ-EVID-04,26,https://www.unesco.org/sites/default/files/medias/fichiers/2025/11/43-VR-08-init-multilangue-unedited.pdf,الكويت ( 1 2- السيد رئيس . مجعني أ له وصحبه آ وعلى,"Viet Nam. Excellency, you have the floor. 18.1. M. Lê Van (Viet Nam) : Monsieur le Président de la Conférence générale, Madame la Directrice ...",DISCOVERED_UNSCREENED
UNESCO-RAM,www.unesco.org,DQ-EVID-05,1,https://www.unesco.org/en/forum-ethics-ai,Global Forum on the Ethics of AI - Artificial Intelligence,"Quick links: [AI](https://www.unesco.org/en/search/artificial-intelligence) [Response to Crisis](https://www.unesco.org/en/search/emergencies) [Key Challenges](https://www.unesco.org/en/search/key-challenges)

# Global Forum on the Ethics of AI
## Discover more resources ...
UNESCO

UNESCO

UNESCO

UNESCO

UNESCO

UNESCO",DISCOVERED_UNSCREENED
UNESCO-RAM,www.unesco.org,DQ-EVID-05,2,https://www.unesco.org/en/articles/water-quality-and-emerging-pollutants-addressing-new-global-challenges,Water Quality and Emerging Pollutants: addressing new ...,"... Viet Nam. A field investigation held on Thursday 29 November marked ... quality management challenges facing Jakarta, as well as the ...",DISCOVERED_UNSCREENED
UNESCO-RAM,www.unesco.org,DQ-EVID-05,3,https://www.unesco.org/en/articles/unesco-and-cambodian-experts-conduct-joint-field-mission-transboundary-groundwater-project-target,UNESCO and Cambodian Experts Conduct Joint Field ...,"The team included technical officers from the Department of Water Quality Management, General Directorate of Environmental Protection, and ...",DISCOVERED_UNSCREENED
UNESCO-RAM,www.unesco.org,DQ-EVID-05,4,https://www.unesco.org/sdg4education2030/en/knowledge-hub/grid?field_category=All&field_country=All&field_language_target_id=All&field_themes=211&page=0&sort_by=unesco_country_label&sort_order=ASC&sort=sort_country_desc,SDG 4 Knowledge Hub - Grid,"## ![Viet Nam](https://www.unesco.org/sites/default/files/countries/VN.svg)Viet Nam
[![](https://www.unesco.org/sdg4education2030/sites/default/files/styles/small_fixed/public/structured_data/ed3002/5090230_AT3GP116_Process-oriented-Child-Monitoring-photo_5.jpg.webp?itok=gIW-Pj-4&width=289&height=192)\ \ \",DISCOVERED_UNSCREENED
UNESCO-RAM,www.unesco.org,DQ-EVID-05,5,https://www.unesco.org/sites/default/files/medias/fichiers/2026/01/List%20of%20UNESCO%20Chairs%20and%20UNITWIN%20Networks%2012%20January%202026.pdf,List of UNESCO Chairs and UNITWIN Networks ...,transformation; Artificial intelligence; Health. Lauro Fernando ... UNESCO Chair in Quality Management of. Higher Education and Lifelong ...,DISCOVERED_UNSCREENED
UNESCO-RAM,www.unesco.org,DQ-EVID-05,6,https://www.unesco.org/interculturaldialogue/fr/search?sort=sort_title_desc&sort_by=search_api_relevance&sort_order=DESC&text=&page=1873,Rechercher | e-Platform on Intercultural Dialogue,"Service d'évaluation et d'audit · Réforme ... Viet Nam, Yemen, Zambia, Zimbabwe, Åland Islands ... Artificial intelligence, Artificial Intelligence ...",DISCOVERED_UNSCREENED
UNESCO-RAM,www.unesco.org,DQ-EVID-05,7,https://www.unesco.org/sites/default/files/medias/fichiers/2025/12/43-VR-15-init-multilangue-unedited.pdf,Fifteenth plenary meeting of the 43rd session of the ...,... audit opinion. The External Auditor had praised the Secretariat's ... 10.19 The Delegation of Viet Nam stressed that culture drives ...,DISCOVERED_UNSCREENED
UNESCO-RAM,www.unesco.org,DQ-EVID-05,8,https://www.unesco.org/sdg4education2030/fr/node/25/list,SDG 4 Knowledge Hub - List,Advancing equitable and inclusive digital transformation in education in Viet Nam · Bridging the Education Gap in Ethiopia with AI Powered Offline Digital ...,DISCOVERED_UNSCREENED
UNESCO-RAM,www.unesco.org,DQ-EVID-05,9,https://www.unesco.org/sites/default/files/medias/fichiers/2025/11/List%20of%20UNESCO%20Chairs%20and%20UNITWIN%20Networks%2006%20November%202025.pdf,List of UNESCO Chairs and UNITWIN Networks ...,UNESCO Chair in Quality Management of. Higher Education and ... Artificial intelligence; Health. Lauro Fernando Pesántez Avilés http ...,DISCOVERED_UNSCREENED
UNESCO-RAM,www.unesco.org,DQ-EVID-05,10,https://www.unesco.org/sdg4education2030/fr/node/25/grid,SDG 4 Knowledge Hub - Grille,"Service d'évaluation et d'audit · Réforme / Transformation stratégique ... Viet Nam, Yemen, Zambia, Zimbabwe. Pays. Afghanistan. Albania. Algeria. Andorra.",DISCOVERED_UNSCREENED
UNESCO-RAM,www.unesco.org,DQ-EVID-05,11,https://www.unesco.org/sites/default/files/medias/fichiers/2023/05/en-EX-17-presentation.pdf,draft programme and budget 2024-2025 42 c/5,"Recommendation on the Ethics of AI, developing national AI strategies based on ethics. ... impact of artificial intelligence (IP5). Continued ...",DISCOVERED_UNSCREENED
UNESCO-RAM,www.unesco.org,DQ-EVID-05,12,https://www.unesco.org/creativity/fr/policy-monitoring-platform/list,Plateforme de suivi des politiques - List,"Program – Digital environment and artificial intelligence (AI). 2024. Canada ... Viet Nam (June 14, 2023) and the implementation of the UK/Viet Nam ...",DISCOVERED_UNSCREENED
UNESCO-RAM,www.unesco.org,DQ-EVID-05,13,https://www.unesco.org/sites/default/files/medias/fichiers/2025/09/222_PG_report.pdf,Report of the Preparatory Group,"19 government ministers, to discuss artificial intelligence (AI) and the future of education. ... Viet Nam asked why the MCA and the WCF ...",DISCOVERED_UNSCREENED
UNESCO-RAM,www.unesco.org,DQ-EVID-05,14,https://www.unesco.org/interculturaldialogue/fr/search?sort=score_desc&sort_by=unesco_date&sort_order=DESC&text=&page=906,Rechercher | e-Platform on Intercultural Dialogue,"Artificial intelligence, Artificial Intelligence: The promises and the ... Educational financing and budgeting in Viet Nam. Viet Nam - 25 November 2019.",DISCOVERED_UNSCREENED
UNESCO-RAM,www.unesco.org,DQ-EVID-05,15,https://www.unesco.org/sdg4education2030/sites/default/files/medias/fichiers/2024/02/4th%20APMED%202030%20Meeting%20Summary%20Report_draft%20for%20review_TWG.pdf,4th Asia Pacific Meeting on Education 2030 (APMED2030),"Quality Management System. ECCD. Early Childhood Care and ... Viet Nam and Mr. Sang Hoon Bae,. Processor and Director of the Center ...",DISCOVERED_UNSCREENED
UNESCO-RAM,www.unesco.org,DQ-EVID-05,16,https://www.unesco.org/ar/unitwin/list,UNESCO Chairs and UNITWIN Networks - List,"UNESCO Chair on Artificial Intelligence, Emerging Technologies and Innovations for Society ... UNESCO Chair in Quality Management of Higher Education and ...",DISCOVERED_UNSCREENED
UNESCO-RAM,www.unesco.org,DQ-EVID-05,17,https://www.unesco.org/sdg4education2030/en/knowledge-hub/list,SDG 4 Knowledge Hub - List,"Viet Nam

Vietnamese",DISCOVERED_UNSCREENED
UNESCO-RAM,www.unesco.org,DQ-EVID-05,18,https://www.unesco.org/creativity/fr/ifcd/results?items_per_page=40&page=13,FIDC | Résultats du dernier appel à projets,"Service d'évaluation et d'audit · Réforme / Transformation stratégique ... Viet Nam, 75699, Non Preselected, 0.0. 2023-12019, Mapping and advancing the ...",DISCOVERED_UNSCREENED
UNESCO-RAM,www.unesco.org,DQ-EVID-05,19,https://www.unesco.org/creativity/sites/default/files/medias/fichiers/2022/12/7cp_4_draft_summary_record_en.pdf,7 CP,"Togo, and Viet Nam. She recalled that the overall funding target ... General Conference had examined the final report on the audit of the ...",DISCOVERED_UNSCREENED
UNESCO-RAM,www.unesco.org,DQ-EVID-05,20,https://www.unesco.org/creativity/sites/default/files/medias/fichiers/2025/02/UNITED%20KINGDOM%20OF%20GREAT%20BRITAIN%20AND%20NORTHERN%20IRELAND_QPR_2024.pdf,quadrennial periodic report united kingdom of great britain ...,"The EDI Plan has identified a number of actions to complete going forward, including but not limited to: completing an Equality, Diversity and Inclusion Audit, ...",DISCOVERED_UNSCREENED
WHO-VNM,www.who.int,DQ-IMPL-03,1,https://www.who.int/vietnam/news/speeches/speech/speech-by-dr-angela-pratt-at-the-ai-in-health-conference,Speech by Dr Angela Pratt at the AI in Health Conference,"# Speech by Dr Angela Pratt at the AI in Health Conference
I know you will hear a lot over the course of your conference about the opportunities in AI for improving health and health care: here in Viet Nam, AI is already being used to analyze chest X-rays for multiple conditions, and optimize personalized treatment plans for different types of cancer, significantly improving accuracy and efficiency. Hospitals are increasingly adopting advanced robotic surgery systems to perform minimally invasive procedures with unprecedented precision, in fields ranging from general laparoscopy to complex neurosurgery.

To ensure the potential of digital health for improving health can be realized, we need an enabling environment, grounded in strong governance – to implement the transformation ethically, safely, securely and equitably.

Balancing the opportunities and the risks is core to WHO’s work on AI in health care, which includes providing guidance, frameworks and partnerships to help ensure the ethical, equitable and safe use of AI in health systems.

In the past six months, the Government of Viet Nam has been developing a strong policy foundation to advance AI in health care. Complementing these efforts, the National Assembly passed a resolution in February, emphasizing the critical need for ethical AI governance and safeguarding patient safety. Together, these policies demonstrate Viet Nam's commitment to harnessing AI's potential while ensuring responsible and equitable health-care innovation.",DISCOVERED_UNSCREENED
WHO-VNM,www.who.int,DQ-IMPL-03,2,https://www.who.int/papuanewguinea/news/detail-global/20-03-2026-towards-responsible-ai-for-mental-health-and-well-being--experts-chart-a-way-forward,Towards responsible AI for mental health and well-being,"Viet Nam · Wallis and Futuna ... AI governance in health is grounded in evidence, ethics, and the ...",DISCOVERED_UNSCREENED
WHO-VNM,www.who.int,DQ-IMPL-03,3,https://www.who.int/indonesia/news/releases/2,WHO | News releases,Viet Nam · Wallis and Futuna (France) ... responsible AI adoption for health in South-East Asia. Recognizing that the ...,DISCOVERED_UNSCREENED
WHO-VNM,www.who.int,DQ-IMPL-03,4,https://www.who.int/westernpacific/about/governance/regional-committee/session-76/social-media-pack,RCM76 Social Media Kit,"WHO supports countries to build governance, capacity, and shared learning for responsible AI adoption. Example post: AI can extend the reach of our health ...",DISCOVERED_UNSCREENED
WHO-VNM,www.who.int,DQ-IMPL-03,5,https://www.who.int/laos/news/detail-global/10,News,Viet Nam · Wallis and Futuna ... Towards responsible AI for mental health and well-being: experts chart a way forward.,DISCOVERED_UNSCREENED
WHO-VNM,www.who.int,DQ-IMPL-03,6,https://www.who.int/teams/digital-health-and-innovation/global-repository-on-national-digital-health-strategies,Global Repository on National Digital Health Strategies,"... implementation plan, creating a Responsible AI Office for policy ... Viet Nam (CoIA country*). National Health Information System Strategic Plan 2010-2014.",DISCOVERED_UNSCREENED
WHO-VNM,www.who.int,DQ-IMPL-03,7,https://www.who.int/westernpacific/news/item/07-07-2026-global-health-learning-centre-2026-opens-in-manila--welcoming-22-fellows-from-across-the-western-pacific,Global Health Learning Centre 2026 opens in Manila ...,... responsible AI-enabled change.More interactive teaching – a shift ... Viet Nam · Wallis and Futuna ...,DISCOVERED_UNSCREENED
WHO-VNM,www.who.int,DQ-IMPL-03,8,https://www.who.int/laos/news/detail-global/68,News,Viet Nam · Wallis and Futuna (France). When ... Now what? 18 January 2024. News release. WHO releases AI ethics and governance guidance for large multi-modal ...,DISCOVERED_UNSCREENED
WHO-VNM,www.who.int,DQ-IMPL-03,9,https://www.who.int/australia/news/releases/10,WHO | News releases,Viet Nam · Wallis and Futuna ... Towards responsible AI for mental health and well-being: experts chart a way forward.,DISCOVERED_UNSCREENED
WHO-VNM,www.who.int,DQ-IMPL-03,10,https://www.who.int/data/gho/gho-redirect-pages/imr-links/cervical-cancer-screening-program,Cervical cancer screening programmes and age-specific ...,by L Bruni · 2022 · Cited by 685 — Terms and Conditions Accessibility Responsible AI · RELX. Get access. Log in. Purchase Subscribe. Access through your institution. New Subscriber: Claim access ...,DISCOVERED_UNSCREENED
