channel_id,domain,query_id,query_family,query_verbatim,method,page_attempt,retrieved_at,requested_url,http_status,error,response_bytes,body_file,body_sha256,headers_file,headers_sha256,semantic_result_urls,semantic_result_count,new_semantic_urls,stop_assessment
MOH,moh.gov.vn,DQ-EVID-01,evidence,"(""đạo đức AI"" OR ""quản trị AI"") AND (kiểm toán OR thanh tra OR giám sát)",INTERNAL_PORTAL,1,2026-08-01T04:43:29.914190+00:00,https://moh.gov.vn/tim-kiem?query=%28%22%C4%91%E1%BA%A1o%20%C4%91%E1%BB%A9c%20AI%22%20OR%20%22qu%E1%BA%A3n%20tr%E1%BB%8B%20AI%22%29%20AND%20%28ki%E1%BB%83m%20to%C3%A1n%20OR%20thanh%20tra%20OR%20gi%C3%A1m%20s%C3%A1t%29&page=1,,URLError: <urlopen error _ssl.c:999: The handshake operation timed out>,0,direct-MOH-DQ-EVID-01-p01.body,e3b0c44298fc1c149afbf4c8996fb92427ae41e4649b934ca495991b7852b855,direct-MOH-DQ-EVID-01-p01.headers.json,44136fa355b3678a1146ad16f7e8649e94fb4fc21fe77e8310c060f61caaff8a,[],0,0,CONTINUE
MOH,moh.gov.vn,DQ-EVID-01,evidence,"(""đạo đức AI"" OR ""quản trị AI"") AND (kiểm toán OR thanh tra OR giám sát)",INTERNAL_PORTAL,2,2026-08-01T04:43:42.256307+00:00,https://moh.gov.vn/tim-kiem?query=%28%22%C4%91%E1%BA%A1o%20%C4%91%E1%BB%A9c%20AI%22%20OR%20%22qu%E1%BA%A3n%20tr%E1%BB%8B%20AI%22%29%20AND%20%28ki%E1%BB%83m%20to%C3%A1n%20OR%20thanh%20tra%20OR%20gi%C3%A1m%20s%C3%A1t%29&page=2,,URLError: <urlopen error _ssl.c:999: The handshake operation timed out>,0,direct-MOH-DQ-EVID-01-p02.body,e3b0c44298fc1c149afbf4c8996fb92427ae41e4649b934ca495991b7852b855,direct-MOH-DQ-EVID-01-p02.headers.json,44136fa355b3678a1146ad16f7e8649e94fb4fc21fe77e8310c060f61caaff8a,[],0,0,TWO_CONSECUTIVE_NO_NEW
MOH,moh.gov.vn,DQ-EVID-02,evidence,"(""AI"" OR ""trí tuệ nhân tạo"") AND (sự cố OR khiếu nại OR khắc phục) AND (y tế OR bệnh viện)",INTERNAL_PORTAL,1,2026-08-01T04:43:29.953814+00:00,https://moh.gov.vn/tim-kiem?query=%28%22AI%22%20OR%20%22tr%C3%AD%20tu%E1%BB%87%20nh%C3%A2n%20t%E1%BA%A1o%22%29%20AND%20%28s%E1%BB%B1%20c%E1%BB%91%20OR%20khi%E1%BA%BFu%20n%E1%BA%A1i%20OR%20kh%E1%BA%AFc%20ph%E1%BB%A5c%29%20AND%20%28y%20t%E1%BA%BF%20OR%20b%E1%BB%87nh%20vi%E1%BB%87n%29&page=1,,URLError: <urlopen error _ssl.c:999: The handshake operation timed out>,0,direct-MOH-DQ-EVID-02-p01.body,e3b0c44298fc1c149afbf4c8996fb92427ae41e4649b934ca495991b7852b855,direct-MOH-DQ-EVID-02-p01.headers.json,44136fa355b3678a1146ad16f7e8649e94fb4fc21fe77e8310c060f61caaff8a,[],0,0,CONTINUE
MOH,moh.gov.vn,DQ-EVID-02,evidence,"(""AI"" OR ""trí tuệ nhân tạo"") AND (sự cố OR khiếu nại OR khắc phục) AND (y tế OR bệnh viện)",INTERNAL_PORTAL,2,2026-08-01T04:43:42.234143+00:00,https://moh.gov.vn/tim-kiem?query=%28%22AI%22%20OR%20%22tr%C3%AD%20tu%E1%BB%87%20nh%C3%A2n%20t%E1%BA%A1o%22%29%20AND%20%28s%E1%BB%B1%20c%E1%BB%91%20OR%20khi%E1%BA%BFu%20n%E1%BA%A1i%20OR%20kh%E1%BA%AFc%20ph%E1%BB%A5c%29%20AND%20%28y%20t%E1%BA%BF%20OR%20b%E1%BB%87nh%20vi%E1%BB%87n%29&page=2,,URLError: <urlopen error _ssl.c:999: The handshake operation timed out>,0,direct-MOH-DQ-EVID-02-p02.body,e3b0c44298fc1c149afbf4c8996fb92427ae41e4649b934ca495991b7852b855,direct-MOH-DQ-EVID-02-p02.headers.json,44136fa355b3678a1146ad16f7e8649e94fb4fc21fe77e8310c060f61caaff8a,[],0,0,TWO_CONSECUTIVE_NO_NEW
MOH,moh.gov.vn,DQ-EVID-03,evidence,"(""AI"" OR ""trí tuệ nhân tạo"") AND (""đánh giá tác động"" OR kết quả) AND (y tế OR bệnh viện)",INTERNAL_PORTAL,1,2026-08-01T04:43:29.895086+00:00,https://moh.gov.vn/tim-kiem?query=%28%22AI%22%20OR%20%22tr%C3%AD%20tu%E1%BB%87%20nh%C3%A2n%20t%E1%BA%A1o%22%29%20AND%20%28%22%C4%91%C3%A1nh%20gi%C3%A1%20t%C3%A1c%20%C4%91%E1%BB%99ng%22%20OR%20k%E1%BA%BFt%20qu%E1%BA%A3%29%20AND%20%28y%20t%E1%BA%BF%20OR%20b%E1%BB%87nh%20vi%E1%BB%87n%29&page=1,,URLError: <urlopen error _ssl.c:999: The handshake operation timed out>,0,direct-MOH-DQ-EVID-03-p01.body,e3b0c44298fc1c149afbf4c8996fb92427ae41e4649b934ca495991b7852b855,direct-MOH-DQ-EVID-03-p01.headers.json,44136fa355b3678a1146ad16f7e8649e94fb4fc21fe77e8310c060f61caaff8a,[],0,0,CONTINUE
MOH,moh.gov.vn,DQ-EVID-03,evidence,"(""AI"" OR ""trí tuệ nhân tạo"") AND (""đánh giá tác động"" OR kết quả) AND (y tế OR bệnh viện)",INTERNAL_PORTAL,2,2026-08-01T04:43:42.173416+00:00,https://moh.gov.vn/tim-kiem?query=%28%22AI%22%20OR%20%22tr%C3%AD%20tu%E1%BB%87%20nh%C3%A2n%20t%E1%BA%A1o%22%29%20AND%20%28%22%C4%91%C3%A1nh%20gi%C3%A1%20t%C3%A1c%20%C4%91%E1%BB%99ng%22%20OR%20k%E1%BA%BFt%20qu%E1%BA%A3%29%20AND%20%28y%20t%E1%BA%BF%20OR%20b%E1%BB%87nh%20vi%E1%BB%87n%29&page=2,,URLError: <urlopen error _ssl.c:999: The handshake operation timed out>,0,direct-MOH-DQ-EVID-03-p02.body,e3b0c44298fc1c149afbf4c8996fb92427ae41e4649b934ca495991b7852b855,direct-MOH-DQ-EVID-03-p02.headers.json,44136fa355b3678a1146ad16f7e8649e94fb4fc21fe77e8310c060f61caaff8a,[],0,0,TWO_CONSECUTIVE_NO_NEW
MOH,moh.gov.vn,DQ-EVID-04,evidence,"(""AI ethics"" OR ""AI governance"") AND (audit OR inspection OR monitoring OR incident OR complaint OR redress OR ""impact assessment"" OR outcome OR result) AND (Vietnam OR ""Viet Nam"") AND (health OR hospital)",INTERNAL_PORTAL,1,2026-08-01T04:43:53.441436+00:00,https://moh.gov.vn/tim-kiem?query=%28%22AI%20ethics%22%20OR%20%22AI%20governance%22%29%20AND%20%28audit%20OR%20inspection%20OR%20monitoring%20OR%20incident%20OR%20complaint%20OR%20redress%20OR%20%22impact%20assessment%22%20OR%20outcome%20OR%20result%29%20AND%20%28Vietnam%20OR%20%22Viet%20Nam%22%29%20AND%20%28health%20OR%20hospital%29&page=1,,URLError: <urlopen error _ssl.c:999: The handshake operation timed out>,0,direct-MOH-DQ-EVID-04-p01.body,e3b0c44298fc1c149afbf4c8996fb92427ae41e4649b934ca495991b7852b855,direct-MOH-DQ-EVID-04-p01.headers.json,44136fa355b3678a1146ad16f7e8649e94fb4fc21fe77e8310c060f61caaff8a,[],0,0,CONTINUE
MOH,moh.gov.vn,DQ-EVID-04,evidence,"(""AI ethics"" OR ""AI governance"") AND (audit OR inspection OR monitoring OR incident OR complaint OR redress OR ""impact assessment"" OR outcome OR result) AND (Vietnam OR ""Viet Nam"") AND (health OR hospital)",INTERNAL_PORTAL,2,2026-08-01T04:44:06.420495+00:00,https://moh.gov.vn/tim-kiem?query=%28%22AI%20ethics%22%20OR%20%22AI%20governance%22%29%20AND%20%28audit%20OR%20inspection%20OR%20monitoring%20OR%20incident%20OR%20complaint%20OR%20redress%20OR%20%22impact%20assessment%22%20OR%20outcome%20OR%20result%29%20AND%20%28Vietnam%20OR%20%22Viet%20Nam%22%29%20AND%20%28health%20OR%20hospital%29&page=2,,URLError: <urlopen error _ssl.c:999: The handshake operation timed out>,0,direct-MOH-DQ-EVID-04-p02.body,e3b0c44298fc1c149afbf4c8996fb92427ae41e4649b934ca495991b7852b855,direct-MOH-DQ-EVID-04-p02.headers.json,44136fa355b3678a1146ad16f7e8649e94fb4fc21fe77e8310c060f61caaff8a,[],0,0,TWO_CONSECUTIVE_NO_NEW
MOH,moh.gov.vn,DQ-EVID-05,evidence,"(""artificial intelligence"" OR AI) AND (""post-implementation monitoring"" OR ""post-market surveillance"" OR ""incident reporting"" OR ""quality management"" OR ""effectiveness evaluation"" OR audit) AND (Vietnam OR ""Viet Nam"") AND (health OR hospital OR ""provincial health department"")",INTERNAL_PORTAL,1,2026-08-01T04:43:53.708216+00:00,https://moh.gov.vn/tim-kiem?query=%28%22artificial%20intelligence%22%20OR%20AI%29%20AND%20%28%22post-implementation%20monitoring%22%20OR%20%22post-market%20surveillance%22%20OR%20%22incident%20reporting%22%20OR%20%22quality%20management%22%20OR%20%22effectiveness%20evaluation%22%20OR%20audit%29%20AND%20%28Vietnam%20OR%20%22Viet%20Nam%22%29%20AND%20%28health%20OR%20hospital%20OR%20%22provincial%20health%20department%22%29&page=1,,URLError: <urlopen error _ssl.c:999: The handshake operation timed out>,0,direct-MOH-DQ-EVID-05-p01.body,e3b0c44298fc1c149afbf4c8996fb92427ae41e4649b934ca495991b7852b855,direct-MOH-DQ-EVID-05-p01.headers.json,44136fa355b3678a1146ad16f7e8649e94fb4fc21fe77e8310c060f61caaff8a,[],0,0,CONTINUE
MOH,moh.gov.vn,DQ-EVID-05,evidence,"(""artificial intelligence"" OR AI) AND (""post-implementation monitoring"" OR ""post-market surveillance"" OR ""incident reporting"" OR ""quality management"" OR ""effectiveness evaluation"" OR audit) AND (Vietnam OR ""Viet Nam"") AND (health OR hospital OR ""provincial health department"")",INTERNAL_PORTAL,2,2026-08-01T04:44:06.375418+00:00,https://moh.gov.vn/tim-kiem?query=%28%22artificial%20intelligence%22%20OR%20AI%29%20AND%20%28%22post-implementation%20monitoring%22%20OR%20%22post-market%20surveillance%22%20OR%20%22incident%20reporting%22%20OR%20%22quality%20management%22%20OR%20%22effectiveness%20evaluation%22%20OR%20audit%29%20AND%20%28Vietnam%20OR%20%22Viet%20Nam%22%29%20AND%20%28health%20OR%20hospital%20OR%20%22provincial%20health%20department%22%29&page=2,,URLError: <urlopen error _ssl.c:999: The handshake operation timed out>,0,direct-MOH-DQ-EVID-05-p02.body,e3b0c44298fc1c149afbf4c8996fb92427ae41e4649b934ca495991b7852b855,direct-MOH-DQ-EVID-05-p02.headers.json,44136fa355b3678a1146ad16f7e8649e94fb4fc21fe77e8310c060f61caaff8a,[],0,0,TWO_CONSECUTIVE_NO_NEW
MOH,moh.gov.vn,DQ-IMPL-01,implementation,"(""đạo đức AI"" OR ""AI có trách nhiệm"" OR ""quản trị AI"") AND (kế hoạch OR triển khai OR áp dụng OR thí điểm)",INTERNAL_PORTAL,1,2026-08-01T04:43:29.953814+00:00,https://moh.gov.vn/tim-kiem?query=%28%22%C4%91%E1%BA%A1o%20%C4%91%E1%BB%A9c%20AI%22%20OR%20%22AI%20c%C3%B3%20tr%C3%A1ch%20nhi%E1%BB%87m%22%20OR%20%22qu%E1%BA%A3n%20tr%E1%BB%8B%20AI%22%29%20AND%20%28k%E1%BA%BF%20ho%E1%BA%A1ch%20OR%20tri%E1%BB%83n%20khai%20OR%20%C3%A1p%20d%E1%BB%A5ng%20OR%20th%C3%AD%20%C4%91i%E1%BB%83m%29&page=1,,URLError: <urlopen error _ssl.c:999: The handshake operation timed out>,0,direct-MOH-DQ-IMPL-01-p01.body,e3b0c44298fc1c149afbf4c8996fb92427ae41e4649b934ca495991b7852b855,direct-MOH-DQ-IMPL-01-p01.headers.json,44136fa355b3678a1146ad16f7e8649e94fb4fc21fe77e8310c060f61caaff8a,[],0,0,CONTINUE
MOH,moh.gov.vn,DQ-IMPL-01,implementation,"(""đạo đức AI"" OR ""AI có trách nhiệm"" OR ""quản trị AI"") AND (kế hoạch OR triển khai OR áp dụng OR thí điểm)",INTERNAL_PORTAL,2,2026-08-01T04:43:42.209840+00:00,https://moh.gov.vn/tim-kiem?query=%28%22%C4%91%E1%BA%A1o%20%C4%91%E1%BB%A9c%20AI%22%20OR%20%22AI%20c%C3%B3%20tr%C3%A1ch%20nhi%E1%BB%87m%22%20OR%20%22qu%E1%BA%A3n%20tr%E1%BB%8B%20AI%22%29%20AND%20%28k%E1%BA%BF%20ho%E1%BA%A1ch%20OR%20tri%E1%BB%83n%20khai%20OR%20%C3%A1p%20d%E1%BB%A5ng%20OR%20th%C3%AD%20%C4%91i%E1%BB%83m%29&page=2,,URLError: <urlopen error _ssl.c:999: The handshake operation timed out>,0,direct-MOH-DQ-IMPL-01-p02.body,e3b0c44298fc1c149afbf4c8996fb92427ae41e4649b934ca495991b7852b855,direct-MOH-DQ-IMPL-01-p02.headers.json,44136fa355b3678a1146ad16f7e8649e94fb4fc21fe77e8310c060f61caaff8a,[],0,0,TWO_CONSECUTIVE_NO_NEW
MOH,moh.gov.vn,DQ-IMPL-02,implementation,"(""đạo đức AI"" OR ""AI có trách nhiệm"" OR ""quản trị AI"") AND (""Bộ Y tế"" OR bệnh viện OR ""cơ sở khám bệnh, chữa bệnh"")",INTERNAL_PORTAL,1,2026-08-01T04:43:28.878965+00:00,https://moh.gov.vn/tim-kiem?query=%28%22%C4%91%E1%BA%A1o%20%C4%91%E1%BB%A9c%20AI%22%20OR%20%22AI%20c%C3%B3%20tr%C3%A1ch%20nhi%E1%BB%87m%22%20OR%20%22qu%E1%BA%A3n%20tr%E1%BB%8B%20AI%22%29%20AND%20%28%22B%E1%BB%99%20Y%20t%E1%BA%BF%22%20OR%20b%E1%BB%87nh%20vi%E1%BB%87n%20OR%20%22c%C6%A1%20s%E1%BB%9F%20kh%C3%A1m%20b%E1%BB%87nh%2C%20ch%E1%BB%AFa%20b%E1%BB%87nh%22%29&page=1,,URLError: <urlopen error _ssl.c:999: The handshake operation timed out>,0,direct-MOH-DQ-IMPL-02-p01.body,e3b0c44298fc1c149afbf4c8996fb92427ae41e4649b934ca495991b7852b855,direct-MOH-DQ-IMPL-02-p01.headers.json,44136fa355b3678a1146ad16f7e8649e94fb4fc21fe77e8310c060f61caaff8a,[],0,0,CONTINUE
MOH,moh.gov.vn,DQ-IMPL-02,implementation,"(""đạo đức AI"" OR ""AI có trách nhiệm"" OR ""quản trị AI"") AND (""Bộ Y tế"" OR bệnh viện OR ""cơ sở khám bệnh, chữa bệnh"")",INTERNAL_PORTAL,2,2026-08-01T04:43:41.139387+00:00,https://moh.gov.vn/tim-kiem?query=%28%22%C4%91%E1%BA%A1o%20%C4%91%E1%BB%A9c%20AI%22%20OR%20%22AI%20c%C3%B3%20tr%C3%A1ch%20nhi%E1%BB%87m%22%20OR%20%22qu%E1%BA%A3n%20tr%E1%BB%8B%20AI%22%29%20AND%20%28%22B%E1%BB%99%20Y%20t%E1%BA%BF%22%20OR%20b%E1%BB%87nh%20vi%E1%BB%87n%20OR%20%22c%C6%A1%20s%E1%BB%9F%20kh%C3%A1m%20b%E1%BB%87nh%2C%20ch%E1%BB%AFa%20b%E1%BB%87nh%22%29&page=2,,URLError: <urlopen error _ssl.c:999: The handshake operation timed out>,0,direct-MOH-DQ-IMPL-02-p02.body,e3b0c44298fc1c149afbf4c8996fb92427ae41e4649b934ca495991b7852b855,direct-MOH-DQ-IMPL-02-p02.headers.json,44136fa355b3678a1146ad16f7e8649e94fb4fc21fe77e8310c060f61caaff8a,[],0,0,TWO_CONSECUTIVE_NO_NEW
MOH,moh.gov.vn,DQ-IMPL-03,implementation,"(""responsible AI"" OR ""AI governance"" OR ""AI ethics"") AND (implementation OR adoption OR uptake OR plan OR pilot) AND (Vietnam OR ""Viet Nam"") AND (health OR hospital OR clinical)",INTERNAL_PORTAL,1,2026-08-01T04:43:28.898161+00:00,https://moh.gov.vn/tim-kiem?query=%28%22responsible%20AI%22%20OR%20%22AI%20governance%22%20OR%20%22AI%20ethics%22%29%20AND%20%28implementation%20OR%20adoption%20OR%20uptake%20OR%20plan%20OR%20pilot%29%20AND%20%28Vietnam%20OR%20%22Viet%20Nam%22%29%20AND%20%28health%20OR%20hospital%20OR%20clinical%29&page=1,,URLError: <urlopen error _ssl.c:999: The handshake operation timed out>,0,direct-MOH-DQ-IMPL-03-p01.body,e3b0c44298fc1c149afbf4c8996fb92427ae41e4649b934ca495991b7852b855,direct-MOH-DQ-IMPL-03-p01.headers.json,44136fa355b3678a1146ad16f7e8649e94fb4fc21fe77e8310c060f61caaff8a,[],0,0,CONTINUE
MOH,moh.gov.vn,DQ-IMPL-03,implementation,"(""responsible AI"" OR ""AI governance"" OR ""AI ethics"") AND (implementation OR adoption OR uptake OR plan OR pilot) AND (Vietnam OR ""Viet Nam"") AND (health OR hospital OR clinical)",INTERNAL_PORTAL,2,2026-08-01T04:43:41.192576+00:00,https://moh.gov.vn/tim-kiem?query=%28%22responsible%20AI%22%20OR%20%22AI%20governance%22%20OR%20%22AI%20ethics%22%29%20AND%20%28implementation%20OR%20adoption%20OR%20uptake%20OR%20plan%20OR%20pilot%29%20AND%20%28Vietnam%20OR%20%22Viet%20Nam%22%29%20AND%20%28health%20OR%20hospital%20OR%20clinical%29&page=2,,URLError: <urlopen error _ssl.c:999: The handshake operation timed out>,0,direct-MOH-DQ-IMPL-03-p02.body,e3b0c44298fc1c149afbf4c8996fb92427ae41e4649b934ca495991b7852b855,direct-MOH-DQ-IMPL-03-p02.headers.json,44136fa355b3678a1146ad16f7e8649e94fb4fc21fe77e8310c060f61caaff8a,[],0,0,TWO_CONSECUTIVE_NO_NEW
MOH,moh.gov.vn,DQ-IMPL-04,implementation,"(""trí tuệ nhân tạo"" OR AI) AND (""theo dõi sau triển khai"" OR hậu kiểm OR ""giám sát sau triển khai"" OR ""đánh giá hiệu quả"") AND (y tế OR bệnh viện OR ""Sở Y tế"")",INTERNAL_PORTAL,1,2026-08-01T04:43:28.897433+00:00,https://moh.gov.vn/tim-kiem?query=%28%22tr%C3%AD%20tu%E1%BB%87%20nh%C3%A2n%20t%E1%BA%A1o%22%20OR%20AI%29%20AND%20%28%22theo%20d%C3%B5i%20sau%20tri%E1%BB%83n%20khai%22%20OR%20h%E1%BA%ADu%20ki%E1%BB%83m%20OR%20%22gi%C3%A1m%20s%C3%A1t%20sau%20tri%E1%BB%83n%20khai%22%20OR%20%22%C4%91%C3%A1nh%20gi%C3%A1%20hi%E1%BB%87u%20qu%E1%BA%A3%22%29%20AND%20%28y%20t%E1%BA%BF%20OR%20b%E1%BB%87nh%20vi%E1%BB%87n%20OR%20%22S%E1%BB%9F%20Y%20t%E1%BA%BF%22%29&page=1,,URLError: <urlopen error _ssl.c:999: The handshake operation timed out>,0,direct-MOH-DQ-IMPL-04-p01.body,e3b0c44298fc1c149afbf4c8996fb92427ae41e4649b934ca495991b7852b855,direct-MOH-DQ-IMPL-04-p01.headers.json,44136fa355b3678a1146ad16f7e8649e94fb4fc21fe77e8310c060f61caaff8a,[],0,0,CONTINUE
MOH,moh.gov.vn,DQ-IMPL-04,implementation,"(""trí tuệ nhân tạo"" OR AI) AND (""theo dõi sau triển khai"" OR hậu kiểm OR ""giám sát sau triển khai"" OR ""đánh giá hiệu quả"") AND (y tế OR bệnh viện OR ""Sở Y tế"")",INTERNAL_PORTAL,2,2026-08-01T04:43:41.192576+00:00,https://moh.gov.vn/tim-kiem?query=%28%22tr%C3%AD%20tu%E1%BB%87%20nh%C3%A2n%20t%E1%BA%A1o%22%20OR%20AI%29%20AND%20%28%22theo%20d%C3%B5i%20sau%20tri%E1%BB%83n%20khai%22%20OR%20h%E1%BA%ADu%20ki%E1%BB%83m%20OR%20%22gi%C3%A1m%20s%C3%A1t%20sau%20tri%E1%BB%83n%20khai%22%20OR%20%22%C4%91%C3%A1nh%20gi%C3%A1%20hi%E1%BB%87u%20qu%E1%BA%A3%22%29%20AND%20%28y%20t%E1%BA%BF%20OR%20b%E1%BB%87nh%20vi%E1%BB%87n%20OR%20%22S%E1%BB%9F%20Y%20t%E1%BA%BF%22%29&page=2,,URLError: <urlopen error _ssl.c:999: The handshake operation timed out>,0,direct-MOH-DQ-IMPL-04-p02.body,e3b0c44298fc1c149afbf4c8996fb92427ae41e4649b934ca495991b7852b855,direct-MOH-DQ-IMPL-04-p02.headers.json,44136fa355b3678a1146ad16f7e8649e94fb4fc21fe77e8310c060f61caaff8a,[],0,0,TWO_CONSECUTIVE_NO_NEW
MOH,moh.gov.vn,DQ-IMPL-05,implementation,"(""trí tuệ nhân tạo"" OR AI) AND (""báo cáo sự cố"" OR ""quản lý chất lượng"" OR kiểm toán OR thanh tra) AND (y tế OR bệnh viện OR ""Sở Y tế"")",INTERNAL_PORTAL,1,2026-08-01T04:43:28.866650+00:00,https://moh.gov.vn/tim-kiem?query=%28%22tr%C3%AD%20tu%E1%BB%87%20nh%C3%A2n%20t%E1%BA%A1o%22%20OR%20AI%29%20AND%20%28%22b%C3%A1o%20c%C3%A1o%20s%E1%BB%B1%20c%E1%BB%91%22%20OR%20%22qu%E1%BA%A3n%20l%C3%BD%20ch%E1%BA%A5t%20l%C6%B0%E1%BB%A3ng%22%20OR%20ki%E1%BB%83m%20to%C3%A1n%20OR%20thanh%20tra%29%20AND%20%28y%20t%E1%BA%BF%20OR%20b%E1%BB%87nh%20vi%E1%BB%87n%20OR%20%22S%E1%BB%9F%20Y%20t%E1%BA%BF%22%29&page=1,,URLError: <urlopen error _ssl.c:999: The handshake operation timed out>,0,direct-MOH-DQ-IMPL-05-p01.body,e3b0c44298fc1c149afbf4c8996fb92427ae41e4649b934ca495991b7852b855,direct-MOH-DQ-IMPL-05-p01.headers.json,44136fa355b3678a1146ad16f7e8649e94fb4fc21fe77e8310c060f61caaff8a,[],0,0,CONTINUE
MOH,moh.gov.vn,DQ-IMPL-05,implementation,"(""trí tuệ nhân tạo"" OR AI) AND (""báo cáo sự cố"" OR ""quản lý chất lượng"" OR kiểm toán OR thanh tra) AND (y tế OR bệnh viện OR ""Sở Y tế"")",INTERNAL_PORTAL,2,2026-08-01T04:43:41.162314+00:00,https://moh.gov.vn/tim-kiem?query=%28%22tr%C3%AD%20tu%E1%BB%87%20nh%C3%A2n%20t%E1%BA%A1o%22%20OR%20AI%29%20AND%20%28%22b%C3%A1o%20c%C3%A1o%20s%E1%BB%B1%20c%E1%BB%91%22%20OR%20%22qu%E1%BA%A3n%20l%C3%BD%20ch%E1%BA%A5t%20l%C6%B0%E1%BB%A3ng%22%20OR%20ki%E1%BB%83m%20to%C3%A1n%20OR%20thanh%20tra%29%20AND%20%28y%20t%E1%BA%BF%20OR%20b%E1%BB%87nh%20vi%E1%BB%87n%20OR%20%22S%E1%BB%9F%20Y%20t%E1%BA%BF%22%29&page=2,,URLError: <urlopen error _ssl.c:999: The handshake operation timed out>,0,direct-MOH-DQ-IMPL-05-p02.body,e3b0c44298fc1c149afbf4c8996fb92427ae41e4649b934ca495991b7852b855,direct-MOH-DQ-IMPL-05-p02.headers.json,44136fa355b3678a1146ad16f7e8649e94fb4fc21fe77e8310c060f61caaff8a,[],0,0,TWO_CONSECUTIVE_NO_NEW
MOH,moh.gov.vn,DQ-TOOL-01,implementation_tool,"(""đánh giá tuân thủ"" OR ""tự đánh giá"") AND (""đạo đức AI"" OR ""AI có trách nhiệm"")",INTERNAL_PORTAL,1,2026-08-01T04:43:29.894088+00:00,https://moh.gov.vn/tim-kiem?query=%28%22%C4%91%C3%A1nh%20gi%C3%A1%20tu%C3%A2n%20th%E1%BB%A7%22%20OR%20%22t%E1%BB%B1%20%C4%91%C3%A1nh%20gi%C3%A1%22%29%20AND%20%28%22%C4%91%E1%BA%A1o%20%C4%91%E1%BB%A9c%20AI%22%20OR%20%22AI%20c%C3%B3%20tr%C3%A1ch%20nhi%E1%BB%87m%22%29&page=1,,URLError: <urlopen error _ssl.c:999: The handshake operation timed out>,0,direct-MOH-DQ-TOOL-01-p01.body,e3b0c44298fc1c149afbf4c8996fb92427ae41e4649b934ca495991b7852b855,direct-MOH-DQ-TOOL-01-p01.headers.json,44136fa355b3678a1146ad16f7e8649e94fb4fc21fe77e8310c060f61caaff8a,[],0,0,CONTINUE
MOH,moh.gov.vn,DQ-TOOL-01,implementation_tool,"(""đánh giá tuân thủ"" OR ""tự đánh giá"") AND (""đạo đức AI"" OR ""AI có trách nhiệm"")",INTERNAL_PORTAL,2,2026-08-01T04:43:42.280006+00:00,https://moh.gov.vn/tim-kiem?query=%28%22%C4%91%C3%A1nh%20gi%C3%A1%20tu%C3%A2n%20th%E1%BB%A7%22%20OR%20%22t%E1%BB%B1%20%C4%91%C3%A1nh%20gi%C3%A1%22%29%20AND%20%28%22%C4%91%E1%BA%A1o%20%C4%91%E1%BB%A9c%20AI%22%20OR%20%22AI%20c%C3%B3%20tr%C3%A1ch%20nhi%E1%BB%87m%22%29&page=2,,URLError: <urlopen error _ssl.c:999: The handshake operation timed out>,0,direct-MOH-DQ-TOOL-01-p02.body,e3b0c44298fc1c149afbf4c8996fb92427ae41e4649b934ca495991b7852b855,direct-MOH-DQ-TOOL-01-p02.headers.json,44136fa355b3678a1146ad16f7e8649e94fb4fc21fe77e8310c060f61caaff8a,[],0,0,TWO_CONSECUTIVE_NO_NEW
MOH,moh.gov.vn,DQ-TOOL-02,implementation_tool,"(nền tảng OR công cụ) AND (""đánh giá tuân thủ"" OR ""đánh giá tác động"") AND (""AI"" OR ""trí tuệ nhân tạo"")",INTERNAL_PORTAL,1,2026-08-01T04:43:28.943646+00:00,https://moh.gov.vn/tim-kiem?query=%28n%E1%BB%81n%20t%E1%BA%A3ng%20OR%20c%C3%B4ng%20c%E1%BB%A5%29%20AND%20%28%22%C4%91%C3%A1nh%20gi%C3%A1%20tu%C3%A2n%20th%E1%BB%A7%22%20OR%20%22%C4%91%C3%A1nh%20gi%C3%A1%20t%C3%A1c%20%C4%91%E1%BB%99ng%22%29%20AND%20%28%22AI%22%20OR%20%22tr%C3%AD%20tu%E1%BB%87%20nh%C3%A2n%20t%E1%BA%A1o%22%29&page=1,,URLError: <urlopen error _ssl.c:999: The handshake operation timed out>,0,direct-MOH-DQ-TOOL-02-p01.body,e3b0c44298fc1c149afbf4c8996fb92427ae41e4649b934ca495991b7852b855,direct-MOH-DQ-TOOL-02-p01.headers.json,44136fa355b3678a1146ad16f7e8649e94fb4fc21fe77e8310c060f61caaff8a,[],0,0,CONTINUE
MOH,moh.gov.vn,DQ-TOOL-02,implementation_tool,"(nền tảng OR công cụ) AND (""đánh giá tuân thủ"" OR ""đánh giá tác động"") AND (""AI"" OR ""trí tuệ nhân tạo"")",INTERNAL_PORTAL,2,2026-08-01T04:43:41.191383+00:00,https://moh.gov.vn/tim-kiem?query=%28n%E1%BB%81n%20t%E1%BA%A3ng%20OR%20c%C3%B4ng%20c%E1%BB%A5%29%20AND%20%28%22%C4%91%C3%A1nh%20gi%C3%A1%20tu%C3%A2n%20th%E1%BB%A7%22%20OR%20%22%C4%91%C3%A1nh%20gi%C3%A1%20t%C3%A1c%20%C4%91%E1%BB%99ng%22%29%20AND%20%28%22AI%22%20OR%20%22tr%C3%AD%20tu%E1%BB%87%20nh%C3%A2n%20t%E1%BA%A1o%22%29&page=2,,URLError: <urlopen error _ssl.c:999: The handshake operation timed out>,0,direct-MOH-DQ-TOOL-02-p02.body,e3b0c44298fc1c149afbf4c8996fb92427ae41e4649b934ca495991b7852b855,direct-MOH-DQ-TOOL-02-p02.headers.json,44136fa355b3678a1146ad16f7e8649e94fb4fc21fe77e8310c060f61caaff8a,[],0,0,TWO_CONSECUTIVE_NO_NEW
MOH-ASTT,asttmoh.vn,DQ-EVID-01,evidence,"(""đạo đức AI"" OR ""quản trị AI"") AND (kiểm toán OR thanh tra OR giám sát)",INTERNAL_PORTAL,1,2026-08-01T04:43:44.107461+00:00,https://asttmoh.vn/?s=%28%22%C4%91%E1%BA%A1o%20%C4%91%E1%BB%A9c%20AI%22%20OR%20%22qu%E1%BA%A3n%20tr%E1%BB%8B%20AI%22%29%20AND%20%28ki%E1%BB%83m%20to%C3%A1n%20OR%20thanh%20tra%20OR%20gi%C3%A1m%20s%C3%A1t%29&paged=1,403,HTTPError: HTTP Error 403: Forbidden,1886,direct-MOH-ASTT-DQ-EVID-01-p01.body,1a878369c1578109760cedcffc1f47be40fd12da167665a7a75fd3d4565e027a,direct-MOH-ASTT-DQ-EVID-01-p01.headers.json,da355e6324db70b0646477c21d386a1b0cea987af188817eeed5756daf0fb0f1,[],0,0,CONTINUE
MOH-ASTT,asttmoh.vn,DQ-EVID-01,evidence,"(""đạo đức AI"" OR ""quản trị AI"") AND (kiểm toán OR thanh tra OR giám sát)",INTERNAL_PORTAL,2,2026-08-01T04:43:45.955083+00:00,https://asttmoh.vn/?s=%28%22%C4%91%E1%BA%A1o%20%C4%91%E1%BB%A9c%20AI%22%20OR%20%22qu%E1%BA%A3n%20tr%E1%BB%8B%20AI%22%29%20AND%20%28ki%E1%BB%83m%20to%C3%A1n%20OR%20thanh%20tra%20OR%20gi%C3%A1m%20s%C3%A1t%29&paged=2,403,HTTPError: HTTP Error 403: Forbidden,1886,direct-MOH-ASTT-DQ-EVID-01-p02.body,1a878369c1578109760cedcffc1f47be40fd12da167665a7a75fd3d4565e027a,direct-MOH-ASTT-DQ-EVID-01-p02.headers.json,7caffbb955eac0400e17d5fa4b71a5324f7ac78aa160898710fe922fdda54466,[],0,0,TWO_CONSECUTIVE_NO_NEW
MOH-ASTT,asttmoh.vn,DQ-EVID-02,evidence,"(""AI"" OR ""trí tuệ nhân tạo"") AND (sự cố OR khiếu nại OR khắc phục) AND (y tế OR bệnh viện)",INTERNAL_PORTAL,1,2026-08-01T04:43:46.871882+00:00,https://asttmoh.vn/?s=%28%22AI%22%20OR%20%22tr%C3%AD%20tu%E1%BB%87%20nh%C3%A2n%20t%E1%BA%A1o%22%29%20AND%20%28s%E1%BB%B1%20c%E1%BB%91%20OR%20khi%E1%BA%BFu%20n%E1%BA%A1i%20OR%20kh%E1%BA%AFc%20ph%E1%BB%A5c%29%20AND%20%28y%20t%E1%BA%BF%20OR%20b%E1%BB%87nh%20vi%E1%BB%87n%29&paged=1,403,HTTPError: HTTP Error 403: Forbidden,1886,direct-MOH-ASTT-DQ-EVID-02-p01.body,1a878369c1578109760cedcffc1f47be40fd12da167665a7a75fd3d4565e027a,direct-MOH-ASTT-DQ-EVID-02-p01.headers.json,68c28fd4a2c19495c1297c0096a60b225438da86c786980273d84c03655b7183,[],0,0,CONTINUE
MOH-ASTT,asttmoh.vn,DQ-EVID-02,evidence,"(""AI"" OR ""trí tuệ nhân tạo"") AND (sự cố OR khiếu nại OR khắc phục) AND (y tế OR bệnh viện)",INTERNAL_PORTAL,2,2026-08-01T04:43:48.450310+00:00,https://asttmoh.vn/?s=%28%22AI%22%20OR%20%22tr%C3%AD%20tu%E1%BB%87%20nh%C3%A2n%20t%E1%BA%A1o%22%29%20AND%20%28s%E1%BB%B1%20c%E1%BB%91%20OR%20khi%E1%BA%BFu%20n%E1%BA%A1i%20OR%20kh%E1%BA%AFc%20ph%E1%BB%A5c%29%20AND%20%28y%20t%E1%BA%BF%20OR%20b%E1%BB%87nh%20vi%E1%BB%87n%29&paged=2,403,HTTPError: HTTP Error 403: Forbidden,1886,direct-MOH-ASTT-DQ-EVID-02-p02.body,1a878369c1578109760cedcffc1f47be40fd12da167665a7a75fd3d4565e027a,direct-MOH-ASTT-DQ-EVID-02-p02.headers.json,0041b51adef07f74519a9f8c7804e0610007470126f9198261ad4ce74530de4f,[],0,0,TWO_CONSECUTIVE_NO_NEW
MOH-ASTT,asttmoh.vn,DQ-EVID-03,evidence,"(""AI"" OR ""trí tuệ nhân tạo"") AND (""đánh giá tác động"" OR kết quả) AND (y tế OR bệnh viện)",INTERNAL_PORTAL,1,2026-08-01T04:43:46.917021+00:00,https://asttmoh.vn/?s=%28%22AI%22%20OR%20%22tr%C3%AD%20tu%E1%BB%87%20nh%C3%A2n%20t%E1%BA%A1o%22%29%20AND%20%28%22%C4%91%C3%A1nh%20gi%C3%A1%20t%C3%A1c%20%C4%91%E1%BB%99ng%22%20OR%20k%E1%BA%BFt%20qu%E1%BA%A3%29%20AND%20%28y%20t%E1%BA%BF%20OR%20b%E1%BB%87nh%20vi%E1%BB%87n%29&paged=1,403,HTTPError: HTTP Error 403: Forbidden,1886,direct-MOH-ASTT-DQ-EVID-03-p01.body,1a878369c1578109760cedcffc1f47be40fd12da167665a7a75fd3d4565e027a,direct-MOH-ASTT-DQ-EVID-03-p01.headers.json,68c28fd4a2c19495c1297c0096a60b225438da86c786980273d84c03655b7183,[],0,0,CONTINUE
MOH-ASTT,asttmoh.vn,DQ-EVID-03,evidence,"(""AI"" OR ""trí tuệ nhân tạo"") AND (""đánh giá tác động"" OR kết quả) AND (y tế OR bệnh viện)",INTERNAL_PORTAL,2,2026-08-01T04:43:48.558923+00:00,https://asttmoh.vn/?s=%28%22AI%22%20OR%20%22tr%C3%AD%20tu%E1%BB%87%20nh%C3%A2n%20t%E1%BA%A1o%22%29%20AND%20%28%22%C4%91%C3%A1nh%20gi%C3%A1%20t%C3%A1c%20%C4%91%E1%BB%99ng%22%20OR%20k%E1%BA%BFt%20qu%E1%BA%A3%29%20AND%20%28y%20t%E1%BA%BF%20OR%20b%E1%BB%87nh%20vi%E1%BB%87n%29&paged=2,403,HTTPError: HTTP Error 403: Forbidden,1886,direct-MOH-ASTT-DQ-EVID-03-p02.body,1a878369c1578109760cedcffc1f47be40fd12da167665a7a75fd3d4565e027a,direct-MOH-ASTT-DQ-EVID-03-p02.headers.json,0041b51adef07f74519a9f8c7804e0610007470126f9198261ad4ce74530de4f,[],0,0,TWO_CONSECUTIVE_NO_NEW
MOH-ASTT,asttmoh.vn,DQ-EVID-04,evidence,"(""AI ethics"" OR ""AI governance"") AND (audit OR inspection OR monitoring OR incident OR complaint OR redress OR ""impact assessment"" OR outcome OR result) AND (Vietnam OR ""Viet Nam"") AND (health OR hospital)",INTERNAL_PORTAL,1,2026-08-01T04:43:47.253649+00:00,https://asttmoh.vn/?s=%28%22AI%20ethics%22%20OR%20%22AI%20governance%22%29%20AND%20%28audit%20OR%20inspection%20OR%20monitoring%20OR%20incident%20OR%20complaint%20OR%20redress%20OR%20%22impact%20assessment%22%20OR%20outcome%20OR%20result%29%20AND%20%28Vietnam%20OR%20%22Viet%20Nam%22%29%20AND%20%28health%20OR%20hospital%29&paged=1,403,HTTPError: HTTP Error 403: Forbidden,1886,direct-MOH-ASTT-DQ-EVID-04-p01.body,1a878369c1578109760cedcffc1f47be40fd12da167665a7a75fd3d4565e027a,direct-MOH-ASTT-DQ-EVID-04-p01.headers.json,68c28fd4a2c19495c1297c0096a60b225438da86c786980273d84c03655b7183,[],0,0,CONTINUE
MOH-ASTT,asttmoh.vn,DQ-EVID-04,evidence,"(""AI ethics"" OR ""AI governance"") AND (audit OR inspection OR monitoring OR incident OR complaint OR redress OR ""impact assessment"" OR outcome OR result) AND (Vietnam OR ""Viet Nam"") AND (health OR hospital)",INTERNAL_PORTAL,2,2026-08-01T04:43:49.094750+00:00,https://asttmoh.vn/?s=%28%22AI%20ethics%22%20OR%20%22AI%20governance%22%29%20AND%20%28audit%20OR%20inspection%20OR%20monitoring%20OR%20incident%20OR%20complaint%20OR%20redress%20OR%20%22impact%20assessment%22%20OR%20outcome%20OR%20result%29%20AND%20%28Vietnam%20OR%20%22Viet%20Nam%22%29%20AND%20%28health%20OR%20hospital%29&paged=2,403,HTTPError: HTTP Error 403: Forbidden,1886,direct-MOH-ASTT-DQ-EVID-04-p02.body,1a878369c1578109760cedcffc1f47be40fd12da167665a7a75fd3d4565e027a,direct-MOH-ASTT-DQ-EVID-04-p02.headers.json,c9758b644e41b89b002d2955ec82d3e831e5be82966c791cde52ad494a51dc71,[],0,0,TWO_CONSECUTIVE_NO_NEW
MOH-ASTT,asttmoh.vn,DQ-EVID-05,evidence,"(""artificial intelligence"" OR AI) AND (""post-implementation monitoring"" OR ""post-market surveillance"" OR ""incident reporting"" OR ""quality management"" OR ""effectiveness evaluation"" OR audit) AND (Vietnam OR ""Viet Nam"") AND (health OR hospital OR ""provincial health department"")",INTERNAL_PORTAL,1,2026-08-01T04:43:47.496613+00:00,https://asttmoh.vn/?s=%28%22artificial%20intelligence%22%20OR%20AI%29%20AND%20%28%22post-implementation%20monitoring%22%20OR%20%22post-market%20surveillance%22%20OR%20%22incident%20reporting%22%20OR%20%22quality%20management%22%20OR%20%22effectiveness%20evaluation%22%20OR%20audit%29%20AND%20%28Vietnam%20OR%20%22Viet%20Nam%22%29%20AND%20%28health%20OR%20hospital%20OR%20%22provincial%20health%20department%22%29&paged=1,403,HTTPError: HTTP Error 403: Forbidden,1886,direct-MOH-ASTT-DQ-EVID-05-p01.body,1a878369c1578109760cedcffc1f47be40fd12da167665a7a75fd3d4565e027a,direct-MOH-ASTT-DQ-EVID-05-p01.headers.json,68c28fd4a2c19495c1297c0096a60b225438da86c786980273d84c03655b7183,[],0,0,CONTINUE
MOH-ASTT,asttmoh.vn,DQ-EVID-05,evidence,"(""artificial intelligence"" OR AI) AND (""post-implementation monitoring"" OR ""post-market surveillance"" OR ""incident reporting"" OR ""quality management"" OR ""effectiveness evaluation"" OR audit) AND (Vietnam OR ""Viet Nam"") AND (health OR hospital OR ""provincial health department"")",INTERNAL_PORTAL,2,2026-08-01T04:43:49.309977+00:00,https://asttmoh.vn/?s=%28%22artificial%20intelligence%22%20OR%20AI%29%20AND%20%28%22post-implementation%20monitoring%22%20OR%20%22post-market%20surveillance%22%20OR%20%22incident%20reporting%22%20OR%20%22quality%20management%22%20OR%20%22effectiveness%20evaluation%22%20OR%20audit%29%20AND%20%28Vietnam%20OR%20%22Viet%20Nam%22%29%20AND%20%28health%20OR%20hospital%20OR%20%22provincial%20health%20department%22%29&paged=2,403,HTTPError: HTTP Error 403: Forbidden,1886,direct-MOH-ASTT-DQ-EVID-05-p02.body,1a878369c1578109760cedcffc1f47be40fd12da167665a7a75fd3d4565e027a,direct-MOH-ASTT-DQ-EVID-05-p02.headers.json,c9758b644e41b89b002d2955ec82d3e831e5be82966c791cde52ad494a51dc71,[],0,0,TWO_CONSECUTIVE_NO_NEW
MOH-ASTT,asttmoh.vn,DQ-IMPL-01,implementation,"(""đạo đức AI"" OR ""AI có trách nhiệm"" OR ""quản trị AI"") AND (kế hoạch OR triển khai OR áp dụng OR thí điểm)",INTERNAL_PORTAL,1,2026-08-01T04:43:43.540138+00:00,https://asttmoh.vn/?s=%28%22%C4%91%E1%BA%A1o%20%C4%91%E1%BB%A9c%20AI%22%20OR%20%22AI%20c%C3%B3%20tr%C3%A1ch%20nhi%E1%BB%87m%22%20OR%20%22qu%E1%BA%A3n%20tr%E1%BB%8B%20AI%22%29%20AND%20%28k%E1%BA%BF%20ho%E1%BA%A1ch%20OR%20tri%E1%BB%83n%20khai%20OR%20%C3%A1p%20d%E1%BB%A5ng%20OR%20th%C3%AD%20%C4%91i%E1%BB%83m%29&paged=1,403,HTTPError: HTTP Error 403: Forbidden,1886,direct-MOH-ASTT-DQ-IMPL-01-p01.body,1a878369c1578109760cedcffc1f47be40fd12da167665a7a75fd3d4565e027a,direct-MOH-ASTT-DQ-IMPL-01-p01.headers.json,4f9aecf0062cda2a41d48d31fd04edc86d1bd4b12c06bf16bcba999388429eb0,[],0,0,CONTINUE
MOH-ASTT,asttmoh.vn,DQ-IMPL-01,implementation,"(""đạo đức AI"" OR ""AI có trách nhiệm"" OR ""quản trị AI"") AND (kế hoạch OR triển khai OR áp dụng OR thí điểm)",INTERNAL_PORTAL,2,2026-08-01T04:43:45.332618+00:00,https://asttmoh.vn/?s=%28%22%C4%91%E1%BA%A1o%20%C4%91%E1%BB%A9c%20AI%22%20OR%20%22AI%20c%C3%B3%20tr%C3%A1ch%20nhi%E1%BB%87m%22%20OR%20%22qu%E1%BA%A3n%20tr%E1%BB%8B%20AI%22%29%20AND%20%28k%E1%BA%BF%20ho%E1%BA%A1ch%20OR%20tri%E1%BB%83n%20khai%20OR%20%C3%A1p%20d%E1%BB%A5ng%20OR%20th%C3%AD%20%C4%91i%E1%BB%83m%29&paged=2,403,HTTPError: HTTP Error 403: Forbidden,1886,direct-MOH-ASTT-DQ-IMPL-01-p02.body,1a878369c1578109760cedcffc1f47be40fd12da167665a7a75fd3d4565e027a,direct-MOH-ASTT-DQ-IMPL-01-p02.headers.json,de6b0f6ee880751ff0c60d919a2b41126cace0b349cdd8974c0e5369f2c54668,[],0,0,TWO_CONSECUTIVE_NO_NEW
MOH-ASTT,asttmoh.vn,DQ-IMPL-02,implementation,"(""đạo đức AI"" OR ""AI có trách nhiệm"" OR ""quản trị AI"") AND (""Bộ Y tế"" OR bệnh viện OR ""cơ sở khám bệnh, chữa bệnh"")",INTERNAL_PORTAL,1,2026-08-01T04:43:43.428075+00:00,https://asttmoh.vn/?s=%28%22%C4%91%E1%BA%A1o%20%C4%91%E1%BB%A9c%20AI%22%20OR%20%22AI%20c%C3%B3%20tr%C3%A1ch%20nhi%E1%BB%87m%22%20OR%20%22qu%E1%BA%A3n%20tr%E1%BB%8B%20AI%22%29%20AND%20%28%22B%E1%BB%99%20Y%20t%E1%BA%BF%22%20OR%20b%E1%BB%87nh%20vi%E1%BB%87n%20OR%20%22c%C6%A1%20s%E1%BB%9F%20kh%C3%A1m%20b%E1%BB%87nh%2C%20ch%E1%BB%AFa%20b%E1%BB%87nh%22%29&paged=1,403,HTTPError: HTTP Error 403: Forbidden,1886,direct-MOH-ASTT-DQ-IMPL-02-p01.body,1a878369c1578109760cedcffc1f47be40fd12da167665a7a75fd3d4565e027a,direct-MOH-ASTT-DQ-IMPL-02-p01.headers.json,4f9aecf0062cda2a41d48d31fd04edc86d1bd4b12c06bf16bcba999388429eb0,[],0,0,CONTINUE
MOH-ASTT,asttmoh.vn,DQ-IMPL-02,implementation,"(""đạo đức AI"" OR ""AI có trách nhiệm"" OR ""quản trị AI"") AND (""Bộ Y tế"" OR bệnh viện OR ""cơ sở khám bệnh, chữa bệnh"")",INTERNAL_PORTAL,2,2026-08-01T04:43:45.263695+00:00,https://asttmoh.vn/?s=%28%22%C4%91%E1%BA%A1o%20%C4%91%E1%BB%A9c%20AI%22%20OR%20%22AI%20c%C3%B3%20tr%C3%A1ch%20nhi%E1%BB%87m%22%20OR%20%22qu%E1%BA%A3n%20tr%E1%BB%8B%20AI%22%29%20AND%20%28%22B%E1%BB%99%20Y%20t%E1%BA%BF%22%20OR%20b%E1%BB%87nh%20vi%E1%BB%87n%20OR%20%22c%C6%A1%20s%E1%BB%9F%20kh%C3%A1m%20b%E1%BB%87nh%2C%20ch%E1%BB%AFa%20b%E1%BB%87nh%22%29&paged=2,403,HTTPError: HTTP Error 403: Forbidden,1886,direct-MOH-ASTT-DQ-IMPL-02-p02.body,1a878369c1578109760cedcffc1f47be40fd12da167665a7a75fd3d4565e027a,direct-MOH-ASTT-DQ-IMPL-02-p02.headers.json,de6b0f6ee880751ff0c60d919a2b41126cace0b349cdd8974c0e5369f2c54668,[],0,0,TWO_CONSECUTIVE_NO_NEW
MOH-ASTT,asttmoh.vn,DQ-IMPL-03,implementation,"(""responsible AI"" OR ""AI governance"" OR ""AI ethics"") AND (implementation OR adoption OR uptake OR plan OR pilot) AND (Vietnam OR ""Viet Nam"") AND (health OR hospital OR clinical)",INTERNAL_PORTAL,1,2026-08-01T04:43:43.500136+00:00,https://asttmoh.vn/?s=%28%22responsible%20AI%22%20OR%20%22AI%20governance%22%20OR%20%22AI%20ethics%22%29%20AND%20%28implementation%20OR%20adoption%20OR%20uptake%20OR%20plan%20OR%20pilot%29%20AND%20%28Vietnam%20OR%20%22Viet%20Nam%22%29%20AND%20%28health%20OR%20hospital%20OR%20clinical%29&paged=1,403,HTTPError: HTTP Error 403: Forbidden,1886,direct-MOH-ASTT-DQ-IMPL-03-p01.body,1a878369c1578109760cedcffc1f47be40fd12da167665a7a75fd3d4565e027a,direct-MOH-ASTT-DQ-IMPL-03-p01.headers.json,4f9aecf0062cda2a41d48d31fd04edc86d1bd4b12c06bf16bcba999388429eb0,[],0,0,CONTINUE
MOH-ASTT,asttmoh.vn,DQ-IMPL-03,implementation,"(""responsible AI"" OR ""AI governance"" OR ""AI ethics"") AND (implementation OR adoption OR uptake OR plan OR pilot) AND (Vietnam OR ""Viet Nam"") AND (health OR hospital OR clinical)",INTERNAL_PORTAL,2,2026-08-01T04:43:45.408476+00:00,https://asttmoh.vn/?s=%28%22responsible%20AI%22%20OR%20%22AI%20governance%22%20OR%20%22AI%20ethics%22%29%20AND%20%28implementation%20OR%20adoption%20OR%20uptake%20OR%20plan%20OR%20pilot%29%20AND%20%28Vietnam%20OR%20%22Viet%20Nam%22%29%20AND%20%28health%20OR%20hospital%20OR%20clinical%29&paged=2,403,HTTPError: HTTP Error 403: Forbidden,1886,direct-MOH-ASTT-DQ-IMPL-03-p02.body,1a878369c1578109760cedcffc1f47be40fd12da167665a7a75fd3d4565e027a,direct-MOH-ASTT-DQ-IMPL-03-p02.headers.json,de6b0f6ee880751ff0c60d919a2b41126cace0b349cdd8974c0e5369f2c54668,[],0,0,TWO_CONSECUTIVE_NO_NEW
MOH-ASTT,asttmoh.vn,DQ-IMPL-04,implementation,"(""trí tuệ nhân tạo"" OR AI) AND (""theo dõi sau triển khai"" OR hậu kiểm OR ""giám sát sau triển khai"" OR ""đánh giá hiệu quả"") AND (y tế OR bệnh viện OR ""Sở Y tế"")",INTERNAL_PORTAL,1,2026-08-01T04:43:44.085679+00:00,https://asttmoh.vn/?s=%28%22tr%C3%AD%20tu%E1%BB%87%20nh%C3%A2n%20t%E1%BA%A1o%22%20OR%20AI%29%20AND%20%28%22theo%20d%C3%B5i%20sau%20tri%E1%BB%83n%20khai%22%20OR%20h%E1%BA%ADu%20ki%E1%BB%83m%20OR%20%22gi%C3%A1m%20s%C3%A1t%20sau%20tri%E1%BB%83n%20khai%22%20OR%20%22%C4%91%C3%A1nh%20gi%C3%A1%20hi%E1%BB%87u%20qu%E1%BA%A3%22%29%20AND%20%28y%20t%E1%BA%BF%20OR%20b%E1%BB%87nh%20vi%E1%BB%87n%20OR%20%22S%E1%BB%9F%20Y%20t%E1%BA%BF%22%29&paged=1,403,HTTPError: HTTP Error 403: Forbidden,1886,direct-MOH-ASTT-DQ-IMPL-04-p01.body,1a878369c1578109760cedcffc1f47be40fd12da167665a7a75fd3d4565e027a,direct-MOH-ASTT-DQ-IMPL-04-p01.headers.json,da355e6324db70b0646477c21d386a1b0cea987af188817eeed5756daf0fb0f1,[],0,0,CONTINUE
MOH-ASTT,asttmoh.vn,DQ-IMPL-04,implementation,"(""trí tuệ nhân tạo"" OR AI) AND (""theo dõi sau triển khai"" OR hậu kiểm OR ""giám sát sau triển khai"" OR ""đánh giá hiệu quả"") AND (y tế OR bệnh viện OR ""Sở Y tế"")",INTERNAL_PORTAL,2,2026-08-01T04:43:46.003412+00:00,https://asttmoh.vn/?s=%28%22tr%C3%AD%20tu%E1%BB%87%20nh%C3%A2n%20t%E1%BA%A1o%22%20OR%20AI%29%20AND%20%28%22theo%20d%C3%B5i%20sau%20tri%E1%BB%83n%20khai%22%20OR%20h%E1%BA%ADu%20ki%E1%BB%83m%20OR%20%22gi%C3%A1m%20s%C3%A1t%20sau%20tri%E1%BB%83n%20khai%22%20OR%20%22%C4%91%C3%A1nh%20gi%C3%A1%20hi%E1%BB%87u%20qu%E1%BA%A3%22%29%20AND%20%28y%20t%E1%BA%BF%20OR%20b%E1%BB%87nh%20vi%E1%BB%87n%20OR%20%22S%E1%BB%9F%20Y%20t%E1%BA%BF%22%29&paged=2,403,HTTPError: HTTP Error 403: Forbidden,1886,direct-MOH-ASTT-DQ-IMPL-04-p02.body,1a878369c1578109760cedcffc1f47be40fd12da167665a7a75fd3d4565e027a,direct-MOH-ASTT-DQ-IMPL-04-p02.headers.json,7caffbb955eac0400e17d5fa4b71a5324f7ac78aa160898710fe922fdda54466,[],0,0,TWO_CONSECUTIVE_NO_NEW
MOH-ASTT,asttmoh.vn,DQ-IMPL-05,implementation,"(""trí tuệ nhân tạo"" OR AI) AND (""báo cáo sự cố"" OR ""quản lý chất lượng"" OR kiểm toán OR thanh tra) AND (y tế OR bệnh viện OR ""Sở Y tế"")",INTERNAL_PORTAL,1,2026-08-01T04:43:44.058253+00:00,https://asttmoh.vn/?s=%28%22tr%C3%AD%20tu%E1%BB%87%20nh%C3%A2n%20t%E1%BA%A1o%22%20OR%20AI%29%20AND%20%28%22b%C3%A1o%20c%C3%A1o%20s%E1%BB%B1%20c%E1%BB%91%22%20OR%20%22qu%E1%BA%A3n%20l%C3%BD%20ch%E1%BA%A5t%20l%C6%B0%E1%BB%A3ng%22%20OR%20ki%E1%BB%83m%20to%C3%A1n%20OR%20thanh%20tra%29%20AND%20%28y%20t%E1%BA%BF%20OR%20b%E1%BB%87nh%20vi%E1%BB%87n%20OR%20%22S%E1%BB%9F%20Y%20t%E1%BA%BF%22%29&paged=1,403,HTTPError: HTTP Error 403: Forbidden,1886,direct-MOH-ASTT-DQ-IMPL-05-p01.body,1a878369c1578109760cedcffc1f47be40fd12da167665a7a75fd3d4565e027a,direct-MOH-ASTT-DQ-IMPL-05-p01.headers.json,da355e6324db70b0646477c21d386a1b0cea987af188817eeed5756daf0fb0f1,[],0,0,CONTINUE
MOH-ASTT,asttmoh.vn,DQ-IMPL-05,implementation,"(""trí tuệ nhân tạo"" OR AI) AND (""báo cáo sự cố"" OR ""quản lý chất lượng"" OR kiểm toán OR thanh tra) AND (y tế OR bệnh viện OR ""Sở Y tế"")",INTERNAL_PORTAL,2,2026-08-01T04:43:45.957156+00:00,https://asttmoh.vn/?s=%28%22tr%C3%AD%20tu%E1%BB%87%20nh%C3%A2n%20t%E1%BA%A1o%22%20OR%20AI%29%20AND%20%28%22b%C3%A1o%20c%C3%A1o%20s%E1%BB%B1%20c%E1%BB%91%22%20OR%20%22qu%E1%BA%A3n%20l%C3%BD%20ch%E1%BA%A5t%20l%C6%B0%E1%BB%A3ng%22%20OR%20ki%E1%BB%83m%20to%C3%A1n%20OR%20thanh%20tra%29%20AND%20%28y%20t%E1%BA%BF%20OR%20b%E1%BB%87nh%20vi%E1%BB%87n%20OR%20%22S%E1%BB%9F%20Y%20t%E1%BA%BF%22%29&paged=2,403,HTTPError: HTTP Error 403: Forbidden,1886,direct-MOH-ASTT-DQ-IMPL-05-p02.body,1a878369c1578109760cedcffc1f47be40fd12da167665a7a75fd3d4565e027a,direct-MOH-ASTT-DQ-IMPL-05-p02.headers.json,7caffbb955eac0400e17d5fa4b71a5324f7ac78aa160898710fe922fdda54466,[],0,0,TWO_CONSECUTIVE_NO_NEW
MOH-ASTT,asttmoh.vn,DQ-TOOL-01,implementation_tool,"(""đánh giá tuân thủ"" OR ""tự đánh giá"") AND (""đạo đức AI"" OR ""AI có trách nhiệm"")",INTERNAL_PORTAL,1,2026-08-01T04:43:44.006911+00:00,https://asttmoh.vn/?s=%28%22%C4%91%C3%A1nh%20gi%C3%A1%20tu%C3%A2n%20th%E1%BB%A7%22%20OR%20%22t%E1%BB%B1%20%C4%91%C3%A1nh%20gi%C3%A1%22%29%20AND%20%28%22%C4%91%E1%BA%A1o%20%C4%91%E1%BB%A9c%20AI%22%20OR%20%22AI%20c%C3%B3%20tr%C3%A1ch%20nhi%E1%BB%87m%22%29&paged=1,403,HTTPError: HTTP Error 403: Forbidden,1886,direct-MOH-ASTT-DQ-TOOL-01-p01.body,1a878369c1578109760cedcffc1f47be40fd12da167665a7a75fd3d4565e027a,direct-MOH-ASTT-DQ-TOOL-01-p01.headers.json,da355e6324db70b0646477c21d386a1b0cea987af188817eeed5756daf0fb0f1,[],0,0,CONTINUE
MOH-ASTT,asttmoh.vn,DQ-TOOL-01,implementation_tool,"(""đánh giá tuân thủ"" OR ""tự đánh giá"") AND (""đạo đức AI"" OR ""AI có trách nhiệm"")",INTERNAL_PORTAL,2,2026-08-01T04:43:45.926722+00:00,https://asttmoh.vn/?s=%28%22%C4%91%C3%A1nh%20gi%C3%A1%20tu%C3%A2n%20th%E1%BB%A7%22%20OR%20%22t%E1%BB%B1%20%C4%91%C3%A1nh%20gi%C3%A1%22%29%20AND%20%28%22%C4%91%E1%BA%A1o%20%C4%91%E1%BB%A9c%20AI%22%20OR%20%22AI%20c%C3%B3%20tr%C3%A1ch%20nhi%E1%BB%87m%22%29&paged=2,403,HTTPError: HTTP Error 403: Forbidden,1886,direct-MOH-ASTT-DQ-TOOL-01-p02.body,1a878369c1578109760cedcffc1f47be40fd12da167665a7a75fd3d4565e027a,direct-MOH-ASTT-DQ-TOOL-01-p02.headers.json,7caffbb955eac0400e17d5fa4b71a5324f7ac78aa160898710fe922fdda54466,[],0,0,TWO_CONSECUTIVE_NO_NEW
MOH-ASTT,asttmoh.vn,DQ-TOOL-02,implementation_tool,"(nền tảng OR công cụ) AND (""đánh giá tuân thủ"" OR ""đánh giá tác động"") AND (""AI"" OR ""trí tuệ nhân tạo"")",INTERNAL_PORTAL,1,2026-08-01T04:43:47.111350+00:00,https://asttmoh.vn/?s=%28n%E1%BB%81n%20t%E1%BA%A3ng%20OR%20c%C3%B4ng%20c%E1%BB%A5%29%20AND%20%28%22%C4%91%C3%A1nh%20gi%C3%A1%20tu%C3%A2n%20th%E1%BB%A7%22%20OR%20%22%C4%91%C3%A1nh%20gi%C3%A1%20t%C3%A1c%20%C4%91%E1%BB%99ng%22%29%20AND%20%28%22AI%22%20OR%20%22tr%C3%AD%20tu%E1%BB%87%20nh%C3%A2n%20t%E1%BA%A1o%22%29&paged=1,200,,42842,direct-MOH-ASTT-DQ-TOOL-02-p01.body,0c9a46b63ece9664d09c9439565fab91b8240112f4f41674eca646c46526b6f4,direct-MOH-ASTT-DQ-TOOL-02-p01.headers.json,4ede1b3d5ef1aa8f776afd10d62f84f2622c3662b5086289308ee3032fc2e282,[],0,0,CONTINUE
MOH-ASTT,asttmoh.vn,DQ-TOOL-02,implementation_tool,"(nền tảng OR công cụ) AND (""đánh giá tuân thủ"" OR ""đánh giá tác động"") AND (""AI"" OR ""trí tuệ nhân tạo"")",INTERNAL_PORTAL,2,2026-08-01T04:43:51.729343+00:00,https://asttmoh.vn/?s=%28n%E1%BB%81n%20t%E1%BA%A3ng%20OR%20c%C3%B4ng%20c%E1%BB%A5%29%20AND%20%28%22%C4%91%C3%A1nh%20gi%C3%A1%20tu%C3%A2n%20th%E1%BB%A7%22%20OR%20%22%C4%91%C3%A1nh%20gi%C3%A1%20t%C3%A1c%20%C4%91%E1%BB%99ng%22%29%20AND%20%28%22AI%22%20OR%20%22tr%C3%AD%20tu%E1%BB%87%20nh%C3%A2n%20t%E1%BA%A1o%22%29&paged=2,404,HTTPError: HTTP Error 404: Not Found,52037,direct-MOH-ASTT-DQ-TOOL-02-p02.body,b255547c3ab15e27b488e84b2e3ebfc2ba17ae42282268c9c4e244c3ebb0135f,direct-MOH-ASTT-DQ-TOOL-02-p02.headers.json,04ee7bf6376471dbe118abce732d74cc449b1fb96c52239739c60f397111d408,[],0,0,TWO_CONSECUTIVE_NO_NEW
MOH-HSPI,hspi.org.vn,DQ-EVID-01,evidence,"(""đạo đức AI"" OR ""quản trị AI"") AND (kiểm toán OR thanh tra OR giám sát)",INTERNAL_PORTAL,1,2026-08-01T04:45:08.486025+00:00,https://hspi.org.vn/news/find?txtKw=%28%22%C4%91%E1%BA%A1o%20%C4%91%E1%BB%A9c%20AI%22%20OR%20%22qu%E1%BA%A3n%20tr%E1%BB%8B%20AI%22%29%20AND%20%28ki%E1%BB%83m%20to%C3%A1n%20OR%20thanh%20tra%20OR%20gi%C3%A1m%20s%C3%A1t%29&page=1,500,HTTPError: HTTP Error 500: Internal Server Error,1789,direct-MOH-HSPI-DQ-EVID-01-p01.body,e4b53791e6f0e3f268316b5e2047971c0f199bef1a887e28ac5658439f1c0641,direct-MOH-HSPI-DQ-EVID-01-p01.headers.json,eca6480b84b1d9746594ed213ce5bebd660319e9eee4d88a2b1eed755000c7fc,[],0,0,CONTINUE
MOH-HSPI,hspi.org.vn,DQ-EVID-01,evidence,"(""đạo đức AI"" OR ""quản trị AI"") AND (kiểm toán OR thanh tra OR giám sát)",INTERNAL_PORTAL,2,2026-08-01T04:45:11.827200+00:00,https://hspi.org.vn/news/find?txtKw=%28%22%C4%91%E1%BA%A1o%20%C4%91%E1%BB%A9c%20AI%22%20OR%20%22qu%E1%BA%A3n%20tr%E1%BB%8B%20AI%22%29%20AND%20%28ki%E1%BB%83m%20to%C3%A1n%20OR%20thanh%20tra%20OR%20gi%C3%A1m%20s%C3%A1t%29&page=2,500,HTTPError: HTTP Error 500: Internal Server Error,1789,direct-MOH-HSPI-DQ-EVID-01-p02.body,e4b53791e6f0e3f268316b5e2047971c0f199bef1a887e28ac5658439f1c0641,direct-MOH-HSPI-DQ-EVID-01-p02.headers.json,de7be91daf4300612fe695ec77471cbd9a3c3a4eb132cd2702d421e162da7d76,[],0,0,TWO_CONSECUTIVE_NO_NEW
MOH-HSPI,hspi.org.vn,DQ-EVID-02,evidence,"(""AI"" OR ""trí tuệ nhân tạo"") AND (sự cố OR khiếu nại OR khắc phục) AND (y tế OR bệnh viện)",INTERNAL_PORTAL,1,2026-08-01T04:45:11.798699+00:00,https://hspi.org.vn/news/find?txtKw=%28%22AI%22%20OR%20%22tr%C3%AD%20tu%E1%BB%87%20nh%C3%A2n%20t%E1%BA%A1o%22%29%20AND%20%28s%E1%BB%B1%20c%E1%BB%91%20OR%20khi%E1%BA%BFu%20n%E1%BA%A1i%20OR%20kh%E1%BA%AFc%20ph%E1%BB%A5c%29%20AND%20%28y%20t%E1%BA%BF%20OR%20b%E1%BB%87nh%20vi%E1%BB%87n%29&page=1,500,HTTPError: HTTP Error 500: Internal Server Error,1789,direct-MOH-HSPI-DQ-EVID-02-p01.body,e4b53791e6f0e3f268316b5e2047971c0f199bef1a887e28ac5658439f1c0641,direct-MOH-HSPI-DQ-EVID-02-p01.headers.json,de7be91daf4300612fe695ec77471cbd9a3c3a4eb132cd2702d421e162da7d76,[],0,0,CONTINUE
MOH-HSPI,hspi.org.vn,DQ-EVID-02,evidence,"(""AI"" OR ""trí tuệ nhân tạo"") AND (sự cố OR khiếu nại OR khắc phục) AND (y tế OR bệnh viện)",INTERNAL_PORTAL,2,2026-08-01T04:45:14.945975+00:00,https://hspi.org.vn/news/find?txtKw=%28%22AI%22%20OR%20%22tr%C3%AD%20tu%E1%BB%87%20nh%C3%A2n%20t%E1%BA%A1o%22%29%20AND%20%28s%E1%BB%B1%20c%E1%BB%91%20OR%20khi%E1%BA%BFu%20n%E1%BA%A1i%20OR%20kh%E1%BA%AFc%20ph%E1%BB%A5c%29%20AND%20%28y%20t%E1%BA%BF%20OR%20b%E1%BB%87nh%20vi%E1%BB%87n%29&page=2,500,HTTPError: HTTP Error 500: Internal Server Error,1789,direct-MOH-HSPI-DQ-EVID-02-p02.body,e4b53791e6f0e3f268316b5e2047971c0f199bef1a887e28ac5658439f1c0641,direct-MOH-HSPI-DQ-EVID-02-p02.headers.json,9ebf0046035d6990e3b2a1ec174f1a417d66ff09d656d9d6d90694b4919dba96,[],0,0,TWO_CONSECUTIVE_NO_NEW
MOH-HSPI,hspi.org.vn,DQ-EVID-03,evidence,"(""AI"" OR ""trí tuệ nhân tạo"") AND (""đánh giá tác động"" OR kết quả) AND (y tế OR bệnh viện)",INTERNAL_PORTAL,1,2026-08-01T04:45:12.484563+00:00,https://hspi.org.vn/news/find?txtKw=%28%22AI%22%20OR%20%22tr%C3%AD%20tu%E1%BB%87%20nh%C3%A2n%20t%E1%BA%A1o%22%29%20AND%20%28%22%C4%91%C3%A1nh%20gi%C3%A1%20t%C3%A1c%20%C4%91%E1%BB%99ng%22%20OR%20k%E1%BA%BFt%20qu%E1%BA%A3%29%20AND%20%28y%20t%E1%BA%BF%20OR%20b%E1%BB%87nh%20vi%E1%BB%87n%29&page=1,500,HTTPError: HTTP Error 500: Internal Server Error,1789,direct-MOH-HSPI-DQ-EVID-03-p01.body,e4b53791e6f0e3f268316b5e2047971c0f199bef1a887e28ac5658439f1c0641,direct-MOH-HSPI-DQ-EVID-03-p01.headers.json,de7be91daf4300612fe695ec77471cbd9a3c3a4eb132cd2702d421e162da7d76,[],0,0,CONTINUE
MOH-HSPI,hspi.org.vn,DQ-EVID-03,evidence,"(""AI"" OR ""trí tuệ nhân tạo"") AND (""đánh giá tác động"" OR kết quả) AND (y tế OR bệnh viện)",INTERNAL_PORTAL,2,2026-08-01T04:45:15.564673+00:00,https://hspi.org.vn/news/find?txtKw=%28%22AI%22%20OR%20%22tr%C3%AD%20tu%E1%BB%87%20nh%C3%A2n%20t%E1%BA%A1o%22%29%20AND%20%28%22%C4%91%C3%A1nh%20gi%C3%A1%20t%C3%A1c%20%C4%91%E1%BB%99ng%22%20OR%20k%E1%BA%BFt%20qu%E1%BA%A3%29%20AND%20%28y%20t%E1%BA%BF%20OR%20b%E1%BB%87nh%20vi%E1%BB%87n%29&page=2,500,HTTPError: HTTP Error 500: Internal Server Error,1789,direct-MOH-HSPI-DQ-EVID-03-p02.body,e4b53791e6f0e3f268316b5e2047971c0f199bef1a887e28ac5658439f1c0641,direct-MOH-HSPI-DQ-EVID-03-p02.headers.json,9ebf0046035d6990e3b2a1ec174f1a417d66ff09d656d9d6d90694b4919dba96,[],0,0,TWO_CONSECUTIVE_NO_NEW
MOH-HSPI,hspi.org.vn,DQ-EVID-04,evidence,"(""AI ethics"" OR ""AI governance"") AND (audit OR inspection OR monitoring OR incident OR complaint OR redress OR ""impact assessment"" OR outcome OR result) AND (Vietnam OR ""Viet Nam"") AND (health OR hospital)",INTERNAL_PORTAL,1,2026-08-01T04:45:13.190691+00:00,https://hspi.org.vn/news/find?txtKw=%28%22AI%20ethics%22%20OR%20%22AI%20governance%22%29%20AND%20%28audit%20OR%20inspection%20OR%20monitoring%20OR%20incident%20OR%20complaint%20OR%20redress%20OR%20%22impact%20assessment%22%20OR%20outcome%20OR%20result%29%20AND%20%28Vietnam%20OR%20%22Viet%20Nam%22%29%20AND%20%28health%20OR%20hospital%29&page=1,500,HTTPError: HTTP Error 500: Internal Server Error,1789,direct-MOH-HSPI-DQ-EVID-04-p01.body,e4b53791e6f0e3f268316b5e2047971c0f199bef1a887e28ac5658439f1c0641,direct-MOH-HSPI-DQ-EVID-04-p01.headers.json,cf6bdfb22725b4f27da282e74db46d6fe4162624a8c93b4bf1d46fe8cf4cb4d1,[],0,0,CONTINUE
MOH-HSPI,hspi.org.vn,DQ-EVID-04,evidence,"(""AI ethics"" OR ""AI governance"") AND (audit OR inspection OR monitoring OR incident OR complaint OR redress OR ""impact assessment"" OR outcome OR result) AND (Vietnam OR ""Viet Nam"") AND (health OR hospital)",INTERNAL_PORTAL,2,2026-08-01T04:45:16.032606+00:00,https://hspi.org.vn/news/find?txtKw=%28%22AI%20ethics%22%20OR%20%22AI%20governance%22%29%20AND%20%28audit%20OR%20inspection%20OR%20monitoring%20OR%20incident%20OR%20complaint%20OR%20redress%20OR%20%22impact%20assessment%22%20OR%20outcome%20OR%20result%29%20AND%20%28Vietnam%20OR%20%22Viet%20Nam%22%29%20AND%20%28health%20OR%20hospital%29&page=2,500,HTTPError: HTTP Error 500: Internal Server Error,1789,direct-MOH-HSPI-DQ-EVID-04-p02.body,e4b53791e6f0e3f268316b5e2047971c0f199bef1a887e28ac5658439f1c0641,direct-MOH-HSPI-DQ-EVID-04-p02.headers.json,4782ab1c1c80a7b68a4b07867bfc906af9e3d01d5947aa61293103e674adc80f,[],0,0,TWO_CONSECUTIVE_NO_NEW
MOH-HSPI,hspi.org.vn,DQ-EVID-05,evidence,"(""artificial intelligence"" OR AI) AND (""post-implementation monitoring"" OR ""post-market surveillance"" OR ""incident reporting"" OR ""quality management"" OR ""effectiveness evaluation"" OR audit) AND (Vietnam OR ""Viet Nam"") AND (health OR hospital OR ""provincial health department"")",INTERNAL_PORTAL,1,2026-08-01T04:45:13.835332+00:00,https://hspi.org.vn/news/find?txtKw=%28%22artificial%20intelligence%22%20OR%20AI%29%20AND%20%28%22post-implementation%20monitoring%22%20OR%20%22post-market%20surveillance%22%20OR%20%22incident%20reporting%22%20OR%20%22quality%20management%22%20OR%20%22effectiveness%20evaluation%22%20OR%20audit%29%20AND%20%28Vietnam%20OR%20%22Viet%20Nam%22%29%20AND%20%28health%20OR%20hospital%20OR%20%22provincial%20health%20department%22%29&page=1,500,HTTPError: HTTP Error 500: Internal Server Error,1789,direct-MOH-HSPI-DQ-EVID-05-p01.body,e4b53791e6f0e3f268316b5e2047971c0f199bef1a887e28ac5658439f1c0641,direct-MOH-HSPI-DQ-EVID-05-p01.headers.json,cf6bdfb22725b4f27da282e74db46d6fe4162624a8c93b4bf1d46fe8cf4cb4d1,[],0,0,CONTINUE
MOH-HSPI,hspi.org.vn,DQ-EVID-05,evidence,"(""artificial intelligence"" OR AI) AND (""post-implementation monitoring"" OR ""post-market surveillance"" OR ""incident reporting"" OR ""quality management"" OR ""effectiveness evaluation"" OR audit) AND (Vietnam OR ""Viet Nam"") AND (health OR hospital OR ""provincial health department"")",INTERNAL_PORTAL,2,2026-08-01T04:45:16.501083+00:00,https://hspi.org.vn/news/find?txtKw=%28%22artificial%20intelligence%22%20OR%20AI%29%20AND%20%28%22post-implementation%20monitoring%22%20OR%20%22post-market%20surveillance%22%20OR%20%22incident%20reporting%22%20OR%20%22quality%20management%22%20OR%20%22effectiveness%20evaluation%22%20OR%20audit%29%20AND%20%28Vietnam%20OR%20%22Viet%20Nam%22%29%20AND%20%28health%20OR%20hospital%20OR%20%22provincial%20health%20department%22%29&page=2,500,HTTPError: HTTP Error 500: Internal Server Error,1789,direct-MOH-HSPI-DQ-EVID-05-p02.body,e4b53791e6f0e3f268316b5e2047971c0f199bef1a887e28ac5658439f1c0641,direct-MOH-HSPI-DQ-EVID-05-p02.headers.json,4782ab1c1c80a7b68a4b07867bfc906af9e3d01d5947aa61293103e674adc80f,[],0,0,TWO_CONSECUTIVE_NO_NEW
MOH-HSPI,hspi.org.vn,DQ-IMPL-01,implementation,"(""đạo đức AI"" OR ""AI có trách nhiệm"" OR ""quản trị AI"") AND (kế hoạch OR triển khai OR áp dụng OR thí điểm)",INTERNAL_PORTAL,1,2026-08-01T04:45:01.197629+00:00,https://hspi.org.vn/news/find?txtKw=%28%22%C4%91%E1%BA%A1o%20%C4%91%E1%BB%A9c%20AI%22%20OR%20%22AI%20c%C3%B3%20tr%C3%A1ch%20nhi%E1%BB%87m%22%20OR%20%22qu%E1%BA%A3n%20tr%E1%BB%8B%20AI%22%29%20AND%20%28k%E1%BA%BF%20ho%E1%BA%A1ch%20OR%20tri%E1%BB%83n%20khai%20OR%20%C3%A1p%20d%E1%BB%A5ng%20OR%20th%C3%AD%20%C4%91i%E1%BB%83m%29&page=1,500,HTTPError: HTTP Error 500: Internal Server Error,1789,direct-MOH-HSPI-DQ-IMPL-01-p01.body,e4b53791e6f0e3f268316b5e2047971c0f199bef1a887e28ac5658439f1c0641,direct-MOH-HSPI-DQ-IMPL-01-p01.headers.json,92385b9f61e55396a894b2241bf961b40cd0db6a78f133dc950e0409d626202c,[],0,0,CONTINUE
MOH-HSPI,hspi.org.vn,DQ-IMPL-01,implementation,"(""đạo đức AI"" OR ""AI có trách nhiệm"" OR ""quản trị AI"") AND (kế hoạch OR triển khai OR áp dụng OR thí điểm)",INTERNAL_PORTAL,2,2026-08-01T04:45:04.311950+00:00,https://hspi.org.vn/news/find?txtKw=%28%22%C4%91%E1%BA%A1o%20%C4%91%E1%BB%A9c%20AI%22%20OR%20%22AI%20c%C3%B3%20tr%C3%A1ch%20nhi%E1%BB%87m%22%20OR%20%22qu%E1%BA%A3n%20tr%E1%BB%8B%20AI%22%29%20AND%20%28k%E1%BA%BF%20ho%E1%BA%A1ch%20OR%20tri%E1%BB%83n%20khai%20OR%20%C3%A1p%20d%E1%BB%A5ng%20OR%20th%C3%AD%20%C4%91i%E1%BB%83m%29&page=2,500,HTTPError: HTTP Error 500: Internal Server Error,1789,direct-MOH-HSPI-DQ-IMPL-01-p02.body,e4b53791e6f0e3f268316b5e2047971c0f199bef1a887e28ac5658439f1c0641,direct-MOH-HSPI-DQ-IMPL-01-p02.headers.json,30d992c082ebd1d06b90053e9cfe3fd5135dca9e57498a62756ee8132816d7e2,[],0,0,TWO_CONSECUTIVE_NO_NEW
MOH-HSPI,hspi.org.vn,DQ-IMPL-02,implementation,"(""đạo đức AI"" OR ""AI có trách nhiệm"" OR ""quản trị AI"") AND (""Bộ Y tế"" OR bệnh viện OR ""cơ sở khám bệnh, chữa bệnh"")",INTERNAL_PORTAL,1,2026-08-01T04:45:00.837130+00:00,https://hspi.org.vn/news/find?txtKw=%28%22%C4%91%E1%BA%A1o%20%C4%91%E1%BB%A9c%20AI%22%20OR%20%22AI%20c%C3%B3%20tr%C3%A1ch%20nhi%E1%BB%87m%22%20OR%20%22qu%E1%BA%A3n%20tr%E1%BB%8B%20AI%22%29%20AND%20%28%22B%E1%BB%99%20Y%20t%E1%BA%BF%22%20OR%20b%E1%BB%87nh%20vi%E1%BB%87n%20OR%20%22c%C6%A1%20s%E1%BB%9F%20kh%C3%A1m%20b%E1%BB%87nh%2C%20ch%E1%BB%AFa%20b%E1%BB%87nh%22%29&page=1,500,HTTPError: HTTP Error 500: Internal Server Error,1789,direct-MOH-HSPI-DQ-IMPL-02-p01.body,e4b53791e6f0e3f268316b5e2047971c0f199bef1a887e28ac5658439f1c0641,direct-MOH-HSPI-DQ-IMPL-02-p01.headers.json,92385b9f61e55396a894b2241bf961b40cd0db6a78f133dc950e0409d626202c,[],0,0,CONTINUE
MOH-HSPI,hspi.org.vn,DQ-IMPL-02,implementation,"(""đạo đức AI"" OR ""AI có trách nhiệm"" OR ""quản trị AI"") AND (""Bộ Y tế"" OR bệnh viện OR ""cơ sở khám bệnh, chữa bệnh"")",INTERNAL_PORTAL,2,2026-08-01T04:45:03.950881+00:00,https://hspi.org.vn/news/find?txtKw=%28%22%C4%91%E1%BA%A1o%20%C4%91%E1%BB%A9c%20AI%22%20OR%20%22AI%20c%C3%B3%20tr%C3%A1ch%20nhi%E1%BB%87m%22%20OR%20%22qu%E1%BA%A3n%20tr%E1%BB%8B%20AI%22%29%20AND%20%28%22B%E1%BB%99%20Y%20t%E1%BA%BF%22%20OR%20b%E1%BB%87nh%20vi%E1%BB%87n%20OR%20%22c%C6%A1%20s%E1%BB%9F%20kh%C3%A1m%20b%E1%BB%87nh%2C%20ch%E1%BB%AFa%20b%E1%BB%87nh%22%29&page=2,500,HTTPError: HTTP Error 500: Internal Server Error,1789,direct-MOH-HSPI-DQ-IMPL-02-p02.body,e4b53791e6f0e3f268316b5e2047971c0f199bef1a887e28ac5658439f1c0641,direct-MOH-HSPI-DQ-IMPL-02-p02.headers.json,30d992c082ebd1d06b90053e9cfe3fd5135dca9e57498a62756ee8132816d7e2,[],0,0,TWO_CONSECUTIVE_NO_NEW
MOH-HSPI,hspi.org.vn,DQ-IMPL-03,implementation,"(""responsible AI"" OR ""AI governance"" OR ""AI ethics"") AND (implementation OR adoption OR uptake OR plan OR pilot) AND (Vietnam OR ""Viet Nam"") AND (health OR hospital OR clinical)",INTERNAL_PORTAL,1,2026-08-01T04:45:05.609724+00:00,https://hspi.org.vn/news/find?txtKw=%28%22responsible%20AI%22%20OR%20%22AI%20governance%22%20OR%20%22AI%20ethics%22%29%20AND%20%28implementation%20OR%20adoption%20OR%20uptake%20OR%20plan%20OR%20pilot%29%20AND%20%28Vietnam%20OR%20%22Viet%20Nam%22%29%20AND%20%28health%20OR%20hospital%20OR%20clinical%29&page=1,500,HTTPError: HTTP Error 500: Internal Server Error,1789,direct-MOH-HSPI-DQ-IMPL-03-p01.body,e4b53791e6f0e3f268316b5e2047971c0f199bef1a887e28ac5658439f1c0641,direct-MOH-HSPI-DQ-IMPL-03-p01.headers.json,7877abc1e8044edbaa098560acbc4899c9c96267689324e6f229d31641230a8b,[],0,0,CONTINUE
MOH-HSPI,hspi.org.vn,DQ-IMPL-03,implementation,"(""responsible AI"" OR ""AI governance"" OR ""AI ethics"") AND (implementation OR adoption OR uptake OR plan OR pilot) AND (Vietnam OR ""Viet Nam"") AND (health OR hospital OR clinical)",INTERNAL_PORTAL,2,2026-08-01T04:45:08.690272+00:00,https://hspi.org.vn/news/find?txtKw=%28%22responsible%20AI%22%20OR%20%22AI%20governance%22%20OR%20%22AI%20ethics%22%29%20AND%20%28implementation%20OR%20adoption%20OR%20uptake%20OR%20plan%20OR%20pilot%29%20AND%20%28Vietnam%20OR%20%22Viet%20Nam%22%29%20AND%20%28health%20OR%20hospital%20OR%20clinical%29&page=2,500,HTTPError: HTTP Error 500: Internal Server Error,1789,direct-MOH-HSPI-DQ-IMPL-03-p02.body,e4b53791e6f0e3f268316b5e2047971c0f199bef1a887e28ac5658439f1c0641,direct-MOH-HSPI-DQ-IMPL-03-p02.headers.json,eca6480b84b1d9746594ed213ce5bebd660319e9eee4d88a2b1eed755000c7fc,[],0,0,TWO_CONSECUTIVE_NO_NEW
MOH-HSPI,hspi.org.vn,DQ-IMPL-04,implementation,"(""trí tuệ nhân tạo"" OR AI) AND (""theo dõi sau triển khai"" OR hậu kiểm OR ""giám sát sau triển khai"" OR ""đánh giá hiệu quả"") AND (y tế OR bệnh viện OR ""Sở Y tế"")",INTERNAL_PORTAL,1,2026-08-01T04:45:07.076085+00:00,https://hspi.org.vn/news/find?txtKw=%28%22tr%C3%AD%20tu%E1%BB%87%20nh%C3%A2n%20t%E1%BA%A1o%22%20OR%20AI%29%20AND%20%28%22theo%20d%C3%B5i%20sau%20tri%E1%BB%83n%20khai%22%20OR%20h%E1%BA%ADu%20ki%E1%BB%83m%20OR%20%22gi%C3%A1m%20s%C3%A1t%20sau%20tri%E1%BB%83n%20khai%22%20OR%20%22%C4%91%C3%A1nh%20gi%C3%A1%20hi%E1%BB%87u%20qu%E1%BA%A3%22%29%20AND%20%28y%20t%E1%BA%BF%20OR%20b%E1%BB%87nh%20vi%E1%BB%87n%20OR%20%22S%E1%BB%9F%20Y%20t%E1%BA%BF%22%29&page=1,500,HTTPError: HTTP Error 500: Internal Server Error,1789,direct-MOH-HSPI-DQ-IMPL-04-p01.body,e4b53791e6f0e3f268316b5e2047971c0f199bef1a887e28ac5658439f1c0641,direct-MOH-HSPI-DQ-IMPL-04-p01.headers.json,5642cffd299dfa8bf73fd5589b7979188ee9bd168447fc3aa3c93dc37aae9bde,[],0,0,CONTINUE
MOH-HSPI,hspi.org.vn,DQ-IMPL-04,implementation,"(""trí tuệ nhân tạo"" OR AI) AND (""theo dõi sau triển khai"" OR hậu kiểm OR ""giám sát sau triển khai"" OR ""đánh giá hiệu quả"") AND (y tế OR bệnh viện OR ""Sở Y tế"")",INTERNAL_PORTAL,2,2026-08-01T04:45:10.101087+00:00,https://hspi.org.vn/news/find?txtKw=%28%22tr%C3%AD%20tu%E1%BB%87%20nh%C3%A2n%20t%E1%BA%A1o%22%20OR%20AI%29%20AND%20%28%22theo%20d%C3%B5i%20sau%20tri%E1%BB%83n%20khai%22%20OR%20h%E1%BA%ADu%20ki%E1%BB%83m%20OR%20%22gi%C3%A1m%20s%C3%A1t%20sau%20tri%E1%BB%83n%20khai%22%20OR%20%22%C4%91%C3%A1nh%20gi%C3%A1%20hi%E1%BB%87u%20qu%E1%BA%A3%22%29%20AND%20%28y%20t%E1%BA%BF%20OR%20b%E1%BB%87nh%20vi%E1%BB%87n%20OR%20%22S%E1%BB%9F%20Y%20t%E1%BA%BF%22%29&page=2,500,HTTPError: HTTP Error 500: Internal Server Error,1789,direct-MOH-HSPI-DQ-IMPL-04-p02.body,e4b53791e6f0e3f268316b5e2047971c0f199bef1a887e28ac5658439f1c0641,direct-MOH-HSPI-DQ-IMPL-04-p02.headers.json,b814769faa82bf79dd7672bfb37f32b8bc15675545e0106d04163d7dcd90022b,[],0,0,TWO_CONSECUTIVE_NO_NEW
MOH-HSPI,hspi.org.vn,DQ-IMPL-05,implementation,"(""trí tuệ nhân tạo"" OR AI) AND (""báo cáo sự cố"" OR ""quản lý chất lượng"" OR kiểm toán OR thanh tra) AND (y tế OR bệnh viện OR ""Sở Y tế"")",INTERNAL_PORTAL,1,2026-08-01T04:45:07.560403+00:00,https://hspi.org.vn/news/find?txtKw=%28%22tr%C3%AD%20tu%E1%BB%87%20nh%C3%A2n%20t%E1%BA%A1o%22%20OR%20AI%29%20AND%20%28%22b%C3%A1o%20c%C3%A1o%20s%E1%BB%B1%20c%E1%BB%91%22%20OR%20%22qu%E1%BA%A3n%20l%C3%BD%20ch%E1%BA%A5t%20l%C6%B0%E1%BB%A3ng%22%20OR%20ki%E1%BB%83m%20to%C3%A1n%20OR%20thanh%20tra%29%20AND%20%28y%20t%E1%BA%BF%20OR%20b%E1%BB%87nh%20vi%E1%BB%87n%20OR%20%22S%E1%BB%9F%20Y%20t%E1%BA%BF%22%29&page=1,500,HTTPError: HTTP Error 500: Internal Server Error,1789,direct-MOH-HSPI-DQ-IMPL-05-p01.body,e4b53791e6f0e3f268316b5e2047971c0f199bef1a887e28ac5658439f1c0641,direct-MOH-HSPI-DQ-IMPL-05-p01.headers.json,5642cffd299dfa8bf73fd5589b7979188ee9bd168447fc3aa3c93dc37aae9bde,[],0,0,CONTINUE
MOH-HSPI,hspi.org.vn,DQ-IMPL-05,implementation,"(""trí tuệ nhân tạo"" OR AI) AND (""báo cáo sự cố"" OR ""quản lý chất lượng"" OR kiểm toán OR thanh tra) AND (y tế OR bệnh viện OR ""Sở Y tế"")",INTERNAL_PORTAL,2,2026-08-01T04:45:10.882516+00:00,https://hspi.org.vn/news/find?txtKw=%28%22tr%C3%AD%20tu%E1%BB%87%20nh%C3%A2n%20t%E1%BA%A1o%22%20OR%20AI%29%20AND%20%28%22b%C3%A1o%20c%C3%A1o%20s%E1%BB%B1%20c%E1%BB%91%22%20OR%20%22qu%E1%BA%A3n%20l%C3%BD%20ch%E1%BA%A5t%20l%C6%B0%E1%BB%A3ng%22%20OR%20ki%E1%BB%83m%20to%C3%A1n%20OR%20thanh%20tra%29%20AND%20%28y%20t%E1%BA%BF%20OR%20b%E1%BB%87nh%20vi%E1%BB%87n%20OR%20%22S%E1%BB%9F%20Y%20t%E1%BA%BF%22%29&page=2,500,HTTPError: HTTP Error 500: Internal Server Error,1789,direct-MOH-HSPI-DQ-IMPL-05-p02.body,e4b53791e6f0e3f268316b5e2047971c0f199bef1a887e28ac5658439f1c0641,direct-MOH-HSPI-DQ-IMPL-05-p02.headers.json,b814769faa82bf79dd7672bfb37f32b8bc15675545e0106d04163d7dcd90022b,[],0,0,TWO_CONSECUTIVE_NO_NEW
MOH-HSPI,hspi.org.vn,DQ-TOOL-01,implementation_tool,"(""đánh giá tuân thủ"" OR ""tự đánh giá"") AND (""đạo đức AI"" OR ""AI có trách nhiệm"")",INTERNAL_PORTAL,1,2026-08-01T04:45:06.210574+00:00,https://hspi.org.vn/news/find?txtKw=%28%22%C4%91%C3%A1nh%20gi%C3%A1%20tu%C3%A2n%20th%E1%BB%A7%22%20OR%20%22t%E1%BB%B1%20%C4%91%C3%A1nh%20gi%C3%A1%22%29%20AND%20%28%22%C4%91%E1%BA%A1o%20%C4%91%E1%BB%A9c%20AI%22%20OR%20%22AI%20c%C3%B3%20tr%C3%A1ch%20nhi%E1%BB%87m%22%29&page=1,500,HTTPError: HTTP Error 500: Internal Server Error,1789,direct-MOH-HSPI-DQ-TOOL-01-p01.body,e4b53791e6f0e3f268316b5e2047971c0f199bef1a887e28ac5658439f1c0641,direct-MOH-HSPI-DQ-TOOL-01-p01.headers.json,7877abc1e8044edbaa098560acbc4899c9c96267689324e6f229d31641230a8b,[],0,0,CONTINUE
MOH-HSPI,hspi.org.vn,DQ-TOOL-01,implementation_tool,"(""đánh giá tuân thủ"" OR ""tự đánh giá"") AND (""đạo đức AI"" OR ""AI có trách nhiệm"")",INTERNAL_PORTAL,2,2026-08-01T04:45:09.278806+00:00,https://hspi.org.vn/news/find?txtKw=%28%22%C4%91%C3%A1nh%20gi%C3%A1%20tu%C3%A2n%20th%E1%BB%A7%22%20OR%20%22t%E1%BB%B1%20%C4%91%C3%A1nh%20gi%C3%A1%22%29%20AND%20%28%22%C4%91%E1%BA%A1o%20%C4%91%E1%BB%A9c%20AI%22%20OR%20%22AI%20c%C3%B3%20tr%C3%A1ch%20nhi%E1%BB%87m%22%29&page=2,500,HTTPError: HTTP Error 500: Internal Server Error,1789,direct-MOH-HSPI-DQ-TOOL-01-p02.body,e4b53791e6f0e3f268316b5e2047971c0f199bef1a887e28ac5658439f1c0641,direct-MOH-HSPI-DQ-TOOL-01-p02.headers.json,621893567081df3735b4d291e2cebf3a05148ba8064aacb9d7912688c2fd5b18,[],0,0,TWO_CONSECUTIVE_NO_NEW
MOH-HSPI,hspi.org.vn,DQ-TOOL-02,implementation_tool,"(nền tảng OR công cụ) AND (""đánh giá tuân thủ"" OR ""đánh giá tác động"") AND (""AI"" OR ""trí tuệ nhân tạo"")",INTERNAL_PORTAL,1,2026-08-01T04:45:07.255363+00:00,https://hspi.org.vn/news/find?txtKw=%28n%E1%BB%81n%20t%E1%BA%A3ng%20OR%20c%C3%B4ng%20c%E1%BB%A5%29%20AND%20%28%22%C4%91%C3%A1nh%20gi%C3%A1%20tu%C3%A2n%20th%E1%BB%A7%22%20OR%20%22%C4%91%C3%A1nh%20gi%C3%A1%20t%C3%A1c%20%C4%91%E1%BB%99ng%22%29%20AND%20%28%22AI%22%20OR%20%22tr%C3%AD%20tu%E1%BB%87%20nh%C3%A2n%20t%E1%BA%A1o%22%29&page=1,500,HTTPError: HTTP Error 500: Internal Server Error,1789,direct-MOH-HSPI-DQ-TOOL-02-p01.body,e4b53791e6f0e3f268316b5e2047971c0f199bef1a887e28ac5658439f1c0641,direct-MOH-HSPI-DQ-TOOL-02-p01.headers.json,5642cffd299dfa8bf73fd5589b7979188ee9bd168447fc3aa3c93dc37aae9bde,[],0,0,CONTINUE
MOH-HSPI,hspi.org.vn,DQ-TOOL-02,implementation_tool,"(nền tảng OR công cụ) AND (""đánh giá tuân thủ"" OR ""đánh giá tác động"") AND (""AI"" OR ""trí tuệ nhân tạo"")",INTERNAL_PORTAL,2,2026-08-01T04:45:10.622301+00:00,https://hspi.org.vn/news/find?txtKw=%28n%E1%BB%81n%20t%E1%BA%A3ng%20OR%20c%C3%B4ng%20c%E1%BB%A5%29%20AND%20%28%22%C4%91%C3%A1nh%20gi%C3%A1%20tu%C3%A2n%20th%E1%BB%A7%22%20OR%20%22%C4%91%C3%A1nh%20gi%C3%A1%20t%C3%A1c%20%C4%91%E1%BB%99ng%22%29%20AND%20%28%22AI%22%20OR%20%22tr%C3%AD%20tu%E1%BB%87%20nh%C3%A2n%20t%E1%BA%A1o%22%29&page=2,500,HTTPError: HTTP Error 500: Internal Server Error,1789,direct-MOH-HSPI-DQ-TOOL-02-p02.body,e4b53791e6f0e3f268316b5e2047971c0f199bef1a887e28ac5658439f1c0641,direct-MOH-HSPI-DQ-TOOL-02-p02.headers.json,b814769faa82bf79dd7672bfb37f32b8bc15675545e0106d04163d7dcd90022b,[],0,0,TWO_CONSECUTIVE_NO_NEW
MOH-HTTB,imda.moh.gov.vn,DQ-EVID-01,evidence,"(""đạo đức AI"" OR ""quản trị AI"") AND (kiểm toán OR thanh tra OR giám sát)",INTERNAL_PORTAL,1,2026-08-01T04:44:02.256594+00:00,https://imda.moh.gov.vn/?s=%28%22%C4%91%E1%BA%A1o%20%C4%91%E1%BB%A9c%20AI%22%20OR%20%22qu%E1%BA%A3n%20tr%E1%BB%8B%20AI%22%29%20AND%20%28ki%E1%BB%83m%20to%C3%A1n%20OR%20thanh%20tra%20OR%20gi%C3%A1m%20s%C3%A1t%29&paged=1,200,,140881,direct-MOH-HTTB-DQ-EVID-01-p01.body,eb9c4619dca9515b8d5330390bd325f4495873d743798f437b6d2e44f07d2bed,direct-MOH-HTTB-DQ-EVID-01-p01.headers.json,553748e4b4415256091cf599bbebe4c8da0e348e2d2fa3a7aa24acc7b0b4247a,[],0,0,CONTINUE
MOH-HTTB,imda.moh.gov.vn,DQ-EVID-01,evidence,"(""đạo đức AI"" OR ""quản trị AI"") AND (kiểm toán OR thanh tra OR giám sát)",INTERNAL_PORTAL,2,2026-08-01T04:44:08.649521+00:00,https://imda.moh.gov.vn/?s=%28%22%C4%91%E1%BA%A1o%20%C4%91%E1%BB%A9c%20AI%22%20OR%20%22qu%E1%BA%A3n%20tr%E1%BB%8B%20AI%22%29%20AND%20%28ki%E1%BB%83m%20to%C3%A1n%20OR%20thanh%20tra%20OR%20gi%C3%A1m%20s%C3%A1t%29&paged=2,200,,140881,direct-MOH-HTTB-DQ-EVID-01-p02.body,c46ef1eea25456705ad8d62f73ba12ddc7c3b68104a39874228c045b7637b645,direct-MOH-HTTB-DQ-EVID-01-p02.headers.json,210819d2a5d430cfc0459c15a4f0a4175d97fc2406dae46c0e19ddbe3941109c,[],0,0,TWO_CONSECUTIVE_NO_NEW
MOH-HTTB,imda.moh.gov.vn,DQ-EVID-02,evidence,"(""AI"" OR ""trí tuệ nhân tạo"") AND (sự cố OR khiếu nại OR khắc phục) AND (y tế OR bệnh viện)",INTERNAL_PORTAL,1,2026-08-01T04:44:09.213998+00:00,https://imda.moh.gov.vn/?s=%28%22AI%22%20OR%20%22tr%C3%AD%20tu%E1%BB%87%20nh%C3%A2n%20t%E1%BA%A1o%22%29%20AND%20%28s%E1%BB%B1%20c%E1%BB%91%20OR%20khi%E1%BA%BFu%20n%E1%BA%A1i%20OR%20kh%E1%BA%AFc%20ph%E1%BB%A5c%29%20AND%20%28y%20t%E1%BA%BF%20OR%20b%E1%BB%87nh%20vi%E1%BB%87n%29&paged=1,200,,142036,direct-MOH-HTTB-DQ-EVID-02-p01.body,31ff94c9b87dc61831722ac69bc8562218c4d40ed57fc253ad17bc8e74c3efa4,direct-MOH-HTTB-DQ-EVID-02-p01.headers.json,b03e0b2e5d157eecc4e5de1b9ff7f157af98033dd2c47d7ceaeb52da7701f69a,[],0,0,CONTINUE
MOH-HTTB,imda.moh.gov.vn,DQ-EVID-02,evidence,"(""AI"" OR ""trí tuệ nhân tạo"") AND (sự cố OR khiếu nại OR khắc phục) AND (y tế OR bệnh viện)",INTERNAL_PORTAL,2,2026-08-01T04:44:13.371533+00:00,https://imda.moh.gov.vn/?s=%28%22AI%22%20OR%20%22tr%C3%AD%20tu%E1%BB%87%20nh%C3%A2n%20t%E1%BA%A1o%22%29%20AND%20%28s%E1%BB%B1%20c%E1%BB%91%20OR%20khi%E1%BA%BFu%20n%E1%BA%A1i%20OR%20kh%E1%BA%AFc%20ph%E1%BB%A5c%29%20AND%20%28y%20t%E1%BA%BF%20OR%20b%E1%BB%87nh%20vi%E1%BB%87n%29&paged=2,200,,142036,direct-MOH-HTTB-DQ-EVID-02-p02.body,0e461a573d5780623074f07f459a8a44f1ca5e8fe3c5d7450c81d5e945c9ac3a,direct-MOH-HTTB-DQ-EVID-02-p02.headers.json,629fb81782e4d2e333e2ab4192b1727bf9af12e1bf6efb78bf935d8a0f489b4b,[],0,0,TWO_CONSECUTIVE_NO_NEW
MOH-HTTB,imda.moh.gov.vn,DQ-EVID-03,evidence,"(""AI"" OR ""trí tuệ nhân tạo"") AND (""đánh giá tác động"" OR kết quả) AND (y tế OR bệnh viện)",INTERNAL_PORTAL,1,2026-08-01T04:44:09.912508+00:00,https://imda.moh.gov.vn/?s=%28%22AI%22%20OR%20%22tr%C3%AD%20tu%E1%BB%87%20nh%C3%A2n%20t%E1%BA%A1o%22%29%20AND%20%28%22%C4%91%C3%A1nh%20gi%C3%A1%20t%C3%A1c%20%C4%91%E1%BB%99ng%22%20OR%20k%E1%BA%BFt%20qu%E1%BA%A3%29%20AND%20%28y%20t%E1%BA%BF%20OR%20b%E1%BB%87nh%20vi%E1%BB%87n%29&paged=1,200,,142114,direct-MOH-HTTB-DQ-EVID-03-p01.body,7d1d70f2c1e739c764a76572fe4f32eafd3d6ecd742c8bb72c4e163135439768,direct-MOH-HTTB-DQ-EVID-03-p01.headers.json,a5361d863dd39a0ceecbd126b7481e7f2fdef055b8d51a475b01531169b73bdc,[],0,0,CONTINUE
MOH-HTTB,imda.moh.gov.vn,DQ-EVID-03,evidence,"(""AI"" OR ""trí tuệ nhân tạo"") AND (""đánh giá tác động"" OR kết quả) AND (y tế OR bệnh viện)",INTERNAL_PORTAL,2,2026-08-01T04:44:14.132023+00:00,https://imda.moh.gov.vn/?s=%28%22AI%22%20OR%20%22tr%C3%AD%20tu%E1%BB%87%20nh%C3%A2n%20t%E1%BA%A1o%22%29%20AND%20%28%22%C4%91%C3%A1nh%20gi%C3%A1%20t%C3%A1c%20%C4%91%E1%BB%99ng%22%20OR%20k%E1%BA%BFt%20qu%E1%BA%A3%29%20AND%20%28y%20t%E1%BA%BF%20OR%20b%E1%BB%87nh%20vi%E1%BB%87n%29&paged=2,200,,142114,direct-MOH-HTTB-DQ-EVID-03-p02.body,29319c33953b22e6497f5631d4c68de817057306c82dc6438270223230a3e0ba,direct-MOH-HTTB-DQ-EVID-03-p02.headers.json,bcb34b597b23959ca7132f228f58b71afa38f3aa71d063d05236a1869ebb425b,[],0,0,TWO_CONSECUTIVE_NO_NEW
MOH-HTTB,imda.moh.gov.vn,DQ-EVID-04,evidence,"(""AI ethics"" OR ""AI governance"") AND (audit OR inspection OR monitoring OR incident OR complaint OR redress OR ""impact assessment"" OR outcome OR result) AND (Vietnam OR ""Viet Nam"") AND (health OR hospital)",INTERNAL_PORTAL,1,2026-08-01T04:44:10.356377+00:00,https://imda.moh.gov.vn/?s=%28%22AI%20ethics%22%20OR%20%22AI%20governance%22%29%20AND%20%28audit%20OR%20inspection%20OR%20monitoring%20OR%20incident%20OR%20complaint%20OR%20redress%20OR%20%22impact%20assessment%22%20OR%20outcome%20OR%20result%29%20AND%20%28Vietnam%20OR%20%22Viet%20Nam%22%29%20AND%20%28health%20OR%20hospital%29&paged=1,200,,141943,direct-MOH-HTTB-DQ-EVID-04-p01.body,28958444a1a716ff540ebb8aa8f8dc84d2c6f377a6b48971a900a52d40a55762,direct-MOH-HTTB-DQ-EVID-04-p01.headers.json,24fc5d48b7264218a44783b23eaa674cdd9f58b70d66b03a6f4d5e17bec74a3e,[],0,0,CONTINUE
MOH-HTTB,imda.moh.gov.vn,DQ-EVID-04,evidence,"(""AI ethics"" OR ""AI governance"") AND (audit OR inspection OR monitoring OR incident OR complaint OR redress OR ""impact assessment"" OR outcome OR result) AND (Vietnam OR ""Viet Nam"") AND (health OR hospital)",INTERNAL_PORTAL,2,2026-08-01T04:44:14.880923+00:00,https://imda.moh.gov.vn/?s=%28%22AI%20ethics%22%20OR%20%22AI%20governance%22%29%20AND%20%28audit%20OR%20inspection%20OR%20monitoring%20OR%20incident%20OR%20complaint%20OR%20redress%20OR%20%22impact%20assessment%22%20OR%20outcome%20OR%20result%29%20AND%20%28Vietnam%20OR%20%22Viet%20Nam%22%29%20AND%20%28health%20OR%20hospital%29&paged=2,200,,141943,direct-MOH-HTTB-DQ-EVID-04-p02.body,8de9a0ba8e83315fd3cf2a6b696c8003fc591d31dc366e54875e3975daf665a2,direct-MOH-HTTB-DQ-EVID-04-p02.headers.json,21f200961c2e6f9cf9fecd925a9bf8a6dc2c690de62294780fdfa51d4ad43fef,[],0,0,TWO_CONSECUTIVE_NO_NEW
MOH-HTTB,imda.moh.gov.vn,DQ-EVID-05,evidence,"(""artificial intelligence"" OR AI) AND (""post-implementation monitoring"" OR ""post-market surveillance"" OR ""incident reporting"" OR ""quality management"" OR ""effectiveness evaluation"" OR audit) AND (Vietnam OR ""Viet Nam"") AND (health OR hospital OR ""provincial health department"")",INTERNAL_PORTAL,1,2026-08-01T04:44:11.638817+00:00,https://imda.moh.gov.vn/?s=%28%22artificial%20intelligence%22%20OR%20AI%29%20AND%20%28%22post-implementation%20monitoring%22%20OR%20%22post-market%20surveillance%22%20OR%20%22incident%20reporting%22%20OR%20%22quality%20management%22%20OR%20%22effectiveness%20evaluation%22%20OR%20audit%29%20AND%20%28Vietnam%20OR%20%22Viet%20Nam%22%29%20AND%20%28health%20OR%20hospital%20OR%20%22provincial%20health%20department%22%29&paged=1,200,,143014,direct-MOH-HTTB-DQ-EVID-05-p01.body,093b0ec633bafbe251fb658690fcaae8ec59cc3045e5c4398ae5d19d3dc1a4ce,direct-MOH-HTTB-DQ-EVID-05-p01.headers.json,c0eeb831dd517e5296e18b0dea7ca8b8bdad626252fd5e27a2827985cea437b4,[],0,0,CONTINUE
MOH-HTTB,imda.moh.gov.vn,DQ-EVID-05,evidence,"(""artificial intelligence"" OR AI) AND (""post-implementation monitoring"" OR ""post-market surveillance"" OR ""incident reporting"" OR ""quality management"" OR ""effectiveness evaluation"" OR audit) AND (Vietnam OR ""Viet Nam"") AND (health OR hospital OR ""provincial health department"")",INTERNAL_PORTAL,2,2026-08-01T04:44:16.140924+00:00,https://imda.moh.gov.vn/?s=%28%22artificial%20intelligence%22%20OR%20AI%29%20AND%20%28%22post-implementation%20monitoring%22%20OR%20%22post-market%20surveillance%22%20OR%20%22incident%20reporting%22%20OR%20%22quality%20management%22%20OR%20%22effectiveness%20evaluation%22%20OR%20audit%29%20AND%20%28Vietnam%20OR%20%22Viet%20Nam%22%29%20AND%20%28health%20OR%20hospital%20OR%20%22provincial%20health%20department%22%29&paged=2,200,,143014,direct-MOH-HTTB-DQ-EVID-05-p02.body,edb929e20e89b68b94c7311d1f6a5ae4f8b51f46c530faf5ded6f761dbcee0fc,direct-MOH-HTTB-DQ-EVID-05-p02.headers.json,18b7300e84d0a838129e18032e614b73ae03e47682f190d8568fa60729bbd057,[],0,0,TWO_CONSECUTIVE_NO_NEW
MOH-HTTB,imda.moh.gov.vn,DQ-IMPL-01,implementation,"(""đạo đức AI"" OR ""AI có trách nhiệm"" OR ""quản trị AI"") AND (kế hoạch OR triển khai OR áp dụng OR thí điểm)",INTERNAL_PORTAL,1,2026-08-01T04:43:58.686102+00:00,https://imda.moh.gov.vn/?s=%28%22%C4%91%E1%BA%A1o%20%C4%91%E1%BB%A9c%20AI%22%20OR%20%22AI%20c%C3%B3%20tr%C3%A1ch%20nhi%E1%BB%87m%22%20OR%20%22qu%E1%BA%A3n%20tr%E1%BB%8B%20AI%22%29%20AND%20%28k%E1%BA%BF%20ho%E1%BA%A1ch%20OR%20tri%E1%BB%83n%20khai%20OR%20%C3%A1p%20d%E1%BB%A5ng%20OR%20th%C3%AD%20%C4%91i%E1%BB%83m%29&paged=1,200,,142687,direct-MOH-HTTB-DQ-IMPL-01-p01.body,fc7c1c2bd119db864d9bfe4434afd8e2c33ec6394163c41f909b8671cfdf724e,direct-MOH-HTTB-DQ-IMPL-01-p01.headers.json,752687885fc4d9f280a15d53636099c35926a9030ab7a3605f67caa5de8480dc,[],0,0,CONTINUE
MOH-HTTB,imda.moh.gov.vn,DQ-IMPL-01,implementation,"(""đạo đức AI"" OR ""AI có trách nhiệm"" OR ""quản trị AI"") AND (kế hoạch OR triển khai OR áp dụng OR thí điểm)",INTERNAL_PORTAL,2,2026-08-01T04:44:04.015240+00:00,https://imda.moh.gov.vn/?s=%28%22%C4%91%E1%BA%A1o%20%C4%91%E1%BB%A9c%20AI%22%20OR%20%22AI%20c%C3%B3%20tr%C3%A1ch%20nhi%E1%BB%87m%22%20OR%20%22qu%E1%BA%A3n%20tr%E1%BB%8B%20AI%22%29%20AND%20%28k%E1%BA%BF%20ho%E1%BA%A1ch%20OR%20tri%E1%BB%83n%20khai%20OR%20%C3%A1p%20d%E1%BB%A5ng%20OR%20th%C3%AD%20%C4%91i%E1%BB%83m%29&paged=2,200,,142687,direct-MOH-HTTB-DQ-IMPL-01-p02.body,f7738494190d76ff632c464e77a88de0558f94ddf8bbba347224de484442aa84,direct-MOH-HTTB-DQ-IMPL-01-p02.headers.json,0e3aa69aaeadbf3600ad7c8302080e5bd8dbaf2546ec76478a43c918db871593,[],0,0,TWO_CONSECUTIVE_NO_NEW
MOH-HTTB,imda.moh.gov.vn,DQ-IMPL-02,implementation,"(""đạo đức AI"" OR ""AI có trách nhiệm"" OR ""quản trị AI"") AND (""Bộ Y tế"" OR bệnh viện OR ""cơ sở khám bệnh, chữa bệnh"")",INTERNAL_PORTAL,1,2026-08-01T04:43:58.974024+00:00,https://imda.moh.gov.vn/?s=%28%22%C4%91%E1%BA%A1o%20%C4%91%E1%BB%A9c%20AI%22%20OR%20%22AI%20c%C3%B3%20tr%C3%A1ch%20nhi%E1%BB%87m%22%20OR%20%22qu%E1%BA%A3n%20tr%E1%BB%8B%20AI%22%29%20AND%20%28%22B%E1%BB%99%20Y%20t%E1%BA%BF%22%20OR%20b%E1%BB%87nh%20vi%E1%BB%87n%20OR%20%22c%C6%A1%20s%E1%BB%9F%20kh%C3%A1m%20b%E1%BB%87nh%2C%20ch%E1%BB%AFa%20b%E1%BB%87nh%22%29&paged=1,200,,143485,direct-MOH-HTTB-DQ-IMPL-02-p01.body,ac41b7efb087142aa3fc2cab3273fd48aeb5982d9d13815133015e91f9a337f6,direct-MOH-HTTB-DQ-IMPL-02-p01.headers.json,630a44805c2178a34b79e91de3bc3786ccc9b9ee303687c83dd9b783b9ae8e2b,[],0,0,CONTINUE
MOH-HTTB,imda.moh.gov.vn,DQ-IMPL-02,implementation,"(""đạo đức AI"" OR ""AI có trách nhiệm"" OR ""quản trị AI"") AND (""Bộ Y tế"" OR bệnh viện OR ""cơ sở khám bệnh, chữa bệnh"")",INTERNAL_PORTAL,2,2026-08-01T04:44:05.012907+00:00,https://imda.moh.gov.vn/?s=%28%22%C4%91%E1%BA%A1o%20%C4%91%E1%BB%A9c%20AI%22%20OR%20%22AI%20c%C3%B3%20tr%C3%A1ch%20nhi%E1%BB%87m%22%20OR%20%22qu%E1%BA%A3n%20tr%E1%BB%8B%20AI%22%29%20AND%20%28%22B%E1%BB%99%20Y%20t%E1%BA%BF%22%20OR%20b%E1%BB%87nh%20vi%E1%BB%87n%20OR%20%22c%C6%A1%20s%E1%BB%9F%20kh%C3%A1m%20b%E1%BB%87nh%2C%20ch%E1%BB%AFa%20b%E1%BB%87nh%22%29&paged=2,200,,143485,direct-MOH-HTTB-DQ-IMPL-02-p02.body,32fa62903ce648dc6e321dada2471e277db8cfcd6686aa3965dfcd0c2d3f0e28,direct-MOH-HTTB-DQ-IMPL-02-p02.headers.json,213899f1688ef83a571fd81880688f505b9a97af6410b1b05c468ff56f3f822b,[],0,0,TWO_CONSECUTIVE_NO_NEW
MOH-HTTB,imda.moh.gov.vn,DQ-IMPL-03,implementation,"(""responsible AI"" OR ""AI governance"" OR ""AI ethics"") AND (implementation OR adoption OR uptake OR plan OR pilot) AND (Vietnam OR ""Viet Nam"") AND (health OR hospital OR clinical)",INTERNAL_PORTAL,1,2026-08-01T04:43:59.474946+00:00,https://imda.moh.gov.vn/?s=%28%22responsible%20AI%22%20OR%20%22AI%20governance%22%20OR%20%22AI%20ethics%22%29%20AND%20%28implementation%20OR%20adoption%20OR%20uptake%20OR%20plan%20OR%20pilot%29%20AND%20%28Vietnam%20OR%20%22Viet%20Nam%22%29%20AND%20%28health%20OR%20hospital%20OR%20clinical%29&paged=1,200,,141499,direct-MOH-HTTB-DQ-IMPL-03-p01.body,59247737295e2d28f62c80b2f8893848d996bf25fc3b2a110523d4beab9d1c84,direct-MOH-HTTB-DQ-IMPL-03-p01.headers.json,6e05272428f72cc09a6a77bf49572a7509375cc61297b8049a671020bd21d155,[],0,0,CONTINUE
MOH-HTTB,imda.moh.gov.vn,DQ-IMPL-03,implementation,"(""responsible AI"" OR ""AI governance"" OR ""AI ethics"") AND (implementation OR adoption OR uptake OR plan OR pilot) AND (Vietnam OR ""Viet Nam"") AND (health OR hospital OR clinical)",INTERNAL_PORTAL,2,2026-08-01T04:44:05.411707+00:00,https://imda.moh.gov.vn/?s=%28%22responsible%20AI%22%20OR%20%22AI%20governance%22%20OR%20%22AI%20ethics%22%29%20AND%20%28implementation%20OR%20adoption%20OR%20uptake%20OR%20plan%20OR%20pilot%29%20AND%20%28Vietnam%20OR%20%22Viet%20Nam%22%29%20AND%20%28health%20OR%20hospital%20OR%20clinical%29&paged=2,200,,141499,direct-MOH-HTTB-DQ-IMPL-03-p02.body,997162d1119cd6a7678da300003c56e67bb55626627baae567edd33478977db9,direct-MOH-HTTB-DQ-IMPL-03-p02.headers.json,19d38ecb2cfcb241c6b3f61ca612301987922629a5b9d4117867da4f8a94a533,[],0,0,TWO_CONSECUTIVE_NO_NEW
MOH-HTTB,imda.moh.gov.vn,DQ-IMPL-04,implementation,"(""trí tuệ nhân tạo"" OR AI) AND (""theo dõi sau triển khai"" OR hậu kiểm OR ""giám sát sau triển khai"" OR ""đánh giá hiệu quả"") AND (y tế OR bệnh viện OR ""Sở Y tế"")",INTERNAL_PORTAL,1,2026-08-01T04:44:00.707233+00:00,https://imda.moh.gov.vn/?s=%28%22tr%C3%AD%20tu%E1%BB%87%20nh%C3%A2n%20t%E1%BA%A1o%22%20OR%20AI%29%20AND%20%28%22theo%20d%C3%B5i%20sau%20tri%E1%BB%83n%20khai%22%20OR%20h%E1%BA%ADu%20ki%E1%BB%83m%20OR%20%22gi%C3%A1m%20s%C3%A1t%20sau%20tri%E1%BB%83n%20khai%22%20OR%20%22%C4%91%C3%A1nh%20gi%C3%A1%20hi%E1%BB%87u%20qu%E1%BA%A3%22%29%20AND%20%28y%20t%E1%BA%BF%20OR%20b%E1%BB%87nh%20vi%E1%BB%87n%20OR%20%22S%E1%BB%9F%20Y%20t%E1%BA%BF%22%29&paged=1,200,,144619,direct-MOH-HTTB-DQ-IMPL-04-p01.body,f72c7e5607dbf027ba0ca4dbd672694742cf7cab5e89dc9ddad20edc974d2063,direct-MOH-HTTB-DQ-IMPL-04-p01.headers.json,ebf9b7a581990e0460e6090e5d3bcd0956761b3f8cab0dade33eb479a79a0e92,[],0,0,CONTINUE
MOH-HTTB,imda.moh.gov.vn,DQ-IMPL-04,implementation,"(""trí tuệ nhân tạo"" OR AI) AND (""theo dõi sau triển khai"" OR hậu kiểm OR ""giám sát sau triển khai"" OR ""đánh giá hiệu quả"") AND (y tế OR bệnh viện OR ""Sở Y tế"")",INTERNAL_PORTAL,2,2026-08-01T04:44:07.348050+00:00,https://imda.moh.gov.vn/?s=%28%22tr%C3%AD%20tu%E1%BB%87%20nh%C3%A2n%20t%E1%BA%A1o%22%20OR%20AI%29%20AND%20%28%22theo%20d%C3%B5i%20sau%20tri%E1%BB%83n%20khai%22%20OR%20h%E1%BA%ADu%20ki%E1%BB%83m%20OR%20%22gi%C3%A1m%20s%C3%A1t%20sau%20tri%E1%BB%83n%20khai%22%20OR%20%22%C4%91%C3%A1nh%20gi%C3%A1%20hi%E1%BB%87u%20qu%E1%BA%A3%22%29%20AND%20%28y%20t%E1%BA%BF%20OR%20b%E1%BB%87nh%20vi%E1%BB%87n%20OR%20%22S%E1%BB%9F%20Y%20t%E1%BA%BF%22%29&paged=2,200,,144619,direct-MOH-HTTB-DQ-IMPL-04-p02.body,f9380882281f001d16d9c38d35b847b38508239c07e0e3eff53ea6470d905419,direct-MOH-HTTB-DQ-IMPL-04-p02.headers.json,03667057f665b71e552f1cc8b27ee2828c64e4f25c06c4eafeea843cb4e52c1c,[],0,0,TWO_CONSECUTIVE_NO_NEW
MOH-HTTB,imda.moh.gov.vn,DQ-IMPL-05,implementation,"(""trí tuệ nhân tạo"" OR AI) AND (""báo cáo sự cố"" OR ""quản lý chất lượng"" OR kiểm toán OR thanh tra) AND (y tế OR bệnh viện OR ""Sở Y tế"")",INTERNAL_PORTAL,1,2026-08-01T04:44:01.465212+00:00,https://imda.moh.gov.vn/?s=%28%22tr%C3%AD%20tu%E1%BB%87%20nh%C3%A2n%20t%E1%BA%A1o%22%20OR%20AI%29%20AND%20%28%22b%C3%A1o%20c%C3%A1o%20s%E1%BB%B1%20c%E1%BB%91%22%20OR%20%22qu%E1%BA%A3n%20l%C3%BD%20ch%E1%BA%A5t%20l%C6%B0%E1%BB%A3ng%22%20OR%20ki%E1%BB%83m%20to%C3%A1n%20OR%20thanh%20tra%29%20AND%20%28y%20t%E1%BA%BF%20OR%20b%E1%BB%87nh%20vi%E1%BB%87n%20OR%20%22S%E1%BB%9F%20Y%20t%E1%BA%BF%22%29&paged=1,200,,144010,direct-MOH-HTTB-DQ-IMPL-05-p01.body,cf4e80e99997b86a1a641b22599956b47becf11c4620fb09eb15de543aa7de93,direct-MOH-HTTB-DQ-IMPL-05-p01.headers.json,4525c4a7155cc1e15dcbc5983a2120052ff3bfad6b9163e179ed2c6cfc953320,[],0,0,CONTINUE
MOH-HTTB,imda.moh.gov.vn,DQ-IMPL-05,implementation,"(""trí tuệ nhân tạo"" OR AI) AND (""báo cáo sự cố"" OR ""quản lý chất lượng"" OR kiểm toán OR thanh tra) AND (y tế OR bệnh viện OR ""Sở Y tế"")",INTERNAL_PORTAL,2,2026-08-01T04:44:08.295860+00:00,https://imda.moh.gov.vn/?s=%28%22tr%C3%AD%20tu%E1%BB%87%20nh%C3%A2n%20t%E1%BA%A1o%22%20OR%20AI%29%20AND%20%28%22b%C3%A1o%20c%C3%A1o%20s%E1%BB%B1%20c%E1%BB%91%22%20OR%20%22qu%E1%BA%A3n%20l%C3%BD%20ch%E1%BA%A5t%20l%C6%B0%E1%BB%A3ng%22%20OR%20ki%E1%BB%83m%20to%C3%A1n%20OR%20thanh%20tra%29%20AND%20%28y%20t%E1%BA%BF%20OR%20b%E1%BB%87nh%20vi%E1%BB%87n%20OR%20%22S%E1%BB%9F%20Y%20t%E1%BA%BF%22%29&paged=2,200,,144010,direct-MOH-HTTB-DQ-IMPL-05-p02.body,7c1877ae8efa750067c4c1be2cd84a9a355ad17ed073718cc2e6029f6bf1f0c7,direct-MOH-HTTB-DQ-IMPL-05-p02.headers.json,e4c7e0e77ac90532db0ca451056106d81d0fafbbed960f5969d73814017d428d,[],0,0,TWO_CONSECUTIVE_NO_NEW
MOH-HTTB,imda.moh.gov.vn,DQ-TOOL-01,implementation_tool,"(""đánh giá tuân thủ"" OR ""tự đánh giá"") AND (""đạo đức AI"" OR ""AI có trách nhiệm"")",INTERNAL_PORTAL,1,2026-08-01T04:44:00.083523+00:00,https://imda.moh.gov.vn/?s=%28%22%C4%91%C3%A1nh%20gi%C3%A1%20tu%C3%A2n%20th%E1%BB%A7%22%20OR%20%22t%E1%BB%B1%20%C4%91%C3%A1nh%20gi%C3%A1%22%29%20AND%20%28%22%C4%91%E1%BA%A1o%20%C4%91%E1%BB%A9c%20AI%22%20OR%20%22AI%20c%C3%B3%20tr%C3%A1ch%20nhi%E1%BB%87m%22%29&paged=1,200,,141823,direct-MOH-HTTB-DQ-TOOL-01-p01.body,1899b43b97e184ffb6f28d17db33ec78883fd0300a1df0a9f2502af6cfd5d8af,direct-MOH-HTTB-DQ-TOOL-01-p01.headers.json,64832c4b434e541410d51ef41ea1c9f2974899fed6f3ce6a611497437f01f750,[],0,0,CONTINUE
MOH-HTTB,imda.moh.gov.vn,DQ-TOOL-01,implementation_tool,"(""đánh giá tuân thủ"" OR ""tự đánh giá"") AND (""đạo đức AI"" OR ""AI có trách nhiệm"")",INTERNAL_PORTAL,2,2026-08-01T04:44:07.342540+00:00,https://imda.moh.gov.vn/?s=%28%22%C4%91%C3%A1nh%20gi%C3%A1%20tu%C3%A2n%20th%E1%BB%A7%22%20OR%20%22t%E1%BB%B1%20%C4%91%C3%A1nh%20gi%C3%A1%22%29%20AND%20%28%22%C4%91%E1%BA%A1o%20%C4%91%E1%BB%A9c%20AI%22%20OR%20%22AI%20c%C3%B3%20tr%C3%A1ch%20nhi%E1%BB%87m%22%29&paged=2,200,,141823,direct-MOH-HTTB-DQ-TOOL-01-p02.body,eceb1b6af42914bbd0601a00926a69bae5a71998dde278d2a6f9cd45e07541a7,direct-MOH-HTTB-DQ-TOOL-01-p02.headers.json,f7ef6c87b011be1cf53388e0ffdf4530b0f6fb093c734883fc5a1d320a3d309b,[],0,0,TWO_CONSECUTIVE_NO_NEW
MOH-HTTB,imda.moh.gov.vn,DQ-TOOL-02,implementation_tool,"(nền tảng OR công cụ) AND (""đánh giá tuân thủ"" OR ""đánh giá tác động"") AND (""AI"" OR ""trí tuệ nhân tạo"")",INTERNAL_PORTAL,1,2026-08-01T04:44:01.018753+00:00,https://imda.moh.gov.vn/?s=%28n%E1%BB%81n%20t%E1%BA%A3ng%20OR%20c%C3%B4ng%20c%E1%BB%A5%29%20AND%20%28%22%C4%91%C3%A1nh%20gi%C3%A1%20tu%C3%A2n%20th%E1%BB%A7%22%20OR%20%22%C4%91%C3%A1nh%20gi%C3%A1%20t%C3%A1c%20%C4%91%E1%BB%99ng%22%29%20AND%20%28%22AI%22%20OR%20%22tr%C3%AD%20tu%E1%BB%87%20nh%C3%A2n%20t%E1%BA%A1o%22%29&paged=1,200,,142795,direct-MOH-HTTB-DQ-TOOL-02-p01.body,a62f5970e01da90c66893d053b2575afa247b1ab8a4942e72df9179fef6a7b17,direct-MOH-HTTB-DQ-TOOL-02-p01.headers.json,78cd78d03f3fb48e4f7e7360182289b29b79fdc8eb2b985eb10ff386dbd13c14,[],0,0,CONTINUE
MOH-HTTB,imda.moh.gov.vn,DQ-TOOL-02,implementation_tool,"(nền tảng OR công cụ) AND (""đánh giá tuân thủ"" OR ""đánh giá tác động"") AND (""AI"" OR ""trí tuệ nhân tạo"")",INTERNAL_PORTAL,2,2026-08-01T04:44:07.999463+00:00,https://imda.moh.gov.vn/?s=%28n%E1%BB%81n%20t%E1%BA%A3ng%20OR%20c%C3%B4ng%20c%E1%BB%A5%29%20AND%20%28%22%C4%91%C3%A1nh%20gi%C3%A1%20tu%C3%A2n%20th%E1%BB%A7%22%20OR%20%22%C4%91%C3%A1nh%20gi%C3%A1%20t%C3%A1c%20%C4%91%E1%BB%99ng%22%29%20AND%20%28%22AI%22%20OR%20%22tr%C3%AD%20tu%E1%BB%87%20nh%C3%A2n%20t%E1%BA%A1o%22%29&paged=2,200,,142795,direct-MOH-HTTB-DQ-TOOL-02-p02.body,5ef17eafd70577ed65f9c603aa29737c47191515c8652a65eef5b6391eb0667f,direct-MOH-HTTB-DQ-TOOL-02-p02.headers.json,cf9cad9999d0e2b824e35b6fb2e079efd74e257adb075ec6391d3aaec85f5c8d,[],0,0,TWO_CONSECUTIVE_NO_NEW
MOH-KCB,kcb.vn,DQ-EVID-01,evidence,"(""đạo đức AI"" OR ""quản trị AI"") AND (kiểm toán OR thanh tra OR giám sát)",INTERNAL_PORTAL,1,2026-08-01T04:43:53.358842+00:00,https://kcb.vn/?site=2005611&page=search&keyword=%28%22%C4%91%E1%BA%A1o%20%C4%91%E1%BB%A9c%20AI%22%20OR%20%22qu%E1%BA%A3n%20tr%E1%BB%8B%20AI%22%29%20AND%20%28ki%E1%BB%83m%20to%C3%A1n%20OR%20thanh%20tra%20OR%20gi%C3%A1m%20s%C3%A1t%29&p=1,200,,60520,direct-MOH-KCB-DQ-EVID-01-p01.body,bea8a4958adbe45f5152bd1f415fc67577058921632ab0cf84ffe4f86f940636,direct-MOH-KCB-DQ-EVID-01-p01.headers.json,ef2c4ea2795b87165c2ff416e67ffed1f2eff3f075428cf84cca8f65b3f6b51c,[],0,0,CONTINUE
MOH-KCB,kcb.vn,DQ-EVID-01,evidence,"(""đạo đức AI"" OR ""quản trị AI"") AND (kiểm toán OR thanh tra OR giám sát)",INTERNAL_PORTAL,2,2026-08-01T04:43:55.620256+00:00,https://kcb.vn/?site=2005611&page=search&keyword=%28%22%C4%91%E1%BA%A1o%20%C4%91%E1%BB%A9c%20AI%22%20OR%20%22qu%E1%BA%A3n%20tr%E1%BB%8B%20AI%22%29%20AND%20%28ki%E1%BB%83m%20to%C3%A1n%20OR%20thanh%20tra%20OR%20gi%C3%A1m%20s%C3%A1t%29&p=2,200,,60520,direct-MOH-KCB-DQ-EVID-01-p02.body,2e3ce4ab8b757b1e6a4db025eecdfcc0576bc81319226db0e7592c2a1fc5f860,direct-MOH-KCB-DQ-EVID-01-p02.headers.json,27674bf6aa1f4c9c4dc56fffa82c05fad775e1647834422ae4ec22983b320a12,[],0,0,TWO_CONSECUTIVE_NO_NEW
MOH-KCB,kcb.vn,DQ-EVID-02,evidence,"(""AI"" OR ""trí tuệ nhân tạo"") AND (sự cố OR khiếu nại OR khắc phục) AND (y tế OR bệnh viện)",INTERNAL_PORTAL,1,2026-08-01T04:43:53.659241+00:00,https://kcb.vn/?site=2005611&page=search&keyword=%28%22AI%22%20OR%20%22tr%C3%AD%20tu%E1%BB%87%20nh%C3%A2n%20t%E1%BA%A1o%22%29%20AND%20%28s%E1%BB%B1%20c%E1%BB%91%20OR%20khi%E1%BA%BFu%20n%E1%BA%A1i%20OR%20kh%E1%BA%AFc%20ph%E1%BB%A5c%29%20AND%20%28y%20t%E1%BA%BF%20OR%20b%E1%BB%87nh%20vi%E1%BB%87n%29&p=1,200,,60872,direct-MOH-KCB-DQ-EVID-02-p01.body,7a6a8b1f94367a1610f849a4b1e9854075491cb1473d141a65b7e90c78a357d7,direct-MOH-KCB-DQ-EVID-02-p01.headers.json,6380f75080c8296791c5ff1ecbcf51d2618504998079f66498c0c52b1073b5cc,[],0,0,CONTINUE
MOH-KCB,kcb.vn,DQ-EVID-02,evidence,"(""AI"" OR ""trí tuệ nhân tạo"") AND (sự cố OR khiếu nại OR khắc phục) AND (y tế OR bệnh viện)",INTERNAL_PORTAL,2,2026-08-01T04:43:55.967282+00:00,https://kcb.vn/?site=2005611&page=search&keyword=%28%22AI%22%20OR%20%22tr%C3%AD%20tu%E1%BB%87%20nh%C3%A2n%20t%E1%BA%A1o%22%29%20AND%20%28s%E1%BB%B1%20c%E1%BB%91%20OR%20khi%E1%BA%BFu%20n%E1%BA%A1i%20OR%20kh%E1%BA%AFc%20ph%E1%BB%A5c%29%20AND%20%28y%20t%E1%BA%BF%20OR%20b%E1%BB%87nh%20vi%E1%BB%87n%29&p=2,200,,60872,direct-MOH-KCB-DQ-EVID-02-p02.body,ca693122ea62a1cd662306dd65d68a89d4cdb5e9482894763a65f9062e0a4f12,direct-MOH-KCB-DQ-EVID-02-p02.headers.json,72c8ad2049f1bf55c9cb4bc71ec6e0d73f15b990a80de6422d567d3621ee071f,[],0,0,TWO_CONSECUTIVE_NO_NEW
MOH-KCB,kcb.vn,DQ-EVID-03,evidence,"(""AI"" OR ""trí tuệ nhân tạo"") AND (""đánh giá tác động"" OR kết quả) AND (y tế OR bệnh viện)",INTERNAL_PORTAL,1,2026-08-01T04:43:53.630733+00:00,https://kcb.vn/?site=2005611&page=search&keyword=%28%22AI%22%20OR%20%22tr%C3%AD%20tu%E1%BB%87%20nh%C3%A2n%20t%E1%BA%A1o%22%29%20AND%20%28%22%C4%91%C3%A1nh%20gi%C3%A1%20t%C3%A1c%20%C4%91%E1%BB%99ng%22%20OR%20k%E1%BA%BFt%20qu%E1%BA%A3%29%20AND%20%28y%20t%E1%BA%BF%20OR%20b%E1%BB%87nh%20vi%E1%BB%87n%29&p=1,200,,60955,direct-MOH-KCB-DQ-EVID-03-p01.body,10562a69e4fc6fdf2902e1c06b5c9cffe884a762b5b730f3991cbe78d51372ca,direct-MOH-KCB-DQ-EVID-03-p01.headers.json,7d1932240dee17e6c96f327a62dd10e93b1ae7ca28534314e1db772f32ac8c52,[],0,0,CONTINUE
MOH-KCB,kcb.vn,DQ-EVID-03,evidence,"(""AI"" OR ""trí tuệ nhân tạo"") AND (""đánh giá tác động"" OR kết quả) AND (y tế OR bệnh viện)",INTERNAL_PORTAL,2,2026-08-01T04:43:55.785473+00:00,https://kcb.vn/?site=2005611&page=search&keyword=%28%22AI%22%20OR%20%22tr%C3%AD%20tu%E1%BB%87%20nh%C3%A2n%20t%E1%BA%A1o%22%29%20AND%20%28%22%C4%91%C3%A1nh%20gi%C3%A1%20t%C3%A1c%20%C4%91%E1%BB%99ng%22%20OR%20k%E1%BA%BFt%20qu%E1%BA%A3%29%20AND%20%28y%20t%E1%BA%BF%20OR%20b%E1%BB%87nh%20vi%E1%BB%87n%29&p=2,200,,60955,direct-MOH-KCB-DQ-EVID-03-p02.body,a6438a6e0264390f17ecd73a2ff296ae89288534dda81fe8d0df1be2767d2fd7,direct-MOH-KCB-DQ-EVID-03-p02.headers.json,e1723f322fe3ab8b278ff05fae1534a27a13b4284d216ed5789588a14a9815af,[],0,0,TWO_CONSECUTIVE_NO_NEW
MOH-KCB,kcb.vn,DQ-EVID-04,evidence,"(""AI ethics"" OR ""AI governance"") AND (audit OR inspection OR monitoring OR incident OR complaint OR redress OR ""impact assessment"" OR outcome OR result) AND (Vietnam OR ""Viet Nam"") AND (health OR hospital)",INTERNAL_PORTAL,1,2026-08-01T04:43:54.149898+00:00,https://kcb.vn/?site=2005611&page=search&keyword=%28%22AI%20ethics%22%20OR%20%22AI%20governance%22%29%20AND%20%28audit%20OR%20inspection%20OR%20monitoring%20OR%20incident%20OR%20complaint%20OR%20redress%20OR%20%22impact%20assessment%22%20OR%20outcome%20OR%20result%29%20AND%20%28Vietnam%20OR%20%22Viet%20Nam%22%29%20AND%20%28health%20OR%20hospital%29&p=1,200,,61509,direct-MOH-KCB-DQ-EVID-04-p01.body,a37dbacf6241154e68d72f706d454478efe969db711d88930e3abc07792991a8,direct-MOH-KCB-DQ-EVID-04-p01.headers.json,8c7e79832e312c9d2c0b4710ccde5dec198661e6c5ff6984dbe4fe53b8544f6e,[],0,0,CONTINUE
MOH-KCB,kcb.vn,DQ-EVID-04,evidence,"(""AI ethics"" OR ""AI governance"") AND (audit OR inspection OR monitoring OR incident OR complaint OR redress OR ""impact assessment"" OR outcome OR result) AND (Vietnam OR ""Viet Nam"") AND (health OR hospital)",INTERNAL_PORTAL,2,2026-08-01T04:43:56.555805+00:00,https://kcb.vn/?site=2005611&page=search&keyword=%28%22AI%20ethics%22%20OR%20%22AI%20governance%22%29%20AND%20%28audit%20OR%20inspection%20OR%20monitoring%20OR%20incident%20OR%20complaint%20OR%20redress%20OR%20%22impact%20assessment%22%20OR%20outcome%20OR%20result%29%20AND%20%28Vietnam%20OR%20%22Viet%20Nam%22%29%20AND%20%28health%20OR%20hospital%29&p=2,200,,61509,direct-MOH-KCB-DQ-EVID-04-p02.body,dfc21b09454e1112b66c10ff3cae93d5e4126802cba2eb8acc30049e7c24ae94,direct-MOH-KCB-DQ-EVID-04-p02.headers.json,298ed79a427a746848e11375157fe2db29f5f2b6594491a39fb96b1b7f58f8f9,[],0,0,TWO_CONSECUTIVE_NO_NEW
MOH-KCB,kcb.vn,DQ-EVID-05,evidence,"(""artificial intelligence"" OR AI) AND (""post-implementation monitoring"" OR ""post-market surveillance"" OR ""incident reporting"" OR ""quality management"" OR ""effectiveness evaluation"" OR audit) AND (Vietnam OR ""Viet Nam"") AND (health OR hospital OR ""provincial health department"")",INTERNAL_PORTAL,1,2026-08-01T04:43:55.213512+00:00,https://kcb.vn/?site=2005611&page=search&keyword=%28%22artificial%20intelligence%22%20OR%20AI%29%20AND%20%28%22post-implementation%20monitoring%22%20OR%20%22post-market%20surveillance%22%20OR%20%22incident%20reporting%22%20OR%20%22quality%20management%22%20OR%20%22effectiveness%20evaluation%22%20OR%20audit%29%20AND%20%28Vietnam%20OR%20%22Viet%20Nam%22%29%20AND%20%28health%20OR%20hospital%20OR%20%22provincial%20health%20department%22%29&p=1,200,,62415,direct-MOH-KCB-DQ-EVID-05-p01.body,7b479e5e446d211ae7f34dbe21d8a6501209ed9cf756b8dbc314056ee63bae45,direct-MOH-KCB-DQ-EVID-05-p01.headers.json,528ca0180b3e955d8bdfda952c77d69ca5aabb26715c239f681aef6f4ee1e637,[],0,0,CONTINUE
MOH-KCB,kcb.vn,DQ-EVID-05,evidence,"(""artificial intelligence"" OR AI) AND (""post-implementation monitoring"" OR ""post-market surveillance"" OR ""incident reporting"" OR ""quality management"" OR ""effectiveness evaluation"" OR audit) AND (Vietnam OR ""Viet Nam"") AND (health OR hospital OR ""provincial health department"")",INTERNAL_PORTAL,2,2026-08-01T04:43:57.634261+00:00,https://kcb.vn/?site=2005611&page=search&keyword=%28%22artificial%20intelligence%22%20OR%20AI%29%20AND%20%28%22post-implementation%20monitoring%22%20OR%20%22post-market%20surveillance%22%20OR%20%22incident%20reporting%22%20OR%20%22quality%20management%22%20OR%20%22effectiveness%20evaluation%22%20OR%20audit%29%20AND%20%28Vietnam%20OR%20%22Viet%20Nam%22%29%20AND%20%28health%20OR%20hospital%20OR%20%22provincial%20health%20department%22%29&p=2,200,,62415,direct-MOH-KCB-DQ-EVID-05-p02.body,c04ba3f03c97a6b34a3b95ae4164bdebd6d8b679c1422a3a84fae1262b02eb37,direct-MOH-KCB-DQ-EVID-05-p02.headers.json,b524666441a6cded60bf4db0892137d42d251b59a1a6c590e3be2e29e9c0e4ce,[],0,0,TWO_CONSECUTIVE_NO_NEW
MOH-KCB,kcb.vn,DQ-IMPL-01,implementation,"(""đạo đức AI"" OR ""AI có trách nhiệm"" OR ""quản trị AI"") AND (kế hoạch OR triển khai OR áp dụng OR thí điểm)",INTERNAL_PORTAL,1,2026-08-01T04:43:48.962524+00:00,https://kcb.vn/?site=2005611&page=search&keyword=%28%22%C4%91%E1%BA%A1o%20%C4%91%E1%BB%A9c%20AI%22%20OR%20%22AI%20c%C3%B3%20tr%C3%A1ch%20nhi%E1%BB%87m%22%20OR%20%22qu%E1%BA%A3n%20tr%E1%BB%8B%20AI%22%29%20AND%20%28k%E1%BA%BF%20ho%E1%BA%A1ch%20OR%20tri%E1%BB%83n%20khai%20OR%20%C3%A1p%20d%E1%BB%A5ng%20OR%20th%C3%AD%20%C4%91i%E1%BB%83m%29&p=1,200,,61187,direct-MOH-KCB-DQ-IMPL-01-p01.body,dc8265a8ef12db42ec72b04c26275be6fd85cfc38772a6cfd9c8d0d1069b94af,direct-MOH-KCB-DQ-IMPL-01-p01.headers.json,d246a343a26632eadbefe84a8438d0ecca8cfb2ba82355eb86bb706dc3abcf35,[],0,0,CONTINUE
MOH-KCB,kcb.vn,DQ-IMPL-01,implementation,"(""đạo đức AI"" OR ""AI có trách nhiệm"" OR ""quản trị AI"") AND (kế hoạch OR triển khai OR áp dụng OR thí điểm)",INTERNAL_PORTAL,2,2026-08-01T04:43:51.282273+00:00,https://kcb.vn/?site=2005611&page=search&keyword=%28%22%C4%91%E1%BA%A1o%20%C4%91%E1%BB%A9c%20AI%22%20OR%20%22AI%20c%C3%B3%20tr%C3%A1ch%20nhi%E1%BB%87m%22%20OR%20%22qu%E1%BA%A3n%20tr%E1%BB%8B%20AI%22%29%20AND%20%28k%E1%BA%BF%20ho%E1%BA%A1ch%20OR%20tri%E1%BB%83n%20khai%20OR%20%C3%A1p%20d%E1%BB%A5ng%20OR%20th%C3%AD%20%C4%91i%E1%BB%83m%29&p=2,200,,61187,direct-MOH-KCB-DQ-IMPL-01-p02.body,80340c33a586845f0cf18dce618a9c7df04856241057f8fbf8811a5fc44544c9,direct-MOH-KCB-DQ-IMPL-01-p02.headers.json,fdc73ae595bb6b758b80af8d70568d49f64d9171a0dd9e84742e28f1ca809f75,[],0,0,TWO_CONSECUTIVE_NO_NEW
MOH-KCB,kcb.vn,DQ-IMPL-02,implementation,"(""đạo đức AI"" OR ""AI có trách nhiệm"" OR ""quản trị AI"") AND (""Bộ Y tế"" OR bệnh viện OR ""cơ sở khám bệnh, chữa bệnh"")",INTERNAL_PORTAL,1,2026-08-01T04:43:48.699424+00:00,https://kcb.vn/?site=2005611&page=search&keyword=%28%22%C4%91%E1%BA%A1o%20%C4%91%E1%BB%A9c%20AI%22%20OR%20%22AI%20c%C3%B3%20tr%C3%A1ch%20nhi%E1%BB%87m%22%20OR%20%22qu%E1%BA%A3n%20tr%E1%BB%8B%20AI%22%29%20AND%20%28%22B%E1%BB%99%20Y%20t%E1%BA%BF%22%20OR%20b%E1%BB%87nh%20vi%E1%BB%87n%20OR%20%22c%C6%A1%20s%E1%BB%9F%20kh%C3%A1m%20b%E1%BB%87nh%2C%20ch%E1%BB%AFa%20b%E1%BB%87nh%22%29&p=1,200,,61524,direct-MOH-KCB-DQ-IMPL-02-p01.body,10c2d3e34cbb754e8574b02c04779f961a6a015b066b116c412eefddcd300efb,direct-MOH-KCB-DQ-IMPL-02-p01.headers.json,ee9212cf436045e53af09956c6b118f4034660256dec5722748a9155250e8e25,[],0,0,CONTINUE
MOH-KCB,kcb.vn,DQ-IMPL-02,implementation,"(""đạo đức AI"" OR ""AI có trách nhiệm"" OR ""quản trị AI"") AND (""Bộ Y tế"" OR bệnh viện OR ""cơ sở khám bệnh, chữa bệnh"")",INTERNAL_PORTAL,2,2026-08-01T04:43:50.991816+00:00,https://kcb.vn/?site=2005611&page=search&keyword=%28%22%C4%91%E1%BA%A1o%20%C4%91%E1%BB%A9c%20AI%22%20OR%20%22AI%20c%C3%B3%20tr%C3%A1ch%20nhi%E1%BB%87m%22%20OR%20%22qu%E1%BA%A3n%20tr%E1%BB%8B%20AI%22%29%20AND%20%28%22B%E1%BB%99%20Y%20t%E1%BA%BF%22%20OR%20b%E1%BB%87nh%20vi%E1%BB%87n%20OR%20%22c%C6%A1%20s%E1%BB%9F%20kh%C3%A1m%20b%E1%BB%87nh%2C%20ch%E1%BB%AFa%20b%E1%BB%87nh%22%29&p=2,200,,61524,direct-MOH-KCB-DQ-IMPL-02-p02.body,7d101170dd8f8f2ee241d84c45d4f0420b4e64e3a79f7c1801393835d87a079e,direct-MOH-KCB-DQ-IMPL-02-p02.headers.json,f629560ccf18980ba1895c77ecff5dbf31d35c62b290345a458c8874d6fff916,[],0,0,TWO_CONSECUTIVE_NO_NEW
MOH-KCB,kcb.vn,DQ-IMPL-03,implementation,"(""responsible AI"" OR ""AI governance"" OR ""AI ethics"") AND (implementation OR adoption OR uptake OR plan OR pilot) AND (Vietnam OR ""Viet Nam"") AND (health OR hospital OR clinical)",INTERNAL_PORTAL,1,2026-08-01T04:43:49.052687+00:00,https://kcb.vn/?site=2005611&page=search&keyword=%28%22responsible%20AI%22%20OR%20%22AI%20governance%22%20OR%20%22AI%20ethics%22%29%20AND%20%28implementation%20OR%20adoption%20OR%20uptake%20OR%20plan%20OR%20pilot%29%20AND%20%28Vietnam%20OR%20%22Viet%20Nam%22%29%20AND%20%28health%20OR%20hospital%20OR%20clinical%29&p=1,200,,61253,direct-MOH-KCB-DQ-IMPL-03-p01.body,80f6403826715e7973e167a695eca0e505f1681b7ef1332a9a022ca3fb2ec81a,direct-MOH-KCB-DQ-IMPL-03-p01.headers.json,e6cf2cb3d5f8bb73573f5cd80b92c93d1505ff2423a3d1c8a7d32ceba4929509,[],0,0,CONTINUE
MOH-KCB,kcb.vn,DQ-IMPL-03,implementation,"(""responsible AI"" OR ""AI governance"" OR ""AI ethics"") AND (implementation OR adoption OR uptake OR plan OR pilot) AND (Vietnam OR ""Viet Nam"") AND (health OR hospital OR clinical)",INTERNAL_PORTAL,2,2026-08-01T04:43:51.150481+00:00,https://kcb.vn/?site=2005611&page=search&keyword=%28%22responsible%20AI%22%20OR%20%22AI%20governance%22%20OR%20%22AI%20ethics%22%29%20AND%20%28implementation%20OR%20adoption%20OR%20uptake%20OR%20plan%20OR%20pilot%29%20AND%20%28Vietnam%20OR%20%22Viet%20Nam%22%29%20AND%20%28health%20OR%20hospital%20OR%20clinical%29&p=2,200,,61253,direct-MOH-KCB-DQ-IMPL-03-p02.body,1e231f551f91cfd14d87415532fce3804cb1b32e689d22e5368263f617689ace,direct-MOH-KCB-DQ-IMPL-03-p02.headers.json,796b314b44cd02ea3d48cd432561c7fa91d44b54532fea56a77d2f9dfe019c4c,[],0,0,TWO_CONSECUTIVE_NO_NEW
MOH-KCB,kcb.vn,DQ-IMPL-04,implementation,"(""trí tuệ nhân tạo"" OR AI) AND (""theo dõi sau triển khai"" OR hậu kiểm OR ""giám sát sau triển khai"" OR ""đánh giá hiệu quả"") AND (y tế OR bệnh viện OR ""Sở Y tế"")",INTERNAL_PORTAL,1,2026-08-01T04:43:51.616382+00:00,https://kcb.vn/?site=2005611&page=search&keyword=%28%22tr%C3%AD%20tu%E1%BB%87%20nh%C3%A2n%20t%E1%BA%A1o%22%20OR%20AI%29%20AND%20%28%22theo%20d%C3%B5i%20sau%20tri%E1%BB%83n%20khai%22%20OR%20h%E1%BA%ADu%20ki%E1%BB%83m%20OR%20%22gi%C3%A1m%20s%C3%A1t%20sau%20tri%E1%BB%83n%20khai%22%20OR%20%22%C4%91%C3%A1nh%20gi%C3%A1%20hi%E1%BB%87u%20qu%E1%BA%A3%22%29%20AND%20%28y%20t%E1%BA%BF%20OR%20b%E1%BB%87nh%20vi%E1%BB%87n%20OR%20%22S%E1%BB%9F%20Y%20t%E1%BA%BF%22%29&p=1,200,,62004,direct-MOH-KCB-DQ-IMPL-04-p01.body,1e0d45067c9d5aeb68b51517fb305fa348bcab9fa098b7d2a3a818dbe54da7a6,direct-MOH-KCB-DQ-IMPL-04-p01.headers.json,1267504e671c3e16c1e636594c5cdea02015698fb5d0e5f7a24b63b34c20bdd2,[],0,0,CONTINUE
MOH-KCB,kcb.vn,DQ-IMPL-04,implementation,"(""trí tuệ nhân tạo"" OR AI) AND (""theo dõi sau triển khai"" OR hậu kiểm OR ""giám sát sau triển khai"" OR ""đánh giá hiệu quả"") AND (y tế OR bệnh viện OR ""Sở Y tế"")",INTERNAL_PORTAL,2,2026-08-01T04:43:53.999080+00:00,https://kcb.vn/?site=2005611&page=search&keyword=%28%22tr%C3%AD%20tu%E1%BB%87%20nh%C3%A2n%20t%E1%BA%A1o%22%20OR%20AI%29%20AND%20%28%22theo%20d%C3%B5i%20sau%20tri%E1%BB%83n%20khai%22%20OR%20h%E1%BA%ADu%20ki%E1%BB%83m%20OR%20%22gi%C3%A1m%20s%C3%A1t%20sau%20tri%E1%BB%83n%20khai%22%20OR%20%22%C4%91%C3%A1nh%20gi%C3%A1%20hi%E1%BB%87u%20qu%E1%BA%A3%22%29%20AND%20%28y%20t%E1%BA%BF%20OR%20b%E1%BB%87nh%20vi%E1%BB%87n%20OR%20%22S%E1%BB%9F%20Y%20t%E1%BA%BF%22%29&p=2,200,,62004,direct-MOH-KCB-DQ-IMPL-04-p02.body,a2389106b6508e8a01a9e4756d466e4322d573981ab280c2d3355c7b24158b77,direct-MOH-KCB-DQ-IMPL-04-p02.headers.json,ee835e3e035fd138e69234201e8fef37185b6aa4c0134f7332a6eb571b11f77a,[],0,0,TWO_CONSECUTIVE_NO_NEW
MOH-KCB,kcb.vn,DQ-IMPL-05,implementation,"(""trí tuệ nhân tạo"" OR AI) AND (""báo cáo sự cố"" OR ""quản lý chất lượng"" OR kiểm toán OR thanh tra) AND (y tế OR bệnh viện OR ""Sở Y tế"")",INTERNAL_PORTAL,1,2026-08-01T04:43:51.444233+00:00,https://kcb.vn/?site=2005611&page=search&keyword=%28%22tr%C3%AD%20tu%E1%BB%87%20nh%C3%A2n%20t%E1%BA%A1o%22%20OR%20AI%29%20AND%20%28%22b%C3%A1o%20c%C3%A1o%20s%E1%BB%B1%20c%E1%BB%91%22%20OR%20%22qu%E1%BA%A3n%20l%C3%BD%20ch%E1%BA%A5t%20l%C6%B0%E1%BB%A3ng%22%20OR%20ki%E1%BB%83m%20to%C3%A1n%20OR%20thanh%20tra%29%20AND%20%28y%20t%E1%BA%BF%20OR%20b%E1%BB%87nh%20vi%E1%BB%87n%20OR%20%22S%E1%BB%9F%20Y%20t%E1%BA%BF%22%29&p=1,200,,61682,direct-MOH-KCB-DQ-IMPL-05-p01.body,52156e049f6ee41eaef387d698d77b374121d8eb6e03be53ba7f5575119f74ee,direct-MOH-KCB-DQ-IMPL-05-p01.headers.json,eca42990940372d3d5fca8c67945c30c634c05c646179bc6fc299106291cf68f,[],0,0,CONTINUE
MOH-KCB,kcb.vn,DQ-IMPL-05,implementation,"(""trí tuệ nhân tạo"" OR AI) AND (""báo cáo sự cố"" OR ""quản lý chất lượng"" OR kiểm toán OR thanh tra) AND (y tế OR bệnh viện OR ""Sở Y tế"")",INTERNAL_PORTAL,2,2026-08-01T04:43:53.863347+00:00,https://kcb.vn/?site=2005611&page=search&keyword=%28%22tr%C3%AD%20tu%E1%BB%87%20nh%C3%A2n%20t%E1%BA%A1o%22%20OR%20AI%29%20AND%20%28%22b%C3%A1o%20c%C3%A1o%20s%E1%BB%B1%20c%E1%BB%91%22%20OR%20%22qu%E1%BA%A3n%20l%C3%BD%20ch%E1%BA%A5t%20l%C6%B0%E1%BB%A3ng%22%20OR%20ki%E1%BB%83m%20to%C3%A1n%20OR%20thanh%20tra%29%20AND%20%28y%20t%E1%BA%BF%20OR%20b%E1%BB%87nh%20vi%E1%BB%87n%20OR%20%22S%E1%BB%9F%20Y%20t%E1%BA%BF%22%29&p=2,200,,61682,direct-MOH-KCB-DQ-IMPL-05-p02.body,ccafc9251b523a10e07abdb89c8de217518ba92a79708bf0908da7185f61c430,direct-MOH-KCB-DQ-IMPL-05-p02.headers.json,a0a8b409104579fea9b529bf2f4887b6170110285a51c8e0903cb37d224d6ec2,[],0,0,TWO_CONSECUTIVE_NO_NEW
MOH-KCB,kcb.vn,DQ-TOOL-01,implementation_tool,"(""đánh giá tuân thủ"" OR ""tự đánh giá"") AND (""đạo đức AI"" OR ""AI có trách nhiệm"")",INTERNAL_PORTAL,1,2026-08-01T04:43:50.830945+00:00,https://kcb.vn/?site=2005611&page=search&keyword=%28%22%C4%91%C3%A1nh%20gi%C3%A1%20tu%C3%A2n%20th%E1%BB%A7%22%20OR%20%22t%E1%BB%B1%20%C4%91%C3%A1nh%20gi%C3%A1%22%29%20AND%20%28%22%C4%91%E1%BA%A1o%20%C4%91%E1%BB%A9c%20AI%22%20OR%20%22AI%20c%C3%B3%20tr%C3%A1ch%20nhi%E1%BB%87m%22%29&p=1,200,,60924,direct-MOH-KCB-DQ-TOOL-01-p01.body,9b8ed04f36389f28c9d1f71bbd8a5552e43176c2975b617da5b30f2693157a78,direct-MOH-KCB-DQ-TOOL-01-p01.headers.json,7b972757cffdce145db380f0c56ac3ace0e5be712199d0861d8d933018f8143a,[],0,0,CONTINUE
MOH-KCB,kcb.vn,DQ-TOOL-01,implementation_tool,"(""đánh giá tuân thủ"" OR ""tự đánh giá"") AND (""đạo đức AI"" OR ""AI có trách nhiệm"")",INTERNAL_PORTAL,2,2026-08-01T04:43:53.263957+00:00,https://kcb.vn/?site=2005611&page=search&keyword=%28%22%C4%91%C3%A1nh%20gi%C3%A1%20tu%C3%A2n%20th%E1%BB%A7%22%20OR%20%22t%E1%BB%B1%20%C4%91%C3%A1nh%20gi%C3%A1%22%29%20AND%20%28%22%C4%91%E1%BA%A1o%20%C4%91%E1%BB%A9c%20AI%22%20OR%20%22AI%20c%C3%B3%20tr%C3%A1ch%20nhi%E1%BB%87m%22%29&p=2,200,,60924,direct-MOH-KCB-DQ-TOOL-01-p02.body,aa0f37fa2beaeac7da20df68cc4376830126734f4354ce805bc0406cec9252ce,direct-MOH-KCB-DQ-TOOL-01-p02.headers.json,af715341d9e07a38895075bde16b4fb4237298cd3cc93f4ca5782d39709d65f3,[],0,0,TWO_CONSECUTIVE_NO_NEW
MOH-KCB,kcb.vn,DQ-TOOL-02,implementation_tool,"(nền tảng OR công cụ) AND (""đánh giá tuân thủ"" OR ""đánh giá tác động"") AND (""AI"" OR ""trí tuệ nhân tạo"")",INTERNAL_PORTAL,1,2026-08-01T04:43:50.702400+00:00,https://kcb.vn/?site=2005611&page=search&keyword=%28n%E1%BB%81n%20t%E1%BA%A3ng%20OR%20c%C3%B4ng%20c%E1%BB%A5%29%20AND%20%28%22%C4%91%C3%A1nh%20gi%C3%A1%20tu%C3%A2n%20th%E1%BB%A7%22%20OR%20%22%C4%91%C3%A1nh%20gi%C3%A1%20t%C3%A1c%20%C4%91%E1%BB%99ng%22%29%20AND%20%28%22AI%22%20OR%20%22tr%C3%AD%20tu%E1%BB%87%20nh%C3%A2n%20t%E1%BA%A1o%22%29&p=1,200,,61266,direct-MOH-KCB-DQ-TOOL-02-p01.body,62faa0a850c6c02ca089293f1d0510ee00c7ac50f11caa44206df9a604211d75,direct-MOH-KCB-DQ-TOOL-02-p01.headers.json,509116bd01b898e75a98c89c3baa3f04baa201b636224f7927b44bd99720270f,[],0,0,CONTINUE
MOH-KCB,kcb.vn,DQ-TOOL-02,implementation_tool,"(nền tảng OR công cụ) AND (""đánh giá tuân thủ"" OR ""đánh giá tác động"") AND (""AI"" OR ""trí tuệ nhân tạo"")",INTERNAL_PORTAL,2,2026-08-01T04:43:52.796739+00:00,https://kcb.vn/?site=2005611&page=search&keyword=%28n%E1%BB%81n%20t%E1%BA%A3ng%20OR%20c%C3%B4ng%20c%E1%BB%A5%29%20AND%20%28%22%C4%91%C3%A1nh%20gi%C3%A1%20tu%C3%A2n%20th%E1%BB%A7%22%20OR%20%22%C4%91%C3%A1nh%20gi%C3%A1%20t%C3%A1c%20%C4%91%E1%BB%99ng%22%29%20AND%20%28%22AI%22%20OR%20%22tr%C3%AD%20tu%E1%BB%87%20nh%C3%A2n%20t%E1%BA%A1o%22%29&p=2,200,,61266,direct-MOH-KCB-DQ-TOOL-02-p02.body,dec72e6935399102c60a7a6511393f8558bd2f4f2570111aea57103542295c18,direct-MOH-KCB-DQ-TOOL-02-p02.headers.json,da54c6128576d439877cc390c1cfa003368d071ae8a52b9316a4362c7759bf4b,[],0,0,TWO_CONSECUTIVE_NO_NEW
MOH-NHIC,ttyqg.vn,DQ-EVID-01,evidence,"(""đạo đức AI"" OR ""quản trị AI"") AND (kiểm toán OR thanh tra OR giám sát)",INTERNAL_PORTAL,1,2026-08-01T04:44:26.353891+00:00,https://ttyqg.vn/?s=%28%22%C4%91%E1%BA%A1o%20%C4%91%E1%BB%A9c%20AI%22%20OR%20%22qu%E1%BA%A3n%20tr%E1%BB%8B%20AI%22%29%20AND%20%28ki%E1%BB%83m%20to%C3%A1n%20OR%20thanh%20tra%20OR%20gi%C3%A1m%20s%C3%A1t%29&paged=1,,URLError: <urlopen error _ssl.c:999: The handshake operation timed out>,0,direct-MOH-NHIC-DQ-EVID-01-p01.body,e3b0c44298fc1c149afbf4c8996fb92427ae41e4649b934ca495991b7852b855,direct-MOH-NHIC-DQ-EVID-01-p01.headers.json,44136fa355b3678a1146ad16f7e8649e94fb4fc21fe77e8310c060f61caaff8a,[],0,0,CONTINUE
MOH-NHIC,ttyqg.vn,DQ-EVID-01,evidence,"(""đạo đức AI"" OR ""quản trị AI"") AND (kiểm toán OR thanh tra OR giám sát)",INTERNAL_PORTAL,2,2026-08-01T04:44:38.592660+00:00,https://ttyqg.vn/?s=%28%22%C4%91%E1%BA%A1o%20%C4%91%E1%BB%A9c%20AI%22%20OR%20%22qu%E1%BA%A3n%20tr%E1%BB%8B%20AI%22%29%20AND%20%28ki%E1%BB%83m%20to%C3%A1n%20OR%20thanh%20tra%20OR%20gi%C3%A1m%20s%C3%A1t%29&paged=2,,URLError: <urlopen error _ssl.c:999: The handshake operation timed out>,0,direct-MOH-NHIC-DQ-EVID-01-p02.body,e3b0c44298fc1c149afbf4c8996fb92427ae41e4649b934ca495991b7852b855,direct-MOH-NHIC-DQ-EVID-01-p02.headers.json,44136fa355b3678a1146ad16f7e8649e94fb4fc21fe77e8310c060f61caaff8a,[],0,0,TWO_CONSECUTIVE_NO_NEW
MOH-NHIC,ttyqg.vn,DQ-EVID-02,evidence,"(""AI"" OR ""trí tuệ nhân tạo"") AND (sự cố OR khiếu nại OR khắc phục) AND (y tế OR bệnh viện)",INTERNAL_PORTAL,1,2026-08-01T04:44:27.128127+00:00,https://ttyqg.vn/?s=%28%22AI%22%20OR%20%22tr%C3%AD%20tu%E1%BB%87%20nh%C3%A2n%20t%E1%BA%A1o%22%29%20AND%20%28s%E1%BB%B1%20c%E1%BB%91%20OR%20khi%E1%BA%BFu%20n%E1%BA%A1i%20OR%20kh%E1%BA%AFc%20ph%E1%BB%A5c%29%20AND%20%28y%20t%E1%BA%BF%20OR%20b%E1%BB%87nh%20vi%E1%BB%87n%29&paged=1,,URLError: <urlopen error _ssl.c:999: The handshake operation timed out>,0,direct-MOH-NHIC-DQ-EVID-02-p01.body,e3b0c44298fc1c149afbf4c8996fb92427ae41e4649b934ca495991b7852b855,direct-MOH-NHIC-DQ-EVID-02-p01.headers.json,44136fa355b3678a1146ad16f7e8649e94fb4fc21fe77e8310c060f61caaff8a,[],0,0,CONTINUE
MOH-NHIC,ttyqg.vn,DQ-EVID-02,evidence,"(""AI"" OR ""trí tuệ nhân tạo"") AND (sự cố OR khiếu nại OR khắc phục) AND (y tế OR bệnh viện)",INTERNAL_PORTAL,2,2026-08-01T04:44:39.396152+00:00,https://ttyqg.vn/?s=%28%22AI%22%20OR%20%22tr%C3%AD%20tu%E1%BB%87%20nh%C3%A2n%20t%E1%BA%A1o%22%29%20AND%20%28s%E1%BB%B1%20c%E1%BB%91%20OR%20khi%E1%BA%BFu%20n%E1%BA%A1i%20OR%20kh%E1%BA%AFc%20ph%E1%BB%A5c%29%20AND%20%28y%20t%E1%BA%BF%20OR%20b%E1%BB%87nh%20vi%E1%BB%87n%29&paged=2,,URLError: <urlopen error _ssl.c:999: The handshake operation timed out>,0,direct-MOH-NHIC-DQ-EVID-02-p02.body,e3b0c44298fc1c149afbf4c8996fb92427ae41e4649b934ca495991b7852b855,direct-MOH-NHIC-DQ-EVID-02-p02.headers.json,44136fa355b3678a1146ad16f7e8649e94fb4fc21fe77e8310c060f61caaff8a,[],0,0,TWO_CONSECUTIVE_NO_NEW
MOH-NHIC,ttyqg.vn,DQ-EVID-03,evidence,"(""AI"" OR ""trí tuệ nhân tạo"") AND (""đánh giá tác động"" OR kết quả) AND (y tế OR bệnh viện)",INTERNAL_PORTAL,1,2026-08-01T04:44:28.696224+00:00,https://ttyqg.vn/?s=%28%22AI%22%20OR%20%22tr%C3%AD%20tu%E1%BB%87%20nh%C3%A2n%20t%E1%BA%A1o%22%29%20AND%20%28%22%C4%91%C3%A1nh%20gi%C3%A1%20t%C3%A1c%20%C4%91%E1%BB%99ng%22%20OR%20k%E1%BA%BFt%20qu%E1%BA%A3%29%20AND%20%28y%20t%E1%BA%BF%20OR%20b%E1%BB%87nh%20vi%E1%BB%87n%29&paged=1,,URLError: <urlopen error _ssl.c:999: The handshake operation timed out>,0,direct-MOH-NHIC-DQ-EVID-03-p01.body,e3b0c44298fc1c149afbf4c8996fb92427ae41e4649b934ca495991b7852b855,direct-MOH-NHIC-DQ-EVID-03-p01.headers.json,44136fa355b3678a1146ad16f7e8649e94fb4fc21fe77e8310c060f61caaff8a,[],0,0,CONTINUE
MOH-NHIC,ttyqg.vn,DQ-EVID-03,evidence,"(""AI"" OR ""trí tuệ nhân tạo"") AND (""đánh giá tác động"" OR kết quả) AND (y tế OR bệnh viện)",INTERNAL_PORTAL,2,2026-08-01T04:44:40.934970+00:00,https://ttyqg.vn/?s=%28%22AI%22%20OR%20%22tr%C3%AD%20tu%E1%BB%87%20nh%C3%A2n%20t%E1%BA%A1o%22%29%20AND%20%28%22%C4%91%C3%A1nh%20gi%C3%A1%20t%C3%A1c%20%C4%91%E1%BB%99ng%22%20OR%20k%E1%BA%BFt%20qu%E1%BA%A3%29%20AND%20%28y%20t%E1%BA%BF%20OR%20b%E1%BB%87nh%20vi%E1%BB%87n%29&paged=2,,URLError: <urlopen error _ssl.c:999: The handshake operation timed out>,0,direct-MOH-NHIC-DQ-EVID-03-p02.body,e3b0c44298fc1c149afbf4c8996fb92427ae41e4649b934ca495991b7852b855,direct-MOH-NHIC-DQ-EVID-03-p02.headers.json,44136fa355b3678a1146ad16f7e8649e94fb4fc21fe77e8310c060f61caaff8a,[],0,0,TWO_CONSECUTIVE_NO_NEW
MOH-NHIC,ttyqg.vn,DQ-EVID-04,evidence,"(""AI ethics"" OR ""AI governance"") AND (audit OR inspection OR monitoring OR incident OR complaint OR redress OR ""impact assessment"" OR outcome OR result) AND (Vietnam OR ""Viet Nam"") AND (health OR hospital)",INTERNAL_PORTAL,1,2026-08-01T04:44:44.261957+00:00,https://ttyqg.vn/?s=%28%22AI%20ethics%22%20OR%20%22AI%20governance%22%29%20AND%20%28audit%20OR%20inspection%20OR%20monitoring%20OR%20incident%20OR%20complaint%20OR%20redress%20OR%20%22impact%20assessment%22%20OR%20outcome%20OR%20result%29%20AND%20%28Vietnam%20OR%20%22Viet%20Nam%22%29%20AND%20%28health%20OR%20hospital%29&paged=1,,URLError: <urlopen error _ssl.c:999: The handshake operation timed out>,0,direct-MOH-NHIC-DQ-EVID-04-p01.body,e3b0c44298fc1c149afbf4c8996fb92427ae41e4649b934ca495991b7852b855,direct-MOH-NHIC-DQ-EVID-04-p01.headers.json,44136fa355b3678a1146ad16f7e8649e94fb4fc21fe77e8310c060f61caaff8a,[],0,0,CONTINUE
MOH-NHIC,ttyqg.vn,DQ-EVID-04,evidence,"(""AI ethics"" OR ""AI governance"") AND (audit OR inspection OR monitoring OR incident OR complaint OR redress OR ""impact assessment"" OR outcome OR result) AND (Vietnam OR ""Viet Nam"") AND (health OR hospital)",INTERNAL_PORTAL,2,2026-08-01T04:44:56.493295+00:00,https://ttyqg.vn/?s=%28%22AI%20ethics%22%20OR%20%22AI%20governance%22%29%20AND%20%28audit%20OR%20inspection%20OR%20monitoring%20OR%20incident%20OR%20complaint%20OR%20redress%20OR%20%22impact%20assessment%22%20OR%20outcome%20OR%20result%29%20AND%20%28Vietnam%20OR%20%22Viet%20Nam%22%29%20AND%20%28health%20OR%20hospital%29&paged=2,,URLError: <urlopen error _ssl.c:999: The handshake operation timed out>,0,direct-MOH-NHIC-DQ-EVID-04-p02.body,e3b0c44298fc1c149afbf4c8996fb92427ae41e4649b934ca495991b7852b855,direct-MOH-NHIC-DQ-EVID-04-p02.headers.json,44136fa355b3678a1146ad16f7e8649e94fb4fc21fe77e8310c060f61caaff8a,[],0,0,TWO_CONSECUTIVE_NO_NEW
MOH-NHIC,ttyqg.vn,DQ-EVID-05,evidence,"(""artificial intelligence"" OR AI) AND (""post-implementation monitoring"" OR ""post-market surveillance"" OR ""incident reporting"" OR ""quality management"" OR ""effectiveness evaluation"" OR audit) AND (Vietnam OR ""Viet Nam"") AND (health OR hospital OR ""provincial health department"")",INTERNAL_PORTAL,1,2026-08-01T04:44:45.022999+00:00,https://ttyqg.vn/?s=%28%22artificial%20intelligence%22%20OR%20AI%29%20AND%20%28%22post-implementation%20monitoring%22%20OR%20%22post-market%20surveillance%22%20OR%20%22incident%20reporting%22%20OR%20%22quality%20management%22%20OR%20%22effectiveness%20evaluation%22%20OR%20audit%29%20AND%20%28Vietnam%20OR%20%22Viet%20Nam%22%29%20AND%20%28health%20OR%20hospital%20OR%20%22provincial%20health%20department%22%29&paged=1,,URLError: <urlopen error _ssl.c:999: The handshake operation timed out>,0,direct-MOH-NHIC-DQ-EVID-05-p01.body,e3b0c44298fc1c149afbf4c8996fb92427ae41e4649b934ca495991b7852b855,direct-MOH-NHIC-DQ-EVID-05-p01.headers.json,44136fa355b3678a1146ad16f7e8649e94fb4fc21fe77e8310c060f61caaff8a,[],0,0,CONTINUE
MOH-NHIC,ttyqg.vn,DQ-EVID-05,evidence,"(""artificial intelligence"" OR AI) AND (""post-implementation monitoring"" OR ""post-market surveillance"" OR ""incident reporting"" OR ""quality management"" OR ""effectiveness evaluation"" OR audit) AND (Vietnam OR ""Viet Nam"") AND (health OR hospital OR ""provincial health department"")",INTERNAL_PORTAL,2,2026-08-01T04:44:57.254635+00:00,https://ttyqg.vn/?s=%28%22artificial%20intelligence%22%20OR%20AI%29%20AND%20%28%22post-implementation%20monitoring%22%20OR%20%22post-market%20surveillance%22%20OR%20%22incident%20reporting%22%20OR%20%22quality%20management%22%20OR%20%22effectiveness%20evaluation%22%20OR%20audit%29%20AND%20%28Vietnam%20OR%20%22Viet%20Nam%22%29%20AND%20%28health%20OR%20hospital%20OR%20%22provincial%20health%20department%22%29&paged=2,,URLError: <urlopen error _ssl.c:999: The handshake operation timed out>,0,direct-MOH-NHIC-DQ-EVID-05-p02.body,e3b0c44298fc1c149afbf4c8996fb92427ae41e4649b934ca495991b7852b855,direct-MOH-NHIC-DQ-EVID-05-p02.headers.json,44136fa355b3678a1146ad16f7e8649e94fb4fc21fe77e8310c060f61caaff8a,[],0,0,TWO_CONSECUTIVE_NO_NEW
MOH-NHIC,ttyqg.vn,DQ-IMPL-01,implementation,"(""đạo đức AI"" OR ""AI có trách nhiệm"" OR ""quản trị AI"") AND (kế hoạch OR triển khai OR áp dụng OR thí điểm)",INTERNAL_PORTAL,1,2026-08-01T04:44:19.100856+00:00,https://ttyqg.vn/?s=%28%22%C4%91%E1%BA%A1o%20%C4%91%E1%BB%A9c%20AI%22%20OR%20%22AI%20c%C3%B3%20tr%C3%A1ch%20nhi%E1%BB%87m%22%20OR%20%22qu%E1%BA%A3n%20tr%E1%BB%8B%20AI%22%29%20AND%20%28k%E1%BA%BF%20ho%E1%BA%A1ch%20OR%20tri%E1%BB%83n%20khai%20OR%20%C3%A1p%20d%E1%BB%A5ng%20OR%20th%C3%AD%20%C4%91i%E1%BB%83m%29&paged=1,,URLError: <urlopen error _ssl.c:999: The handshake operation timed out>,0,direct-MOH-NHIC-DQ-IMPL-01-p01.body,e3b0c44298fc1c149afbf4c8996fb92427ae41e4649b934ca495991b7852b855,direct-MOH-NHIC-DQ-IMPL-01-p01.headers.json,44136fa355b3678a1146ad16f7e8649e94fb4fc21fe77e8310c060f61caaff8a,[],0,0,CONTINUE
MOH-NHIC,ttyqg.vn,DQ-IMPL-01,implementation,"(""đạo đức AI"" OR ""AI có trách nhiệm"" OR ""quản trị AI"") AND (kế hoạch OR triển khai OR áp dụng OR thí điểm)",INTERNAL_PORTAL,2,2026-08-01T04:44:32.034698+00:00,https://ttyqg.vn/?s=%28%22%C4%91%E1%BA%A1o%20%C4%91%E1%BB%A9c%20AI%22%20OR%20%22AI%20c%C3%B3%20tr%C3%A1ch%20nhi%E1%BB%87m%22%20OR%20%22qu%E1%BA%A3n%20tr%E1%BB%8B%20AI%22%29%20AND%20%28k%E1%BA%BF%20ho%E1%BA%A1ch%20OR%20tri%E1%BB%83n%20khai%20OR%20%C3%A1p%20d%E1%BB%A5ng%20OR%20th%C3%AD%20%C4%91i%E1%BB%83m%29&paged=2,,URLError: <urlopen error _ssl.c:999: The handshake operation timed out>,0,direct-MOH-NHIC-DQ-IMPL-01-p02.body,e3b0c44298fc1c149afbf4c8996fb92427ae41e4649b934ca495991b7852b855,direct-MOH-NHIC-DQ-IMPL-01-p02.headers.json,44136fa355b3678a1146ad16f7e8649e94fb4fc21fe77e8310c060f61caaff8a,[],0,0,TWO_CONSECUTIVE_NO_NEW
MOH-NHIC,ttyqg.vn,DQ-IMPL-02,implementation,"(""đạo đức AI"" OR ""AI có trách nhiệm"" OR ""quản trị AI"") AND (""Bộ Y tế"" OR bệnh viện OR ""cơ sở khám bệnh, chữa bệnh"")",INTERNAL_PORTAL,1,2026-08-01T04:44:19.702682+00:00,https://ttyqg.vn/?s=%28%22%C4%91%E1%BA%A1o%20%C4%91%E1%BB%A9c%20AI%22%20OR%20%22AI%20c%C3%B3%20tr%C3%A1ch%20nhi%E1%BB%87m%22%20OR%20%22qu%E1%BA%A3n%20tr%E1%BB%8B%20AI%22%29%20AND%20%28%22B%E1%BB%99%20Y%20t%E1%BA%BF%22%20OR%20b%E1%BB%87nh%20vi%E1%BB%87n%20OR%20%22c%C6%A1%20s%E1%BB%9F%20kh%C3%A1m%20b%E1%BB%87nh%2C%20ch%E1%BB%AFa%20b%E1%BB%87nh%22%29&paged=1,,URLError: <urlopen error _ssl.c:999: The handshake operation timed out>,0,direct-MOH-NHIC-DQ-IMPL-02-p01.body,e3b0c44298fc1c149afbf4c8996fb92427ae41e4649b934ca495991b7852b855,direct-MOH-NHIC-DQ-IMPL-02-p01.headers.json,44136fa355b3678a1146ad16f7e8649e94fb4fc21fe77e8310c060f61caaff8a,[],0,0,CONTINUE
MOH-NHIC,ttyqg.vn,DQ-IMPL-02,implementation,"(""đạo đức AI"" OR ""AI có trách nhiệm"" OR ""quản trị AI"") AND (""Bộ Y tế"" OR bệnh viện OR ""cơ sở khám bệnh, chữa bệnh"")",INTERNAL_PORTAL,2,2026-08-01T04:44:32.820776+00:00,https://ttyqg.vn/?s=%28%22%C4%91%E1%BA%A1o%20%C4%91%E1%BB%A9c%20AI%22%20OR%20%22AI%20c%C3%B3%20tr%C3%A1ch%20nhi%E1%BB%87m%22%20OR%20%22qu%E1%BA%A3n%20tr%E1%BB%8B%20AI%22%29%20AND%20%28%22B%E1%BB%99%20Y%20t%E1%BA%BF%22%20OR%20b%E1%BB%87nh%20vi%E1%BB%87n%20OR%20%22c%C6%A1%20s%E1%BB%9F%20kh%C3%A1m%20b%E1%BB%87nh%2C%20ch%E1%BB%AFa%20b%E1%BB%87nh%22%29&paged=2,,URLError: <urlopen error _ssl.c:999: The handshake operation timed out>,0,direct-MOH-NHIC-DQ-IMPL-02-p02.body,e3b0c44298fc1c149afbf4c8996fb92427ae41e4649b934ca495991b7852b855,direct-MOH-NHIC-DQ-IMPL-02-p02.headers.json,44136fa355b3678a1146ad16f7e8649e94fb4fc21fe77e8310c060f61caaff8a,[],0,0,TWO_CONSECUTIVE_NO_NEW
MOH-NHIC,ttyqg.vn,DQ-IMPL-03,implementation,"(""responsible AI"" OR ""AI governance"" OR ""AI ethics"") AND (implementation OR adoption OR uptake OR plan OR pilot) AND (Vietnam OR ""Viet Nam"") AND (health OR hospital OR clinical)",INTERNAL_PORTAL,1,2026-08-01T04:44:19.657587+00:00,https://ttyqg.vn/?s=%28%22responsible%20AI%22%20OR%20%22AI%20governance%22%20OR%20%22AI%20ethics%22%29%20AND%20%28implementation%20OR%20adoption%20OR%20uptake%20OR%20plan%20OR%20pilot%29%20AND%20%28Vietnam%20OR%20%22Viet%20Nam%22%29%20AND%20%28health%20OR%20hospital%20OR%20clinical%29&paged=1,,URLError: <urlopen error _ssl.c:999: The handshake operation timed out>,0,direct-MOH-NHIC-DQ-IMPL-03-p01.body,e3b0c44298fc1c149afbf4c8996fb92427ae41e4649b934ca495991b7852b855,direct-MOH-NHIC-DQ-IMPL-03-p01.headers.json,44136fa355b3678a1146ad16f7e8649e94fb4fc21fe77e8310c060f61caaff8a,[],0,0,CONTINUE
MOH-NHIC,ttyqg.vn,DQ-IMPL-03,implementation,"(""responsible AI"" OR ""AI governance"" OR ""AI ethics"") AND (implementation OR adoption OR uptake OR plan OR pilot) AND (Vietnam OR ""Viet Nam"") AND (health OR hospital OR clinical)",INTERNAL_PORTAL,2,2026-08-01T04:44:32.798314+00:00,https://ttyqg.vn/?s=%28%22responsible%20AI%22%20OR%20%22AI%20governance%22%20OR%20%22AI%20ethics%22%29%20AND%20%28implementation%20OR%20adoption%20OR%20uptake%20OR%20plan%20OR%20pilot%29%20AND%20%28Vietnam%20OR%20%22Viet%20Nam%22%29%20AND%20%28health%20OR%20hospital%20OR%20clinical%29&paged=2,,URLError: <urlopen error _ssl.c:999: The handshake operation timed out>,0,direct-MOH-NHIC-DQ-IMPL-03-p02.body,e3b0c44298fc1c149afbf4c8996fb92427ae41e4649b934ca495991b7852b855,direct-MOH-NHIC-DQ-IMPL-03-p02.headers.json,44136fa355b3678a1146ad16f7e8649e94fb4fc21fe77e8310c060f61caaff8a,[],0,0,TWO_CONSECUTIVE_NO_NEW
MOH-NHIC,ttyqg.vn,DQ-IMPL-04,implementation,"(""trí tuệ nhân tạo"" OR AI) AND (""theo dõi sau triển khai"" OR hậu kiểm OR ""giám sát sau triển khai"" OR ""đánh giá hiệu quả"") AND (y tế OR bệnh viện OR ""Sở Y tế"")",INTERNAL_PORTAL,1,2026-08-01T04:44:20.975932+00:00,https://ttyqg.vn/?s=%28%22tr%C3%AD%20tu%E1%BB%87%20nh%C3%A2n%20t%E1%BA%A1o%22%20OR%20AI%29%20AND%20%28%22theo%20d%C3%B5i%20sau%20tri%E1%BB%83n%20khai%22%20OR%20h%E1%BA%ADu%20ki%E1%BB%83m%20OR%20%22gi%C3%A1m%20s%C3%A1t%20sau%20tri%E1%BB%83n%20khai%22%20OR%20%22%C4%91%C3%A1nh%20gi%C3%A1%20hi%E1%BB%87u%20qu%E1%BA%A3%22%29%20AND%20%28y%20t%E1%BA%BF%20OR%20b%E1%BB%87nh%20vi%E1%BB%87n%20OR%20%22S%E1%BB%9F%20Y%20t%E1%BA%BF%22%29&paged=1,,URLError: <urlopen error _ssl.c:999: The handshake operation timed out>,0,direct-MOH-NHIC-DQ-IMPL-04-p01.body,e3b0c44298fc1c149afbf4c8996fb92427ae41e4649b934ca495991b7852b855,direct-MOH-NHIC-DQ-IMPL-04-p01.headers.json,44136fa355b3678a1146ad16f7e8649e94fb4fc21fe77e8310c060f61caaff8a,[],0,0,CONTINUE
MOH-NHIC,ttyqg.vn,DQ-IMPL-04,implementation,"(""trí tuệ nhân tạo"" OR AI) AND (""theo dõi sau triển khai"" OR hậu kiểm OR ""giám sát sau triển khai"" OR ""đánh giá hiệu quả"") AND (y tế OR bệnh viện OR ""Sở Y tế"")",INTERNAL_PORTAL,2,2026-08-01T04:44:33.258845+00:00,https://ttyqg.vn/?s=%28%22tr%C3%AD%20tu%E1%BB%87%20nh%C3%A2n%20t%E1%BA%A1o%22%20OR%20AI%29%20AND%20%28%22theo%20d%C3%B5i%20sau%20tri%E1%BB%83n%20khai%22%20OR%20h%E1%BA%ADu%20ki%E1%BB%83m%20OR%20%22gi%C3%A1m%20s%C3%A1t%20sau%20tri%E1%BB%83n%20khai%22%20OR%20%22%C4%91%C3%A1nh%20gi%C3%A1%20hi%E1%BB%87u%20qu%E1%BA%A3%22%29%20AND%20%28y%20t%E1%BA%BF%20OR%20b%E1%BB%87nh%20vi%E1%BB%87n%20OR%20%22S%E1%BB%9F%20Y%20t%E1%BA%BF%22%29&paged=2,,URLError: <urlopen error _ssl.c:999: The handshake operation timed out>,0,direct-MOH-NHIC-DQ-IMPL-04-p02.body,e3b0c44298fc1c149afbf4c8996fb92427ae41e4649b934ca495991b7852b855,direct-MOH-NHIC-DQ-IMPL-04-p02.headers.json,44136fa355b3678a1146ad16f7e8649e94fb4fc21fe77e8310c060f61caaff8a,[],0,0,TWO_CONSECUTIVE_NO_NEW
MOH-NHIC,ttyqg.vn,DQ-IMPL-05,implementation,"(""trí tuệ nhân tạo"" OR AI) AND (""báo cáo sự cố"" OR ""quản lý chất lượng"" OR kiểm toán OR thanh tra) AND (y tế OR bệnh viện OR ""Sở Y tế"")",INTERNAL_PORTAL,1,2026-08-01T04:44:25.603369+00:00,https://ttyqg.vn/?s=%28%22tr%C3%AD%20tu%E1%BB%87%20nh%C3%A2n%20t%E1%BA%A1o%22%20OR%20AI%29%20AND%20%28%22b%C3%A1o%20c%C3%A1o%20s%E1%BB%B1%20c%E1%BB%91%22%20OR%20%22qu%E1%BA%A3n%20l%C3%BD%20ch%E1%BA%A5t%20l%C6%B0%E1%BB%A3ng%22%20OR%20ki%E1%BB%83m%20to%C3%A1n%20OR%20thanh%20tra%29%20AND%20%28y%20t%E1%BA%BF%20OR%20b%E1%BB%87nh%20vi%E1%BB%87n%20OR%20%22S%E1%BB%9F%20Y%20t%E1%BA%BF%22%29&paged=1,,URLError: <urlopen error _ssl.c:999: The handshake operation timed out>,0,direct-MOH-NHIC-DQ-IMPL-05-p01.body,e3b0c44298fc1c149afbf4c8996fb92427ae41e4649b934ca495991b7852b855,direct-MOH-NHIC-DQ-IMPL-05-p01.headers.json,44136fa355b3678a1146ad16f7e8649e94fb4fc21fe77e8310c060f61caaff8a,[],0,0,CONTINUE
MOH-NHIC,ttyqg.vn,DQ-IMPL-05,implementation,"(""trí tuệ nhân tạo"" OR AI) AND (""báo cáo sự cố"" OR ""quản lý chất lượng"" OR kiểm toán OR thanh tra) AND (y tế OR bệnh viện OR ""Sở Y tế"")",INTERNAL_PORTAL,2,2026-08-01T04:44:37.844336+00:00,https://ttyqg.vn/?s=%28%22tr%C3%AD%20tu%E1%BB%87%20nh%C3%A2n%20t%E1%BA%A1o%22%20OR%20AI%29%20AND%20%28%22b%C3%A1o%20c%C3%A1o%20s%E1%BB%B1%20c%E1%BB%91%22%20OR%20%22qu%E1%BA%A3n%20l%C3%BD%20ch%E1%BA%A5t%20l%C6%B0%E1%BB%A3ng%22%20OR%20ki%E1%BB%83m%20to%C3%A1n%20OR%20thanh%20tra%29%20AND%20%28y%20t%E1%BA%BF%20OR%20b%E1%BB%87nh%20vi%E1%BB%87n%20OR%20%22S%E1%BB%9F%20Y%20t%E1%BA%BF%22%29&paged=2,,URLError: <urlopen error _ssl.c:999: The handshake operation timed out>,0,direct-MOH-NHIC-DQ-IMPL-05-p02.body,e3b0c44298fc1c149afbf4c8996fb92427ae41e4649b934ca495991b7852b855,direct-MOH-NHIC-DQ-IMPL-05-p02.headers.json,44136fa355b3678a1146ad16f7e8649e94fb4fc21fe77e8310c060f61caaff8a,[],0,0,TWO_CONSECUTIVE_NO_NEW
MOH-NHIC,ttyqg.vn,DQ-TOOL-01,implementation_tool,"(""đánh giá tuân thủ"" OR ""tự đánh giá"") AND (""đạo đức AI"" OR ""AI có trách nhiệm"")",INTERNAL_PORTAL,1,2026-08-01T04:44:20.369095+00:00,https://ttyqg.vn/?s=%28%22%C4%91%C3%A1nh%20gi%C3%A1%20tu%C3%A2n%20th%E1%BB%A7%22%20OR%20%22t%E1%BB%B1%20%C4%91%C3%A1nh%20gi%C3%A1%22%29%20AND%20%28%22%C4%91%E1%BA%A1o%20%C4%91%E1%BB%A9c%20AI%22%20OR%20%22AI%20c%C3%B3%20tr%C3%A1ch%20nhi%E1%BB%87m%22%29&paged=1,,URLError: <urlopen error _ssl.c:999: The handshake operation timed out>,0,direct-MOH-NHIC-DQ-TOOL-01-p01.body,e3b0c44298fc1c149afbf4c8996fb92427ae41e4649b934ca495991b7852b855,direct-MOH-NHIC-DQ-TOOL-01-p01.headers.json,44136fa355b3678a1146ad16f7e8649e94fb4fc21fe77e8310c060f61caaff8a,[],0,0,CONTINUE
MOH-NHIC,ttyqg.vn,DQ-TOOL-01,implementation_tool,"(""đánh giá tuân thủ"" OR ""tự đánh giá"") AND (""đạo đức AI"" OR ""AI có trách nhiệm"")",INTERNAL_PORTAL,2,2026-08-01T04:44:32.893295+00:00,https://ttyqg.vn/?s=%28%22%C4%91%C3%A1nh%20gi%C3%A1%20tu%C3%A2n%20th%E1%BB%A7%22%20OR%20%22t%E1%BB%B1%20%C4%91%C3%A1nh%20gi%C3%A1%22%29%20AND%20%28%22%C4%91%E1%BA%A1o%20%C4%91%E1%BB%A9c%20AI%22%20OR%20%22AI%20c%C3%B3%20tr%C3%A1ch%20nhi%E1%BB%87m%22%29&paged=2,,URLError: <urlopen error _ssl.c:999: The handshake operation timed out>,0,direct-MOH-NHIC-DQ-TOOL-01-p02.body,e3b0c44298fc1c149afbf4c8996fb92427ae41e4649b934ca495991b7852b855,direct-MOH-NHIC-DQ-TOOL-01-p02.headers.json,44136fa355b3678a1146ad16f7e8649e94fb4fc21fe77e8310c060f61caaff8a,[],0,0,TWO_CONSECUTIVE_NO_NEW
MOH-NHIC,ttyqg.vn,DQ-TOOL-02,implementation_tool,"(nền tảng OR công cụ) AND (""đánh giá tuân thủ"" OR ""đánh giá tác động"") AND (""AI"" OR ""trí tuệ nhân tạo"")",INTERNAL_PORTAL,1,2026-08-01T04:44:20.600655+00:00,https://ttyqg.vn/?s=%28n%E1%BB%81n%20t%E1%BA%A3ng%20OR%20c%C3%B4ng%20c%E1%BB%A5%29%20AND%20%28%22%C4%91%C3%A1nh%20gi%C3%A1%20tu%C3%A2n%20th%E1%BB%A7%22%20OR%20%22%C4%91%C3%A1nh%20gi%C3%A1%20t%C3%A1c%20%C4%91%E1%BB%99ng%22%29%20AND%20%28%22AI%22%20OR%20%22tr%C3%AD%20tu%E1%BB%87%20nh%C3%A2n%20t%E1%BA%A1o%22%29&paged=1,,URLError: <urlopen error _ssl.c:999: The handshake operation timed out>,0,direct-MOH-NHIC-DQ-TOOL-02-p01.body,e3b0c44298fc1c149afbf4c8996fb92427ae41e4649b934ca495991b7852b855,direct-MOH-NHIC-DQ-TOOL-02-p01.headers.json,44136fa355b3678a1146ad16f7e8649e94fb4fc21fe77e8310c060f61caaff8a,[],0,0,CONTINUE
MOH-NHIC,ttyqg.vn,DQ-TOOL-02,implementation_tool,"(nền tảng OR công cụ) AND (""đánh giá tuân thủ"" OR ""đánh giá tác động"") AND (""AI"" OR ""trí tuệ nhân tạo"")",INTERNAL_PORTAL,2,2026-08-01T04:44:32.894329+00:00,https://ttyqg.vn/?s=%28n%E1%BB%81n%20t%E1%BA%A3ng%20OR%20c%C3%B4ng%20c%E1%BB%A5%29%20AND%20%28%22%C4%91%C3%A1nh%20gi%C3%A1%20tu%C3%A2n%20th%E1%BB%A7%22%20OR%20%22%C4%91%C3%A1nh%20gi%C3%A1%20t%C3%A1c%20%C4%91%E1%BB%99ng%22%29%20AND%20%28%22AI%22%20OR%20%22tr%C3%AD%20tu%E1%BB%87%20nh%C3%A2n%20t%E1%BA%A1o%22%29&paged=2,,URLError: <urlopen error _ssl.c:999: The handshake operation timed out>,0,direct-MOH-NHIC-DQ-TOOL-02-p02.body,e3b0c44298fc1c149afbf4c8996fb92427ae41e4649b934ca495991b7852b855,direct-MOH-NHIC-DQ-TOOL-02-p02.headers.json,44136fa355b3678a1146ad16f7e8649e94fb4fc21fe77e8310c060f61caaff8a,[],0,0,TWO_CONSECUTIVE_NO_NEW
MOH-PC,vuphapche.moh.gov.vn,DQ-EVID-01,evidence,"(""đạo đức AI"" OR ""quản trị AI"") AND (kiểm toán OR thanh tra OR giám sát)",INTERNAL_PORTAL,1,2026-08-01T04:44:53.179075+00:00,https://vuphapche.moh.gov.vn/?s=%28%22%C4%91%E1%BA%A1o%20%C4%91%E1%BB%A9c%20AI%22%20OR%20%22qu%E1%BA%A3n%20tr%E1%BB%8B%20AI%22%29%20AND%20%28ki%E1%BB%83m%20to%C3%A1n%20OR%20thanh%20tra%20OR%20gi%C3%A1m%20s%C3%A1t%29&paged=1,,URLError: <urlopen error _ssl.c:999: The handshake operation timed out>,0,direct-MOH-PC-DQ-EVID-01-p01.body,e3b0c44298fc1c149afbf4c8996fb92427ae41e4649b934ca495991b7852b855,direct-MOH-PC-DQ-EVID-01-p01.headers.json,44136fa355b3678a1146ad16f7e8649e94fb4fc21fe77e8310c060f61caaff8a,[],0,0,CONTINUE
MOH-PC,vuphapche.moh.gov.vn,DQ-EVID-01,evidence,"(""đạo đức AI"" OR ""quản trị AI"") AND (kiểm toán OR thanh tra OR giám sát)",INTERNAL_PORTAL,2,2026-08-01T04:45:05.414393+00:00,https://vuphapche.moh.gov.vn/?s=%28%22%C4%91%E1%BA%A1o%20%C4%91%E1%BB%A9c%20AI%22%20OR%20%22qu%E1%BA%A3n%20tr%E1%BB%8B%20AI%22%29%20AND%20%28ki%E1%BB%83m%20to%C3%A1n%20OR%20thanh%20tra%20OR%20gi%C3%A1m%20s%C3%A1t%29&paged=2,,URLError: <urlopen error _ssl.c:999: The handshake operation timed out>,0,direct-MOH-PC-DQ-EVID-01-p02.body,e3b0c44298fc1c149afbf4c8996fb92427ae41e4649b934ca495991b7852b855,direct-MOH-PC-DQ-EVID-01-p02.headers.json,44136fa355b3678a1146ad16f7e8649e94fb4fc21fe77e8310c060f61caaff8a,[],0,0,TWO_CONSECUTIVE_NO_NEW
MOH-PC,vuphapche.moh.gov.vn,DQ-EVID-02,evidence,"(""AI"" OR ""trí tuệ nhân tạo"") AND (sự cố OR khiếu nại OR khắc phục) AND (y tế OR bệnh viện)",INTERNAL_PORTAL,1,2026-08-01T04:45:08.732051+00:00,https://vuphapche.moh.gov.vn/?s=%28%22AI%22%20OR%20%22tr%C3%AD%20tu%E1%BB%87%20nh%C3%A2n%20t%E1%BA%A1o%22%29%20AND%20%28s%E1%BB%B1%20c%E1%BB%91%20OR%20khi%E1%BA%BFu%20n%E1%BA%A1i%20OR%20kh%E1%BA%AFc%20ph%E1%BB%A5c%29%20AND%20%28y%20t%E1%BA%BF%20OR%20b%E1%BB%87nh%20vi%E1%BB%87n%29&paged=1,,URLError: <urlopen error _ssl.c:999: The handshake operation timed out>,0,direct-MOH-PC-DQ-EVID-02-p01.body,e3b0c44298fc1c149afbf4c8996fb92427ae41e4649b934ca495991b7852b855,direct-MOH-PC-DQ-EVID-02-p01.headers.json,44136fa355b3678a1146ad16f7e8649e94fb4fc21fe77e8310c060f61caaff8a,[],0,0,CONTINUE
MOH-PC,vuphapche.moh.gov.vn,DQ-EVID-02,evidence,"(""AI"" OR ""trí tuệ nhân tạo"") AND (sự cố OR khiếu nại OR khắc phục) AND (y tế OR bệnh viện)",INTERNAL_PORTAL,2,2026-08-01T04:45:20.966881+00:00,https://vuphapche.moh.gov.vn/?s=%28%22AI%22%20OR%20%22tr%C3%AD%20tu%E1%BB%87%20nh%C3%A2n%20t%E1%BA%A1o%22%29%20AND%20%28s%E1%BB%B1%20c%E1%BB%91%20OR%20khi%E1%BA%BFu%20n%E1%BA%A1i%20OR%20kh%E1%BA%AFc%20ph%E1%BB%A5c%29%20AND%20%28y%20t%E1%BA%BF%20OR%20b%E1%BB%87nh%20vi%E1%BB%87n%29&paged=2,,URLError: <urlopen error _ssl.c:999: The handshake operation timed out>,0,direct-MOH-PC-DQ-EVID-02-p02.body,e3b0c44298fc1c149afbf4c8996fb92427ae41e4649b934ca495991b7852b855,direct-MOH-PC-DQ-EVID-02-p02.headers.json,44136fa355b3678a1146ad16f7e8649e94fb4fc21fe77e8310c060f61caaff8a,[],0,0,TWO_CONSECUTIVE_NO_NEW
MOH-PC,vuphapche.moh.gov.vn,DQ-EVID-03,evidence,"(""AI"" OR ""trí tuệ nhân tạo"") AND (""đánh giá tác động"" OR kết quả) AND (y tế OR bệnh viện)",INTERNAL_PORTAL,1,2026-08-01T04:45:09.521192+00:00,https://vuphapche.moh.gov.vn/?s=%28%22AI%22%20OR%20%22tr%C3%AD%20tu%E1%BB%87%20nh%C3%A2n%20t%E1%BA%A1o%22%29%20AND%20%28%22%C4%91%C3%A1nh%20gi%C3%A1%20t%C3%A1c%20%C4%91%E1%BB%99ng%22%20OR%20k%E1%BA%BFt%20qu%E1%BA%A3%29%20AND%20%28y%20t%E1%BA%BF%20OR%20b%E1%BB%87nh%20vi%E1%BB%87n%29&paged=1,,URLError: <urlopen error _ssl.c:999: The handshake operation timed out>,0,direct-MOH-PC-DQ-EVID-03-p01.body,e3b0c44298fc1c149afbf4c8996fb92427ae41e4649b934ca495991b7852b855,direct-MOH-PC-DQ-EVID-03-p01.headers.json,44136fa355b3678a1146ad16f7e8649e94fb4fc21fe77e8310c060f61caaff8a,[],0,0,CONTINUE
MOH-PC,vuphapche.moh.gov.vn,DQ-EVID-03,evidence,"(""AI"" OR ""trí tuệ nhân tạo"") AND (""đánh giá tác động"" OR kết quả) AND (y tế OR bệnh viện)",INTERNAL_PORTAL,2,2026-08-01T04:45:21.780808+00:00,https://vuphapche.moh.gov.vn/?s=%28%22AI%22%20OR%20%22tr%C3%AD%20tu%E1%BB%87%20nh%C3%A2n%20t%E1%BA%A1o%22%29%20AND%20%28%22%C4%91%C3%A1nh%20gi%C3%A1%20t%C3%A1c%20%C4%91%E1%BB%99ng%22%20OR%20k%E1%BA%BFt%20qu%E1%BA%A3%29%20AND%20%28y%20t%E1%BA%BF%20OR%20b%E1%BB%87nh%20vi%E1%BB%87n%29&paged=2,,URLError: <urlopen error _ssl.c:999: The handshake operation timed out>,0,direct-MOH-PC-DQ-EVID-03-p02.body,e3b0c44298fc1c149afbf4c8996fb92427ae41e4649b934ca495991b7852b855,direct-MOH-PC-DQ-EVID-03-p02.headers.json,44136fa355b3678a1146ad16f7e8649e94fb4fc21fe77e8310c060f61caaff8a,[],0,0,TWO_CONSECUTIVE_NO_NEW
MOH-PC,vuphapche.moh.gov.vn,DQ-EVID-04,evidence,"(""AI ethics"" OR ""AI governance"") AND (audit OR inspection OR monitoring OR incident OR complaint OR redress OR ""impact assessment"" OR outcome OR result) AND (Vietnam OR ""Viet Nam"") AND (health OR hospital)",INTERNAL_PORTAL,1,2026-08-01T04:45:09.550025+00:00,https://vuphapche.moh.gov.vn/?s=%28%22AI%20ethics%22%20OR%20%22AI%20governance%22%29%20AND%20%28audit%20OR%20inspection%20OR%20monitoring%20OR%20incident%20OR%20complaint%20OR%20redress%20OR%20%22impact%20assessment%22%20OR%20outcome%20OR%20result%29%20AND%20%28Vietnam%20OR%20%22Viet%20Nam%22%29%20AND%20%28health%20OR%20hospital%29&paged=1,,URLError: <urlopen error _ssl.c:999: The handshake operation timed out>,0,direct-MOH-PC-DQ-EVID-04-p01.body,e3b0c44298fc1c149afbf4c8996fb92427ae41e4649b934ca495991b7852b855,direct-MOH-PC-DQ-EVID-04-p01.headers.json,44136fa355b3678a1146ad16f7e8649e94fb4fc21fe77e8310c060f61caaff8a,[],0,0,CONTINUE
MOH-PC,vuphapche.moh.gov.vn,DQ-EVID-04,evidence,"(""AI ethics"" OR ""AI governance"") AND (audit OR inspection OR monitoring OR incident OR complaint OR redress OR ""impact assessment"" OR outcome OR result) AND (Vietnam OR ""Viet Nam"") AND (health OR hospital)",INTERNAL_PORTAL,2,2026-08-01T04:45:21.798264+00:00,https://vuphapche.moh.gov.vn/?s=%28%22AI%20ethics%22%20OR%20%22AI%20governance%22%29%20AND%20%28audit%20OR%20inspection%20OR%20monitoring%20OR%20incident%20OR%20complaint%20OR%20redress%20OR%20%22impact%20assessment%22%20OR%20outcome%20OR%20result%29%20AND%20%28Vietnam%20OR%20%22Viet%20Nam%22%29%20AND%20%28health%20OR%20hospital%29&paged=2,,URLError: <urlopen error _ssl.c:999: The handshake operation timed out>,0,direct-MOH-PC-DQ-EVID-04-p02.body,e3b0c44298fc1c149afbf4c8996fb92427ae41e4649b934ca495991b7852b855,direct-MOH-PC-DQ-EVID-04-p02.headers.json,44136fa355b3678a1146ad16f7e8649e94fb4fc21fe77e8310c060f61caaff8a,[],0,0,TWO_CONSECUTIVE_NO_NEW
MOH-PC,vuphapche.moh.gov.vn,DQ-EVID-05,evidence,"(""artificial intelligence"" OR AI) AND (""post-implementation monitoring"" OR ""post-market surveillance"" OR ""incident reporting"" OR ""quality management"" OR ""effectiveness evaluation"" OR audit) AND (Vietnam OR ""Viet Nam"") AND (health OR hospital OR ""provincial health department"")",INTERNAL_PORTAL,1,2026-08-01T04:45:09.645574+00:00,https://vuphapche.moh.gov.vn/?s=%28%22artificial%20intelligence%22%20OR%20AI%29%20AND%20%28%22post-implementation%20monitoring%22%20OR%20%22post-market%20surveillance%22%20OR%20%22incident%20reporting%22%20OR%20%22quality%20management%22%20OR%20%22effectiveness%20evaluation%22%20OR%20audit%29%20AND%20%28Vietnam%20OR%20%22Viet%20Nam%22%29%20AND%20%28health%20OR%20hospital%20OR%20%22provincial%20health%20department%22%29&paged=1,,URLError: <urlopen error _ssl.c:999: The handshake operation timed out>,0,direct-MOH-PC-DQ-EVID-05-p01.body,e3b0c44298fc1c149afbf4c8996fb92427ae41e4649b934ca495991b7852b855,direct-MOH-PC-DQ-EVID-05-p01.headers.json,44136fa355b3678a1146ad16f7e8649e94fb4fc21fe77e8310c060f61caaff8a,[],0,0,CONTINUE
MOH-PC,vuphapche.moh.gov.vn,DQ-EVID-05,evidence,"(""artificial intelligence"" OR AI) AND (""post-implementation monitoring"" OR ""post-market surveillance"" OR ""incident reporting"" OR ""quality management"" OR ""effectiveness evaluation"" OR audit) AND (Vietnam OR ""Viet Nam"") AND (health OR hospital OR ""provincial health department"")",INTERNAL_PORTAL,2,2026-08-01T04:45:21.887639+00:00,https://vuphapche.moh.gov.vn/?s=%28%22artificial%20intelligence%22%20OR%20AI%29%20AND%20%28%22post-implementation%20monitoring%22%20OR%20%22post-market%20surveillance%22%20OR%20%22incident%20reporting%22%20OR%20%22quality%20management%22%20OR%20%22effectiveness%20evaluation%22%20OR%20audit%29%20AND%20%28Vietnam%20OR%20%22Viet%20Nam%22%29%20AND%20%28health%20OR%20hospital%20OR%20%22provincial%20health%20department%22%29&paged=2,,URLError: <urlopen error _ssl.c:999: The handshake operation timed out>,0,direct-MOH-PC-DQ-EVID-05-p02.body,e3b0c44298fc1c149afbf4c8996fb92427ae41e4649b934ca495991b7852b855,direct-MOH-PC-DQ-EVID-05-p02.headers.json,44136fa355b3678a1146ad16f7e8649e94fb4fc21fe77e8310c060f61caaff8a,[],0,0,TWO_CONSECUTIVE_NO_NEW
MOH-PC,vuphapche.moh.gov.vn,DQ-IMPL-01,implementation,"(""đạo đức AI"" OR ""AI có trách nhiệm"" OR ""quản trị AI"") AND (kế hoạch OR triển khai OR áp dụng OR thí điểm)",INTERNAL_PORTAL,1,2026-08-01T04:44:45.053531+00:00,https://vuphapche.moh.gov.vn/?s=%28%22%C4%91%E1%BA%A1o%20%C4%91%E1%BB%A9c%20AI%22%20OR%20%22AI%20c%C3%B3%20tr%C3%A1ch%20nhi%E1%BB%87m%22%20OR%20%22qu%E1%BA%A3n%20tr%E1%BB%8B%20AI%22%29%20AND%20%28k%E1%BA%BF%20ho%E1%BA%A1ch%20OR%20tri%E1%BB%83n%20khai%20OR%20%C3%A1p%20d%E1%BB%A5ng%20OR%20th%C3%AD%20%C4%91i%E1%BB%83m%29&paged=1,,URLError: <urlopen error _ssl.c:999: The handshake operation timed out>,0,direct-MOH-PC-DQ-IMPL-01-p01.body,e3b0c44298fc1c149afbf4c8996fb92427ae41e4649b934ca495991b7852b855,direct-MOH-PC-DQ-IMPL-01-p01.headers.json,44136fa355b3678a1146ad16f7e8649e94fb4fc21fe77e8310c060f61caaff8a,[],0,0,CONTINUE
MOH-PC,vuphapche.moh.gov.vn,DQ-IMPL-01,implementation,"(""đạo đức AI"" OR ""AI có trách nhiệm"" OR ""quản trị AI"") AND (kế hoạch OR triển khai OR áp dụng OR thí điểm)",INTERNAL_PORTAL,2,2026-08-01T04:44:57.314079+00:00,https://vuphapche.moh.gov.vn/?s=%28%22%C4%91%E1%BA%A1o%20%C4%91%E1%BB%A9c%20AI%22%20OR%20%22AI%20c%C3%B3%20tr%C3%A1ch%20nhi%E1%BB%87m%22%20OR%20%22qu%E1%BA%A3n%20tr%E1%BB%8B%20AI%22%29%20AND%20%28k%E1%BA%BF%20ho%E1%BA%A1ch%20OR%20tri%E1%BB%83n%20khai%20OR%20%C3%A1p%20d%E1%BB%A5ng%20OR%20th%C3%AD%20%C4%91i%E1%BB%83m%29&paged=2,,URLError: <urlopen error _ssl.c:999: The handshake operation timed out>,0,direct-MOH-PC-DQ-IMPL-01-p02.body,e3b0c44298fc1c149afbf4c8996fb92427ae41e4649b934ca495991b7852b855,direct-MOH-PC-DQ-IMPL-01-p02.headers.json,44136fa355b3678a1146ad16f7e8649e94fb4fc21fe77e8310c060f61caaff8a,[],0,0,TWO_CONSECUTIVE_NO_NEW
MOH-PC,vuphapche.moh.gov.vn,DQ-IMPL-02,implementation,"(""đạo đức AI"" OR ""AI có trách nhiệm"" OR ""quản trị AI"") AND (""Bộ Y tế"" OR bệnh viện OR ""cơ sở khám bệnh, chữa bệnh"")",INTERNAL_PORTAL,1,2026-08-01T04:44:45.168424+00:00,https://vuphapche.moh.gov.vn/?s=%28%22%C4%91%E1%BA%A1o%20%C4%91%E1%BB%A9c%20AI%22%20OR%20%22AI%20c%C3%B3%20tr%C3%A1ch%20nhi%E1%BB%87m%22%20OR%20%22qu%E1%BA%A3n%20tr%E1%BB%8B%20AI%22%29%20AND%20%28%22B%E1%BB%99%20Y%20t%E1%BA%BF%22%20OR%20b%E1%BB%87nh%20vi%E1%BB%87n%20OR%20%22c%C6%A1%20s%E1%BB%9F%20kh%C3%A1m%20b%E1%BB%87nh%2C%20ch%E1%BB%AFa%20b%E1%BB%87nh%22%29&paged=1,,URLError: <urlopen error _ssl.c:999: The handshake operation timed out>,0,direct-MOH-PC-DQ-IMPL-02-p01.body,e3b0c44298fc1c149afbf4c8996fb92427ae41e4649b934ca495991b7852b855,direct-MOH-PC-DQ-IMPL-02-p01.headers.json,44136fa355b3678a1146ad16f7e8649e94fb4fc21fe77e8310c060f61caaff8a,[],0,0,CONTINUE
MOH-PC,vuphapche.moh.gov.vn,DQ-IMPL-02,implementation,"(""đạo đức AI"" OR ""AI có trách nhiệm"" OR ""quản trị AI"") AND (""Bộ Y tế"" OR bệnh viện OR ""cơ sở khám bệnh, chữa bệnh"")",INTERNAL_PORTAL,2,2026-08-01T04:44:57.445871+00:00,https://vuphapche.moh.gov.vn/?s=%28%22%C4%91%E1%BA%A1o%20%C4%91%E1%BB%A9c%20AI%22%20OR%20%22AI%20c%C3%B3%20tr%C3%A1ch%20nhi%E1%BB%87m%22%20OR%20%22qu%E1%BA%A3n%20tr%E1%BB%8B%20AI%22%29%20AND%20%28%22B%E1%BB%99%20Y%20t%E1%BA%BF%22%20OR%20b%E1%BB%87nh%20vi%E1%BB%87n%20OR%20%22c%C6%A1%20s%E1%BB%9F%20kh%C3%A1m%20b%E1%BB%87nh%2C%20ch%E1%BB%AFa%20b%E1%BB%87nh%22%29&paged=2,,URLError: <urlopen error _ssl.c:999: The handshake operation timed out>,0,direct-MOH-PC-DQ-IMPL-02-p02.body,e3b0c44298fc1c149afbf4c8996fb92427ae41e4649b934ca495991b7852b855,direct-MOH-PC-DQ-IMPL-02-p02.headers.json,44136fa355b3678a1146ad16f7e8649e94fb4fc21fe77e8310c060f61caaff8a,[],0,0,TWO_CONSECUTIVE_NO_NEW
MOH-PC,vuphapche.moh.gov.vn,DQ-IMPL-03,implementation,"(""responsible AI"" OR ""AI governance"" OR ""AI ethics"") AND (implementation OR adoption OR uptake OR plan OR pilot) AND (Vietnam OR ""Viet Nam"") AND (health OR hospital OR clinical)",INTERNAL_PORTAL,1,2026-08-01T04:44:45.167422+00:00,https://vuphapche.moh.gov.vn/?s=%28%22responsible%20AI%22%20OR%20%22AI%20governance%22%20OR%20%22AI%20ethics%22%29%20AND%20%28implementation%20OR%20adoption%20OR%20uptake%20OR%20plan%20OR%20pilot%29%20AND%20%28Vietnam%20OR%20%22Viet%20Nam%22%29%20AND%20%28health%20OR%20hospital%20OR%20clinical%29&paged=1,,URLError: <urlopen error _ssl.c:999: The handshake operation timed out>,0,direct-MOH-PC-DQ-IMPL-03-p01.body,e3b0c44298fc1c149afbf4c8996fb92427ae41e4649b934ca495991b7852b855,direct-MOH-PC-DQ-IMPL-03-p01.headers.json,44136fa355b3678a1146ad16f7e8649e94fb4fc21fe77e8310c060f61caaff8a,[],0,0,CONTINUE
MOH-PC,vuphapche.moh.gov.vn,DQ-IMPL-03,implementation,"(""responsible AI"" OR ""AI governance"" OR ""AI ethics"") AND (implementation OR adoption OR uptake OR plan OR pilot) AND (Vietnam OR ""Viet Nam"") AND (health OR hospital OR clinical)",INTERNAL_PORTAL,2,2026-08-01T04:44:57.421064+00:00,https://vuphapche.moh.gov.vn/?s=%28%22responsible%20AI%22%20OR%20%22AI%20governance%22%20OR%20%22AI%20ethics%22%29%20AND%20%28implementation%20OR%20adoption%20OR%20uptake%20OR%20plan%20OR%20pilot%29%20AND%20%28Vietnam%20OR%20%22Viet%20Nam%22%29%20AND%20%28health%20OR%20hospital%20OR%20clinical%29&paged=2,,URLError: <urlopen error _ssl.c:999: The handshake operation timed out>,0,direct-MOH-PC-DQ-IMPL-03-p02.body,e3b0c44298fc1c149afbf4c8996fb92427ae41e4649b934ca495991b7852b855,direct-MOH-PC-DQ-IMPL-03-p02.headers.json,44136fa355b3678a1146ad16f7e8649e94fb4fc21fe77e8310c060f61caaff8a,[],0,0,TWO_CONSECUTIVE_NO_NEW
MOH-PC,vuphapche.moh.gov.vn,DQ-IMPL-04,implementation,"(""trí tuệ nhân tạo"" OR AI) AND (""theo dõi sau triển khai"" OR hậu kiểm OR ""giám sát sau triển khai"" OR ""đánh giá hiệu quả"") AND (y tế OR bệnh viện OR ""Sở Y tế"")",INTERNAL_PORTAL,1,2026-08-01T04:44:50.879513+00:00,https://vuphapche.moh.gov.vn/?s=%28%22tr%C3%AD%20tu%E1%BB%87%20nh%C3%A2n%20t%E1%BA%A1o%22%20OR%20AI%29%20AND%20%28%22theo%20d%C3%B5i%20sau%20tri%E1%BB%83n%20khai%22%20OR%20h%E1%BA%ADu%20ki%E1%BB%83m%20OR%20%22gi%C3%A1m%20s%C3%A1t%20sau%20tri%E1%BB%83n%20khai%22%20OR%20%22%C4%91%C3%A1nh%20gi%C3%A1%20hi%E1%BB%87u%20qu%E1%BA%A3%22%29%20AND%20%28y%20t%E1%BA%BF%20OR%20b%E1%BB%87nh%20vi%E1%BB%87n%20OR%20%22S%E1%BB%9F%20Y%20t%E1%BA%BF%22%29&paged=1,,URLError: <urlopen error _ssl.c:999: The handshake operation timed out>,0,direct-MOH-PC-DQ-IMPL-04-p01.body,e3b0c44298fc1c149afbf4c8996fb92427ae41e4649b934ca495991b7852b855,direct-MOH-PC-DQ-IMPL-04-p01.headers.json,44136fa355b3678a1146ad16f7e8649e94fb4fc21fe77e8310c060f61caaff8a,[],0,0,CONTINUE
MOH-PC,vuphapche.moh.gov.vn,DQ-IMPL-04,implementation,"(""trí tuệ nhân tạo"" OR AI) AND (""theo dõi sau triển khai"" OR hậu kiểm OR ""giám sát sau triển khai"" OR ""đánh giá hiệu quả"") AND (y tế OR bệnh viện OR ""Sở Y tế"")",INTERNAL_PORTAL,2,2026-08-01T04:45:03.122263+00:00,https://vuphapche.moh.gov.vn/?s=%28%22tr%C3%AD%20tu%E1%BB%87%20nh%C3%A2n%20t%E1%BA%A1o%22%20OR%20AI%29%20AND%20%28%22theo%20d%C3%B5i%20sau%20tri%E1%BB%83n%20khai%22%20OR%20h%E1%BA%ADu%20ki%E1%BB%83m%20OR%20%22gi%C3%A1m%20s%C3%A1t%20sau%20tri%E1%BB%83n%20khai%22%20OR%20%22%C4%91%C3%A1nh%20gi%C3%A1%20hi%E1%BB%87u%20qu%E1%BA%A3%22%29%20AND%20%28y%20t%E1%BA%BF%20OR%20b%E1%BB%87nh%20vi%E1%BB%87n%20OR%20%22S%E1%BB%9F%20Y%20t%E1%BA%BF%22%29&paged=2,,URLError: <urlopen error _ssl.c:999: The handshake operation timed out>,0,direct-MOH-PC-DQ-IMPL-04-p02.body,e3b0c44298fc1c149afbf4c8996fb92427ae41e4649b934ca495991b7852b855,direct-MOH-PC-DQ-IMPL-04-p02.headers.json,44136fa355b3678a1146ad16f7e8649e94fb4fc21fe77e8310c060f61caaff8a,[],0,0,TWO_CONSECUTIVE_NO_NEW
MOH-PC,vuphapche.moh.gov.vn,DQ-IMPL-05,implementation,"(""trí tuệ nhân tạo"" OR AI) AND (""báo cáo sự cố"" OR ""quản lý chất lượng"" OR kiểm toán OR thanh tra) AND (y tế OR bệnh viện OR ""Sở Y tế"")",INTERNAL_PORTAL,1,2026-08-01T04:44:51.660564+00:00,https://vuphapche.moh.gov.vn/?s=%28%22tr%C3%AD%20tu%E1%BB%87%20nh%C3%A2n%20t%E1%BA%A1o%22%20OR%20AI%29%20AND%20%28%22b%C3%A1o%20c%C3%A1o%20s%E1%BB%B1%20c%E1%BB%91%22%20OR%20%22qu%E1%BA%A3n%20l%C3%BD%20ch%E1%BA%A5t%20l%C6%B0%E1%BB%A3ng%22%20OR%20ki%E1%BB%83m%20to%C3%A1n%20OR%20thanh%20tra%29%20AND%20%28y%20t%E1%BA%BF%20OR%20b%E1%BB%87nh%20vi%E1%BB%87n%20OR%20%22S%E1%BB%9F%20Y%20t%E1%BA%BF%22%29&paged=1,,URLError: <urlopen error _ssl.c:999: The handshake operation timed out>,0,direct-MOH-PC-DQ-IMPL-05-p01.body,e3b0c44298fc1c149afbf4c8996fb92427ae41e4649b934ca495991b7852b855,direct-MOH-PC-DQ-IMPL-05-p01.headers.json,44136fa355b3678a1146ad16f7e8649e94fb4fc21fe77e8310c060f61caaff8a,[],0,0,CONTINUE
MOH-PC,vuphapche.moh.gov.vn,DQ-IMPL-05,implementation,"(""trí tuệ nhân tạo"" OR AI) AND (""báo cáo sự cố"" OR ""quản lý chất lượng"" OR kiểm toán OR thanh tra) AND (y tế OR bệnh viện OR ""Sở Y tế"")",INTERNAL_PORTAL,2,2026-08-01T04:45:03.896436+00:00,https://vuphapche.moh.gov.vn/?s=%28%22tr%C3%AD%20tu%E1%BB%87%20nh%C3%A2n%20t%E1%BA%A1o%22%20OR%20AI%29%20AND%20%28%22b%C3%A1o%20c%C3%A1o%20s%E1%BB%B1%20c%E1%BB%91%22%20OR%20%22qu%E1%BA%A3n%20l%C3%BD%20ch%E1%BA%A5t%20l%C6%B0%E1%BB%A3ng%22%20OR%20ki%E1%BB%83m%20to%C3%A1n%20OR%20thanh%20tra%29%20AND%20%28y%20t%E1%BA%BF%20OR%20b%E1%BB%87nh%20vi%E1%BB%87n%20OR%20%22S%E1%BB%9F%20Y%20t%E1%BA%BF%22%29&paged=2,,URLError: <urlopen error _ssl.c:999: The handshake operation timed out>,0,direct-MOH-PC-DQ-IMPL-05-p02.body,e3b0c44298fc1c149afbf4c8996fb92427ae41e4649b934ca495991b7852b855,direct-MOH-PC-DQ-IMPL-05-p02.headers.json,44136fa355b3678a1146ad16f7e8649e94fb4fc21fe77e8310c060f61caaff8a,[],0,0,TWO_CONSECUTIVE_NO_NEW
MOH-PC,vuphapche.moh.gov.vn,DQ-TOOL-01,implementation_tool,"(""đánh giá tuân thủ"" OR ""tự đánh giá"") AND (""đạo đức AI"" OR ""AI có trách nhiệm"")",INTERNAL_PORTAL,1,2026-08-01T04:44:45.492910+00:00,https://vuphapche.moh.gov.vn/?s=%28%22%C4%91%C3%A1nh%20gi%C3%A1%20tu%C3%A2n%20th%E1%BB%A7%22%20OR%20%22t%E1%BB%B1%20%C4%91%C3%A1nh%20gi%C3%A1%22%29%20AND%20%28%22%C4%91%E1%BA%A1o%20%C4%91%E1%BB%A9c%20AI%22%20OR%20%22AI%20c%C3%B3%20tr%C3%A1ch%20nhi%E1%BB%87m%22%29&paged=1,,URLError: <urlopen error _ssl.c:999: The handshake operation timed out>,0,direct-MOH-PC-DQ-TOOL-01-p01.body,e3b0c44298fc1c149afbf4c8996fb92427ae41e4649b934ca495991b7852b855,direct-MOH-PC-DQ-TOOL-01-p01.headers.json,44136fa355b3678a1146ad16f7e8649e94fb4fc21fe77e8310c060f61caaff8a,[],0,0,CONTINUE
MOH-PC,vuphapche.moh.gov.vn,DQ-TOOL-01,implementation_tool,"(""đánh giá tuân thủ"" OR ""tự đánh giá"") AND (""đạo đức AI"" OR ""AI có trách nhiệm"")",INTERNAL_PORTAL,2,2026-08-01T04:44:57.730917+00:00,https://vuphapche.moh.gov.vn/?s=%28%22%C4%91%C3%A1nh%20gi%C3%A1%20tu%C3%A2n%20th%E1%BB%A7%22%20OR%20%22t%E1%BB%B1%20%C4%91%C3%A1nh%20gi%C3%A1%22%29%20AND%20%28%22%C4%91%E1%BA%A1o%20%C4%91%E1%BB%A9c%20AI%22%20OR%20%22AI%20c%C3%B3%20tr%C3%A1ch%20nhi%E1%BB%87m%22%29&paged=2,,URLError: <urlopen error _ssl.c:999: The handshake operation timed out>,0,direct-MOH-PC-DQ-TOOL-01-p02.body,e3b0c44298fc1c149afbf4c8996fb92427ae41e4649b934ca495991b7852b855,direct-MOH-PC-DQ-TOOL-01-p02.headers.json,44136fa355b3678a1146ad16f7e8649e94fb4fc21fe77e8310c060f61caaff8a,[],0,0,TWO_CONSECUTIVE_NO_NEW
MOH-PC,vuphapche.moh.gov.vn,DQ-TOOL-02,implementation_tool,"(nền tảng OR công cụ) AND (""đánh giá tuân thủ"" OR ""đánh giá tác động"") AND (""AI"" OR ""trí tuệ nhân tạo"")",INTERNAL_PORTAL,1,2026-08-01T04:44:50.074832+00:00,https://vuphapche.moh.gov.vn/?s=%28n%E1%BB%81n%20t%E1%BA%A3ng%20OR%20c%C3%B4ng%20c%E1%BB%A5%29%20AND%20%28%22%C4%91%C3%A1nh%20gi%C3%A1%20tu%C3%A2n%20th%E1%BB%A7%22%20OR%20%22%C4%91%C3%A1nh%20gi%C3%A1%20t%C3%A1c%20%C4%91%E1%BB%99ng%22%29%20AND%20%28%22AI%22%20OR%20%22tr%C3%AD%20tu%E1%BB%87%20nh%C3%A2n%20t%E1%BA%A1o%22%29&paged=1,,URLError: <urlopen error _ssl.c:999: The handshake operation timed out>,0,direct-MOH-PC-DQ-TOOL-02-p01.body,e3b0c44298fc1c149afbf4c8996fb92427ae41e4649b934ca495991b7852b855,direct-MOH-PC-DQ-TOOL-02-p01.headers.json,44136fa355b3678a1146ad16f7e8649e94fb4fc21fe77e8310c060f61caaff8a,[],0,0,CONTINUE
MOH-PC,vuphapche.moh.gov.vn,DQ-TOOL-02,implementation_tool,"(nền tảng OR công cụ) AND (""đánh giá tuân thủ"" OR ""đánh giá tác động"") AND (""AI"" OR ""trí tuệ nhân tạo"")",INTERNAL_PORTAL,2,2026-08-01T04:45:02.332544+00:00,https://vuphapche.moh.gov.vn/?s=%28n%E1%BB%81n%20t%E1%BA%A3ng%20OR%20c%C3%B4ng%20c%E1%BB%A5%29%20AND%20%28%22%C4%91%C3%A1nh%20gi%C3%A1%20tu%C3%A2n%20th%E1%BB%A7%22%20OR%20%22%C4%91%C3%A1nh%20gi%C3%A1%20t%C3%A1c%20%C4%91%E1%BB%99ng%22%29%20AND%20%28%22AI%22%20OR%20%22tr%C3%AD%20tu%E1%BB%87%20nh%C3%A2n%20t%E1%BA%A1o%22%29&paged=2,,URLError: <urlopen error _ssl.c:999: The handshake operation timed out>,0,direct-MOH-PC-DQ-TOOL-02-p02.body,e3b0c44298fc1c149afbf4c8996fb92427ae41e4649b934ca495991b7852b855,direct-MOH-PC-DQ-TOOL-02-p02.headers.json,44136fa355b3678a1146ad16f7e8649e94fb4fc21fe77e8310c060f61caaff8a,[],0,0,TWO_CONSECUTIVE_NO_NEW
MST,most.gov.vn,DQ-EVID-01,evidence,"(""đạo đức AI"" OR ""quản trị AI"") AND (kiểm toán OR thanh tra OR giám sát)",INTERNAL_PORTAL,1,2026-08-01T04:45:33.990494+00:00,https://most.gov.vn/search?q=%28%22%C4%91%E1%BA%A1o%20%C4%91%E1%BB%A9c%20AI%22%20OR%20%22qu%E1%BA%A3n%20tr%E1%BB%8B%20AI%22%29%20AND%20%28ki%E1%BB%83m%20to%C3%A1n%20OR%20thanh%20tra%20OR%20gi%C3%A1m%20s%C3%A1t%29&page=1,,URLError: <urlopen error _ssl.c:999: The handshake operation timed out>,0,direct-MST-DQ-EVID-01-p01.body,e3b0c44298fc1c149afbf4c8996fb92427ae41e4649b934ca495991b7852b855,direct-MST-DQ-EVID-01-p01.headers.json,44136fa355b3678a1146ad16f7e8649e94fb4fc21fe77e8310c060f61caaff8a,[],0,0,CONTINUE
MST,most.gov.vn,DQ-EVID-01,evidence,"(""đạo đức AI"" OR ""quản trị AI"") AND (kiểm toán OR thanh tra OR giám sát)",INTERNAL_PORTAL,2,2026-08-01T04:45:46.232935+00:00,https://most.gov.vn/search?q=%28%22%C4%91%E1%BA%A1o%20%C4%91%E1%BB%A9c%20AI%22%20OR%20%22qu%E1%BA%A3n%20tr%E1%BB%8B%20AI%22%29%20AND%20%28ki%E1%BB%83m%20to%C3%A1n%20OR%20thanh%20tra%20OR%20gi%C3%A1m%20s%C3%A1t%29&page=2,,URLError: <urlopen error _ssl.c:999: The handshake operation timed out>,0,direct-MST-DQ-EVID-01-p02.body,e3b0c44298fc1c149afbf4c8996fb92427ae41e4649b934ca495991b7852b855,direct-MST-DQ-EVID-01-p02.headers.json,44136fa355b3678a1146ad16f7e8649e94fb4fc21fe77e8310c060f61caaff8a,[],0,0,TWO_CONSECUTIVE_NO_NEW
MST,most.gov.vn,DQ-EVID-02,evidence,"(""AI"" OR ""trí tuệ nhân tạo"") AND (sự cố OR khiếu nại OR khắc phục) AND (y tế OR bệnh viện)",INTERNAL_PORTAL,1,2026-08-01T04:45:34.023337+00:00,https://most.gov.vn/search?q=%28%22AI%22%20OR%20%22tr%C3%AD%20tu%E1%BB%87%20nh%C3%A2n%20t%E1%BA%A1o%22%29%20AND%20%28s%E1%BB%B1%20c%E1%BB%91%20OR%20khi%E1%BA%BFu%20n%E1%BA%A1i%20OR%20kh%E1%BA%AFc%20ph%E1%BB%A5c%29%20AND%20%28y%20t%E1%BA%BF%20OR%20b%E1%BB%87nh%20vi%E1%BB%87n%29&page=1,,URLError: <urlopen error _ssl.c:999: The handshake operation timed out>,0,direct-MST-DQ-EVID-02-p01.body,e3b0c44298fc1c149afbf4c8996fb92427ae41e4649b934ca495991b7852b855,direct-MST-DQ-EVID-02-p01.headers.json,44136fa355b3678a1146ad16f7e8649e94fb4fc21fe77e8310c060f61caaff8a,[],0,0,CONTINUE
MST,most.gov.vn,DQ-EVID-02,evidence,"(""AI"" OR ""trí tuệ nhân tạo"") AND (sự cố OR khiếu nại OR khắc phục) AND (y tế OR bệnh viện)",INTERNAL_PORTAL,2,2026-08-01T04:45:46.253986+00:00,https://most.gov.vn/search?q=%28%22AI%22%20OR%20%22tr%C3%AD%20tu%E1%BB%87%20nh%C3%A2n%20t%E1%BA%A1o%22%29%20AND%20%28s%E1%BB%B1%20c%E1%BB%91%20OR%20khi%E1%BA%BFu%20n%E1%BA%A1i%20OR%20kh%E1%BA%AFc%20ph%E1%BB%A5c%29%20AND%20%28y%20t%E1%BA%BF%20OR%20b%E1%BB%87nh%20vi%E1%BB%87n%29&page=2,,URLError: <urlopen error _ssl.c:999: The handshake operation timed out>,0,direct-MST-DQ-EVID-02-p02.body,e3b0c44298fc1c149afbf4c8996fb92427ae41e4649b934ca495991b7852b855,direct-MST-DQ-EVID-02-p02.headers.json,44136fa355b3678a1146ad16f7e8649e94fb4fc21fe77e8310c060f61caaff8a,[],0,0,TWO_CONSECUTIVE_NO_NEW
MST,most.gov.vn,DQ-EVID-03,evidence,"(""AI"" OR ""trí tuệ nhân tạo"") AND (""đánh giá tác động"" OR kết quả) AND (y tế OR bệnh viện)",INTERNAL_PORTAL,1,2026-08-01T04:45:34.130676+00:00,https://most.gov.vn/search?q=%28%22AI%22%20OR%20%22tr%C3%AD%20tu%E1%BB%87%20nh%C3%A2n%20t%E1%BA%A1o%22%29%20AND%20%28%22%C4%91%C3%A1nh%20gi%C3%A1%20t%C3%A1c%20%C4%91%E1%BB%99ng%22%20OR%20k%E1%BA%BFt%20qu%E1%BA%A3%29%20AND%20%28y%20t%E1%BA%BF%20OR%20b%E1%BB%87nh%20vi%E1%BB%87n%29&page=1,,URLError: <urlopen error _ssl.c:999: The handshake operation timed out>,0,direct-MST-DQ-EVID-03-p01.body,e3b0c44298fc1c149afbf4c8996fb92427ae41e4649b934ca495991b7852b855,direct-MST-DQ-EVID-03-p01.headers.json,44136fa355b3678a1146ad16f7e8649e94fb4fc21fe77e8310c060f61caaff8a,[],0,0,CONTINUE
MST,most.gov.vn,DQ-EVID-03,evidence,"(""AI"" OR ""trí tuệ nhân tạo"") AND (""đánh giá tác động"" OR kết quả) AND (y tế OR bệnh viện)",INTERNAL_PORTAL,2,2026-08-01T04:45:46.357956+00:00,https://most.gov.vn/search?q=%28%22AI%22%20OR%20%22tr%C3%AD%20tu%E1%BB%87%20nh%C3%A2n%20t%E1%BA%A1o%22%29%20AND%20%28%22%C4%91%C3%A1nh%20gi%C3%A1%20t%C3%A1c%20%C4%91%E1%BB%99ng%22%20OR%20k%E1%BA%BFt%20qu%E1%BA%A3%29%20AND%20%28y%20t%E1%BA%BF%20OR%20b%E1%BB%87nh%20vi%E1%BB%87n%29&page=2,,URLError: <urlopen error _ssl.c:999: The handshake operation timed out>,0,direct-MST-DQ-EVID-03-p02.body,e3b0c44298fc1c149afbf4c8996fb92427ae41e4649b934ca495991b7852b855,direct-MST-DQ-EVID-03-p02.headers.json,44136fa355b3678a1146ad16f7e8649e94fb4fc21fe77e8310c060f61caaff8a,[],0,0,TWO_CONSECUTIVE_NO_NEW
MST,most.gov.vn,DQ-EVID-04,evidence,"(""AI ethics"" OR ""AI governance"") AND (audit OR inspection OR monitoring OR incident OR complaint OR redress OR ""impact assessment"" OR outcome OR result) AND (Vietnam OR ""Viet Nam"") AND (health OR hospital)",INTERNAL_PORTAL,1,2026-08-01T04:45:48.028729+00:00,https://most.gov.vn/search?q=%28%22AI%20ethics%22%20OR%20%22AI%20governance%22%29%20AND%20%28audit%20OR%20inspection%20OR%20monitoring%20OR%20incident%20OR%20complaint%20OR%20redress%20OR%20%22impact%20assessment%22%20OR%20outcome%20OR%20result%29%20AND%20%28Vietnam%20OR%20%22Viet%20Nam%22%29%20AND%20%28health%20OR%20hospital%29&page=1,,URLError: <urlopen error _ssl.c:999: The handshake operation timed out>,0,direct-MST-DQ-EVID-04-p01.body,e3b0c44298fc1c149afbf4c8996fb92427ae41e4649b934ca495991b7852b855,direct-MST-DQ-EVID-04-p01.headers.json,44136fa355b3678a1146ad16f7e8649e94fb4fc21fe77e8310c060f61caaff8a,[],0,0,CONTINUE
MST,most.gov.vn,DQ-EVID-04,evidence,"(""AI ethics"" OR ""AI governance"") AND (audit OR inspection OR monitoring OR incident OR complaint OR redress OR ""impact assessment"" OR outcome OR result) AND (Vietnam OR ""Viet Nam"") AND (health OR hospital)",INTERNAL_PORTAL,2,2026-08-01T04:46:00.258487+00:00,https://most.gov.vn/search?q=%28%22AI%20ethics%22%20OR%20%22AI%20governance%22%29%20AND%20%28audit%20OR%20inspection%20OR%20monitoring%20OR%20incident%20OR%20complaint%20OR%20redress%20OR%20%22impact%20assessment%22%20OR%20outcome%20OR%20result%29%20AND%20%28Vietnam%20OR%20%22Viet%20Nam%22%29%20AND%20%28health%20OR%20hospital%29&page=2,,URLError: <urlopen error _ssl.c:999: The handshake operation timed out>,0,direct-MST-DQ-EVID-04-p02.body,e3b0c44298fc1c149afbf4c8996fb92427ae41e4649b934ca495991b7852b855,direct-MST-DQ-EVID-04-p02.headers.json,44136fa355b3678a1146ad16f7e8649e94fb4fc21fe77e8310c060f61caaff8a,[],0,0,TWO_CONSECUTIVE_NO_NEW
MST,most.gov.vn,DQ-EVID-05,evidence,"(""artificial intelligence"" OR AI) AND (""post-implementation monitoring"" OR ""post-market surveillance"" OR ""incident reporting"" OR ""quality management"" OR ""effectiveness evaluation"" OR audit) AND (Vietnam OR ""Viet Nam"") AND (health OR hospital OR ""provincial health department"")",INTERNAL_PORTAL,1,2026-08-01T04:45:48.538368+00:00,https://most.gov.vn/search?q=%28%22artificial%20intelligence%22%20OR%20AI%29%20AND%20%28%22post-implementation%20monitoring%22%20OR%20%22post-market%20surveillance%22%20OR%20%22incident%20reporting%22%20OR%20%22quality%20management%22%20OR%20%22effectiveness%20evaluation%22%20OR%20audit%29%20AND%20%28Vietnam%20OR%20%22Viet%20Nam%22%29%20AND%20%28health%20OR%20hospital%20OR%20%22provincial%20health%20department%22%29&page=1,,URLError: <urlopen error _ssl.c:999: The handshake operation timed out>,0,direct-MST-DQ-EVID-05-p01.body,e3b0c44298fc1c149afbf4c8996fb92427ae41e4649b934ca495991b7852b855,direct-MST-DQ-EVID-05-p01.headers.json,44136fa355b3678a1146ad16f7e8649e94fb4fc21fe77e8310c060f61caaff8a,[],0,0,CONTINUE
MST,most.gov.vn,DQ-EVID-05,evidence,"(""artificial intelligence"" OR AI) AND (""post-implementation monitoring"" OR ""post-market surveillance"" OR ""incident reporting"" OR ""quality management"" OR ""effectiveness evaluation"" OR audit) AND (Vietnam OR ""Viet Nam"") AND (health OR hospital OR ""provincial health department"")",INTERNAL_PORTAL,2,2026-08-01T04:46:00.752504+00:00,https://most.gov.vn/search?q=%28%22artificial%20intelligence%22%20OR%20AI%29%20AND%20%28%22post-implementation%20monitoring%22%20OR%20%22post-market%20surveillance%22%20OR%20%22incident%20reporting%22%20OR%20%22quality%20management%22%20OR%20%22effectiveness%20evaluation%22%20OR%20audit%29%20AND%20%28Vietnam%20OR%20%22Viet%20Nam%22%29%20AND%20%28health%20OR%20hospital%20OR%20%22provincial%20health%20department%22%29&page=2,,URLError: <urlopen error _ssl.c:999: The handshake operation timed out>,0,direct-MST-DQ-EVID-05-p02.body,e3b0c44298fc1c149afbf4c8996fb92427ae41e4649b934ca495991b7852b855,direct-MST-DQ-EVID-05-p02.headers.json,44136fa355b3678a1146ad16f7e8649e94fb4fc21fe77e8310c060f61caaff8a,[],0,0,TWO_CONSECUTIVE_NO_NEW
MST,most.gov.vn,DQ-IMPL-01,implementation,"(""đạo đức AI"" OR ""AI có trách nhiệm"" OR ""quản trị AI"") AND (kế hoạch OR triển khai OR áp dụng OR thí điểm)",INTERNAL_PORTAL,1,2026-08-01T04:45:23.563177+00:00,https://most.gov.vn/search?q=%28%22%C4%91%E1%BA%A1o%20%C4%91%E1%BB%A9c%20AI%22%20OR%20%22AI%20c%C3%B3%20tr%C3%A1ch%20nhi%E1%BB%87m%22%20OR%20%22qu%E1%BA%A3n%20tr%E1%BB%8B%20AI%22%29%20AND%20%28k%E1%BA%BF%20ho%E1%BA%A1ch%20OR%20tri%E1%BB%83n%20khai%20OR%20%C3%A1p%20d%E1%BB%A5ng%20OR%20th%C3%AD%20%C4%91i%E1%BB%83m%29&page=1,,URLError: <urlopen error _ssl.c:999: The handshake operation timed out>,0,direct-MST-DQ-IMPL-01-p01.body,e3b0c44298fc1c149afbf4c8996fb92427ae41e4649b934ca495991b7852b855,direct-MST-DQ-IMPL-01-p01.headers.json,44136fa355b3678a1146ad16f7e8649e94fb4fc21fe77e8310c060f61caaff8a,[],0,0,CONTINUE
MST,most.gov.vn,DQ-IMPL-01,implementation,"(""đạo đức AI"" OR ""AI có trách nhiệm"" OR ""quản trị AI"") AND (kế hoạch OR triển khai OR áp dụng OR thí điểm)",INTERNAL_PORTAL,2,2026-08-01T04:45:35.802828+00:00,https://most.gov.vn/search?q=%28%22%C4%91%E1%BA%A1o%20%C4%91%E1%BB%A9c%20AI%22%20OR%20%22AI%20c%C3%B3%20tr%C3%A1ch%20nhi%E1%BB%87m%22%20OR%20%22qu%E1%BA%A3n%20tr%E1%BB%8B%20AI%22%29%20AND%20%28k%E1%BA%BF%20ho%E1%BA%A1ch%20OR%20tri%E1%BB%83n%20khai%20OR%20%C3%A1p%20d%E1%BB%A5ng%20OR%20th%C3%AD%20%C4%91i%E1%BB%83m%29&page=2,,URLError: <urlopen error _ssl.c:999: The handshake operation timed out>,0,direct-MST-DQ-IMPL-01-p02.body,e3b0c44298fc1c149afbf4c8996fb92427ae41e4649b934ca495991b7852b855,direct-MST-DQ-IMPL-01-p02.headers.json,44136fa355b3678a1146ad16f7e8649e94fb4fc21fe77e8310c060f61caaff8a,[],0,0,TWO_CONSECUTIVE_NO_NEW
MST,most.gov.vn,DQ-IMPL-02,implementation,"(""đạo đức AI"" OR ""AI có trách nhiệm"" OR ""quản trị AI"") AND (""Bộ Y tế"" OR bệnh viện OR ""cơ sở khám bệnh, chữa bệnh"")",INTERNAL_PORTAL,1,2026-08-01T04:45:24.062906+00:00,https://most.gov.vn/search?q=%28%22%C4%91%E1%BA%A1o%20%C4%91%E1%BB%A9c%20AI%22%20OR%20%22AI%20c%C3%B3%20tr%C3%A1ch%20nhi%E1%BB%87m%22%20OR%20%22qu%E1%BA%A3n%20tr%E1%BB%8B%20AI%22%29%20AND%20%28%22B%E1%BB%99%20Y%20t%E1%BA%BF%22%20OR%20b%E1%BB%87nh%20vi%E1%BB%87n%20OR%20%22c%C6%A1%20s%E1%BB%9F%20kh%C3%A1m%20b%E1%BB%87nh%2C%20ch%E1%BB%AFa%20b%E1%BB%87nh%22%29&page=1,,URLError: <urlopen error _ssl.c:999: The handshake operation timed out>,0,direct-MST-DQ-IMPL-02-p01.body,e3b0c44298fc1c149afbf4c8996fb92427ae41e4649b934ca495991b7852b855,direct-MST-DQ-IMPL-02-p01.headers.json,44136fa355b3678a1146ad16f7e8649e94fb4fc21fe77e8310c060f61caaff8a,[],0,0,CONTINUE
MST,most.gov.vn,DQ-IMPL-02,implementation,"(""đạo đức AI"" OR ""AI có trách nhiệm"" OR ""quản trị AI"") AND (""Bộ Y tế"" OR bệnh viện OR ""cơ sở khám bệnh, chữa bệnh"")",INTERNAL_PORTAL,2,2026-08-01T04:45:36.319029+00:00,https://most.gov.vn/search?q=%28%22%C4%91%E1%BA%A1o%20%C4%91%E1%BB%A9c%20AI%22%20OR%20%22AI%20c%C3%B3%20tr%C3%A1ch%20nhi%E1%BB%87m%22%20OR%20%22qu%E1%BA%A3n%20tr%E1%BB%8B%20AI%22%29%20AND%20%28%22B%E1%BB%99%20Y%20t%E1%BA%BF%22%20OR%20b%E1%BB%87nh%20vi%E1%BB%87n%20OR%20%22c%C6%A1%20s%E1%BB%9F%20kh%C3%A1m%20b%E1%BB%87nh%2C%20ch%E1%BB%AFa%20b%E1%BB%87nh%22%29&page=2,,URLError: <urlopen error _ssl.c:999: The handshake operation timed out>,0,direct-MST-DQ-IMPL-02-p02.body,e3b0c44298fc1c149afbf4c8996fb92427ae41e4649b934ca495991b7852b855,direct-MST-DQ-IMPL-02-p02.headers.json,44136fa355b3678a1146ad16f7e8649e94fb4fc21fe77e8310c060f61caaff8a,[],0,0,TWO_CONSECUTIVE_NO_NEW
MST,most.gov.vn,DQ-IMPL-03,implementation,"(""responsible AI"" OR ""AI governance"" OR ""AI ethics"") AND (implementation OR adoption OR uptake OR plan OR pilot) AND (Vietnam OR ""Viet Nam"") AND (health OR hospital OR clinical)",INTERNAL_PORTAL,1,2026-08-01T04:45:27.169121+00:00,https://most.gov.vn/search?q=%28%22responsible%20AI%22%20OR%20%22AI%20governance%22%20OR%20%22AI%20ethics%22%29%20AND%20%28implementation%20OR%20adoption%20OR%20uptake%20OR%20plan%20OR%20pilot%29%20AND%20%28Vietnam%20OR%20%22Viet%20Nam%22%29%20AND%20%28health%20OR%20hospital%20OR%20clinical%29&page=1,,URLError: <urlopen error _ssl.c:999: The handshake operation timed out>,0,direct-MST-DQ-IMPL-03-p01.body,e3b0c44298fc1c149afbf4c8996fb92427ae41e4649b934ca495991b7852b855,direct-MST-DQ-IMPL-03-p01.headers.json,44136fa355b3678a1146ad16f7e8649e94fb4fc21fe77e8310c060f61caaff8a,[],0,0,CONTINUE
MST,most.gov.vn,DQ-IMPL-03,implementation,"(""responsible AI"" OR ""AI governance"" OR ""AI ethics"") AND (implementation OR adoption OR uptake OR plan OR pilot) AND (Vietnam OR ""Viet Nam"") AND (health OR hospital OR clinical)",INTERNAL_PORTAL,2,2026-08-01T04:45:39.418544+00:00,https://most.gov.vn/search?q=%28%22responsible%20AI%22%20OR%20%22AI%20governance%22%20OR%20%22AI%20ethics%22%29%20AND%20%28implementation%20OR%20adoption%20OR%20uptake%20OR%20plan%20OR%20pilot%29%20AND%20%28Vietnam%20OR%20%22Viet%20Nam%22%29%20AND%20%28health%20OR%20hospital%20OR%20clinical%29&page=2,,URLError: <urlopen error _ssl.c:999: The handshake operation timed out>,0,direct-MST-DQ-IMPL-03-p02.body,e3b0c44298fc1c149afbf4c8996fb92427ae41e4649b934ca495991b7852b855,direct-MST-DQ-IMPL-03-p02.headers.json,44136fa355b3678a1146ad16f7e8649e94fb4fc21fe77e8310c060f61caaff8a,[],0,0,TWO_CONSECUTIVE_NO_NEW
MST,most.gov.vn,DQ-IMPL-04,implementation,"(""trí tuệ nhân tạo"" OR AI) AND (""theo dõi sau triển khai"" OR hậu kiểm OR ""giám sát sau triển khai"" OR ""đánh giá hiệu quả"") AND (y tế OR bệnh viện OR ""Sở Y tế"")",INTERNAL_PORTAL,1,2026-08-01T04:45:28.774826+00:00,https://most.gov.vn/search?q=%28%22tr%C3%AD%20tu%E1%BB%87%20nh%C3%A2n%20t%E1%BA%A1o%22%20OR%20AI%29%20AND%20%28%22theo%20d%C3%B5i%20sau%20tri%E1%BB%83n%20khai%22%20OR%20h%E1%BA%ADu%20ki%E1%BB%83m%20OR%20%22gi%C3%A1m%20s%C3%A1t%20sau%20tri%E1%BB%83n%20khai%22%20OR%20%22%C4%91%C3%A1nh%20gi%C3%A1%20hi%E1%BB%87u%20qu%E1%BA%A3%22%29%20AND%20%28y%20t%E1%BA%BF%20OR%20b%E1%BB%87nh%20vi%E1%BB%87n%20OR%20%22S%E1%BB%9F%20Y%20t%E1%BA%BF%22%29&page=1,,URLError: <urlopen error _ssl.c:999: The handshake operation timed out>,0,direct-MST-DQ-IMPL-04-p01.body,e3b0c44298fc1c149afbf4c8996fb92427ae41e4649b934ca495991b7852b855,direct-MST-DQ-IMPL-04-p01.headers.json,44136fa355b3678a1146ad16f7e8649e94fb4fc21fe77e8310c060f61caaff8a,[],0,0,CONTINUE
MST,most.gov.vn,DQ-IMPL-04,implementation,"(""trí tuệ nhân tạo"" OR AI) AND (""theo dõi sau triển khai"" OR hậu kiểm OR ""giám sát sau triển khai"" OR ""đánh giá hiệu quả"") AND (y tế OR bệnh viện OR ""Sở Y tế"")",INTERNAL_PORTAL,2,2026-08-01T04:45:41.018761+00:00,https://most.gov.vn/search?q=%28%22tr%C3%AD%20tu%E1%BB%87%20nh%C3%A2n%20t%E1%BA%A1o%22%20OR%20AI%29%20AND%20%28%22theo%20d%C3%B5i%20sau%20tri%E1%BB%83n%20khai%22%20OR%20h%E1%BA%ADu%20ki%E1%BB%83m%20OR%20%22gi%C3%A1m%20s%C3%A1t%20sau%20tri%E1%BB%83n%20khai%22%20OR%20%22%C4%91%C3%A1nh%20gi%C3%A1%20hi%E1%BB%87u%20qu%E1%BA%A3%22%29%20AND%20%28y%20t%E1%BA%BF%20OR%20b%E1%BB%87nh%20vi%E1%BB%87n%20OR%20%22S%E1%BB%9F%20Y%20t%E1%BA%BF%22%29&page=2,,URLError: <urlopen error _ssl.c:999: The handshake operation timed out>,0,direct-MST-DQ-IMPL-04-p02.body,e3b0c44298fc1c149afbf4c8996fb92427ae41e4649b934ca495991b7852b855,direct-MST-DQ-IMPL-04-p02.headers.json,44136fa355b3678a1146ad16f7e8649e94fb4fc21fe77e8310c060f61caaff8a,[],0,0,TWO_CONSECUTIVE_NO_NEW
MST,most.gov.vn,DQ-IMPL-05,implementation,"(""trí tuệ nhân tạo"" OR AI) AND (""báo cáo sự cố"" OR ""quản lý chất lượng"" OR kiểm toán OR thanh tra) AND (y tế OR bệnh viện OR ""Sở Y tế"")",INTERNAL_PORTAL,1,2026-08-01T04:45:33.184124+00:00,https://most.gov.vn/search?q=%28%22tr%C3%AD%20tu%E1%BB%87%20nh%C3%A2n%20t%E1%BA%A1o%22%20OR%20AI%29%20AND%20%28%22b%C3%A1o%20c%C3%A1o%20s%E1%BB%B1%20c%E1%BB%91%22%20OR%20%22qu%E1%BA%A3n%20l%C3%BD%20ch%E1%BA%A5t%20l%C6%B0%E1%BB%A3ng%22%20OR%20ki%E1%BB%83m%20to%C3%A1n%20OR%20thanh%20tra%29%20AND%20%28y%20t%E1%BA%BF%20OR%20b%E1%BB%87nh%20vi%E1%BB%87n%20OR%20%22S%E1%BB%9F%20Y%20t%E1%BA%BF%22%29&page=1,,URLError: <urlopen error _ssl.c:999: The handshake operation timed out>,0,direct-MST-DQ-IMPL-05-p01.body,e3b0c44298fc1c149afbf4c8996fb92427ae41e4649b934ca495991b7852b855,direct-MST-DQ-IMPL-05-p01.headers.json,44136fa355b3678a1146ad16f7e8649e94fb4fc21fe77e8310c060f61caaff8a,[],0,0,CONTINUE
MST,most.gov.vn,DQ-IMPL-05,implementation,"(""trí tuệ nhân tạo"" OR AI) AND (""báo cáo sự cố"" OR ""quản lý chất lượng"" OR kiểm toán OR thanh tra) AND (y tế OR bệnh viện OR ""Sở Y tế"")",INTERNAL_PORTAL,2,2026-08-01T04:45:45.458665+00:00,https://most.gov.vn/search?q=%28%22tr%C3%AD%20tu%E1%BB%87%20nh%C3%A2n%20t%E1%BA%A1o%22%20OR%20AI%29%20AND%20%28%22b%C3%A1o%20c%C3%A1o%20s%E1%BB%B1%20c%E1%BB%91%22%20OR%20%22qu%E1%BA%A3n%20l%C3%BD%20ch%E1%BA%A5t%20l%C6%B0%E1%BB%A3ng%22%20OR%20ki%E1%BB%83m%20to%C3%A1n%20OR%20thanh%20tra%29%20AND%20%28y%20t%E1%BA%BF%20OR%20b%E1%BB%87nh%20vi%E1%BB%87n%20OR%20%22S%E1%BB%9F%20Y%20t%E1%BA%BF%22%29&page=2,,URLError: <urlopen error _ssl.c:999: The handshake operation timed out>,0,direct-MST-DQ-IMPL-05-p02.body,e3b0c44298fc1c149afbf4c8996fb92427ae41e4649b934ca495991b7852b855,direct-MST-DQ-IMPL-05-p02.headers.json,44136fa355b3678a1146ad16f7e8649e94fb4fc21fe77e8310c060f61caaff8a,[],0,0,TWO_CONSECUTIVE_NO_NEW
MST,most.gov.vn,DQ-TOOL-01,implementation_tool,"(""đánh giá tuân thủ"" OR ""tự đánh giá"") AND (""đạo đức AI"" OR ""AI có trách nhiệm"")",INTERNAL_PORTAL,1,2026-08-01T04:45:27.789076+00:00,https://most.gov.vn/search?q=%28%22%C4%91%C3%A1nh%20gi%C3%A1%20tu%C3%A2n%20th%E1%BB%A7%22%20OR%20%22t%E1%BB%B1%20%C4%91%C3%A1nh%20gi%C3%A1%22%29%20AND%20%28%22%C4%91%E1%BA%A1o%20%C4%91%E1%BB%A9c%20AI%22%20OR%20%22AI%20c%C3%B3%20tr%C3%A1ch%20nhi%E1%BB%87m%22%29&page=1,,URLError: <urlopen error _ssl.c:999: The handshake operation timed out>,0,direct-MST-DQ-TOOL-01-p01.body,e3b0c44298fc1c149afbf4c8996fb92427ae41e4649b934ca495991b7852b855,direct-MST-DQ-TOOL-01-p01.headers.json,44136fa355b3678a1146ad16f7e8649e94fb4fc21fe77e8310c060f61caaff8a,[],0,0,CONTINUE
MST,most.gov.vn,DQ-TOOL-01,implementation_tool,"(""đánh giá tuân thủ"" OR ""tự đánh giá"") AND (""đạo đức AI"" OR ""AI có trách nhiệm"")",INTERNAL_PORTAL,2,2026-08-01T04:45:40.025563+00:00,https://most.gov.vn/search?q=%28%22%C4%91%C3%A1nh%20gi%C3%A1%20tu%C3%A2n%20th%E1%BB%A7%22%20OR%20%22t%E1%BB%B1%20%C4%91%C3%A1nh%20gi%C3%A1%22%29%20AND%20%28%22%C4%91%E1%BA%A1o%20%C4%91%E1%BB%A9c%20AI%22%20OR%20%22AI%20c%C3%B3%20tr%C3%A1ch%20nhi%E1%BB%87m%22%29&page=2,,URLError: <urlopen error _ssl.c:999: The handshake operation timed out>,0,direct-MST-DQ-TOOL-01-p02.body,e3b0c44298fc1c149afbf4c8996fb92427ae41e4649b934ca495991b7852b855,direct-MST-DQ-TOOL-01-p02.headers.json,44136fa355b3678a1146ad16f7e8649e94fb4fc21fe77e8310c060f61caaff8a,[],0,0,TWO_CONSECUTIVE_NO_NEW
MST,most.gov.vn,DQ-TOOL-02,implementation_tool,"(nền tảng OR công cụ) AND (""đánh giá tuân thủ"" OR ""đánh giá tác động"") AND (""AI"" OR ""trí tuệ nhân tạo"")",INTERNAL_PORTAL,1,2026-08-01T04:45:28.268622+00:00,https://most.gov.vn/search?q=%28n%E1%BB%81n%20t%E1%BA%A3ng%20OR%20c%C3%B4ng%20c%E1%BB%A5%29%20AND%20%28%22%C4%91%C3%A1nh%20gi%C3%A1%20tu%C3%A2n%20th%E1%BB%A7%22%20OR%20%22%C4%91%C3%A1nh%20gi%C3%A1%20t%C3%A1c%20%C4%91%E1%BB%99ng%22%29%20AND%20%28%22AI%22%20OR%20%22tr%C3%AD%20tu%E1%BB%87%20nh%C3%A2n%20t%E1%BA%A1o%22%29&page=1,,URLError: <urlopen error _ssl.c:999: The handshake operation timed out>,0,direct-MST-DQ-TOOL-02-p01.body,e3b0c44298fc1c149afbf4c8996fb92427ae41e4649b934ca495991b7852b855,direct-MST-DQ-TOOL-02-p01.headers.json,44136fa355b3678a1146ad16f7e8649e94fb4fc21fe77e8310c060f61caaff8a,[],0,0,CONTINUE
MST,most.gov.vn,DQ-TOOL-02,implementation_tool,"(nền tảng OR công cụ) AND (""đánh giá tuân thủ"" OR ""đánh giá tác động"") AND (""AI"" OR ""trí tuệ nhân tạo"")",INTERNAL_PORTAL,2,2026-08-01T04:45:40.510306+00:00,https://most.gov.vn/search?q=%28n%E1%BB%81n%20t%E1%BA%A3ng%20OR%20c%C3%B4ng%20c%E1%BB%A5%29%20AND%20%28%22%C4%91%C3%A1nh%20gi%C3%A1%20tu%C3%A2n%20th%E1%BB%A7%22%20OR%20%22%C4%91%C3%A1nh%20gi%C3%A1%20t%C3%A1c%20%C4%91%E1%BB%99ng%22%29%20AND%20%28%22AI%22%20OR%20%22tr%C3%AD%20tu%E1%BB%87%20nh%C3%A2n%20t%E1%BA%A1o%22%29&page=2,,URLError: <urlopen error _ssl.c:999: The handshake operation timed out>,0,direct-MST-DQ-TOOL-02-p02.body,e3b0c44298fc1c149afbf4c8996fb92427ae41e4649b934ca495991b7852b855,direct-MST-DQ-TOOL-02-p02.headers.json,44136fa355b3678a1146ad16f7e8649e94fb4fc21fe77e8310c060f61caaff8a,[],0,0,TWO_CONSECUTIVE_NO_NEW
UNESCO-RAM,www.unesco.org,DQ-EVID-01,evidence,"(""đạo đức AI"" OR ""quản trị AI"") AND (kiểm toán OR thanh tra OR giám sát)",INTERNAL_PORTAL,1,2026-08-01T04:45:58.619652+00:00,https://www.unesco.org/ethics-ai/en/search?category=Global%20AI%20Ethics%20and%20Governance%20Observatory&query=%28%22%C4%91%E1%BA%A1o%20%C4%91%E1%BB%A9c%20AI%22%20OR%20%22qu%E1%BA%A3n%20tr%E1%BB%8B%20AI%22%29%20AND%20%28ki%E1%BB%83m%20to%C3%A1n%20OR%20thanh%20tra%20OR%20gi%C3%A1m%20s%C3%A1t%29&page=1,,URLError: <urlopen error _ssl.c:999: The handshake operation timed out>,0,direct-UNESCO-RAM-DQ-EVID-01-p01.body,e3b0c44298fc1c149afbf4c8996fb92427ae41e4649b934ca495991b7852b855,direct-UNESCO-RAM-DQ-EVID-01-p01.headers.json,44136fa355b3678a1146ad16f7e8649e94fb4fc21fe77e8310c060f61caaff8a,[],0,0,CONTINUE
UNESCO-RAM,www.unesco.org,DQ-EVID-01,evidence,"(""đạo đức AI"" OR ""quản trị AI"") AND (kiểm toán OR thanh tra OR giám sát)",INTERNAL_PORTAL,2,2026-08-01T04:46:11.008321+00:00,https://www.unesco.org/ethics-ai/en/search?category=Global%20AI%20Ethics%20and%20Governance%20Observatory&query=%28%22%C4%91%E1%BA%A1o%20%C4%91%E1%BB%A9c%20AI%22%20OR%20%22qu%E1%BA%A3n%20tr%E1%BB%8B%20AI%22%29%20AND%20%28ki%E1%BB%83m%20to%C3%A1n%20OR%20thanh%20tra%20OR%20gi%C3%A1m%20s%C3%A1t%29&page=2,,URLError: <urlopen error _ssl.c:999: The handshake operation timed out>,0,direct-UNESCO-RAM-DQ-EVID-01-p02.body,e3b0c44298fc1c149afbf4c8996fb92427ae41e4649b934ca495991b7852b855,direct-UNESCO-RAM-DQ-EVID-01-p02.headers.json,44136fa355b3678a1146ad16f7e8649e94fb4fc21fe77e8310c060f61caaff8a,[],0,0,TWO_CONSECUTIVE_NO_NEW
UNESCO-RAM,www.unesco.org,DQ-EVID-02,evidence,"(""AI"" OR ""trí tuệ nhân tạo"") AND (sự cố OR khiếu nại OR khắc phục) AND (y tế OR bệnh viện)",INTERNAL_PORTAL,1,2026-08-01T04:46:12.651501+00:00,https://www.unesco.org/ethics-ai/en/search?category=Global%20AI%20Ethics%20and%20Governance%20Observatory&query=%28%22AI%22%20OR%20%22tr%C3%AD%20tu%E1%BB%87%20nh%C3%A2n%20t%E1%BA%A1o%22%29%20AND%20%28s%E1%BB%B1%20c%E1%BB%91%20OR%20khi%E1%BA%BFu%20n%E1%BA%A1i%20OR%20kh%E1%BA%AFc%20ph%E1%BB%A5c%29%20AND%20%28y%20t%E1%BA%BF%20OR%20b%E1%BB%87nh%20vi%E1%BB%87n%29&page=1,,URLError: <urlopen error _ssl.c:999: The handshake operation timed out>,0,direct-UNESCO-RAM-DQ-EVID-02-p01.body,e3b0c44298fc1c149afbf4c8996fb92427ae41e4649b934ca495991b7852b855,direct-UNESCO-RAM-DQ-EVID-02-p01.headers.json,44136fa355b3678a1146ad16f7e8649e94fb4fc21fe77e8310c060f61caaff8a,[],0,0,CONTINUE
UNESCO-RAM,www.unesco.org,DQ-EVID-02,evidence,"(""AI"" OR ""trí tuệ nhân tạo"") AND (sự cố OR khiếu nại OR khắc phục) AND (y tế OR bệnh viện)",INTERNAL_PORTAL,2,2026-08-01T04:46:24.902677+00:00,https://www.unesco.org/ethics-ai/en/search?category=Global%20AI%20Ethics%20and%20Governance%20Observatory&query=%28%22AI%22%20OR%20%22tr%C3%AD%20tu%E1%BB%87%20nh%C3%A2n%20t%E1%BA%A1o%22%29%20AND%20%28s%E1%BB%B1%20c%E1%BB%91%20OR%20khi%E1%BA%BFu%20n%E1%BA%A1i%20OR%20kh%E1%BA%AFc%20ph%E1%BB%A5c%29%20AND%20%28y%20t%E1%BA%BF%20OR%20b%E1%BB%87nh%20vi%E1%BB%87n%29&page=2,,URLError: <urlopen error _ssl.c:999: The handshake operation timed out>,0,direct-UNESCO-RAM-DQ-EVID-02-p02.body,e3b0c44298fc1c149afbf4c8996fb92427ae41e4649b934ca495991b7852b855,direct-UNESCO-RAM-DQ-EVID-02-p02.headers.json,44136fa355b3678a1146ad16f7e8649e94fb4fc21fe77e8310c060f61caaff8a,[],0,0,TWO_CONSECUTIVE_NO_NEW
UNESCO-RAM,www.unesco.org,DQ-EVID-03,evidence,"(""AI"" OR ""trí tuệ nhân tạo"") AND (""đánh giá tác động"" OR kết quả) AND (y tế OR bệnh viện)",INTERNAL_PORTAL,1,2026-08-01T04:46:13.124132+00:00,https://www.unesco.org/ethics-ai/en/search?category=Global%20AI%20Ethics%20and%20Governance%20Observatory&query=%28%22AI%22%20OR%20%22tr%C3%AD%20tu%E1%BB%87%20nh%C3%A2n%20t%E1%BA%A1o%22%29%20AND%20%28%22%C4%91%C3%A1nh%20gi%C3%A1%20t%C3%A1c%20%C4%91%E1%BB%99ng%22%20OR%20k%E1%BA%BFt%20qu%E1%BA%A3%29%20AND%20%28y%20t%E1%BA%BF%20OR%20b%E1%BB%87nh%20vi%E1%BB%87n%29&page=1,,URLError: <urlopen error _ssl.c:999: The handshake operation timed out>,0,direct-UNESCO-RAM-DQ-EVID-03-p01.body,e3b0c44298fc1c149afbf4c8996fb92427ae41e4649b934ca495991b7852b855,direct-UNESCO-RAM-DQ-EVID-03-p01.headers.json,44136fa355b3678a1146ad16f7e8649e94fb4fc21fe77e8310c060f61caaff8a,[],0,0,CONTINUE
UNESCO-RAM,www.unesco.org,DQ-EVID-03,evidence,"(""AI"" OR ""trí tuệ nhân tạo"") AND (""đánh giá tác động"" OR kết quả) AND (y tế OR bệnh viện)",INTERNAL_PORTAL,2,2026-08-01T04:46:25.351032+00:00,https://www.unesco.org/ethics-ai/en/search?category=Global%20AI%20Ethics%20and%20Governance%20Observatory&query=%28%22AI%22%20OR%20%22tr%C3%AD%20tu%E1%BB%87%20nh%C3%A2n%20t%E1%BA%A1o%22%29%20AND%20%28%22%C4%91%C3%A1nh%20gi%C3%A1%20t%C3%A1c%20%C4%91%E1%BB%99ng%22%20OR%20k%E1%BA%BFt%20qu%E1%BA%A3%29%20AND%20%28y%20t%E1%BA%BF%20OR%20b%E1%BB%87nh%20vi%E1%BB%87n%29&page=2,,URLError: <urlopen error _ssl.c:999: The handshake operation timed out>,0,direct-UNESCO-RAM-DQ-EVID-03-p02.body,e3b0c44298fc1c149afbf4c8996fb92427ae41e4649b934ca495991b7852b855,direct-UNESCO-RAM-DQ-EVID-03-p02.headers.json,44136fa355b3678a1146ad16f7e8649e94fb4fc21fe77e8310c060f61caaff8a,[],0,0,TWO_CONSECUTIVE_NO_NEW
UNESCO-RAM,www.unesco.org,DQ-EVID-04,evidence,"(""AI ethics"" OR ""AI governance"") AND (audit OR inspection OR monitoring OR incident OR complaint OR redress OR ""impact assessment"" OR outcome OR result) AND (Vietnam OR ""Viet Nam"") AND (health OR hospital)",INTERNAL_PORTAL,1,2026-08-01T04:46:16.395870+00:00,https://www.unesco.org/ethics-ai/en/search?category=Global%20AI%20Ethics%20and%20Governance%20Observatory&query=%28%22AI%20ethics%22%20OR%20%22AI%20governance%22%29%20AND%20%28audit%20OR%20inspection%20OR%20monitoring%20OR%20incident%20OR%20complaint%20OR%20redress%20OR%20%22impact%20assessment%22%20OR%20outcome%20OR%20result%29%20AND%20%28Vietnam%20OR%20%22Viet%20Nam%22%29%20AND%20%28health%20OR%20hospital%29&page=1,,URLError: <urlopen error _ssl.c:999: The handshake operation timed out>,0,direct-UNESCO-RAM-DQ-EVID-04-p01.body,e3b0c44298fc1c149afbf4c8996fb92427ae41e4649b934ca495991b7852b855,direct-UNESCO-RAM-DQ-EVID-04-p01.headers.json,44136fa355b3678a1146ad16f7e8649e94fb4fc21fe77e8310c060f61caaff8a,[],0,0,CONTINUE
UNESCO-RAM,www.unesco.org,DQ-EVID-04,evidence,"(""AI ethics"" OR ""AI governance"") AND (audit OR inspection OR monitoring OR incident OR complaint OR redress OR ""impact assessment"" OR outcome OR result) AND (Vietnam OR ""Viet Nam"") AND (health OR hospital)",INTERNAL_PORTAL,2,2026-08-01T04:46:28.839969+00:00,https://www.unesco.org/ethics-ai/en/search?category=Global%20AI%20Ethics%20and%20Governance%20Observatory&query=%28%22AI%20ethics%22%20OR%20%22AI%20governance%22%29%20AND%20%28audit%20OR%20inspection%20OR%20monitoring%20OR%20incident%20OR%20complaint%20OR%20redress%20OR%20%22impact%20assessment%22%20OR%20outcome%20OR%20result%29%20AND%20%28Vietnam%20OR%20%22Viet%20Nam%22%29%20AND%20%28health%20OR%20hospital%29&page=2,,URLError: <urlopen error _ssl.c:999: The handshake operation timed out>,0,direct-UNESCO-RAM-DQ-EVID-04-p02.body,e3b0c44298fc1c149afbf4c8996fb92427ae41e4649b934ca495991b7852b855,direct-UNESCO-RAM-DQ-EVID-04-p02.headers.json,44136fa355b3678a1146ad16f7e8649e94fb4fc21fe77e8310c060f61caaff8a,[],0,0,TWO_CONSECUTIVE_NO_NEW
UNESCO-RAM,www.unesco.org,DQ-EVID-05,evidence,"(""artificial intelligence"" OR AI) AND (""post-implementation monitoring"" OR ""post-market surveillance"" OR ""incident reporting"" OR ""quality management"" OR ""effectiveness evaluation"" OR audit) AND (Vietnam OR ""Viet Nam"") AND (health OR hospital OR ""provincial health department"")",INTERNAL_PORTAL,1,2026-08-01T04:46:16.890936+00:00,https://www.unesco.org/ethics-ai/en/search?category=Global%20AI%20Ethics%20and%20Governance%20Observatory&query=%28%22artificial%20intelligence%22%20OR%20AI%29%20AND%20%28%22post-implementation%20monitoring%22%20OR%20%22post-market%20surveillance%22%20OR%20%22incident%20reporting%22%20OR%20%22quality%20management%22%20OR%20%22effectiveness%20evaluation%22%20OR%20audit%29%20AND%20%28Vietnam%20OR%20%22Viet%20Nam%22%29%20AND%20%28health%20OR%20hospital%20OR%20%22provincial%20health%20department%22%29&page=1,,URLError: <urlopen error _ssl.c:999: The handshake operation timed out>,0,direct-UNESCO-RAM-DQ-EVID-05-p01.body,e3b0c44298fc1c149afbf4c8996fb92427ae41e4649b934ca495991b7852b855,direct-UNESCO-RAM-DQ-EVID-05-p01.headers.json,44136fa355b3678a1146ad16f7e8649e94fb4fc21fe77e8310c060f61caaff8a,[],0,0,CONTINUE
UNESCO-RAM,www.unesco.org,DQ-EVID-05,evidence,"(""artificial intelligence"" OR AI) AND (""post-implementation monitoring"" OR ""post-market surveillance"" OR ""incident reporting"" OR ""quality management"" OR ""effectiveness evaluation"" OR audit) AND (Vietnam OR ""Viet Nam"") AND (health OR hospital OR ""provincial health department"")",INTERNAL_PORTAL,2,2026-08-01T04:46:29.117294+00:00,https://www.unesco.org/ethics-ai/en/search?category=Global%20AI%20Ethics%20and%20Governance%20Observatory&query=%28%22artificial%20intelligence%22%20OR%20AI%29%20AND%20%28%22post-implementation%20monitoring%22%20OR%20%22post-market%20surveillance%22%20OR%20%22incident%20reporting%22%20OR%20%22quality%20management%22%20OR%20%22effectiveness%20evaluation%22%20OR%20audit%29%20AND%20%28Vietnam%20OR%20%22Viet%20Nam%22%29%20AND%20%28health%20OR%20hospital%20OR%20%22provincial%20health%20department%22%29&page=2,,URLError: <urlopen error _ssl.c:999: The handshake operation timed out>,0,direct-UNESCO-RAM-DQ-EVID-05-p02.body,e3b0c44298fc1c149afbf4c8996fb92427ae41e4649b934ca495991b7852b855,direct-UNESCO-RAM-DQ-EVID-05-p02.headers.json,44136fa355b3678a1146ad16f7e8649e94fb4fc21fe77e8310c060f61caaff8a,[],0,0,TWO_CONSECUTIVE_NO_NEW
UNESCO-RAM,www.unesco.org,DQ-IMPL-01,implementation,"(""đạo đức AI"" OR ""AI có trách nhiệm"" OR ""quản trị AI"") AND (kế hoạch OR triển khai OR áp dụng OR thí điểm)",INTERNAL_PORTAL,1,2026-08-01T04:45:51.937032+00:00,https://www.unesco.org/ethics-ai/en/search?category=Global%20AI%20Ethics%20and%20Governance%20Observatory&query=%28%22%C4%91%E1%BA%A1o%20%C4%91%E1%BB%A9c%20AI%22%20OR%20%22AI%20c%C3%B3%20tr%C3%A1ch%20nhi%E1%BB%87m%22%20OR%20%22qu%E1%BA%A3n%20tr%E1%BB%8B%20AI%22%29%20AND%20%28k%E1%BA%BF%20ho%E1%BA%A1ch%20OR%20tri%E1%BB%83n%20khai%20OR%20%C3%A1p%20d%E1%BB%A5ng%20OR%20th%C3%AD%20%C4%91i%E1%BB%83m%29&page=1,,URLError: <urlopen error _ssl.c:999: The handshake operation timed out>,0,direct-UNESCO-RAM-DQ-IMPL-01-p01.body,e3b0c44298fc1c149afbf4c8996fb92427ae41e4649b934ca495991b7852b855,direct-UNESCO-RAM-DQ-IMPL-01-p01.headers.json,44136fa355b3678a1146ad16f7e8649e94fb4fc21fe77e8310c060f61caaff8a,[],0,0,CONTINUE
UNESCO-RAM,www.unesco.org,DQ-IMPL-01,implementation,"(""đạo đức AI"" OR ""AI có trách nhiệm"" OR ""quản trị AI"") AND (kế hoạch OR triển khai OR áp dụng OR thí điểm)",INTERNAL_PORTAL,2,2026-08-01T04:46:04.175935+00:00,https://www.unesco.org/ethics-ai/en/search?category=Global%20AI%20Ethics%20and%20Governance%20Observatory&query=%28%22%C4%91%E1%BA%A1o%20%C4%91%E1%BB%A9c%20AI%22%20OR%20%22AI%20c%C3%B3%20tr%C3%A1ch%20nhi%E1%BB%87m%22%20OR%20%22qu%E1%BA%A3n%20tr%E1%BB%8B%20AI%22%29%20AND%20%28k%E1%BA%BF%20ho%E1%BA%A1ch%20OR%20tri%E1%BB%83n%20khai%20OR%20%C3%A1p%20d%E1%BB%A5ng%20OR%20th%C3%AD%20%C4%91i%E1%BB%83m%29&page=2,,URLError: <urlopen error _ssl.c:999: The handshake operation timed out>,0,direct-UNESCO-RAM-DQ-IMPL-01-p02.body,e3b0c44298fc1c149afbf4c8996fb92427ae41e4649b934ca495991b7852b855,direct-UNESCO-RAM-DQ-IMPL-01-p02.headers.json,44136fa355b3678a1146ad16f7e8649e94fb4fc21fe77e8310c060f61caaff8a,[],0,0,TWO_CONSECUTIVE_NO_NEW
UNESCO-RAM,www.unesco.org,DQ-IMPL-02,implementation,"(""đạo đức AI"" OR ""AI có trách nhiệm"" OR ""quản trị AI"") AND (""Bộ Y tế"" OR bệnh viện OR ""cơ sở khám bệnh, chữa bệnh"")",INTERNAL_PORTAL,1,2026-08-01T04:45:52.275041+00:00,https://www.unesco.org/ethics-ai/en/search?category=Global%20AI%20Ethics%20and%20Governance%20Observatory&query=%28%22%C4%91%E1%BA%A1o%20%C4%91%E1%BB%A9c%20AI%22%20OR%20%22AI%20c%C3%B3%20tr%C3%A1ch%20nhi%E1%BB%87m%22%20OR%20%22qu%E1%BA%A3n%20tr%E1%BB%8B%20AI%22%29%20AND%20%28%22B%E1%BB%99%20Y%20t%E1%BA%BF%22%20OR%20b%E1%BB%87nh%20vi%E1%BB%87n%20OR%20%22c%C6%A1%20s%E1%BB%9F%20kh%C3%A1m%20b%E1%BB%87nh%2C%20ch%E1%BB%AFa%20b%E1%BB%87nh%22%29&page=1,,URLError: <urlopen error _ssl.c:999: The handshake operation timed out>,0,direct-UNESCO-RAM-DQ-IMPL-02-p01.body,e3b0c44298fc1c149afbf4c8996fb92427ae41e4649b934ca495991b7852b855,direct-UNESCO-RAM-DQ-IMPL-02-p01.headers.json,44136fa355b3678a1146ad16f7e8649e94fb4fc21fe77e8310c060f61caaff8a,[],0,0,CONTINUE
UNESCO-RAM,www.unesco.org,DQ-IMPL-02,implementation,"(""đạo đức AI"" OR ""AI có trách nhiệm"" OR ""quản trị AI"") AND (""Bộ Y tế"" OR bệnh viện OR ""cơ sở khám bệnh, chữa bệnh"")",INTERNAL_PORTAL,2,2026-08-01T04:46:04.528617+00:00,https://www.unesco.org/ethics-ai/en/search?category=Global%20AI%20Ethics%20and%20Governance%20Observatory&query=%28%22%C4%91%E1%BA%A1o%20%C4%91%E1%BB%A9c%20AI%22%20OR%20%22AI%20c%C3%B3%20tr%C3%A1ch%20nhi%E1%BB%87m%22%20OR%20%22qu%E1%BA%A3n%20tr%E1%BB%8B%20AI%22%29%20AND%20%28%22B%E1%BB%99%20Y%20t%E1%BA%BF%22%20OR%20b%E1%BB%87nh%20vi%E1%BB%87n%20OR%20%22c%C6%A1%20s%E1%BB%9F%20kh%C3%A1m%20b%E1%BB%87nh%2C%20ch%E1%BB%AFa%20b%E1%BB%87nh%22%29&page=2,,URLError: <urlopen error _ssl.c:999: The handshake operation timed out>,0,direct-UNESCO-RAM-DQ-IMPL-02-p02.body,e3b0c44298fc1c149afbf4c8996fb92427ae41e4649b934ca495991b7852b855,direct-UNESCO-RAM-DQ-IMPL-02-p02.headers.json,44136fa355b3678a1146ad16f7e8649e94fb4fc21fe77e8310c060f61caaff8a,[],0,0,TWO_CONSECUTIVE_NO_NEW
UNESCO-RAM,www.unesco.org,DQ-IMPL-03,implementation,"(""responsible AI"" OR ""AI governance"" OR ""AI ethics"") AND (implementation OR adoption OR uptake OR plan OR pilot) AND (Vietnam OR ""Viet Nam"") AND (health OR hospital OR clinical)",INTERNAL_PORTAL,1,2026-08-01T04:45:52.770982+00:00,https://www.unesco.org/ethics-ai/en/search?category=Global%20AI%20Ethics%20and%20Governance%20Observatory&query=%28%22responsible%20AI%22%20OR%20%22AI%20governance%22%20OR%20%22AI%20ethics%22%29%20AND%20%28implementation%20OR%20adoption%20OR%20uptake%20OR%20plan%20OR%20pilot%29%20AND%20%28Vietnam%20OR%20%22Viet%20Nam%22%29%20AND%20%28health%20OR%20hospital%20OR%20clinical%29&page=1,,URLError: <urlopen error _ssl.c:999: The handshake operation timed out>,0,direct-UNESCO-RAM-DQ-IMPL-03-p01.body,e3b0c44298fc1c149afbf4c8996fb92427ae41e4649b934ca495991b7852b855,direct-UNESCO-RAM-DQ-IMPL-03-p01.headers.json,44136fa355b3678a1146ad16f7e8649e94fb4fc21fe77e8310c060f61caaff8a,[],0,0,CONTINUE
UNESCO-RAM,www.unesco.org,DQ-IMPL-03,implementation,"(""responsible AI"" OR ""AI governance"" OR ""AI ethics"") AND (implementation OR adoption OR uptake OR plan OR pilot) AND (Vietnam OR ""Viet Nam"") AND (health OR hospital OR clinical)",INTERNAL_PORTAL,2,2026-08-01T04:46:04.996047+00:00,https://www.unesco.org/ethics-ai/en/search?category=Global%20AI%20Ethics%20and%20Governance%20Observatory&query=%28%22responsible%20AI%22%20OR%20%22AI%20governance%22%20OR%20%22AI%20ethics%22%29%20AND%20%28implementation%20OR%20adoption%20OR%20uptake%20OR%20plan%20OR%20pilot%29%20AND%20%28Vietnam%20OR%20%22Viet%20Nam%22%29%20AND%20%28health%20OR%20hospital%20OR%20clinical%29&page=2,,URLError: <urlopen error _ssl.c:999: The handshake operation timed out>,0,direct-UNESCO-RAM-DQ-IMPL-03-p02.body,e3b0c44298fc1c149afbf4c8996fb92427ae41e4649b934ca495991b7852b855,direct-UNESCO-RAM-DQ-IMPL-03-p02.headers.json,44136fa355b3678a1146ad16f7e8649e94fb4fc21fe77e8310c060f61caaff8a,[],0,0,TWO_CONSECUTIVE_NO_NEW
UNESCO-RAM,www.unesco.org,DQ-IMPL-04,implementation,"(""trí tuệ nhân tạo"" OR AI) AND (""theo dõi sau triển khai"" OR hậu kiểm OR ""giám sát sau triển khai"" OR ""đánh giá hiệu quả"") AND (y tế OR bệnh viện OR ""Sở Y tế"")",INTERNAL_PORTAL,1,2026-08-01T04:45:58.507082+00:00,https://www.unesco.org/ethics-ai/en/search?category=Global%20AI%20Ethics%20and%20Governance%20Observatory&query=%28%22tr%C3%AD%20tu%E1%BB%87%20nh%C3%A2n%20t%E1%BA%A1o%22%20OR%20AI%29%20AND%20%28%22theo%20d%C3%B5i%20sau%20tri%E1%BB%83n%20khai%22%20OR%20h%E1%BA%ADu%20ki%E1%BB%83m%20OR%20%22gi%C3%A1m%20s%C3%A1t%20sau%20tri%E1%BB%83n%20khai%22%20OR%20%22%C4%91%C3%A1nh%20gi%C3%A1%20hi%E1%BB%87u%20qu%E1%BA%A3%22%29%20AND%20%28y%20t%E1%BA%BF%20OR%20b%E1%BB%87nh%20vi%E1%BB%87n%20OR%20%22S%E1%BB%9F%20Y%20t%E1%BA%BF%22%29&page=1,,URLError: <urlopen error _ssl.c:999: The handshake operation timed out>,0,direct-UNESCO-RAM-DQ-IMPL-04-p01.body,e3b0c44298fc1c149afbf4c8996fb92427ae41e4649b934ca495991b7852b855,direct-UNESCO-RAM-DQ-IMPL-04-p01.headers.json,44136fa355b3678a1146ad16f7e8649e94fb4fc21fe77e8310c060f61caaff8a,[],0,0,CONTINUE
UNESCO-RAM,www.unesco.org,DQ-IMPL-04,implementation,"(""trí tuệ nhân tạo"" OR AI) AND (""theo dõi sau triển khai"" OR hậu kiểm OR ""giám sát sau triển khai"" OR ""đánh giá hiệu quả"") AND (y tế OR bệnh viện OR ""Sở Y tế"")",INTERNAL_PORTAL,2,2026-08-01T04:46:10.984086+00:00,https://www.unesco.org/ethics-ai/en/search?category=Global%20AI%20Ethics%20and%20Governance%20Observatory&query=%28%22tr%C3%AD%20tu%E1%BB%87%20nh%C3%A2n%20t%E1%BA%A1o%22%20OR%20AI%29%20AND%20%28%22theo%20d%C3%B5i%20sau%20tri%E1%BB%83n%20khai%22%20OR%20h%E1%BA%ADu%20ki%E1%BB%83m%20OR%20%22gi%C3%A1m%20s%C3%A1t%20sau%20tri%E1%BB%83n%20khai%22%20OR%20%22%C4%91%C3%A1nh%20gi%C3%A1%20hi%E1%BB%87u%20qu%E1%BA%A3%22%29%20AND%20%28y%20t%E1%BA%BF%20OR%20b%E1%BB%87nh%20vi%E1%BB%87n%20OR%20%22S%E1%BB%9F%20Y%20t%E1%BA%BF%22%29&page=2,,URLError: <urlopen error _ssl.c:999: The handshake operation timed out>,0,direct-UNESCO-RAM-DQ-IMPL-04-p02.body,e3b0c44298fc1c149afbf4c8996fb92427ae41e4649b934ca495991b7852b855,direct-UNESCO-RAM-DQ-IMPL-04-p02.headers.json,44136fa355b3678a1146ad16f7e8649e94fb4fc21fe77e8310c060f61caaff8a,[],0,0,TWO_CONSECUTIVE_NO_NEW
UNESCO-RAM,www.unesco.org,DQ-IMPL-05,implementation,"(""trí tuệ nhân tạo"" OR AI) AND (""báo cáo sự cố"" OR ""quản lý chất lượng"" OR kiểm toán OR thanh tra) AND (y tế OR bệnh viện OR ""Sở Y tế"")",INTERNAL_PORTAL,1,2026-08-01T04:45:58.479504+00:00,https://www.unesco.org/ethics-ai/en/search?category=Global%20AI%20Ethics%20and%20Governance%20Observatory&query=%28%22tr%C3%AD%20tu%E1%BB%87%20nh%C3%A2n%20t%E1%BA%A1o%22%20OR%20AI%29%20AND%20%28%22b%C3%A1o%20c%C3%A1o%20s%E1%BB%B1%20c%E1%BB%91%22%20OR%20%22qu%E1%BA%A3n%20l%C3%BD%20ch%E1%BA%A5t%20l%C6%B0%E1%BB%A3ng%22%20OR%20ki%E1%BB%83m%20to%C3%A1n%20OR%20thanh%20tra%29%20AND%20%28y%20t%E1%BA%BF%20OR%20b%E1%BB%87nh%20vi%E1%BB%87n%20OR%20%22S%E1%BB%9F%20Y%20t%E1%BA%BF%22%29&page=1,,URLError: <urlopen error _ssl.c:999: The handshake operation timed out>,0,direct-UNESCO-RAM-DQ-IMPL-05-p01.body,e3b0c44298fc1c149afbf4c8996fb92427ae41e4649b934ca495991b7852b855,direct-UNESCO-RAM-DQ-IMPL-05-p01.headers.json,44136fa355b3678a1146ad16f7e8649e94fb4fc21fe77e8310c060f61caaff8a,[],0,0,CONTINUE
UNESCO-RAM,www.unesco.org,DQ-IMPL-05,implementation,"(""trí tuệ nhân tạo"" OR AI) AND (""báo cáo sự cố"" OR ""quản lý chất lượng"" OR kiểm toán OR thanh tra) AND (y tế OR bệnh viện OR ""Sở Y tế"")",INTERNAL_PORTAL,2,2026-08-01T04:46:10.722108+00:00,https://www.unesco.org/ethics-ai/en/search?category=Global%20AI%20Ethics%20and%20Governance%20Observatory&query=%28%22tr%C3%AD%20tu%E1%BB%87%20nh%C3%A2n%20t%E1%BA%A1o%22%20OR%20AI%29%20AND%20%28%22b%C3%A1o%20c%C3%A1o%20s%E1%BB%B1%20c%E1%BB%91%22%20OR%20%22qu%E1%BA%A3n%20l%C3%BD%20ch%E1%BA%A5t%20l%C6%B0%E1%BB%A3ng%22%20OR%20ki%E1%BB%83m%20to%C3%A1n%20OR%20thanh%20tra%29%20AND%20%28y%20t%E1%BA%BF%20OR%20b%E1%BB%87nh%20vi%E1%BB%87n%20OR%20%22S%E1%BB%9F%20Y%20t%E1%BA%BF%22%29&page=2,,URLError: <urlopen error _ssl.c:999: The handshake operation timed out>,0,direct-UNESCO-RAM-DQ-IMPL-05-p02.body,e3b0c44298fc1c149afbf4c8996fb92427ae41e4649b934ca495991b7852b855,direct-UNESCO-RAM-DQ-IMPL-05-p02.headers.json,44136fa355b3678a1146ad16f7e8649e94fb4fc21fe77e8310c060f61caaff8a,[],0,0,TWO_CONSECUTIVE_NO_NEW
UNESCO-RAM,www.unesco.org,DQ-TOOL-01,implementation_tool,"(""đánh giá tuân thủ"" OR ""tự đánh giá"") AND (""đạo đức AI"" OR ""AI có trách nhiệm"")",INTERNAL_PORTAL,1,2026-08-01T04:45:53.249660+00:00,https://www.unesco.org/ethics-ai/en/search?category=Global%20AI%20Ethics%20and%20Governance%20Observatory&query=%28%22%C4%91%C3%A1nh%20gi%C3%A1%20tu%C3%A2n%20th%E1%BB%A7%22%20OR%20%22t%E1%BB%B1%20%C4%91%C3%A1nh%20gi%C3%A1%22%29%20AND%20%28%22%C4%91%E1%BA%A1o%20%C4%91%E1%BB%A9c%20AI%22%20OR%20%22AI%20c%C3%B3%20tr%C3%A1ch%20nhi%E1%BB%87m%22%29&page=1,,URLError: <urlopen error _ssl.c:999: The handshake operation timed out>,0,direct-UNESCO-RAM-DQ-TOOL-01-p01.body,e3b0c44298fc1c149afbf4c8996fb92427ae41e4649b934ca495991b7852b855,direct-UNESCO-RAM-DQ-TOOL-01-p01.headers.json,44136fa355b3678a1146ad16f7e8649e94fb4fc21fe77e8310c060f61caaff8a,[],0,0,CONTINUE
UNESCO-RAM,www.unesco.org,DQ-TOOL-01,implementation_tool,"(""đánh giá tuân thủ"" OR ""tự đánh giá"") AND (""đạo đức AI"" OR ""AI có trách nhiệm"")",INTERNAL_PORTAL,2,2026-08-01T04:46:05.489251+00:00,https://www.unesco.org/ethics-ai/en/search?category=Global%20AI%20Ethics%20and%20Governance%20Observatory&query=%28%22%C4%91%C3%A1nh%20gi%C3%A1%20tu%C3%A2n%20th%E1%BB%A7%22%20OR%20%22t%E1%BB%B1%20%C4%91%C3%A1nh%20gi%C3%A1%22%29%20AND%20%28%22%C4%91%E1%BA%A1o%20%C4%91%E1%BB%A9c%20AI%22%20OR%20%22AI%20c%C3%B3%20tr%C3%A1ch%20nhi%E1%BB%87m%22%29&page=2,,URLError: <urlopen error _ssl.c:999: The handshake operation timed out>,0,direct-UNESCO-RAM-DQ-TOOL-01-p02.body,e3b0c44298fc1c149afbf4c8996fb92427ae41e4649b934ca495991b7852b855,direct-UNESCO-RAM-DQ-TOOL-01-p02.headers.json,44136fa355b3678a1146ad16f7e8649e94fb4fc21fe77e8310c060f61caaff8a,[],0,0,TWO_CONSECUTIVE_NO_NEW
UNESCO-RAM,www.unesco.org,DQ-TOOL-02,implementation_tool,"(nền tảng OR công cụ) AND (""đánh giá tuân thủ"" OR ""đánh giá tác động"") AND (""AI"" OR ""trí tuệ nhân tạo"")",INTERNAL_PORTAL,1,2026-08-01T04:45:57.689501+00:00,https://www.unesco.org/ethics-ai/en/search?category=Global%20AI%20Ethics%20and%20Governance%20Observatory&query=%28n%E1%BB%81n%20t%E1%BA%A3ng%20OR%20c%C3%B4ng%20c%E1%BB%A5%29%20AND%20%28%22%C4%91%C3%A1nh%20gi%C3%A1%20tu%C3%A2n%20th%E1%BB%A7%22%20OR%20%22%C4%91%C3%A1nh%20gi%C3%A1%20t%C3%A1c%20%C4%91%E1%BB%99ng%22%29%20AND%20%28%22AI%22%20OR%20%22tr%C3%AD%20tu%E1%BB%87%20nh%C3%A2n%20t%E1%BA%A1o%22%29&page=1,,URLError: <urlopen error _ssl.c:999: The handshake operation timed out>,0,direct-UNESCO-RAM-DQ-TOOL-02-p01.body,e3b0c44298fc1c149afbf4c8996fb92427ae41e4649b934ca495991b7852b855,direct-UNESCO-RAM-DQ-TOOL-02-p01.headers.json,44136fa355b3678a1146ad16f7e8649e94fb4fc21fe77e8310c060f61caaff8a,[],0,0,CONTINUE
UNESCO-RAM,www.unesco.org,DQ-TOOL-02,implementation_tool,"(nền tảng OR công cụ) AND (""đánh giá tuân thủ"" OR ""đánh giá tác động"") AND (""AI"" OR ""trí tuệ nhân tạo"")",INTERNAL_PORTAL,2,2026-08-01T04:46:10.362633+00:00,https://www.unesco.org/ethics-ai/en/search?category=Global%20AI%20Ethics%20and%20Governance%20Observatory&query=%28n%E1%BB%81n%20t%E1%BA%A3ng%20OR%20c%C3%B4ng%20c%E1%BB%A5%29%20AND%20%28%22%C4%91%C3%A1nh%20gi%C3%A1%20tu%C3%A2n%20th%E1%BB%A7%22%20OR%20%22%C4%91%C3%A1nh%20gi%C3%A1%20t%C3%A1c%20%C4%91%E1%BB%99ng%22%29%20AND%20%28%22AI%22%20OR%20%22tr%C3%AD%20tu%E1%BB%87%20nh%C3%A2n%20t%E1%BA%A1o%22%29&page=2,,URLError: <urlopen error _ssl.c:999: The handshake operation timed out>,0,direct-UNESCO-RAM-DQ-TOOL-02-p02.body,e3b0c44298fc1c149afbf4c8996fb92427ae41e4649b934ca495991b7852b855,direct-UNESCO-RAM-DQ-TOOL-02-p02.headers.json,44136fa355b3678a1146ad16f7e8649e94fb4fc21fe77e8310c060f61caaff8a,[],0,0,TWO_CONSECUTIVE_NO_NEW
WHO-VNM,www.who.int,DQ-EVID-01,evidence,"(""đạo đức AI"" OR ""quản trị AI"") AND (kiểm toán OR thanh tra OR giám sát)",INTERNAL_PORTAL,1,2026-08-01T04:46:14.201859+00:00,https://www.who.int/vietnam/search?query=%28%22%C4%91%E1%BA%A1o%20%C4%91%E1%BB%A9c%20AI%22%20OR%20%22qu%E1%BA%A3n%20tr%E1%BB%8B%20AI%22%29%20AND%20%28ki%E1%BB%83m%20to%C3%A1n%20OR%20thanh%20tra%20OR%20gi%C3%A1m%20s%C3%A1t%29&page=1,200,,62426,direct-WHO-VNM-DQ-EVID-01-p01.body,2a6b62d815a4f74230b43a63bf8bdac2a429c56e45109cfa119772f3d7ecfde2,direct-WHO-VNM-DQ-EVID-01-p01.headers.json,f59055b870aec59e6300135605051416f4af18807f66d5c067eb91b4d50e12dd,[],0,0,CONTINUE
WHO-VNM,www.who.int,DQ-EVID-01,evidence,"(""đạo đức AI"" OR ""quản trị AI"") AND (kiểm toán OR thanh tra OR giám sát)",INTERNAL_PORTAL,2,2026-08-01T04:46:17.258741+00:00,https://www.who.int/vietnam/search?query=%28%22%C4%91%E1%BA%A1o%20%C4%91%E1%BB%A9c%20AI%22%20OR%20%22qu%E1%BA%A3n%20tr%E1%BB%8B%20AI%22%29%20AND%20%28ki%E1%BB%83m%20to%C3%A1n%20OR%20thanh%20tra%20OR%20gi%C3%A1m%20s%C3%A1t%29&page=2,200,,62426,direct-WHO-VNM-DQ-EVID-01-p02.body,2a6b62d815a4f74230b43a63bf8bdac2a429c56e45109cfa119772f3d7ecfde2,direct-WHO-VNM-DQ-EVID-01-p02.headers.json,df7b8227064403419b9caa3787310054195f2550e5251ccc5adf4cd6ecbbd156,[],0,0,TWO_CONSECUTIVE_NO_NEW
WHO-VNM,www.who.int,DQ-EVID-02,evidence,"(""AI"" OR ""trí tuệ nhân tạo"") AND (sự cố OR khiếu nại OR khắc phục) AND (y tế OR bệnh viện)",INTERNAL_PORTAL,1,2026-08-01T04:46:19.162735+00:00,https://www.who.int/vietnam/search?query=%28%22AI%22%20OR%20%22tr%C3%AD%20tu%E1%BB%87%20nh%C3%A2n%20t%E1%BA%A1o%22%29%20AND%20%28s%E1%BB%B1%20c%E1%BB%91%20OR%20khi%E1%BA%BFu%20n%E1%BA%A1i%20OR%20kh%E1%BA%AFc%20ph%E1%BB%A5c%29%20AND%20%28y%20t%E1%BA%BF%20OR%20b%E1%BB%87nh%20vi%E1%BB%87n%29&page=1,200,,62426,direct-WHO-VNM-DQ-EVID-02-p01.body,2a6b62d815a4f74230b43a63bf8bdac2a429c56e45109cfa119772f3d7ecfde2,direct-WHO-VNM-DQ-EVID-02-p01.headers.json,df1ae6633a6dd0801d56d309bcecd7b9b186acaf750f9aaa2f1c5f6fb271c4d8,[],0,0,CONTINUE
WHO-VNM,www.who.int,DQ-EVID-02,evidence,"(""AI"" OR ""trí tuệ nhân tạo"") AND (sự cố OR khiếu nại OR khắc phục) AND (y tế OR bệnh viện)",INTERNAL_PORTAL,2,2026-08-01T04:46:21.977851+00:00,https://www.who.int/vietnam/search?query=%28%22AI%22%20OR%20%22tr%C3%AD%20tu%E1%BB%87%20nh%C3%A2n%20t%E1%BA%A1o%22%29%20AND%20%28s%E1%BB%B1%20c%E1%BB%91%20OR%20khi%E1%BA%BFu%20n%E1%BA%A1i%20OR%20kh%E1%BA%AFc%20ph%E1%BB%A5c%29%20AND%20%28y%20t%E1%BA%BF%20OR%20b%E1%BB%87nh%20vi%E1%BB%87n%29&page=2,200,,62426,direct-WHO-VNM-DQ-EVID-02-p02.body,2a6b62d815a4f74230b43a63bf8bdac2a429c56e45109cfa119772f3d7ecfde2,direct-WHO-VNM-DQ-EVID-02-p02.headers.json,a63f012aca1bcae0397ad88abfa1bb75179a05e7a23383a8072e21fa4e29f620,[],0,0,TWO_CONSECUTIVE_NO_NEW
WHO-VNM,www.who.int,DQ-EVID-03,evidence,"(""AI"" OR ""trí tuệ nhân tạo"") AND (""đánh giá tác động"" OR kết quả) AND (y tế OR bệnh viện)",INTERNAL_PORTAL,1,2026-08-01T04:46:19.303666+00:00,https://www.who.int/vietnam/search?query=%28%22AI%22%20OR%20%22tr%C3%AD%20tu%E1%BB%87%20nh%C3%A2n%20t%E1%BA%A1o%22%29%20AND%20%28%22%C4%91%C3%A1nh%20gi%C3%A1%20t%C3%A1c%20%C4%91%E1%BB%99ng%22%20OR%20k%E1%BA%BFt%20qu%E1%BA%A3%29%20AND%20%28y%20t%E1%BA%BF%20OR%20b%E1%BB%87nh%20vi%E1%BB%87n%29&page=1,200,,62426,direct-WHO-VNM-DQ-EVID-03-p01.body,2a6b62d815a4f74230b43a63bf8bdac2a429c56e45109cfa119772f3d7ecfde2,direct-WHO-VNM-DQ-EVID-03-p01.headers.json,c77eba4ef6d7a64d482a54fce809acd9f301eee22a67232b2374628e0fe090c0,[],0,0,CONTINUE
WHO-VNM,www.who.int,DQ-EVID-03,evidence,"(""AI"" OR ""trí tuệ nhân tạo"") AND (""đánh giá tác động"" OR kết quả) AND (y tế OR bệnh viện)",INTERNAL_PORTAL,2,2026-08-01T04:46:22.162408+00:00,https://www.who.int/vietnam/search?query=%28%22AI%22%20OR%20%22tr%C3%AD%20tu%E1%BB%87%20nh%C3%A2n%20t%E1%BA%A1o%22%29%20AND%20%28%22%C4%91%C3%A1nh%20gi%C3%A1%20t%C3%A1c%20%C4%91%E1%BB%99ng%22%20OR%20k%E1%BA%BFt%20qu%E1%BA%A3%29%20AND%20%28y%20t%E1%BA%BF%20OR%20b%E1%BB%87nh%20vi%E1%BB%87n%29&page=2,200,,62426,direct-WHO-VNM-DQ-EVID-03-p02.body,2a6b62d815a4f74230b43a63bf8bdac2a429c56e45109cfa119772f3d7ecfde2,direct-WHO-VNM-DQ-EVID-03-p02.headers.json,22f521bdb8d3f208d8a5fc0b9f8fe033bbb0e5d1c12ee2474c662af79bc0bda8,[],0,0,TWO_CONSECUTIVE_NO_NEW
WHO-VNM,www.who.int,DQ-EVID-04,evidence,"(""AI ethics"" OR ""AI governance"") AND (audit OR inspection OR monitoring OR incident OR complaint OR redress OR ""impact assessment"" OR outcome OR result) AND (Vietnam OR ""Viet Nam"") AND (health OR hospital)",INTERNAL_PORTAL,1,2026-08-01T04:46:19.952894+00:00,https://www.who.int/vietnam/search?query=%28%22AI%20ethics%22%20OR%20%22AI%20governance%22%29%20AND%20%28audit%20OR%20inspection%20OR%20monitoring%20OR%20incident%20OR%20complaint%20OR%20redress%20OR%20%22impact%20assessment%22%20OR%20outcome%20OR%20result%29%20AND%20%28Vietnam%20OR%20%22Viet%20Nam%22%29%20AND%20%28health%20OR%20hospital%29&page=1,200,,62426,direct-WHO-VNM-DQ-EVID-04-p01.body,2a6b62d815a4f74230b43a63bf8bdac2a429c56e45109cfa119772f3d7ecfde2,direct-WHO-VNM-DQ-EVID-04-p01.headers.json,7049cc10c1274e45b09f6d780ce70c613b55b1a2e488d8355f076985b336b6f9,[],0,0,CONTINUE
WHO-VNM,www.who.int,DQ-EVID-04,evidence,"(""AI ethics"" OR ""AI governance"") AND (audit OR inspection OR monitoring OR incident OR complaint OR redress OR ""impact assessment"" OR outcome OR result) AND (Vietnam OR ""Viet Nam"") AND (health OR hospital)",INTERNAL_PORTAL,2,2026-08-01T04:46:22.605126+00:00,https://www.who.int/vietnam/search?query=%28%22AI%20ethics%22%20OR%20%22AI%20governance%22%29%20AND%20%28audit%20OR%20inspection%20OR%20monitoring%20OR%20incident%20OR%20complaint%20OR%20redress%20OR%20%22impact%20assessment%22%20OR%20outcome%20OR%20result%29%20AND%20%28Vietnam%20OR%20%22Viet%20Nam%22%29%20AND%20%28health%20OR%20hospital%29&page=2,200,,62426,direct-WHO-VNM-DQ-EVID-04-p02.body,2a6b62d815a4f74230b43a63bf8bdac2a429c56e45109cfa119772f3d7ecfde2,direct-WHO-VNM-DQ-EVID-04-p02.headers.json,20d59a44df8b35d5016574390291c2a924f5b106fb7d714db414293a549130ae,[],0,0,TWO_CONSECUTIVE_NO_NEW
WHO-VNM,www.who.int,DQ-EVID-05,evidence,"(""artificial intelligence"" OR AI) AND (""post-implementation monitoring"" OR ""post-market surveillance"" OR ""incident reporting"" OR ""quality management"" OR ""effectiveness evaluation"" OR audit) AND (Vietnam OR ""Viet Nam"") AND (health OR hospital OR ""provincial health department"")",INTERNAL_PORTAL,1,2026-08-01T04:46:19.845738+00:00,https://www.who.int/vietnam/search?query=%28%22artificial%20intelligence%22%20OR%20AI%29%20AND%20%28%22post-implementation%20monitoring%22%20OR%20%22post-market%20surveillance%22%20OR%20%22incident%20reporting%22%20OR%20%22quality%20management%22%20OR%20%22effectiveness%20evaluation%22%20OR%20audit%29%20AND%20%28Vietnam%20OR%20%22Viet%20Nam%22%29%20AND%20%28health%20OR%20hospital%20OR%20%22provincial%20health%20department%22%29&page=1,200,,62426,direct-WHO-VNM-DQ-EVID-05-p01.body,2a6b62d815a4f74230b43a63bf8bdac2a429c56e45109cfa119772f3d7ecfde2,direct-WHO-VNM-DQ-EVID-05-p01.headers.json,f18ee7eeb480c154ffe47e652f508c90849fa0cc513c0dec078ef75c48f78fcb,[],0,0,CONTINUE
WHO-VNM,www.who.int,DQ-EVID-05,evidence,"(""artificial intelligence"" OR AI) AND (""post-implementation monitoring"" OR ""post-market surveillance"" OR ""incident reporting"" OR ""quality management"" OR ""effectiveness evaluation"" OR audit) AND (Vietnam OR ""Viet Nam"") AND (health OR hospital OR ""provincial health department"")",INTERNAL_PORTAL,2,2026-08-01T04:46:22.680599+00:00,https://www.who.int/vietnam/search?query=%28%22artificial%20intelligence%22%20OR%20AI%29%20AND%20%28%22post-implementation%20monitoring%22%20OR%20%22post-market%20surveillance%22%20OR%20%22incident%20reporting%22%20OR%20%22quality%20management%22%20OR%20%22effectiveness%20evaluation%22%20OR%20audit%29%20AND%20%28Vietnam%20OR%20%22Viet%20Nam%22%29%20AND%20%28health%20OR%20hospital%20OR%20%22provincial%20health%20department%22%29&page=2,200,,62426,direct-WHO-VNM-DQ-EVID-05-p02.body,2a6b62d815a4f74230b43a63bf8bdac2a429c56e45109cfa119772f3d7ecfde2,direct-WHO-VNM-DQ-EVID-05-p02.headers.json,24cadaa939b7c5906b13d1486cb62c1768052265954aed423d2aa8a1d5c730df,[],0,0,TWO_CONSECUTIVE_NO_NEW
WHO-VNM,www.who.int,DQ-IMPL-01,implementation,"(""đạo đức AI"" OR ""AI có trách nhiệm"" OR ""quản trị AI"") AND (kế hoạch OR triển khai OR áp dụng OR thí điểm)",INTERNAL_PORTAL,1,2026-08-01T04:46:07.247469+00:00,https://www.who.int/vietnam/search?query=%28%22%C4%91%E1%BA%A1o%20%C4%91%E1%BB%A9c%20AI%22%20OR%20%22AI%20c%C3%B3%20tr%C3%A1ch%20nhi%E1%BB%87m%22%20OR%20%22qu%E1%BA%A3n%20tr%E1%BB%8B%20AI%22%29%20AND%20%28k%E1%BA%BF%20ho%E1%BA%A1ch%20OR%20tri%E1%BB%83n%20khai%20OR%20%C3%A1p%20d%E1%BB%A5ng%20OR%20th%C3%AD%20%C4%91i%E1%BB%83m%29&page=1,200,,62426,direct-WHO-VNM-DQ-IMPL-01-p01.body,2a6b62d815a4f74230b43a63bf8bdac2a429c56e45109cfa119772f3d7ecfde2,direct-WHO-VNM-DQ-IMPL-01-p01.headers.json,d8a1372afd6ca31fe2e3cd648acc9f4ef6232b2a070c8a57262840dacac3fdff,[],0,0,CONTINUE
WHO-VNM,www.who.int,DQ-IMPL-01,implementation,"(""đạo đức AI"" OR ""AI có trách nhiệm"" OR ""quản trị AI"") AND (kế hoạch OR triển khai OR áp dụng OR thí điểm)",INTERNAL_PORTAL,2,2026-08-01T04:46:09.850757+00:00,https://www.who.int/vietnam/search?query=%28%22%C4%91%E1%BA%A1o%20%C4%91%E1%BB%A9c%20AI%22%20OR%20%22AI%20c%C3%B3%20tr%C3%A1ch%20nhi%E1%BB%87m%22%20OR%20%22qu%E1%BA%A3n%20tr%E1%BB%8B%20AI%22%29%20AND%20%28k%E1%BA%BF%20ho%E1%BA%A1ch%20OR%20tri%E1%BB%83n%20khai%20OR%20%C3%A1p%20d%E1%BB%A5ng%20OR%20th%C3%AD%20%C4%91i%E1%BB%83m%29&page=2,200,,62426,direct-WHO-VNM-DQ-IMPL-01-p02.body,2a6b62d815a4f74230b43a63bf8bdac2a429c56e45109cfa119772f3d7ecfde2,direct-WHO-VNM-DQ-IMPL-01-p02.headers.json,7d06441a86dfbddc8b5b1d1619caefc8a56c66e3071045a2e38288a4f6557eed,[],0,0,TWO_CONSECUTIVE_NO_NEW
WHO-VNM,www.who.int,DQ-IMPL-02,implementation,"(""đạo đức AI"" OR ""AI có trách nhiệm"" OR ""quản trị AI"") AND (""Bộ Y tế"" OR bệnh viện OR ""cơ sở khám bệnh, chữa bệnh"")",INTERNAL_PORTAL,1,2026-08-01T04:46:08.566027+00:00,https://www.who.int/vietnam/search?query=%28%22%C4%91%E1%BA%A1o%20%C4%91%E1%BB%A9c%20AI%22%20OR%20%22AI%20c%C3%B3%20tr%C3%A1ch%20nhi%E1%BB%87m%22%20OR%20%22qu%E1%BA%A3n%20tr%E1%BB%8B%20AI%22%29%20AND%20%28%22B%E1%BB%99%20Y%20t%E1%BA%BF%22%20OR%20b%E1%BB%87nh%20vi%E1%BB%87n%20OR%20%22c%C6%A1%20s%E1%BB%9F%20kh%C3%A1m%20b%E1%BB%87nh%2C%20ch%E1%BB%AFa%20b%E1%BB%87nh%22%29&page=1,200,,62426,direct-WHO-VNM-DQ-IMPL-02-p01.body,2a6b62d815a4f74230b43a63bf8bdac2a429c56e45109cfa119772f3d7ecfde2,direct-WHO-VNM-DQ-IMPL-02-p01.headers.json,f122a916d37d3a1c1df64640500782516a1eb5c4cf9bb8f7991517489f3a5773,[],0,0,CONTINUE
WHO-VNM,www.who.int,DQ-IMPL-02,implementation,"(""đạo đức AI"" OR ""AI có trách nhiệm"" OR ""quản trị AI"") AND (""Bộ Y tế"" OR bệnh viện OR ""cơ sở khám bệnh, chữa bệnh"")",INTERNAL_PORTAL,2,2026-08-01T04:46:11.442627+00:00,https://www.who.int/vietnam/search?query=%28%22%C4%91%E1%BA%A1o%20%C4%91%E1%BB%A9c%20AI%22%20OR%20%22AI%20c%C3%B3%20tr%C3%A1ch%20nhi%E1%BB%87m%22%20OR%20%22qu%E1%BA%A3n%20tr%E1%BB%8B%20AI%22%29%20AND%20%28%22B%E1%BB%99%20Y%20t%E1%BA%BF%22%20OR%20b%E1%BB%87nh%20vi%E1%BB%87n%20OR%20%22c%C6%A1%20s%E1%BB%9F%20kh%C3%A1m%20b%E1%BB%87nh%2C%20ch%E1%BB%AFa%20b%E1%BB%87nh%22%29&page=2,200,,62426,direct-WHO-VNM-DQ-IMPL-02-p02.body,2a6b62d815a4f74230b43a63bf8bdac2a429c56e45109cfa119772f3d7ecfde2,direct-WHO-VNM-DQ-IMPL-02-p02.headers.json,2c39159360acf3992d32fbd57e3375eb77376be19ecc77757f0281512a9decd9,[],0,0,TWO_CONSECUTIVE_NO_NEW
WHO-VNM,www.who.int,DQ-IMPL-03,implementation,"(""responsible AI"" OR ""AI governance"" OR ""AI ethics"") AND (implementation OR adoption OR uptake OR plan OR pilot) AND (Vietnam OR ""Viet Nam"") AND (health OR hospital OR clinical)",INTERNAL_PORTAL,1,2026-08-01T04:46:12.868009+00:00,https://www.who.int/vietnam/search?query=%28%22responsible%20AI%22%20OR%20%22AI%20governance%22%20OR%20%22AI%20ethics%22%29%20AND%20%28implementation%20OR%20adoption%20OR%20uptake%20OR%20plan%20OR%20pilot%29%20AND%20%28Vietnam%20OR%20%22Viet%20Nam%22%29%20AND%20%28health%20OR%20hospital%20OR%20clinical%29&page=1,200,,62426,direct-WHO-VNM-DQ-IMPL-03-p01.body,2a6b62d815a4f74230b43a63bf8bdac2a429c56e45109cfa119772f3d7ecfde2,direct-WHO-VNM-DQ-IMPL-03-p01.headers.json,737c7d9c37088d6086100c7078243c1d116f3afc0b8551ee9ef5a73afa7cf2a1,[],0,0,CONTINUE
WHO-VNM,www.who.int,DQ-IMPL-03,implementation,"(""responsible AI"" OR ""AI governance"" OR ""AI ethics"") AND (implementation OR adoption OR uptake OR plan OR pilot) AND (Vietnam OR ""Viet Nam"") AND (health OR hospital OR clinical)",INTERNAL_PORTAL,2,2026-08-01T04:46:15.782607+00:00,https://www.who.int/vietnam/search?query=%28%22responsible%20AI%22%20OR%20%22AI%20governance%22%20OR%20%22AI%20ethics%22%29%20AND%20%28implementation%20OR%20adoption%20OR%20uptake%20OR%20plan%20OR%20pilot%29%20AND%20%28Vietnam%20OR%20%22Viet%20Nam%22%29%20AND%20%28health%20OR%20hospital%20OR%20clinical%29&page=2,200,,62426,direct-WHO-VNM-DQ-IMPL-03-p02.body,2a6b62d815a4f74230b43a63bf8bdac2a429c56e45109cfa119772f3d7ecfde2,direct-WHO-VNM-DQ-IMPL-03-p02.headers.json,5ae1b89cbdd50151a0a928aa261ca865fff5f50cd05d8db8e3acd3226b4ba9bc,[],0,0,TWO_CONSECUTIVE_NO_NEW
WHO-VNM,www.who.int,DQ-IMPL-04,implementation,"(""trí tuệ nhân tạo"" OR AI) AND (""theo dõi sau triển khai"" OR hậu kiểm OR ""giám sát sau triển khai"" OR ""đánh giá hiệu quả"") AND (y tế OR bệnh viện OR ""Sở Y tế"")",INTERNAL_PORTAL,1,2026-08-01T04:46:13.819175+00:00,https://www.who.int/vietnam/search?query=%28%22tr%C3%AD%20tu%E1%BB%87%20nh%C3%A2n%20t%E1%BA%A1o%22%20OR%20AI%29%20AND%20%28%22theo%20d%C3%B5i%20sau%20tri%E1%BB%83n%20khai%22%20OR%20h%E1%BA%ADu%20ki%E1%BB%83m%20OR%20%22gi%C3%A1m%20s%C3%A1t%20sau%20tri%E1%BB%83n%20khai%22%20OR%20%22%C4%91%C3%A1nh%20gi%C3%A1%20hi%E1%BB%87u%20qu%E1%BA%A3%22%29%20AND%20%28y%20t%E1%BA%BF%20OR%20b%E1%BB%87nh%20vi%E1%BB%87n%20OR%20%22S%E1%BB%9F%20Y%20t%E1%BA%BF%22%29&page=1,200,,62426,direct-WHO-VNM-DQ-IMPL-04-p01.body,2a6b62d815a4f74230b43a63bf8bdac2a429c56e45109cfa119772f3d7ecfde2,direct-WHO-VNM-DQ-IMPL-04-p01.headers.json,5517181f781050175befc4218e0df5c01519e94ffeb2f6b210a6486b9db3d4b9,[],0,0,CONTINUE
WHO-VNM,www.who.int,DQ-IMPL-04,implementation,"(""trí tuệ nhân tạo"" OR AI) AND (""theo dõi sau triển khai"" OR hậu kiểm OR ""giám sát sau triển khai"" OR ""đánh giá hiệu quả"") AND (y tế OR bệnh viện OR ""Sở Y tế"")",INTERNAL_PORTAL,2,2026-08-01T04:46:17.083428+00:00,https://www.who.int/vietnam/search?query=%28%22tr%C3%AD%20tu%E1%BB%87%20nh%C3%A2n%20t%E1%BA%A1o%22%20OR%20AI%29%20AND%20%28%22theo%20d%C3%B5i%20sau%20tri%E1%BB%83n%20khai%22%20OR%20h%E1%BA%ADu%20ki%E1%BB%83m%20OR%20%22gi%C3%A1m%20s%C3%A1t%20sau%20tri%E1%BB%83n%20khai%22%20OR%20%22%C4%91%C3%A1nh%20gi%C3%A1%20hi%E1%BB%87u%20qu%E1%BA%A3%22%29%20AND%20%28y%20t%E1%BA%BF%20OR%20b%E1%BB%87nh%20vi%E1%BB%87n%20OR%20%22S%E1%BB%9F%20Y%20t%E1%BA%BF%22%29&page=2,200,,62426,direct-WHO-VNM-DQ-IMPL-04-p02.body,2a6b62d815a4f74230b43a63bf8bdac2a429c56e45109cfa119772f3d7ecfde2,direct-WHO-VNM-DQ-IMPL-04-p02.headers.json,bc9c4adc06747fb4f386f44ee6be1f022233115a0bbd90d874fac6739660ecce,[],0,0,TWO_CONSECUTIVE_NO_NEW
WHO-VNM,www.who.int,DQ-IMPL-05,implementation,"(""trí tuệ nhân tạo"" OR AI) AND (""báo cáo sự cố"" OR ""quản lý chất lượng"" OR kiểm toán OR thanh tra) AND (y tế OR bệnh viện OR ""Sở Y tế"")",INTERNAL_PORTAL,1,2026-08-01T04:46:13.724287+00:00,https://www.who.int/vietnam/search?query=%28%22tr%C3%AD%20tu%E1%BB%87%20nh%C3%A2n%20t%E1%BA%A1o%22%20OR%20AI%29%20AND%20%28%22b%C3%A1o%20c%C3%A1o%20s%E1%BB%B1%20c%E1%BB%91%22%20OR%20%22qu%E1%BA%A3n%20l%C3%BD%20ch%E1%BA%A5t%20l%C6%B0%E1%BB%A3ng%22%20OR%20ki%E1%BB%83m%20to%C3%A1n%20OR%20thanh%20tra%29%20AND%20%28y%20t%E1%BA%BF%20OR%20b%E1%BB%87nh%20vi%E1%BB%87n%20OR%20%22S%E1%BB%9F%20Y%20t%E1%BA%BF%22%29&page=1,200,,62426,direct-WHO-VNM-DQ-IMPL-05-p01.body,2a6b62d815a4f74230b43a63bf8bdac2a429c56e45109cfa119772f3d7ecfde2,direct-WHO-VNM-DQ-IMPL-05-p01.headers.json,52c5b83acbcf466bbcdfbb2a9b5ac9fa2cb51369321cfaeed0f035c1e3472414,[],0,0,CONTINUE
WHO-VNM,www.who.int,DQ-IMPL-05,implementation,"(""trí tuệ nhân tạo"" OR AI) AND (""báo cáo sự cố"" OR ""quản lý chất lượng"" OR kiểm toán OR thanh tra) AND (y tế OR bệnh viện OR ""Sở Y tế"")",INTERNAL_PORTAL,2,2026-08-01T04:46:16.862196+00:00,https://www.who.int/vietnam/search?query=%28%22tr%C3%AD%20tu%E1%BB%87%20nh%C3%A2n%20t%E1%BA%A1o%22%20OR%20AI%29%20AND%20%28%22b%C3%A1o%20c%C3%A1o%20s%E1%BB%B1%20c%E1%BB%91%22%20OR%20%22qu%E1%BA%A3n%20l%C3%BD%20ch%E1%BA%A5t%20l%C6%B0%E1%BB%A3ng%22%20OR%20ki%E1%BB%83m%20to%C3%A1n%20OR%20thanh%20tra%29%20AND%20%28y%20t%E1%BA%BF%20OR%20b%E1%BB%87nh%20vi%E1%BB%87n%20OR%20%22S%E1%BB%9F%20Y%20t%E1%BA%BF%22%29&page=2,200,,62426,direct-WHO-VNM-DQ-IMPL-05-p02.body,2a6b62d815a4f74230b43a63bf8bdac2a429c56e45109cfa119772f3d7ecfde2,direct-WHO-VNM-DQ-IMPL-05-p02.headers.json,586c611198d2ba5c2f178fd21438e89cdefdbfe76aca001d53e23dc6eff6a14a,[],0,0,TWO_CONSECUTIVE_NO_NEW
WHO-VNM,www.who.int,DQ-TOOL-01,implementation_tool,"(""đánh giá tuân thủ"" OR ""tự đánh giá"") AND (""đạo đức AI"" OR ""AI có trách nhiệm"")",INTERNAL_PORTAL,1,2026-08-01T04:46:13.087349+00:00,https://www.who.int/vietnam/search?query=%28%22%C4%91%C3%A1nh%20gi%C3%A1%20tu%C3%A2n%20th%E1%BB%A7%22%20OR%20%22t%E1%BB%B1%20%C4%91%C3%A1nh%20gi%C3%A1%22%29%20AND%20%28%22%C4%91%E1%BA%A1o%20%C4%91%E1%BB%A9c%20AI%22%20OR%20%22AI%20c%C3%B3%20tr%C3%A1ch%20nhi%E1%BB%87m%22%29&page=1,200,,62426,direct-WHO-VNM-DQ-TOOL-01-p01.body,2a6b62d815a4f74230b43a63bf8bdac2a429c56e45109cfa119772f3d7ecfde2,direct-WHO-VNM-DQ-TOOL-01-p01.headers.json,ea5f840c4e17c7d17c37b2c5d2a3f84a0be0233fe29773f885501272c2f7042d,[],0,0,CONTINUE
WHO-VNM,www.who.int,DQ-TOOL-01,implementation_tool,"(""đánh giá tuân thủ"" OR ""tự đánh giá"") AND (""đạo đức AI"" OR ""AI có trách nhiệm"")",INTERNAL_PORTAL,2,2026-08-01T04:46:16.098170+00:00,https://www.who.int/vietnam/search?query=%28%22%C4%91%C3%A1nh%20gi%C3%A1%20tu%C3%A2n%20th%E1%BB%A7%22%20OR%20%22t%E1%BB%B1%20%C4%91%C3%A1nh%20gi%C3%A1%22%29%20AND%20%28%22%C4%91%E1%BA%A1o%20%C4%91%E1%BB%A9c%20AI%22%20OR%20%22AI%20c%C3%B3%20tr%C3%A1ch%20nhi%E1%BB%87m%22%29&page=2,200,,62426,direct-WHO-VNM-DQ-TOOL-01-p02.body,2a6b62d815a4f74230b43a63bf8bdac2a429c56e45109cfa119772f3d7ecfde2,direct-WHO-VNM-DQ-TOOL-01-p02.headers.json,3de2877daa9e5179466c06f6056de02742b096910fdc9673df692365308b33f9,[],0,0,TWO_CONSECUTIVE_NO_NEW
WHO-VNM,www.who.int,DQ-TOOL-02,implementation_tool,"(nền tảng OR công cụ) AND (""đánh giá tuân thủ"" OR ""đánh giá tác động"") AND (""AI"" OR ""trí tuệ nhân tạo"")",INTERNAL_PORTAL,1,2026-08-01T04:46:13.473882+00:00,https://www.who.int/vietnam/search?query=%28n%E1%BB%81n%20t%E1%BA%A3ng%20OR%20c%C3%B4ng%20c%E1%BB%A5%29%20AND%20%28%22%C4%91%C3%A1nh%20gi%C3%A1%20tu%C3%A2n%20th%E1%BB%A7%22%20OR%20%22%C4%91%C3%A1nh%20gi%C3%A1%20t%C3%A1c%20%C4%91%E1%BB%99ng%22%29%20AND%20%28%22AI%22%20OR%20%22tr%C3%AD%20tu%E1%BB%87%20nh%C3%A2n%20t%E1%BA%A1o%22%29&page=1,200,,62426,direct-WHO-VNM-DQ-TOOL-02-p01.body,2a6b62d815a4f74230b43a63bf8bdac2a429c56e45109cfa119772f3d7ecfde2,direct-WHO-VNM-DQ-TOOL-02-p01.headers.json,4b1b6254d058534a2c318f37abb6e1868ae83cb7da367e9a24c09a0c572b75c1,[],0,0,CONTINUE
WHO-VNM,www.who.int,DQ-TOOL-02,implementation_tool,"(nền tảng OR công cụ) AND (""đánh giá tuân thủ"" OR ""đánh giá tác động"") AND (""AI"" OR ""trí tuệ nhân tạo"")",INTERNAL_PORTAL,2,2026-08-01T04:46:16.614722+00:00,https://www.who.int/vietnam/search?query=%28n%E1%BB%81n%20t%E1%BA%A3ng%20OR%20c%C3%B4ng%20c%E1%BB%A5%29%20AND%20%28%22%C4%91%C3%A1nh%20gi%C3%A1%20tu%C3%A2n%20th%E1%BB%A7%22%20OR%20%22%C4%91%C3%A1nh%20gi%C3%A1%20t%C3%A1c%20%C4%91%E1%BB%99ng%22%29%20AND%20%28%22AI%22%20OR%20%22tr%C3%AD%20tu%E1%BB%87%20nh%C3%A2n%20t%E1%BA%A1o%22%29&page=2,200,,62426,direct-WHO-VNM-DQ-TOOL-02-p02.body,2a6b62d815a4f74230b43a63bf8bdac2a429c56e45109cfa119772f3d7ecfde2,direct-WHO-VNM-DQ-TOOL-02-p02.headers.json,48c6cd420282152365d4101488f38e541ee4d1a624b7666388634293a76aa9c7,[],0,0,TWO_CONSECUTIVE_NO_NEW
