channel_id,domain,query_id,query_verbatim,method,page_attempt,retrieved_at,requested_url,http_status,error,response_bytes,body_file,body_sha256,headers_file,headers_sha256,official_urls,official_url_count,new_official_urls,stop_assessment
MOH,moh.gov.vn,DQ-EVID-01,"(""đạo đức AI"" OR ""quản trị AI"") AND (kiểm toán OR thanh tra OR giám sát)",SITE_FALLBACK_LOCATOR,1,2026-08-01T04:46:36.392367+00:00,https://www.bing.com/search?q=site%3Amoh.gov.vn+%28%22%C4%91%E1%BA%A1o+%C4%91%E1%BB%A9c+AI%22+OR+%22qu%E1%BA%A3n+tr%E1%BB%8B+AI%22%29+AND+%28ki%E1%BB%83m+to%C3%A1n+OR+thanh+tra+OR+gi%C3%A1m+s%C3%A1t%29&first=1,200,,69988,fallback-site-MOH-DQ-EVID-01-p01.body,f051b4f94a395e433b34430d7713cacaad86bf93db309b8fa210f5595e7aba2c,fallback-site-MOH-DQ-EVID-01-p01.headers.json,89a9a163b8976c4e0c054d30374d9434fff8148d15a54cb35f4ff93cba1f566c,[],0,0,CONTINUE
MOH,moh.gov.vn,DQ-EVID-01,"(""đạo đức AI"" OR ""quản trị AI"") AND (kiểm toán OR thanh tra OR giám sát)",SITE_FALLBACK_LOCATOR,2,2026-08-01T04:46:37.900847+00:00,https://www.bing.com/search?q=site%3Amoh.gov.vn+%28%22%C4%91%E1%BA%A1o+%C4%91%E1%BB%A9c+AI%22+OR+%22qu%E1%BA%A3n+tr%E1%BB%8B+AI%22%29+AND+%28ki%E1%BB%83m+to%C3%A1n+OR+thanh+tra+OR+gi%C3%A1m+s%C3%A1t%29&first=11,200,,70394,fallback-site-MOH-DQ-EVID-01-p02.body,ccd317fdbe9cb8fffb49e9837c64ea2f4398fe9efb65b84c4f28a4667d681aee,fallback-site-MOH-DQ-EVID-01-p02.headers.json,9988596ed6393723593d96b5ada9effa665720ffec2e081e6dc312c4f2ae50a8,[],0,0,TWO_CONSECUTIVE_NO_NEW
MOH,moh.gov.vn,DQ-EVID-02,"(""AI"" OR ""trí tuệ nhân tạo"") AND (sự cố OR khiếu nại OR khắc phục) AND (y tế OR bệnh viện)",SITE_FALLBACK_LOCATOR,1,2026-08-01T04:46:33.745100+00:00,https://www.bing.com/search?q=site%3Amoh.gov.vn+%28%22AI%22+OR+%22tr%C3%AD+tu%E1%BB%87+nh%C3%A2n+t%E1%BA%A1o%22%29+AND+%28s%E1%BB%B1+c%E1%BB%91+OR+khi%E1%BA%BFu+n%E1%BA%A1i+OR+kh%E1%BA%AFc+ph%E1%BB%A5c%29+AND+%28y+t%E1%BA%BF+OR+b%E1%BB%87nh+vi%E1%BB%87n%29&first=1,200,,70378,fallback-site-MOH-DQ-EVID-02-p01.body,6dc3b66f12a184eaf178bf87f8817d97e7a88e56ab448e13e776978f22ec42ae,fallback-site-MOH-DQ-EVID-02-p01.headers.json,e11e4b53db991e40aaae35f149358fd8564330e687bfbeb14a9a6b389a10d7aa,[],0,0,CONTINUE
MOH,moh.gov.vn,DQ-EVID-02,"(""AI"" OR ""trí tuệ nhân tạo"") AND (sự cố OR khiếu nại OR khắc phục) AND (y tế OR bệnh viện)",SITE_FALLBACK_LOCATOR,2,2026-08-01T04:46:35.178005+00:00,https://www.bing.com/search?q=site%3Amoh.gov.vn+%28%22AI%22+OR+%22tr%C3%AD+tu%E1%BB%87+nh%C3%A2n+t%E1%BA%A1o%22%29+AND+%28s%E1%BB%B1+c%E1%BB%91+OR+khi%E1%BA%BFu+n%E1%BA%A1i+OR+kh%E1%BA%AFc+ph%E1%BB%A5c%29+AND+%28y+t%E1%BA%BF+OR+b%E1%BB%87nh+vi%E1%BB%87n%29&first=11,200,,69890,fallback-site-MOH-DQ-EVID-02-p02.body,4be14960740a7131771702c57272e87b5e7a072cad8c5fb5bfbb56b81c84ddf1,fallback-site-MOH-DQ-EVID-02-p02.headers.json,7753c5b709418e8a5053296b5eb1ce05d5e25feaa66553cdd8d2e4d45adb82ff,[],0,0,TWO_CONSECUTIVE_NO_NEW
MOH,moh.gov.vn,DQ-EVID-03,"(""AI"" OR ""trí tuệ nhân tạo"") AND (""đánh giá tác động"" OR kết quả) AND (y tế OR bệnh viện)",SITE_FALLBACK_LOCATOR,1,2026-08-01T04:46:33.718484+00:00,https://www.bing.com/search?q=site%3Amoh.gov.vn+%28%22AI%22+OR+%22tr%C3%AD+tu%E1%BB%87+nh%C3%A2n+t%E1%BA%A1o%22%29+AND+%28%22%C4%91%C3%A1nh+gi%C3%A1+t%C3%A1c+%C4%91%E1%BB%99ng%22+OR+k%E1%BA%BFt+qu%E1%BA%A3%29+AND+%28y+t%E1%BA%BF+OR+b%E1%BB%87nh+vi%E1%BB%87n%29&first=1,200,,70517,fallback-site-MOH-DQ-EVID-03-p01.body,83a4ca588f7f756dd829f4ac4777289a828674355b31b01495b9960a44fd2107,fallback-site-MOH-DQ-EVID-03-p01.headers.json,75e5096cb377e250ee6ceb7fd7a1866d790527e733ebca85a191cdcdf8587788,[],0,0,CONTINUE
MOH,moh.gov.vn,DQ-EVID-03,"(""AI"" OR ""trí tuệ nhân tạo"") AND (""đánh giá tác động"" OR kết quả) AND (y tế OR bệnh viện)",SITE_FALLBACK_LOCATOR,2,2026-08-01T04:46:35.177493+00:00,https://www.bing.com/search?q=site%3Amoh.gov.vn+%28%22AI%22+OR+%22tr%C3%AD+tu%E1%BB%87+nh%C3%A2n+t%E1%BA%A1o%22%29+AND+%28%22%C4%91%C3%A1nh+gi%C3%A1+t%C3%A1c+%C4%91%E1%BB%99ng%22+OR+k%E1%BA%BFt+qu%E1%BA%A3%29+AND+%28y+t%E1%BA%BF+OR+b%E1%BB%87nh+vi%E1%BB%87n%29&first=11,200,,70477,fallback-site-MOH-DQ-EVID-03-p02.body,8a8e21a8287949a69a594392690cf8377af9b68038c17b77aae20656e022927f,fallback-site-MOH-DQ-EVID-03-p02.headers.json,5ffbd98b10960f3739e63d3bbc7cc208bb603f7d19435869e8918497b8df1022,[],0,0,TWO_CONSECUTIVE_NO_NEW
MOH,moh.gov.vn,DQ-EVID-04,"(""AI ethics"" OR ""AI governance"") AND (audit OR inspection OR monitoring OR incident OR complaint OR redress OR ""impact assessment"" OR outcome OR result) AND (Vietnam OR ""Viet Nam"") AND (health OR hospital)",SITE_FALLBACK_LOCATOR,1,2026-08-01T04:46:57.407810+00:00,https://www.bing.com/search?q=site%3Amoh.gov.vn+%28%22AI+ethics%22+OR+%22AI+governance%22%29+AND+%28audit+OR+inspection+OR+monitoring+OR+incident+OR+complaint+OR+redress+OR+%22impact+assessment%22+OR+outcome+OR+result%29+AND+%28Vietnam+OR+%22Viet+Nam%22%29+AND+%28health+OR+hospital%29&first=1,200,,71027,fallback-site-MOH-DQ-EVID-04-p01.body,c776ea60c2ff284036e94b5584f9b0e81dc722e95e69cc50c519ce2032477168,fallback-site-MOH-DQ-EVID-04-p01.headers.json,c23bba245dcaa9d2a80117cec4186a02dbc568832c8a088f79611b71466edd7f,[],0,0,CONTINUE
MOH,moh.gov.vn,DQ-EVID-04,"(""AI ethics"" OR ""AI governance"") AND (audit OR inspection OR monitoring OR incident OR complaint OR redress OR ""impact assessment"" OR outcome OR result) AND (Vietnam OR ""Viet Nam"") AND (health OR hospital)",SITE_FALLBACK_LOCATOR,2,2026-08-01T04:46:58.810514+00:00,https://www.bing.com/search?q=site%3Amoh.gov.vn+%28%22AI+ethics%22+OR+%22AI+governance%22%29+AND+%28audit+OR+inspection+OR+monitoring+OR+incident+OR+complaint+OR+redress+OR+%22impact+assessment%22+OR+outcome+OR+result%29+AND+%28Vietnam+OR+%22Viet+Nam%22%29+AND+%28health+OR+hospital%29&first=11,200,,71275,fallback-site-MOH-DQ-EVID-04-p02.body,b741deb6953a2ae55f5941746f8ded1521da8feabfa8a4468b4f68627f960066,fallback-site-MOH-DQ-EVID-04-p02.headers.json,587dd905052f9e56e103307d6ed945256068281b884a5416553b397e27a463fc,[],0,0,TWO_CONSECUTIVE_NO_NEW
MOH,moh.gov.vn,DQ-EVID-05,"(""artificial intelligence"" OR AI) AND (""post-implementation monitoring"" OR ""post-market surveillance"" OR ""incident reporting"" OR ""quality management"" OR ""effectiveness evaluation"" OR audit) AND (Vietnam OR ""Viet Nam"") AND (health OR hospital OR ""provincial health department"")",SITE_FALLBACK_LOCATOR,1,2026-08-01T04:46:57.186330+00:00,https://www.bing.com/search?q=site%3Amoh.gov.vn+%28%22artificial+intelligence%22+OR+AI%29+AND+%28%22post-implementation+monitoring%22+OR+%22post-market+surveillance%22+OR+%22incident+reporting%22+OR+%22quality+management%22+OR+%22effectiveness+evaluation%22+OR+audit%29+AND+%28Vietnam+OR+%22Viet+Nam%22%29+AND+%28health+OR+hospital+OR+%22provincial+health+department%22%29&first=1,200,,71492,fallback-site-MOH-DQ-EVID-05-p01.body,3341be654d66ed1a3fee8390965cbb152a5c33d06ba5db14f84c209881416165,fallback-site-MOH-DQ-EVID-05-p01.headers.json,0eecf74ebf7d849f67028a2a805f80452b95dff6324825f73e5b62d9f42f80c7,[],0,0,CONTINUE
MOH,moh.gov.vn,DQ-EVID-05,"(""artificial intelligence"" OR AI) AND (""post-implementation monitoring"" OR ""post-market surveillance"" OR ""incident reporting"" OR ""quality management"" OR ""effectiveness evaluation"" OR audit) AND (Vietnam OR ""Viet Nam"") AND (health OR hospital OR ""provincial health department"")",SITE_FALLBACK_LOCATOR,2,2026-08-01T04:46:58.669346+00:00,https://www.bing.com/search?q=site%3Amoh.gov.vn+%28%22artificial+intelligence%22+OR+AI%29+AND+%28%22post-implementation+monitoring%22+OR+%22post-market+surveillance%22+OR+%22incident+reporting%22+OR+%22quality+management%22+OR+%22effectiveness+evaluation%22+OR+audit%29+AND+%28Vietnam+OR+%22Viet+Nam%22%29+AND+%28health+OR+hospital+OR+%22provincial+health+department%22%29&first=11,200,,70942,fallback-site-MOH-DQ-EVID-05-p02.body,b057757e867268c7ac82d7ba2a20e7330f23deeca5e6c1bcfcc64e43f92029cc,fallback-site-MOH-DQ-EVID-05-p02.headers.json,4cc45ee3c14e6d4b6b35e08092ee6df6a57f2b5781cce78d3061285812f11c55,[],0,0,TWO_CONSECUTIVE_NO_NEW
MOH,moh.gov.vn,DQ-IMPL-01,"(""đạo đức AI"" OR ""AI có trách nhiệm"" OR ""quản trị AI"") AND (kế hoạch OR triển khai OR áp dụng OR thí điểm)",SITE_FALLBACK_LOCATOR,1,2026-08-01T04:46:33.770988+00:00,https://www.bing.com/search?q=site%3Amoh.gov.vn+%28%22%C4%91%E1%BA%A1o+%C4%91%E1%BB%A9c+AI%22+OR+%22AI+c%C3%B3+tr%C3%A1ch+nhi%E1%BB%87m%22+OR+%22qu%E1%BA%A3n+tr%E1%BB%8B+AI%22%29+AND+%28k%E1%BA%BF+ho%E1%BA%A1ch+OR+tri%E1%BB%83n+khai+OR+%C3%A1p+d%E1%BB%A5ng+OR+th%C3%AD+%C4%91i%E1%BB%83m%29&first=1,200,,71060,fallback-site-MOH-DQ-IMPL-01-p01.body,503a66e8d95b4c1e12c0bba0f9c2ed7622f67f4aef47039c8c338a9a1aa46096,fallback-site-MOH-DQ-IMPL-01-p01.headers.json,a47d2da1e3366024fdd0692a1305a0e4e8f523c3f6ce8faad77a88a1d3ff428b,[],0,0,CONTINUE
MOH,moh.gov.vn,DQ-IMPL-01,"(""đạo đức AI"" OR ""AI có trách nhiệm"" OR ""quản trị AI"") AND (kế hoạch OR triển khai OR áp dụng OR thí điểm)",SITE_FALLBACK_LOCATOR,2,2026-08-01T04:46:35.139544+00:00,https://www.bing.com/search?q=site%3Amoh.gov.vn+%28%22%C4%91%E1%BA%A1o+%C4%91%E1%BB%A9c+AI%22+OR+%22AI+c%C3%B3+tr%C3%A1ch+nhi%E1%BB%87m%22+OR+%22qu%E1%BA%A3n+tr%E1%BB%8B+AI%22%29+AND+%28k%E1%BA%BF+ho%E1%BA%A1ch+OR+tri%E1%BB%83n+khai+OR+%C3%A1p+d%E1%BB%A5ng+OR+th%C3%AD+%C4%91i%E1%BB%83m%29&first=11,200,,71457,fallback-site-MOH-DQ-IMPL-01-p02.body,f985d143ef74f35ec5f199b92e95648048a041ae74976e452873774bc10e3d40,fallback-site-MOH-DQ-IMPL-01-p02.headers.json,db6a01906380d5ad277bf1dc7beb10233bdf331a730da9b7170af8440c039727,[],0,0,TWO_CONSECUTIVE_NO_NEW
MOH,moh.gov.vn,DQ-IMPL-02,"(""đạo đức AI"" OR ""AI có trách nhiệm"" OR ""quản trị AI"") AND (""Bộ Y tế"" OR bệnh viện OR ""cơ sở khám bệnh, chữa bệnh"")",SITE_FALLBACK_LOCATOR,1,2026-08-01T04:46:30.761106+00:00,https://www.bing.com/search?q=site%3Amoh.gov.vn+%28%22%C4%91%E1%BA%A1o+%C4%91%E1%BB%A9c+AI%22+OR+%22AI+c%C3%B3+tr%C3%A1ch+nhi%E1%BB%87m%22+OR+%22qu%E1%BA%A3n+tr%E1%BB%8B+AI%22%29+AND+%28%22B%E1%BB%99+Y+t%E1%BA%BF%22+OR+b%E1%BB%87nh+vi%E1%BB%87n+OR+%22c%C6%A1+s%E1%BB%9F+kh%C3%A1m+b%E1%BB%87nh%2C+ch%E1%BB%AFa+b%E1%BB%87nh%22%29&first=1,200,,71313,fallback-site-MOH-DQ-IMPL-02-p01.body,f4a7e1657d8cd33bf06ff2c1f436924ce187585b9df70522264e9c9e506ea493,fallback-site-MOH-DQ-IMPL-02-p01.headers.json,de47b1dd859399ea5d528607e2e2066d3cd93fa72e2a2c15c9f4558f376925e6,[],0,0,CONTINUE
MOH,moh.gov.vn,DQ-IMPL-02,"(""đạo đức AI"" OR ""AI có trách nhiệm"" OR ""quản trị AI"") AND (""Bộ Y tế"" OR bệnh viện OR ""cơ sở khám bệnh, chữa bệnh"")",SITE_FALLBACK_LOCATOR,2,2026-08-01T04:46:32.273686+00:00,https://www.bing.com/search?q=site%3Amoh.gov.vn+%28%22%C4%91%E1%BA%A1o+%C4%91%E1%BB%A9c+AI%22+OR+%22AI+c%C3%B3+tr%C3%A1ch+nhi%E1%BB%87m%22+OR+%22qu%E1%BA%A3n+tr%E1%BB%8B+AI%22%29+AND+%28%22B%E1%BB%99+Y+t%E1%BA%BF%22+OR+b%E1%BB%87nh+vi%E1%BB%87n+OR+%22c%C6%A1+s%E1%BB%9F+kh%C3%A1m+b%E1%BB%87nh%2C+ch%E1%BB%AFa+b%E1%BB%87nh%22%29&first=11,200,,70939,fallback-site-MOH-DQ-IMPL-02-p02.body,f9349cab62cf0877f68f024e785ea1d9da036a0b1e894b33dc006ebe0ea8dbb9,fallback-site-MOH-DQ-IMPL-02-p02.headers.json,9317589c7a165600c88fe4223b157a82605c78125340f1ab663f71444109b6dc,[],0,0,TWO_CONSECUTIVE_NO_NEW
MOH,moh.gov.vn,DQ-IMPL-03,"(""responsible AI"" OR ""AI governance"" OR ""AI ethics"") AND (implementation OR adoption OR uptake OR plan OR pilot) AND (Vietnam OR ""Viet Nam"") AND (health OR hospital OR clinical)",SITE_FALLBACK_LOCATOR,1,2026-08-01T04:46:33.596547+00:00,https://www.bing.com/search?q=site%3Amoh.gov.vn+%28%22responsible+AI%22+OR+%22AI+governance%22+OR+%22AI+ethics%22%29+AND+%28implementation+OR+adoption+OR+uptake+OR+plan+OR+pilot%29+AND+%28Vietnam+OR+%22Viet+Nam%22%29+AND+%28health+OR+hospital+OR+clinical%29&first=1,200,,71003,fallback-site-MOH-DQ-IMPL-03-p01.body,98da36d37ce0fc6856fb21cc12fd1c7817d582e01cef8f25e14a2f25d15e5b4c,fallback-site-MOH-DQ-IMPL-03-p01.headers.json,d34f6e3c885f3c090ca021ba7de1472cdb9c993fe0d00b058050c981f508c2c3,[],0,0,CONTINUE
MOH,moh.gov.vn,DQ-IMPL-03,"(""responsible AI"" OR ""AI governance"" OR ""AI ethics"") AND (implementation OR adoption OR uptake OR plan OR pilot) AND (Vietnam OR ""Viet Nam"") AND (health OR hospital OR clinical)",SITE_FALLBACK_LOCATOR,2,2026-08-01T04:46:34.947342+00:00,https://www.bing.com/search?q=site%3Amoh.gov.vn+%28%22responsible+AI%22+OR+%22AI+governance%22+OR+%22AI+ethics%22%29+AND+%28implementation+OR+adoption+OR+uptake+OR+plan+OR+pilot%29+AND+%28Vietnam+OR+%22Viet+Nam%22%29+AND+%28health+OR+hospital+OR+clinical%29&first=11,200,,70769,fallback-site-MOH-DQ-IMPL-03-p02.body,01a87d6c2e90129feb44fe786a014f226542cbf0318e2dc72c3a5cc7136b113c,fallback-site-MOH-DQ-IMPL-03-p02.headers.json,20142820c357fb523459cac37af1153fdcbebe60ac28b32f526d15d0294ed3bb,[],0,0,TWO_CONSECUTIVE_NO_NEW
MOH,moh.gov.vn,DQ-IMPL-04,"(""trí tuệ nhân tạo"" OR AI) AND (""theo dõi sau triển khai"" OR hậu kiểm OR ""giám sát sau triển khai"" OR ""đánh giá hiệu quả"") AND (y tế OR bệnh viện OR ""Sở Y tế"")",SITE_FALLBACK_LOCATOR,1,2026-08-01T04:46:30.844133+00:00,https://www.bing.com/search?q=site%3Amoh.gov.vn+%28%22tr%C3%AD+tu%E1%BB%87+nh%C3%A2n+t%E1%BA%A1o%22+OR+AI%29+AND+%28%22theo+d%C3%B5i+sau+tri%E1%BB%83n+khai%22+OR+h%E1%BA%ADu+ki%E1%BB%83m+OR+%22gi%C3%A1m+s%C3%A1t+sau+tri%E1%BB%83n+khai%22+OR+%22%C4%91%C3%A1nh+gi%C3%A1+hi%E1%BB%87u+qu%E1%BA%A3%22%29+AND+%28y+t%E1%BA%BF+OR+b%E1%BB%87nh+vi%E1%BB%87n+OR+%22S%E1%BB%9F+Y+t%E1%BA%BF%22%29&first=1,200,,71132,fallback-site-MOH-DQ-IMPL-04-p01.body,350db2df608dfae3bf76193417cd6bb836014e3ce578d80de1c05861b8706c84,fallback-site-MOH-DQ-IMPL-04-p01.headers.json,8a2f9d8bd07888501f251194b4d3e612dfd7b4d58708fbda4f48410df0844c1c,[],0,0,CONTINUE
MOH,moh.gov.vn,DQ-IMPL-04,"(""trí tuệ nhân tạo"" OR AI) AND (""theo dõi sau triển khai"" OR hậu kiểm OR ""giám sát sau triển khai"" OR ""đánh giá hiệu quả"") AND (y tế OR bệnh viện OR ""Sở Y tế"")",SITE_FALLBACK_LOCATOR,2,2026-08-01T04:46:32.294399+00:00,https://www.bing.com/search?q=site%3Amoh.gov.vn+%28%22tr%C3%AD+tu%E1%BB%87+nh%C3%A2n+t%E1%BA%A1o%22+OR+AI%29+AND+%28%22theo+d%C3%B5i+sau+tri%E1%BB%83n+khai%22+OR+h%E1%BA%ADu+ki%E1%BB%83m+OR+%22gi%C3%A1m+s%C3%A1t+sau+tri%E1%BB%83n+khai%22+OR+%22%C4%91%C3%A1nh+gi%C3%A1+hi%E1%BB%87u+qu%E1%BA%A3%22%29+AND+%28y+t%E1%BA%BF+OR+b%E1%BB%87nh+vi%E1%BB%87n+OR+%22S%E1%BB%9F+Y+t%E1%BA%BF%22%29&first=11,200,,71080,fallback-site-MOH-DQ-IMPL-04-p02.body,e8abb731d7048669162a388c411e30420e8080e0ca79d1eba97fb1566bf23e71,fallback-site-MOH-DQ-IMPL-04-p02.headers.json,bf7760eea63d7b3e6034f2127b04a9b68132001de3d0063f7670b67cc8461ce6,[],0,0,TWO_CONSECUTIVE_NO_NEW
MOH,moh.gov.vn,DQ-IMPL-05,"(""trí tuệ nhân tạo"" OR AI) AND (""báo cáo sự cố"" OR ""quản lý chất lượng"" OR kiểm toán OR thanh tra) AND (y tế OR bệnh viện OR ""Sở Y tế"")",SITE_FALLBACK_LOCATOR,1,2026-08-01T04:46:30.762119+00:00,https://www.bing.com/search?q=site%3Amoh.gov.vn+%28%22tr%C3%AD+tu%E1%BB%87+nh%C3%A2n+t%E1%BA%A1o%22+OR+AI%29+AND+%28%22b%C3%A1o+c%C3%A1o+s%E1%BB%B1+c%E1%BB%91%22+OR+%22qu%E1%BA%A3n+l%C3%BD+ch%E1%BA%A5t+l%C6%B0%E1%BB%A3ng%22+OR+ki%E1%BB%83m+to%C3%A1n+OR+thanh+tra%29+AND+%28y+t%E1%BA%BF+OR+b%E1%BB%87nh+vi%E1%BB%87n+OR+%22S%E1%BB%9F+Y+t%E1%BA%BF%22%29&first=1,200,,71821,fallback-site-MOH-DQ-IMPL-05-p01.body,108f78c3e83602d4be4f4f307fa1f211decff030b181ba899c4899f43f261fbd,fallback-site-MOH-DQ-IMPL-05-p01.headers.json,fbe22f69a1e81d51ea3d7117ee3ffaa2ed24679564cf31c694ae965297a4f0e5,[],0,0,CONTINUE
MOH,moh.gov.vn,DQ-IMPL-05,"(""trí tuệ nhân tạo"" OR AI) AND (""báo cáo sự cố"" OR ""quản lý chất lượng"" OR kiểm toán OR thanh tra) AND (y tế OR bệnh viện OR ""Sở Y tế"")",SITE_FALLBACK_LOCATOR,2,2026-08-01T04:46:32.292244+00:00,https://www.bing.com/search?q=site%3Amoh.gov.vn+%28%22tr%C3%AD+tu%E1%BB%87+nh%C3%A2n+t%E1%BA%A1o%22+OR+AI%29+AND+%28%22b%C3%A1o+c%C3%A1o+s%E1%BB%B1+c%E1%BB%91%22+OR+%22qu%E1%BA%A3n+l%C3%BD+ch%E1%BA%A5t+l%C6%B0%E1%BB%A3ng%22+OR+ki%E1%BB%83m+to%C3%A1n+OR+thanh+tra%29+AND+%28y+t%E1%BA%BF+OR+b%E1%BB%87nh+vi%E1%BB%87n+OR+%22S%E1%BB%9F+Y+t%E1%BA%BF%22%29&first=11,200,,71369,fallback-site-MOH-DQ-IMPL-05-p02.body,e8d38887cbafecd0321c90b20c66fdbbfc425c485a08504055a4a760cceab785,fallback-site-MOH-DQ-IMPL-05-p02.headers.json,8fde7b9c3f4119062e3619130a62767eed7f13a7d37a63236d4c64a5a5b51b1f,[],0,0,TWO_CONSECUTIVE_NO_NEW
MOH,moh.gov.vn,DQ-TOOL-01,"(""đánh giá tuân thủ"" OR ""tự đánh giá"") AND (""đạo đức AI"" OR ""AI có trách nhiệm"")",SITE_FALLBACK_LOCATOR,1,2026-08-01T04:46:36.518451+00:00,https://www.bing.com/search?q=site%3Amoh.gov.vn+%28%22%C4%91%C3%A1nh+gi%C3%A1+tu%C3%A2n+th%E1%BB%A7%22+OR+%22t%E1%BB%B1+%C4%91%C3%A1nh+gi%C3%A1%22%29+AND+%28%22%C4%91%E1%BA%A1o+%C4%91%E1%BB%A9c+AI%22+OR+%22AI+c%C3%B3+tr%C3%A1ch+nhi%E1%BB%87m%22%29&first=1,200,,69924,fallback-site-MOH-DQ-TOOL-01-p01.body,5949dcd0983ff0212ade5069744c17457956cae1501879f6b2e9b0a1023201e7,fallback-site-MOH-DQ-TOOL-01-p01.headers.json,f5a1c6fbef098713def40091bd7432f38622ec0c322c4b1c9077ab92573d52d9,[],0,0,CONTINUE
MOH,moh.gov.vn,DQ-TOOL-01,"(""đánh giá tuân thủ"" OR ""tự đánh giá"") AND (""đạo đức AI"" OR ""AI có trách nhiệm"")",SITE_FALLBACK_LOCATOR,2,2026-08-01T04:46:37.931837+00:00,https://www.bing.com/search?q=site%3Amoh.gov.vn+%28%22%C4%91%C3%A1nh+gi%C3%A1+tu%C3%A2n+th%E1%BB%A7%22+OR+%22t%E1%BB%B1+%C4%91%C3%A1nh+gi%C3%A1%22%29+AND+%28%22%C4%91%E1%BA%A1o+%C4%91%E1%BB%A9c+AI%22+OR+%22AI+c%C3%B3+tr%C3%A1ch+nhi%E1%BB%87m%22%29&first=11,200,,70249,fallback-site-MOH-DQ-TOOL-01-p02.body,c3fd6699e90f93f5f904775ede4667a0b3919c6b3333c0467196f3722ccfd335,fallback-site-MOH-DQ-TOOL-01-p02.headers.json,9d3812ca40774cd327d7e6042378df8a1387f3ac4a72491185da7302cacc3d01,[],0,0,TWO_CONSECUTIVE_NO_NEW
MOH,moh.gov.vn,DQ-TOOL-02,"(nền tảng OR công cụ) AND (""đánh giá tuân thủ"" OR ""đánh giá tác động"") AND (""AI"" OR ""trí tuệ nhân tạo"")",SITE_FALLBACK_LOCATOR,1,2026-08-01T04:46:30.866564+00:00,https://www.bing.com/search?q=site%3Amoh.gov.vn+%28n%E1%BB%81n+t%E1%BA%A3ng+OR+c%C3%B4ng+c%E1%BB%A5%29+AND+%28%22%C4%91%C3%A1nh+gi%C3%A1+tu%C3%A2n+th%E1%BB%A7%22+OR+%22%C4%91%C3%A1nh+gi%C3%A1+t%C3%A1c+%C4%91%E1%BB%99ng%22%29+AND+%28%22AI%22+OR+%22tr%C3%AD+tu%E1%BB%87+nh%C3%A2n+t%E1%BA%A1o%22%29&first=1,200,,70583,fallback-site-MOH-DQ-TOOL-02-p01.body,f2963d1241f14e3d5522097970658a916b025eca8d7920aa42585228d5e5195e,fallback-site-MOH-DQ-TOOL-02-p01.headers.json,5f72496c546984406e39c1a574e70e2e3b62cfa8cda838eaf926d8e751bd4217,[],0,0,CONTINUE
MOH,moh.gov.vn,DQ-TOOL-02,"(nền tảng OR công cụ) AND (""đánh giá tuân thủ"" OR ""đánh giá tác động"") AND (""AI"" OR ""trí tuệ nhân tạo"")",SITE_FALLBACK_LOCATOR,2,2026-08-01T04:46:32.225559+00:00,https://www.bing.com/search?q=site%3Amoh.gov.vn+%28n%E1%BB%81n+t%E1%BA%A3ng+OR+c%C3%B4ng+c%E1%BB%A5%29+AND+%28%22%C4%91%C3%A1nh+gi%C3%A1+tu%C3%A2n+th%E1%BB%A7%22+OR+%22%C4%91%C3%A1nh+gi%C3%A1+t%C3%A1c+%C4%91%E1%BB%99ng%22%29+AND+%28%22AI%22+OR+%22tr%C3%AD+tu%E1%BB%87+nh%C3%A2n+t%E1%BA%A1o%22%29&first=11,200,,71198,fallback-site-MOH-DQ-TOOL-02-p02.body,db03483b6dd9aa4847e2d8dbe81404d59cb934325f01ffc741aecde76566cb78,fallback-site-MOH-DQ-TOOL-02-p02.headers.json,65a007ef1675a7f4fb76be4a1fbaddcc8be295d8624c83b8b1768d9464f9a216,[],0,0,TWO_CONSECUTIVE_NO_NEW
MOH-ASTT,asttmoh.vn,DQ-EVID-01,"(""đạo đức AI"" OR ""quản trị AI"") AND (kiểm toán OR thanh tra OR giám sát)",SITE_FALLBACK_LOCATOR,1,2026-08-01T04:46:39.482141+00:00,https://www.bing.com/search?q=site%3Aasttmoh.vn+%28%22%C4%91%E1%BA%A1o+%C4%91%E1%BB%A9c+AI%22+OR+%22qu%E1%BA%A3n+tr%E1%BB%8B+AI%22%29+AND+%28ki%E1%BB%83m+to%C3%A1n+OR+thanh+tra+OR+gi%C3%A1m+s%C3%A1t%29&first=1,200,,70208,fallback-site-MOH-ASTT-DQ-EVID-01-p01.body,b28182c01faf088f95a6afd88a9ec27d69737d94a1834f91a799437fd76f3501,fallback-site-MOH-ASTT-DQ-EVID-01-p01.headers.json,b9c4d83070c0197b9c8de4b6e464775bf2432a71ca1cfab18f01e68e44e9e2f7,[],0,0,CONTINUE
MOH-ASTT,asttmoh.vn,DQ-EVID-01,"(""đạo đức AI"" OR ""quản trị AI"") AND (kiểm toán OR thanh tra OR giám sát)",SITE_FALLBACK_LOCATOR,2,2026-08-01T04:46:41.036277+00:00,https://www.bing.com/search?q=site%3Aasttmoh.vn+%28%22%C4%91%E1%BA%A1o+%C4%91%E1%BB%A9c+AI%22+OR+%22qu%E1%BA%A3n+tr%E1%BB%8B+AI%22%29+AND+%28ki%E1%BB%83m+to%C3%A1n+OR+thanh+tra+OR+gi%C3%A1m+s%C3%A1t%29&first=11,200,,70488,fallback-site-MOH-ASTT-DQ-EVID-01-p02.body,977aff95dbb457ccb1e6b9684cb371041de60de6619985603d0f281d581cbaf3,fallback-site-MOH-ASTT-DQ-EVID-01-p02.headers.json,6487d22af5b9a8ea77670c53ec5dcec6a53dc35a3331dac0e371b104176e7e6a,[],0,0,TWO_CONSECUTIVE_NO_NEW
MOH-ASTT,asttmoh.vn,DQ-EVID-02,"(""AI"" OR ""trí tuệ nhân tạo"") AND (sự cố OR khiếu nại OR khắc phục) AND (y tế OR bệnh viện)",SITE_FALLBACK_LOCATOR,1,2026-08-01T04:46:42.533845+00:00,https://www.bing.com/search?q=site%3Aasttmoh.vn+%28%22AI%22+OR+%22tr%C3%AD+tu%E1%BB%87+nh%C3%A2n+t%E1%BA%A1o%22%29+AND+%28s%E1%BB%B1+c%E1%BB%91+OR+khi%E1%BA%BFu+n%E1%BA%A1i+OR+kh%E1%BA%AFc+ph%E1%BB%A5c%29+AND+%28y+t%E1%BA%BF+OR+b%E1%BB%87nh+vi%E1%BB%87n%29&first=1,200,,70716,fallback-site-MOH-ASTT-DQ-EVID-02-p01.body,4e8bdfee5df5b64883dd7c2b5a841bfbe3f0acfee7ae3d29dfc123a053706e45,fallback-site-MOH-ASTT-DQ-EVID-02-p01.headers.json,4f18ac2884197870249b7b6de2a8a489d8e2da9a0d703579e0c4ac77c84e0bd2,[],0,0,CONTINUE
MOH-ASTT,asttmoh.vn,DQ-EVID-02,"(""AI"" OR ""trí tuệ nhân tạo"") AND (sự cố OR khiếu nại OR khắc phục) AND (y tế OR bệnh viện)",SITE_FALLBACK_LOCATOR,2,2026-08-01T04:46:44.012137+00:00,https://www.bing.com/search?q=site%3Aasttmoh.vn+%28%22AI%22+OR+%22tr%C3%AD+tu%E1%BB%87+nh%C3%A2n+t%E1%BA%A1o%22%29+AND+%28s%E1%BB%B1+c%E1%BB%91+OR+khi%E1%BA%BFu+n%E1%BA%A1i+OR+kh%E1%BA%AFc+ph%E1%BB%A5c%29+AND+%28y+t%E1%BA%BF+OR+b%E1%BB%87nh+vi%E1%BB%87n%29&first=11,200,,70920,fallback-site-MOH-ASTT-DQ-EVID-02-p02.body,0b7b08af789c5185390f292dd3df2509121e1a211d15cba0fe809305732f2477,fallback-site-MOH-ASTT-DQ-EVID-02-p02.headers.json,393a0c5296eba54155a2ce341efc2d9582387cee6b0fa7d272bb6fa2d07b0be9,[],0,0,TWO_CONSECUTIVE_NO_NEW
MOH-ASTT,asttmoh.vn,DQ-EVID-03,"(""AI"" OR ""trí tuệ nhân tạo"") AND (""đánh giá tác động"" OR kết quả) AND (y tế OR bệnh viện)",SITE_FALLBACK_LOCATOR,1,2026-08-01T04:46:42.700817+00:00,https://www.bing.com/search?q=site%3Aasttmoh.vn+%28%22AI%22+OR+%22tr%C3%AD+tu%E1%BB%87+nh%C3%A2n+t%E1%BA%A1o%22%29+AND+%28%22%C4%91%C3%A1nh+gi%C3%A1+t%C3%A1c+%C4%91%E1%BB%99ng%22+OR+k%E1%BA%BFt+qu%E1%BA%A3%29+AND+%28y+t%E1%BA%BF+OR+b%E1%BB%87nh+vi%E1%BB%87n%29&first=1,200,,70681,fallback-site-MOH-ASTT-DQ-EVID-03-p01.body,7c422e8308d3e1443431569ed383935e3dcf86bf700d680e18dd5ef358db591d,fallback-site-MOH-ASTT-DQ-EVID-03-p01.headers.json,51c5842fb9a49ef3091dcb59a8197428af75e66b31087585e9221f84e5486824,[],0,0,CONTINUE
MOH-ASTT,asttmoh.vn,DQ-EVID-03,"(""AI"" OR ""trí tuệ nhân tạo"") AND (""đánh giá tác động"" OR kết quả) AND (y tế OR bệnh viện)",SITE_FALLBACK_LOCATOR,2,2026-08-01T04:46:44.068350+00:00,https://www.bing.com/search?q=site%3Aasttmoh.vn+%28%22AI%22+OR+%22tr%C3%AD+tu%E1%BB%87+nh%C3%A2n+t%E1%BA%A1o%22%29+AND+%28%22%C4%91%C3%A1nh+gi%C3%A1+t%C3%A1c+%C4%91%E1%BB%99ng%22+OR+k%E1%BA%BFt+qu%E1%BA%A3%29+AND+%28y+t%E1%BA%BF+OR+b%E1%BB%87nh+vi%E1%BB%87n%29&first=11,200,,70469,fallback-site-MOH-ASTT-DQ-EVID-03-p02.body,fb350469cad498ce746df3827eec4004b459179080b4fb2c847c05b3339e01ab,fallback-site-MOH-ASTT-DQ-EVID-03-p02.headers.json,68f6ba62df62b5669cccfb743b6b830a29d71c701a2b5d10571f626f552e94c7,[],0,0,TWO_CONSECUTIVE_NO_NEW
MOH-ASTT,asttmoh.vn,DQ-EVID-04,"(""AI ethics"" OR ""AI governance"") AND (audit OR inspection OR monitoring OR incident OR complaint OR redress OR ""impact assessment"" OR outcome OR result) AND (Vietnam OR ""Viet Nam"") AND (health OR hospital)",SITE_FALLBACK_LOCATOR,1,2026-08-01T04:46:42.480314+00:00,https://www.bing.com/search?q=site%3Aasttmoh.vn+%28%22AI+ethics%22+OR+%22AI+governance%22%29+AND+%28audit+OR+inspection+OR+monitoring+OR+incident+OR+complaint+OR+redress+OR+%22impact+assessment%22+OR+outcome+OR+result%29+AND+%28Vietnam+OR+%22Viet+Nam%22%29+AND+%28health+OR+hospital%29&first=1,200,,70677,fallback-site-MOH-ASTT-DQ-EVID-04-p01.body,7966e62376d38708c47b1c68920a2cc68862edaac6927e64321e0f529418b5f1,fallback-site-MOH-ASTT-DQ-EVID-04-p01.headers.json,b23ee2e88164856028c0920c9db743718f859a07443b1f3b026ec6702abbf69c,[],0,0,CONTINUE
MOH-ASTT,asttmoh.vn,DQ-EVID-04,"(""AI ethics"" OR ""AI governance"") AND (audit OR inspection OR monitoring OR incident OR complaint OR redress OR ""impact assessment"" OR outcome OR result) AND (Vietnam OR ""Viet Nam"") AND (health OR hospital)",SITE_FALLBACK_LOCATOR,2,2026-08-01T04:46:43.809142+00:00,https://www.bing.com/search?q=site%3Aasttmoh.vn+%28%22AI+ethics%22+OR+%22AI+governance%22%29+AND+%28audit+OR+inspection+OR+monitoring+OR+incident+OR+complaint+OR+redress+OR+%22impact+assessment%22+OR+outcome+OR+result%29+AND+%28Vietnam+OR+%22Viet+Nam%22%29+AND+%28health+OR+hospital%29&first=11,200,,71033,fallback-site-MOH-ASTT-DQ-EVID-04-p02.body,ef9804c61f3b022cc86b9f003fd452a8ffc6285193ec26a6b77fe73d27f2b5cc,fallback-site-MOH-ASTT-DQ-EVID-04-p02.headers.json,5633ac23612f015c0e4de0f4aa884c1a3aa83572ca5a55c134dc753759469fab,[],0,0,TWO_CONSECUTIVE_NO_NEW
MOH-ASTT,asttmoh.vn,DQ-EVID-05,"(""artificial intelligence"" OR AI) AND (""post-implementation monitoring"" OR ""post-market surveillance"" OR ""incident reporting"" OR ""quality management"" OR ""effectiveness evaluation"" OR audit) AND (Vietnam OR ""Viet Nam"") AND (health OR hospital OR ""provincial health department"")",SITE_FALLBACK_LOCATOR,1,2026-08-01T04:46:45.220795+00:00,https://www.bing.com/search?q=site%3Aasttmoh.vn+%28%22artificial+intelligence%22+OR+AI%29+AND+%28%22post-implementation+monitoring%22+OR+%22post-market+surveillance%22+OR+%22incident+reporting%22+OR+%22quality+management%22+OR+%22effectiveness+evaluation%22+OR+audit%29+AND+%28Vietnam+OR+%22Viet+Nam%22%29+AND+%28health+OR+hospital+OR+%22provincial+health+department%22%29&first=1,200,,71693,fallback-site-MOH-ASTT-DQ-EVID-05-p01.body,838ae2f530d9e307b95f40eee2d41a8a5c89714e3f69aa45cc26de789932181a,fallback-site-MOH-ASTT-DQ-EVID-05-p01.headers.json,044f3dae8c390227ee893fc218546843788ea48d1318f6263cdeebf4a9d58390,[],0,0,CONTINUE
MOH-ASTT,asttmoh.vn,DQ-EVID-05,"(""artificial intelligence"" OR AI) AND (""post-implementation monitoring"" OR ""post-market surveillance"" OR ""incident reporting"" OR ""quality management"" OR ""effectiveness evaluation"" OR audit) AND (Vietnam OR ""Viet Nam"") AND (health OR hospital OR ""provincial health department"")",SITE_FALLBACK_LOCATOR,2,2026-08-01T04:46:46.660287+00:00,https://www.bing.com/search?q=site%3Aasttmoh.vn+%28%22artificial+intelligence%22+OR+AI%29+AND+%28%22post-implementation+monitoring%22+OR+%22post-market+surveillance%22+OR+%22incident+reporting%22+OR+%22quality+management%22+OR+%22effectiveness+evaluation%22+OR+audit%29+AND+%28Vietnam+OR+%22Viet+Nam%22%29+AND+%28health+OR+hospital+OR+%22provincial+health+department%22%29&first=11,200,,71808,fallback-site-MOH-ASTT-DQ-EVID-05-p02.body,2ae685a7e69a67f2135090cb46573fce0ae6fed02d47a5903a4675a8240facda,fallback-site-MOH-ASTT-DQ-EVID-05-p02.headers.json,523ca37a476c076fdcbd356a9cf4854df193882d6f600fec15505323444aa6e3,[],0,0,TWO_CONSECUTIVE_NO_NEW
MOH-ASTT,asttmoh.vn,DQ-IMPL-01,"(""đạo đức AI"" OR ""AI có trách nhiệm"" OR ""quản trị AI"") AND (kế hoạch OR triển khai OR áp dụng OR thí điểm)",SITE_FALLBACK_LOCATOR,1,2026-08-01T04:46:36.562596+00:00,https://www.bing.com/search?q=site%3Aasttmoh.vn+%28%22%C4%91%E1%BA%A1o+%C4%91%E1%BB%A9c+AI%22+OR+%22AI+c%C3%B3+tr%C3%A1ch+nhi%E1%BB%87m%22+OR+%22qu%E1%BA%A3n+tr%E1%BB%8B+AI%22%29+AND+%28k%E1%BA%BF+ho%E1%BA%A1ch+OR+tri%E1%BB%83n+khai+OR+%C3%A1p+d%E1%BB%A5ng+OR+th%C3%AD+%C4%91i%E1%BB%83m%29&first=1,200,,71065,fallback-site-MOH-ASTT-DQ-IMPL-01-p01.body,11e3005f3e2cf3fb040299da9b8687777263191ab40c3a3be8cd0f760f3beac1,fallback-site-MOH-ASTT-DQ-IMPL-01-p01.headers.json,7fe6b31257ecd95253cc4a29db44800f56ef13cd56898a5ad5d76c17f2971159,[],0,0,CONTINUE
MOH-ASTT,asttmoh.vn,DQ-IMPL-01,"(""đạo đức AI"" OR ""AI có trách nhiệm"" OR ""quản trị AI"") AND (kế hoạch OR triển khai OR áp dụng OR thí điểm)",SITE_FALLBACK_LOCATOR,2,2026-08-01T04:46:37.932837+00:00,https://www.bing.com/search?q=site%3Aasttmoh.vn+%28%22%C4%91%E1%BA%A1o+%C4%91%E1%BB%A9c+AI%22+OR+%22AI+c%C3%B3+tr%C3%A1ch+nhi%E1%BB%87m%22+OR+%22qu%E1%BA%A3n+tr%E1%BB%8B+AI%22%29+AND+%28k%E1%BA%BF+ho%E1%BA%A1ch+OR+tri%E1%BB%83n+khai+OR+%C3%A1p+d%E1%BB%A5ng+OR+th%C3%AD+%C4%91i%E1%BB%83m%29&first=11,200,,71490,fallback-site-MOH-ASTT-DQ-IMPL-01-p02.body,dc28a8f502aa6a497ae9e7e287bb35fd085dcfce0c859daa8597216c37f3da5c,fallback-site-MOH-ASTT-DQ-IMPL-01-p02.headers.json,0af58fe59b8d2de836b07410f0517b955134176a0e066993356ce7783b722463,[],0,0,TWO_CONSECUTIVE_NO_NEW
MOH-ASTT,asttmoh.vn,DQ-IMPL-02,"(""đạo đức AI"" OR ""AI có trách nhiệm"" OR ""quản trị AI"") AND (""Bộ Y tế"" OR bệnh viện OR ""cơ sở khám bệnh, chữa bệnh"")",SITE_FALLBACK_LOCATOR,1,2026-08-01T04:46:36.658989+00:00,https://www.bing.com/search?q=site%3Aasttmoh.vn+%28%22%C4%91%E1%BA%A1o+%C4%91%E1%BB%A9c+AI%22+OR+%22AI+c%C3%B3+tr%C3%A1ch+nhi%E1%BB%87m%22+OR+%22qu%E1%BA%A3n+tr%E1%BB%8B+AI%22%29+AND+%28%22B%E1%BB%99+Y+t%E1%BA%BF%22+OR+b%E1%BB%87nh+vi%E1%BB%87n+OR+%22c%C6%A1+s%E1%BB%9F+kh%C3%A1m+b%E1%BB%87nh%2C+ch%E1%BB%AFa+b%E1%BB%87nh%22%29&first=1,200,,71604,fallback-site-MOH-ASTT-DQ-IMPL-02-p01.body,6e17af81810f4b081b62e9502b63afbfb879295d13f883b6b19067805c5ced69,fallback-site-MOH-ASTT-DQ-IMPL-02-p01.headers.json,c29bed1f3f2161300ffd911690fc74bc1547e93a6fc7a76b7e5307302ea6afd9,[],0,0,CONTINUE
MOH-ASTT,asttmoh.vn,DQ-IMPL-02,"(""đạo đức AI"" OR ""AI có trách nhiệm"" OR ""quản trị AI"") AND (""Bộ Y tế"" OR bệnh viện OR ""cơ sở khám bệnh, chữa bệnh"")",SITE_FALLBACK_LOCATOR,2,2026-08-01T04:46:38.107368+00:00,https://www.bing.com/search?q=site%3Aasttmoh.vn+%28%22%C4%91%E1%BA%A1o+%C4%91%E1%BB%A9c+AI%22+OR+%22AI+c%C3%B3+tr%C3%A1ch+nhi%E1%BB%87m%22+OR+%22qu%E1%BA%A3n+tr%E1%BB%8B+AI%22%29+AND+%28%22B%E1%BB%99+Y+t%E1%BA%BF%22+OR+b%E1%BB%87nh+vi%E1%BB%87n+OR+%22c%C6%A1+s%E1%BB%9F+kh%C3%A1m+b%E1%BB%87nh%2C+ch%E1%BB%AFa+b%E1%BB%87nh%22%29&first=11,200,,70381,fallback-site-MOH-ASTT-DQ-IMPL-02-p02.body,19ad0fc313982c4674851d39edf33369bc626345465aa2a475bff698c2356c4a,fallback-site-MOH-ASTT-DQ-IMPL-02-p02.headers.json,85b5377c6f831b5359ec9c533eb54584b583d84cc85fee821ea2932f15cdfa78,[],0,0,TWO_CONSECUTIVE_NO_NEW
MOH-ASTT,asttmoh.vn,DQ-IMPL-03,"(""responsible AI"" OR ""AI governance"" OR ""AI ethics"") AND (implementation OR adoption OR uptake OR plan OR pilot) AND (Vietnam OR ""Viet Nam"") AND (health OR hospital OR clinical)",SITE_FALLBACK_LOCATOR,1,2026-08-01T04:46:39.333868+00:00,https://www.bing.com/search?q=site%3Aasttmoh.vn+%28%22responsible+AI%22+OR+%22AI+governance%22+OR+%22AI+ethics%22%29+AND+%28implementation+OR+adoption+OR+uptake+OR+plan+OR+pilot%29+AND+%28Vietnam+OR+%22Viet+Nam%22%29+AND+%28health+OR+hospital+OR+clinical%29&first=1,200,,70803,fallback-site-MOH-ASTT-DQ-IMPL-03-p01.body,951b1ecde40a8bf808188b97b27868df9b8b3ff3dec821e97edb95d42b0f7d0e,fallback-site-MOH-ASTT-DQ-IMPL-03-p01.headers.json,8b614fa170ce304a7dc6121945886e0ae3983afaeb1a62f538ff1cf7f4aab0ec,[],0,0,CONTINUE
MOH-ASTT,asttmoh.vn,DQ-IMPL-03,"(""responsible AI"" OR ""AI governance"" OR ""AI ethics"") AND (implementation OR adoption OR uptake OR plan OR pilot) AND (Vietnam OR ""Viet Nam"") AND (health OR hospital OR clinical)",SITE_FALLBACK_LOCATOR,2,2026-08-01T04:46:40.966780+00:00,https://www.bing.com/search?q=site%3Aasttmoh.vn+%28%22responsible+AI%22+OR+%22AI+governance%22+OR+%22AI+ethics%22%29+AND+%28implementation+OR+adoption+OR+uptake+OR+plan+OR+pilot%29+AND+%28Vietnam+OR+%22Viet+Nam%22%29+AND+%28health+OR+hospital+OR+clinical%29&first=11,200,,70457,fallback-site-MOH-ASTT-DQ-IMPL-03-p02.body,d12eed7b76229af4fbeb74d3829f82cd1cf840c3d718b20e373a836803f1bd31,fallback-site-MOH-ASTT-DQ-IMPL-03-p02.headers.json,1b83e7a96677eb4f8e95230b566a1e96ba0eae8bb74711297de12a132d635eb6,[],0,0,TWO_CONSECUTIVE_NO_NEW
MOH-ASTT,asttmoh.vn,DQ-IMPL-04,"(""trí tuệ nhân tạo"" OR AI) AND (""theo dõi sau triển khai"" OR hậu kiểm OR ""giám sát sau triển khai"" OR ""đánh giá hiệu quả"") AND (y tế OR bệnh viện OR ""Sở Y tế"")",SITE_FALLBACK_LOCATOR,1,2026-08-01T04:46:42.481321+00:00,https://www.bing.com/search?q=site%3Aasttmoh.vn+%28%22tr%C3%AD+tu%E1%BB%87+nh%C3%A2n+t%E1%BA%A1o%22+OR+AI%29+AND+%28%22theo+d%C3%B5i+sau+tri%E1%BB%83n+khai%22+OR+h%E1%BA%ADu+ki%E1%BB%83m+OR+%22gi%C3%A1m+s%C3%A1t+sau+tri%E1%BB%83n+khai%22+OR+%22%C4%91%C3%A1nh+gi%C3%A1+hi%E1%BB%87u+qu%E1%BA%A3%22%29+AND+%28y+t%E1%BA%BF+OR+b%E1%BB%87nh+vi%E1%BB%87n+OR+%22S%E1%BB%9F+Y+t%E1%BA%BF%22%29&first=1,200,,71514,fallback-site-MOH-ASTT-DQ-IMPL-04-p01.body,6d9b70882a6fa728720ca881c99715310c6003c0213494d59e06f6d996388849,fallback-site-MOH-ASTT-DQ-IMPL-04-p01.headers.json,7a9478615d0b91b891de075f67951ff1814a47e93a0aab3acd2b93236bd21f47,[],0,0,CONTINUE
MOH-ASTT,asttmoh.vn,DQ-IMPL-04,"(""trí tuệ nhân tạo"" OR AI) AND (""theo dõi sau triển khai"" OR hậu kiểm OR ""giám sát sau triển khai"" OR ""đánh giá hiệu quả"") AND (y tế OR bệnh viện OR ""Sở Y tế"")",SITE_FALLBACK_LOCATOR,2,2026-08-01T04:46:44.045903+00:00,https://www.bing.com/search?q=site%3Aasttmoh.vn+%28%22tr%C3%AD+tu%E1%BB%87+nh%C3%A2n+t%E1%BA%A1o%22+OR+AI%29+AND+%28%22theo+d%C3%B5i+sau+tri%E1%BB%83n+khai%22+OR+h%E1%BA%ADu+ki%E1%BB%83m+OR+%22gi%C3%A1m+s%C3%A1t+sau+tri%E1%BB%83n+khai%22+OR+%22%C4%91%C3%A1nh+gi%C3%A1+hi%E1%BB%87u+qu%E1%BA%A3%22%29+AND+%28y+t%E1%BA%BF+OR+b%E1%BB%87nh+vi%E1%BB%87n+OR+%22S%E1%BB%9F+Y+t%E1%BA%BF%22%29&first=11,200,,71314,fallback-site-MOH-ASTT-DQ-IMPL-04-p02.body,6f0cb48cf6d36ee7e0dc55b2b6c07a337f6c83e5c33911a17d18dc944b6ba130,fallback-site-MOH-ASTT-DQ-IMPL-04-p02.headers.json,7e34c28e29fe3808df2869def6a806137a9812344984755ba5d94271ade49f30,[],0,0,TWO_CONSECUTIVE_NO_NEW
MOH-ASTT,asttmoh.vn,DQ-IMPL-05,"(""trí tuệ nhân tạo"" OR AI) AND (""báo cáo sự cố"" OR ""quản lý chất lượng"" OR kiểm toán OR thanh tra) AND (y tế OR bệnh viện OR ""Sở Y tế"")",SITE_FALLBACK_LOCATOR,1,2026-08-01T04:46:39.522826+00:00,https://www.bing.com/search?q=site%3Aasttmoh.vn+%28%22tr%C3%AD+tu%E1%BB%87+nh%C3%A2n+t%E1%BA%A1o%22+OR+AI%29+AND+%28%22b%C3%A1o+c%C3%A1o+s%E1%BB%B1+c%E1%BB%91%22+OR+%22qu%E1%BA%A3n+l%C3%BD+ch%E1%BA%A5t+l%C6%B0%E1%BB%A3ng%22+OR+ki%E1%BB%83m+to%C3%A1n+OR+thanh+tra%29+AND+%28y+t%E1%BA%BF+OR+b%E1%BB%87nh+vi%E1%BB%87n+OR+%22S%E1%BB%9F+Y+t%E1%BA%BF%22%29&first=1,200,,71011,fallback-site-MOH-ASTT-DQ-IMPL-05-p01.body,8403169c0ebd11284b7f5782c764c1bb770ec66f6667edcdabbef6a258a58825,fallback-site-MOH-ASTT-DQ-IMPL-05-p01.headers.json,48fb7082356409cb18bdb50e503ada5cbd35ee814e30a4d3ed492ba6525c6dc2,[],0,0,CONTINUE
MOH-ASTT,asttmoh.vn,DQ-IMPL-05,"(""trí tuệ nhân tạo"" OR AI) AND (""báo cáo sự cố"" OR ""quản lý chất lượng"" OR kiểm toán OR thanh tra) AND (y tế OR bệnh viện OR ""Sở Y tế"")",SITE_FALLBACK_LOCATOR,2,2026-08-01T04:46:41.037289+00:00,https://www.bing.com/search?q=site%3Aasttmoh.vn+%28%22tr%C3%AD+tu%E1%BB%87+nh%C3%A2n+t%E1%BA%A1o%22+OR+AI%29+AND+%28%22b%C3%A1o+c%C3%A1o+s%E1%BB%B1+c%E1%BB%91%22+OR+%22qu%E1%BA%A3n+l%C3%BD+ch%E1%BA%A5t+l%C6%B0%E1%BB%A3ng%22+OR+ki%E1%BB%83m+to%C3%A1n+OR+thanh+tra%29+AND+%28y+t%E1%BA%BF+OR+b%E1%BB%87nh+vi%E1%BB%87n+OR+%22S%E1%BB%9F+Y+t%E1%BA%BF%22%29&first=11,200,,71165,fallback-site-MOH-ASTT-DQ-IMPL-05-p02.body,1477dfdb4af0ccb3222c27d9a6376ee0f6164df7fd63095e58c9ccd989d2dd40,fallback-site-MOH-ASTT-DQ-IMPL-05-p02.headers.json,e64c6e95cfec6317374eca352661261f38572a2cf8b256685d698bfdf2c255e5,[],0,0,TWO_CONSECUTIVE_NO_NEW
MOH-ASTT,asttmoh.vn,DQ-TOOL-01,"(""đánh giá tuân thủ"" OR ""tự đánh giá"") AND (""đạo đức AI"" OR ""AI có trách nhiệm"")",SITE_FALLBACK_LOCATOR,1,2026-08-01T04:46:39.456997+00:00,https://www.bing.com/search?q=site%3Aasttmoh.vn+%28%22%C4%91%C3%A1nh+gi%C3%A1+tu%C3%A2n+th%E1%BB%A7%22+OR+%22t%E1%BB%B1+%C4%91%C3%A1nh+gi%C3%A1%22%29+AND+%28%22%C4%91%E1%BA%A1o+%C4%91%E1%BB%A9c+AI%22+OR+%22AI+c%C3%B3+tr%C3%A1ch+nhi%E1%BB%87m%22%29&first=1,200,,71289,fallback-site-MOH-ASTT-DQ-TOOL-01-p01.body,416e6908bef4c57d7875c9aa611737bbb2417084993eca85707fa4f6a7908d0f,fallback-site-MOH-ASTT-DQ-TOOL-01-p01.headers.json,2f5bc75bf9f4ee7f7241fc653d1bf85dc1506f807f6ba8a9011434dd38b4c98e,[],0,0,CONTINUE
MOH-ASTT,asttmoh.vn,DQ-TOOL-01,"(""đánh giá tuân thủ"" OR ""tự đánh giá"") AND (""đạo đức AI"" OR ""AI có trách nhiệm"")",SITE_FALLBACK_LOCATOR,2,2026-08-01T04:46:40.997909+00:00,https://www.bing.com/search?q=site%3Aasttmoh.vn+%28%22%C4%91%C3%A1nh+gi%C3%A1+tu%C3%A2n+th%E1%BB%A7%22+OR+%22t%E1%BB%B1+%C4%91%C3%A1nh+gi%C3%A1%22%29+AND+%28%22%C4%91%E1%BA%A1o+%C4%91%E1%BB%A9c+AI%22+OR+%22AI+c%C3%B3+tr%C3%A1ch+nhi%E1%BB%87m%22%29&first=11,200,,70513,fallback-site-MOH-ASTT-DQ-TOOL-01-p02.body,980e3029704422fe8da9dd7196f304a20aef7fd77ff55babc68f7fce8b7efcd8,fallback-site-MOH-ASTT-DQ-TOOL-01-p02.headers.json,fe207dcba4f9502aa1ec0afecc3d6b9f70b017585d9739ad6c3ef50eabad6b08,[],0,0,TWO_CONSECUTIVE_NO_NEW
MOH-ASTT,asttmoh.vn,DQ-TOOL-02,"(nền tảng OR công cụ) AND (""đánh giá tuân thủ"" OR ""đánh giá tác động"") AND (""AI"" OR ""trí tuệ nhân tạo"")",SITE_FALLBACK_LOCATOR,1,2026-08-01T04:46:48.253522+00:00,https://www.bing.com/search?q=site%3Aasttmoh.vn+%28n%E1%BB%81n+t%E1%BA%A3ng+OR+c%C3%B4ng+c%E1%BB%A5%29+AND+%28%22%C4%91%C3%A1nh+gi%C3%A1+tu%C3%A2n+th%E1%BB%A7%22+OR+%22%C4%91%C3%A1nh+gi%C3%A1+t%C3%A1c+%C4%91%E1%BB%99ng%22%29+AND+%28%22AI%22+OR+%22tr%C3%AD+tu%E1%BB%87+nh%C3%A2n+t%E1%BA%A1o%22%29&first=1,200,,70734,fallback-site-MOH-ASTT-DQ-TOOL-02-p01.body,345e4ce5f5a402b2526d24d7148abec52636dfb434424da689594c8752106cb5,fallback-site-MOH-ASTT-DQ-TOOL-02-p01.headers.json,223534dcca07638880e2d86436306cb544700a784c347e2ff31fe8a498aad155,[],0,0,CONTINUE
MOH-ASTT,asttmoh.vn,DQ-TOOL-02,"(nền tảng OR công cụ) AND (""đánh giá tuân thủ"" OR ""đánh giá tác động"") AND (""AI"" OR ""trí tuệ nhân tạo"")",SITE_FALLBACK_LOCATOR,2,2026-08-01T04:46:49.791752+00:00,https://www.bing.com/search?q=site%3Aasttmoh.vn+%28n%E1%BB%81n+t%E1%BA%A3ng+OR+c%C3%B4ng+c%E1%BB%A5%29+AND+%28%22%C4%91%C3%A1nh+gi%C3%A1+tu%C3%A2n+th%E1%BB%A7%22+OR+%22%C4%91%C3%A1nh+gi%C3%A1+t%C3%A1c+%C4%91%E1%BB%99ng%22%29+AND+%28%22AI%22+OR+%22tr%C3%AD+tu%E1%BB%87+nh%C3%A2n+t%E1%BA%A1o%22%29&first=11,200,,70715,fallback-site-MOH-ASTT-DQ-TOOL-02-p02.body,aee91f9fb114fa9e4bb6837421fd4ba0f23e190268b1d5919b69b345b3b931cc,fallback-site-MOH-ASTT-DQ-TOOL-02-p02.headers.json,a2b4e639e089bfc871666ee2e3cb60fd99391b79cad90792e309b750952111b6,[],0,0,TWO_CONSECUTIVE_NO_NEW
MOH-HSPI,hspi.org.vn,DQ-EVID-01,"(""đạo đức AI"" OR ""quản trị AI"") AND (kiểm toán OR thanh tra OR giám sát)",SITE_FALLBACK_LOCATOR,1,2026-08-01T04:47:23.465779+00:00,https://www.bing.com/search?q=site%3Ahspi.org.vn+%28%22%C4%91%E1%BA%A1o+%C4%91%E1%BB%A9c+AI%22+OR+%22qu%E1%BA%A3n+tr%E1%BB%8B+AI%22%29+AND+%28ki%E1%BB%83m+to%C3%A1n+OR+thanh+tra+OR+gi%C3%A1m+s%C3%A1t%29&first=1,200,,70453,fallback-site-MOH-HSPI-DQ-EVID-01-p01.body,5939ff72c5b0b6d07ea84e6e8f1344b5a44a78118f7e236f35318d29f95941d2,fallback-site-MOH-HSPI-DQ-EVID-01-p01.headers.json,3a2d83a81e4a00493e69f5a13819f9abfdeb9387e8d132dc7d84f2be112e58d7,[],0,0,CONTINUE
MOH-HSPI,hspi.org.vn,DQ-EVID-01,"(""đạo đức AI"" OR ""quản trị AI"") AND (kiểm toán OR thanh tra OR giám sát)",SITE_FALLBACK_LOCATOR,2,2026-08-01T04:47:24.883309+00:00,https://www.bing.com/search?q=site%3Ahspi.org.vn+%28%22%C4%91%E1%BA%A1o+%C4%91%E1%BB%A9c+AI%22+OR+%22qu%E1%BA%A3n+tr%E1%BB%8B+AI%22%29+AND+%28ki%E1%BB%83m+to%C3%A1n+OR+thanh+tra+OR+gi%C3%A1m+s%C3%A1t%29&first=11,200,,71011,fallback-site-MOH-HSPI-DQ-EVID-01-p02.body,f56be02a0c248cd4bf1ac9ec0f17c5ff0684add23a57b931fd6b301f4ae076df,fallback-site-MOH-HSPI-DQ-EVID-01-p02.headers.json,cc17d909e3fd733ac28b003e2017dbe8e7914ae91ab799703fd2cec19528e139,[],0,0,TWO_CONSECUTIVE_NO_NEW
MOH-HSPI,hspi.org.vn,DQ-EVID-02,"(""AI"" OR ""trí tuệ nhân tạo"") AND (sự cố OR khiếu nại OR khắc phục) AND (y tế OR bệnh viện)",SITE_FALLBACK_LOCATOR,1,2026-08-01T04:47:25.620903+00:00,https://www.bing.com/search?q=site%3Ahspi.org.vn+%28%22AI%22+OR+%22tr%C3%AD+tu%E1%BB%87+nh%C3%A2n+t%E1%BA%A1o%22%29+AND+%28s%E1%BB%B1+c%E1%BB%91+OR+khi%E1%BA%BFu+n%E1%BA%A1i+OR+kh%E1%BA%AFc+ph%E1%BB%A5c%29+AND+%28y+t%E1%BA%BF+OR+b%E1%BB%87nh+vi%E1%BB%87n%29&first=1,200,,70306,fallback-site-MOH-HSPI-DQ-EVID-02-p01.body,f598fd0621b07bbc4fe430603de5205b548e50d9a9a0eeb94cfc324de8a8d9cd,fallback-site-MOH-HSPI-DQ-EVID-02-p01.headers.json,80c2bfc3046d18fe8e8acda5440a6b8fed2af4b2c9df545828236a50bc328afa,[],0,0,CONTINUE
MOH-HSPI,hspi.org.vn,DQ-EVID-02,"(""AI"" OR ""trí tuệ nhân tạo"") AND (sự cố OR khiếu nại OR khắc phục) AND (y tế OR bệnh viện)",SITE_FALLBACK_LOCATOR,2,2026-08-01T04:47:27.107022+00:00,https://www.bing.com/search?q=site%3Ahspi.org.vn+%28%22AI%22+OR+%22tr%C3%AD+tu%E1%BB%87+nh%C3%A2n+t%E1%BA%A1o%22%29+AND+%28s%E1%BB%B1+c%E1%BB%91+OR+khi%E1%BA%BFu+n%E1%BA%A1i+OR+kh%E1%BA%AFc+ph%E1%BB%A5c%29+AND+%28y+t%E1%BA%BF+OR+b%E1%BB%87nh+vi%E1%BB%87n%29&first=11,200,,70779,fallback-site-MOH-HSPI-DQ-EVID-02-p02.body,aaa3df070d520f25505782e51f0096ad7e05a917d426c091df5c8da1f84328b0,fallback-site-MOH-HSPI-DQ-EVID-02-p02.headers.json,251857cf9daa7bd1daf0d06826e05b6f03fdde66de170bdf1805e66d6ebf2950,[],0,0,TWO_CONSECUTIVE_NO_NEW
MOH-HSPI,hspi.org.vn,DQ-EVID-03,"(""AI"" OR ""trí tuệ nhân tạo"") AND (""đánh giá tác động"" OR kết quả) AND (y tế OR bệnh viện)",SITE_FALLBACK_LOCATOR,1,2026-08-01T04:47:26.088288+00:00,https://www.bing.com/search?q=site%3Ahspi.org.vn+%28%22AI%22+OR+%22tr%C3%AD+tu%E1%BB%87+nh%C3%A2n+t%E1%BA%A1o%22%29+AND+%28%22%C4%91%C3%A1nh+gi%C3%A1+t%C3%A1c+%C4%91%E1%BB%99ng%22+OR+k%E1%BA%BFt+qu%E1%BA%A3%29+AND+%28y+t%E1%BA%BF+OR+b%E1%BB%87nh+vi%E1%BB%87n%29&first=1,200,,70833,fallback-site-MOH-HSPI-DQ-EVID-03-p01.body,fa97477cd7d9bcdda9a05a9dcaad13492ec182fa7430988226688c6ef43e1f8e,fallback-site-MOH-HSPI-DQ-EVID-03-p01.headers.json,90c6d042072894e144df9107b4f1a27d5b5316074e18ae050cb3397c56bb62c4,[],0,0,CONTINUE
MOH-HSPI,hspi.org.vn,DQ-EVID-03,"(""AI"" OR ""trí tuệ nhân tạo"") AND (""đánh giá tác động"" OR kết quả) AND (y tế OR bệnh viện)",SITE_FALLBACK_LOCATOR,2,2026-08-01T04:47:27.485319+00:00,https://www.bing.com/search?q=site%3Ahspi.org.vn+%28%22AI%22+OR+%22tr%C3%AD+tu%E1%BB%87+nh%C3%A2n+t%E1%BA%A1o%22%29+AND+%28%22%C4%91%C3%A1nh+gi%C3%A1+t%C3%A1c+%C4%91%E1%BB%99ng%22+OR+k%E1%BA%BFt+qu%E1%BA%A3%29+AND+%28y+t%E1%BA%BF+OR+b%E1%BB%87nh+vi%E1%BB%87n%29&first=11,200,,70658,fallback-site-MOH-HSPI-DQ-EVID-03-p02.body,7a9e98274553baeba33ae5def81615e908ffee9aaa9b584ae132ddb9edb002e0,fallback-site-MOH-HSPI-DQ-EVID-03-p02.headers.json,fa59ac9d4a1f3eb3686c8c074abfced56cc5de2725a9c6f72d7d6be6d74eb339,[],0,0,TWO_CONSECUTIVE_NO_NEW
MOH-HSPI,hspi.org.vn,DQ-EVID-04,"(""AI ethics"" OR ""AI governance"") AND (audit OR inspection OR monitoring OR incident OR complaint OR redress OR ""impact assessment"" OR outcome OR result) AND (Vietnam OR ""Viet Nam"") AND (health OR hospital)",SITE_FALLBACK_LOCATOR,1,2026-08-01T04:47:26.391590+00:00,https://www.bing.com/search?q=site%3Ahspi.org.vn+%28%22AI+ethics%22+OR+%22AI+governance%22%29+AND+%28audit+OR+inspection+OR+monitoring+OR+incident+OR+complaint+OR+redress+OR+%22impact+assessment%22+OR+outcome+OR+result%29+AND+%28Vietnam+OR+%22Viet+Nam%22%29+AND+%28health+OR+hospital%29&first=1,200,,70696,fallback-site-MOH-HSPI-DQ-EVID-04-p01.body,239e63ae068d88edb4977ef99497c272ece37129067a9524dcbe522653f86114,fallback-site-MOH-HSPI-DQ-EVID-04-p01.headers.json,8c342509fd103357cc54c2c6f70d9c0c8e50655943d50340f857178336564b8e,[],0,0,CONTINUE
MOH-HSPI,hspi.org.vn,DQ-EVID-04,"(""AI ethics"" OR ""AI governance"") AND (audit OR inspection OR monitoring OR incident OR complaint OR redress OR ""impact assessment"" OR outcome OR result) AND (Vietnam OR ""Viet Nam"") AND (health OR hospital)",SITE_FALLBACK_LOCATOR,2,2026-08-01T04:47:27.760357+00:00,https://www.bing.com/search?q=site%3Ahspi.org.vn+%28%22AI+ethics%22+OR+%22AI+governance%22%29+AND+%28audit+OR+inspection+OR+monitoring+OR+incident+OR+complaint+OR+redress+OR+%22impact+assessment%22+OR+outcome+OR+result%29+AND+%28Vietnam+OR+%22Viet+Nam%22%29+AND+%28health+OR+hospital%29&first=11,200,,70640,fallback-site-MOH-HSPI-DQ-EVID-04-p02.body,7cd04e0915691698f1b3627ee8d24e70c8d34aae8e23a7554fb7e1cc2fd5fcb7,fallback-site-MOH-HSPI-DQ-EVID-04-p02.headers.json,2aec4cb3f7d3bee9a9fb8abfaa073d24d1ad28f285fbfa05ddf70166ae77701a,[],0,0,TWO_CONSECUTIVE_NO_NEW
MOH-HSPI,hspi.org.vn,DQ-EVID-05,"(""artificial intelligence"" OR AI) AND (""post-implementation monitoring"" OR ""post-market surveillance"" OR ""incident reporting"" OR ""quality management"" OR ""effectiveness evaluation"" OR audit) AND (Vietnam OR ""Viet Nam"") AND (health OR hospital OR ""provincial health department"")",SITE_FALLBACK_LOCATOR,1,2026-08-01T04:47:26.221462+00:00,https://www.bing.com/search?q=site%3Ahspi.org.vn+%28%22artificial+intelligence%22+OR+AI%29+AND+%28%22post-implementation+monitoring%22+OR+%22post-market+surveillance%22+OR+%22incident+reporting%22+OR+%22quality+management%22+OR+%22effectiveness+evaluation%22+OR+audit%29+AND+%28Vietnam+OR+%22Viet+Nam%22%29+AND+%28health+OR+hospital+OR+%22provincial+health+department%22%29&first=1,200,,72350,fallback-site-MOH-HSPI-DQ-EVID-05-p01.body,14e806b743d8a44d536249baf7f724832c5dcdbd6350780bd6d7bd9d5992ba15,fallback-site-MOH-HSPI-DQ-EVID-05-p01.headers.json,0ba6cdde79d50bde12ee19151e8b72ae8794b9957e5468b24b58b87577ea367c,[],0,0,CONTINUE
MOH-HSPI,hspi.org.vn,DQ-EVID-05,"(""artificial intelligence"" OR AI) AND (""post-implementation monitoring"" OR ""post-market surveillance"" OR ""incident reporting"" OR ""quality management"" OR ""effectiveness evaluation"" OR audit) AND (Vietnam OR ""Viet Nam"") AND (health OR hospital OR ""provincial health department"")",SITE_FALLBACK_LOCATOR,2,2026-08-01T04:47:27.630927+00:00,https://www.bing.com/search?q=site%3Ahspi.org.vn+%28%22artificial+intelligence%22+OR+AI%29+AND+%28%22post-implementation+monitoring%22+OR+%22post-market+surveillance%22+OR+%22incident+reporting%22+OR+%22quality+management%22+OR+%22effectiveness+evaluation%22+OR+audit%29+AND+%28Vietnam+OR+%22Viet+Nam%22%29+AND+%28health+OR+hospital+OR+%22provincial+health+department%22%29&first=11,200,,71933,fallback-site-MOH-HSPI-DQ-EVID-05-p02.body,14518236c2aee2c28b9b8743983f12649aee24b32fdf98ce1a7e1f97b812fc1f,fallback-site-MOH-HSPI-DQ-EVID-05-p02.headers.json,d2264d84a0133b67e1bc124ce3dad77fafdfb6cd4b8559f2ba9c87b900d2ba91,[],0,0,TWO_CONSECUTIVE_NO_NEW
MOH-HSPI,hspi.org.vn,DQ-IMPL-01,"(""đạo đức AI"" OR ""AI có trách nhiệm"" OR ""quản trị AI"") AND (kế hoạch OR triển khai OR áp dụng OR thí điểm)",SITE_FALLBACK_LOCATOR,1,2026-08-01T04:47:19.935087+00:00,https://www.bing.com/search?q=site%3Ahspi.org.vn+%28%22%C4%91%E1%BA%A1o+%C4%91%E1%BB%A9c+AI%22+OR+%22AI+c%C3%B3+tr%C3%A1ch+nhi%E1%BB%87m%22+OR+%22qu%E1%BA%A3n+tr%E1%BB%8B+AI%22%29+AND+%28k%E1%BA%BF+ho%E1%BA%A1ch+OR+tri%E1%BB%83n+khai+OR+%C3%A1p+d%E1%BB%A5ng+OR+th%C3%AD+%C4%91i%E1%BB%83m%29&first=1,200,,70732,fallback-site-MOH-HSPI-DQ-IMPL-01-p01.body,65a44e7055e14d1a54a49bf49bb7243ce79da94aa33ea371b3c51dcfc3985a36,fallback-site-MOH-HSPI-DQ-IMPL-01-p01.headers.json,5f9b3f3abf34d9aa60e266443279c4389d2b2f81c7880bd18810865641137ca5,[],0,0,CONTINUE
MOH-HSPI,hspi.org.vn,DQ-IMPL-01,"(""đạo đức AI"" OR ""AI có trách nhiệm"" OR ""quản trị AI"") AND (kế hoạch OR triển khai OR áp dụng OR thí điểm)",SITE_FALLBACK_LOCATOR,2,2026-08-01T04:47:21.314651+00:00,https://www.bing.com/search?q=site%3Ahspi.org.vn+%28%22%C4%91%E1%BA%A1o+%C4%91%E1%BB%A9c+AI%22+OR+%22AI+c%C3%B3+tr%C3%A1ch+nhi%E1%BB%87m%22+OR+%22qu%E1%BA%A3n+tr%E1%BB%8B+AI%22%29+AND+%28k%E1%BA%BF+ho%E1%BA%A1ch+OR+tri%E1%BB%83n+khai+OR+%C3%A1p+d%E1%BB%A5ng+OR+th%C3%AD+%C4%91i%E1%BB%83m%29&first=11,200,,71188,fallback-site-MOH-HSPI-DQ-IMPL-01-p02.body,1a8a877d4e33ddea4e296c3847f31871ec4df36bc0d3932101e9dcf5a0fa3525,fallback-site-MOH-HSPI-DQ-IMPL-01-p02.headers.json,ea9f1f17bca7cb90f31a22f7044066f245c3998d885c0d87059b20abd9a90cd8,[],0,0,TWO_CONSECUTIVE_NO_NEW
MOH-HSPI,hspi.org.vn,DQ-IMPL-02,"(""đạo đức AI"" OR ""AI có trách nhiệm"" OR ""quản trị AI"") AND (""Bộ Y tế"" OR bệnh viện OR ""cơ sở khám bệnh, chữa bệnh"")",SITE_FALLBACK_LOCATOR,1,2026-08-01T04:47:17.907075+00:00,https://www.bing.com/search?q=site%3Ahspi.org.vn+%28%22%C4%91%E1%BA%A1o+%C4%91%E1%BB%A9c+AI%22+OR+%22AI+c%C3%B3+tr%C3%A1ch+nhi%E1%BB%87m%22+OR+%22qu%E1%BA%A3n+tr%E1%BB%8B+AI%22%29+AND+%28%22B%E1%BB%99+Y+t%E1%BA%BF%22+OR+b%E1%BB%87nh+vi%E1%BB%87n+OR+%22c%C6%A1+s%E1%BB%9F+kh%C3%A1m+b%E1%BB%87nh%2C+ch%E1%BB%AFa+b%E1%BB%87nh%22%29&first=1,200,,71023,fallback-site-MOH-HSPI-DQ-IMPL-02-p01.body,289fee61fcf17bb0f721a7d2697d89c20fbedfa916959106c63ecda333c75b06,fallback-site-MOH-HSPI-DQ-IMPL-02-p01.headers.json,282ab2b6ae744070cebb5f3116e0c815e518cadeb5272a3c1c13ba521d1c45c8,[],0,0,CONTINUE
MOH-HSPI,hspi.org.vn,DQ-IMPL-02,"(""đạo đức AI"" OR ""AI có trách nhiệm"" OR ""quản trị AI"") AND (""Bộ Y tế"" OR bệnh viện OR ""cơ sở khám bệnh, chữa bệnh"")",SITE_FALLBACK_LOCATOR,2,2026-08-01T04:47:19.358595+00:00,https://www.bing.com/search?q=site%3Ahspi.org.vn+%28%22%C4%91%E1%BA%A1o+%C4%91%E1%BB%A9c+AI%22+OR+%22AI+c%C3%B3+tr%C3%A1ch+nhi%E1%BB%87m%22+OR+%22qu%E1%BA%A3n+tr%E1%BB%8B+AI%22%29+AND+%28%22B%E1%BB%99+Y+t%E1%BA%BF%22+OR+b%E1%BB%87nh+vi%E1%BB%87n+OR+%22c%C6%A1+s%E1%BB%9F+kh%C3%A1m+b%E1%BB%87nh%2C+ch%E1%BB%AFa+b%E1%BB%87nh%22%29&first=11,200,,71385,fallback-site-MOH-HSPI-DQ-IMPL-02-p02.body,0b96b74c3e4637609e237399243d04ff939827f548c89593c48f844f50232c4f,fallback-site-MOH-HSPI-DQ-IMPL-02-p02.headers.json,dd0b76cdddb1c4605aee4c3a923976feddf664ec7191acd4a64728957909583c,[],0,0,TWO_CONSECUTIVE_NO_NEW
MOH-HSPI,hspi.org.vn,DQ-IMPL-03,"(""responsible AI"" OR ""AI governance"" OR ""AI ethics"") AND (implementation OR adoption OR uptake OR plan OR pilot) AND (Vietnam OR ""Viet Nam"") AND (health OR hospital OR clinical)",SITE_FALLBACK_LOCATOR,1,2026-08-01T04:47:20.494302+00:00,https://www.bing.com/search?q=site%3Ahspi.org.vn+%28%22responsible+AI%22+OR+%22AI+governance%22+OR+%22AI+ethics%22%29+AND+%28implementation+OR+adoption+OR+uptake+OR+plan+OR+pilot%29+AND+%28Vietnam+OR+%22Viet+Nam%22%29+AND+%28health+OR+hospital+OR+clinical%29&first=1,200,,71336,fallback-site-MOH-HSPI-DQ-IMPL-03-p01.body,64297cbe572dbd0de8bf52fd86ac8eb83a9f06d825ebc73d78efcd096b5c4b9f,fallback-site-MOH-HSPI-DQ-IMPL-03-p01.headers.json,bca1d12705a18df45122671de9637c148ea0d8d7244b42fc56095b56dbd626c3,[],0,0,CONTINUE
MOH-HSPI,hspi.org.vn,DQ-IMPL-03,"(""responsible AI"" OR ""AI governance"" OR ""AI ethics"") AND (implementation OR adoption OR uptake OR plan OR pilot) AND (Vietnam OR ""Viet Nam"") AND (health OR hospital OR clinical)",SITE_FALLBACK_LOCATOR,2,2026-08-01T04:47:21.943365+00:00,https://www.bing.com/search?q=site%3Ahspi.org.vn+%28%22responsible+AI%22+OR+%22AI+governance%22+OR+%22AI+ethics%22%29+AND+%28implementation+OR+adoption+OR+uptake+OR+plan+OR+pilot%29+AND+%28Vietnam+OR+%22Viet+Nam%22%29+AND+%28health+OR+hospital+OR+clinical%29&first=11,200,,71089,fallback-site-MOH-HSPI-DQ-IMPL-03-p02.body,e4913cee4e08a61f8a25409f4338d615425f7dfa33a4978b6a0fad843591a067,fallback-site-MOH-HSPI-DQ-IMPL-03-p02.headers.json,283ff00330003bce7c0606efafba3e214cef1deac8ac23beb44cd8214d572cbe,[],0,0,TWO_CONSECUTIVE_NO_NEW
MOH-HSPI,hspi.org.vn,DQ-IMPL-04,"(""trí tuệ nhân tạo"" OR AI) AND (""theo dõi sau triển khai"" OR hậu kiểm OR ""giám sát sau triển khai"" OR ""đánh giá hiệu quả"") AND (y tế OR bệnh viện OR ""Sở Y tế"")",SITE_FALLBACK_LOCATOR,1,2026-08-01T04:47:22.747550+00:00,https://www.bing.com/search?q=site%3Ahspi.org.vn+%28%22tr%C3%AD+tu%E1%BB%87+nh%C3%A2n+t%E1%BA%A1o%22+OR+AI%29+AND+%28%22theo+d%C3%B5i+sau+tri%E1%BB%83n+khai%22+OR+h%E1%BA%ADu+ki%E1%BB%83m+OR+%22gi%C3%A1m+s%C3%A1t+sau+tri%E1%BB%83n+khai%22+OR+%22%C4%91%C3%A1nh+gi%C3%A1+hi%E1%BB%87u+qu%E1%BA%A3%22%29+AND+%28y+t%E1%BA%BF+OR+b%E1%BB%87nh+vi%E1%BB%87n+OR+%22S%E1%BB%9F+Y+t%E1%BA%BF%22%29&first=1,200,,71482,fallback-site-MOH-HSPI-DQ-IMPL-04-p01.body,f05777f6888d79b49870b02d302a6feecb0728862a370e69ea2e1be7096bd4f1,fallback-site-MOH-HSPI-DQ-IMPL-04-p01.headers.json,383976712c5a1ecf255dd394c78e8b7fefd80c8fcfa40892eaca6e1c8b656ee4,[],0,0,CONTINUE
MOH-HSPI,hspi.org.vn,DQ-IMPL-04,"(""trí tuệ nhân tạo"" OR AI) AND (""theo dõi sau triển khai"" OR hậu kiểm OR ""giám sát sau triển khai"" OR ""đánh giá hiệu quả"") AND (y tế OR bệnh viện OR ""Sở Y tế"")",SITE_FALLBACK_LOCATOR,2,2026-08-01T04:47:24.136935+00:00,https://www.bing.com/search?q=site%3Ahspi.org.vn+%28%22tr%C3%AD+tu%E1%BB%87+nh%C3%A2n+t%E1%BA%A1o%22+OR+AI%29+AND+%28%22theo+d%C3%B5i+sau+tri%E1%BB%83n+khai%22+OR+h%E1%BA%ADu+ki%E1%BB%83m+OR+%22gi%C3%A1m+s%C3%A1t+sau+tri%E1%BB%83n+khai%22+OR+%22%C4%91%C3%A1nh+gi%C3%A1+hi%E1%BB%87u+qu%E1%BA%A3%22%29+AND+%28y+t%E1%BA%BF+OR+b%E1%BB%87nh+vi%E1%BB%87n+OR+%22S%E1%BB%9F+Y+t%E1%BA%BF%22%29&first=11,200,,71276,fallback-site-MOH-HSPI-DQ-IMPL-04-p02.body,455b124da39d503cd9b8a7dc8b55252649e972c11a0eccc2570f3b343abed503,fallback-site-MOH-HSPI-DQ-IMPL-04-p02.headers.json,8424555db40b5f406dbfd950d1602b6692cf33f6d7d944dfdaf181d9bc31f1d1,[],0,0,TWO_CONSECUTIVE_NO_NEW
MOH-HSPI,hspi.org.vn,DQ-IMPL-05,"(""trí tuệ nhân tạo"" OR AI) AND (""báo cáo sự cố"" OR ""quản lý chất lượng"" OR kiểm toán OR thanh tra) AND (y tế OR bệnh viện OR ""Sở Y tế"")",SITE_FALLBACK_LOCATOR,1,2026-08-01T04:47:23.362487+00:00,https://www.bing.com/search?q=site%3Ahspi.org.vn+%28%22tr%C3%AD+tu%E1%BB%87+nh%C3%A2n+t%E1%BA%A1o%22+OR+AI%29+AND+%28%22b%C3%A1o+c%C3%A1o+s%E1%BB%B1+c%E1%BB%91%22+OR+%22qu%E1%BA%A3n+l%C3%BD+ch%E1%BA%A5t+l%C6%B0%E1%BB%A3ng%22+OR+ki%E1%BB%83m+to%C3%A1n+OR+thanh+tra%29+AND+%28y+t%E1%BA%BF+OR+b%E1%BB%87nh+vi%E1%BB%87n+OR+%22S%E1%BB%9F+Y+t%E1%BA%BF%22%29&first=1,200,,70950,fallback-site-MOH-HSPI-DQ-IMPL-05-p01.body,9d8e48a7231d402d7f9bf715bd5e0f2dfdb1901b53e76c6646bed8a2784615b1,fallback-site-MOH-HSPI-DQ-IMPL-05-p01.headers.json,f3723f98b5490afa511dbe44530bcf06bee6a813fd3189d293f5230140dcdb9e,[],0,0,CONTINUE
MOH-HSPI,hspi.org.vn,DQ-IMPL-05,"(""trí tuệ nhân tạo"" OR AI) AND (""báo cáo sự cố"" OR ""quản lý chất lượng"" OR kiểm toán OR thanh tra) AND (y tế OR bệnh viện OR ""Sở Y tế"")",SITE_FALLBACK_LOCATOR,2,2026-08-01T04:47:24.857350+00:00,https://www.bing.com/search?q=site%3Ahspi.org.vn+%28%22tr%C3%AD+tu%E1%BB%87+nh%C3%A2n+t%E1%BA%A1o%22+OR+AI%29+AND+%28%22b%C3%A1o+c%C3%A1o+s%E1%BB%B1+c%E1%BB%91%22+OR+%22qu%E1%BA%A3n+l%C3%BD+ch%E1%BA%A5t+l%C6%B0%E1%BB%A3ng%22+OR+ki%E1%BB%83m+to%C3%A1n+OR+thanh+tra%29+AND+%28y+t%E1%BA%BF+OR+b%E1%BB%87nh+vi%E1%BB%87n+OR+%22S%E1%BB%9F+Y+t%E1%BA%BF%22%29&first=11,200,,71419,fallback-site-MOH-HSPI-DQ-IMPL-05-p02.body,79d329be0e1985af6141fd0537b1082eb5297e9addc4c98f936d8b49d24f7d01,fallback-site-MOH-HSPI-DQ-IMPL-05-p02.headers.json,5a7cf75bbb34f1029f879a50d3920cd7094764a9b98864c15598db25d75f2207,[],0,0,TWO_CONSECUTIVE_NO_NEW
MOH-HSPI,hspi.org.vn,DQ-TOOL-01,"(""đánh giá tuân thủ"" OR ""tự đánh giá"") AND (""đạo đức AI"" OR ""AI có trách nhiệm"")",SITE_FALLBACK_LOCATOR,1,2026-08-01T04:47:20.686224+00:00,https://www.bing.com/search?q=site%3Ahspi.org.vn+%28%22%C4%91%C3%A1nh+gi%C3%A1+tu%C3%A2n+th%E1%BB%A7%22+OR+%22t%E1%BB%B1+%C4%91%C3%A1nh+gi%C3%A1%22%29+AND+%28%22%C4%91%E1%BA%A1o+%C4%91%E1%BB%A9c+AI%22+OR+%22AI+c%C3%B3+tr%C3%A1ch+nhi%E1%BB%87m%22%29&first=1,200,,70255,fallback-site-MOH-HSPI-DQ-TOOL-01-p01.body,2223cd2207b38566d581607b8b201bf62aca18822f39b6ff9dd01d0db7d9fcc3,fallback-site-MOH-HSPI-DQ-TOOL-01-p01.headers.json,66ff69cc154a89f41dd1a039d964d8ce0550e1ae7db3e6f4efa9eb5cb2070783,[],0,0,CONTINUE
MOH-HSPI,hspi.org.vn,DQ-TOOL-01,"(""đánh giá tuân thủ"" OR ""tự đánh giá"") AND (""đạo đức AI"" OR ""AI có trách nhiệm"")",SITE_FALLBACK_LOCATOR,2,2026-08-01T04:47:22.079918+00:00,https://www.bing.com/search?q=site%3Ahspi.org.vn+%28%22%C4%91%C3%A1nh+gi%C3%A1+tu%C3%A2n+th%E1%BB%A7%22+OR+%22t%E1%BB%B1+%C4%91%C3%A1nh+gi%C3%A1%22%29+AND+%28%22%C4%91%E1%BA%A1o+%C4%91%E1%BB%A9c+AI%22+OR+%22AI+c%C3%B3+tr%C3%A1ch+nhi%E1%BB%87m%22%29&first=11,200,,70827,fallback-site-MOH-HSPI-DQ-TOOL-01-p02.body,aac59fdf0b8777acf62fab7ed9a35809a034fe4eecff7ff576dac5a3759607e6,fallback-site-MOH-HSPI-DQ-TOOL-01-p02.headers.json,3a2ddd0d21eba2504f0ee755a8f20b377fc5126141ca34f2462e2b201fb23707,[],0,0,TWO_CONSECUTIVE_NO_NEW
MOH-HSPI,hspi.org.vn,DQ-TOOL-02,"(nền tảng OR công cụ) AND (""đánh giá tuân thủ"" OR ""đánh giá tác động"") AND (""AI"" OR ""trí tuệ nhân tạo"")",SITE_FALLBACK_LOCATOR,1,2026-08-01T04:47:23.241975+00:00,https://www.bing.com/search?q=site%3Ahspi.org.vn+%28n%E1%BB%81n+t%E1%BA%A3ng+OR+c%C3%B4ng+c%E1%BB%A5%29+AND+%28%22%C4%91%C3%A1nh+gi%C3%A1+tu%C3%A2n+th%E1%BB%A7%22+OR+%22%C4%91%C3%A1nh+gi%C3%A1+t%C3%A1c+%C4%91%E1%BB%99ng%22%29+AND+%28%22AI%22+OR+%22tr%C3%AD+tu%E1%BB%87+nh%C3%A2n+t%E1%BA%A1o%22%29&first=1,200,,71074,fallback-site-MOH-HSPI-DQ-TOOL-02-p01.body,57e0119c95c41984126c8607e747c0250abad5c1f46f5e4550bfcde9c173e943,fallback-site-MOH-HSPI-DQ-TOOL-02-p01.headers.json,e7196545fab4440805d43bbbad24ea8ec3a336392d5e82908347bb72effc99c9,[],0,0,CONTINUE
MOH-HSPI,hspi.org.vn,DQ-TOOL-02,"(nền tảng OR công cụ) AND (""đánh giá tuân thủ"" OR ""đánh giá tác động"") AND (""AI"" OR ""trí tuệ nhân tạo"")",SITE_FALLBACK_LOCATOR,2,2026-08-01T04:47:24.679995+00:00,https://www.bing.com/search?q=site%3Ahspi.org.vn+%28n%E1%BB%81n+t%E1%BA%A3ng+OR+c%C3%B4ng+c%E1%BB%A5%29+AND+%28%22%C4%91%C3%A1nh+gi%C3%A1+tu%C3%A2n+th%E1%BB%A7%22+OR+%22%C4%91%C3%A1nh+gi%C3%A1+t%C3%A1c+%C4%91%E1%BB%99ng%22%29+AND+%28%22AI%22+OR+%22tr%C3%AD+tu%E1%BB%87+nh%C3%A2n+t%E1%BA%A1o%22%29&first=11,200,,70707,fallback-site-MOH-HSPI-DQ-TOOL-02-p02.body,c7ff54f5dac4f64698887baf799fdb31729b3fcc151d02d5b8fa7d3754e4aa06,fallback-site-MOH-HSPI-DQ-TOOL-02-p02.headers.json,07d7095f86e9feecac1d65083ca8d36fb25367f73a4b6ca04e158ad3ba00147e,[],0,0,TWO_CONSECUTIVE_NO_NEW
MOH-HTTB,imda.moh.gov.vn,DQ-EVID-01,"(""đạo đức AI"" OR ""quản trị AI"") AND (kiểm toán OR thanh tra OR giám sát)",SITE_FALLBACK_LOCATOR,1,2026-08-01T04:47:00.201572+00:00,https://www.bing.com/search?q=site%3Aimda.moh.gov.vn+%28%22%C4%91%E1%BA%A1o+%C4%91%E1%BB%A9c+AI%22+OR+%22qu%E1%BA%A3n+tr%E1%BB%8B+AI%22%29+AND+%28ki%E1%BB%83m+to%C3%A1n+OR+thanh+tra+OR+gi%C3%A1m+s%C3%A1t%29&first=1,200,,70050,fallback-site-MOH-HTTB-DQ-EVID-01-p01.body,0ec2c54ceb3596686356ef33057e38439e5f82aa7b95b82ab839bcbbc07629be,fallback-site-MOH-HTTB-DQ-EVID-01-p01.headers.json,873075dff15d0b492af67ad433179d35e0f566718e14cd49f489f6d25be43926,[],0,0,CONTINUE
MOH-HTTB,imda.moh.gov.vn,DQ-EVID-01,"(""đạo đức AI"" OR ""quản trị AI"") AND (kiểm toán OR thanh tra OR giám sát)",SITE_FALLBACK_LOCATOR,2,2026-08-01T04:47:01.603545+00:00,https://www.bing.com/search?q=site%3Aimda.moh.gov.vn+%28%22%C4%91%E1%BA%A1o+%C4%91%E1%BB%A9c+AI%22+OR+%22qu%E1%BA%A3n+tr%E1%BB%8B+AI%22%29+AND+%28ki%E1%BB%83m+to%C3%A1n+OR+thanh+tra+OR+gi%C3%A1m+s%C3%A1t%29&first=11,200,,70449,fallback-site-MOH-HTTB-DQ-EVID-01-p02.body,480f9cc9d2a73110f2636fd62689efe65f9ccbfe95b77c2c2d5211bfc5792935,fallback-site-MOH-HTTB-DQ-EVID-01-p02.headers.json,76c592681b7fbe1e19820b9a0b771fce2a867ca55546d2f23d9358760d6a14cf,[],0,0,TWO_CONSECUTIVE_NO_NEW
MOH-HTTB,imda.moh.gov.vn,DQ-EVID-02,"(""AI"" OR ""trí tuệ nhân tạo"") AND (sự cố OR khiếu nại OR khắc phục) AND (y tế OR bệnh viện)",SITE_FALLBACK_LOCATOR,1,2026-08-01T04:47:02.728657+00:00,https://www.bing.com/search?q=site%3Aimda.moh.gov.vn+%28%22AI%22+OR+%22tr%C3%AD+tu%E1%BB%87+nh%C3%A2n+t%E1%BA%A1o%22%29+AND+%28s%E1%BB%B1+c%E1%BB%91+OR+khi%E1%BA%BFu+n%E1%BA%A1i+OR+kh%E1%BA%AFc+ph%E1%BB%A5c%29+AND+%28y+t%E1%BA%BF+OR+b%E1%BB%87nh+vi%E1%BB%87n%29&first=1,200,,70939,fallback-site-MOH-HTTB-DQ-EVID-02-p01.body,4c1c548f62aa079665337b400e48384ad0b134a54defb308161fbb1f5971c8f4,fallback-site-MOH-HTTB-DQ-EVID-02-p01.headers.json,daa1f06a248fb1b9d7c4b178f5225c507ca100b06ed5ea00b7da8152fce65525,[],0,0,CONTINUE
MOH-HTTB,imda.moh.gov.vn,DQ-EVID-02,"(""AI"" OR ""trí tuệ nhân tạo"") AND (sự cố OR khiếu nại OR khắc phục) AND (y tế OR bệnh viện)",SITE_FALLBACK_LOCATOR,2,2026-08-01T04:47:04.060758+00:00,https://www.bing.com/search?q=site%3Aimda.moh.gov.vn+%28%22AI%22+OR+%22tr%C3%AD+tu%E1%BB%87+nh%C3%A2n+t%E1%BA%A1o%22%29+AND+%28s%E1%BB%B1+c%E1%BB%91+OR+khi%E1%BA%BFu+n%E1%BA%A1i+OR+kh%E1%BA%AFc+ph%E1%BB%A5c%29+AND+%28y+t%E1%BA%BF+OR+b%E1%BB%87nh+vi%E1%BB%87n%29&first=11,200,,70466,fallback-site-MOH-HTTB-DQ-EVID-02-p02.body,05041a18515d598c284e251a0be6aa8d2258f1af30b41a1fc71801c29c2effb8,fallback-site-MOH-HTTB-DQ-EVID-02-p02.headers.json,99c66d394d5a68f88f4a3a10c930dc66b494e1a392cd137c4443690f9b0eb47c,[],0,0,TWO_CONSECUTIVE_NO_NEW
MOH-HTTB,imda.moh.gov.vn,DQ-EVID-03,"(""AI"" OR ""trí tuệ nhân tạo"") AND (""đánh giá tác động"" OR kết quả) AND (y tế OR bệnh viện)",SITE_FALLBACK_LOCATOR,1,2026-08-01T04:47:02.941948+00:00,https://www.bing.com/search?q=site%3Aimda.moh.gov.vn+%28%22AI%22+OR+%22tr%C3%AD+tu%E1%BB%87+nh%C3%A2n+t%E1%BA%A1o%22%29+AND+%28%22%C4%91%C3%A1nh+gi%C3%A1+t%C3%A1c+%C4%91%E1%BB%99ng%22+OR+k%E1%BA%BFt+qu%E1%BA%A3%29+AND+%28y+t%E1%BA%BF+OR+b%E1%BB%87nh+vi%E1%BB%87n%29&first=1,200,,70362,fallback-site-MOH-HTTB-DQ-EVID-03-p01.body,3d3b43f9c84bef59bf80c52c5ce9c97402179f751e15cded72ec0e5bb930560d,fallback-site-MOH-HTTB-DQ-EVID-03-p01.headers.json,a364e7a8340e231d982cd2412ba19edf2e39469131bbe54157c23a8a117ff93f,[],0,0,CONTINUE
MOH-HTTB,imda.moh.gov.vn,DQ-EVID-03,"(""AI"" OR ""trí tuệ nhân tạo"") AND (""đánh giá tác động"" OR kết quả) AND (y tế OR bệnh viện)",SITE_FALLBACK_LOCATOR,2,2026-08-01T04:47:04.345293+00:00,https://www.bing.com/search?q=site%3Aimda.moh.gov.vn+%28%22AI%22+OR+%22tr%C3%AD+tu%E1%BB%87+nh%C3%A2n+t%E1%BA%A1o%22%29+AND+%28%22%C4%91%C3%A1nh+gi%C3%A1+t%C3%A1c+%C4%91%E1%BB%99ng%22+OR+k%E1%BA%BFt+qu%E1%BA%A3%29+AND+%28y+t%E1%BA%BF+OR+b%E1%BB%87nh+vi%E1%BB%87n%29&first=11,200,,70948,fallback-site-MOH-HTTB-DQ-EVID-03-p02.body,49bd6f9e81b5d1119698ca9cb55451e4e67dac731157ec09be6efdbdfd71e0a4,fallback-site-MOH-HTTB-DQ-EVID-03-p02.headers.json,554b25fd7dd1d1880b3166448731758f1147b04554436e9fc79f0c7f1752f768,[],0,0,TWO_CONSECUTIVE_NO_NEW
MOH-HTTB,imda.moh.gov.vn,DQ-EVID-04,"(""AI ethics"" OR ""AI governance"") AND (audit OR inspection OR monitoring OR incident OR complaint OR redress OR ""impact assessment"" OR outcome OR result) AND (Vietnam OR ""Viet Nam"") AND (health OR hospital)",SITE_FALLBACK_LOCATOR,1,2026-08-01T04:47:02.882890+00:00,https://www.bing.com/search?q=site%3Aimda.moh.gov.vn+%28%22AI+ethics%22+OR+%22AI+governance%22%29+AND+%28audit+OR+inspection+OR+monitoring+OR+incident+OR+complaint+OR+redress+OR+%22impact+assessment%22+OR+outcome+OR+result%29+AND+%28Vietnam+OR+%22Viet+Nam%22%29+AND+%28health+OR+hospital%29&first=1,200,,70669,fallback-site-MOH-HTTB-DQ-EVID-04-p01.body,f685f4b3cd4cfcadaf19fbdfd06608c924c56b7cd43f6ad8d3cde5a160803638,fallback-site-MOH-HTTB-DQ-EVID-04-p01.headers.json,76149b09ad5a41048e93414219122451378f8b867704157829276a4558f4b720,[],0,0,CONTINUE
MOH-HTTB,imda.moh.gov.vn,DQ-EVID-04,"(""AI ethics"" OR ""AI governance"") AND (audit OR inspection OR monitoring OR incident OR complaint OR redress OR ""impact assessment"" OR outcome OR result) AND (Vietnam OR ""Viet Nam"") AND (health OR hospital)",SITE_FALLBACK_LOCATOR,2,2026-08-01T04:47:04.309116+00:00,https://www.bing.com/search?q=site%3Aimda.moh.gov.vn+%28%22AI+ethics%22+OR+%22AI+governance%22%29+AND+%28audit+OR+inspection+OR+monitoring+OR+incident+OR+complaint+OR+redress+OR+%22impact+assessment%22+OR+outcome+OR+result%29+AND+%28Vietnam+OR+%22Viet+Nam%22%29+AND+%28health+OR+hospital%29&first=11,200,,70799,fallback-site-MOH-HTTB-DQ-EVID-04-p02.body,f393fd94a96b6450f24eb2924206ace9c0c84bc1d46ecef275f6dc5948168887,fallback-site-MOH-HTTB-DQ-EVID-04-p02.headers.json,929415e618f5822a44252a02eabd168cb7d087655aa641a9444f1a7f2330ba79,[],0,0,TWO_CONSECUTIVE_NO_NEW
MOH-HTTB,imda.moh.gov.vn,DQ-EVID-05,"(""artificial intelligence"" OR AI) AND (""post-implementation monitoring"" OR ""post-market surveillance"" OR ""incident reporting"" OR ""quality management"" OR ""effectiveness evaluation"" OR audit) AND (Vietnam OR ""Viet Nam"") AND (health OR hospital OR ""provincial health department"")",SITE_FALLBACK_LOCATOR,1,2026-08-01T04:47:02.961495+00:00,https://www.bing.com/search?q=site%3Aimda.moh.gov.vn+%28%22artificial+intelligence%22+OR+AI%29+AND+%28%22post-implementation+monitoring%22+OR+%22post-market+surveillance%22+OR+%22incident+reporting%22+OR+%22quality+management%22+OR+%22effectiveness+evaluation%22+OR+audit%29+AND+%28Vietnam+OR+%22Viet+Nam%22%29+AND+%28health+OR+hospital+OR+%22provincial+health+department%22%29&first=1,200,,71498,fallback-site-MOH-HTTB-DQ-EVID-05-p01.body,925ee2adde552700977bd7a74e283be8d0a07e3a1b9e3f12fe292f13eccfca1b,fallback-site-MOH-HTTB-DQ-EVID-05-p01.headers.json,00ccbe1d67f4838276a17263bf002c78b166dd148deeb02d1b21dd1454f1263b,[],0,0,CONTINUE
MOH-HTTB,imda.moh.gov.vn,DQ-EVID-05,"(""artificial intelligence"" OR AI) AND (""post-implementation monitoring"" OR ""post-market surveillance"" OR ""incident reporting"" OR ""quality management"" OR ""effectiveness evaluation"" OR audit) AND (Vietnam OR ""Viet Nam"") AND (health OR hospital OR ""provincial health department"")",SITE_FALLBACK_LOCATOR,2,2026-08-01T04:47:04.111067+00:00,https://www.bing.com/search?q=site%3Aimda.moh.gov.vn+%28%22artificial+intelligence%22+OR+AI%29+AND+%28%22post-implementation+monitoring%22+OR+%22post-market+surveillance%22+OR+%22incident+reporting%22+OR+%22quality+management%22+OR+%22effectiveness+evaluation%22+OR+audit%29+AND+%28Vietnam+OR+%22Viet+Nam%22%29+AND+%28health+OR+hospital+OR+%22provincial+health+department%22%29&first=11,200,,70977,fallback-site-MOH-HTTB-DQ-EVID-05-p02.body,bb0e48cb84cfb7b4bac722729428d9d357cd7d019ab8f1e84294312e90780a1d,fallback-site-MOH-HTTB-DQ-EVID-05-p02.headers.json,8595c71179651502b2dfb60e85d1accbd675529c493d6a9aa80569771e7df19b,[],0,0,TWO_CONSECUTIVE_NO_NEW
MOH-HTTB,imda.moh.gov.vn,DQ-IMPL-01,"(""đạo đức AI"" OR ""AI có trách nhiệm"" OR ""quản trị AI"") AND (kế hoạch OR triển khai OR áp dụng OR thí điểm)",SITE_FALLBACK_LOCATOR,1,2026-08-01T04:46:54.531748+00:00,https://www.bing.com/search?q=site%3Aimda.moh.gov.vn+%28%22%C4%91%E1%BA%A1o+%C4%91%E1%BB%A9c+AI%22+OR+%22AI+c%C3%B3+tr%C3%A1ch+nhi%E1%BB%87m%22+OR+%22qu%E1%BA%A3n+tr%E1%BB%8B+AI%22%29+AND+%28k%E1%BA%BF+ho%E1%BA%A1ch+OR+tri%E1%BB%83n+khai+OR+%C3%A1p+d%E1%BB%A5ng+OR+th%C3%AD+%C4%91i%E1%BB%83m%29&first=1,200,,70722,fallback-site-MOH-HTTB-DQ-IMPL-01-p01.body,2da26d98e99265558a0779e1d22bfd9d9b3ad229b8c086d1bb6f57e9599467fa,fallback-site-MOH-HTTB-DQ-IMPL-01-p01.headers.json,55897fcca21ea1a2f386abfe5f8611af0f63caed12ae60138bcccad76378a531,[],0,0,CONTINUE
MOH-HTTB,imda.moh.gov.vn,DQ-IMPL-01,"(""đạo đức AI"" OR ""AI có trách nhiệm"" OR ""quản trị AI"") AND (kế hoạch OR triển khai OR áp dụng OR thí điểm)",SITE_FALLBACK_LOCATOR,2,2026-08-01T04:46:55.933625+00:00,https://www.bing.com/search?q=site%3Aimda.moh.gov.vn+%28%22%C4%91%E1%BA%A1o+%C4%91%E1%BB%A9c+AI%22+OR+%22AI+c%C3%B3+tr%C3%A1ch+nhi%E1%BB%87m%22+OR+%22qu%E1%BA%A3n+tr%E1%BB%8B+AI%22%29+AND+%28k%E1%BA%BF+ho%E1%BA%A1ch+OR+tri%E1%BB%83n+khai+OR+%C3%A1p+d%E1%BB%A5ng+OR+th%C3%AD+%C4%91i%E1%BB%83m%29&first=11,200,,71262,fallback-site-MOH-HTTB-DQ-IMPL-01-p02.body,879685b951b9fae40ff67d16257d2c339b53a6a84d55f49acd2c704cd86c1b9f,fallback-site-MOH-HTTB-DQ-IMPL-01-p02.headers.json,8aaef1bf746eb4df9d6572c70423e1dfae936ea0bfecf2a0fd5b8384e7335af1,[],0,0,TWO_CONSECUTIVE_NO_NEW
MOH-HTTB,imda.moh.gov.vn,DQ-IMPL-02,"(""đạo đức AI"" OR ""AI có trách nhiệm"" OR ""quản trị AI"") AND (""Bộ Y tế"" OR bệnh viện OR ""cơ sở khám bệnh, chữa bệnh"")",SITE_FALLBACK_LOCATOR,1,2026-08-01T04:46:54.511188+00:00,https://www.bing.com/search?q=site%3Aimda.moh.gov.vn+%28%22%C4%91%E1%BA%A1o+%C4%91%E1%BB%A9c+AI%22+OR+%22AI+c%C3%B3+tr%C3%A1ch+nhi%E1%BB%87m%22+OR+%22qu%E1%BA%A3n+tr%E1%BB%8B+AI%22%29+AND+%28%22B%E1%BB%99+Y+t%E1%BA%BF%22+OR+b%E1%BB%87nh+vi%E1%BB%87n+OR+%22c%C6%A1+s%E1%BB%9F+kh%C3%A1m+b%E1%BB%87nh%2C+ch%E1%BB%AFa+b%E1%BB%87nh%22%29&first=1,200,,71225,fallback-site-MOH-HTTB-DQ-IMPL-02-p01.body,e74f29dc02f73e95386c3dcaba4945e25ab607bc81606b0efebc13c5ff2575d5,fallback-site-MOH-HTTB-DQ-IMPL-02-p01.headers.json,1c3b8d4d84143cd78e849a28f26fe53d142571ee891f5ed1cfe4cf06e8c51352,[],0,0,CONTINUE
MOH-HTTB,imda.moh.gov.vn,DQ-IMPL-02,"(""đạo đức AI"" OR ""AI có trách nhiệm"" OR ""quản trị AI"") AND (""Bộ Y tế"" OR bệnh viện OR ""cơ sở khám bệnh, chữa bệnh"")",SITE_FALLBACK_LOCATOR,2,2026-08-01T04:46:55.886641+00:00,https://www.bing.com/search?q=site%3Aimda.moh.gov.vn+%28%22%C4%91%E1%BA%A1o+%C4%91%E1%BB%A9c+AI%22+OR+%22AI+c%C3%B3+tr%C3%A1ch+nhi%E1%BB%87m%22+OR+%22qu%E1%BA%A3n+tr%E1%BB%8B+AI%22%29+AND+%28%22B%E1%BB%99+Y+t%E1%BA%BF%22+OR+b%E1%BB%87nh+vi%E1%BB%87n+OR+%22c%C6%A1+s%E1%BB%9F+kh%C3%A1m+b%E1%BB%87nh%2C+ch%E1%BB%AFa+b%E1%BB%87nh%22%29&first=11,200,,70977,fallback-site-MOH-HTTB-DQ-IMPL-02-p02.body,977139508bb6932032f62fb30a592f44999b7cea04feddfdca2ae1639ebd0bcc,fallback-site-MOH-HTTB-DQ-IMPL-02-p02.headers.json,05bda793cf45673b48e84013541d0dfbbc373a867823d07806bc0e3ad3592f13,[],0,0,TWO_CONSECUTIVE_NO_NEW
MOH-HTTB,imda.moh.gov.vn,DQ-IMPL-03,"(""responsible AI"" OR ""AI governance"" OR ""AI ethics"") AND (implementation OR adoption OR uptake OR plan OR pilot) AND (Vietnam OR ""Viet Nam"") AND (health OR hospital OR clinical)",SITE_FALLBACK_LOCATOR,1,2026-08-01T04:46:57.152576+00:00,https://www.bing.com/search?q=site%3Aimda.moh.gov.vn+%28%22responsible+AI%22+OR+%22AI+governance%22+OR+%22AI+ethics%22%29+AND+%28implementation+OR+adoption+OR+uptake+OR+plan+OR+pilot%29+AND+%28Vietnam+OR+%22Viet+Nam%22%29+AND+%28health+OR+hospital+OR+clinical%29&first=1,200,,71377,fallback-site-MOH-HTTB-DQ-IMPL-03-p01.body,7726526eb97119e2eb2d5630326126a7604d89ee30486058d7904ccc4cd6dc43,fallback-site-MOH-HTTB-DQ-IMPL-03-p01.headers.json,74b3f5a3ab0cc3d1e098acb9c7b6eb870aa8d5244fface2fb417e033ccc3eaba,[],0,0,CONTINUE
MOH-HTTB,imda.moh.gov.vn,DQ-IMPL-03,"(""responsible AI"" OR ""AI governance"" OR ""AI ethics"") AND (implementation OR adoption OR uptake OR plan OR pilot) AND (Vietnam OR ""Viet Nam"") AND (health OR hospital OR clinical)",SITE_FALLBACK_LOCATOR,2,2026-08-01T04:46:58.539385+00:00,https://www.bing.com/search?q=site%3Aimda.moh.gov.vn+%28%22responsible+AI%22+OR+%22AI+governance%22+OR+%22AI+ethics%22%29+AND+%28implementation+OR+adoption+OR+uptake+OR+plan+OR+pilot%29+AND+%28Vietnam+OR+%22Viet+Nam%22%29+AND+%28health+OR+hospital+OR+clinical%29&first=11,200,,70086,fallback-site-MOH-HTTB-DQ-IMPL-03-p02.body,bec43885b9d7ec0a28409221b83777933e60b23df3e2ae01a8f986ae1702bdb2,fallback-site-MOH-HTTB-DQ-IMPL-03-p02.headers.json,3c25ece04ec4d0d617a8b8d35e47426fe1c7873f1d0598c8effff881ae7f1606,[],0,0,TWO_CONSECUTIVE_NO_NEW
MOH-HTTB,imda.moh.gov.vn,DQ-IMPL-04,"(""trí tuệ nhân tạo"" OR AI) AND (""theo dõi sau triển khai"" OR hậu kiểm OR ""giám sát sau triển khai"" OR ""đánh giá hiệu quả"") AND (y tế OR bệnh viện OR ""Sở Y tế"")",SITE_FALLBACK_LOCATOR,1,2026-08-01T04:46:59.926346+00:00,https://www.bing.com/search?q=site%3Aimda.moh.gov.vn+%28%22tr%C3%AD+tu%E1%BB%87+nh%C3%A2n+t%E1%BA%A1o%22+OR+AI%29+AND+%28%22theo+d%C3%B5i+sau+tri%E1%BB%83n+khai%22+OR+h%E1%BA%ADu+ki%E1%BB%83m+OR+%22gi%C3%A1m+s%C3%A1t+sau+tri%E1%BB%83n+khai%22+OR+%22%C4%91%C3%A1nh+gi%C3%A1+hi%E1%BB%87u+qu%E1%BA%A3%22%29+AND+%28y+t%E1%BA%BF+OR+b%E1%BB%87nh+vi%E1%BB%87n+OR+%22S%E1%BB%9F+Y+t%E1%BA%BF%22%29&first=1,200,,73251,fallback-site-MOH-HTTB-DQ-IMPL-04-p01.body,7c6d846eac510371f6c529581b3dc71e345f2e06bc6cd59ed114b8a647fd5f53,fallback-site-MOH-HTTB-DQ-IMPL-04-p01.headers.json,1e9a75b63141502fc9c8084b1842f30a0df0bb0cdc51179c85da550758255cdf,[],0,0,CONTINUE
MOH-HTTB,imda.moh.gov.vn,DQ-IMPL-04,"(""trí tuệ nhân tạo"" OR AI) AND (""theo dõi sau triển khai"" OR hậu kiểm OR ""giám sát sau triển khai"" OR ""đánh giá hiệu quả"") AND (y tế OR bệnh viện OR ""Sở Y tế"")",SITE_FALLBACK_LOCATOR,2,2026-08-01T04:47:01.228826+00:00,https://www.bing.com/search?q=site%3Aimda.moh.gov.vn+%28%22tr%C3%AD+tu%E1%BB%87+nh%C3%A2n+t%E1%BA%A1o%22+OR+AI%29+AND+%28%22theo+d%C3%B5i+sau+tri%E1%BB%83n+khai%22+OR+h%E1%BA%ADu+ki%E1%BB%83m+OR+%22gi%C3%A1m+s%C3%A1t+sau+tri%E1%BB%83n+khai%22+OR+%22%C4%91%C3%A1nh+gi%C3%A1+hi%E1%BB%87u+qu%E1%BA%A3%22%29+AND+%28y+t%E1%BA%BF+OR+b%E1%BB%87nh+vi%E1%BB%87n+OR+%22S%E1%BB%9F+Y+t%E1%BA%BF%22%29&first=11,200,,71868,fallback-site-MOH-HTTB-DQ-IMPL-04-p02.body,8aabba1f3b80dd5daef40b8e5f363bd4ebbd498ed997163a831976d8c92588c6,fallback-site-MOH-HTTB-DQ-IMPL-04-p02.headers.json,70746a67d141313a1d70e43f4377dcb954cdcdd579bc40e6785eee89c04bd0f9,[],0,0,TWO_CONSECUTIVE_NO_NEW
MOH-HTTB,imda.moh.gov.vn,DQ-IMPL-05,"(""trí tuệ nhân tạo"" OR AI) AND (""báo cáo sự cố"" OR ""quản lý chất lượng"" OR kiểm toán OR thanh tra) AND (y tế OR bệnh viện OR ""Sở Y tế"")",SITE_FALLBACK_LOCATOR,1,2026-08-01T04:47:00.085832+00:00,https://www.bing.com/search?q=site%3Aimda.moh.gov.vn+%28%22tr%C3%AD+tu%E1%BB%87+nh%C3%A2n+t%E1%BA%A1o%22+OR+AI%29+AND+%28%22b%C3%A1o+c%C3%A1o+s%E1%BB%B1+c%E1%BB%91%22+OR+%22qu%E1%BA%A3n+l%C3%BD+ch%E1%BA%A5t+l%C6%B0%E1%BB%A3ng%22+OR+ki%E1%BB%83m+to%C3%A1n+OR+thanh+tra%29+AND+%28y+t%E1%BA%BF+OR+b%E1%BB%87nh+vi%E1%BB%87n+OR+%22S%E1%BB%9F+Y+t%E1%BA%BF%22%29&first=1,200,,71997,fallback-site-MOH-HTTB-DQ-IMPL-05-p01.body,75aabb3fd15a6a232acbe9531754876a2727388ca74f79d629d8110f36657b71,fallback-site-MOH-HTTB-DQ-IMPL-05-p01.headers.json,c2e29acc2bc0212df0e40eba1596ce9a8b2b0539f983794f8f753fe7dd47c21b,[],0,0,CONTINUE
MOH-HTTB,imda.moh.gov.vn,DQ-IMPL-05,"(""trí tuệ nhân tạo"" OR AI) AND (""báo cáo sự cố"" OR ""quản lý chất lượng"" OR kiểm toán OR thanh tra) AND (y tế OR bệnh viện OR ""Sở Y tế"")",SITE_FALLBACK_LOCATOR,2,2026-08-01T04:47:01.466462+00:00,https://www.bing.com/search?q=site%3Aimda.moh.gov.vn+%28%22tr%C3%AD+tu%E1%BB%87+nh%C3%A2n+t%E1%BA%A1o%22+OR+AI%29+AND+%28%22b%C3%A1o+c%C3%A1o+s%E1%BB%B1+c%E1%BB%91%22+OR+%22qu%E1%BA%A3n+l%C3%BD+ch%E1%BA%A5t+l%C6%B0%E1%BB%A3ng%22+OR+ki%E1%BB%83m+to%C3%A1n+OR+thanh+tra%29+AND+%28y+t%E1%BA%BF+OR+b%E1%BB%87nh+vi%E1%BB%87n+OR+%22S%E1%BB%9F+Y+t%E1%BA%BF%22%29&first=11,200,,71515,fallback-site-MOH-HTTB-DQ-IMPL-05-p02.body,477d3d6b195fd87832f8dd40cc53048c3c9bf888af3d8d63407184d2dc6dca26,fallback-site-MOH-HTTB-DQ-IMPL-05-p02.headers.json,e6167a7292f5ca38f3549209ad11139cde56e3bb424a827efecee58a8d296864,[],0,0,TWO_CONSECUTIVE_NO_NEW
MOH-HTTB,imda.moh.gov.vn,DQ-TOOL-01,"(""đánh giá tuân thủ"" OR ""tự đánh giá"") AND (""đạo đức AI"" OR ""AI có trách nhiệm"")",SITE_FALLBACK_LOCATOR,1,2026-08-01T04:46:57.370120+00:00,https://www.bing.com/search?q=site%3Aimda.moh.gov.vn+%28%22%C4%91%C3%A1nh+gi%C3%A1+tu%C3%A2n+th%E1%BB%A7%22+OR+%22t%E1%BB%B1+%C4%91%C3%A1nh+gi%C3%A1%22%29+AND+%28%22%C4%91%E1%BA%A1o+%C4%91%E1%BB%A9c+AI%22+OR+%22AI+c%C3%B3+tr%C3%A1ch+nhi%E1%BB%87m%22%29&first=1,200,,70590,fallback-site-MOH-HTTB-DQ-TOOL-01-p01.body,30c2af048b3c7d3328396caa57bf3d5f6cf10e5297434b9b17ca8888be2ecde1,fallback-site-MOH-HTTB-DQ-TOOL-01-p01.headers.json,8a46da899728ee6a5769240ea4a3319ecb214c35e24956b2428b3fb907c0e8a1,[],0,0,CONTINUE
MOH-HTTB,imda.moh.gov.vn,DQ-TOOL-01,"(""đánh giá tuân thủ"" OR ""tự đánh giá"") AND (""đạo đức AI"" OR ""AI có trách nhiệm"")",SITE_FALLBACK_LOCATOR,2,2026-08-01T04:46:58.738618+00:00,https://www.bing.com/search?q=site%3Aimda.moh.gov.vn+%28%22%C4%91%C3%A1nh+gi%C3%A1+tu%C3%A2n+th%E1%BB%A7%22+OR+%22t%E1%BB%B1+%C4%91%C3%A1nh+gi%C3%A1%22%29+AND+%28%22%C4%91%E1%BA%A1o+%C4%91%E1%BB%A9c+AI%22+OR+%22AI+c%C3%B3+tr%C3%A1ch+nhi%E1%BB%87m%22%29&first=11,200,,70841,fallback-site-MOH-HTTB-DQ-TOOL-01-p02.body,722a0f080484262d784009a3226426c78dd0d45cb2edac58d9c0b5ea413790f4,fallback-site-MOH-HTTB-DQ-TOOL-01-p02.headers.json,4afc8e60acd3507116a0eb754f029241d88ea109bc8af3552fd9dc105a8fc760,[],0,0,TWO_CONSECUTIVE_NO_NEW
MOH-HTTB,imda.moh.gov.vn,DQ-TOOL-02,"(nền tảng OR công cụ) AND (""đánh giá tuân thủ"" OR ""đánh giá tác động"") AND (""AI"" OR ""trí tuệ nhân tạo"")",SITE_FALLBACK_LOCATOR,1,2026-08-01T04:47:00.023893+00:00,https://www.bing.com/search?q=site%3Aimda.moh.gov.vn+%28n%E1%BB%81n+t%E1%BA%A3ng+OR+c%C3%B4ng+c%E1%BB%A5%29+AND+%28%22%C4%91%C3%A1nh+gi%C3%A1+tu%C3%A2n+th%E1%BB%A7%22+OR+%22%C4%91%C3%A1nh+gi%C3%A1+t%C3%A1c+%C4%91%E1%BB%99ng%22%29+AND+%28%22AI%22+OR+%22tr%C3%AD+tu%E1%BB%87+nh%C3%A2n+t%E1%BA%A1o%22%29&first=1,200,,71428,fallback-site-MOH-HTTB-DQ-TOOL-02-p01.body,de6a86fe49ecfb9f5a2d42c60cfef9230e69a9dc3bf886e6704e253c9b309ae8,fallback-site-MOH-HTTB-DQ-TOOL-02-p01.headers.json,098ba842350b26bcf15b93fe8cadc327674c2bd36d0dd5f39470d8d39c1c5430,[],0,0,CONTINUE
MOH-HTTB,imda.moh.gov.vn,DQ-TOOL-02,"(nền tảng OR công cụ) AND (""đánh giá tuân thủ"" OR ""đánh giá tác động"") AND (""AI"" OR ""trí tuệ nhân tạo"")",SITE_FALLBACK_LOCATOR,2,2026-08-01T04:47:01.433136+00:00,https://www.bing.com/search?q=site%3Aimda.moh.gov.vn+%28n%E1%BB%81n+t%E1%BA%A3ng+OR+c%C3%B4ng+c%E1%BB%A5%29+AND+%28%22%C4%91%C3%A1nh+gi%C3%A1+tu%C3%A2n+th%E1%BB%A7%22+OR+%22%C4%91%C3%A1nh+gi%C3%A1+t%C3%A1c+%C4%91%E1%BB%99ng%22%29+AND+%28%22AI%22+OR+%22tr%C3%AD+tu%E1%BB%87+nh%C3%A2n+t%E1%BA%A1o%22%29&first=11,200,,71045,fallback-site-MOH-HTTB-DQ-TOOL-02-p02.body,4d89fc2de0fdcfbe054c249f2f4d3dedaae3e4353ffc81d5974f2299cb6494e9,fallback-site-MOH-HTTB-DQ-TOOL-02-p02.headers.json,df28b4bd6044830b91faf6fd2137e6d785d6f946f83cbbfca164efb202034755,[],0,0,TWO_CONSECUTIVE_NO_NEW
MOH-KCB,kcb.vn,DQ-EVID-01,"(""đạo đức AI"" OR ""quản trị AI"") AND (kiểm toán OR thanh tra OR giám sát)",SITE_FALLBACK_LOCATOR,1,2026-08-01T04:46:51.407675+00:00,https://www.bing.com/search?q=site%3Akcb.vn+%28%22%C4%91%E1%BA%A1o+%C4%91%E1%BB%A9c+AI%22+OR+%22qu%E1%BA%A3n+tr%E1%BB%8B+AI%22%29+AND+%28ki%E1%BB%83m+to%C3%A1n+OR+thanh+tra+OR+gi%C3%A1m+s%C3%A1t%29&first=1,200,,69522,fallback-site-MOH-KCB-DQ-EVID-01-p01.body,3cc312cac06c19f28ffa8e06671ee73963abaa11fe9c7170e9e079f57be4da03,fallback-site-MOH-KCB-DQ-EVID-01-p01.headers.json,e5b2341e158867dcd48bf0e287efc65eebac3c34bbf0356bbf1b24927ecc0157,[],0,0,CONTINUE
MOH-KCB,kcb.vn,DQ-EVID-01,"(""đạo đức AI"" OR ""quản trị AI"") AND (kiểm toán OR thanh tra OR giám sát)",SITE_FALLBACK_LOCATOR,2,2026-08-01T04:46:52.749731+00:00,https://www.bing.com/search?q=site%3Akcb.vn+%28%22%C4%91%E1%BA%A1o+%C4%91%E1%BB%A9c+AI%22+OR+%22qu%E1%BA%A3n+tr%E1%BB%8B+AI%22%29+AND+%28ki%E1%BB%83m+to%C3%A1n+OR+thanh+tra+OR+gi%C3%A1m+s%C3%A1t%29&first=11,200,,70425,fallback-site-MOH-KCB-DQ-EVID-01-p02.body,af950cd484b9023bb1b3db6ead4573aac3c1861fbac232a5c54f884a25eb588c,fallback-site-MOH-KCB-DQ-EVID-01-p02.headers.json,0baea0c00e22f77a729b7a52be8a3be88c567585a5eab17e2115d365faa9c71d,[],0,0,TWO_CONSECUTIVE_NO_NEW
MOH-KCB,kcb.vn,DQ-EVID-02,"(""AI"" OR ""trí tuệ nhân tạo"") AND (sự cố OR khiếu nại OR khắc phục) AND (y tế OR bệnh viện)",SITE_FALLBACK_LOCATOR,1,2026-08-01T04:46:51.505837+00:00,https://www.bing.com/search?q=site%3Akcb.vn+%28%22AI%22+OR+%22tr%C3%AD+tu%E1%BB%87+nh%C3%A2n+t%E1%BA%A1o%22%29+AND+%28s%E1%BB%B1+c%E1%BB%91+OR+khi%E1%BA%BFu+n%E1%BA%A1i+OR+kh%E1%BA%AFc+ph%E1%BB%A5c%29+AND+%28y+t%E1%BA%BF+OR+b%E1%BB%87nh+vi%E1%BB%87n%29&first=1,200,,70923,fallback-site-MOH-KCB-DQ-EVID-02-p01.body,3098cd27aab7c67cb2c76ade8043fd69d70795a09d28b9c2a78fb249286729c5,fallback-site-MOH-KCB-DQ-EVID-02-p01.headers.json,b3820b9eae5b96d5f173690afb0b2a59d0539c50c1b3384d3a89ebd948f9f80c,[],0,0,CONTINUE
MOH-KCB,kcb.vn,DQ-EVID-02,"(""AI"" OR ""trí tuệ nhân tạo"") AND (sự cố OR khiếu nại OR khắc phục) AND (y tế OR bệnh viện)",SITE_FALLBACK_LOCATOR,2,2026-08-01T04:46:52.895236+00:00,https://www.bing.com/search?q=site%3Akcb.vn+%28%22AI%22+OR+%22tr%C3%AD+tu%E1%BB%87+nh%C3%A2n+t%E1%BA%A1o%22%29+AND+%28s%E1%BB%B1+c%E1%BB%91+OR+khi%E1%BA%BFu+n%E1%BA%A1i+OR+kh%E1%BA%AFc+ph%E1%BB%A5c%29+AND+%28y+t%E1%BA%BF+OR+b%E1%BB%87nh+vi%E1%BB%87n%29&first=11,200,,70420,fallback-site-MOH-KCB-DQ-EVID-02-p02.body,4c8fe600ecda9340c69bb1be5115c21077f1550ae052a19de3881086f5132234,fallback-site-MOH-KCB-DQ-EVID-02-p02.headers.json,cd0aee09edc842e09cfe868123cc4ae38a2b4e08373b00cf4799a735dab114af,[],0,0,TWO_CONSECUTIVE_NO_NEW
MOH-KCB,kcb.vn,DQ-EVID-03,"(""AI"" OR ""trí tuệ nhân tạo"") AND (""đánh giá tác động"" OR kết quả) AND (y tế OR bệnh viện)",SITE_FALLBACK_LOCATOR,1,2026-08-01T04:46:51.545503+00:00,https://www.bing.com/search?q=site%3Akcb.vn+%28%22AI%22+OR+%22tr%C3%AD+tu%E1%BB%87+nh%C3%A2n+t%E1%BA%A1o%22%29+AND+%28%22%C4%91%C3%A1nh+gi%C3%A1+t%C3%A1c+%C4%91%E1%BB%99ng%22+OR+k%E1%BA%BFt+qu%E1%BA%A3%29+AND+%28y+t%E1%BA%BF+OR+b%E1%BB%87nh+vi%E1%BB%87n%29&first=1,200,,70775,fallback-site-MOH-KCB-DQ-EVID-03-p01.body,f99223974375cc60228711104142b624f60d3b50cc2e24c75689a658f9fa83bd,fallback-site-MOH-KCB-DQ-EVID-03-p01.headers.json,851a23eb524539068b9bae4ee0e882ebff337df37fb8dc855de18e7272d38b4e,[],0,0,CONTINUE
MOH-KCB,kcb.vn,DQ-EVID-03,"(""AI"" OR ""trí tuệ nhân tạo"") AND (""đánh giá tác động"" OR kết quả) AND (y tế OR bệnh viện)",SITE_FALLBACK_LOCATOR,2,2026-08-01T04:46:52.920926+00:00,https://www.bing.com/search?q=site%3Akcb.vn+%28%22AI%22+OR+%22tr%C3%AD+tu%E1%BB%87+nh%C3%A2n+t%E1%BA%A1o%22%29+AND+%28%22%C4%91%C3%A1nh+gi%C3%A1+t%C3%A1c+%C4%91%E1%BB%99ng%22+OR+k%E1%BA%BFt+qu%E1%BA%A3%29+AND+%28y+t%E1%BA%BF+OR+b%E1%BB%87nh+vi%E1%BB%87n%29&first=11,200,,69943,fallback-site-MOH-KCB-DQ-EVID-03-p02.body,98cec3f983cadd2595e93a63fa6763d01587c483a99efe37af93bcef2e631383,fallback-site-MOH-KCB-DQ-EVID-03-p02.headers.json,cc57df56f4f8d6bca5996221e0fadfc5795290abf2c41d59321b1a0a42884822,[],0,0,TWO_CONSECUTIVE_NO_NEW
MOH-KCB,kcb.vn,DQ-EVID-04,"(""AI ethics"" OR ""AI governance"") AND (audit OR inspection OR monitoring OR incident OR complaint OR redress OR ""impact assessment"" OR outcome OR result) AND (Vietnam OR ""Viet Nam"") AND (health OR hospital)",SITE_FALLBACK_LOCATOR,1,2026-08-01T04:46:54.302259+00:00,https://www.bing.com/search?q=site%3Akcb.vn+%28%22AI+ethics%22+OR+%22AI+governance%22%29+AND+%28audit+OR+inspection+OR+monitoring+OR+incident+OR+complaint+OR+redress+OR+%22impact+assessment%22+OR+outcome+OR+result%29+AND+%28Vietnam+OR+%22Viet+Nam%22%29+AND+%28health+OR+hospital%29&first=1,200,,71077,fallback-site-MOH-KCB-DQ-EVID-04-p01.body,b91affbf73423359f90374be58a3233c5548421d1ca1bfd1c5cf329ba3611bb1,fallback-site-MOH-KCB-DQ-EVID-04-p01.headers.json,e45358f284856c2931a97f0c716735f6e760782ec7279a14a7272486430e110f,[],0,0,CONTINUE
MOH-KCB,kcb.vn,DQ-EVID-04,"(""AI ethics"" OR ""AI governance"") AND (audit OR inspection OR monitoring OR incident OR complaint OR redress OR ""impact assessment"" OR outcome OR result) AND (Vietnam OR ""Viet Nam"") AND (health OR hospital)",SITE_FALLBACK_LOCATOR,2,2026-08-01T04:46:55.676810+00:00,https://www.bing.com/search?q=site%3Akcb.vn+%28%22AI+ethics%22+OR+%22AI+governance%22%29+AND+%28audit+OR+inspection+OR+monitoring+OR+incident+OR+complaint+OR+redress+OR+%22impact+assessment%22+OR+outcome+OR+result%29+AND+%28Vietnam+OR+%22Viet+Nam%22%29+AND+%28health+OR+hospital%29&first=11,200,,70766,fallback-site-MOH-KCB-DQ-EVID-04-p02.body,2911cd6ef1f8e2265679717435820cf0e4b352d5316d3f7407021ee2e79bf7dd,fallback-site-MOH-KCB-DQ-EVID-04-p02.headers.json,198de1af1a28f558702d279937f75501df9ad29213bb54f6bbf1573f90e6d1f1,[],0,0,TWO_CONSECUTIVE_NO_NEW
MOH-KCB,kcb.vn,DQ-EVID-05,"(""artificial intelligence"" OR AI) AND (""post-implementation monitoring"" OR ""post-market surveillance"" OR ""incident reporting"" OR ""quality management"" OR ""effectiveness evaluation"" OR audit) AND (Vietnam OR ""Viet Nam"") AND (health OR hospital OR ""provincial health department"")",SITE_FALLBACK_LOCATOR,1,2026-08-01T04:46:54.484764+00:00,https://www.bing.com/search?q=site%3Akcb.vn+%28%22artificial+intelligence%22+OR+AI%29+AND+%28%22post-implementation+monitoring%22+OR+%22post-market+surveillance%22+OR+%22incident+reporting%22+OR+%22quality+management%22+OR+%22effectiveness+evaluation%22+OR+audit%29+AND+%28Vietnam+OR+%22Viet+Nam%22%29+AND+%28health+OR+hospital+OR+%22provincial+health+department%22%29&first=1,200,,71496,fallback-site-MOH-KCB-DQ-EVID-05-p01.body,a9f5fd35a2b1e4221c649b6b7e404da271f57941739d63c92630f8d94b2c99c0,fallback-site-MOH-KCB-DQ-EVID-05-p01.headers.json,dc9c37f15e6bc0f002414c95ebabef5a6fe892e082d04924fff282b033826e49,[],0,0,CONTINUE
MOH-KCB,kcb.vn,DQ-EVID-05,"(""artificial intelligence"" OR AI) AND (""post-implementation monitoring"" OR ""post-market surveillance"" OR ""incident reporting"" OR ""quality management"" OR ""effectiveness evaluation"" OR audit) AND (Vietnam OR ""Viet Nam"") AND (health OR hospital OR ""provincial health department"")",SITE_FALLBACK_LOCATOR,2,2026-08-01T04:46:55.886641+00:00,https://www.bing.com/search?q=site%3Akcb.vn+%28%22artificial+intelligence%22+OR+AI%29+AND+%28%22post-implementation+monitoring%22+OR+%22post-market+surveillance%22+OR+%22incident+reporting%22+OR+%22quality+management%22+OR+%22effectiveness+evaluation%22+OR+audit%29+AND+%28Vietnam+OR+%22Viet+Nam%22%29+AND+%28health+OR+hospital+OR+%22provincial+health+department%22%29&first=11,200,,71932,fallback-site-MOH-KCB-DQ-EVID-05-p02.body,423f68664727d294429d25e67d40b19bb031d445b2f6bacac34b7e3600f79840,fallback-site-MOH-KCB-DQ-EVID-05-p02.headers.json,9e8b18fa1f5c0c69e1816e602095ed0734c87154716d65a4eb694542a763d296,[],0,0,TWO_CONSECUTIVE_NO_NEW
MOH-KCB,kcb.vn,DQ-IMPL-01,"(""đạo đức AI"" OR ""AI có trách nhiệm"" OR ""quản trị AI"") AND (kế hoạch OR triển khai OR áp dụng OR thí điểm)",SITE_FALLBACK_LOCATOR,1,2026-08-01T04:46:45.425822+00:00,https://www.bing.com/search?q=site%3Akcb.vn+%28%22%C4%91%E1%BA%A1o+%C4%91%E1%BB%A9c+AI%22+OR+%22AI+c%C3%B3+tr%C3%A1ch+nhi%E1%BB%87m%22+OR+%22qu%E1%BA%A3n+tr%E1%BB%8B+AI%22%29+AND+%28k%E1%BA%BF+ho%E1%BA%A1ch+OR+tri%E1%BB%83n+khai+OR+%C3%A1p+d%E1%BB%A5ng+OR+th%C3%AD+%C4%91i%E1%BB%83m%29&first=1,200,,71884,fallback-site-MOH-KCB-DQ-IMPL-01-p01.body,caa9c73fd2027985916e0dc153b111f8ba92bdc14f48c683d35e29d5e390ed3f,fallback-site-MOH-KCB-DQ-IMPL-01-p01.headers.json,6ca324178af4e45915f15f8dd4482bf8f57870278261cb600550b892639b16b6,[],0,0,CONTINUE
MOH-KCB,kcb.vn,DQ-IMPL-01,"(""đạo đức AI"" OR ""AI có trách nhiệm"" OR ""quản trị AI"") AND (kế hoạch OR triển khai OR áp dụng OR thí điểm)",SITE_FALLBACK_LOCATOR,2,2026-08-01T04:46:47.067281+00:00,https://www.bing.com/search?q=site%3Akcb.vn+%28%22%C4%91%E1%BA%A1o+%C4%91%E1%BB%A9c+AI%22+OR+%22AI+c%C3%B3+tr%C3%A1ch+nhi%E1%BB%87m%22+OR+%22qu%E1%BA%A3n+tr%E1%BB%8B+AI%22%29+AND+%28k%E1%BA%BF+ho%E1%BA%A1ch+OR+tri%E1%BB%83n+khai+OR+%C3%A1p+d%E1%BB%A5ng+OR+th%C3%AD+%C4%91i%E1%BB%83m%29&first=11,200,,70092,fallback-site-MOH-KCB-DQ-IMPL-01-p02.body,42ca25fe39ed82e88b6cfaae0062737ed380912b5b68b25bc182cfc5570c99d9,fallback-site-MOH-KCB-DQ-IMPL-01-p02.headers.json,88d9c8299e520ed3be60172f7ab4849274b4807bf2a74ea33666bdc355aeaec9,[],0,0,TWO_CONSECUTIVE_NO_NEW
MOH-KCB,kcb.vn,DQ-IMPL-02,"(""đạo đức AI"" OR ""AI có trách nhiệm"" OR ""quản trị AI"") AND (""Bộ Y tế"" OR bệnh viện OR ""cơ sở khám bệnh, chữa bệnh"")",SITE_FALLBACK_LOCATOR,1,2026-08-01T04:46:45.397517+00:00,https://www.bing.com/search?q=site%3Akcb.vn+%28%22%C4%91%E1%BA%A1o+%C4%91%E1%BB%A9c+AI%22+OR+%22AI+c%C3%B3+tr%C3%A1ch+nhi%E1%BB%87m%22+OR+%22qu%E1%BA%A3n+tr%E1%BB%8B+AI%22%29+AND+%28%22B%E1%BB%99+Y+t%E1%BA%BF%22+OR+b%E1%BB%87nh+vi%E1%BB%87n+OR+%22c%C6%A1+s%E1%BB%9F+kh%C3%A1m+b%E1%BB%87nh%2C+ch%E1%BB%AFa+b%E1%BB%87nh%22%29&first=1,200,,71003,fallback-site-MOH-KCB-DQ-IMPL-02-p01.body,3cae029c7bf2cd6e6663124de02afbdf8c5d2c498b1332056797c1d72bcf0938,fallback-site-MOH-KCB-DQ-IMPL-02-p01.headers.json,2ddaaff02fe17cee41258d8fd796ac2cbce2990821d5aa1403c9f06ba04ab3aa,[],0,0,CONTINUE
MOH-KCB,kcb.vn,DQ-IMPL-02,"(""đạo đức AI"" OR ""AI có trách nhiệm"" OR ""quản trị AI"") AND (""Bộ Y tế"" OR bệnh viện OR ""cơ sở khám bệnh, chữa bệnh"")",SITE_FALLBACK_LOCATOR,2,2026-08-01T04:46:47.030688+00:00,https://www.bing.com/search?q=site%3Akcb.vn+%28%22%C4%91%E1%BA%A1o+%C4%91%E1%BB%A9c+AI%22+OR+%22AI+c%C3%B3+tr%C3%A1ch+nhi%E1%BB%87m%22+OR+%22qu%E1%BA%A3n+tr%E1%BB%8B+AI%22%29+AND+%28%22B%E1%BB%99+Y+t%E1%BA%BF%22+OR+b%E1%BB%87nh+vi%E1%BB%87n+OR+%22c%C6%A1+s%E1%BB%9F+kh%C3%A1m+b%E1%BB%87nh%2C+ch%E1%BB%AFa+b%E1%BB%87nh%22%29&first=11,200,,71733,fallback-site-MOH-KCB-DQ-IMPL-02-p02.body,6d16d7fb4184dc04e825e086f6913b15a202e434e92afb813407a35161dbd07e,fallback-site-MOH-KCB-DQ-IMPL-02-p02.headers.json,9f58a32cebf91f06089abc0a55109a0197b499b66db0f271299976462a799244,[],0,0,TWO_CONSECUTIVE_NO_NEW
MOH-KCB,kcb.vn,DQ-IMPL-03,"(""responsible AI"" OR ""AI governance"" OR ""AI ethics"") AND (implementation OR adoption OR uptake OR plan OR pilot) AND (Vietnam OR ""Viet Nam"") AND (health OR hospital OR clinical)",SITE_FALLBACK_LOCATOR,1,2026-08-01T04:46:45.454703+00:00,https://www.bing.com/search?q=site%3Akcb.vn+%28%22responsible+AI%22+OR+%22AI+governance%22+OR+%22AI+ethics%22%29+AND+%28implementation+OR+adoption+OR+uptake+OR+plan+OR+pilot%29+AND+%28Vietnam+OR+%22Viet+Nam%22%29+AND+%28health+OR+hospital+OR+clinical%29&first=1,200,,71245,fallback-site-MOH-KCB-DQ-IMPL-03-p01.body,b6d0e6fb1bdf5b76290ba4068d8b09688c48bbe56f9f6ef775bd22968445736a,fallback-site-MOH-KCB-DQ-IMPL-03-p01.headers.json,0719da6dc68df4a2504763f7f2c1151eb947f5f3a8cd20f08195013b9a129de3,[],0,0,CONTINUE
MOH-KCB,kcb.vn,DQ-IMPL-03,"(""responsible AI"" OR ""AI governance"" OR ""AI ethics"") AND (implementation OR adoption OR uptake OR plan OR pilot) AND (Vietnam OR ""Viet Nam"") AND (health OR hospital OR clinical)",SITE_FALLBACK_LOCATOR,2,2026-08-01T04:46:47.031719+00:00,https://www.bing.com/search?q=site%3Akcb.vn+%28%22responsible+AI%22+OR+%22AI+governance%22+OR+%22AI+ethics%22%29+AND+%28implementation+OR+adoption+OR+uptake+OR+plan+OR+pilot%29+AND+%28Vietnam+OR+%22Viet+Nam%22%29+AND+%28health+OR+hospital+OR+clinical%29&first=11,200,,70558,fallback-site-MOH-KCB-DQ-IMPL-03-p02.body,efd24a01b0247f188625d9310d179191f70f560d683567f7976e13b31216a85d,fallback-site-MOH-KCB-DQ-IMPL-03-p02.headers.json,d140cbf90a475bb2ecaabaa5c8b6d4076462b3fe89292e7663793cd842bc2a8a,[],0,0,TWO_CONSECUTIVE_NO_NEW
MOH-KCB,kcb.vn,DQ-IMPL-04,"(""trí tuệ nhân tạo"" OR AI) AND (""theo dõi sau triển khai"" OR hậu kiểm OR ""giám sát sau triển khai"" OR ""đánh giá hiệu quả"") AND (y tế OR bệnh viện OR ""Sở Y tế"")",SITE_FALLBACK_LOCATOR,1,2026-08-01T04:46:51.382511+00:00,https://www.bing.com/search?q=site%3Akcb.vn+%28%22tr%C3%AD+tu%E1%BB%87+nh%C3%A2n+t%E1%BA%A1o%22+OR+AI%29+AND+%28%22theo+d%C3%B5i+sau+tri%E1%BB%83n+khai%22+OR+h%E1%BA%ADu+ki%E1%BB%83m+OR+%22gi%C3%A1m+s%C3%A1t+sau+tri%E1%BB%83n+khai%22+OR+%22%C4%91%C3%A1nh+gi%C3%A1+hi%E1%BB%87u+qu%E1%BA%A3%22%29+AND+%28y+t%E1%BA%BF+OR+b%E1%BB%87nh+vi%E1%BB%87n+OR+%22S%E1%BB%9F+Y+t%E1%BA%BF%22%29&first=1,200,,70656,fallback-site-MOH-KCB-DQ-IMPL-04-p01.body,3e07bb0bb6ce82d3f06baab9fbbd663f8d0e4ad95039f0910c8fff0130be3480,fallback-site-MOH-KCB-DQ-IMPL-04-p01.headers.json,e89f368ac7f5571c8e3d030032c83682d692a3163907ae26ef8cdd31759a6402,[],0,0,CONTINUE
MOH-KCB,kcb.vn,DQ-IMPL-04,"(""trí tuệ nhân tạo"" OR AI) AND (""theo dõi sau triển khai"" OR hậu kiểm OR ""giám sát sau triển khai"" OR ""đánh giá hiệu quả"") AND (y tế OR bệnh viện OR ""Sở Y tế"")",SITE_FALLBACK_LOCATOR,2,2026-08-01T04:46:52.812276+00:00,https://www.bing.com/search?q=site%3Akcb.vn+%28%22tr%C3%AD+tu%E1%BB%87+nh%C3%A2n+t%E1%BA%A1o%22+OR+AI%29+AND+%28%22theo+d%C3%B5i+sau+tri%E1%BB%83n+khai%22+OR+h%E1%BA%ADu+ki%E1%BB%83m+OR+%22gi%C3%A1m+s%C3%A1t+sau+tri%E1%BB%83n+khai%22+OR+%22%C4%91%C3%A1nh+gi%C3%A1+hi%E1%BB%87u+qu%E1%BA%A3%22%29+AND+%28y+t%E1%BA%BF+OR+b%E1%BB%87nh+vi%E1%BB%87n+OR+%22S%E1%BB%9F+Y+t%E1%BA%BF%22%29&first=11,200,,71607,fallback-site-MOH-KCB-DQ-IMPL-04-p02.body,1807c768dac3b0c0fece1334b0acc5f9a9571fbfe6dac8ff2ac5f655f995fb3a,fallback-site-MOH-KCB-DQ-IMPL-04-p02.headers.json,f158962d4e35078005486706719257416edff87224e5f85d05a430c7a88aee78,[],0,0,TWO_CONSECUTIVE_NO_NEW
MOH-KCB,kcb.vn,DQ-IMPL-05,"(""trí tuệ nhân tạo"" OR AI) AND (""báo cáo sự cố"" OR ""quản lý chất lượng"" OR kiểm toán OR thanh tra) AND (y tế OR bệnh viện OR ""Sở Y tế"")",SITE_FALLBACK_LOCATOR,1,2026-08-01T04:46:48.427518+00:00,https://www.bing.com/search?q=site%3Akcb.vn+%28%22tr%C3%AD+tu%E1%BB%87+nh%C3%A2n+t%E1%BA%A1o%22+OR+AI%29+AND+%28%22b%C3%A1o+c%C3%A1o+s%E1%BB%B1+c%E1%BB%91%22+OR+%22qu%E1%BA%A3n+l%C3%BD+ch%E1%BA%A5t+l%C6%B0%E1%BB%A3ng%22+OR+ki%E1%BB%83m+to%C3%A1n+OR+thanh+tra%29+AND+%28y+t%E1%BA%BF+OR+b%E1%BB%87nh+vi%E1%BB%87n+OR+%22S%E1%BB%9F+Y+t%E1%BA%BF%22%29&first=1,200,,71232,fallback-site-MOH-KCB-DQ-IMPL-05-p01.body,d82c60ef0aedfd9ac8f39e1708a7163a304c0873e551906fd7e58f839658affd,fallback-site-MOH-KCB-DQ-IMPL-05-p01.headers.json,f2ac7312627927ecc31ad2777c94caba4335766a44675fd20b3cf543427c9b88,[],0,0,CONTINUE
MOH-KCB,kcb.vn,DQ-IMPL-05,"(""trí tuệ nhân tạo"" OR AI) AND (""báo cáo sự cố"" OR ""quản lý chất lượng"" OR kiểm toán OR thanh tra) AND (y tế OR bệnh viện OR ""Sở Y tế"")",SITE_FALLBACK_LOCATOR,2,2026-08-01T04:46:50.109512+00:00,https://www.bing.com/search?q=site%3Akcb.vn+%28%22tr%C3%AD+tu%E1%BB%87+nh%C3%A2n+t%E1%BA%A1o%22+OR+AI%29+AND+%28%22b%C3%A1o+c%C3%A1o+s%E1%BB%B1+c%E1%BB%91%22+OR+%22qu%E1%BA%A3n+l%C3%BD+ch%E1%BA%A5t+l%C6%B0%E1%BB%A3ng%22+OR+ki%E1%BB%83m+to%C3%A1n+OR+thanh+tra%29+AND+%28y+t%E1%BA%BF+OR+b%E1%BB%87nh+vi%E1%BB%87n+OR+%22S%E1%BB%9F+Y+t%E1%BA%BF%22%29&first=11,200,,71781,fallback-site-MOH-KCB-DQ-IMPL-05-p02.body,1711b78768f92d9ba35608744659e64316f49d906d601766052f7bdb45e78a84,fallback-site-MOH-KCB-DQ-IMPL-05-p02.headers.json,75cfc4f9b4ae120108d77ce89ab5fa0bf7a74a75c86de238bf174401ebf2ae64,[],0,0,TWO_CONSECUTIVE_NO_NEW
MOH-KCB,kcb.vn,DQ-TOOL-01,"(""đánh giá tuân thủ"" OR ""tự đánh giá"") AND (""đạo đức AI"" OR ""AI có trách nhiệm"")",SITE_FALLBACK_LOCATOR,1,2026-08-01T04:46:48.383858+00:00,https://www.bing.com/search?q=site%3Akcb.vn+%28%22%C4%91%C3%A1nh+gi%C3%A1+tu%C3%A2n+th%E1%BB%A7%22+OR+%22t%E1%BB%B1+%C4%91%C3%A1nh+gi%C3%A1%22%29+AND+%28%22%C4%91%E1%BA%A1o+%C4%91%E1%BB%A9c+AI%22+OR+%22AI+c%C3%B3+tr%C3%A1ch+nhi%E1%BB%87m%22%29&first=1,200,,70353,fallback-site-MOH-KCB-DQ-TOOL-01-p01.body,99c48635948f23df6e5fe47335264f7769f626610d7599f52dae77a3612e254e,fallback-site-MOH-KCB-DQ-TOOL-01-p01.headers.json,c092163e63e3bb7e54c60e4ada6b97999e9ca52b238284e95190e12f47b16da3,[],0,0,CONTINUE
MOH-KCB,kcb.vn,DQ-TOOL-01,"(""đánh giá tuân thủ"" OR ""tự đánh giá"") AND (""đạo đức AI"" OR ""AI có trách nhiệm"")",SITE_FALLBACK_LOCATOR,2,2026-08-01T04:46:49.859646+00:00,https://www.bing.com/search?q=site%3Akcb.vn+%28%22%C4%91%C3%A1nh+gi%C3%A1+tu%C3%A2n+th%E1%BB%A7%22+OR+%22t%E1%BB%B1+%C4%91%C3%A1nh+gi%C3%A1%22%29+AND+%28%22%C4%91%E1%BA%A1o+%C4%91%E1%BB%A9c+AI%22+OR+%22AI+c%C3%B3+tr%C3%A1ch+nhi%E1%BB%87m%22%29&first=11,200,,70361,fallback-site-MOH-KCB-DQ-TOOL-01-p02.body,04fec2592b7f36c1cbd54becaf8af78865ec9840c67bb336dce54dc7c175b295,fallback-site-MOH-KCB-DQ-TOOL-01-p02.headers.json,a19e1f6274dd92e29b8b554f4dbad43ee9392b4788d20d21433987d0e450f855,[],0,0,TWO_CONSECUTIVE_NO_NEW
MOH-KCB,kcb.vn,DQ-TOOL-02,"(nền tảng OR công cụ) AND (""đánh giá tuân thủ"" OR ""đánh giá tác động"") AND (""AI"" OR ""trí tuệ nhân tạo"")",SITE_FALLBACK_LOCATOR,1,2026-08-01T04:46:48.454325+00:00,https://www.bing.com/search?q=site%3Akcb.vn+%28n%E1%BB%81n+t%E1%BA%A3ng+OR+c%C3%B4ng+c%E1%BB%A5%29+AND+%28%22%C4%91%C3%A1nh+gi%C3%A1+tu%C3%A2n+th%E1%BB%A7%22+OR+%22%C4%91%C3%A1nh+gi%C3%A1+t%C3%A1c+%C4%91%E1%BB%99ng%22%29+AND+%28%22AI%22+OR+%22tr%C3%AD+tu%E1%BB%87+nh%C3%A2n+t%E1%BA%A1o%22%29&first=1,200,,70872,fallback-site-MOH-KCB-DQ-TOOL-02-p01.body,a0ebec7128c478e2d6d0a6e56c747ef6e44f57610c1734f9b932c1944a59de47,fallback-site-MOH-KCB-DQ-TOOL-02-p01.headers.json,013a4487a4af44754e62405a44ccd5d1d24dd898d861d3c39857b977f1039e60,[],0,0,CONTINUE
MOH-KCB,kcb.vn,DQ-TOOL-02,"(nền tảng OR công cụ) AND (""đánh giá tuân thủ"" OR ""đánh giá tác động"") AND (""AI"" OR ""trí tuệ nhân tạo"")",SITE_FALLBACK_LOCATOR,2,2026-08-01T04:46:50.083598+00:00,https://www.bing.com/search?q=site%3Akcb.vn+%28n%E1%BB%81n+t%E1%BA%A3ng+OR+c%C3%B4ng+c%E1%BB%A5%29+AND+%28%22%C4%91%C3%A1nh+gi%C3%A1+tu%C3%A2n+th%E1%BB%A7%22+OR+%22%C4%91%C3%A1nh+gi%C3%A1+t%C3%A1c+%C4%91%E1%BB%99ng%22%29+AND+%28%22AI%22+OR+%22tr%C3%AD+tu%E1%BB%87+nh%C3%A2n+t%E1%BA%A1o%22%29&first=11,200,,70168,fallback-site-MOH-KCB-DQ-TOOL-02-p02.body,d80add8586cebea88e2e157261e57118ecbc5339371b25ef60d88cba1d65a5e2,fallback-site-MOH-KCB-DQ-TOOL-02-p02.headers.json,5a579717ff7b88d4293ff975e4678e4696fcaf04f9eade19dda5f0fceebe9ded,[],0,0,TWO_CONSECUTIVE_NO_NEW
MOH-NHIC,ttyqg.vn,DQ-EVID-01,"(""đạo đức AI"" OR ""quản trị AI"") AND (kiểm toán OR thanh tra OR giám sát)",SITE_FALLBACK_LOCATOR,1,2026-08-01T04:47:08.618046+00:00,https://www.bing.com/search?q=site%3Attyqg.vn+%28%22%C4%91%E1%BA%A1o+%C4%91%E1%BB%A9c+AI%22+OR+%22qu%E1%BA%A3n+tr%E1%BB%8B+AI%22%29+AND+%28ki%E1%BB%83m+to%C3%A1n+OR+thanh+tra+OR+gi%C3%A1m+s%C3%A1t%29&first=1,200,,70443,fallback-site-MOH-NHIC-DQ-EVID-01-p01.body,32c4922660902a319d049b9cc2ae67f7755ca37b3f5619d816adaeb27563d2be,fallback-site-MOH-NHIC-DQ-EVID-01-p01.headers.json,bc86f4f8e896ce15a9ae4e033057cd956cc465bcaa4a0cf050003d04358e0d9a,[],0,0,CONTINUE
MOH-NHIC,ttyqg.vn,DQ-EVID-01,"(""đạo đức AI"" OR ""quản trị AI"") AND (kiểm toán OR thanh tra OR giám sát)",SITE_FALLBACK_LOCATOR,2,2026-08-01T04:47:10.436139+00:00,https://www.bing.com/search?q=site%3Attyqg.vn+%28%22%C4%91%E1%BA%A1o+%C4%91%E1%BB%A9c+AI%22+OR+%22qu%E1%BA%A3n+tr%E1%BB%8B+AI%22%29+AND+%28ki%E1%BB%83m+to%C3%A1n+OR+thanh+tra+OR+gi%C3%A1m+s%C3%A1t%29&first=11,200,,70693,fallback-site-MOH-NHIC-DQ-EVID-01-p02.body,b86c0de960e1b4b95db487bc90ebe0d8200fd88e9b1252bbba0cd5c9a81a50c7,fallback-site-MOH-NHIC-DQ-EVID-01-p02.headers.json,f35726d2b6256f5b90c1166dd88b6b3fd3cedfbc4e8f12d0b88ed2a7efa1b79c,[],0,0,TWO_CONSECUTIVE_NO_NEW
MOH-NHIC,ttyqg.vn,DQ-EVID-02,"(""AI"" OR ""trí tuệ nhân tạo"") AND (sự cố OR khiếu nại OR khắc phục) AND (y tế OR bệnh viện)",SITE_FALLBACK_LOCATOR,1,2026-08-01T04:47:11.532571+00:00,https://www.bing.com/search?q=site%3Attyqg.vn+%28%22AI%22+OR+%22tr%C3%AD+tu%E1%BB%87+nh%C3%A2n+t%E1%BA%A1o%22%29+AND+%28s%E1%BB%B1+c%E1%BB%91+OR+khi%E1%BA%BFu+n%E1%BA%A1i+OR+kh%E1%BA%AFc+ph%E1%BB%A5c%29+AND+%28y+t%E1%BA%BF+OR+b%E1%BB%87nh+vi%E1%BB%87n%29&first=1,200,,70852,fallback-site-MOH-NHIC-DQ-EVID-02-p01.body,1aa1daf53581b3f2082aad39d6a0c92c67f8534b5712c3785aadb9088686eeda,fallback-site-MOH-NHIC-DQ-EVID-02-p01.headers.json,86ca4c7260f981bb57f26b216769fd75067e3e81b1ec4f60e7e79bccd3a3dc85,[],0,0,CONTINUE
MOH-NHIC,ttyqg.vn,DQ-EVID-02,"(""AI"" OR ""trí tuệ nhân tạo"") AND (sự cố OR khiếu nại OR khắc phục) AND (y tế OR bệnh viện)",SITE_FALLBACK_LOCATOR,2,2026-08-01T04:47:12.936704+00:00,https://www.bing.com/search?q=site%3Attyqg.vn+%28%22AI%22+OR+%22tr%C3%AD+tu%E1%BB%87+nh%C3%A2n+t%E1%BA%A1o%22%29+AND+%28s%E1%BB%B1+c%E1%BB%91+OR+khi%E1%BA%BFu+n%E1%BA%A1i+OR+kh%E1%BA%AFc+ph%E1%BB%A5c%29+AND+%28y+t%E1%BA%BF+OR+b%E1%BB%87nh+vi%E1%BB%87n%29&first=11,200,,70626,fallback-site-MOH-NHIC-DQ-EVID-02-p02.body,68e27ca5b86542afb4c85e71f1e25e47d3f70fb3924bad260e604cff3e11f485,fallback-site-MOH-NHIC-DQ-EVID-02-p02.headers.json,12b7d83b579cbab07ece0aae47e9340126228e242cba6405efb1e5d658d8cb61,[],0,0,TWO_CONSECUTIVE_NO_NEW
MOH-NHIC,ttyqg.vn,DQ-EVID-03,"(""AI"" OR ""trí tuệ nhân tạo"") AND (""đánh giá tác động"" OR kết quả) AND (y tế OR bệnh viện)",SITE_FALLBACK_LOCATOR,1,2026-08-01T04:47:11.712525+00:00,https://www.bing.com/search?q=site%3Attyqg.vn+%28%22AI%22+OR+%22tr%C3%AD+tu%E1%BB%87+nh%C3%A2n+t%E1%BA%A1o%22%29+AND+%28%22%C4%91%C3%A1nh+gi%C3%A1+t%C3%A1c+%C4%91%E1%BB%99ng%22+OR+k%E1%BA%BFt+qu%E1%BA%A3%29+AND+%28y+t%E1%BA%BF+OR+b%E1%BB%87nh+vi%E1%BB%87n%29&first=1,200,,70729,fallback-site-MOH-NHIC-DQ-EVID-03-p01.body,6ed30a97181b513258cf773be8350b3dd9413bf44ed8862485011c826b0cff82,fallback-site-MOH-NHIC-DQ-EVID-03-p01.headers.json,95ff42f80bf1a91d077cbaa98da52f53afa3a64fe2cb635467a9be4567860ee9,[],0,0,CONTINUE
MOH-NHIC,ttyqg.vn,DQ-EVID-03,"(""AI"" OR ""trí tuệ nhân tạo"") AND (""đánh giá tác động"" OR kết quả) AND (y tế OR bệnh viện)",SITE_FALLBACK_LOCATOR,2,2026-08-01T04:47:13.211087+00:00,https://www.bing.com/search?q=site%3Attyqg.vn+%28%22AI%22+OR+%22tr%C3%AD+tu%E1%BB%87+nh%C3%A2n+t%E1%BA%A1o%22%29+AND+%28%22%C4%91%C3%A1nh+gi%C3%A1+t%C3%A1c+%C4%91%E1%BB%99ng%22+OR+k%E1%BA%BFt+qu%E1%BA%A3%29+AND+%28y+t%E1%BA%BF+OR+b%E1%BB%87nh+vi%E1%BB%87n%29&first=11,200,,70330,fallback-site-MOH-NHIC-DQ-EVID-03-p02.body,9f868d6e2cb1f08f939a6984c0612d022deebbcecd75ddf6b24d63ef27a0b0cf,fallback-site-MOH-NHIC-DQ-EVID-03-p02.headers.json,fc84d685b840c1143b02a3836ff6d4d9b62a544487886988afb12b23763e433c,[],0,0,TWO_CONSECUTIVE_NO_NEW
MOH-NHIC,ttyqg.vn,DQ-EVID-04,"(""AI ethics"" OR ""AI governance"") AND (audit OR inspection OR monitoring OR incident OR complaint OR redress OR ""impact assessment"" OR outcome OR result) AND (Vietnam OR ""Viet Nam"") AND (health OR hospital)",SITE_FALLBACK_LOCATOR,1,2026-08-01T04:47:11.740151+00:00,https://www.bing.com/search?q=site%3Attyqg.vn+%28%22AI+ethics%22+OR+%22AI+governance%22%29+AND+%28audit+OR+inspection+OR+monitoring+OR+incident+OR+complaint+OR+redress+OR+%22impact+assessment%22+OR+outcome+OR+result%29+AND+%28Vietnam+OR+%22Viet+Nam%22%29+AND+%28health+OR+hospital%29&first=1,200,,70869,fallback-site-MOH-NHIC-DQ-EVID-04-p01.body,4eecd43646ab8bfcea8c9725943697b54a5b615cd67a60df1041673d7fa57426,fallback-site-MOH-NHIC-DQ-EVID-04-p01.headers.json,f104ee9d94fece21ab3cd8507c57e9bce5f671b2220c0ea2a1e3ed9e703cdcc1,[],0,0,CONTINUE
MOH-NHIC,ttyqg.vn,DQ-EVID-04,"(""AI ethics"" OR ""AI governance"") AND (audit OR inspection OR monitoring OR incident OR complaint OR redress OR ""impact assessment"" OR outcome OR result) AND (Vietnam OR ""Viet Nam"") AND (health OR hospital)",SITE_FALLBACK_LOCATOR,2,2026-08-01T04:47:13.190160+00:00,https://www.bing.com/search?q=site%3Attyqg.vn+%28%22AI+ethics%22+OR+%22AI+governance%22%29+AND+%28audit+OR+inspection+OR+monitoring+OR+incident+OR+complaint+OR+redress+OR+%22impact+assessment%22+OR+outcome+OR+result%29+AND+%28Vietnam+OR+%22Viet+Nam%22%29+AND+%28health+OR+hospital%29&first=11,200,,70753,fallback-site-MOH-NHIC-DQ-EVID-04-p02.body,ef996e78935452b03ab261814a99489d05aac36f000497a32a0c06b6129ed8e0,fallback-site-MOH-NHIC-DQ-EVID-04-p02.headers.json,fbe68141c160df17ca214dae917fdffa715a77531dff63ce51868cb81c1d144c,[],0,0,TWO_CONSECUTIVE_NO_NEW
MOH-NHIC,ttyqg.vn,DQ-EVID-05,"(""artificial intelligence"" OR AI) AND (""post-implementation monitoring"" OR ""post-market surveillance"" OR ""incident reporting"" OR ""quality management"" OR ""effectiveness evaluation"" OR audit) AND (Vietnam OR ""Viet Nam"") AND (health OR hospital OR ""provincial health department"")",SITE_FALLBACK_LOCATOR,1,2026-08-01T04:47:12.122270+00:00,https://www.bing.com/search?q=site%3Attyqg.vn+%28%22artificial+intelligence%22+OR+AI%29+AND+%28%22post-implementation+monitoring%22+OR+%22post-market+surveillance%22+OR+%22incident+reporting%22+OR+%22quality+management%22+OR+%22effectiveness+evaluation%22+OR+audit%29+AND+%28Vietnam+OR+%22Viet+Nam%22%29+AND+%28health+OR+hospital+OR+%22provincial+health+department%22%29&first=1,200,,71620,fallback-site-MOH-NHIC-DQ-EVID-05-p01.body,3c839a9e29c8aab4461b9e0dd18a6819b097cdad3b67e08b9e4d571b1b62dafb,fallback-site-MOH-NHIC-DQ-EVID-05-p01.headers.json,a454c91f4831271493b12eb1d892ec0a42a34ac984ac58941b9406bc318a73d3,[],0,0,CONTINUE
MOH-NHIC,ttyqg.vn,DQ-EVID-05,"(""artificial intelligence"" OR AI) AND (""post-implementation monitoring"" OR ""post-market surveillance"" OR ""incident reporting"" OR ""quality management"" OR ""effectiveness evaluation"" OR audit) AND (Vietnam OR ""Viet Nam"") AND (health OR hospital OR ""provincial health department"")",SITE_FALLBACK_LOCATOR,2,2026-08-01T04:47:13.564500+00:00,https://www.bing.com/search?q=site%3Attyqg.vn+%28%22artificial+intelligence%22+OR+AI%29+AND+%28%22post-implementation+monitoring%22+OR+%22post-market+surveillance%22+OR+%22incident+reporting%22+OR+%22quality+management%22+OR+%22effectiveness+evaluation%22+OR+audit%29+AND+%28Vietnam+OR+%22Viet+Nam%22%29+AND+%28health+OR+hospital+OR+%22provincial+health+department%22%29&first=11,200,,71430,fallback-site-MOH-NHIC-DQ-EVID-05-p02.body,4a0572d36b9bf24cf3ddb6d5b69b0c54c09a58afd2373e3cf902e90a9675c7c7,fallback-site-MOH-NHIC-DQ-EVID-05-p02.headers.json,58f9c9b93d67c573080e55cde0d2202a76004327d0586fda8ad20d978043d567,[],0,0,TWO_CONSECUTIVE_NO_NEW
MOH-NHIC,ttyqg.vn,DQ-IMPL-01,"(""đạo đức AI"" OR ""AI có trách nhiệm"" OR ""quản trị AI"") AND (kế hoạch OR triển khai OR áp dụng OR thí điểm)",SITE_FALLBACK_LOCATOR,1,2026-08-01T04:47:05.502986+00:00,https://www.bing.com/search?q=site%3Attyqg.vn+%28%22%C4%91%E1%BA%A1o+%C4%91%E1%BB%A9c+AI%22+OR+%22AI+c%C3%B3+tr%C3%A1ch+nhi%E1%BB%87m%22+OR+%22qu%E1%BA%A3n+tr%E1%BB%8B+AI%22%29+AND+%28k%E1%BA%BF+ho%E1%BA%A1ch+OR+tri%E1%BB%83n+khai+OR+%C3%A1p+d%E1%BB%A5ng+OR+th%C3%AD+%C4%91i%E1%BB%83m%29&first=1,200,,70836,fallback-site-MOH-NHIC-DQ-IMPL-01-p01.body,af7630a7e5ff41f1cef3dd643b5c691e52ded41965039000989d9342d743f70b,fallback-site-MOH-NHIC-DQ-IMPL-01-p01.headers.json,b92b57f734e02e023bd0033f0c2763063c912521eaafd2555493d7a719a85c4a,[],0,0,CONTINUE
MOH-NHIC,ttyqg.vn,DQ-IMPL-01,"(""đạo đức AI"" OR ""AI có trách nhiệm"" OR ""quản trị AI"") AND (kế hoạch OR triển khai OR áp dụng OR thí điểm)",SITE_FALLBACK_LOCATOR,2,2026-08-01T04:47:06.963649+00:00,https://www.bing.com/search?q=site%3Attyqg.vn+%28%22%C4%91%E1%BA%A1o+%C4%91%E1%BB%A9c+AI%22+OR+%22AI+c%C3%B3+tr%C3%A1ch+nhi%E1%BB%87m%22+OR+%22qu%E1%BA%A3n+tr%E1%BB%8B+AI%22%29+AND+%28k%E1%BA%BF+ho%E1%BA%A1ch+OR+tri%E1%BB%83n+khai+OR+%C3%A1p+d%E1%BB%A5ng+OR+th%C3%AD+%C4%91i%E1%BB%83m%29&first=11,200,,70665,fallback-site-MOH-NHIC-DQ-IMPL-01-p02.body,ec45478ac091d9ea9d9edbfe1c40a25137b6eaf1e07b5fef354540d5879210b4,fallback-site-MOH-NHIC-DQ-IMPL-01-p02.headers.json,54b6827fc5a31143e587df4595f2567cce9e9a8add8cb581c2a905661ec1fe66,[],0,0,TWO_CONSECUTIVE_NO_NEW
MOH-NHIC,ttyqg.vn,DQ-IMPL-02,"(""đạo đức AI"" OR ""AI có trách nhiệm"" OR ""quản trị AI"") AND (""Bộ Y tế"" OR bệnh viện OR ""cơ sở khám bệnh, chữa bệnh"")",SITE_FALLBACK_LOCATOR,1,2026-08-01T04:47:05.671013+00:00,https://www.bing.com/search?q=site%3Attyqg.vn+%28%22%C4%91%E1%BA%A1o+%C4%91%E1%BB%A9c+AI%22+OR+%22AI+c%C3%B3+tr%C3%A1ch+nhi%E1%BB%87m%22+OR+%22qu%E1%BA%A3n+tr%E1%BB%8B+AI%22%29+AND+%28%22B%E1%BB%99+Y+t%E1%BA%BF%22+OR+b%E1%BB%87nh+vi%E1%BB%87n+OR+%22c%C6%A1+s%E1%BB%9F+kh%C3%A1m+b%E1%BB%87nh%2C+ch%E1%BB%AFa+b%E1%BB%87nh%22%29&first=1,200,,71114,fallback-site-MOH-NHIC-DQ-IMPL-02-p01.body,864805e217727f77945eab9c37a2db96fe48ff5eb7989a465b23bcb8bdf574a6,fallback-site-MOH-NHIC-DQ-IMPL-02-p01.headers.json,90c2076499d42b4b7f0d5252422466a6abc4cf54090f6a758d9bc26b0aa4f363,[],0,0,CONTINUE
MOH-NHIC,ttyqg.vn,DQ-IMPL-02,"(""đạo đức AI"" OR ""AI có trách nhiệm"" OR ""quản trị AI"") AND (""Bộ Y tế"" OR bệnh viện OR ""cơ sở khám bệnh, chữa bệnh"")",SITE_FALLBACK_LOCATOR,2,2026-08-01T04:47:07.180002+00:00,https://www.bing.com/search?q=site%3Attyqg.vn+%28%22%C4%91%E1%BA%A1o+%C4%91%E1%BB%A9c+AI%22+OR+%22AI+c%C3%B3+tr%C3%A1ch+nhi%E1%BB%87m%22+OR+%22qu%E1%BA%A3n+tr%E1%BB%8B+AI%22%29+AND+%28%22B%E1%BB%99+Y+t%E1%BA%BF%22+OR+b%E1%BB%87nh+vi%E1%BB%87n+OR+%22c%C6%A1+s%E1%BB%9F+kh%C3%A1m+b%E1%BB%87nh%2C+ch%E1%BB%AFa+b%E1%BB%87nh%22%29&first=11,200,,71552,fallback-site-MOH-NHIC-DQ-IMPL-02-p02.body,bc4d871773be875a650ae90f86edea15e297247346baf55d14fef169480715ac,fallback-site-MOH-NHIC-DQ-IMPL-02-p02.headers.json,0c4daa137d06f533ff95e08f23a3e1d8ee9e003a0c50e376c950fd43649aa936,[],0,0,TWO_CONSECUTIVE_NO_NEW
MOH-NHIC,ttyqg.vn,DQ-IMPL-03,"(""responsible AI"" OR ""AI governance"" OR ""AI ethics"") AND (implementation OR adoption OR uptake OR plan OR pilot) AND (Vietnam OR ""Viet Nam"") AND (health OR hospital OR clinical)",SITE_FALLBACK_LOCATOR,1,2026-08-01T04:47:05.472204+00:00,https://www.bing.com/search?q=site%3Attyqg.vn+%28%22responsible+AI%22+OR+%22AI+governance%22+OR+%22AI+ethics%22%29+AND+%28implementation+OR+adoption+OR+uptake+OR+plan+OR+pilot%29+AND+%28Vietnam+OR+%22Viet+Nam%22%29+AND+%28health+OR+hospital+OR+clinical%29&first=1,200,,70930,fallback-site-MOH-NHIC-DQ-IMPL-03-p01.body,8d67474d84a87ea30e08bcaed38c0a847be719408df2e066fb1f2bc14e290635,fallback-site-MOH-NHIC-DQ-IMPL-03-p01.headers.json,cca7fda8788ced0d68f7f31224cff4baeb32084b3ea13fbe4085435e4b6167ba,[],0,0,CONTINUE
MOH-NHIC,ttyqg.vn,DQ-IMPL-03,"(""responsible AI"" OR ""AI governance"" OR ""AI ethics"") AND (implementation OR adoption OR uptake OR plan OR pilot) AND (Vietnam OR ""Viet Nam"") AND (health OR hospital OR clinical)",SITE_FALLBACK_LOCATOR,2,2026-08-01T04:47:06.964155+00:00,https://www.bing.com/search?q=site%3Attyqg.vn+%28%22responsible+AI%22+OR+%22AI+governance%22+OR+%22AI+ethics%22%29+AND+%28implementation+OR+adoption+OR+uptake+OR+plan+OR+pilot%29+AND+%28Vietnam+OR+%22Viet+Nam%22%29+AND+%28health+OR+hospital+OR+clinical%29&first=11,200,,70854,fallback-site-MOH-NHIC-DQ-IMPL-03-p02.body,7dc5e723c27b9bcd0df0a3f77f9d858e7d457ba30b7c46641f469b684df412ff,fallback-site-MOH-NHIC-DQ-IMPL-03-p02.headers.json,56620d2273d23b610edb9780356a1541aa943abd41a36d6601378026f907554d,[],0,0,TWO_CONSECUTIVE_NO_NEW
MOH-NHIC,ttyqg.vn,DQ-IMPL-04,"(""trí tuệ nhân tạo"" OR AI) AND (""theo dõi sau triển khai"" OR hậu kiểm OR ""giám sát sau triển khai"" OR ""đánh giá hiệu quả"") AND (y tế OR bệnh viện OR ""Sở Y tế"")",SITE_FALLBACK_LOCATOR,1,2026-08-01T04:47:08.380484+00:00,https://www.bing.com/search?q=site%3Attyqg.vn+%28%22tr%C3%AD+tu%E1%BB%87+nh%C3%A2n+t%E1%BA%A1o%22+OR+AI%29+AND+%28%22theo+d%C3%B5i+sau+tri%E1%BB%83n+khai%22+OR+h%E1%BA%ADu+ki%E1%BB%83m+OR+%22gi%C3%A1m+s%C3%A1t+sau+tri%E1%BB%83n+khai%22+OR+%22%C4%91%C3%A1nh+gi%C3%A1+hi%E1%BB%87u+qu%E1%BA%A3%22%29+AND+%28y+t%E1%BA%BF+OR+b%E1%BB%87nh+vi%E1%BB%87n+OR+%22S%E1%BB%9F+Y+t%E1%BA%BF%22%29&first=1,200,,71532,fallback-site-MOH-NHIC-DQ-IMPL-04-p01.body,1e51d673ceb8d51357a17ed51822376d8f53572fed625b938c404da0540e436c,fallback-site-MOH-NHIC-DQ-IMPL-04-p01.headers.json,9fc53be0d89d763e14d409f75c4cf4e399367b1430a87d6beb84daa7d49821d8,[],0,0,CONTINUE
MOH-NHIC,ttyqg.vn,DQ-IMPL-04,"(""trí tuệ nhân tạo"" OR AI) AND (""theo dõi sau triển khai"" OR hậu kiểm OR ""giám sát sau triển khai"" OR ""đánh giá hiệu quả"") AND (y tế OR bệnh viện OR ""Sở Y tế"")",SITE_FALLBACK_LOCATOR,2,2026-08-01T04:47:09.896693+00:00,https://www.bing.com/search?q=site%3Attyqg.vn+%28%22tr%C3%AD+tu%E1%BB%87+nh%C3%A2n+t%E1%BA%A1o%22+OR+AI%29+AND+%28%22theo+d%C3%B5i+sau+tri%E1%BB%83n+khai%22+OR+h%E1%BA%ADu+ki%E1%BB%83m+OR+%22gi%C3%A1m+s%C3%A1t+sau+tri%E1%BB%83n+khai%22+OR+%22%C4%91%C3%A1nh+gi%C3%A1+hi%E1%BB%87u+qu%E1%BA%A3%22%29+AND+%28y+t%E1%BA%BF+OR+b%E1%BB%87nh+vi%E1%BB%87n+OR+%22S%E1%BB%9F+Y+t%E1%BA%BF%22%29&first=11,200,,71189,fallback-site-MOH-NHIC-DQ-IMPL-04-p02.body,f8ec47ad89e2b75e5a328307feb039bac30c53b03588d3287923cbdc6210e0ad,fallback-site-MOH-NHIC-DQ-IMPL-04-p02.headers.json,7a4b45d16d8974a5a6f1fdee0c79a83a5d51ce64af4e6c9dc38f151ae5af10a8,[],0,0,TWO_CONSECUTIVE_NO_NEW
MOH-NHIC,ttyqg.vn,DQ-IMPL-05,"(""trí tuệ nhân tạo"" OR AI) AND (""báo cáo sự cố"" OR ""quản lý chất lượng"" OR kiểm toán OR thanh tra) AND (y tế OR bệnh viện OR ""Sở Y tế"")",SITE_FALLBACK_LOCATOR,1,2026-08-01T04:47:08.505138+00:00,https://www.bing.com/search?q=site%3Attyqg.vn+%28%22tr%C3%AD+tu%E1%BB%87+nh%C3%A2n+t%E1%BA%A1o%22+OR+AI%29+AND+%28%22b%C3%A1o+c%C3%A1o+s%E1%BB%B1+c%E1%BB%91%22+OR+%22qu%E1%BA%A3n+l%C3%BD+ch%E1%BA%A5t+l%C6%B0%E1%BB%A3ng%22+OR+ki%E1%BB%83m+to%C3%A1n+OR+thanh+tra%29+AND+%28y+t%E1%BA%BF+OR+b%E1%BB%87nh+vi%E1%BB%87n+OR+%22S%E1%BB%9F+Y+t%E1%BA%BF%22%29&first=1,200,,70934,fallback-site-MOH-NHIC-DQ-IMPL-05-p01.body,2b9fd14ed5af64d032b0a2545278668fa54176a4327267a786c4b4de6bd0b755,fallback-site-MOH-NHIC-DQ-IMPL-05-p01.headers.json,4956f27e6dbae060dbcd53908788cec7198af6ad06138dc55295dbfbdb1e68ee,[],0,0,CONTINUE
MOH-NHIC,ttyqg.vn,DQ-IMPL-05,"(""trí tuệ nhân tạo"" OR AI) AND (""báo cáo sự cố"" OR ""quản lý chất lượng"" OR kiểm toán OR thanh tra) AND (y tế OR bệnh viện OR ""Sở Y tế"")",SITE_FALLBACK_LOCATOR,2,2026-08-01T04:47:10.151105+00:00,https://www.bing.com/search?q=site%3Attyqg.vn+%28%22tr%C3%AD+tu%E1%BB%87+nh%C3%A2n+t%E1%BA%A1o%22+OR+AI%29+AND+%28%22b%C3%A1o+c%C3%A1o+s%E1%BB%B1+c%E1%BB%91%22+OR+%22qu%E1%BA%A3n+l%C3%BD+ch%E1%BA%A5t+l%C6%B0%E1%BB%A3ng%22+OR+ki%E1%BB%83m+to%C3%A1n+OR+thanh+tra%29+AND+%28y+t%E1%BA%BF+OR+b%E1%BB%87nh+vi%E1%BB%87n+OR+%22S%E1%BB%9F+Y+t%E1%BA%BF%22%29&first=11,200,,70905,fallback-site-MOH-NHIC-DQ-IMPL-05-p02.body,77f3c7a4bbfacf6137472e0963ca07c2d761a64b0aceeda5019252a8e598e372,fallback-site-MOH-NHIC-DQ-IMPL-05-p02.headers.json,e3d462f230af0afbdb5ba6cf41af4e323da88d7a008804a0f546ad213d8b43ed,[],0,0,TWO_CONSECUTIVE_NO_NEW
MOH-NHIC,ttyqg.vn,DQ-TOOL-01,"(""đánh giá tuân thủ"" OR ""tự đánh giá"") AND (""đạo đức AI"" OR ""AI có trách nhiệm"")",SITE_FALLBACK_LOCATOR,1,2026-08-01T04:47:05.712854+00:00,https://www.bing.com/search?q=site%3Attyqg.vn+%28%22%C4%91%C3%A1nh+gi%C3%A1+tu%C3%A2n+th%E1%BB%A7%22+OR+%22t%E1%BB%B1+%C4%91%C3%A1nh+gi%C3%A1%22%29+AND+%28%22%C4%91%E1%BA%A1o+%C4%91%E1%BB%A9c+AI%22+OR+%22AI+c%C3%B3+tr%C3%A1ch+nhi%E1%BB%87m%22%29&first=1,200,,70557,fallback-site-MOH-NHIC-DQ-TOOL-01-p01.body,86a0b7c7ca5ff546a2bf0147f14949ff76435e3edd03d49c9495ef467f9ef7c4,fallback-site-MOH-NHIC-DQ-TOOL-01-p01.headers.json,9baf5a256045713d7cad1f431965dfe64faeb816c4c0798e9cfbb70995efd0a5,[],0,0,CONTINUE
MOH-NHIC,ttyqg.vn,DQ-TOOL-01,"(""đánh giá tuân thủ"" OR ""tự đánh giá"") AND (""đạo đức AI"" OR ""AI có trách nhiệm"")",SITE_FALLBACK_LOCATOR,2,2026-08-01T04:47:07.201011+00:00,https://www.bing.com/search?q=site%3Attyqg.vn+%28%22%C4%91%C3%A1nh+gi%C3%A1+tu%C3%A2n+th%E1%BB%A7%22+OR+%22t%E1%BB%B1+%C4%91%C3%A1nh+gi%C3%A1%22%29+AND+%28%22%C4%91%E1%BA%A1o+%C4%91%E1%BB%A9c+AI%22+OR+%22AI+c%C3%B3+tr%C3%A1ch+nhi%E1%BB%87m%22%29&first=11,200,,69912,fallback-site-MOH-NHIC-DQ-TOOL-01-p02.body,9165dd22afac7c0c9faf583162ed8e929c6020ea650a1eb71d081a4aa4941789,fallback-site-MOH-NHIC-DQ-TOOL-01-p02.headers.json,415d721d5351b2bca491dfd19ba64780cfa0f3f647a624c3b7b5a2d93c7751cd,[],0,0,TWO_CONSECUTIVE_NO_NEW
MOH-NHIC,ttyqg.vn,DQ-TOOL-02,"(nền tảng OR công cụ) AND (""đánh giá tuân thủ"" OR ""đánh giá tác động"") AND (""AI"" OR ""trí tuệ nhân tạo"")",SITE_FALLBACK_LOCATOR,1,2026-08-01T04:47:08.504127+00:00,https://www.bing.com/search?q=site%3Attyqg.vn+%28n%E1%BB%81n+t%E1%BA%A3ng+OR+c%C3%B4ng+c%E1%BB%A5%29+AND+%28%22%C4%91%C3%A1nh+gi%C3%A1+tu%C3%A2n+th%E1%BB%A7%22+OR+%22%C4%91%C3%A1nh+gi%C3%A1+t%C3%A1c+%C4%91%E1%BB%99ng%22%29+AND+%28%22AI%22+OR+%22tr%C3%AD+tu%E1%BB%87+nh%C3%A2n+t%E1%BA%A1o%22%29&first=1,200,,70842,fallback-site-MOH-NHIC-DQ-TOOL-02-p01.body,dca989d4021e5a5b00c97189ec4515d8f6d4f800aed0e8f4130d7adeb275ec2c,fallback-site-MOH-NHIC-DQ-TOOL-02-p01.headers.json,5e49662892d91958985e52029f22c55bc90ca2f6ea6661f42332a15465ec6532,[],0,0,CONTINUE
MOH-NHIC,ttyqg.vn,DQ-TOOL-02,"(nền tảng OR công cụ) AND (""đánh giá tuân thủ"" OR ""đánh giá tác động"") AND (""AI"" OR ""trí tuệ nhân tạo"")",SITE_FALLBACK_LOCATOR,2,2026-08-01T04:47:10.119694+00:00,https://www.bing.com/search?q=site%3Attyqg.vn+%28n%E1%BB%81n+t%E1%BA%A3ng+OR+c%C3%B4ng+c%E1%BB%A5%29+AND+%28%22%C4%91%C3%A1nh+gi%C3%A1+tu%C3%A2n+th%E1%BB%A7%22+OR+%22%C4%91%C3%A1nh+gi%C3%A1+t%C3%A1c+%C4%91%E1%BB%99ng%22%29+AND+%28%22AI%22+OR+%22tr%C3%AD+tu%E1%BB%87+nh%C3%A2n+t%E1%BA%A1o%22%29&first=11,200,,70966,fallback-site-MOH-NHIC-DQ-TOOL-02-p02.body,5d3aa78ad3a57ec96112cedbea5de5a45f63dced5bd85331c20142fafd38c2a7,fallback-site-MOH-NHIC-DQ-TOOL-02-p02.headers.json,d518c8d826187cc68bf843af97b794f3d3b2dbea4ecb92602a45f337970a3149,[],0,0,TWO_CONSECUTIVE_NO_NEW
MOH-PC,vuphapche.moh.gov.vn,DQ-EVID-01,"(""đạo đức AI"" OR ""quản trị AI"") AND (kiểm toán OR thanh tra OR giám sát)",SITE_FALLBACK_LOCATOR,1,2026-08-01T04:47:20.300934+00:00,https://www.bing.com/search?q=site%3Avuphapche.moh.gov.vn+%28%22%C4%91%E1%BA%A1o+%C4%91%E1%BB%A9c+AI%22+OR+%22qu%E1%BA%A3n+tr%E1%BB%8B+AI%22%29+AND+%28ki%E1%BB%83m+to%C3%A1n+OR+thanh+tra+OR+gi%C3%A1m+s%C3%A1t%29&first=1,200,,70635,fallback-site-MOH-PC-DQ-EVID-01-p01.body,29b244e069f95a72aeba85d578965bfad91b9f11a3817af893d9e71a0faf8103,fallback-site-MOH-PC-DQ-EVID-01-p01.headers.json,d3efa7570d150387c759d350823b462b1123d537948ea1755878f4ba7b2626dc,[],0,0,CONTINUE
MOH-PC,vuphapche.moh.gov.vn,DQ-EVID-01,"(""đạo đức AI"" OR ""quản trị AI"") AND (kiểm toán OR thanh tra OR giám sát)",SITE_FALLBACK_LOCATOR,2,2026-08-01T04:47:21.711987+00:00,https://www.bing.com/search?q=site%3Avuphapche.moh.gov.vn+%28%22%C4%91%E1%BA%A1o+%C4%91%E1%BB%A9c+AI%22+OR+%22qu%E1%BA%A3n+tr%E1%BB%8B+AI%22%29+AND+%28ki%E1%BB%83m+to%C3%A1n+OR+thanh+tra+OR+gi%C3%A1m+s%C3%A1t%29&first=11,200,,70322,fallback-site-MOH-PC-DQ-EVID-01-p02.body,cd9f50dfbb821683435c6a9f4a9b7e7a6ccd4fe9b90cb17c1214e63735e31483,fallback-site-MOH-PC-DQ-EVID-01-p02.headers.json,1f20fe3f5f1bdf83eef97e64dc4b8257541f78ebd8b521e6699a329aa7efc011,[],0,0,TWO_CONSECUTIVE_NO_NEW
MOH-PC,vuphapche.moh.gov.vn,DQ-EVID-02,"(""AI"" OR ""trí tuệ nhân tạo"") AND (sự cố OR khiếu nại OR khắc phục) AND (y tế OR bệnh viện)",SITE_FALLBACK_LOCATOR,1,2026-08-01T04:47:28.503902+00:00,https://www.bing.com/search?q=site%3Avuphapche.moh.gov.vn+%28%22AI%22+OR+%22tr%C3%AD+tu%E1%BB%87+nh%C3%A2n+t%E1%BA%A1o%22%29+AND+%28s%E1%BB%B1+c%E1%BB%91+OR+khi%E1%BA%BFu+n%E1%BA%A1i+OR+kh%E1%BA%AFc+ph%E1%BB%A5c%29+AND+%28y+t%E1%BA%BF+OR+b%E1%BB%87nh+vi%E1%BB%87n%29&first=1,200,,70818,fallback-site-MOH-PC-DQ-EVID-02-p01.body,7690f196886453b73a6a5639dd354c0d4f78e9bcb7642a59f9a1101b0237997b,fallback-site-MOH-PC-DQ-EVID-02-p01.headers.json,502ecc61ad7574d7930e2b731bda90a26c684c2790a18de8b36672fea09f8206,[],0,0,CONTINUE
MOH-PC,vuphapche.moh.gov.vn,DQ-EVID-02,"(""AI"" OR ""trí tuệ nhân tạo"") AND (sự cố OR khiếu nại OR khắc phục) AND (y tế OR bệnh viện)",SITE_FALLBACK_LOCATOR,2,2026-08-01T04:47:30.111231+00:00,https://www.bing.com/search?q=site%3Avuphapche.moh.gov.vn+%28%22AI%22+OR+%22tr%C3%AD+tu%E1%BB%87+nh%C3%A2n+t%E1%BA%A1o%22%29+AND+%28s%E1%BB%B1+c%E1%BB%91+OR+khi%E1%BA%BFu+n%E1%BA%A1i+OR+kh%E1%BA%AFc+ph%E1%BB%A5c%29+AND+%28y+t%E1%BA%BF+OR+b%E1%BB%87nh+vi%E1%BB%87n%29&first=11,200,,69928,fallback-site-MOH-PC-DQ-EVID-02-p02.body,6d5781016cbd5f241f380aad32c5ed360300e936b93e8e98049631e27b4fac58,fallback-site-MOH-PC-DQ-EVID-02-p02.headers.json,0ee90c73d7c4f61f9d1de7f9dfe9536d0b631bbef48ad74c710036b20ce4b08e,[],0,0,TWO_CONSECUTIVE_NO_NEW
MOH-PC,vuphapche.moh.gov.vn,DQ-EVID-03,"(""AI"" OR ""trí tuệ nhân tạo"") AND (""đánh giá tác động"" OR kết quả) AND (y tế OR bệnh viện)",SITE_FALLBACK_LOCATOR,1,2026-08-01T04:47:28.956709+00:00,https://www.bing.com/search?q=site%3Avuphapche.moh.gov.vn+%28%22AI%22+OR+%22tr%C3%AD+tu%E1%BB%87+nh%C3%A2n+t%E1%BA%A1o%22%29+AND+%28%22%C4%91%C3%A1nh+gi%C3%A1+t%C3%A1c+%C4%91%E1%BB%99ng%22+OR+k%E1%BA%BFt+qu%E1%BA%A3%29+AND+%28y+t%E1%BA%BF+OR+b%E1%BB%87nh+vi%E1%BB%87n%29&first=1,200,,70488,fallback-site-MOH-PC-DQ-EVID-03-p01.body,8fdd293c47a9d18ec53837bf9b6acbb6286dfb177ce50a3271b87b4c91c70e59,fallback-site-MOH-PC-DQ-EVID-03-p01.headers.json,b35268980458631d33903f7a19f54f71450790874504c3e296ccc0f18e3db46e,[],0,0,CONTINUE
MOH-PC,vuphapche.moh.gov.vn,DQ-EVID-03,"(""AI"" OR ""trí tuệ nhân tạo"") AND (""đánh giá tác động"" OR kết quả) AND (y tế OR bệnh viện)",SITE_FALLBACK_LOCATOR,2,2026-08-01T04:47:30.562278+00:00,https://www.bing.com/search?q=site%3Avuphapche.moh.gov.vn+%28%22AI%22+OR+%22tr%C3%AD+tu%E1%BB%87+nh%C3%A2n+t%E1%BA%A1o%22%29+AND+%28%22%C4%91%C3%A1nh+gi%C3%A1+t%C3%A1c+%C4%91%E1%BB%99ng%22+OR+k%E1%BA%BFt+qu%E1%BA%A3%29+AND+%28y+t%E1%BA%BF+OR+b%E1%BB%87nh+vi%E1%BB%87n%29&first=11,200,,70917,fallback-site-MOH-PC-DQ-EVID-03-p02.body,b58abf1d405532a2b248d52ef0ae8c969cfbc3dc6e1ad8a0fa227bcd26cfcb24,fallback-site-MOH-PC-DQ-EVID-03-p02.headers.json,321b465abd57c2066381b5a72bff7169b7f060e22a201a55b33b3d5268c7462b,[],0,0,TWO_CONSECUTIVE_NO_NEW
MOH-PC,vuphapche.moh.gov.vn,DQ-EVID-04,"(""AI ethics"" OR ""AI governance"") AND (audit OR inspection OR monitoring OR incident OR complaint OR redress OR ""impact assessment"" OR outcome OR result) AND (Vietnam OR ""Viet Nam"") AND (health OR hospital)",SITE_FALLBACK_LOCATOR,1,2026-08-01T04:47:29.095788+00:00,https://www.bing.com/search?q=site%3Avuphapche.moh.gov.vn+%28%22AI+ethics%22+OR+%22AI+governance%22%29+AND+%28audit+OR+inspection+OR+monitoring+OR+incident+OR+complaint+OR+redress+OR+%22impact+assessment%22+OR+outcome+OR+result%29+AND+%28Vietnam+OR+%22Viet+Nam%22%29+AND+%28health+OR+hospital%29&first=1,200,,71747,fallback-site-MOH-PC-DQ-EVID-04-p01.body,948032ef17273735d56b3b6617a96b50cbfd72a26fbf8d8a218f9207b7078d8b,fallback-site-MOH-PC-DQ-EVID-04-p01.headers.json,70d4df7404c7e116cea2bf905c64913bc6c93e965d99182a9025b7b9db6f4857,[],0,0,CONTINUE
MOH-PC,vuphapche.moh.gov.vn,DQ-EVID-04,"(""AI ethics"" OR ""AI governance"") AND (audit OR inspection OR monitoring OR incident OR complaint OR redress OR ""impact assessment"" OR outcome OR result) AND (Vietnam OR ""Viet Nam"") AND (health OR hospital)",SITE_FALLBACK_LOCATOR,2,2026-08-01T04:47:30.581868+00:00,https://www.bing.com/search?q=site%3Avuphapche.moh.gov.vn+%28%22AI+ethics%22+OR+%22AI+governance%22%29+AND+%28audit+OR+inspection+OR+monitoring+OR+incident+OR+complaint+OR+redress+OR+%22impact+assessment%22+OR+outcome+OR+result%29+AND+%28Vietnam+OR+%22Viet+Nam%22%29+AND+%28health+OR+hospital%29&first=11,200,,70780,fallback-site-MOH-PC-DQ-EVID-04-p02.body,9884465ea24bd2971a0c672d8270c466f761076dd0824a8a9de7004acb89247a,fallback-site-MOH-PC-DQ-EVID-04-p02.headers.json,8a64f6947b4cff6dcfd18f7aa8689ef6b0da56ef6f186b2fbbc0d7f136f304c4,[],0,0,TWO_CONSECUTIVE_NO_NEW
MOH-PC,vuphapche.moh.gov.vn,DQ-EVID-05,"(""artificial intelligence"" OR AI) AND (""post-implementation monitoring"" OR ""post-market surveillance"" OR ""incident reporting"" OR ""quality management"" OR ""effectiveness evaluation"" OR audit) AND (Vietnam OR ""Viet Nam"") AND (health OR hospital OR ""provincial health department"")",SITE_FALLBACK_LOCATOR,1,2026-08-01T04:47:29.180902+00:00,https://www.bing.com/search?q=site%3Avuphapche.moh.gov.vn+%28%22artificial+intelligence%22+OR+AI%29+AND+%28%22post-implementation+monitoring%22+OR+%22post-market+surveillance%22+OR+%22incident+reporting%22+OR+%22quality+management%22+OR+%22effectiveness+evaluation%22+OR+audit%29+AND+%28Vietnam+OR+%22Viet+Nam%22%29+AND+%28health+OR+hospital+OR+%22provincial+health+department%22%29&first=1,200,,71854,fallback-site-MOH-PC-DQ-EVID-05-p01.body,e9330ea9aceb3d6c9db9ebefd5f41f011e9ce4384b7685236356d86f801b9474,fallback-site-MOH-PC-DQ-EVID-05-p01.headers.json,b16cb2ffe5c072bfb0a762bd8ab13799423801044b95273308364f3bd11cbe16,[],0,0,CONTINUE
MOH-PC,vuphapche.moh.gov.vn,DQ-EVID-05,"(""artificial intelligence"" OR AI) AND (""post-implementation monitoring"" OR ""post-market surveillance"" OR ""incident reporting"" OR ""quality management"" OR ""effectiveness evaluation"" OR audit) AND (Vietnam OR ""Viet Nam"") AND (health OR hospital OR ""provincial health department"")",SITE_FALLBACK_LOCATOR,2,2026-08-01T04:47:30.723789+00:00,https://www.bing.com/search?q=site%3Avuphapche.moh.gov.vn+%28%22artificial+intelligence%22+OR+AI%29+AND+%28%22post-implementation+monitoring%22+OR+%22post-market+surveillance%22+OR+%22incident+reporting%22+OR+%22quality+management%22+OR+%22effectiveness+evaluation%22+OR+audit%29+AND+%28Vietnam+OR+%22Viet+Nam%22%29+AND+%28health+OR+hospital+OR+%22provincial+health+department%22%29&first=11,200,,71770,fallback-site-MOH-PC-DQ-EVID-05-p02.body,92b548801be1d3a2e3a5d156fc1ed26933d243f6a63001199e271df474e37f14,fallback-site-MOH-PC-DQ-EVID-05-p02.headers.json,9b86b975c9f2dc1302fc9194f7db9b983980aa4bc1ac28c2fa40f0138c40ce2f,[],0,0,TWO_CONSECUTIVE_NO_NEW
MOH-PC,vuphapche.moh.gov.vn,DQ-IMPL-01,"(""đạo đức AI"" OR ""AI có trách nhiệm"" OR ""quản trị AI"") AND (kế hoạch OR triển khai OR áp dụng OR thí điểm)",SITE_FALLBACK_LOCATOR,1,2026-08-01T04:47:14.340997+00:00,https://www.bing.com/search?q=site%3Avuphapche.moh.gov.vn+%28%22%C4%91%E1%BA%A1o+%C4%91%E1%BB%A9c+AI%22+OR+%22AI+c%C3%B3+tr%C3%A1ch+nhi%E1%BB%87m%22+OR+%22qu%E1%BA%A3n+tr%E1%BB%8B+AI%22%29+AND+%28k%E1%BA%BF+ho%E1%BA%A1ch+OR+tri%E1%BB%83n+khai+OR+%C3%A1p+d%E1%BB%A5ng+OR+th%C3%AD+%C4%91i%E1%BB%83m%29&first=1,200,,70157,fallback-site-MOH-PC-DQ-IMPL-01-p01.body,4f592fb4137a920868b56b447fadf08e2a769106c33d45e1803983b282d34606,fallback-site-MOH-PC-DQ-IMPL-01-p01.headers.json,a50b00c09b90064f9cdff01a89edb263329de5419b1c7839c93d0dbad2f5279f,[],0,0,CONTINUE
MOH-PC,vuphapche.moh.gov.vn,DQ-IMPL-01,"(""đạo đức AI"" OR ""AI có trách nhiệm"" OR ""quản trị AI"") AND (kế hoạch OR triển khai OR áp dụng OR thí điểm)",SITE_FALLBACK_LOCATOR,2,2026-08-01T04:47:15.740823+00:00,https://www.bing.com/search?q=site%3Avuphapche.moh.gov.vn+%28%22%C4%91%E1%BA%A1o+%C4%91%E1%BB%A9c+AI%22+OR+%22AI+c%C3%B3+tr%C3%A1ch+nhi%E1%BB%87m%22+OR+%22qu%E1%BA%A3n+tr%E1%BB%8B+AI%22%29+AND+%28k%E1%BA%BF+ho%E1%BA%A1ch+OR+tri%E1%BB%83n+khai+OR+%C3%A1p+d%E1%BB%A5ng+OR+th%C3%AD+%C4%91i%E1%BB%83m%29&first=11,200,,70758,fallback-site-MOH-PC-DQ-IMPL-01-p02.body,24a79d145c2c2b12b235c95700dd32e968f29c6a715cb2bb8a3844ad539da9d6,fallback-site-MOH-PC-DQ-IMPL-01-p02.headers.json,ec05af166467ade623c383a20a46f8e083ec3bd714ac2b4bd0e18f738f6d6cd2,[],0,0,TWO_CONSECUTIVE_NO_NEW
MOH-PC,vuphapche.moh.gov.vn,DQ-IMPL-02,"(""đạo đức AI"" OR ""AI có trách nhiệm"" OR ""quản trị AI"") AND (""Bộ Y tế"" OR bệnh viện OR ""cơ sở khám bệnh, chữa bệnh"")",SITE_FALLBACK_LOCATOR,1,2026-08-01T04:47:14.603355+00:00,https://www.bing.com/search?q=site%3Avuphapche.moh.gov.vn+%28%22%C4%91%E1%BA%A1o+%C4%91%E1%BB%A9c+AI%22+OR+%22AI+c%C3%B3+tr%C3%A1ch+nhi%E1%BB%87m%22+OR+%22qu%E1%BA%A3n+tr%E1%BB%8B+AI%22%29+AND+%28%22B%E1%BB%99+Y+t%E1%BA%BF%22+OR+b%E1%BB%87nh+vi%E1%BB%87n+OR+%22c%C6%A1+s%E1%BB%9F+kh%C3%A1m+b%E1%BB%87nh%2C+ch%E1%BB%AFa+b%E1%BB%87nh%22%29&first=1,200,,72889,fallback-site-MOH-PC-DQ-IMPL-02-p01.body,ba144882db93932d4170d7dca0f8a0fcd67e611c96e3f588f25f7d64f0316572,fallback-site-MOH-PC-DQ-IMPL-02-p01.headers.json,82a4762b436172b60129fec1c8d185c5e24e1df9b3b632a5e56acb5788e4328e,[],0,0,CONTINUE
MOH-PC,vuphapche.moh.gov.vn,DQ-IMPL-02,"(""đạo đức AI"" OR ""AI có trách nhiệm"" OR ""quản trị AI"") AND (""Bộ Y tế"" OR bệnh viện OR ""cơ sở khám bệnh, chữa bệnh"")",SITE_FALLBACK_LOCATOR,2,2026-08-01T04:47:16.003448+00:00,https://www.bing.com/search?q=site%3Avuphapche.moh.gov.vn+%28%22%C4%91%E1%BA%A1o+%C4%91%E1%BB%A9c+AI%22+OR+%22AI+c%C3%B3+tr%C3%A1ch+nhi%E1%BB%87m%22+OR+%22qu%E1%BA%A3n+tr%E1%BB%8B+AI%22%29+AND+%28%22B%E1%BB%99+Y+t%E1%BA%BF%22+OR+b%E1%BB%87nh+vi%E1%BB%87n+OR+%22c%C6%A1+s%E1%BB%9F+kh%C3%A1m+b%E1%BB%87nh%2C+ch%E1%BB%AFa+b%E1%BB%87nh%22%29&first=11,200,,70831,fallback-site-MOH-PC-DQ-IMPL-02-p02.body,08bd875e06a3e55578de365aa9c9cb87c6a27f03a6b600a51e13442db0d03313,fallback-site-MOH-PC-DQ-IMPL-02-p02.headers.json,0e5dd7683581974bca5cb6d16f8b24d090925dfa4b5e00d6a6204c011acc9183,[],0,0,TWO_CONSECUTIVE_NO_NEW
MOH-PC,vuphapche.moh.gov.vn,DQ-IMPL-03,"(""responsible AI"" OR ""AI governance"" OR ""AI ethics"") AND (implementation OR adoption OR uptake OR plan OR pilot) AND (Vietnam OR ""Viet Nam"") AND (health OR hospital OR clinical)",SITE_FALLBACK_LOCATOR,1,2026-08-01T04:47:14.681482+00:00,https://www.bing.com/search?q=site%3Avuphapche.moh.gov.vn+%28%22responsible+AI%22+OR+%22AI+governance%22+OR+%22AI+ethics%22%29+AND+%28implementation+OR+adoption+OR+uptake+OR+plan+OR+pilot%29+AND+%28Vietnam+OR+%22Viet+Nam%22%29+AND+%28health+OR+hospital+OR+clinical%29&first=1,200,,71304,fallback-site-MOH-PC-DQ-IMPL-03-p01.body,2e43a9f86a5254ac9165e92c5f02f4d90b5f5cd878ff2255b948b5104e253727,fallback-site-MOH-PC-DQ-IMPL-03-p01.headers.json,610d00f0eded60086e2ea3c35ead8914e5b7bdfbecf50538d0dafcb7ff2c7f38,[],0,0,CONTINUE
MOH-PC,vuphapche.moh.gov.vn,DQ-IMPL-03,"(""responsible AI"" OR ""AI governance"" OR ""AI ethics"") AND (implementation OR adoption OR uptake OR plan OR pilot) AND (Vietnam OR ""Viet Nam"") AND (health OR hospital OR clinical)",SITE_FALLBACK_LOCATOR,2,2026-08-01T04:47:16.153315+00:00,https://www.bing.com/search?q=site%3Avuphapche.moh.gov.vn+%28%22responsible+AI%22+OR+%22AI+governance%22+OR+%22AI+ethics%22%29+AND+%28implementation+OR+adoption+OR+uptake+OR+plan+OR+pilot%29+AND+%28Vietnam+OR+%22Viet+Nam%22%29+AND+%28health+OR+hospital+OR+clinical%29&first=11,200,,70633,fallback-site-MOH-PC-DQ-IMPL-03-p02.body,f0b1b76de7bc80eb4809bbbe4230384c34b7facf355cdd9048d61746c185148c,fallback-site-MOH-PC-DQ-IMPL-03-p02.headers.json,88742e1194bdca256f71cd42cf8dfc360408ecb46ce0aac2f236947bf800da42,[],0,0,TWO_CONSECUTIVE_NO_NEW
MOH-PC,vuphapche.moh.gov.vn,DQ-IMPL-04,"(""trí tuệ nhân tạo"" OR AI) AND (""theo dõi sau triển khai"" OR hậu kiểm OR ""giám sát sau triển khai"" OR ""đánh giá hiệu quả"") AND (y tế OR bệnh viện OR ""Sở Y tế"")",SITE_FALLBACK_LOCATOR,1,2026-08-01T04:47:17.607193+00:00,https://www.bing.com/search?q=site%3Avuphapche.moh.gov.vn+%28%22tr%C3%AD+tu%E1%BB%87+nh%C3%A2n+t%E1%BA%A1o%22+OR+AI%29+AND+%28%22theo+d%C3%B5i+sau+tri%E1%BB%83n+khai%22+OR+h%E1%BA%ADu+ki%E1%BB%83m+OR+%22gi%C3%A1m+s%C3%A1t+sau+tri%E1%BB%83n+khai%22+OR+%22%C4%91%C3%A1nh+gi%C3%A1+hi%E1%BB%87u+qu%E1%BA%A3%22%29+AND+%28y+t%E1%BA%BF+OR+b%E1%BB%87nh+vi%E1%BB%87n+OR+%22S%E1%BB%9F+Y+t%E1%BA%BF%22%29&first=1,200,,71560,fallback-site-MOH-PC-DQ-IMPL-04-p01.body,26bdd00e058d2f8c034b2a2294b4847773534aa05ec37351463692145dcbc5f1,fallback-site-MOH-PC-DQ-IMPL-04-p01.headers.json,1151645a95566cf7950a55c0f5e127bd6bc994cbb8dd3169eef3dd3a4c31e2e7,[],0,0,CONTINUE
MOH-PC,vuphapche.moh.gov.vn,DQ-IMPL-04,"(""trí tuệ nhân tạo"" OR AI) AND (""theo dõi sau triển khai"" OR hậu kiểm OR ""giám sát sau triển khai"" OR ""đánh giá hiệu quả"") AND (y tế OR bệnh viện OR ""Sở Y tế"")",SITE_FALLBACK_LOCATOR,2,2026-08-01T04:47:18.975980+00:00,https://www.bing.com/search?q=site%3Avuphapche.moh.gov.vn+%28%22tr%C3%AD+tu%E1%BB%87+nh%C3%A2n+t%E1%BA%A1o%22+OR+AI%29+AND+%28%22theo+d%C3%B5i+sau+tri%E1%BB%83n+khai%22+OR+h%E1%BA%ADu+ki%E1%BB%83m+OR+%22gi%C3%A1m+s%C3%A1t+sau+tri%E1%BB%83n+khai%22+OR+%22%C4%91%C3%A1nh+gi%C3%A1+hi%E1%BB%87u+qu%E1%BA%A3%22%29+AND+%28y+t%E1%BA%BF+OR+b%E1%BB%87nh+vi%E1%BB%87n+OR+%22S%E1%BB%9F+Y+t%E1%BA%BF%22%29&first=11,200,,71227,fallback-site-MOH-PC-DQ-IMPL-04-p02.body,7d83e257add44dbd9ebce0bb0ef083700bca0f7b248c7a04b40404adcdbe7323,fallback-site-MOH-PC-DQ-IMPL-04-p02.headers.json,4826ed7f3dc079aa3b42450d374a49b198f9fdc0ecc7e7ade22d8cbb7b4036f5,[],0,0,TWO_CONSECUTIVE_NO_NEW
MOH-PC,vuphapche.moh.gov.vn,DQ-IMPL-05,"(""trí tuệ nhân tạo"" OR AI) AND (""báo cáo sự cố"" OR ""quản lý chất lượng"" OR kiểm toán OR thanh tra) AND (y tế OR bệnh viện OR ""Sở Y tế"")",SITE_FALLBACK_LOCATOR,1,2026-08-01T04:47:17.767993+00:00,https://www.bing.com/search?q=site%3Avuphapche.moh.gov.vn+%28%22tr%C3%AD+tu%E1%BB%87+nh%C3%A2n+t%E1%BA%A1o%22+OR+AI%29+AND+%28%22b%C3%A1o+c%C3%A1o+s%E1%BB%B1+c%E1%BB%91%22+OR+%22qu%E1%BA%A3n+l%C3%BD+ch%E1%BA%A5t+l%C6%B0%E1%BB%A3ng%22+OR+ki%E1%BB%83m+to%C3%A1n+OR+thanh+tra%29+AND+%28y+t%E1%BA%BF+OR+b%E1%BB%87nh+vi%E1%BB%87n+OR+%22S%E1%BB%9F+Y+t%E1%BA%BF%22%29&first=1,200,,71661,fallback-site-MOH-PC-DQ-IMPL-05-p01.body,f0c05aa395157292660b600f45113b7dc87490e9076f99fe27462645140657ff,fallback-site-MOH-PC-DQ-IMPL-05-p01.headers.json,903553d1011582f088878236ba8add40559e112d65bbe85d103e1c868e488a45,[],0,0,CONTINUE
MOH-PC,vuphapche.moh.gov.vn,DQ-IMPL-05,"(""trí tuệ nhân tạo"" OR AI) AND (""báo cáo sự cố"" OR ""quản lý chất lượng"" OR kiểm toán OR thanh tra) AND (y tế OR bệnh viện OR ""Sở Y tế"")",SITE_FALLBACK_LOCATOR,2,2026-08-01T04:47:19.144433+00:00,https://www.bing.com/search?q=site%3Avuphapche.moh.gov.vn+%28%22tr%C3%AD+tu%E1%BB%87+nh%C3%A2n+t%E1%BA%A1o%22+OR+AI%29+AND+%28%22b%C3%A1o+c%C3%A1o+s%E1%BB%B1+c%E1%BB%91%22+OR+%22qu%E1%BA%A3n+l%C3%BD+ch%E1%BA%A5t+l%C6%B0%E1%BB%A3ng%22+OR+ki%E1%BB%83m+to%C3%A1n+OR+thanh+tra%29+AND+%28y+t%E1%BA%BF+OR+b%E1%BB%87nh+vi%E1%BB%87n+OR+%22S%E1%BB%9F+Y+t%E1%BA%BF%22%29&first=11,200,,71612,fallback-site-MOH-PC-DQ-IMPL-05-p02.body,510d4b2baf63f4a81463864bc60de7416f4e445ea6287f8400fca7285dde2117,fallback-site-MOH-PC-DQ-IMPL-05-p02.headers.json,712009932169ae8d00bd52bbbeb2cf5a942de815a23a5e3f0b2ed8580c509d82,[],0,0,TWO_CONSECUTIVE_NO_NEW
MOH-PC,vuphapche.moh.gov.vn,DQ-TOOL-01,"(""đánh giá tuân thủ"" OR ""tự đánh giá"") AND (""đạo đức AI"" OR ""AI có trách nhiệm"")",SITE_FALLBACK_LOCATOR,1,2026-08-01T04:47:14.961108+00:00,https://www.bing.com/search?q=site%3Avuphapche.moh.gov.vn+%28%22%C4%91%C3%A1nh+gi%C3%A1+tu%C3%A2n+th%E1%BB%A7%22+OR+%22t%E1%BB%B1+%C4%91%C3%A1nh+gi%C3%A1%22%29+AND+%28%22%C4%91%E1%BA%A1o+%C4%91%E1%BB%A9c+AI%22+OR+%22AI+c%C3%B3+tr%C3%A1ch+nhi%E1%BB%87m%22%29&first=1,200,,71013,fallback-site-MOH-PC-DQ-TOOL-01-p01.body,39c699d829db936da3a00c32bea2385f23be5b49f0a6ee50b0361eb4d52ee6d0,fallback-site-MOH-PC-DQ-TOOL-01-p01.headers.json,848ae9d0fea9aca06c99bd67676ad818ad9ae4ab30fa8840088d47d48af5282c,[],0,0,CONTINUE
MOH-PC,vuphapche.moh.gov.vn,DQ-TOOL-01,"(""đánh giá tuân thủ"" OR ""tự đánh giá"") AND (""đạo đức AI"" OR ""AI có trách nhiệm"")",SITE_FALLBACK_LOCATOR,2,2026-08-01T04:47:16.351727+00:00,https://www.bing.com/search?q=site%3Avuphapche.moh.gov.vn+%28%22%C4%91%C3%A1nh+gi%C3%A1+tu%C3%A2n+th%E1%BB%A7%22+OR+%22t%E1%BB%B1+%C4%91%C3%A1nh+gi%C3%A1%22%29+AND+%28%22%C4%91%E1%BA%A1o+%C4%91%E1%BB%A9c+AI%22+OR+%22AI+c%C3%B3+tr%C3%A1ch+nhi%E1%BB%87m%22%29&first=11,200,,71391,fallback-site-MOH-PC-DQ-TOOL-01-p02.body,10212e3846f096ada68455923273c18d89c91120bb81144e8ca61c9665b89b66,fallback-site-MOH-PC-DQ-TOOL-01-p02.headers.json,7ea150f32c891d868bdab3d89a827adba75e8ff37c86327564451374f5dbb861,[],0,0,TWO_CONSECUTIVE_NO_NEW
MOH-PC,vuphapche.moh.gov.vn,DQ-TOOL-02,"(nền tảng OR công cụ) AND (""đánh giá tuân thủ"" OR ""đánh giá tác động"") AND (""AI"" OR ""trí tuệ nhân tạo"")",SITE_FALLBACK_LOCATOR,1,2026-08-01T04:47:17.347455+00:00,https://www.bing.com/search?q=site%3Avuphapche.moh.gov.vn+%28n%E1%BB%81n+t%E1%BA%A3ng+OR+c%C3%B4ng+c%E1%BB%A5%29+AND+%28%22%C4%91%C3%A1nh+gi%C3%A1+tu%C3%A2n+th%E1%BB%A7%22+OR+%22%C4%91%C3%A1nh+gi%C3%A1+t%C3%A1c+%C4%91%E1%BB%99ng%22%29+AND+%28%22AI%22+OR+%22tr%C3%AD+tu%E1%BB%87+nh%C3%A2n+t%E1%BA%A1o%22%29&first=1,200,,70668,fallback-site-MOH-PC-DQ-TOOL-02-p01.body,7bea4465d7b4e4fc4a64d1f09a37349f8191e94390793099ff021f0f0024efa2,fallback-site-MOH-PC-DQ-TOOL-02-p01.headers.json,604ab008ca1cd94c2f2f976754b21b91713abb81d30d536d725bcac651613167,[],0,0,CONTINUE
MOH-PC,vuphapche.moh.gov.vn,DQ-TOOL-02,"(nền tảng OR công cụ) AND (""đánh giá tuân thủ"" OR ""đánh giá tác động"") AND (""AI"" OR ""trí tuệ nhân tạo"")",SITE_FALLBACK_LOCATOR,2,2026-08-01T04:47:18.728144+00:00,https://www.bing.com/search?q=site%3Avuphapche.moh.gov.vn+%28n%E1%BB%81n+t%E1%BA%A3ng+OR+c%C3%B4ng+c%E1%BB%A5%29+AND+%28%22%C4%91%C3%A1nh+gi%C3%A1+tu%C3%A2n+th%E1%BB%A7%22+OR+%22%C4%91%C3%A1nh+gi%C3%A1+t%C3%A1c+%C4%91%E1%BB%99ng%22%29+AND+%28%22AI%22+OR+%22tr%C3%AD+tu%E1%BB%87+nh%C3%A2n+t%E1%BA%A1o%22%29&first=11,200,,71150,fallback-site-MOH-PC-DQ-TOOL-02-p02.body,7a98b4b0e211c759101888fc3dab980b9a756d3a43d358453e49dc2a2433e488,fallback-site-MOH-PC-DQ-TOOL-02-p02.headers.json,a68f34f7f9cc07e341d6d5f94bedbcc05c076807fb58592cdb3ec7eec0ff711d,[],0,0,TWO_CONSECUTIVE_NO_NEW
MST,most.gov.vn,DQ-EVID-01,"(""đạo đức AI"" OR ""quản trị AI"") AND (kiểm toán OR thanh tra OR giám sát)",SITE_FALLBACK_LOCATOR,1,2026-08-01T04:47:35.412274+00:00,https://www.bing.com/search?q=site%3Amost.gov.vn+%28%22%C4%91%E1%BA%A1o+%C4%91%E1%BB%A9c+AI%22+OR+%22qu%E1%BA%A3n+tr%E1%BB%8B+AI%22%29+AND+%28ki%E1%BB%83m+to%C3%A1n+OR+thanh+tra+OR+gi%C3%A1m+s%C3%A1t%29&first=1,200,,70479,fallback-site-MST-DQ-EVID-01-p01.body,d2922616ad27305d0778702d12051f55190b47b2bcbd0d901e69449a2e1dd229,fallback-site-MST-DQ-EVID-01-p01.headers.json,6a8573fc46ef033060c701c6ebef8c3e907e99ff50f4320445d3ff662d22b52d,[],0,0,CONTINUE
MST,most.gov.vn,DQ-EVID-01,"(""đạo đức AI"" OR ""quản trị AI"") AND (kiểm toán OR thanh tra OR giám sát)",SITE_FALLBACK_LOCATOR,2,2026-08-01T04:47:36.987109+00:00,https://www.bing.com/search?q=site%3Amost.gov.vn+%28%22%C4%91%E1%BA%A1o+%C4%91%E1%BB%A9c+AI%22+OR+%22qu%E1%BA%A3n+tr%E1%BB%8B+AI%22%29+AND+%28ki%E1%BB%83m+to%C3%A1n+OR+thanh+tra+OR+gi%C3%A1m+s%C3%A1t%29&first=11,200,,70326,fallback-site-MST-DQ-EVID-01-p02.body,3d1757bf3a7b47c926b87692357a90621d03c4231f0b3cd61175d502869af053,fallback-site-MST-DQ-EVID-01-p02.headers.json,6428efc1ce344aa8fbdf2ac79aaeb795a52f7adf1e23a47d6308646ff6faa23e,[],0,0,TWO_CONSECUTIVE_NO_NEW
MST,most.gov.vn,DQ-EVID-02,"(""AI"" OR ""trí tuệ nhân tạo"") AND (sự cố OR khiếu nại OR khắc phục) AND (y tế OR bệnh viện)",SITE_FALLBACK_LOCATOR,1,2026-08-01T04:47:39.101276+00:00,https://www.bing.com/search?q=site%3Amost.gov.vn+%28%22AI%22+OR+%22tr%C3%AD+tu%E1%BB%87+nh%C3%A2n+t%E1%BA%A1o%22%29+AND+%28s%E1%BB%B1+c%E1%BB%91+OR+khi%E1%BA%BFu+n%E1%BA%A1i+OR+kh%E1%BA%AFc+ph%E1%BB%A5c%29+AND+%28y+t%E1%BA%BF+OR+b%E1%BB%87nh+vi%E1%BB%87n%29&first=1,200,,71057,fallback-site-MST-DQ-EVID-02-p01.body,14a787e4d7db6fbb10dcd01677efde1809ddd37f1959513c7a44dbb869877537,fallback-site-MST-DQ-EVID-02-p01.headers.json,ac2784c7ea5e0eb7ecd9642508ae65ce999effc85cde7c918520008de536ae0d,[],0,0,CONTINUE
MST,most.gov.vn,DQ-EVID-02,"(""AI"" OR ""trí tuệ nhân tạo"") AND (sự cố OR khiếu nại OR khắc phục) AND (y tế OR bệnh viện)",SITE_FALLBACK_LOCATOR,2,2026-08-01T04:47:40.511398+00:00,https://www.bing.com/search?q=site%3Amost.gov.vn+%28%22AI%22+OR+%22tr%C3%AD+tu%E1%BB%87+nh%C3%A2n+t%E1%BA%A1o%22%29+AND+%28s%E1%BB%B1+c%E1%BB%91+OR+khi%E1%BA%BFu+n%E1%BA%A1i+OR+kh%E1%BA%AFc+ph%E1%BB%A5c%29+AND+%28y+t%E1%BA%BF+OR+b%E1%BB%87nh+vi%E1%BB%87n%29&first=11,200,,70276,fallback-site-MST-DQ-EVID-02-p02.body,d5f420d6d0563d0aef88dbc7057c65e143a847f22ffb7749514db8e8c0ef7c91,fallback-site-MST-DQ-EVID-02-p02.headers.json,76d1db93aa8db585e4824b4f798f46fbba6948ee07e214f5362b604a7071dc80,[],0,0,TWO_CONSECUTIVE_NO_NEW
MST,most.gov.vn,DQ-EVID-03,"(""AI"" OR ""trí tuệ nhân tạo"") AND (""đánh giá tác động"" OR kết quả) AND (y tế OR bệnh viện)",SITE_FALLBACK_LOCATOR,1,2026-08-01T04:47:38.930948+00:00,https://www.bing.com/search?q=site%3Amost.gov.vn+%28%22AI%22+OR+%22tr%C3%AD+tu%E1%BB%87+nh%C3%A2n+t%E1%BA%A1o%22%29+AND+%28%22%C4%91%C3%A1nh+gi%C3%A1+t%C3%A1c+%C4%91%E1%BB%99ng%22+OR+k%E1%BA%BFt+qu%E1%BA%A3%29+AND+%28y+t%E1%BA%BF+OR+b%E1%BB%87nh+vi%E1%BB%87n%29&first=1,200,,70886,fallback-site-MST-DQ-EVID-03-p01.body,3787ef86d2af754efcd378bff572c65fc2ddca81355e1426b593a5eca40e54da,fallback-site-MST-DQ-EVID-03-p01.headers.json,0fd375d0be33f1393bc57c2ab0c443f4eb775f81ef16779bd72d21b699a4f696,[],0,0,CONTINUE
MST,most.gov.vn,DQ-EVID-03,"(""AI"" OR ""trí tuệ nhân tạo"") AND (""đánh giá tác động"" OR kết quả) AND (y tế OR bệnh viện)",SITE_FALLBACK_LOCATOR,2,2026-08-01T04:47:40.327647+00:00,https://www.bing.com/search?q=site%3Amost.gov.vn+%28%22AI%22+OR+%22tr%C3%AD+tu%E1%BB%87+nh%C3%A2n+t%E1%BA%A1o%22%29+AND+%28%22%C4%91%C3%A1nh+gi%C3%A1+t%C3%A1c+%C4%91%E1%BB%99ng%22+OR+k%E1%BA%BFt+qu%E1%BA%A3%29+AND+%28y+t%E1%BA%BF+OR+b%E1%BB%87nh+vi%E1%BB%87n%29&first=11,200,,70752,fallback-site-MST-DQ-EVID-03-p02.body,15a60c818b5db1f034f864a01610c35e0fe0783040b453bef291171ed6abe637,fallback-site-MST-DQ-EVID-03-p02.headers.json,6664cdbf9478c468e00c8a7a1440366d5a7ea8febd917a58f8654eb1451a2c98,[],0,0,TWO_CONSECUTIVE_NO_NEW
MST,most.gov.vn,DQ-EVID-04,"(""AI ethics"" OR ""AI governance"") AND (audit OR inspection OR monitoring OR incident OR complaint OR redress OR ""impact assessment"" OR outcome OR result) AND (Vietnam OR ""Viet Nam"") AND (health OR hospital)",SITE_FALLBACK_LOCATOR,1,2026-08-01T04:47:39.074606+00:00,https://www.bing.com/search?q=site%3Amost.gov.vn+%28%22AI+ethics%22+OR+%22AI+governance%22%29+AND+%28audit+OR+inspection+OR+monitoring+OR+incident+OR+complaint+OR+redress+OR+%22impact+assessment%22+OR+outcome+OR+result%29+AND+%28Vietnam+OR+%22Viet+Nam%22%29+AND+%28health+OR+hospital%29&first=1,200,,70909,fallback-site-MST-DQ-EVID-04-p01.body,2da816a2c624f37c3dec349e8438724781f6d2b3865a0eecb2976eb56cf6ea64,fallback-site-MST-DQ-EVID-04-p01.headers.json,920cceb4dc7fe3223d3432403d9d1d0722e403d963e1cf13bfbedb52cf4be04c,[],0,0,CONTINUE
MST,most.gov.vn,DQ-EVID-04,"(""AI ethics"" OR ""AI governance"") AND (audit OR inspection OR monitoring OR incident OR complaint OR redress OR ""impact assessment"" OR outcome OR result) AND (Vietnam OR ""Viet Nam"") AND (health OR hospital)",SITE_FALLBACK_LOCATOR,2,2026-08-01T04:47:40.511398+00:00,https://www.bing.com/search?q=site%3Amost.gov.vn+%28%22AI+ethics%22+OR+%22AI+governance%22%29+AND+%28audit+OR+inspection+OR+monitoring+OR+incident+OR+complaint+OR+redress+OR+%22impact+assessment%22+OR+outcome+OR+result%29+AND+%28Vietnam+OR+%22Viet+Nam%22%29+AND+%28health+OR+hospital%29&first=11,200,,70767,fallback-site-MST-DQ-EVID-04-p02.body,bf0f1deea9782eef03143923743223dc013a5e042867dadb1a6bf6d26ac998aa,fallback-site-MST-DQ-EVID-04-p02.headers.json,c8416c1949a01737efffa2eb956283f3ab48212b0529286c3da921e58471ffb7,[],0,0,TWO_CONSECUTIVE_NO_NEW
MST,most.gov.vn,DQ-EVID-05,"(""artificial intelligence"" OR AI) AND (""post-implementation monitoring"" OR ""post-market surveillance"" OR ""incident reporting"" OR ""quality management"" OR ""effectiveness evaluation"" OR audit) AND (Vietnam OR ""Viet Nam"") AND (health OR hospital OR ""provincial health department"")",SITE_FALLBACK_LOCATOR,1,2026-08-01T04:47:39.212393+00:00,https://www.bing.com/search?q=site%3Amost.gov.vn+%28%22artificial+intelligence%22+OR+AI%29+AND+%28%22post-implementation+monitoring%22+OR+%22post-market+surveillance%22+OR+%22incident+reporting%22+OR+%22quality+management%22+OR+%22effectiveness+evaluation%22+OR+audit%29+AND+%28Vietnam+OR+%22Viet+Nam%22%29+AND+%28health+OR+hospital+OR+%22provincial+health+department%22%29&first=1,200,,71502,fallback-site-MST-DQ-EVID-05-p01.body,fa845fd8327f749c51f59ebb80015a88aa98d0a5f8f3c1536568b1d3c521f1dc,fallback-site-MST-DQ-EVID-05-p01.headers.json,d7ce2a8269eea1ea8c4def38932bdc6c4d55e76c03d0086049d0e0ecd774f1fc,[],0,0,CONTINUE
MST,most.gov.vn,DQ-EVID-05,"(""artificial intelligence"" OR AI) AND (""post-implementation monitoring"" OR ""post-market surveillance"" OR ""incident reporting"" OR ""quality management"" OR ""effectiveness evaluation"" OR audit) AND (Vietnam OR ""Viet Nam"") AND (health OR hospital OR ""provincial health department"")",SITE_FALLBACK_LOCATOR,2,2026-08-01T04:47:40.642875+00:00,https://www.bing.com/search?q=site%3Amost.gov.vn+%28%22artificial+intelligence%22+OR+AI%29+AND+%28%22post-implementation+monitoring%22+OR+%22post-market+surveillance%22+OR+%22incident+reporting%22+OR+%22quality+management%22+OR+%22effectiveness+evaluation%22+OR+audit%29+AND+%28Vietnam+OR+%22Viet+Nam%22%29+AND+%28health+OR+hospital+OR+%22provincial+health+department%22%29&first=11,200,,71795,fallback-site-MST-DQ-EVID-05-p02.body,b3b492edf3de61f0212981157dbfaa8922b6331ffcc951e8c354acb94b724636,fallback-site-MST-DQ-EVID-05-p02.headers.json,c9362e9ad31873ac02bd94b8f6c6d81f7ab206479b87354599434c49dabacc81,[],0,0,TWO_CONSECUTIVE_NO_NEW
MST,most.gov.vn,DQ-IMPL-01,"(""đạo đức AI"" OR ""AI có trách nhiệm"" OR ""quản trị AI"") AND (kế hoạch OR triển khai OR áp dụng OR thí điểm)",SITE_FALLBACK_LOCATOR,1,2026-08-01T04:47:32.032921+00:00,https://www.bing.com/search?q=site%3Amost.gov.vn+%28%22%C4%91%E1%BA%A1o+%C4%91%E1%BB%A9c+AI%22+OR+%22AI+c%C3%B3+tr%C3%A1ch+nhi%E1%BB%87m%22+OR+%22qu%E1%BA%A3n+tr%E1%BB%8B+AI%22%29+AND+%28k%E1%BA%BF+ho%E1%BA%A1ch+OR+tri%E1%BB%83n+khai+OR+%C3%A1p+d%E1%BB%A5ng+OR+th%C3%AD+%C4%91i%E1%BB%83m%29&first=1,200,,70841,fallback-site-MST-DQ-IMPL-01-p01.body,6ca54f67c332160efaa72c7ac1a124ebb939e2b5b43f3c8b67e97dbf1bedc52b,fallback-site-MST-DQ-IMPL-01-p01.headers.json,826de5f52c5fd9d966f1bda4beaf01bac401709b15407dfa74ca66293e04f649,[],0,0,CONTINUE
MST,most.gov.vn,DQ-IMPL-01,"(""đạo đức AI"" OR ""AI có trách nhiệm"" OR ""quản trị AI"") AND (kế hoạch OR triển khai OR áp dụng OR thí điểm)",SITE_FALLBACK_LOCATOR,2,2026-08-01T04:47:33.581400+00:00,https://www.bing.com/search?q=site%3Amost.gov.vn+%28%22%C4%91%E1%BA%A1o+%C4%91%E1%BB%A9c+AI%22+OR+%22AI+c%C3%B3+tr%C3%A1ch+nhi%E1%BB%87m%22+OR+%22qu%E1%BA%A3n+tr%E1%BB%8B+AI%22%29+AND+%28k%E1%BA%BF+ho%E1%BA%A1ch+OR+tri%E1%BB%83n+khai+OR+%C3%A1p+d%E1%BB%A5ng+OR+th%C3%AD+%C4%91i%E1%BB%83m%29&first=11,200,,70116,fallback-site-MST-DQ-IMPL-01-p02.body,834f4e6d2aca5bec4c897bca64cd34831c7a7db725e8eb6180a677356af186b5,fallback-site-MST-DQ-IMPL-01-p02.headers.json,aaadd3ee07ac31017a3ab364c9d1c0ea6ec4951410ae882c691a01d5de1bd609,[],0,0,TWO_CONSECUTIVE_NO_NEW
MST,most.gov.vn,DQ-IMPL-02,"(""đạo đức AI"" OR ""AI có trách nhiệm"" OR ""quản trị AI"") AND (""Bộ Y tế"" OR bệnh viện OR ""cơ sở khám bệnh, chữa bệnh"")",SITE_FALLBACK_LOCATOR,1,2026-08-01T04:47:32.496528+00:00,https://www.bing.com/search?q=site%3Amost.gov.vn+%28%22%C4%91%E1%BA%A1o+%C4%91%E1%BB%A9c+AI%22+OR+%22AI+c%C3%B3+tr%C3%A1ch+nhi%E1%BB%87m%22+OR+%22qu%E1%BA%A3n+tr%E1%BB%8B+AI%22%29+AND+%28%22B%E1%BB%99+Y+t%E1%BA%BF%22+OR+b%E1%BB%87nh+vi%E1%BB%87n+OR+%22c%C6%A1+s%E1%BB%9F+kh%C3%A1m+b%E1%BB%87nh%2C+ch%E1%BB%AFa+b%E1%BB%87nh%22%29&first=1,200,,71330,fallback-site-MST-DQ-IMPL-02-p01.body,6b39b49a30f0d94ead2e225c159d3305f954bf282a66881965181bb0d681e47c,fallback-site-MST-DQ-IMPL-02-p01.headers.json,bdcea99cbb8854b64422dba0d3a596afd84f00ead173269eaad6401502e8604c,[],0,0,CONTINUE
MST,most.gov.vn,DQ-IMPL-02,"(""đạo đức AI"" OR ""AI có trách nhiệm"" OR ""quản trị AI"") AND (""Bộ Y tế"" OR bệnh viện OR ""cơ sở khám bệnh, chữa bệnh"")",SITE_FALLBACK_LOCATOR,2,2026-08-01T04:47:33.912692+00:00,https://www.bing.com/search?q=site%3Amost.gov.vn+%28%22%C4%91%E1%BA%A1o+%C4%91%E1%BB%A9c+AI%22+OR+%22AI+c%C3%B3+tr%C3%A1ch+nhi%E1%BB%87m%22+OR+%22qu%E1%BA%A3n+tr%E1%BB%8B+AI%22%29+AND+%28%22B%E1%BB%99+Y+t%E1%BA%BF%22+OR+b%E1%BB%87nh+vi%E1%BB%87n+OR+%22c%C6%A1+s%E1%BB%9F+kh%C3%A1m+b%E1%BB%87nh%2C+ch%E1%BB%AFa+b%E1%BB%87nh%22%29&first=11,200,,71156,fallback-site-MST-DQ-IMPL-02-p02.body,9b48a516e5da2e44fdb13fccfb9d1de3d0cff2c2c8562b5b826e77ea336c2f6f,fallback-site-MST-DQ-IMPL-02-p02.headers.json,1a485f839e43aa5fc060c15161df5cb1d358b8424f1601b7b59c8207f84b5440,[],0,0,TWO_CONSECUTIVE_NO_NEW
MST,most.gov.vn,DQ-IMPL-03,"(""responsible AI"" OR ""AI governance"" OR ""AI ethics"") AND (implementation OR adoption OR uptake OR plan OR pilot) AND (Vietnam OR ""Viet Nam"") AND (health OR hospital OR clinical)",SITE_FALLBACK_LOCATOR,1,2026-08-01T04:47:32.471431+00:00,https://www.bing.com/search?q=site%3Amost.gov.vn+%28%22responsible+AI%22+OR+%22AI+governance%22+OR+%22AI+ethics%22%29+AND+%28implementation+OR+adoption+OR+uptake+OR+plan+OR+pilot%29+AND+%28Vietnam+OR+%22Viet+Nam%22%29+AND+%28health+OR+hospital+OR+clinical%29&first=1,200,,70540,fallback-site-MST-DQ-IMPL-03-p01.body,fb83d095a0c3efcc98243f20ef2c33b07d3e07ed80caca2bf0829f8a1ef55254,fallback-site-MST-DQ-IMPL-03-p01.headers.json,894f26a27b29281813ee8d2b425431cfc28bb10807972ab8810eb73acc1cafd4,[],0,0,CONTINUE
MST,most.gov.vn,DQ-IMPL-03,"(""responsible AI"" OR ""AI governance"" OR ""AI ethics"") AND (implementation OR adoption OR uptake OR plan OR pilot) AND (Vietnam OR ""Viet Nam"") AND (health OR hospital OR clinical)",SITE_FALLBACK_LOCATOR,2,2026-08-01T04:47:33.935870+00:00,https://www.bing.com/search?q=site%3Amost.gov.vn+%28%22responsible+AI%22+OR+%22AI+governance%22+OR+%22AI+ethics%22%29+AND+%28implementation+OR+adoption+OR+uptake+OR+plan+OR+pilot%29+AND+%28Vietnam+OR+%22Viet+Nam%22%29+AND+%28health+OR+hospital+OR+clinical%29&first=11,200,,71040,fallback-site-MST-DQ-IMPL-03-p02.body,045af2207a998c727f471ee18a2ca06bd57e6191c5b08e89e941b5e9739bff76,fallback-site-MST-DQ-IMPL-03-p02.headers.json,d21f75b329b5d33f6f8321a5451a3fb987c888cdf22258df4c91d4ab76b6ad7d,[],0,0,TWO_CONSECUTIVE_NO_NEW
MST,most.gov.vn,DQ-IMPL-04,"(""trí tuệ nhân tạo"" OR AI) AND (""theo dõi sau triển khai"" OR hậu kiểm OR ""giám sát sau triển khai"" OR ""đánh giá hiệu quả"") AND (y tế OR bệnh viện OR ""Sở Y tế"")",SITE_FALLBACK_LOCATOR,1,2026-08-01T04:47:35.319155+00:00,https://www.bing.com/search?q=site%3Amost.gov.vn+%28%22tr%C3%AD+tu%E1%BB%87+nh%C3%A2n+t%E1%BA%A1o%22+OR+AI%29+AND+%28%22theo+d%C3%B5i+sau+tri%E1%BB%83n+khai%22+OR+h%E1%BA%ADu+ki%E1%BB%83m+OR+%22gi%C3%A1m+s%C3%A1t+sau+tri%E1%BB%83n+khai%22+OR+%22%C4%91%C3%A1nh+gi%C3%A1+hi%E1%BB%87u+qu%E1%BA%A3%22%29+AND+%28y+t%E1%BA%BF+OR+b%E1%BB%87nh+vi%E1%BB%87n+OR+%22S%E1%BB%9F+Y+t%E1%BA%BF%22%29&first=1,200,,71838,fallback-site-MST-DQ-IMPL-04-p01.body,9be87b25924c443364890d28d1a3091c3cce3e03c6d7712dab6f3bce21b5059f,fallback-site-MST-DQ-IMPL-04-p01.headers.json,c5c18a9e453e5478afd687b93eb01dc07173cd48bfc72be8303f3656a9fd835a,[],0,0,CONTINUE
MST,most.gov.vn,DQ-IMPL-04,"(""trí tuệ nhân tạo"" OR AI) AND (""theo dõi sau triển khai"" OR hậu kiểm OR ""giám sát sau triển khai"" OR ""đánh giá hiệu quả"") AND (y tế OR bệnh viện OR ""Sở Y tế"")",SITE_FALLBACK_LOCATOR,2,2026-08-01T04:47:36.787872+00:00,https://www.bing.com/search?q=site%3Amost.gov.vn+%28%22tr%C3%AD+tu%E1%BB%87+nh%C3%A2n+t%E1%BA%A1o%22+OR+AI%29+AND+%28%22theo+d%C3%B5i+sau+tri%E1%BB%83n+khai%22+OR+h%E1%BA%ADu+ki%E1%BB%83m+OR+%22gi%C3%A1m+s%C3%A1t+sau+tri%E1%BB%83n+khai%22+OR+%22%C4%91%C3%A1nh+gi%C3%A1+hi%E1%BB%87u+qu%E1%BA%A3%22%29+AND+%28y+t%E1%BA%BF+OR+b%E1%BB%87nh+vi%E1%BB%87n+OR+%22S%E1%BB%9F+Y+t%E1%BA%BF%22%29&first=11,200,,70693,fallback-site-MST-DQ-IMPL-04-p02.body,8fef7553a9b07634246131ee242176155485e7ffef2bb79c7b1209cdc6e060e9,fallback-site-MST-DQ-IMPL-04-p02.headers.json,1521dc71b18dbced6603f4bd51fa180268c3ae31c2e3c8fe67292ec7407ef381,[],0,0,TWO_CONSECUTIVE_NO_NEW
MST,most.gov.vn,DQ-IMPL-05,"(""trí tuệ nhân tạo"" OR AI) AND (""báo cáo sự cố"" OR ""quản lý chất lượng"" OR kiểm toán OR thanh tra) AND (y tế OR bệnh viện OR ""Sở Y tế"")",SITE_FALLBACK_LOCATOR,1,2026-08-01T04:47:35.318154+00:00,https://www.bing.com/search?q=site%3Amost.gov.vn+%28%22tr%C3%AD+tu%E1%BB%87+nh%C3%A2n+t%E1%BA%A1o%22+OR+AI%29+AND+%28%22b%C3%A1o+c%C3%A1o+s%E1%BB%B1+c%E1%BB%91%22+OR+%22qu%E1%BA%A3n+l%C3%BD+ch%E1%BA%A5t+l%C6%B0%E1%BB%A3ng%22+OR+ki%E1%BB%83m+to%C3%A1n+OR+thanh+tra%29+AND+%28y+t%E1%BA%BF+OR+b%E1%BB%87nh+vi%E1%BB%87n+OR+%22S%E1%BB%9F+Y+t%E1%BA%BF%22%29&first=1,200,,71357,fallback-site-MST-DQ-IMPL-05-p01.body,2a61e8b1f9bd230162ee4c2b74d2af7bc6cd9c3b633530a02e70690fa01ca894,fallback-site-MST-DQ-IMPL-05-p01.headers.json,1c238bd83a3af3e70e59c525b7bf556dcda70c414c0290b07f4d4f2ee676bec3,[],0,0,CONTINUE
MST,most.gov.vn,DQ-IMPL-05,"(""trí tuệ nhân tạo"" OR AI) AND (""báo cáo sự cố"" OR ""quản lý chất lượng"" OR kiểm toán OR thanh tra) AND (y tế OR bệnh viện OR ""Sở Y tế"")",SITE_FALLBACK_LOCATOR,2,2026-08-01T04:47:36.822313+00:00,https://www.bing.com/search?q=site%3Amost.gov.vn+%28%22tr%C3%AD+tu%E1%BB%87+nh%C3%A2n+t%E1%BA%A1o%22+OR+AI%29+AND+%28%22b%C3%A1o+c%C3%A1o+s%E1%BB%B1+c%E1%BB%91%22+OR+%22qu%E1%BA%A3n+l%C3%BD+ch%E1%BA%A5t+l%C6%B0%E1%BB%A3ng%22+OR+ki%E1%BB%83m+to%C3%A1n+OR+thanh+tra%29+AND+%28y+t%E1%BA%BF+OR+b%E1%BB%87nh+vi%E1%BB%87n+OR+%22S%E1%BB%9F+Y+t%E1%BA%BF%22%29&first=11,200,,71037,fallback-site-MST-DQ-IMPL-05-p02.body,20edc24b2fd63cef55638a57c768e5e12ea6e113bb0c0fe7ca959a4cceae8f9b,fallback-site-MST-DQ-IMPL-05-p02.headers.json,c272d0dcfa3cfcc6a63e2485c9ca9bc23f9065dbe500cdbe41ad37dcc0427d44,[],0,0,TWO_CONSECUTIVE_NO_NEW
MST,most.gov.vn,DQ-TOOL-01,"(""đánh giá tuân thủ"" OR ""tự đánh giá"") AND (""đạo đức AI"" OR ""AI có trách nhiệm"")",SITE_FALLBACK_LOCATOR,1,2026-08-01T04:47:32.498035+00:00,https://www.bing.com/search?q=site%3Amost.gov.vn+%28%22%C4%91%C3%A1nh+gi%C3%A1+tu%C3%A2n+th%E1%BB%A7%22+OR+%22t%E1%BB%B1+%C4%91%C3%A1nh+gi%C3%A1%22%29+AND+%28%22%C4%91%E1%BA%A1o+%C4%91%E1%BB%A9c+AI%22+OR+%22AI+c%C3%B3+tr%C3%A1ch+nhi%E1%BB%87m%22%29&first=1,200,,70290,fallback-site-MST-DQ-TOOL-01-p01.body,e74cd9e0715ff1f1e4c3ae0e1b2c1164b8e5f31fef52793ac3192605f051a4c7,fallback-site-MST-DQ-TOOL-01-p01.headers.json,7ce58c5adf73e8f923f4fea9ef70e84f9c8c577c2c7b8d69737ef0170c1b990a,[],0,0,CONTINUE
MST,most.gov.vn,DQ-TOOL-01,"(""đánh giá tuân thủ"" OR ""tự đánh giá"") AND (""đạo đức AI"" OR ""AI có trách nhiệm"")",SITE_FALLBACK_LOCATOR,2,2026-08-01T04:47:33.968837+00:00,https://www.bing.com/search?q=site%3Amost.gov.vn+%28%22%C4%91%C3%A1nh+gi%C3%A1+tu%C3%A2n+th%E1%BB%A7%22+OR+%22t%E1%BB%B1+%C4%91%C3%A1nh+gi%C3%A1%22%29+AND+%28%22%C4%91%E1%BA%A1o+%C4%91%E1%BB%A9c+AI%22+OR+%22AI+c%C3%B3+tr%C3%A1ch+nhi%E1%BB%87m%22%29&first=11,200,,70927,fallback-site-MST-DQ-TOOL-01-p02.body,96e22d0fb18f815c3750ddf81f45ba9156085b9ee885e901109c5d2daae404ce,fallback-site-MST-DQ-TOOL-01-p02.headers.json,b73527b5470386cdd09d260d8cdb9b395892dc15d66c0dff4a63df8e3ee6b563,[],0,0,TWO_CONSECUTIVE_NO_NEW
MST,most.gov.vn,DQ-TOOL-02,"(nền tảng OR công cụ) AND (""đánh giá tuân thủ"" OR ""đánh giá tác động"") AND (""AI"" OR ""trí tuệ nhân tạo"")",SITE_FALLBACK_LOCATOR,1,2026-08-01T04:47:35.152992+00:00,https://www.bing.com/search?q=site%3Amost.gov.vn+%28n%E1%BB%81n+t%E1%BA%A3ng+OR+c%C3%B4ng+c%E1%BB%A5%29+AND+%28%22%C4%91%C3%A1nh+gi%C3%A1+tu%C3%A2n+th%E1%BB%A7%22+OR+%22%C4%91%C3%A1nh+gi%C3%A1+t%C3%A1c+%C4%91%E1%BB%99ng%22%29+AND+%28%22AI%22+OR+%22tr%C3%AD+tu%E1%BB%87+nh%C3%A2n+t%E1%BA%A1o%22%29&first=1,200,,70683,fallback-site-MST-DQ-TOOL-02-p01.body,080debce68ca561c2749860d2fb15a86c7abae6cb9e7ea2c1483653553e3b79d,fallback-site-MST-DQ-TOOL-02-p01.headers.json,94ada766d373a655ec14e27ddfb53a2a2e70f13d990091484835633ad7e8801d,[],0,0,CONTINUE
MST,most.gov.vn,DQ-TOOL-02,"(nền tảng OR công cụ) AND (""đánh giá tuân thủ"" OR ""đánh giá tác động"") AND (""AI"" OR ""trí tuệ nhân tạo"")",SITE_FALLBACK_LOCATOR,2,2026-08-01T04:47:36.685317+00:00,https://www.bing.com/search?q=site%3Amost.gov.vn+%28n%E1%BB%81n+t%E1%BA%A3ng+OR+c%C3%B4ng+c%E1%BB%A5%29+AND+%28%22%C4%91%C3%A1nh+gi%C3%A1+tu%C3%A2n+th%E1%BB%A7%22+OR+%22%C4%91%C3%A1nh+gi%C3%A1+t%C3%A1c+%C4%91%E1%BB%99ng%22%29+AND+%28%22AI%22+OR+%22tr%C3%AD+tu%E1%BB%87+nh%C3%A2n+t%E1%BA%A1o%22%29&first=11,200,,70779,fallback-site-MST-DQ-TOOL-02-p02.body,5b231a70bb4ae7ba032b5af943083b8fb8efa76a0281352bda04b5b05a15ba4a,fallback-site-MST-DQ-TOOL-02-p02.headers.json,be90ddf81777002bca7be51bba540fbffb38fe39b7162b91004a35b65e2c6405,[],0,0,TWO_CONSECUTIVE_NO_NEW
UNESCO-RAM,www.unesco.org,DQ-EVID-01,"(""đạo đức AI"" OR ""quản trị AI"") AND (kiểm toán OR thanh tra OR giám sát)",SITE_FALLBACK_LOCATOR,1,2026-08-01T04:47:47.449700+00:00,https://www.bing.com/search?q=site%3Awww.unesco.org+%28%22%C4%91%E1%BA%A1o+%C4%91%E1%BB%A9c+AI%22+OR+%22qu%E1%BA%A3n+tr%E1%BB%8B+AI%22%29+AND+%28ki%E1%BB%83m+to%C3%A1n+OR+thanh+tra+OR+gi%C3%A1m+s%C3%A1t%29&first=1,200,,70128,fallback-site-UNESCO-RAM-DQ-EVID-01-p01.body,4e5baf447ece6c108920f2d50edd9370ac4e5163c24be29ad8612b90c14049e0,fallback-site-UNESCO-RAM-DQ-EVID-01-p01.headers.json,c6384d143622caff18246a5984247aedd06a1103cbc62eadf4a516d790fbf18c,[],0,0,CONTINUE
UNESCO-RAM,www.unesco.org,DQ-EVID-01,"(""đạo đức AI"" OR ""quản trị AI"") AND (kiểm toán OR thanh tra OR giám sát)",SITE_FALLBACK_LOCATOR,2,2026-08-01T04:47:49.272444+00:00,https://www.bing.com/search?q=site%3Awww.unesco.org+%28%22%C4%91%E1%BA%A1o+%C4%91%E1%BB%A9c+AI%22+OR+%22qu%E1%BA%A3n+tr%E1%BB%8B+AI%22%29+AND+%28ki%E1%BB%83m+to%C3%A1n+OR+thanh+tra+OR+gi%C3%A1m+s%C3%A1t%29&first=11,200,,70310,fallback-site-UNESCO-RAM-DQ-EVID-01-p02.body,139397e697a7c167d44559f4e0c8eccb1c253ad14f366c63a2956ea4efdc11a4,fallback-site-UNESCO-RAM-DQ-EVID-01-p02.headers.json,03202d90b600e25fa6cbffafdfffc2e05d68c252990526af58ea5eae06bd4679,[],0,0,TWO_CONSECUTIVE_NO_NEW
UNESCO-RAM,www.unesco.org,DQ-EVID-02,"(""AI"" OR ""trí tuệ nhân tạo"") AND (sự cố OR khiếu nại OR khắc phục) AND (y tế OR bệnh viện)",SITE_FALLBACK_LOCATOR,1,2026-08-01T04:47:56.542897+00:00,https://www.bing.com/search?q=site%3Awww.unesco.org+%28%22AI%22+OR+%22tr%C3%AD+tu%E1%BB%87+nh%C3%A2n+t%E1%BA%A1o%22%29+AND+%28s%E1%BB%B1+c%E1%BB%91+OR+khi%E1%BA%BFu+n%E1%BA%A1i+OR+kh%E1%BA%AFc+ph%E1%BB%A5c%29+AND+%28y+t%E1%BA%BF+OR+b%E1%BB%87nh+vi%E1%BB%87n%29&first=1,200,,70387,fallback-site-UNESCO-RAM-DQ-EVID-02-p01.body,6def13c87e275173e7c1916efef12b120cd3eafa0814d29fdf0b4889a8d445ad,fallback-site-UNESCO-RAM-DQ-EVID-02-p01.headers.json,3e8329bf625237d0e1cefb7104fe9ab9c148a3433c70ff1c3f62094e44e4488a,[],0,0,CONTINUE
UNESCO-RAM,www.unesco.org,DQ-EVID-02,"(""AI"" OR ""trí tuệ nhân tạo"") AND (sự cố OR khiếu nại OR khắc phục) AND (y tế OR bệnh viện)",SITE_FALLBACK_LOCATOR,2,2026-08-01T04:47:58.104451+00:00,https://www.bing.com/search?q=site%3Awww.unesco.org+%28%22AI%22+OR+%22tr%C3%AD+tu%E1%BB%87+nh%C3%A2n+t%E1%BA%A1o%22%29+AND+%28s%E1%BB%B1+c%E1%BB%91+OR+khi%E1%BA%BFu+n%E1%BA%A1i+OR+kh%E1%BA%AFc+ph%E1%BB%A5c%29+AND+%28y+t%E1%BA%BF+OR+b%E1%BB%87nh+vi%E1%BB%87n%29&first=11,200,,70517,fallback-site-UNESCO-RAM-DQ-EVID-02-p02.body,f614d1c2f946336317f5934e77b5c08723bf4c4028c2cfe7a69c21bce787f58d,fallback-site-UNESCO-RAM-DQ-EVID-02-p02.headers.json,37f3b5bb2370b5fc523337eed7b9128f8c456f9073034e0a4d79a3ab3efc260e,[],0,0,TWO_CONSECUTIVE_NO_NEW
UNESCO-RAM,www.unesco.org,DQ-EVID-03,"(""AI"" OR ""trí tuệ nhân tạo"") AND (""đánh giá tác động"" OR kết quả) AND (y tế OR bệnh viện)",SITE_FALLBACK_LOCATOR,1,2026-08-01T04:47:56.631213+00:00,https://www.bing.com/search?q=site%3Awww.unesco.org+%28%22AI%22+OR+%22tr%C3%AD+tu%E1%BB%87+nh%C3%A2n+t%E1%BA%A1o%22%29+AND+%28%22%C4%91%C3%A1nh+gi%C3%A1+t%C3%A1c+%C4%91%E1%BB%99ng%22+OR+k%E1%BA%BFt+qu%E1%BA%A3%29+AND+%28y+t%E1%BA%BF+OR+b%E1%BB%87nh+vi%E1%BB%87n%29&first=1,200,,70540,fallback-site-UNESCO-RAM-DQ-EVID-03-p01.body,67692ba6f1812f8fc6a113ae153e444394405aa9ddbcd5fcf34bc4069ee795f6,fallback-site-UNESCO-RAM-DQ-EVID-03-p01.headers.json,56a6189883f89dccd12732a7b6285830d3dda48b73df3352a4368dae4cf0caeb,[],0,0,CONTINUE
UNESCO-RAM,www.unesco.org,DQ-EVID-03,"(""AI"" OR ""trí tuệ nhân tạo"") AND (""đánh giá tác động"" OR kết quả) AND (y tế OR bệnh viện)",SITE_FALLBACK_LOCATOR,2,2026-08-01T04:47:58.106464+00:00,https://www.bing.com/search?q=site%3Awww.unesco.org+%28%22AI%22+OR+%22tr%C3%AD+tu%E1%BB%87+nh%C3%A2n+t%E1%BA%A1o%22%29+AND+%28%22%C4%91%C3%A1nh+gi%C3%A1+t%C3%A1c+%C4%91%E1%BB%99ng%22+OR+k%E1%BA%BFt+qu%E1%BA%A3%29+AND+%28y+t%E1%BA%BF+OR+b%E1%BB%87nh+vi%E1%BB%87n%29&first=11,200,,70810,fallback-site-UNESCO-RAM-DQ-EVID-03-p02.body,e483959dc63d09a304912817d13ad360dec5bffc7592fd0a1d6745e706199ea0,fallback-site-UNESCO-RAM-DQ-EVID-03-p02.headers.json,f39dc47aec9fb5dfb47dc6b9a8c0428fd12581562367642388e5b6d1dcd8e0b0,[],0,0,TWO_CONSECUTIVE_NO_NEW
UNESCO-RAM,www.unesco.org,DQ-EVID-04,"(""AI ethics"" OR ""AI governance"") AND (audit OR inspection OR monitoring OR incident OR complaint OR redress OR ""impact assessment"" OR outcome OR result) AND (Vietnam OR ""Viet Nam"") AND (health OR hospital)",SITE_FALLBACK_LOCATOR,1,2026-08-01T04:47:56.397825+00:00,https://www.bing.com/search?q=site%3Awww.unesco.org+%28%22AI+ethics%22+OR+%22AI+governance%22%29+AND+%28audit+OR+inspection+OR+monitoring+OR+incident+OR+complaint+OR+redress+OR+%22impact+assessment%22+OR+outcome+OR+result%29+AND+%28Vietnam+OR+%22Viet+Nam%22%29+AND+%28health+OR+hospital%29&first=1,200,,71156,fallback-site-UNESCO-RAM-DQ-EVID-04-p01.body,d5127e291238b397a50519f3d1ce08a4e10b2a6d67f9d86de781c2e17abbfd1c,fallback-site-UNESCO-RAM-DQ-EVID-04-p01.headers.json,00b7033992f0def8513ddc7dd210432813b25d54a8653390299ac351092cd84f,[],0,0,CONTINUE
UNESCO-RAM,www.unesco.org,DQ-EVID-04,"(""AI ethics"" OR ""AI governance"") AND (audit OR inspection OR monitoring OR incident OR complaint OR redress OR ""impact assessment"" OR outcome OR result) AND (Vietnam OR ""Viet Nam"") AND (health OR hospital)",SITE_FALLBACK_LOCATOR,2,2026-08-01T04:47:57.832843+00:00,https://www.bing.com/search?q=site%3Awww.unesco.org+%28%22AI+ethics%22+OR+%22AI+governance%22%29+AND+%28audit+OR+inspection+OR+monitoring+OR+incident+OR+complaint+OR+redress+OR+%22impact+assessment%22+OR+outcome+OR+result%29+AND+%28Vietnam+OR+%22Viet+Nam%22%29+AND+%28health+OR+hospital%29&first=11,200,,71085,fallback-site-UNESCO-RAM-DQ-EVID-04-p02.body,cc0ed95c32755e9cb5367d5795d059481b7393b0bced556d490891ac6bc1e815,fallback-site-UNESCO-RAM-DQ-EVID-04-p02.headers.json,2fe19aad31032de91ee414b27f2f081a49d0f25219228a40b2b2ecd288a5d7e9,[],0,0,TWO_CONSECUTIVE_NO_NEW
UNESCO-RAM,www.unesco.org,DQ-EVID-05,"(""artificial intelligence"" OR AI) AND (""post-implementation monitoring"" OR ""post-market surveillance"" OR ""incident reporting"" OR ""quality management"" OR ""effectiveness evaluation"" OR audit) AND (Vietnam OR ""Viet Nam"") AND (health OR hospital OR ""provincial health department"")",SITE_FALLBACK_LOCATOR,1,2026-08-01T04:47:56.748038+00:00,https://www.bing.com/search?q=site%3Awww.unesco.org+%28%22artificial+intelligence%22+OR+AI%29+AND+%28%22post-implementation+monitoring%22+OR+%22post-market+surveillance%22+OR+%22incident+reporting%22+OR+%22quality+management%22+OR+%22effectiveness+evaluation%22+OR+audit%29+AND+%28Vietnam+OR+%22Viet+Nam%22%29+AND+%28health+OR+hospital+OR+%22provincial+health+department%22%29&first=1,200,,70966,fallback-site-UNESCO-RAM-DQ-EVID-05-p01.body,8e49e62be40cea9868f1c71bc91d4ef18b8f08fe7d45c5fed136b6a70cefccf1,fallback-site-UNESCO-RAM-DQ-EVID-05-p01.headers.json,d83e5297942191616eee6f5087607a111a33a4314023f674de68ebceeb01f848,[],0,0,CONTINUE
UNESCO-RAM,www.unesco.org,DQ-EVID-05,"(""artificial intelligence"" OR AI) AND (""post-implementation monitoring"" OR ""post-market surveillance"" OR ""incident reporting"" OR ""quality management"" OR ""effectiveness evaluation"" OR audit) AND (Vietnam OR ""Viet Nam"") AND (health OR hospital OR ""provincial health department"")",SITE_FALLBACK_LOCATOR,2,2026-08-01T04:47:58.208421+00:00,https://www.bing.com/search?q=site%3Awww.unesco.org+%28%22artificial+intelligence%22+OR+AI%29+AND+%28%22post-implementation+monitoring%22+OR+%22post-market+surveillance%22+OR+%22incident+reporting%22+OR+%22quality+management%22+OR+%22effectiveness+evaluation%22+OR+audit%29+AND+%28Vietnam+OR+%22Viet+Nam%22%29+AND+%28health+OR+hospital+OR+%22provincial+health+department%22%29&first=11,200,,71494,fallback-site-UNESCO-RAM-DQ-EVID-05-p02.body,3f0f914fc30d11dbcb41c909d1b8b643edf7cf504cdf2f6853e460a056acc9fc,fallback-site-UNESCO-RAM-DQ-EVID-05-p02.headers.json,2589514e6c0edc4d0266cf7b8638ded90ab44bf7d659e4119fb21d26dc35f938,[],0,0,TWO_CONSECUTIVE_NO_NEW
UNESCO-RAM,www.unesco.org,DQ-IMPL-01,"(""đạo đức AI"" OR ""AI có trách nhiệm"" OR ""quản trị AI"") AND (kế hoạch OR triển khai OR áp dụng OR thí điểm)",SITE_FALLBACK_LOCATOR,1,2026-08-01T04:47:41.775203+00:00,https://www.bing.com/search?q=site%3Awww.unesco.org+%28%22%C4%91%E1%BA%A1o+%C4%91%E1%BB%A9c+AI%22+OR+%22AI+c%C3%B3+tr%C3%A1ch+nhi%E1%BB%87m%22+OR+%22qu%E1%BA%A3n+tr%E1%BB%8B+AI%22%29+AND+%28k%E1%BA%BF+ho%E1%BA%A1ch+OR+tri%E1%BB%83n+khai+OR+%C3%A1p+d%E1%BB%A5ng+OR+th%C3%AD+%C4%91i%E1%BB%83m%29&first=1,200,,70569,fallback-site-UNESCO-RAM-DQ-IMPL-01-p01.body,95ea4dbd32c5fc4c2074a27b65317d8920b052752a6faad57fa67748e72cd596,fallback-site-UNESCO-RAM-DQ-IMPL-01-p01.headers.json,e6ab01ac5e5c66e421666af8ebafc5204c466f004aeb51e9e0dde1bc532d1a40,[],0,0,CONTINUE
UNESCO-RAM,www.unesco.org,DQ-IMPL-01,"(""đạo đức AI"" OR ""AI có trách nhiệm"" OR ""quản trị AI"") AND (kế hoạch OR triển khai OR áp dụng OR thí điểm)",SITE_FALLBACK_LOCATOR,2,2026-08-01T04:47:43.281806+00:00,https://www.bing.com/search?q=site%3Awww.unesco.org+%28%22%C4%91%E1%BA%A1o+%C4%91%E1%BB%A9c+AI%22+OR+%22AI+c%C3%B3+tr%C3%A1ch+nhi%E1%BB%87m%22+OR+%22qu%E1%BA%A3n+tr%E1%BB%8B+AI%22%29+AND+%28k%E1%BA%BF+ho%E1%BA%A1ch+OR+tri%E1%BB%83n+khai+OR+%C3%A1p+d%E1%BB%A5ng+OR+th%C3%AD+%C4%91i%E1%BB%83m%29&first=11,200,,70577,fallback-site-UNESCO-RAM-DQ-IMPL-01-p02.body,c09cc306c3d20973043b4df2cd32885cf91a92454544121edab8edb0da9dd26e,fallback-site-UNESCO-RAM-DQ-IMPL-01-p02.headers.json,57277ee6278533eebd433108fca5a082869b0fefad85fd585a44737a420374ba,[],0,0,TWO_CONSECUTIVE_NO_NEW
UNESCO-RAM,www.unesco.org,DQ-IMPL-02,"(""đạo đức AI"" OR ""AI có trách nhiệm"" OR ""quản trị AI"") AND (""Bộ Y tế"" OR bệnh viện OR ""cơ sở khám bệnh, chữa bệnh"")",SITE_FALLBACK_LOCATOR,1,2026-08-01T04:47:41.989869+00:00,https://www.bing.com/search?q=site%3Awww.unesco.org+%28%22%C4%91%E1%BA%A1o+%C4%91%E1%BB%A9c+AI%22+OR+%22AI+c%C3%B3+tr%C3%A1ch+nhi%E1%BB%87m%22+OR+%22qu%E1%BA%A3n+tr%E1%BB%8B+AI%22%29+AND+%28%22B%E1%BB%99+Y+t%E1%BA%BF%22+OR+b%E1%BB%87nh+vi%E1%BB%87n+OR+%22c%C6%A1+s%E1%BB%9F+kh%C3%A1m+b%E1%BB%87nh%2C+ch%E1%BB%AFa+b%E1%BB%87nh%22%29&first=1,200,,71854,fallback-site-UNESCO-RAM-DQ-IMPL-02-p01.body,dd6978ab33bec9ff0037b152bf6493baf6e68e7a6ef1d50699edb028611d7fe0,fallback-site-UNESCO-RAM-DQ-IMPL-02-p01.headers.json,aaf2c8ae714b30c6024c382402a8796547e73c1378abf84008a78fadcf68d547,[],0,0,CONTINUE
UNESCO-RAM,www.unesco.org,DQ-IMPL-02,"(""đạo đức AI"" OR ""AI có trách nhiệm"" OR ""quản trị AI"") AND (""Bộ Y tế"" OR bệnh viện OR ""cơ sở khám bệnh, chữa bệnh"")",SITE_FALLBACK_LOCATOR,2,2026-08-01T04:47:43.433960+00:00,https://www.bing.com/search?q=site%3Awww.unesco.org+%28%22%C4%91%E1%BA%A1o+%C4%91%E1%BB%A9c+AI%22+OR+%22AI+c%C3%B3+tr%C3%A1ch+nhi%E1%BB%87m%22+OR+%22qu%E1%BA%A3n+tr%E1%BB%8B+AI%22%29+AND+%28%22B%E1%BB%99+Y+t%E1%BA%BF%22+OR+b%E1%BB%87nh+vi%E1%BB%87n+OR+%22c%C6%A1+s%E1%BB%9F+kh%C3%A1m+b%E1%BB%87nh%2C+ch%E1%BB%AFa+b%E1%BB%87nh%22%29&first=11,200,,71227,fallback-site-UNESCO-RAM-DQ-IMPL-02-p02.body,eead7c4282a165fec6913e58fea08e759561df83a756e29206824f954b43b78a,fallback-site-UNESCO-RAM-DQ-IMPL-02-p02.headers.json,eeb9ae17beffb2aa25cec7e7aa859f199f40d42fd05a1a8c9bbb7c1eb8d20c51,[],0,0,TWO_CONSECUTIVE_NO_NEW
UNESCO-RAM,www.unesco.org,DQ-IMPL-03,"(""responsible AI"" OR ""AI governance"" OR ""AI ethics"") AND (implementation OR adoption OR uptake OR plan OR pilot) AND (Vietnam OR ""Viet Nam"") AND (health OR hospital OR clinical)",SITE_FALLBACK_LOCATOR,1,2026-08-01T04:47:41.990881+00:00,https://www.bing.com/search?q=site%3Awww.unesco.org+%28%22responsible+AI%22+OR+%22AI+governance%22+OR+%22AI+ethics%22%29+AND+%28implementation+OR+adoption+OR+uptake+OR+plan+OR+pilot%29+AND+%28Vietnam+OR+%22Viet+Nam%22%29+AND+%28health+OR+hospital+OR+clinical%29&first=1,200,,71307,fallback-site-UNESCO-RAM-DQ-IMPL-03-p01.body,51a17b0b5a82d8e3405e5a498eedc17d6beffd97b5fcd6c6412e91d03c0922bc,fallback-site-UNESCO-RAM-DQ-IMPL-03-p01.headers.json,0643895be3f9f7f5f959b3cbe6a26bba3f497efcf4d2d9868ca08bbd5beafb8e,[],0,0,CONTINUE
UNESCO-RAM,www.unesco.org,DQ-IMPL-03,"(""responsible AI"" OR ""AI governance"" OR ""AI ethics"") AND (implementation OR adoption OR uptake OR plan OR pilot) AND (Vietnam OR ""Viet Nam"") AND (health OR hospital OR clinical)",SITE_FALLBACK_LOCATOR,2,2026-08-01T04:47:43.397303+00:00,https://www.bing.com/search?q=site%3Awww.unesco.org+%28%22responsible+AI%22+OR+%22AI+governance%22+OR+%22AI+ethics%22%29+AND+%28implementation+OR+adoption+OR+uptake+OR+plan+OR+pilot%29+AND+%28Vietnam+OR+%22Viet+Nam%22%29+AND+%28health+OR+hospital+OR+clinical%29&first=11,200,,70929,fallback-site-UNESCO-RAM-DQ-IMPL-03-p02.body,92eb5335b6a81550aa281c5f0deff054c1446748ec21ab4169a08fee12885247,fallback-site-UNESCO-RAM-DQ-IMPL-03-p02.headers.json,4aad14349c20b10da7f615f37ca7e4b1f1799c68cafd8431730f3bbc3e274db2,[],0,0,TWO_CONSECUTIVE_NO_NEW
UNESCO-RAM,www.unesco.org,DQ-IMPL-04,"(""trí tuệ nhân tạo"" OR AI) AND (""theo dõi sau triển khai"" OR hậu kiểm OR ""giám sát sau triển khai"" OR ""đánh giá hiệu quả"") AND (y tế OR bệnh viện OR ""Sở Y tế"")",SITE_FALLBACK_LOCATOR,1,2026-08-01T04:47:44.923997+00:00,https://www.bing.com/search?q=site%3Awww.unesco.org+%28%22tr%C3%AD+tu%E1%BB%87+nh%C3%A2n+t%E1%BA%A1o%22+OR+AI%29+AND+%28%22theo+d%C3%B5i+sau+tri%E1%BB%83n+khai%22+OR+h%E1%BA%ADu+ki%E1%BB%83m+OR+%22gi%C3%A1m+s%C3%A1t+sau+tri%E1%BB%83n+khai%22+OR+%22%C4%91%C3%A1nh+gi%C3%A1+hi%E1%BB%87u+qu%E1%BA%A3%22%29+AND+%28y+t%E1%BA%BF+OR+b%E1%BB%87nh+vi%E1%BB%87n+OR+%22S%E1%BB%9F+Y+t%E1%BA%BF%22%29&first=1,200,,71365,fallback-site-UNESCO-RAM-DQ-IMPL-04-p01.body,b40a19958caa57d099a8125ebcdd89175ee7c1ecff56eab43dbf86075afcaa6c,fallback-site-UNESCO-RAM-DQ-IMPL-04-p01.headers.json,843ce72e16d4dce3f6a4814383f14de4075c0fcb3ef1475b5427fab4bcd62fcb,[],0,0,CONTINUE
UNESCO-RAM,www.unesco.org,DQ-IMPL-04,"(""trí tuệ nhân tạo"" OR AI) AND (""theo dõi sau triển khai"" OR hậu kiểm OR ""giám sát sau triển khai"" OR ""đánh giá hiệu quả"") AND (y tế OR bệnh viện OR ""Sở Y tế"")",SITE_FALLBACK_LOCATOR,2,2026-08-01T04:47:46.280599+00:00,https://www.bing.com/search?q=site%3Awww.unesco.org+%28%22tr%C3%AD+tu%E1%BB%87+nh%C3%A2n+t%E1%BA%A1o%22+OR+AI%29+AND+%28%22theo+d%C3%B5i+sau+tri%E1%BB%83n+khai%22+OR+h%E1%BA%ADu+ki%E1%BB%83m+OR+%22gi%C3%A1m+s%C3%A1t+sau+tri%E1%BB%83n+khai%22+OR+%22%C4%91%C3%A1nh+gi%C3%A1+hi%E1%BB%87u+qu%E1%BA%A3%22%29+AND+%28y+t%E1%BA%BF+OR+b%E1%BB%87nh+vi%E1%BB%87n+OR+%22S%E1%BB%9F+Y+t%E1%BA%BF%22%29&first=11,200,,71530,fallback-site-UNESCO-RAM-DQ-IMPL-04-p02.body,fceef50dbdb1270f58b5ffedc6a6fd1fd3fa9085b1f16e7a94c4ff777c6d125f,fallback-site-UNESCO-RAM-DQ-IMPL-04-p02.headers.json,239c3a904478caad30332e9beda2fc4771e167840765f81021cfc005fad0fc3c,[],0,0,TWO_CONSECUTIVE_NO_NEW
UNESCO-RAM,www.unesco.org,DQ-IMPL-05,"(""trí tuệ nhân tạo"" OR AI) AND (""báo cáo sự cố"" OR ""quản lý chất lượng"" OR kiểm toán OR thanh tra) AND (y tế OR bệnh viện OR ""Sở Y tế"")",SITE_FALLBACK_LOCATOR,1,2026-08-01T04:47:44.863479+00:00,https://www.bing.com/search?q=site%3Awww.unesco.org+%28%22tr%C3%AD+tu%E1%BB%87+nh%C3%A2n+t%E1%BA%A1o%22+OR+AI%29+AND+%28%22b%C3%A1o+c%C3%A1o+s%E1%BB%B1+c%E1%BB%91%22+OR+%22qu%E1%BA%A3n+l%C3%BD+ch%E1%BA%A5t+l%C6%B0%E1%BB%A3ng%22+OR+ki%E1%BB%83m+to%C3%A1n+OR+thanh+tra%29+AND+%28y+t%E1%BA%BF+OR+b%E1%BB%87nh+vi%E1%BB%87n+OR+%22S%E1%BB%9F+Y+t%E1%BA%BF%22%29&first=1,200,,71420,fallback-site-UNESCO-RAM-DQ-IMPL-05-p01.body,7078d132d32377f0acc08d418ee4284a198c8bc5fe66f4f5cbb25f75719d0c68,fallback-site-UNESCO-RAM-DQ-IMPL-05-p01.headers.json,bcfc6f00612ad871c2bb71b3e233c7b95b075d9c6a12a55facae4508e3219866,[],0,0,CONTINUE
UNESCO-RAM,www.unesco.org,DQ-IMPL-05,"(""trí tuệ nhân tạo"" OR AI) AND (""báo cáo sự cố"" OR ""quản lý chất lượng"" OR kiểm toán OR thanh tra) AND (y tế OR bệnh viện OR ""Sở Y tế"")",SITE_FALLBACK_LOCATOR,2,2026-08-01T04:47:46.312957+00:00,https://www.bing.com/search?q=site%3Awww.unesco.org+%28%22tr%C3%AD+tu%E1%BB%87+nh%C3%A2n+t%E1%BA%A1o%22+OR+AI%29+AND+%28%22b%C3%A1o+c%C3%A1o+s%E1%BB%B1+c%E1%BB%91%22+OR+%22qu%E1%BA%A3n+l%C3%BD+ch%E1%BA%A5t+l%C6%B0%E1%BB%A3ng%22+OR+ki%E1%BB%83m+to%C3%A1n+OR+thanh+tra%29+AND+%28y+t%E1%BA%BF+OR+b%E1%BB%87nh+vi%E1%BB%87n+OR+%22S%E1%BB%9F+Y+t%E1%BA%BF%22%29&first=11,200,,71229,fallback-site-UNESCO-RAM-DQ-IMPL-05-p02.body,9dbdc486f669a1ceab89f0dc30ef2d646e6f21ec8fc7bd7284a68377c2072ace,fallback-site-UNESCO-RAM-DQ-IMPL-05-p02.headers.json,2c1dac55df868ec94b5c25d09e172ac0e192e18da8b64cd57e1b85206a4de976,[],0,0,TWO_CONSECUTIVE_NO_NEW
UNESCO-RAM,www.unesco.org,DQ-TOOL-01,"(""đánh giá tuân thủ"" OR ""tự đánh giá"") AND (""đạo đức AI"" OR ""AI có trách nhiệm"")",SITE_FALLBACK_LOCATOR,1,2026-08-01T04:47:42.048493+00:00,https://www.bing.com/search?q=site%3Awww.unesco.org+%28%22%C4%91%C3%A1nh+gi%C3%A1+tu%C3%A2n+th%E1%BB%A7%22+OR+%22t%E1%BB%B1+%C4%91%C3%A1nh+gi%C3%A1%22%29+AND+%28%22%C4%91%E1%BA%A1o+%C4%91%E1%BB%A9c+AI%22+OR+%22AI+c%C3%B3+tr%C3%A1ch+nhi%E1%BB%87m%22%29&first=1,200,,70582,fallback-site-UNESCO-RAM-DQ-TOOL-01-p01.body,06cf6642f9fe1cd931c47386c04ad1731b0c100267cf244b76819dbecd244740,fallback-site-UNESCO-RAM-DQ-TOOL-01-p01.headers.json,4d5a43c6d49a78b3a2e689300c4afc2c4a9d85680fb61536a42a0e5e27dd4b9e,[],0,0,CONTINUE
UNESCO-RAM,www.unesco.org,DQ-TOOL-01,"(""đánh giá tuân thủ"" OR ""tự đánh giá"") AND (""đạo đức AI"" OR ""AI có trách nhiệm"")",SITE_FALLBACK_LOCATOR,2,2026-08-01T04:47:43.504561+00:00,https://www.bing.com/search?q=site%3Awww.unesco.org+%28%22%C4%91%C3%A1nh+gi%C3%A1+tu%C3%A2n+th%E1%BB%A7%22+OR+%22t%E1%BB%B1+%C4%91%C3%A1nh+gi%C3%A1%22%29+AND+%28%22%C4%91%E1%BA%A1o+%C4%91%E1%BB%A9c+AI%22+OR+%22AI+c%C3%B3+tr%C3%A1ch+nhi%E1%BB%87m%22%29&first=11,200,,70414,fallback-site-UNESCO-RAM-DQ-TOOL-01-p02.body,43223ea7b7f42b0a62fbbec67389ab3b3adb6030a44d6e27ce711977e03e43ee,fallback-site-UNESCO-RAM-DQ-TOOL-01-p02.headers.json,bbb287f29b2a9f3f0c06363b075bfe92e3ff6a934b5fd6734e645a712f04b38e,[],0,0,TWO_CONSECUTIVE_NO_NEW
UNESCO-RAM,www.unesco.org,DQ-TOOL-02,"(nền tảng OR công cụ) AND (""đánh giá tuân thủ"" OR ""đánh giá tác động"") AND (""AI"" OR ""trí tuệ nhân tạo"")",SITE_FALLBACK_LOCATOR,1,2026-08-01T04:47:44.652399+00:00,https://www.bing.com/search?q=site%3Awww.unesco.org+%28n%E1%BB%81n+t%E1%BA%A3ng+OR+c%C3%B4ng+c%E1%BB%A5%29+AND+%28%22%C4%91%C3%A1nh+gi%C3%A1+tu%C3%A2n+th%E1%BB%A7%22+OR+%22%C4%91%C3%A1nh+gi%C3%A1+t%C3%A1c+%C4%91%E1%BB%99ng%22%29+AND+%28%22AI%22+OR+%22tr%C3%AD+tu%E1%BB%87+nh%C3%A2n+t%E1%BA%A1o%22%29&first=1,200,,72814,fallback-site-UNESCO-RAM-DQ-TOOL-02-p01.body,c4eb5c0a2c42539853547c5101eefc1129b9497f0fc638545bf946f839d30008,fallback-site-UNESCO-RAM-DQ-TOOL-02-p01.headers.json,abbf549e404b77de11b4f45107e92fee9c157e37f1da6cc3c398781614f7e32c,[],0,0,CONTINUE
UNESCO-RAM,www.unesco.org,DQ-TOOL-02,"(nền tảng OR công cụ) AND (""đánh giá tuân thủ"" OR ""đánh giá tác động"") AND (""AI"" OR ""trí tuệ nhân tạo"")",SITE_FALLBACK_LOCATOR,2,2026-08-01T04:47:45.979697+00:00,https://www.bing.com/search?q=site%3Awww.unesco.org+%28n%E1%BB%81n+t%E1%BA%A3ng+OR+c%C3%B4ng+c%E1%BB%A5%29+AND+%28%22%C4%91%C3%A1nh+gi%C3%A1+tu%C3%A2n+th%E1%BB%A7%22+OR+%22%C4%91%C3%A1nh+gi%C3%A1+t%C3%A1c+%C4%91%E1%BB%99ng%22%29+AND+%28%22AI%22+OR+%22tr%C3%AD+tu%E1%BB%87+nh%C3%A2n+t%E1%BA%A1o%22%29&first=11,200,,70993,fallback-site-UNESCO-RAM-DQ-TOOL-02-p02.body,f2ad90644fcfcfe8e9cdff494faf74343148920e33b4d9f3be09a0cf0721669d,fallback-site-UNESCO-RAM-DQ-TOOL-02-p02.headers.json,4b53fb6eb6e8a8c768ae9669d30a4a67e86eaf4e6199d852dc5470a998f95abf,[],0,0,TWO_CONSECUTIVE_NO_NEW
WHO-VNM,www.who.int,DQ-EVID-01,"(""đạo đức AI"" OR ""quản trị AI"") AND (kiểm toán OR thanh tra OR giám sát)",SITE_FALLBACK_LOCATOR,1,2026-08-01T04:47:50.732667+00:00,https://www.bing.com/search?q=site%3Awww.who.int+%28%22%C4%91%E1%BA%A1o+%C4%91%E1%BB%A9c+AI%22+OR+%22qu%E1%BA%A3n+tr%E1%BB%8B+AI%22%29+AND+%28ki%E1%BB%83m+to%C3%A1n+OR+thanh+tra+OR+gi%C3%A1m+s%C3%A1t%29&first=1,200,,70045,fallback-site-WHO-VNM-DQ-EVID-01-p01.body,8fa2cc7c00463729e4c62dc6d4fc2f9e1b3afdeb09eeb1fc7f68c346859c3349,fallback-site-WHO-VNM-DQ-EVID-01-p01.headers.json,afd5f85357dec30991a3c3bb53c52f68994d72c796dff6aa99be64d8462ae3d8,[],0,0,CONTINUE
WHO-VNM,www.who.int,DQ-EVID-01,"(""đạo đức AI"" OR ""quản trị AI"") AND (kiểm toán OR thanh tra OR giám sát)",SITE_FALLBACK_LOCATOR,2,2026-08-01T04:47:52.079734+00:00,https://www.bing.com/search?q=site%3Awww.who.int+%28%22%C4%91%E1%BA%A1o+%C4%91%E1%BB%A9c+AI%22+OR+%22qu%E1%BA%A3n+tr%E1%BB%8B+AI%22%29+AND+%28ki%E1%BB%83m+to%C3%A1n+OR+thanh+tra+OR+gi%C3%A1m+s%C3%A1t%29&first=11,200,,69566,fallback-site-WHO-VNM-DQ-EVID-01-p02.body,c800f6140b815d0921bccad963d66562749aa27971d9918dc94969433a5bc564,fallback-site-WHO-VNM-DQ-EVID-01-p02.headers.json,5b585e9288e4e49c71dda25b898a7e1282f2cb03a079e4c7f29b36cbd5834c4f,[],0,0,TWO_CONSECUTIVE_NO_NEW
WHO-VNM,www.who.int,DQ-EVID-02,"(""AI"" OR ""trí tuệ nhân tạo"") AND (sự cố OR khiếu nại OR khắc phục) AND (y tế OR bệnh viện)",SITE_FALLBACK_LOCATOR,1,2026-08-01T04:47:53.525490+00:00,https://www.bing.com/search?q=site%3Awww.who.int+%28%22AI%22+OR+%22tr%C3%AD+tu%E1%BB%87+nh%C3%A2n+t%E1%BA%A1o%22%29+AND+%28s%E1%BB%B1+c%E1%BB%91+OR+khi%E1%BA%BFu+n%E1%BA%A1i+OR+kh%E1%BA%AFc+ph%E1%BB%A5c%29+AND+%28y+t%E1%BA%BF+OR+b%E1%BB%87nh+vi%E1%BB%87n%29&first=1,200,,71238,fallback-site-WHO-VNM-DQ-EVID-02-p01.body,89afbdc074174bc004e082338a8b89e31bb14ee6517646fd768266b1acbef7a2,fallback-site-WHO-VNM-DQ-EVID-02-p01.headers.json,50e7d0ced715cea313c5eb4801ce6f8f46954d2c267d53357b517d90184adb20,[],0,0,CONTINUE
WHO-VNM,www.who.int,DQ-EVID-02,"(""AI"" OR ""trí tuệ nhân tạo"") AND (sự cố OR khiếu nại OR khắc phục) AND (y tế OR bệnh viện)",SITE_FALLBACK_LOCATOR,2,2026-08-01T04:47:55.147761+00:00,https://www.bing.com/search?q=site%3Awww.who.int+%28%22AI%22+OR+%22tr%C3%AD+tu%E1%BB%87+nh%C3%A2n+t%E1%BA%A1o%22%29+AND+%28s%E1%BB%B1+c%E1%BB%91+OR+khi%E1%BA%BFu+n%E1%BA%A1i+OR+kh%E1%BA%AFc+ph%E1%BB%A5c%29+AND+%28y+t%E1%BA%BF+OR+b%E1%BB%87nh+vi%E1%BB%87n%29&first=11,200,,70911,fallback-site-WHO-VNM-DQ-EVID-02-p02.body,97cf3bc9fd901b4897dbad80504c5c0098e4bb9a225656421507a06f44993cbe,fallback-site-WHO-VNM-DQ-EVID-02-p02.headers.json,a0e9893a55094ae9bf3263610b7076807c471f1ecc5bf8d45e2c0e0680ba3135,[],0,0,TWO_CONSECUTIVE_NO_NEW
WHO-VNM,www.who.int,DQ-EVID-03,"(""AI"" OR ""trí tuệ nhân tạo"") AND (""đánh giá tác động"" OR kết quả) AND (y tế OR bệnh viện)",SITE_FALLBACK_LOCATOR,1,2026-08-01T04:47:53.565256+00:00,https://www.bing.com/search?q=site%3Awww.who.int+%28%22AI%22+OR+%22tr%C3%AD+tu%E1%BB%87+nh%C3%A2n+t%E1%BA%A1o%22%29+AND+%28%22%C4%91%C3%A1nh+gi%C3%A1+t%C3%A1c+%C4%91%E1%BB%99ng%22+OR+k%E1%BA%BFt+qu%E1%BA%A3%29+AND+%28y+t%E1%BA%BF+OR+b%E1%BB%87nh+vi%E1%BB%87n%29&first=1,200,,70986,fallback-site-WHO-VNM-DQ-EVID-03-p01.body,9c49abc1407eedf6c9177a777751bc5ad8233e849d0316848bff35bae7e0bea5,fallback-site-WHO-VNM-DQ-EVID-03-p01.headers.json,b04c1a4215a301da71953580e21a2ed20330064c6a37bf19cbcb1aaad0d28e82,[],0,0,CONTINUE
WHO-VNM,www.who.int,DQ-EVID-03,"(""AI"" OR ""trí tuệ nhân tạo"") AND (""đánh giá tác động"" OR kết quả) AND (y tế OR bệnh viện)",SITE_FALLBACK_LOCATOR,2,2026-08-01T04:47:55.176140+00:00,https://www.bing.com/search?q=site%3Awww.who.int+%28%22AI%22+OR+%22tr%C3%AD+tu%E1%BB%87+nh%C3%A2n+t%E1%BA%A1o%22%29+AND+%28%22%C4%91%C3%A1nh+gi%C3%A1+t%C3%A1c+%C4%91%E1%BB%99ng%22+OR+k%E1%BA%BFt+qu%E1%BA%A3%29+AND+%28y+t%E1%BA%BF+OR+b%E1%BB%87nh+vi%E1%BB%87n%29&first=11,200,,70864,fallback-site-WHO-VNM-DQ-EVID-03-p02.body,30768ff87fda96f25a3a7e9ae15c18c555e004935fbfab83ffe8651e8567ce8d,fallback-site-WHO-VNM-DQ-EVID-03-p02.headers.json,f1fa00895939bcebfafc479a9a9a9aa0ccaeb012fd45c7040b0533074b5fb108,[],0,0,TWO_CONSECUTIVE_NO_NEW
WHO-VNM,www.who.int,DQ-EVID-04,"(""AI ethics"" OR ""AI governance"") AND (audit OR inspection OR monitoring OR incident OR complaint OR redress OR ""impact assessment"" OR outcome OR result) AND (Vietnam OR ""Viet Nam"") AND (health OR hospital)",SITE_FALLBACK_LOCATOR,1,2026-08-01T04:47:53.524049+00:00,https://www.bing.com/search?q=site%3Awww.who.int+%28%22AI+ethics%22+OR+%22AI+governance%22%29+AND+%28audit+OR+inspection+OR+monitoring+OR+incident+OR+complaint+OR+redress+OR+%22impact+assessment%22+OR+outcome+OR+result%29+AND+%28Vietnam+OR+%22Viet+Nam%22%29+AND+%28health+OR+hospital%29&first=1,200,,71229,fallback-site-WHO-VNM-DQ-EVID-04-p01.body,35b08a9fed8505b161ae40d4fb39d746bf12a5926e122a82c8cd8155179a8efb,fallback-site-WHO-VNM-DQ-EVID-04-p01.headers.json,2d13a98d9ea9fbe5eacfe4f8b3c76dbf698cda52c08df80da50171325d6e7fd8,[],0,0,CONTINUE
WHO-VNM,www.who.int,DQ-EVID-04,"(""AI ethics"" OR ""AI governance"") AND (audit OR inspection OR monitoring OR incident OR complaint OR redress OR ""impact assessment"" OR outcome OR result) AND (Vietnam OR ""Viet Nam"") AND (health OR hospital)",SITE_FALLBACK_LOCATOR,2,2026-08-01T04:47:55.118621+00:00,https://www.bing.com/search?q=site%3Awww.who.int+%28%22AI+ethics%22+OR+%22AI+governance%22%29+AND+%28audit+OR+inspection+OR+monitoring+OR+incident+OR+complaint+OR+redress+OR+%22impact+assessment%22+OR+outcome+OR+result%29+AND+%28Vietnam+OR+%22Viet+Nam%22%29+AND+%28health+OR+hospital%29&first=11,200,,70758,fallback-site-WHO-VNM-DQ-EVID-04-p02.body,fe62856c128d403db78bbe5cdb601c8c8ca5af1d3f39a50ba503a6810ed24ee6,fallback-site-WHO-VNM-DQ-EVID-04-p02.headers.json,7fa80ef0b1750afc3f0491c1f8f9d91b86a6cac54d54b951fe06543ddc9cbcaa,[],0,0,TWO_CONSECUTIVE_NO_NEW
WHO-VNM,www.who.int,DQ-EVID-05,"(""artificial intelligence"" OR AI) AND (""post-implementation monitoring"" OR ""post-market surveillance"" OR ""incident reporting"" OR ""quality management"" OR ""effectiveness evaluation"" OR audit) AND (Vietnam OR ""Viet Nam"") AND (health OR hospital OR ""provincial health department"")",SITE_FALLBACK_LOCATOR,1,2026-08-01T04:47:53.784551+00:00,https://www.bing.com/search?q=site%3Awww.who.int+%28%22artificial+intelligence%22+OR+AI%29+AND+%28%22post-implementation+monitoring%22+OR+%22post-market+surveillance%22+OR+%22incident+reporting%22+OR+%22quality+management%22+OR+%22effectiveness+evaluation%22+OR+audit%29+AND+%28Vietnam+OR+%22Viet+Nam%22%29+AND+%28health+OR+hospital+OR+%22provincial+health+department%22%29&first=1,200,,72205,fallback-site-WHO-VNM-DQ-EVID-05-p01.body,2bf5062cb60227e0b0f3b4f02f1985a18c2dd8108cb8b8f382c77607e98a329b,fallback-site-WHO-VNM-DQ-EVID-05-p01.headers.json,4187a47cd9c420428eec049d3c774bdd8e75f21abb61b71d78a98caa2ae93d30,[],0,0,CONTINUE
WHO-VNM,www.who.int,DQ-EVID-05,"(""artificial intelligence"" OR AI) AND (""post-implementation monitoring"" OR ""post-market surveillance"" OR ""incident reporting"" OR ""quality management"" OR ""effectiveness evaluation"" OR audit) AND (Vietnam OR ""Viet Nam"") AND (health OR hospital OR ""provincial health department"")",SITE_FALLBACK_LOCATOR,2,2026-08-01T04:47:55.333967+00:00,https://www.bing.com/search?q=site%3Awww.who.int+%28%22artificial+intelligence%22+OR+AI%29+AND+%28%22post-implementation+monitoring%22+OR+%22post-market+surveillance%22+OR+%22incident+reporting%22+OR+%22quality+management%22+OR+%22effectiveness+evaluation%22+OR+audit%29+AND+%28Vietnam+OR+%22Viet+Nam%22%29+AND+%28health+OR+hospital+OR+%22provincial+health+department%22%29&first=11,200,,71930,fallback-site-WHO-VNM-DQ-EVID-05-p02.body,9fbdfbc1a9d29d58be0a902a3a5fa0d312ebc4ca5f362f8c58871ca274b46278,fallback-site-WHO-VNM-DQ-EVID-05-p02.headers.json,b5f97b419bde3fb783cce1af3f4f70164a8b4b4595c2f2bc0d6034a5fd5dad4d,[],0,0,TWO_CONSECUTIVE_NO_NEW
WHO-VNM,www.who.int,DQ-IMPL-01,"(""đạo đức AI"" OR ""AI có trách nhiệm"" OR ""quản trị AI"") AND (kế hoạch OR triển khai OR áp dụng OR thí điểm)",SITE_FALLBACK_LOCATOR,1,2026-08-01T04:47:44.767519+00:00,https://www.bing.com/search?q=site%3Awww.who.int+%28%22%C4%91%E1%BA%A1o+%C4%91%E1%BB%A9c+AI%22+OR+%22AI+c%C3%B3+tr%C3%A1ch+nhi%E1%BB%87m%22+OR+%22qu%E1%BA%A3n+tr%E1%BB%8B+AI%22%29+AND+%28k%E1%BA%BF+ho%E1%BA%A1ch+OR+tri%E1%BB%83n+khai+OR+%C3%A1p+d%E1%BB%A5ng+OR+th%C3%AD+%C4%91i%E1%BB%83m%29&first=1,200,,70933,fallback-site-WHO-VNM-DQ-IMPL-01-p01.body,365a3b687142704221e4cf0b99a856486bce45fb18c38240c841e5f407a6c104,fallback-site-WHO-VNM-DQ-IMPL-01-p01.headers.json,6d2d347f7872df1fc9e495c6c00dc87365f26e92fc16e1e25fd798343e1248a1,[],0,0,CONTINUE
WHO-VNM,www.who.int,DQ-IMPL-01,"(""đạo đức AI"" OR ""AI có trách nhiệm"" OR ""quản trị AI"") AND (kế hoạch OR triển khai OR áp dụng OR thí điểm)",SITE_FALLBACK_LOCATOR,2,2026-08-01T04:47:46.254719+00:00,https://www.bing.com/search?q=site%3Awww.who.int+%28%22%C4%91%E1%BA%A1o+%C4%91%E1%BB%A9c+AI%22+OR+%22AI+c%C3%B3+tr%C3%A1ch+nhi%E1%BB%87m%22+OR+%22qu%E1%BA%A3n+tr%E1%BB%8B+AI%22%29+AND+%28k%E1%BA%BF+ho%E1%BA%A1ch+OR+tri%E1%BB%83n+khai+OR+%C3%A1p+d%E1%BB%A5ng+OR+th%C3%AD+%C4%91i%E1%BB%83m%29&first=11,200,,71011,fallback-site-WHO-VNM-DQ-IMPL-01-p02.body,4b68ec93621aa3a77e5aba0b98bcf5569b19a3f982699bc3f874527832a28a14,fallback-site-WHO-VNM-DQ-IMPL-01-p02.headers.json,3d10240893d201d00cd01e6d40fbac20d736980c6f8350dedff14411394d6dbc,[],0,0,TWO_CONSECUTIVE_NO_NEW
WHO-VNM,www.who.int,DQ-IMPL-02,"(""đạo đức AI"" OR ""AI có trách nhiệm"" OR ""quản trị AI"") AND (""Bộ Y tế"" OR bệnh viện OR ""cơ sở khám bệnh, chữa bệnh"")",SITE_FALLBACK_LOCATOR,1,2026-08-01T04:47:47.779611+00:00,https://www.bing.com/search?q=site%3Awww.who.int+%28%22%C4%91%E1%BA%A1o+%C4%91%E1%BB%A9c+AI%22+OR+%22AI+c%C3%B3+tr%C3%A1ch+nhi%E1%BB%87m%22+OR+%22qu%E1%BA%A3n+tr%E1%BB%8B+AI%22%29+AND+%28%22B%E1%BB%99+Y+t%E1%BA%BF%22+OR+b%E1%BB%87nh+vi%E1%BB%87n+OR+%22c%C6%A1+s%E1%BB%9F+kh%C3%A1m+b%E1%BB%87nh%2C+ch%E1%BB%AFa+b%E1%BB%87nh%22%29&first=1,200,,71720,fallback-site-WHO-VNM-DQ-IMPL-02-p01.body,cb37869dc09667db3c50a3e70022d3e37723e2556295ca4e2f8ba34237018bde,fallback-site-WHO-VNM-DQ-IMPL-02-p01.headers.json,e64fbdda4577e5ca93829211eb09388fb07f91563d4745257a85f20673b14f63,[],0,0,CONTINUE
WHO-VNM,www.who.int,DQ-IMPL-02,"(""đạo đức AI"" OR ""AI có trách nhiệm"" OR ""quản trị AI"") AND (""Bộ Y tế"" OR bệnh viện OR ""cơ sở khám bệnh, chữa bệnh"")",SITE_FALLBACK_LOCATOR,2,2026-08-01T04:47:49.352395+00:00,https://www.bing.com/search?q=site%3Awww.who.int+%28%22%C4%91%E1%BA%A1o+%C4%91%E1%BB%A9c+AI%22+OR+%22AI+c%C3%B3+tr%C3%A1ch+nhi%E1%BB%87m%22+OR+%22qu%E1%BA%A3n+tr%E1%BB%8B+AI%22%29+AND+%28%22B%E1%BB%99+Y+t%E1%BA%BF%22+OR+b%E1%BB%87nh+vi%E1%BB%87n+OR+%22c%C6%A1+s%E1%BB%9F+kh%C3%A1m+b%E1%BB%87nh%2C+ch%E1%BB%AFa+b%E1%BB%87nh%22%29&first=11,200,,70934,fallback-site-WHO-VNM-DQ-IMPL-02-p02.body,6205890dbb131be1e02c2afa608700b86be42485204bc4fa5026af9a1542c559,fallback-site-WHO-VNM-DQ-IMPL-02-p02.headers.json,dda99122bc344d44cd63c2b1fcec978fdace5ffa0036b12d90347ccbceb16e9c,[],0,0,TWO_CONSECUTIVE_NO_NEW
WHO-VNM,www.who.int,DQ-IMPL-03,"(""responsible AI"" OR ""AI governance"" OR ""AI ethics"") AND (implementation OR adoption OR uptake OR plan OR pilot) AND (Vietnam OR ""Viet Nam"") AND (health OR hospital OR clinical)",SITE_FALLBACK_LOCATOR,1,2026-08-01T04:47:47.509592+00:00,https://www.bing.com/search?q=site%3Awww.who.int+%28%22responsible+AI%22+OR+%22AI+governance%22+OR+%22AI+ethics%22%29+AND+%28implementation+OR+adoption+OR+uptake+OR+plan+OR+pilot%29+AND+%28Vietnam+OR+%22Viet+Nam%22%29+AND+%28health+OR+hospital+OR+clinical%29&first=1,200,,70924,fallback-site-WHO-VNM-DQ-IMPL-03-p01.body,aee034ab70d99395e2bdd44a19b4206b30d49ea3dd7dff3961aae858390625b2,fallback-site-WHO-VNM-DQ-IMPL-03-p01.headers.json,943c0aeb4cbd057a8d166f1bb213799cd4de6094f33f0aed44ece5566e59a47f,[],0,0,CONTINUE
WHO-VNM,www.who.int,DQ-IMPL-03,"(""responsible AI"" OR ""AI governance"" OR ""AI ethics"") AND (implementation OR adoption OR uptake OR plan OR pilot) AND (Vietnam OR ""Viet Nam"") AND (health OR hospital OR clinical)",SITE_FALLBACK_LOCATOR,2,2026-08-01T04:47:49.057641+00:00,https://www.bing.com/search?q=site%3Awww.who.int+%28%22responsible+AI%22+OR+%22AI+governance%22+OR+%22AI+ethics%22%29+AND+%28implementation+OR+adoption+OR+uptake+OR+plan+OR+pilot%29+AND+%28Vietnam+OR+%22Viet+Nam%22%29+AND+%28health+OR+hospital+OR+clinical%29&first=11,200,,70721,fallback-site-WHO-VNM-DQ-IMPL-03-p02.body,8a52fba031e30efa5ae2f5f661111adfd95e5f7840f094cb97d6fda57ad203b7,fallback-site-WHO-VNM-DQ-IMPL-03-p02.headers.json,d70590c9b9774c0ec8deb948870c47eb0ff18a1c68786cefbf4d87b37bd34d57,[],0,0,TWO_CONSECUTIVE_NO_NEW
WHO-VNM,www.who.int,DQ-IMPL-04,"(""trí tuệ nhân tạo"" OR AI) AND (""theo dõi sau triển khai"" OR hậu kiểm OR ""giám sát sau triển khai"" OR ""đánh giá hiệu quả"") AND (y tế OR bệnh viện OR ""Sở Y tế"")",SITE_FALLBACK_LOCATOR,1,2026-08-01T04:47:50.760497+00:00,https://www.bing.com/search?q=site%3Awww.who.int+%28%22tr%C3%AD+tu%E1%BB%87+nh%C3%A2n+t%E1%BA%A1o%22+OR+AI%29+AND+%28%22theo+d%C3%B5i+sau+tri%E1%BB%83n+khai%22+OR+h%E1%BA%ADu+ki%E1%BB%83m+OR+%22gi%C3%A1m+s%C3%A1t+sau+tri%E1%BB%83n+khai%22+OR+%22%C4%91%C3%A1nh+gi%C3%A1+hi%E1%BB%87u+qu%E1%BA%A3%22%29+AND+%28y+t%E1%BA%BF+OR+b%E1%BB%87nh+vi%E1%BB%87n+OR+%22S%E1%BB%9F+Y+t%E1%BA%BF%22%29&first=1,200,,71564,fallback-site-WHO-VNM-DQ-IMPL-04-p01.body,b3d0f293064cecdc9334cb5f010cdde0d2e6e7ae4388219a76b83ceda5a9a86c,fallback-site-WHO-VNM-DQ-IMPL-04-p01.headers.json,4dce499a38efbf7e72c1a3e8f3ea7fe133463cc5527c8dca8679b5e636159d71,[],0,0,CONTINUE
WHO-VNM,www.who.int,DQ-IMPL-04,"(""trí tuệ nhân tạo"" OR AI) AND (""theo dõi sau triển khai"" OR hậu kiểm OR ""giám sát sau triển khai"" OR ""đánh giá hiệu quả"") AND (y tế OR bệnh viện OR ""Sở Y tế"")",SITE_FALLBACK_LOCATOR,2,2026-08-01T04:47:52.111744+00:00,https://www.bing.com/search?q=site%3Awww.who.int+%28%22tr%C3%AD+tu%E1%BB%87+nh%C3%A2n+t%E1%BA%A1o%22+OR+AI%29+AND+%28%22theo+d%C3%B5i+sau+tri%E1%BB%83n+khai%22+OR+h%E1%BA%ADu+ki%E1%BB%83m+OR+%22gi%C3%A1m+s%C3%A1t+sau+tri%E1%BB%83n+khai%22+OR+%22%C4%91%C3%A1nh+gi%C3%A1+hi%E1%BB%87u+qu%E1%BA%A3%22%29+AND+%28y+t%E1%BA%BF+OR+b%E1%BB%87nh+vi%E1%BB%87n+OR+%22S%E1%BB%9F+Y+t%E1%BA%BF%22%29&first=11,200,,70693,fallback-site-WHO-VNM-DQ-IMPL-04-p02.body,c855f95a0e890de58e41dfa386baf981c625fd3affd4b5aa3391de7db8bbb738,fallback-site-WHO-VNM-DQ-IMPL-04-p02.headers.json,8eef12d08e1502305a18afed8eba0a1d8a3aaecc99a76693bd16f92eb0f2d0e2,[],0,0,TWO_CONSECUTIVE_NO_NEW
WHO-VNM,www.who.int,DQ-IMPL-05,"(""trí tuệ nhân tạo"" OR AI) AND (""báo cáo sự cố"" OR ""quản lý chất lượng"" OR kiểm toán OR thanh tra) AND (y tế OR bệnh viện OR ""Sở Y tế"")",SITE_FALLBACK_LOCATOR,1,2026-08-01T04:47:50.643575+00:00,https://www.bing.com/search?q=site%3Awww.who.int+%28%22tr%C3%AD+tu%E1%BB%87+nh%C3%A2n+t%E1%BA%A1o%22+OR+AI%29+AND+%28%22b%C3%A1o+c%C3%A1o+s%E1%BB%B1+c%E1%BB%91%22+OR+%22qu%E1%BA%A3n+l%C3%BD+ch%E1%BA%A5t+l%C6%B0%E1%BB%A3ng%22+OR+ki%E1%BB%83m+to%C3%A1n+OR+thanh+tra%29+AND+%28y+t%E1%BA%BF+OR+b%E1%BB%87nh+vi%E1%BB%87n+OR+%22S%E1%BB%9F+Y+t%E1%BA%BF%22%29&first=1,200,,71391,fallback-site-WHO-VNM-DQ-IMPL-05-p01.body,c375b65387be181abc4291ba23c07eefcd422bfe09b8f6bc236f27005cbbac30,fallback-site-WHO-VNM-DQ-IMPL-05-p01.headers.json,e7da0cca29c672659ab73c81a7cef796035ebf6377b9fae1e3e3a5b60d3ce781,[],0,0,CONTINUE
WHO-VNM,www.who.int,DQ-IMPL-05,"(""trí tuệ nhân tạo"" OR AI) AND (""báo cáo sự cố"" OR ""quản lý chất lượng"" OR kiểm toán OR thanh tra) AND (y tế OR bệnh viện OR ""Sở Y tế"")",SITE_FALLBACK_LOCATOR,2,2026-08-01T04:47:52.050134+00:00,https://www.bing.com/search?q=site%3Awww.who.int+%28%22tr%C3%AD+tu%E1%BB%87+nh%C3%A2n+t%E1%BA%A1o%22+OR+AI%29+AND+%28%22b%C3%A1o+c%C3%A1o+s%E1%BB%B1+c%E1%BB%91%22+OR+%22qu%E1%BA%A3n+l%C3%BD+ch%E1%BA%A5t+l%C6%B0%E1%BB%A3ng%22+OR+ki%E1%BB%83m+to%C3%A1n+OR+thanh+tra%29+AND+%28y+t%E1%BA%BF+OR+b%E1%BB%87nh+vi%E1%BB%87n+OR+%22S%E1%BB%9F+Y+t%E1%BA%BF%22%29&first=11,200,,71249,fallback-site-WHO-VNM-DQ-IMPL-05-p02.body,6f2bf78286bf3e8831ec5fde05e0563ed2a8a1a15a09b9fe7c5a02112437f157,fallback-site-WHO-VNM-DQ-IMPL-05-p02.headers.json,3325da5799f0cd83300173c2639f67b7e2a38f6977e2a7c1d59478a32bd38a1d,[],0,0,TWO_CONSECUTIVE_NO_NEW
WHO-VNM,www.who.int,DQ-TOOL-01,"(""đánh giá tuân thủ"" OR ""tự đánh giá"") AND (""đạo đức AI"" OR ""AI có trách nhiệm"")",SITE_FALLBACK_LOCATOR,1,2026-08-01T04:47:47.780607+00:00,https://www.bing.com/search?q=site%3Awww.who.int+%28%22%C4%91%C3%A1nh+gi%C3%A1+tu%C3%A2n+th%E1%BB%A7%22+OR+%22t%E1%BB%B1+%C4%91%C3%A1nh+gi%C3%A1%22%29+AND+%28%22%C4%91%E1%BA%A1o+%C4%91%E1%BB%A9c+AI%22+OR+%22AI+c%C3%B3+tr%C3%A1ch+nhi%E1%BB%87m%22%29&first=1,200,,70848,fallback-site-WHO-VNM-DQ-TOOL-01-p01.body,0be1c8d97015e75bac9f1bff35a56a23a2b5e7c078e363fd5eb4d23c50ace846,fallback-site-WHO-VNM-DQ-TOOL-01-p01.headers.json,c45a476aa58776fc791a02e431a4782e2fcc7a8ff9c1346a6c3108e2512d588d,[],0,0,CONTINUE
WHO-VNM,www.who.int,DQ-TOOL-01,"(""đánh giá tuân thủ"" OR ""tự đánh giá"") AND (""đạo đức AI"" OR ""AI có trách nhiệm"")",SITE_FALLBACK_LOCATOR,2,2026-08-01T04:47:49.328217+00:00,https://www.bing.com/search?q=site%3Awww.who.int+%28%22%C4%91%C3%A1nh+gi%C3%A1+tu%C3%A2n+th%E1%BB%A7%22+OR+%22t%E1%BB%B1+%C4%91%C3%A1nh+gi%C3%A1%22%29+AND+%28%22%C4%91%E1%BA%A1o+%C4%91%E1%BB%A9c+AI%22+OR+%22AI+c%C3%B3+tr%C3%A1ch+nhi%E1%BB%87m%22%29&first=11,200,,71032,fallback-site-WHO-VNM-DQ-TOOL-01-p02.body,7a6e9b76198a0e3356eaa6fe286bdc4e37f3aa18a20061cf99a2204b5de23ea5,fallback-site-WHO-VNM-DQ-TOOL-01-p02.headers.json,245febf69adf97b060d1728e0a74bdfe537cc5bb9c8ea8aee91761578f5ae18f,[],0,0,TWO_CONSECUTIVE_NO_NEW
WHO-VNM,www.who.int,DQ-TOOL-02,"(nền tảng OR công cụ) AND (""đánh giá tuân thủ"" OR ""đánh giá tác động"") AND (""AI"" OR ""trí tuệ nhân tạo"")",SITE_FALLBACK_LOCATOR,1,2026-08-01T04:47:50.447607+00:00,https://www.bing.com/search?q=site%3Awww.who.int+%28n%E1%BB%81n+t%E1%BA%A3ng+OR+c%C3%B4ng+c%E1%BB%A5%29+AND+%28%22%C4%91%C3%A1nh+gi%C3%A1+tu%C3%A2n+th%E1%BB%A7%22+OR+%22%C4%91%C3%A1nh+gi%C3%A1+t%C3%A1c+%C4%91%E1%BB%99ng%22%29+AND+%28%22AI%22+OR+%22tr%C3%AD+tu%E1%BB%87+nh%C3%A2n+t%E1%BA%A1o%22%29&first=1,200,,71008,fallback-site-WHO-VNM-DQ-TOOL-02-p01.body,40ae39e25bc377f7c0ee47f6051a4b1bf1ff87812b069621d95d39bafe65eb11,fallback-site-WHO-VNM-DQ-TOOL-02-p01.headers.json,4a91992bbdfe2d87e1a02fd2546d74100e4cc73229c0ae46281af5b98b98ab7e,[],0,0,CONTINUE
WHO-VNM,www.who.int,DQ-TOOL-02,"(nền tảng OR công cụ) AND (""đánh giá tuân thủ"" OR ""đánh giá tác động"") AND (""AI"" OR ""trí tuệ nhân tạo"")",SITE_FALLBACK_LOCATOR,2,2026-08-01T04:47:51.889714+00:00,https://www.bing.com/search?q=site%3Awww.who.int+%28n%E1%BB%81n+t%E1%BA%A3ng+OR+c%C3%B4ng+c%E1%BB%A5%29+AND+%28%22%C4%91%C3%A1nh+gi%C3%A1+tu%C3%A2n+th%E1%BB%A7%22+OR+%22%C4%91%C3%A1nh+gi%C3%A1+t%C3%A1c+%C4%91%E1%BB%99ng%22%29+AND+%28%22AI%22+OR+%22tr%C3%AD+tu%E1%BB%87+nh%C3%A2n+t%E1%BA%A1o%22%29&first=11,200,,71198,fallback-site-WHO-VNM-DQ-TOOL-02-p02.body,87cbfb7f14fab6b72651097cf45e5b5462ccf437ef44a9610d4a09c982a885b7,fallback-site-WHO-VNM-DQ-TOOL-02-p02.headers.json,62b7a6004432e259b00f4ec2604faafd4f161f75a5f4c5eceece44457f271966,[],0,0,TWO_CONSECUTIVE_NO_NEW
